{"type":"FeatureCollection","features":[{"type":"Feature","properties":{"id":"18063","name":"Hendricks"},"geometry":{"type":"Polygon","coordinates":[[[-86.3280119996801,39.85926899992035],[-86.32807799980235,39.8623990000576],[-86.32808200000031,39.86379999993188],[-86.32809000039622,39.864246999881495],[-86.32811299996244,39.865614999703936],[-86.32812100035835,39.86612500027559],[-86.32692499955876,39.86614100004562],[-86.32598800012357,39.866153999812965],[-86.32540599961727,39.86617600026216],[-86.32537300000533,39.86617600026216],[-86.32541599966304,39.86672900021026],[-86.32561400002974,39.86881699992201],[-86.32574600027422,39.87033100004224],[-86.32586299955179,39.8715800002528],[-86.32590000026002,39.87196900020464],[-86.32591100013067,39.872135000129255],[-86.3259270000242,39.872360000067005],[-86.3259479999406,39.87264400012662],[-86.32598700029867,39.87349200011394],[-86.32599599962116,39.87404899968609],[-86.32599499979627,39.87500500013248],[-86.32599200032152,39.87714800017731],[-86.32602099973552,39.88005100018378],[-86.32602400010857,39.8807360002412],[-86.32605099987276,39.882050999736336],[-86.3260269995833,39.88217200027229],[-86.32602199956044,39.88219900015766],[-86.32601200041302,39.88222600003243],[-86.3259970003444,39.88225299989654],[-86.3259639998341,39.882288999698766],[-86.32591199995558,39.882319999743146],[-86.32588900038937,39.882328999686706],[-86.32591699997846,39.884968999682854],[-86.32594600029077,39.88785599991849],[-86.32594700011569,39.88791500004761],[-86.32598099955256,39.89122200026603],[-86.32598399992561,39.8914399996691],[-86.32606699976627,39.89951599988436],[-86.32607299961407,39.89987900003301],[-86.32609199988063,39.90212199974234],[-86.32609899955332,39.902384000037976],[-86.32610199992638,39.902585000311596],[-86.32610699994925,39.902972000257854],[-86.32610199992638,39.90315600017614],[-86.32607099996424,39.90431300002114],[-86.32606400029155,39.904575000208055],[-86.32606699976627,39.90463199993191],[-86.32607299961407,39.90467399977066],[-86.3261379999114,39.9060180003103],[-86.32615600035305,39.906382000340855],[-86.32618999978995,39.908641000284504],[-86.32619099961484,39.908681000054926],[-86.32619800018585,39.90925699994753],[-86.32619900001076,39.909324000273735],[-86.32620400003363,39.909620000169696],[-86.32621800027732,39.91061100033088],[-86.32622900014798,39.91131100002794],[-86.32623400017087,39.911673999701115],[-86.32623400017087,39.91175900015902],[-86.32623400017087,39.91178799969126],[-86.32626299958487,39.913585999765765],[-86.32625799956199,39.91368500008702],[-86.32624699969134,39.914143000197875],[-86.32624000001864,39.91438400030819],[-86.32623300034594,39.914626000011644],[-86.32621200042955,39.915318999756245],[-86.32621200042955,39.9155770002382],[-86.32621200042955,39.91572299976517],[-86.32626199975995,39.917046000312666],[-86.32626799960775,39.91718799991605],[-86.3262729996306,39.91732900020132],[-86.32634200012589,39.919153000297406],[-86.32636300004228,39.91996100023545],[-86.3263859996085,39.920900999697125],[-86.32639400000444,39.921033999891556],[-86.32637100043821,39.92116299982298],[-86.32629400044532,39.92186499982042],[-86.32629299972209,39.92402899976475],[-86.32948399976591,39.92416399999835],[-86.32960299959161,39.924169000129474],[-86.33015400013574,39.924153000121926],[-86.33019599996852,39.924153999735026],[-86.33030899994645,39.924156000338925],[-86.33064899970505,39.924165000300164],[-86.3307630004062,39.924167999827716],[-86.33079500019325,39.924169000129474],[-86.33092400006467,39.92416299969653],[-86.33140699993842,39.92414499977234],[-86.33156799959691,39.924139000026216],[-86.33162500039663,39.92413700011069],[-86.33190599970571,39.92413700011069],[-86.33292199968194,39.92413700011069],[-86.33324200024741,39.92413700011069],[-86.33326099961566,39.924139000026216],[-86.33334299963143,39.92414699968758],[-86.33356199991454,39.924169000129474],[-86.33359100022686,39.924169000129474],[-86.33367400006753,39.924169000129474],[-86.33375699990822,39.924169000129474],[-86.33394000020633,39.924169000129474],[-86.33400600032856,39.924169000129474],[-86.33408900016924,39.924169000129474],[-86.33428800036086,39.92416700021482],[-86.33488800041049,39.924162000083555],[-86.33508800042704,39.924160999781705],[-86.33528400024561,39.924160999781705],[-86.3355500003844,39.924160999781705],[-86.33587500007441,39.924158999866876],[-86.3360719997179,39.924158999866876],[-86.33689699989841,39.924147999989636],[-86.33937400008979,39.924119000179665],[-86.34020000009522,39.92411000021244],[-86.34033999983733,39.92411999979327],[-86.34054499987674,39.92411999979327],[-86.34092999984118,39.92411999979327],[-86.34102299972761,39.92411999979327],[-86.34211999989469,39.92413000006156],[-86.34349499989614,39.92413000006156],[-86.34432000007665,39.92413000006156],[-86.34439600024463,39.92413000006156],[-86.34462399985027,39.92413000006156],[-86.34470000001824,39.92413000006156],[-86.34681200033666,39.924110999826105],[-86.35183299976826,39.924069000193406],[-86.35314900021845,39.92405800030177],[-86.35526200036178,39.92404099996468],[-86.35576000030414,39.92403599982421],[-86.35725400013128,39.92402300000847],[-86.35775299989855,39.92401900017064],[-86.3594030002596,39.92400399974333],[-86.35996200030134,39.92399900028908],[-86.36221600001164,39.92398000001728],[-86.36435300044441,39.92396000012434],[-86.36600399973204,39.923945999989115],[-86.36603999971706,39.923944999684096],[-86.36609599979356,39.923944999684096],[-86.36615100004514,39.92394400006795],[-86.36618799985507,39.92394400006795],[-86.36664800016261,39.923942999762914],[-86.3680290000118,39.92394099984171],[-86.36819700024131,39.92394099984171],[-86.36849000014428,39.92394000022555],[-86.36859399990134,39.92393800030422],[-86.36890600007087,39.92393199985103],[-86.36900999982795,39.923929999929506],[-86.37190999961862,39.923897999799024],[-86.37497599998899,39.92386500003634],[-86.38061300026206,39.92384599972735],[-86.38351399987768,39.92383699972418],[-86.38374900005431,39.92383299987553],[-86.38445799988388,39.92382300025273],[-86.38469399988541,39.92382000002119],[-86.38518699980492,39.92381299993959],[-86.38638199988131,39.923807999782476],[-86.39056499961191,39.92379299999787],[-86.39144800041707,39.92379100007229],[-86.39287899959668,39.923787000220905],[-86.39313700023784,39.92378599991357],[-86.39405100010684,39.9237820000619],[-86.39679500026192,39.9237739996689],[-86.39770999995581,39.92377199974276],[-86.39985499988617,39.92376499965631],[-86.40003599963615,39.92376400003754],[-86.40343799956715,39.923753000096895],[-86.40362800043627,39.92375199978906],[-86.40701600012359,39.92374000022737],[-86.40934299962883,39.923733000137645],[-86.40987200043166,39.92373100021027],[-86.4114599999701,39.92372600004717],[-86.41198999969953,39.92372499973894],[-86.4154019996763,39.92371100024459],[-86.42564000015473,39.9236710002957],[-86.4290529999564,39.92365799972167],[-86.42941600017956,39.92362400022254],[-86.43050599977563,39.923522999868226],[-86.43086999982371,39.92348999992479],[-86.43101999961154,39.92348999992479],[-86.43124999976531,39.92348000025195],[-86.43223999980226,39.923460000212955],[-86.43355999955213,39.923460000212955],[-86.43460999986353,39.923440000168114],[-86.43466500011512,39.92343899985571],[-86.43664000016618,39.923409999745445],[-86.44005999964054,39.9233799999985],[-86.44191000001813,39.92337000030959],[-86.44315000030035,39.923350000238464],[-86.44537999972121,39.9233300001615],[-86.44605299956577,39.92332600028317],[-86.44735999979513,39.92331999977635],[-86.44818999999853,39.92331999977635],[-86.44905000033914,39.92331000007868],[-86.4498500004053,39.92329700012504],[-86.45025999958581,39.92328999999003],[-86.45143000044615,39.923280000287924],[-86.45174900028837,39.923277999658424],[-86.45370000004999,39.92326999989548],[-86.4549400003322,39.92326000019051],[-86.45745000013555,39.923231000004414],[-86.45934999984352,39.923210000265875],[-86.4594260000115,39.923210000265875],[-86.45965500034038,39.923210000265875],[-86.45973200033328,39.923210000265875],[-86.46049999971406,39.923210000265875],[-86.46096400021958,39.92320500006472],[-86.46142000032916,39.9232010001791],[-86.46156000007123,39.9231999998632],[-86.46214000002938,39.9231999998632],[-86.46324999971694,39.92317000002425],[-86.4640299996916,39.92317000002425],[-86.46469000001568,39.92316000030467],[-86.4650499998658,39.92316000030467],[-86.46543999985315,39.9231400001722],[-86.4664859999666,39.9231400001722],[-86.46657999967793,39.9231400001722],[-86.46700999984824,39.923129999759304],[-86.46726900031432,39.923129999759304],[-86.4681399996273,39.923129999759304],[-86.46817300013755,39.92311699977149],[-86.46833999964383,39.9230499998482],[-86.468450000147,39.92290000019358],[-86.46855999975186,39.922820000013736],[-86.46867000025503,39.92278000023322],[-86.4688500001801,39.92276999976774],[-86.46886799972343,39.92276999976774],[-86.46972999971386,39.92276999976774],[-86.4713220003486,39.92277800027804],[-86.47149999972551,39.92278000023322],[-86.4721399999581,39.92276999976774],[-86.47233999997465,39.92276700017894],[-86.47281000032794,39.922759999989744],[-86.47294000002427,39.922756000078124],[-86.47314000004081,39.922750000210286],[-86.47498299984738,39.922763000267736],[-86.48051299999035,39.92280199973648],[-86.48235699962183,39.92281600010563],[-86.48331599969666,39.9228129998299],[-86.4861929999211,39.9228080002887],[-86.48715299982085,39.922806999967065],[-86.48740600043915,39.92280500001263],[-86.48816600032234,39.92280199973648],[-86.48841999986725,39.92280199973648],[-86.49005599998459,39.92279700019447],[-86.49496400033661,39.92278299982144],[-86.49660100027887,39.922778999911166],[-86.49848500009332,39.922861000091714],[-86.50000800023275,39.92292800019994],[-86.50414099973466,39.92291700012499],[-86.50602799992215,39.92291199990244],[-86.50611499996079,39.922911000271256],[-86.50638000027466,39.922911000271256],[-86.5064680001382,39.922911000271256],[-86.50661299990315,39.922911000271256],[-86.50683700020915,39.92290999995112],[-86.50706099961681,39.92290900031987],[-86.50828699965534,39.92290499972806],[-86.51374599965318,39.92288799979362],[-86.51556599989354,39.9228830002579],[-86.51845200033883,39.92287200017571],[-86.52711300025116,39.922842999825285],[-86.52999999962304,39.92283399969027],[-86.53086099978859,39.92283100010428],[-86.5334469997599,39.92282399992162],[-86.53430899975035,39.92282199996768],[-86.53497999994508,39.922820000013736],[-86.53618900026517,39.92281600010563],[-86.54182900001298,39.92279799982731],[-86.54371000035269,39.92279199996316],[-86.5474910004004,39.922778999911166],[-86.55883700001826,39.92274400034187],[-86.56261899989087,39.922731999914625],[-86.57615700019306,39.92269200008275],[-86.58127999973193,39.92281200019728],[-86.58138199983918,39.92281600010563],[-86.58158400040386,39.922820000013736],[-86.58319000038396,39.92276900013448],[-86.58366599968672,39.92275800003399],[-86.58432000016303,39.922750000210286],[-86.58469000005887,39.922750000210286],[-86.58631000028268,39.922750000210286],[-86.58713000044034,39.922739999740436],[-86.58734999965006,39.92272999995805],[-86.58742099979516,39.92272999995805],[-86.5876340002305,39.92273300023736],[-86.58770600020053,39.922733999871134],[-86.58820999999068,39.922739999740436],[-86.58885100004817,39.92273100028081],[-86.58974999984855,39.92272000017416],[-86.59220000027574,39.92272000017416],[-86.59228899996421,39.922718999851234],[-86.59309999990103,39.922709999699926],[-86.59343499963678,39.922712999980156],[-86.59392400025664,39.922716999894284],[-86.5941400001667,39.92272000017416],[-86.59511000011219,39.92269999991317],[-86.59538999959635,39.92269999991317],[-86.59588000004112,39.92269999991317],[-86.59631699988412,39.92269599999804],[-86.59762800031146,39.922684999885824],[-86.59806599997937,39.9226820002933],[-86.59825000010237,39.92268000033527],[-86.5991599997734,39.92268000033527],[-86.59949000038459,39.92268000033527],[-86.6003289999105,39.92269999991317],[-86.60704400008409,39.92270799974271],[-86.6103530001287,39.92271499993722],[-86.61198199967501,39.92273700015032],[-86.61225000036194,39.92272999995805],[-86.61228200014898,39.92272900032416],[-86.61282399957399,39.922712999980156],[-86.61291900000855,39.922709000065794],[-86.61377799962592,39.922688999801586],[-86.61480799984585,39.92267900001176],[-86.6156060002622,39.92268000033527],[-86.6156899999278,39.92268000033527],[-86.61603999973217,39.9226820002933],[-86.6165429996974,39.92268600020925],[-86.6179930000419,39.92269799995566],[-86.61813000030925,39.92269999991317],[-86.61834200002136,39.92269999991317],[-86.61854399968773,39.92269999991317],[-86.61869000017592,39.92269999991317],[-86.61878700026028,39.92267900001176],[-86.61893000037543,39.92264899994453],[-86.61912000034621,39.92262899966279],[-86.61921999990534,39.92263900014886],[-86.61942699959457,39.92264699998553],[-86.61947799964821,39.92265099990352],[-86.62109200002422,39.92276700017894],[-86.62124699983491,39.92276399990113],[-86.6217160003633,39.92275800003399],[-86.6218719999989,39.92275699971157],[-86.6224979999878,39.92275899966741],[-86.62314099969514,39.922761000312065],[-86.62437599995447,39.9227650002234],[-86.62500299976827,39.92276700017894],[-86.62525200018862,39.9227650002234],[-86.62600200002606,39.922761999945436],[-86.62625200027132,39.922761000312065],[-86.62651000001418,39.92276399990113],[-86.62728400014107,39.92277600032276],[-86.62754299970887,39.92278000023322],[-86.62759200011266,39.922778999911166],[-86.62773900042575,39.922778999911166],[-86.62778899975615,39.922778999911166],[-86.62785599970329,39.92277800027804],[-86.6280590000929,39.92277800027804],[-86.62812699986495,39.92277800027804],[-86.6281389995605,39.92277800027804],[-86.62817700009366,39.92277800027804],[-86.62818999961414,39.92277800027804],[-86.62834899962279,39.92278499977646],[-86.62857700012675,39.922795999872676],[-86.62879600040986,39.922806000334354],[-86.62898700020557,39.92281499978411],[-86.62900399992401,39.92281499978411],[-86.6293200002915,39.92281000024299],[-86.62954000039953,39.922820000013736],[-86.62999999980876,39.922820000013736],[-86.63028000019123,39.92282999978297],[-86.63058599961468,39.922825000243],[-86.63080499989779,39.92282199996768],[-86.63101300031026,39.922814000151455],[-86.63108399955705,39.922808999921386],[-86.63112999958781,39.922820000013736],[-86.6313129998859,39.9228129998299],[-86.63140999997027,39.92281000024299],[-86.63171100026916,39.92280500001263],[-86.63207000029436,39.9227999997819],[-86.63224600002145,39.9227999997819],[-86.6326140002675,39.9227999997819],[-86.63291600039129,39.9227999997819],[-86.63308000042282,39.9227999997819],[-86.63357499999215,39.9227999997819],[-86.63373999984857,39.9227999997819],[-86.63384899962851,39.9227999997819],[-86.63417699969158,39.9227999997819],[-86.63428700019475,39.9227999997819],[-86.63441199986823,39.9227999997819],[-86.63508999973565,39.9227999997819],[-86.63603000044222,39.9227999997819],[-86.63660200000443,39.92281000024299],[-86.63749900015497,39.92280300005819],[-86.63788999996721,39.9227999997819],[-86.6383030004191,39.92280399969095],[-86.63838500043487,39.92280399969095],[-86.63856199998688,39.922806000334354],[-86.63863300013199,39.922806999967065],[-86.63871599997265,39.9228080002887],[-86.63879999963825,39.9228080002887],[-86.63905499990638,39.9228109998757],[-86.63914000029519,39.92281200019728],[-86.63998999969175,39.922820000013736],[-86.64116399985173,39.92283899991852],[-86.64178999984063,39.922850000005994],[-86.64355999985226,39.922879999985106],[-86.64519000012181,39.92290000019358],[-86.64639000022106,39.922930000150785],[-86.64723499959476,39.9229430001741],[-86.64821999960884,39.92296000009484],[-86.64925999987453,39.922967999894006],[-86.64952000016552,39.92296999984363],[-86.65085300033417,39.92299599987262],[-86.65102999988616,39.92299999977021],[-86.65216999971096,39.92301000020209],[-86.65331999958148,39.9230400001111],[-86.65563500028948,39.92307700016452],[-86.65580000014593,39.923079999739734],[-86.65630999978387,39.92309000015993],[-86.65723000039894,39.92309000015993],[-86.6583400000865,39.923079999739734],[-86.65866899997447,39.92307500021798],[-86.65981999966992,39.923060000272784],[-86.66098999963194,39.9230400001111],[-86.66230000023435,39.92301000020209],[-86.66298800014752,39.92300100008903],[-86.66312000039201,39.92299999977021],[-86.66442800044628,39.92298099991011],[-86.66447000027907,39.922980000279885],[-86.66567000037831,39.92296000009484],[-86.66680799965498,39.9229370003226],[-86.66717000005322,39.922930000150785],[-86.66873000000257,39.92291999970721],[-86.66998000033054,39.92288999974563],[-86.67039999955679,39.92287000022318],[-86.67098999956067,39.92287000022318],[-86.67244999995093,39.92284000023969],[-86.67317999969688,39.92284000023969],[-86.6739489998009,39.92283199973662],[-86.6741599996881,39.92282999978297],[-86.6753000004112,39.92281000024299],[-86.67632999973281,39.9227999997819],[-86.67680199973594,39.92279100033018],[-86.67690999969096,39.922790000008284],[-86.67751999978633,39.922790000008284],[-86.6782210001183,39.92278400014342],[-86.67869499977121,39.922780999866305],[-86.67883000038874,39.92278000023322],[-86.67898000017657,39.92278000023322],[-86.6791579995535,39.92278000023322],[-86.67925999966074,39.92278000023322],[-86.67980000033423,39.922790000008284],[-86.68054599997372,39.922790000008284],[-86.68100999958091,39.922790000008284],[-86.68157000034587,39.9227999997819],[-86.68276000039937,39.92278000023322],[-86.68363200043555,39.92278000023322],[-86.68416999966259,39.92278000023322],[-86.68569000032727,39.922790000008284],[-86.68695999984841,39.922790000008284],[-86.68846999956905,39.92278000023322],[-86.69032999999239,39.92278000023322],[-86.6914990001295,39.92277100008992],[-86.69168999992522,39.92276999976774],[-86.69326999996603,39.92278000023322],[-86.69412199991075,39.92278000023322],[-86.69431000023172,39.92278000023322],[-86.69457999967014,39.92276999976774],[-86.69488099996903,39.92276999976774],[-86.69507099993983,39.92276999976774],[-86.69531000031442,39.92272999995805],[-86.69528900039802,39.922220000163634],[-86.69522099972767,39.921637000127596],[-86.69520700038225,39.92152400033685],[-86.69514399973475,39.92070099977832],[-86.69514100026002,39.92066100013782],[-86.69519300013856,39.91570699985107],[-86.6952800001772,39.90886099976645],[-86.69528500020006,39.908609999740094],[-86.6952869998499,39.908497999656674],[-86.69529000022294,39.90831299977005],[-86.69529100004786,39.908218000025215],[-86.69533399970557,39.90475800005997],[-86.69528799967482,39.90135600003391],[-86.69528299965194,39.90134200010172],[-86.69527099995636,39.90130899980719],[-86.69527099995636,39.90116800031179],[-86.69523699962117,39.900036000245805],[-86.69521400005496,39.89748899978086],[-86.69518499974265,39.89550999981487],[-86.69517800006994,39.893976999721794],[-86.69517800006994,39.893911000293926],[-86.69528400037517,39.89396499976785],[-86.69508099998556,39.879341999977505],[-86.69508000016066,39.87924500020472],[-86.69501800023637,39.875083999980745],[-86.69512700001631,39.86484499968876],[-86.69511199994773,39.86484499968876],[-86.69506699974187,39.86484499968876],[-86.69505199967324,39.86484499968876],[-86.69480999982392,39.86484600016718],[-86.69366099977829,39.86483499973022],[-86.69340999970814,39.86483499973022],[-86.68848399981276,39.86484000005441],[-86.68684299967255,39.8648420003219],[-86.68684299967255,39.86481300023],[-86.68684900041865,39.86472699967142],[-86.68684299967255,39.86469699973982],[-86.68684699987051,39.86326199975883],[-86.68685199989336,39.86209799979713],[-86.68685000024355,39.860850999723596],[-86.68685000024355,39.858958000285476],[-86.68685100006847,39.85752400016504],[-86.68684600004559,39.857227000187166],[-86.6868319998019,39.856338999865855],[-86.68682799960393,39.856043000193765],[-86.68682900032717,39.85550000026262],[-86.68683599999986,39.85387400005533],[-86.68683799964967,39.8536200001824],[-86.68683599999986,39.853333000118],[-86.68683000015209,39.85241100009318],[-86.68682599995412,39.85158399984558],[-86.68682900032717,39.849648000225386],[-86.68683000015209,39.849322000217484],[-86.68684199984763,39.84872699969391],[-86.68683599999986,39.848249999807315],[-86.6868319998019,39.84727400014128],[-86.68682799960393,39.846083999818454],[-86.68681599990838,39.84503300013768],[-86.68682299958107,39.84419400028229],[-86.68681699973328,39.84291499974859],[-86.68681599990838,39.842499999712935],[-86.68682400030428,39.841463000096056],[-86.68681900028142,39.84073899972724],[-86.68681300043363,39.83985200008306],[-86.68681400025855,39.83857000024016],[-86.68681599990838,39.83784699990254],[-86.68681599990838,39.837385999879736],[-86.68681900028142,39.83625199974486],[-86.68681699973328,39.8360059998062],[-86.68681400025855,39.835546000057924],[-86.68681000006059,39.834957999678494],[-86.6868030003879,39.834500999812434],[-86.68675999983186,39.83390599984676],[-86.68670399975537,39.83277500027733],[-86.68667600016627,39.83184399974493],[-86.68666699994546,39.83067399989379],[-86.6866769999912,39.83049100030469],[-86.68667600016627,39.83045200004654],[-86.68667100014342,39.82977400019206],[-86.68667100014342,39.82874199969982],[-86.6866700003185,39.82846199997289],[-86.68664500020415,39.8279160002929],[-86.68665299970175,39.827314999913966],[-86.68668299983898,39.827068000053245],[-86.6867759997254,39.82656599972544],[-86.68679599981688,39.826379999873836],[-86.68680900023568,39.825736999986646],[-86.68681000006059,39.82476999966953],[-86.68680699968753,39.823243999788254],[-86.68681199971041,39.81967600022315],[-86.68681500008346,39.818396999860006],[-86.68681500008346,39.818310999797134],[-86.68681199971041,39.81650099993536],[-86.6868109998855,39.815064000221255],[-86.6868040002128,39.813202999746856],[-86.68680699968753,39.81288900026799],[-86.68681000006059,39.81259900013443],[-86.6868040002128,39.811088999964966],[-86.68680699968753,39.80946600018315],[-86.68679199961892,39.808126999984516],[-86.68679099979403,39.80697700018883],[-86.68679099979403,39.80528099968525],[-86.68679800036503,39.80446400032657],[-86.6867969996418,39.803802999876055],[-86.68679599981688,39.802461999790836],[-86.68678800031928,39.80117099971736],[-86.68678599977115,39.800788999760556],[-86.68678800031928,39.799316000284186],[-86.68677700044863,39.79670700026571],[-86.68678400012132,39.79541300018481],[-86.68678800031928,39.793277999849906],[-86.68679499999199,39.79068299968708],[-86.68679499999199,39.79064700015346],[-86.68678900014419,39.789462000041226],[-86.68679099979403,39.789013999696316],[-86.6867969996418,39.78783899988501],[-86.68679099979403,39.78557799988638],[-86.6867969996418,39.78452200032061],[-86.6867969996418,39.784117000311554],[-86.68680099983976,39.78284000031723],[-86.6868040002128,39.782484999788686],[-86.68680800041076,39.78205199999392],[-86.68679900018994,39.78111799966362],[-86.68680000001484,39.779873999971365],[-86.68681400025855,39.77611100023885],[-86.68681699973328,39.77455200021106],[-86.6868329996268,39.770108999838875],[-86.68683500017495,39.767162999820535],[-86.68682799960393,39.766040999918516],[-86.68684000019782,39.76306499971229],[-86.68684299967255,39.76294200008362],[-86.68684500022069,39.76217200013797],[-86.68685199989336,39.76190799985157],[-86.68684799969542,39.761709000271885],[-86.68682199975616,39.7608190001426],[-86.68681400025855,39.75904600023055],[-86.68681300043363,39.75895100029213],[-86.68681199971041,39.75883799972954],[-86.68681199971041,39.758726000315114],[-86.68679300034215,39.753599000238744],[-86.68677999992336,39.75009600009035],[-86.68686500031217,39.747915999922434],[-86.68686699996199,39.74787099982122],[-86.68693200025932,39.74622700033002],[-86.68693200025932,39.746104000329794],[-86.68695900002349,39.73888099977835],[-86.68695999984841,39.738455999869544],[-86.6870009998563,39.727864000274025],[-86.68706500032872,39.71910199991637],[-86.68706699997854,39.71885999966471],[-86.68707299982633,39.71779400025145],[-86.68707500037445,39.717747999973334],[-86.68707399965125,39.71758100029807],[-86.68707600019937,39.71724500000764],[-86.68708299987206,39.71580499986693],[-86.687091000268,39.71429599966321],[-86.68710399978845,39.71148500011691],[-86.68711200018438,39.7100459999386],[-86.68711800003217,39.70854600012466],[-86.68713800012364,39.70404900006644],[-86.68714499979635,39.702584999784385],[-86.68714099959838,39.702549999881825],[-86.68714099959838,39.7025280002697],[-86.68713999977346,39.702505999959456],[-86.68713800012364,39.70247500032711],[-86.68713200027587,39.7023840001221],[-86.68713099955262,39.70235399982314],[-86.687119999682,39.701604999950156],[-86.687119999682,39.701316000246095],[-86.68712499970485,39.69926500021133],[-86.68713200027587,39.698205000181986],[-86.68713700029875,39.69760000026848],[-86.68713800012364,39.69716799987013],[-86.68715099964413,39.69323199995579],[-86.6871620004131,39.691965999866554],[-86.68717599975848,39.68814099983976],[-86.68720199969775,39.684408000298056],[-86.68725199992646,39.674011999888414],[-86.68726199997221,39.67255299983555],[-86.68726399962203,39.671528000122954],[-86.68727100019305,39.670518000225975],[-86.68727299984286,39.67011300001169],[-86.68728100023878,39.66890099995343],[-86.68728399971351,39.668524999863415],[-86.68728399971351,39.668496999818984],[-86.68728700008656,39.666699000223915],[-86.6872960003074,39.662953999781564],[-86.68729899978213,39.66147099973541],[-86.68729999960705,39.66130600007483],[-86.68730899982788,39.6602009996554],[-86.68730800000296,39.65982599994435],[-86.68730800000296,39.659509000091695],[-86.68730800000296,39.65948599989527],[-86.68730999965278,39.65923900006972],[-86.68731100037601,39.65900700028919],[-86.68731200020092,39.65879800016293],[-86.68730600035315,39.65798300020468],[-86.68730800000296,39.655850999910434],[-86.68730899982788,39.65573200012096],[-86.68731800004869,39.65418799968629],[-86.68732300007157,39.65233399984611],[-86.68733399994224,39.65065499997774],[-86.68734200033816,39.64765799979695],[-86.68735300020882,39.646349999834406],[-86.68734700036103,39.64567999969177],[-86.68734200033816,39.645030000183674],[-86.68734200033816,39.644879000326824],[-86.68734499981288,39.64173500005359],[-86.68734999983575,39.64122200029734],[-86.68735300020882,39.640915999808],[-86.68735400003371,39.640239000345524],[-86.68735599968353,39.63983399977558],[-86.68735700040676,39.639557999985776],[-86.68736999992726,39.63775199968355],[-86.6873809997979,39.63562800024442],[-86.68737800032316,39.63480300020207],[-86.6873809997979,39.63456900000384],[-86.68739099984364,39.634030000254974],[-86.68738400017095,39.63305099996548],[-86.68738499999584,39.63290599983503],[-86.68738800036891,39.63241200031521],[-86.68740099988938,39.63092999996217],[-86.68740599991224,39.630436999906365],[-86.68734800018593,39.6304360001693],[-86.68653499970098,39.630433000266216],[-86.68454999960419,39.63041299998657],[-86.68371600010114,39.63040799991575],[-86.68339999973365,39.630410000082485],[-86.6822420003655,39.63039999994005],[-86.681417000185,39.63039299970114],[-86.68084100042482,39.63039299970114],[-86.67599900019502,39.63034499982274],[-86.67464400028508,39.63033499967092],[-86.67283999993826,39.630314000315984],[-86.67115799979017,39.63030999997686],[-86.67085800021452,39.63030799980723],[-86.67029099977685,39.63030199998983],[-86.66997899960732,39.63029499974099],[-86.66985999978162,39.6302930002628],[-86.66968599970436,39.63029100009269],[-86.66938699995362,39.63028600001305],[-86.66916799967049,39.63028399984273],[-86.66709200023543,39.63027299994269],[-86.66640000012427,39.63027000003253],[-86.66550299997375,39.63026900029306],[-86.66281499989516,39.630265999690906],[-86.66192000029277,39.630264999951386],[-86.66153199995524,39.630259999869864],[-86.66138200016741,39.63025900013025],[-86.6612690001895,39.63025699995915],[-86.66036799984099,39.630248000226224],[-86.65998200005163,39.630245000315035],[-86.6598110003474,39.63024300014348],[-86.65103800028207,39.6301550001502],[-86.64188399955195,39.63006299969158],[-86.64174700018292,39.630064000125856],[-86.6416400000528,39.630064000125856],[-86.6417449996348,39.63004000007667],[-86.64191500041241,39.62993599976741],[-86.64224199975224,39.62979800032641],[-86.64263299956448,39.62964999966749],[-86.64290999957392,39.62950799996241],[-86.64314800012362,39.62929399975892],[-86.64332899987359,39.62904600024044],[-86.64354300013383,39.62865100025715],[-86.64364900043904,39.62849699993819],[-86.64379199965585,39.62836499968853],[-86.64397599977886,39.628304999806225],[-86.64424600011561,39.62828900005946],[-86.64450899988134,39.62825000009909],[-86.64461600001147,39.62819499965633],[-86.64471499974566,39.62811299983335],[-86.6448009999594,39.62788199985177],[-86.64493599967861,39.62764600021228],[-86.6449850000824,39.62750900013433],[-86.64499299958,39.627383000146466],[-86.64497800040971,39.627240000156746],[-86.64489300002089,39.62706400002983],[-86.64478699971569,39.62690500000598],[-86.64436800031434,39.62653599973066],[-86.64421900035141,39.62634999985282],[-86.6440979999776,39.62615199981287],[-86.6440200001598,39.625987000269326],[-86.643942000342,39.62566799994386],[-86.64396400008332,39.62532800004719],[-86.644006999741,39.62515800016428],[-86.64402699983249,39.62504799985472],[-86.64410499965031,39.624775999848026],[-86.64413399996262,39.62463900031482],[-86.64416400009985,39.624336999800086],[-86.64408100025916,39.62393600024142],[-86.64401099993897,39.62366099981862],[-86.64389200011328,39.62333100022126],[-86.64342000011018,39.62259400025912],[-86.64328600021588,39.622412000268305],[-86.64327899964486,39.622301999745254],[-86.6433580001859,39.62214899968314],[-86.64339400017091,39.62206599975666],[-86.64342299958491,39.62197299975414],[-86.64339699964563,39.621450999942724],[-86.64342000011018,39.62120899990595],[-86.64345400044536,39.62111899975072],[-86.6434920000802,39.62102099980227],[-86.64356400005023,39.62077000006401],[-86.64366600015747,39.62051800022698],[-86.6436810002261,39.62031199965664],[-86.64363799967006,39.620061000114845],[-86.64350899979864,39.61988200005094],[-86.64316900004002,39.61958600028251],[-86.64293200021355,39.61939700002531],[-86.64284599999982,39.6191339997459],[-86.64284799964965,39.61864900001444],[-86.64291299994697,39.61834200009578],[-86.64301400022931,39.61802900000976],[-86.64315999981918,39.61773399984899],[-86.64329600026161,39.617593999754966],[-86.64349899975291,39.61737100004853],[-86.64386000032624,39.6171520000317],[-86.64428600029859,39.61694100016267],[-86.64446000037586,39.61684099996724],[-86.64458300039949,39.61667900017453],[-86.64465600019444,39.616528000013496],[-86.64469200017945,39.6162659998461],[-86.64467799993575,39.61590299995891],[-86.64481000018023,39.61557899975571],[-86.64498599990732,39.6153810000383],[-86.64513599969514,39.61518800023353],[-86.64539000013836,39.61495799997137],[-86.64571499982837,39.614761999788726],[-86.64587700021008,39.61470900031835],[-86.64606600035596,39.61465800004546],[-86.64630999985512,39.61466599976511],[-86.64659600008538,39.61467999996429],[-86.64688899998835,39.6147320001849],[-86.64724499964049,39.61474800029816],[-86.6475960001681,39.61470199987609],[-86.64776600004741,39.61456399981041],[-86.6477879997887,39.614473000042864],[-86.64774400030609,39.61412000016979],[-86.64769699955212,39.61393000023597],[-86.64773300043545,39.61333599976704],[-86.64788300022326,39.6130680000469],[-86.64795600001821,39.61291700031308],[-86.64798799980527,39.61261999982989],[-86.64797000026192,39.612398000013556],[-86.64782700014678,39.61203999992612],[-86.64742499956554,39.611239999960375],[-86.64742200009083,39.61122699977215],[-86.64732400018154,39.61089399965473],[-86.64734400027301,39.61054600033937],[-86.647456000426,39.610352000176384],[-86.64764800004663,39.61012299979455],[-86.64791099981237,39.609928999830416],[-86.6481319997453,39.60981700016014],[-86.6485950004259,39.60978999990356],[-86.64884499977283,39.60981600012518],[-86.64904599961429,39.609907999819576],[-86.64926800027044,39.610117000303255],[-86.64956199999833,39.610240999835085],[-86.64959100031062,39.61030100015389],[-86.64958299991471,39.61037900021379],[-86.64954799975462,39.61049599979287],[-86.64947099976172,39.610644999916914],[-86.64944300017264,39.6107550002812],[-86.64943700032484,39.61087700001517],[-86.64955199995258,39.611030000081165],[-86.64965900008269,39.611068000040575],[-86.6497799995582,39.61109999988099],[-86.65000200021437,39.611116000141664],[-86.65025099973639,39.61100300029764],[-86.65054299981445,39.61086299973899],[-86.65079899990748,39.61070099979707],[-86.65098999970319,39.61056400008432],[-86.6510469996046,39.61052299977411],[-86.65162900011089,39.610148999891166],[-86.65187599998308,39.6100369998847],[-86.65207400034981,39.609902000309596],[-86.65221599974171,39.609736000050894],[-86.65230299978033,39.609518000140476],[-86.65234299996331,39.60917100018158],[-86.65241499993333,39.60896000020792],[-86.65260599972905,39.608808999818926],[-86.65276999976058,39.608630999776175],[-86.65298400002082,39.608367000059836],[-86.65325299963435,39.60820599987242],[-86.65364199979676,39.6080910000037],[-86.6537980003307,39.60799200023451],[-86.65387000030071,39.607931999990925],[-86.65403400033225,39.60767999978431],[-86.65414200028728,39.60745499983816],[-86.65424299967131,39.60708200006696],[-86.65424500021943,39.60676900028196],[-86.65422500012795,39.606521000325415],[-86.65422599995286,39.60628000008323],[-86.65429799992289,39.606121000064405],[-86.65448299987081,39.60587899972238],[-86.65460500006955,39.60567700025935],[-86.65481199975878,39.60550699986395],[-86.65506200000402,39.60527699996749],[-86.65516900013415,39.60510699997432],[-86.65527600026428,39.604948000030475],[-86.6553480002343,39.60477199996729],[-86.65534900005922,39.60453099986683],[-86.65518099982974,39.60420099973002],[-86.65513200032424,39.60397500012587],[-86.65514700039284,39.60381599965918],[-86.65522600003557,39.60359699967235],[-86.65541900037941,39.60331700015942],[-86.65589800005522,39.602698000016595],[-86.65617000004178,39.602269999948504],[-86.65637000005832,39.601979999818894],[-86.65656400022708,39.60157900016669],[-86.6566500004408,39.60139499997894],[-86.6509760003578,39.60113599977779],[-86.65049099993591,39.601135000309604],[-86.64387700004465,39.601105999806826],[-86.6432800003681,39.60110099969503],[-86.64096899985805,39.601079999775294],[-86.63256900006165,39.6010039999467],[-86.63213100039374,39.601001000152124],[-86.6305039995989,39.600982999997555],[-86.6298269995564,39.60098199983505],[-86.62780800002272,39.60095999971637],[-86.62515400027932,39.600946000203564],[-86.62499899957032,39.60094500004048],[-86.62405200008936,39.60093999991706],[-86.62324600017543,39.60094100008021],[-86.62276300030167,39.60095900024565],[-86.62183400036407,39.60092500023684],[-86.61993899978064,39.60090800022614],[-86.61825599980764,39.600905999898906],[-86.61728300038743,39.60091200018831],[-86.61720899986926,39.60091200018831],[-86.61629800037333,39.60091799978508],[-86.61515000015262,39.600918999948505],[-86.61513699973385,39.600918999948505],[-86.61341199992805,39.60089900013736],[-86.61333400011023,39.60089799997365],[-86.61127100019563,39.60089299984683],[-86.6112059998983,39.60089299984683],[-86.60881300027083,39.60089000004745],[-86.60750799969128,39.6008799997923],[-86.60650099993588,39.600865000099084],[-86.60589900023643,39.6008560000047],[-86.60570599989258,39.60085300020373],[-86.6055450002341,39.600854999840315],[-86.60548300030982,39.600866000263316],[-86.60542100038555,39.60089100021128],[-86.60533599999673,39.60089100021128],[-86.60302500038502,39.600895000174425],[-86.59921500002498,39.60090099977267],[-86.5894720000142,39.60081299984535],[-86.58941500011278,39.60081199968035],[-86.58630299971168,39.60082899971461],[-86.58533199994129,39.60082000030772],[-86.58506800035065,39.60082599991246],[-86.58112999994411,39.600926999871355],[-86.57564099980904,39.600909999861194],[-86.56901699987205,39.60088899988355],[-86.56893999987915,39.60088899988355],[-86.5598470001467,39.60086200029849],[-86.55967100041961,39.600861000134195],[-86.54555700035722,39.60081500017527],[-86.54086999993815,39.60080399974422],[-86.54083599960296,39.60080399974422],[-86.53944899990596,39.600799000302786],[-86.53938699998169,39.60078799986919],[-86.53903700017733,39.600777000126016],[-86.53894599994072,39.60077599996049],[-86.53860700000702,39.600774000321614],[-86.53750599964195,39.60076699985455],[-86.53495599965565,39.60078100009576],[-86.5325029997537,39.60078799986919],[-86.52853699975806,39.60077999993029],[-86.52828400003808,39.600782999734434],[-86.52743799994117,39.60079099967304],[-86.52595300033488,39.60077999993029],[-86.52585700007542,39.60078100009576],[-86.5253830004225,39.60078399989986],[-86.52519900029947,39.60078500006527],[-86.52437300029403,39.60078900003454],[-86.52350000043293,39.600782999734434],[-86.52263699971927,39.600777000126016],[-86.52203699966964,39.60077300015605],[-86.52063599972895,39.60076599968893],[-86.52061999983542,39.60076599968893],[-86.51998700017383,39.60077300015605],[-86.51963099962336,39.600777000126016],[-86.51856699996657,39.600769999659306],[-86.51741399972299,39.60074999980513],[-86.51675799959685,39.60075499994222],[-86.51582600018453,39.60076199971833],[-86.5150219999204,39.60077300015605],[-86.51477099985023,39.60077599996049],[-86.51445500038106,39.60077300015605],[-86.51366799983538,39.600764000049715],[-86.512444000345,39.60076900018585],[-86.5104800001646,39.600760000079],[-86.50918200015604,39.60075399977642],[-86.5083190003407,39.60075700027386],[-86.50636400038114,39.60076500021541],[-86.50324100010937,39.60075499994222],[-86.50300199973476,39.60075399977642],[-86.50148500034143,39.60074999980513],[-86.50007099998194,39.600774000321614],[-86.49999499981395,39.600774000321614],[-86.49792000020379,39.60076199971833],[-86.49698100022046,39.60075700027386],[-86.49541700007313,39.60076800002021],[-86.49528499982867,39.60076800002021],[-86.49477799966546,39.60076699985455],[-86.49384600025313,39.60076500021541],[-86.4923580002738,39.600770999824874],[-86.49072100033153,39.600782999734434],[-86.49034499968958,39.600778999764806],[-86.4898030002646,39.60077300015605],[-86.48844800035467,39.60078500006527],[-86.48700499968284,39.600782999734434],[-86.48550500000793,39.600774000321614],[-86.48463200014683,39.600778999764806],[-86.48372199957751,39.60076699985455],[-86.48212800019128,39.60078900003454],[-86.48170700024181,39.60078699970388],[-86.47963299955823,39.60077999993029],[-86.47938200038638,39.60077999993029],[-86.47856999972635,39.60078100009576],[-86.47599299997583,39.60076800002021],[-86.47593500024954,39.60076699985455],[-86.47468300027172,39.60076699985455],[-86.47401000042719,39.60076800002021],[-86.47326600043752,39.60076800002021],[-86.47318400042175,39.60076900018585],[-86.47223899969231,39.60078500006527],[-86.47061500016885,39.600757999747486],[-86.46851399972111,39.60076199971833],[-86.4682950003363,39.60076199971833],[-86.46821400014545,39.60076199971833],[-86.46560499970958,39.60076900018585],[-86.46563499984681,39.602826000228156],[-86.46563599967172,39.60289100003414],[-86.46568099987756,39.60861999989459],[-86.46567699967962,39.609607000116966],[-86.46573000028138,39.61538399990192],[-86.46574199997693,39.6181260001281],[-86.46574299980183,39.618374999944976],[-86.46587199967327,39.62504600022485],[-86.46593100012282,39.630032000058414],[-86.46212900015873,39.63006299969158],[-86.46201799983064,39.630064000125856],[-86.460395999957,39.630067999787336],[-86.45888899971109,39.6300900003427],[-86.45747500024991,39.63009699992041],[-86.45656800005362,39.63010900028207],[-86.45608600000477,39.630107000106634],[-86.4559889999204,39.630105999672985],[-86.45495000037796,39.63010100027185],[-86.45440499968159,39.6301020000137],[-86.45400600037175,39.63010900028207],[-86.452602000058,39.63013100013258],[-86.44689600018793,39.6302220000688],[-86.44614299997745,39.630230999805065],[-86.44529100003274,39.6302229998089],[-86.44527199976616,39.6302229998089],[-86.44466500004386,39.63021799972435],[-86.4442109995841,39.6302140000716],[-86.4440909999335,39.63021300033132],[-86.44296000032953,39.63021999989658],[-86.44293400039028,39.63021999989658],[-86.43820000011553,39.63028000019375],[-86.43766600018814,39.63028699975224],[-86.43748999956273,39.63028899992251],[-86.43705799974259,39.63029400000193],[-86.43233900043478,39.630354999973115],[-86.43216100015955,39.63035700014138],[-86.43187400010437,39.63036099978593],[-86.4314609996525,39.63036399969207],[-86.42511399972494,39.63040900034509],[-86.4200349996687,39.630444999877774],[-86.4199429996072,39.63044600030653],[-86.41917299967825,39.630441999975076],[-86.41909999988333,39.63045200011143],[-86.41841199997016,39.63045099968272],[-86.41789399993628,39.63045700017908],[-86.41571499967074,39.630479999655314],[-86.4147330000297,39.63048600014915],[-86.41348100005192,39.63051000004357],[-86.4120650000426,39.63051899974242],[-86.41069699971388,39.63054300031725],[-86.41066699957663,39.630544000052765],[-86.40719199985068,39.63057899978022],[-86.4065089999604,39.63058199967697],[-86.4053759998083,39.630588000161964],[-86.40350799988735,39.63060499980353],[-86.40181099967064,39.63062799992243],[-86.39971099994612,39.630643000086096],[-86.3996520003949,39.63064399982017],[-86.39956500035626,39.63064500024604],[-86.39870699966545,39.63065999971419],[-86.39775599998657,39.63066900008535],[-86.39625799996148,39.63066999981904],[-86.39475200043881,39.63067999992244],[-86.39404100006108,39.63067999992244],[-86.39155700019701,39.63068099965598],[-86.39149000024986,39.63068099965598],[-86.39136700022623,39.63067999992244],[-86.39122300028617,39.63067999992244],[-86.39093100020813,39.63067999992244],[-86.38792400028731,39.63066999981904],[-86.38627800012422,39.63066999981904],[-86.38556300044688,39.63068099965598],[-86.38433800023327,39.63067999992244],[-86.38264699986435,39.63067799976352],[-86.38206299970824,39.63067700002994],[-86.38197300019488,39.63067700002994],[-86.37997399985437,39.6306940003415],[-86.37981099964777,39.63069500007484],[-86.37919499970461,39.630713999848105],[-86.37898399981742,39.63072000032159],[-86.37882099961081,39.63072199978744],[-86.37814899959115,39.630731000150575],[-86.37750699970873,39.63073999982063],[-86.37723200024743,39.63074400013489],[-86.37552699963481,39.63078699969303],[-86.37511599973108,39.63079699977951],[-86.37259300040725,39.63084400030502],[-86.37252200026215,39.630845999767324],[-86.37097499983325,39.6308860000705],[-86.37070500039484,39.63089300025953],[-86.3699150003744,39.63091400013059],[-86.36989600010783,39.63091400013059],[-86.36936999967804,39.630922000046844],[-86.36924199963154,39.63092400019871],[-86.36921999989023,39.63092499992873],[-86.36639299989447,39.63099199979345],[-86.3657600002329,39.63098100000601],[-86.36572000004993,39.63098100000601],[-86.36540600023058,39.630985000306296],[-86.36520299984097,39.63099000033541],[-86.36483399977003,39.630998999971816],[-86.36442000039156,39.63100900002766],[-86.36322199994213,39.63103799976629],[-86.36308300002497,39.63104100033501],[-86.36306100028365,39.631042000063324],[-86.36246200005895,39.631077000230704],[-86.36228700015675,39.631087000275286],[-86.36226000039258,39.63109000015001],[-86.36214700041468,39.631108000087444],[-86.36207999956922,39.631118999854735],[-86.36202500021594,39.63112800016617],[-86.36115400000466,39.6312679998636],[-86.36100500004174,39.631322000214745],[-86.36077599971289,39.63137200024612],[-86.36052800001576,39.63140000010952],[-86.3596569998045,39.63147599978045],[-86.359636999713,39.63147400033634],[-86.35961099977374,39.63147900033012],[-86.35959099968225,39.63148299990978],[-86.35957599961364,39.631485999767335],[-86.35951200003954,39.631485999767335],[-86.35730000016203,39.631485999767335],[-86.35552000010463,39.63148500004544],[-86.35545999983017,39.63148500004544],[-86.3553619999209,39.63148799990291],[-86.34894200019842,39.63165600001527],[-86.34876899994605,39.63166099999589],[-86.34853600031754,39.631666999695426],[-86.34811399964482,39.631673000086316],[-86.3479000002829,39.631675000216475],[-86.34778300010704,39.6316780000657],[-86.34752700001401,39.63167099995609],[-86.3473150003019,39.63166199971525],[-86.34680099956768,39.63168800002341],[-86.34541200022086,39.631756999968836],[-86.34491099990545,39.631778999987155],[-86.34383499965476,39.631798000154525],[-86.34324700019901,39.63181399978167],[-86.34304600035756,39.63182000015975],[-86.34280399960991,39.631825000128515],[-86.34197400030484,39.63184000003265],[-86.34191800022832,39.63184200015803],[-86.34155900020313,39.63185799977495],[-86.34154400013453,39.63185799977495],[-86.33990499964413,39.6318969997771],[-86.33949100026565,39.63190699970315],[-86.33937800028775,39.63191000023417],[-86.33909500043053,39.63191599991206],[-86.33905400042266,39.631917000319596],[-86.33901099986664,39.631917000319596],[-86.3383399996719,39.631918999750845],[-86.33830700005996,39.631920000158324],[-86.33700499985345,39.631959999840525],[-86.33659999979749,39.631966999920884],[-86.33656100033775,39.631968000327625],[-86.33590400038672,39.631985000322004],[-86.33509599992463,39.63200599986158],[-86.33459200013448,39.632019000298115],[-86.33432400034587,39.63202599968071],[-86.33420600034509,39.63202900020652],[-86.33288200039728,39.63205899992307],[-86.33145799999205,39.63208099984534],[-86.33043399961991,39.6321049998783],[-86.32862900034647,39.63214300002881],[-86.32743699974483,39.63216299980833],[-86.32660499989163,39.63217400009974],[-86.32634100030099,39.63217699992727],[-86.32634200012589,39.63243699994155],[-86.32634200012589,39.63254500016042],[-86.32634200012589,39.632691000060234],[-86.32634200012589,39.632837000343706],[-86.32634200012589,39.633300999739106],[-86.32634200012589,39.63340499983268],[-86.32634700014877,39.63386700019435],[-86.32634899979858,39.634118000162],[-86.32634999962349,39.634452000299724],[-86.32635100034673,39.63462299985377],[-86.32635200017165,39.6348379998503],[-86.32635100034673,39.63526700024678],[-86.32635100034673,39.6356550001072],[-86.32634200012589,39.636366999731386],[-86.32634499960064,39.63674000011756],[-86.32634700014877,39.63692900004808],[-86.32634799997368,39.63705299997078],[-86.32634999962349,39.63727399992907],[-86.32635299999654,39.63773099981292],[-86.32635399982146,39.637889000231404],[-86.3263560003696,39.638212999750415],[-86.3263570001945,39.638326000135265],[-86.32635999966924,39.638978999930686],[-86.32636200021739,39.6393739997446],[-86.3263649996921,39.639890000250205],[-86.3263649996921,39.63990799997312],[-86.3263560003696,39.64100200008683],[-86.32635899984432,39.64161699975217],[-86.32636100039247,39.64218400020977],[-86.32636100039247,39.642206999937414],[-86.32636700024024,39.6425249998396],[-86.3263780001109,39.643119000177606],[-86.32639200035462,39.64378999977672],[-86.32637300008804,39.64492099987119],[-86.32636600041535,39.646251000146734],[-86.32636300004228,39.64676800002721],[-86.32639200035462,39.6469450000158],[-86.32639300017952,39.64719500006405],[-86.32639200035462,39.64856300029676],[-86.32639099963139,39.64876800028151],[-86.32638899998156,39.64903799970509],[-86.32639300017952,39.64965299983569],[-86.32639499982933,39.6503789998015],[-86.32641099972287,39.65458499992807],[-86.32642300031675,39.65770700023913],[-86.32643599983723,39.660963999725126],[-86.32646099995159,39.66133500024911],[-86.3264480004311,39.662000000261685],[-86.32644400023314,39.66258500026999],[-86.32644000003519,39.66307400023261],[-86.32645599992871,39.66344900029909],[-86.32646099995159,39.66382399971365],[-86.32645799957854,39.66401600013098],[-86.32645500010379,39.66419200027536],[-86.32645199973075,39.66437500022907],[-86.326449000256,39.66461799994006],[-86.326449000256,39.66465900000623],[-86.32646599997445,39.666278999712965],[-86.32648000021815,39.66753999970235],[-86.32647900039323,39.66804699986965],[-86.32647900039323,39.668647999948895],[-86.3265739999295,39.67149900007783],[-86.32658399997523,39.67179499965644],[-86.32658800017319,39.67190100028573],[-86.32658999982301,39.671962000202285],[-86.32659099964793,39.672020999718995],[-86.32659099964793,39.673423999712725],[-86.32659099964793,39.674155999761126],[-86.32659099964793,39.67526899997242],[-86.32659099964793,39.67580099996565],[-86.32659099964793,39.67665300009024],[-86.32659099964793,39.67858000006087],[-86.32659099964793,39.67915700017319],[-86.326561000409,39.67920200018421],[-86.32654999964004,39.67923500003535],[-86.32654999964004,39.67927500000141],[-86.326553999838,39.67962899965929],[-86.32655800003596,39.6805039996975],[-86.32656600043188,39.68112799985914],[-86.32656600043188,39.68120400018058],[-86.3265670002568,39.681339000272374],[-86.3265680000817,39.68146099997472],[-86.3265680000817,39.68157099973694],[-86.32656899990661,39.68168100001525],[-86.32657300010457,39.682512000101354],[-86.32661599976228,39.684540000027354],[-86.32660800026468,39.68562599981719],[-86.32660499989163,39.685893000159325],[-86.32660099969367,39.685972999959795],[-86.32659900004386,39.68601399979574],[-86.32659400002098,39.6860859997016],[-86.32658700034828,39.68620699969105],[-86.32658499980013,39.68624200027694],[-86.32658399997523,39.686257999748825],[-86.32658300015031,39.686295999862246],[-86.32658099960217,39.686357999820466],[-86.32657999977727,39.686379999747686],[-86.32657800012745,39.686441000011925],[-86.3265759995793,39.68650000029556],[-86.3265739999295,39.68655199975385],[-86.32656600043188,39.68679299965664],[-86.32654499961717,39.68746300012958],[-86.32653899976937,39.687635999804336],[-86.32632399968423,39.69442799990648],[-86.32632399968423,39.694463999974424],[-86.32632500040745,39.69452200012122],[-86.32632700005726,39.69456799998846],[-86.32632700005726,39.69459000006435],[-86.32638800015664,39.697642999715335],[-86.32638999980647,39.697787000079124],[-86.32642400014166,39.70070800033945],[-86.32644400023314,39.70188900008742],[-86.3264629996014,39.70324499975699],[-86.32648500024102,39.706174000023516],[-86.32650899963215,39.70923699981221],[-86.32650899963215,39.70925900004961],[-86.32651399965503,39.709821999874364],[-86.3265189996779,39.71027699971816],[-86.32652299987586,39.710652999844235],[-86.32652899972364,39.711208999693504],[-86.32652700007382,39.711491999745256],[-86.32652899972364,39.71165100009523],[-86.32652899972364,39.711734000280074],[-86.3265320000967,39.71198600005463],[-86.3265329999216,39.71211100000436],[-86.32653700011956,39.71275399990906],[-86.32654100031753,39.713251999849994],[-86.32654499961717,39.71385700005323],[-86.3265470001653,39.71406099988262],[-86.32654999964004,39.71442800028558],[-86.32655200018817,39.71464900020204],[-86.32659099964793,39.71948600033739],[-86.32658800017319,39.71983800005432],[-86.32658599962505,39.720282999898686],[-86.32658599962505,39.720400999908385],[-86.32658800017319,39.72090200003732],[-86.32659099964793,39.721852999765765],[-86.32659099964793,39.72314400015472],[-86.32658999982301,39.72788399998815],[-86.32658999982301,39.728227000262095],[-86.32659599967079,39.72837600024829],[-86.32659099964793,39.72877600013012],[-86.32652000040113,39.7291280000961],[-86.32651399965503,39.72937799981263],[-86.32650000030965,39.729441999820935],[-86.32650799980723,39.72997499998943],[-86.32650799980723,39.72999600015149],[-86.32651799985298,39.73126200027493],[-86.3265320000967,39.733167000258305],[-86.32654200014244,39.734383999717835],[-86.32654799999021,39.73513100025401],[-86.32655100036327,39.73537300004823],[-86.32655200018817,39.73547699988142],[-86.32655999968578,39.73619699968381],[-86.32656300005884,39.73646800027765],[-86.32656399988376,39.736664999701425],[-86.3265670002568,39.736894000280635],[-86.32656999973153,39.73720400018437],[-86.32657099955642,39.73725999979541],[-86.32657999977727,39.73819100030645],[-86.32658099960217,39.73823599982186],[-86.32658099960217,39.738338999922206],[-86.3265889999981,39.7393229996664],[-86.3265949998459,39.74043599978051],[-86.32659599967079,39.74080400025184],[-86.32660099969367,39.741647999752345],[-86.32661699958719,39.7436220001722],[-86.32661800031042,39.74367900026494],[-86.3266319996558,39.74495499994734],[-86.32663500002886,39.74575900031981],[-86.32664199970154,39.74637899979114],[-86.32665099992238,39.7471469999384],[-86.32666199979305,39.749023000202506],[-86.32666900036405,39.749647999731074],[-86.32667000018895,39.74972000023197],[-86.32667100001387,39.74977800019706],[-86.32667199983878,39.74990099985421],[-86.32667400038692,39.750124000188734],[-86.32667500021184,39.750217999794486],[-86.3266790004098,39.75046700029768],[-86.32667600003674,39.7507700001371],[-86.3266729996637,39.751232000274335],[-86.32667199983878,39.751342000014766],[-86.32667100001387,39.75147799970212],[-86.32667000018895,39.75154800024912],[-86.32667199983878,39.751737999697866],[-86.32668100005961,39.75255800032217],[-86.32668199988451,39.75269899988058],[-86.32668500025757,39.75327799984633],[-86.32669100010534,39.75437800018404],[-86.32669199993026,39.75444599982676],[-86.32669199993026,39.754485999707136],[-86.32669199993026,39.75456000001164],[-86.32669299975517,39.75473599998705],[-86.32669699995313,39.75572399967827],[-86.32669699995313,39.75573500032411],[-86.32670299980091,39.75631700028449],[-86.32670299980091,39.75634999986078],[-86.32670500034904,39.75655700029549],[-86.32670699999888,39.75676400010806],[-86.32672299989241,39.75841200003607],[-86.32672600026544,39.75877200018298],[-86.32673200011322,39.759167999966536],[-86.32674100033405,39.75969000018859],[-86.32674299998389,39.75980399998059],[-86.32674399980881,39.75986999991926],[-86.3267580000525,39.760666000162],[-86.32676100042556,39.76084400026053],[-86.32677800014399,39.76149400014216],[-86.32678099961872,39.76161399986371],[-86.32678099961872,39.761625000259336],[-86.32678499981668,39.76280000019411],[-86.32678700036482,39.76362100020494],[-86.3267859996416,39.763773999834775],[-86.32679800023547,39.76443100014863],[-86.32680300025835,39.76510000010877],[-86.32680300025835,39.765112999666826],[-86.32680400008324,39.76514800027089],[-86.32680900010612,39.76543800025103],[-86.32682199962662,39.766122999687546],[-86.3268419997181,39.76691699979337],[-86.3268579996116,39.76787800016389],[-86.3268559999618,39.768223999685176],[-86.32685199976383,39.769250999687785],[-86.32685199976383,39.76926099975433],[-86.32686900038058,39.770378999832715],[-86.32686900038058,39.77039199977499],[-86.32686900038058,39.77040199967585],[-86.32686799965737,39.77071599982756],[-86.32686600000754,39.77101100008137],[-86.32686500018262,39.77125699997936],[-86.32687699987818,39.77178000015033],[-86.32689399959662,39.77407800026865],[-86.32689600014476,39.77445399970993],[-86.32689600014476,39.77446899971114],[-86.3269050003656,39.77489099992445],[-86.32690000034272,39.77599300033253],[-86.32690299981745,39.776374999916804],[-86.32691600023625,39.77780999972021],[-86.3268919999468,39.77796100022906],[-86.32685900033485,39.77809600014741],[-86.32681499995391,39.778230000131785],[-86.32670699999888,39.77848300019471],[-86.32665099992238,39.77861199972689],[-86.32663699967868,39.778644999664714],[-86.32659200037114,39.778750999776356],[-86.32646199977648,39.77906000014696],[-86.32643599983723,39.77915000029564],[-86.32640800024814,39.779278999958336],[-86.32639099963139,39.77940899972161],[-86.3263849997836,39.77953899992969],[-86.32638999980647,39.7796510000076],[-86.32640200040035,39.77995100023061],[-86.32640200040035,39.779996999725725],[-86.32640800024814,39.78075900000587],[-86.32640800024814,39.78077000010397],[-86.3264059997,39.781373000092394],[-86.32640999989796,39.78150199973011],[-86.326413000271,39.78161400006494],[-86.32643699966214,39.78185100003695],[-86.32645699975363,39.78283500023501],[-86.32649399956354,39.78469399996635],[-86.32650799980723,39.785609999682976],[-86.32651799985298,39.78600099987863],[-86.32653100027179,39.78650200010365],[-86.32653700011956,39.786718999918975],[-86.32654499961717,39.787018000159236],[-86.32655700021104,39.78746699992162],[-86.32656499970865,39.787791999889286],[-86.32656200023392,39.7888249997651],[-86.326561000409,39.78897300034331],[-86.32658300015031,39.78952499995278],[-86.3265949998459,39.789965999789295],[-86.32660700043976,39.79093699969606],[-86.32660599971652,39.79119399997076],[-86.32660499989163,39.791374000160765],[-86.32660499989163,39.79163299982255],[-86.32662300033329,39.792023000141135],[-86.32663599985376,39.792985000078126],[-86.32664000005173,39.793306999785344],[-86.326665999991,39.79383399995734],[-86.32668000023469,39.79426200020626],[-86.32667600003674,39.79472499992149],[-86.32671399967157,39.79600700000066],[-86.32672999956509,39.7968329998743],[-86.32673399976305,39.79706899979094],[-86.32673799996103,39.79728299984578],[-86.3267580000525,39.79849500018888],[-86.32677200029619,39.798980000292566],[-86.32677599959584,39.79932500007034],[-86.32680599973308,39.800445999808744],[-86.32680900010612,39.80055200015159],[-86.32680499990816,39.80064599992824],[-86.32680999993104,39.80080100013835],[-86.32685900033485,39.802404000036496],[-86.32688199990106,39.80358100016922],[-86.32690899966524,39.80466099987584],[-86.32693899980246,39.80581299968189],[-86.32694999967313,39.80624299981791],[-86.32696300009191,39.80715499991047],[-86.32697200031275,39.807340000105924],[-86.32697800016052,39.807457000144176],[-86.3270049999247,39.80800799985321],[-86.32702699966602,39.809668999996525],[-86.32702699966602,39.80968599971575],[-86.32705099995545,39.810738999742064],[-86.32706199982611,39.8112150001334],[-86.32706600002408,39.81145599975753],[-86.32708199991761,39.81242600001932],[-86.32708500029065,39.81254299968212],[-86.32711200005483,39.813761999756686],[-86.32713399979615,39.814490000207144],[-86.32713700016917,39.81472499972616],[-86.327138999819,39.814896999748704],[-86.327138999819,39.814919000065544],[-86.32714200019205,39.81500600005764],[-86.32714700021494,39.81513299976915],[-86.32714700021494,39.81514399989068],[-86.32714800003984,39.81516200014847],[-86.32714800003984,39.815189000181334],[-86.32714899986476,39.81547600028385],[-86.32714899986476,39.81557599994663],[-86.32714999968965,39.81588099988267],[-86.32714999968965,39.815891999884485],[-86.32717900000198,39.817376999837535],[-86.32718400002486,39.817662000200926],[-86.32721599981191,39.81921099993844],[-86.32722699968255,39.81971000022736],[-86.32724500012422,39.82057400024941],[-86.32726900041368,39.82158899971282],[-86.32728899960684,39.822415999700205],[-86.32729100015497,39.82249200022745],[-86.32729700000276,39.822722000040145],[-86.32730899969832,39.82321799986556],[-86.32733999966047,39.824438999707745],[-86.32735499972907,39.825043999813474],[-86.32736700032297,39.826351999748695],[-86.32741699965335,39.828432000057646],[-86.32742300039945,39.82872299992444],[-86.32744500014077,39.829869000322475],[-86.32746000020936,39.83054399975332],[-86.32746500023224,39.830794999983894],[-86.32748899962338,39.831759999807595],[-86.32751999958552,39.832997999768295],[-86.32751700011077,39.833011999857575],[-86.32753399982923,39.83385399978341],[-86.32754100040023,39.83417200029806],[-86.32754899989783,39.8345390003006],[-86.32755899994356,39.83462099983012],[-86.32757599966202,39.835861999904374],[-86.32757300018729,39.83628400010394],[-86.32757499983711,39.836305000266805],[-86.32757999985998,39.83637699979104],[-86.32757700038523,39.83644000017513],[-86.32758800025589,39.83719900016132],[-86.32768199996723,39.84150500000702],[-86.32768299979213,39.841540999811755],[-86.32770399970852,39.842584999733376],[-86.32771100027955,39.842902999825995],[-86.32771100027955,39.84292600025056],[-86.32774800008946,39.84427800018624],[-86.32775700031029,39.8446240003002],[-86.32776099960994,39.84542699991147],[-86.32776099960994,39.845470000227834],[-86.32778700044753,39.84702400017952],[-86.32779199957209,39.84716399993923],[-86.32781599986153,39.847927000163644],[-86.32782099988438,39.8480749997278],[-86.32782900028032,39.84854399992974],[-86.32785299967144,39.849903000320225],[-86.32785299967144,39.84991599971553],[-86.32786500026532,39.851955999779776],[-86.32788399963357,39.85316600025633],[-86.32790999957285,39.85409500010317],[-86.32795399995379,39.855542999786415],[-86.32796399999953,39.855868999902526],[-86.32796900002239,39.856533999837644],[-86.32797599969511,39.8569950002553],[-86.32799400013675,39.85810100025346],[-86.3280119996801,39.85926899992035]]]}},{"type":"Feature","properties":{"id":"18057","name":"Hamilton"},"geometry":{"type":"Polygon","coordinates":[[[-85.99503700010132,39.927000000162295],[-85.99327999961017,39.92702100011617],[-85.99148500038248,39.92703400005161],[-85.98961300026359,39.92704800024422],[-85.98916100035197,39.92705100033436],[-85.98873000035674,39.92705399973548],[-85.9885799996706,39.927054999995065],[-85.98792199989467,39.92705999991504],[-85.98753899958002,39.9270630000046],[-85.98734000028671,39.92706400026405],[-85.98650400023553,39.9270699997539],[-85.98517600008975,39.927077999761686],[-85.98445899986427,39.927087000027704],[-85.98350999983519,39.92709300020439],[-85.98306100029662,39.92709699986263],[-85.98234400007112,39.92710300003843],[-85.98219699975805,39.9271040002973],[-85.98127799986618,39.927106999696086],[-85.98085400044197,39.9271079999549],[-85.97908600008016,39.92712599978893],[-85.97853999955889,39.92713199996218],[-85.97650400030679,39.92714300004883],[-85.97632400038174,39.927144000307166],[-85.97615600015226,39.927139999962776],[-85.97611699979419,39.927136000307044],[-85.97605999989278,39.92713000013414],[-85.97587199957181,39.92709099968631],[-85.97578200005843,39.92706400026405],[-85.97564300014126,39.92701199984147],[-85.97550000002612,39.92694899995223],[-85.975392999896,39.926881000072335],[-85.97535699991099,39.92685800023952],[-85.97520299992522,39.926855999714576],[-85.97353699967064,39.92683599997287],[-85.97290599965888,39.92683799980951],[-85.97255800040264,39.926840000334984],[-85.97205899973704,39.92683900007225],[-85.97123899957938,39.9268479996808],[-85.97012200021915,39.926855000140925],[-85.96636799993563,39.926887000267065],[-85.95923299963746,39.9269479996911],[-85.95209800023763,39.927008999749674],[-85.95035800036322,39.92702400020749],[-85.9499840002694,39.92702700029863],[-85.94861699976556,39.92703899997312],[-85.94800599984528,39.92704699998453],[-85.94793100040053,39.92704800024422],[-85.94746100004726,39.92705100033436],[-85.94739800029805,39.92705100033436],[-85.9467670002863,39.92705399973548],[-85.94639499984231,39.92705800008484],[-85.9461549996428,39.92705999991504],[-85.9459150003416,39.9270630000046],[-85.94584300037157,39.92706400026405],[-85.94548699982111,39.92706499983465],[-85.94333299966992,39.92708299967999],[-85.94288300030644,39.927087000027704],[-85.94117900041702,39.927101999779545],[-85.93941100005522,39.9271079999549],[-85.93781900031881,39.927114999699555],[-85.93764199986848,39.92711599995825],[-85.9375869996169,39.927136999876545],[-85.93651100026453,39.92741200011475],[-85.93613399979766,39.92750899992016],[-85.93497300005647,39.92752100019901],[-85.93424900015829,39.92752100019901],[-85.9331510001663,39.92753599985574],[-85.93284499984456,39.927540000177],[-85.93198600022716,39.92754300024552],[-85.93098699996936,39.927559000149664],[-85.93085300007506,39.92756099996522],[-85.93037799969889,39.92756799966355],[-85.93024600035274,39.9275700001677],[-85.93004999963584,39.92757300023496],[-85.92952199955624,39.927581999747005],[-85.92865399971802,39.92759599982756],[-85.92853099969437,39.927597000079274],[-85.92788100031436,39.92760500002547],[-85.92738699967163,39.92761499978473],[-85.92580900017892,39.9276319999232],[-85.92548799978854,39.927639999865356],[-85.9253510004195,39.92764299992951],[-85.92463500001895,39.927647999806545],[-85.92383199957972,39.92766300012434],[-85.9218649999246,39.92768899974888],[-85.92159999961072,39.927691999810925],[-85.92072199972675,39.927704000057695],[-85.91976500020007,39.927711999991395],[-85.91951300030499,39.92771600030236],[-85.91929999986965,39.92771899967434],[-85.91919299973952,39.92772100017407],[-85.91899199989808,39.92772400023466],[-85.91746899975865,39.927799999889565],[-85.91502099987957,39.927924000305545],[-85.91428899958548,39.92796600032886],[-85.91420400009497,39.927971000182296],[-85.91417800015572,39.927971999739604],[-85.91309500023233,39.92802700016918],[-85.91031599991715,39.92816899973382],[-85.90985899998265,39.92819300005803],[-85.90944100040623,39.92821600013121],[-85.9082780001169,39.92827799999054],[-85.90813800037482,39.92828500030444],[-85.90800799978017,39.928291999928796],[-85.90758299963272,39.92831499996872],[-85.90654999993805,39.92836599984996],[-85.90643399958711,39.92837199991453],[-85.9063909999294,39.92837399970635],[-85.90575499989475,39.92840500026031],[-85.90569200014556,39.92840800029098],[-85.90452100035866,39.92846699994846],[-85.90413499967094,39.92848699990257],[-85.90357300015447,39.92851499969068],[-85.90338200035876,39.928525000005884],[-85.90276100039273,39.92855099999187],[-85.9019849997177,39.92856100030182],[-85.89982399989381,39.92859000029682],[-85.89973500020537,39.92859000029682],[-85.89824700022602,39.92859699988999],[-85.89753000000054,39.92860599995626],[-85.89728099958019,39.92861000021499],[-85.89604600021917,39.92862599986975],[-85.8956629999045,39.92862599986975],[-85.89531800012303,39.92862500032199],[-85.89527299991718,39.92862500032199],[-85.8951830004038,39.92862500032199],[-85.89514400004575,39.92862500032199],[-85.89500099993062,39.92862800034297],[-85.89457300030844,39.928637999952784],[-85.8933380000491,39.928643999993525],[-85.89203599984259,39.928654999837214],[-85.8905510002363,39.928669999934364],[-85.8889949995866,39.92867599997229],[-85.8888890001797,39.92867599997229],[-85.88766300014117,39.928685000028224],[-85.88692199962627,39.92869100006484],[-85.8861640002912,39.928697000100925],[-85.88494599975027,39.9287060001541],[-85.88464600017463,39.92871099995349],[-85.88421799965414,39.92871699998783],[-85.8829609996535,39.92872600003832],[-85.88109100008275,39.928741000119906],[-85.88092799987614,39.92874299990094],[-85.88012699998504,39.928756000198206],[-85.87922499981163,39.92876299977435],[-85.87916299988736,39.92876400000897],[-85.87887599983218,39.92876599978933],[-85.87664200021334,39.92879400015221],[-85.87528599958017,39.92880799998488],[-85.875258999816,39.92880799998488],[-85.87497599995878,39.92881200023181],[-85.8749209997072,39.928812999776824],[-85.87331399990218,39.92882900007302],[-85.87305299978627,39.92883300031872],[-85.87219800036682,39.92884700014347],[-85.87128600014766,39.92885199993256],[-85.87107600008538,39.928853999710306],[-85.87000099965961,39.92886800021959],[-85.86972200000035,39.92887100022997],[-85.86753100003924,39.92889400007536],[-85.86745300022142,39.92889500030806],[-85.8674380001528,39.92889500030806],[-85.86706499988391,39.92889800031725],[-85.86700899980741,39.928898999861026],[-85.86665200033035,39.92890300010263],[-85.86585100043928,39.92891099989621],[-85.86525999971215,39.92891599968063],[-85.86504200015227,39.928916999913014],[-85.86432900012475,39.9289229999293],[-85.86413199958294,39.9289270001695],[-85.86361299972417,39.92893900019977],[-85.86239500008158,39.92894299975016],[-85.86239400025666,39.92908399994026],[-85.86238000001296,39.932639999863795],[-85.8623769996399,39.934251999827985],[-85.86237900018804,39.934384000108935],[-85.86238000001296,39.93443999967107],[-85.86238500003584,39.936223999724994],[-85.86245399963282,39.94118999970593],[-85.8624889997929,39.94361799997578],[-85.8624810002953,39.9476950002896],[-85.8624810002953,39.94816500026019],[-85.86247999957207,39.950230000295115],[-85.86238000001296,39.953737999882634],[-85.86238000001296,39.9537830001979],[-85.86238000001296,39.953830000220115],[-85.86237900018804,39.95543099988448],[-85.86237900018804,39.955457999821995],[-85.86238000001296,39.95549100019017],[-85.86238000001296,39.955531999978625],[-85.86238000001296,39.95557299974245],[-85.86237900018804,39.958439000047534],[-85.86185600013133,39.958456999903916],[-85.86188000042077,39.96133900010605],[-85.86209899980557,39.96212199999403],[-85.86208399973695,39.96213700032907],[-85.86206700001851,39.96217000022836],[-85.86206000034583,39.96221499981499],[-85.86206500036869,39.96332199987427],[-85.86206199999566,39.96346000027282],[-85.86206399964547,39.96360100025763],[-85.8620720000414,39.96407599968299],[-85.8620720000414,39.96409600024592],[-85.8620720000414,39.964119999674416],[-85.8620720000414,39.96413399985351],[-85.8620729998663,39.96415000015303],[-85.8620860002851,39.964901999679704],[-85.86208399973695,39.96545899979599],[-85.86208399973695,39.96561799982601],[-85.86208200008714,39.96622499982224],[-85.8620800004373,39.966250000255506],[-85.8620800004373,39.966320000318426],[-85.8620800004373,39.96633499973249],[-85.8620800004373,39.966355000323006],[-85.8620800004373,39.96638600019412],[-85.86207899971409,39.96654700018679],[-85.86207500041444,39.966923999870744],[-85.8620860002851,39.96737699999168],[-85.8620860002851,39.967395999919],[-85.8620860002851,39.967408999757524],[-85.8620860002851,39.96742499997907],[-85.8620929999578,39.96765499999602],[-85.86208999958474,39.96799499992068],[-85.86208999958474,39.96802100005592],[-85.86208799993491,39.96830199985373],[-85.86209399978269,39.969684999845164],[-85.86210300000353,39.97013199972514],[-85.86210300000353,39.97014699967962],[-85.86210399982843,39.97018100016104],[-85.86210800002641,39.97039599995842],[-85.86211100039944,39.97095499998437],[-85.86211300004928,39.971107000248956],[-85.86211300004928,39.97114599970524],[-85.86211200022436,39.971218000178816],[-85.86210800002641,39.9717709999776],[-85.86211100039944,39.97208199994546],[-85.86211300004928,39.97222400033459],[-85.86212300009501,39.97305500032811],[-85.86213700033872,39.9744889997658],[-85.86214800020937,39.975021999833245],[-85.86214800020937,39.975038000338],[-85.86215200040733,39.975200000160754],[-85.8621509996841,39.975354999971586],[-85.8621509996841,39.97537600022981],[-85.8621509996841,39.975387999686085],[-85.86214599966124,39.975888999714854],[-85.86216099972984,39.976573999687176],[-85.86216400010291,39.97772299967084],[-85.8621649999278,39.97815000010064],[-85.8621859998442,39.978636999884266],[-85.8621859998442,39.978667000187144],[-85.862191999692,39.97926199980206],[-85.86221500015652,39.98149799974492],[-85.86221500015652,39.98152400025036],[-85.86222000017939,39.98203799984539],[-85.86221799963126,39.98217799991412],[-85.8622140003316,39.982736999939796],[-85.86222199982922,39.983425999905805],[-85.86224600011866,39.98468900002002],[-85.86224899959339,39.98481799971484],[-85.8622429997456,39.98550299965864],[-85.86225799981423,39.986179000242934],[-85.86224899959339,39.98686799991146],[-85.86226299983711,39.987192000209454],[-85.86226899968489,39.987534000118636],[-85.86227100023302,39.98763799977571],[-85.86227399970774,39.988193000337915],[-85.86227500043098,39.98824100015981],[-85.86227500043098,39.988273999845745],[-85.86226600021014,39.98895800019507],[-85.86226799985997,39.98913600001015],[-85.86226899968489,39.98918599993665],[-85.86227500043098,39.989749999903644],[-85.86227399970774,39.98997699972676],[-85.86227200005793,39.9903830002034],[-85.86226700003506,39.99166299976852],[-85.86226100018727,39.9918670001156],[-85.86225799981423,39.99203299994842],[-85.86226000036235,39.99214000031506],[-85.86226100018727,39.992201000056674],[-85.8622620000122,39.992256999771556],[-85.86225399961627,39.99243499993668],[-85.86224899959339,39.992577000014215],[-85.86224899959339,39.99351699979896],[-85.862235000248,39.994597999765006],[-85.86224000027089,39.99501799966043],[-85.86224799976848,39.995588999953604],[-85.86223000022514,39.99619300027922],[-85.86223299969987,39.99672000007334],[-85.86222600002718,39.99775600002238],[-85.8622429997456,39.99884799989799],[-85.86224399957052,39.99888000006708],[-85.86225199996645,39.999403000210485],[-85.86225000031662,39.99966499975531],[-85.86225000031662,39.999691000227855],[-85.86225000031662,39.999724999772226],[-85.86224899959339,40.000040000028456],[-85.86224799976848,40.000280999715145],[-85.86224399957052,40.0013829997974],[-85.86224399957052,40.001410000164405],[-85.86224000027089,40.002288000010914],[-85.86224000027089,40.00244099992157],[-85.86223799972275,40.00365699994163],[-85.86223199987495,40.00423399985284],[-85.86223699989783,40.00464300034018],[-85.86223699989783,40.004652999846954],[-85.86223799972275,40.00598199984781],[-85.86223000022514,40.00651700013255],[-85.86223000022514,40.007711000089536],[-85.86222000017939,40.00828800014083],[-85.86222600002718,40.00959499976447],[-85.8622269998521,40.009649000185036],[-85.86223699989783,40.0103179996733],[-85.86223799972275,40.01066299991991],[-85.86223799972275,40.01071900031995],[-85.86223900044597,40.01078700010507],[-85.86224000027089,40.011217999828595],[-85.86223299969987,40.01178799979787],[-85.86224899959339,40.01343000020514],[-85.86225199996645,40.01435200025023],[-85.86224399957052,40.01466200004779],[-85.86225199996645,40.0158200001931],[-85.86225100014153,40.01637799974622],[-85.86225699998933,40.01689399981475],[-85.86225399961627,40.01740600022889],[-85.86227999955554,40.02038800026445],[-85.86229399979925,40.02090100017955],[-85.86229499962414,40.02099300022979],[-85.86229499962414,40.021025000337865],[-85.86229899982212,40.02221699986241],[-85.86231200024089,40.02290299982715],[-85.86231200024089,40.0229190001231],[-85.86231399989072,40.02299399969744],[-85.86231399989072,40.02302600024285],[-85.86231600043885,40.02341100033993],[-85.86233800018017,40.02461799983046],[-85.86234400002795,40.025190999919374],[-85.86234300020305,40.02581200025027],[-85.86237199961705,40.028826000117995],[-85.86237400016519,40.03001100001117],[-85.86239500008158,40.031514999854735],[-85.86239599990648,40.03155600011562],[-85.86242199984575,40.03357499998406],[-85.86243400043963,40.035178000211936],[-85.86245399963282,40.03642099980736],[-85.86245600018096,40.037182999813055],[-85.86247000042465,40.03790000033152],[-85.86247999957207,40.039575999929895],[-85.86248200012021,40.03974699991695],[-85.86249399981578,40.04076899988783],[-85.86250800005948,40.041373000013216],[-85.86250800005948,40.041989999689285],[-85.86251999975505,40.04259899972597],[-85.86252099957997,40.043180000239765],[-85.86253599964857,40.043784000325765],[-85.8625440000445,40.044378000000904],[-85.86255999993801,40.044965999854405],[-85.8625669996107,40.045221999731076],[-85.86256999998375,40.04529700022746],[-85.86285600021402,40.04529100010825],[-85.86287700013042,40.04708900004584],[-85.86287299993248,40.04770600025581],[-85.86287299993248,40.04774499998336],[-85.86289100037412,40.049549000267724],[-85.86290200024477,40.052004000005425],[-85.86291300011544,40.052616000057675],[-85.86291499976527,40.05322899990424],[-85.86293900005471,40.0556619997295],[-85.86295800032127,40.05655600009863],[-85.86295800032127,40.05656900015591],[-85.86295900014619,40.05660699988606],[-85.86295900014619,40.05661799976779],[-85.86296599981888,40.05692099981256],[-85.86296300034415,40.057082000225385],[-85.86296300034415,40.05710099995008],[-85.86296300034415,40.05712100008879],[-85.86295400012332,40.0574999998204],[-85.86296499999398,40.05811299974103],[-85.86297800041277,40.05962300015809],[-85.86297599986463,40.05994599990153],[-85.86299000010833,40.064019000148484],[-85.8629950001312,40.064232000186394],[-85.86299599995611,40.064252999921656],[-85.86299599995611,40.064274000337974],[-85.86299599995611,40.06429500006029],[-85.86300699982677,40.064861000123265],[-85.86300500017694,40.06504499974797],[-85.86300500017694,40.06512899971031],[-85.86300199980388,40.0656940001132],[-85.86300799965169,40.065807000181465],[-85.86300799965169,40.066185999723174],[-85.86300799965169,40.06620700023111],[-85.8630090003749,40.06675800017962],[-85.8630029996288,40.06734799999315],[-85.86304399963669,40.06855999990371],[-85.86304600018484,40.06865700015739],[-85.86304700000973,40.06867300003009],[-85.86305600023057,40.06906699966128],[-85.86305600023057,40.06908300012509],[-85.86294400007756,40.06913499971598],[-85.86301799969743,40.06920800022487],[-85.86303899961382,40.06944300028639],[-85.86305399968245,40.070378000238385],[-85.86305700005548,40.070535999808094],[-85.8630589997053,40.07093699980283],[-85.8630589997053,40.07097599998491],[-85.86306999957596,40.07138100029141],[-85.86307399977392,40.0714899997165],[-85.86307200012409,40.07183600012251],[-85.8630710002992,40.072028999897235],[-85.86306899975105,40.07289999980253],[-85.86306799992613,40.072938000048374],[-85.86306100025344,40.07334399986786],[-85.86305200003261,40.07456499972948],[-85.86306700010124,40.07517099969318],[-85.86307600032205,40.0758239997069],[-85.86307200012409,40.076434000008476],[-85.86308800001761,40.07705800005627],[-85.86307799997188,40.078299000111244],[-85.86308999966745,40.07890800013813],[-85.86308299999475,40.07956100005917],[-85.8631010004364,40.08054600029821],[-85.86310200026134,40.080582000252],[-85.86310200026134,40.08059800007258],[-85.86310599956097,40.080805000075955],[-85.86310499973605,40.080903000143564],[-85.86310499973605,40.08092500030771],[-85.86310300008623,40.08143500030798],[-85.86313300022346,40.08358299987837],[-85.86313400004839,40.08359800033782],[-85.86313400004839,40.08361200007636],[-85.86313400004839,40.083629999932356],[-85.86313900007124,40.08397599982853],[-85.86314400009412,40.08523699970364],[-85.86314400009412,40.0852669998904],[-85.8631430002692,40.085318000177516],[-85.8631430002692,40.08533300025473],[-85.86313400004839,40.0858720001477],[-85.86315300031495,40.087164999948655],[-85.86315400013986,40.08780000027715],[-85.86316800038355,40.08921100004067],[-85.86316800038355,40.089724000330484],[-85.86318299955386,40.09036800022042],[-85.86317300040643,40.090989999861584],[-85.8631929995996,40.09164300004204],[-85.8631929995996,40.092264999714175],[-85.86320400036857,40.0928869998868],[-85.86321400041432,40.09391900024792],[-85.86321400041432,40.093932999925514],[-85.86322299973683,40.094797000272614],[-85.86322299973683,40.09608100027179],[-85.8632279997597,40.0967249997951],[-85.86321699988905,40.097360000266626],[-85.86323199995766,40.09800000009186],[-85.86323799980545,40.098640000082064],[-85.86323799980545,40.09927000017357],[-85.86325299987406,40.09991900007873],[-85.8632620000949,40.10248699968664],[-85.8632560002471,40.1031309997346],[-85.86327799998843,40.10384699992496],[-85.86327799998843,40.10386100030847],[-85.863297000255,40.105054999935],[-85.86330200027787,40.106352000298095],[-85.86331700034647,40.106996000173964],[-85.8633189999963,40.10753899967717],[-85.86332099964612,40.10827600009449],[-85.86333700043797,40.108924999972],[-85.86333599971474,40.10955500032623],[-85.86335699963114,40.11145599999819],[-85.86336099982908,40.112726999948855],[-85.86337199969974,40.11393799971636],[-85.86337199969974,40.11396700003305],[-85.86337199969974,40.11398800023094],[-85.86338699976837,40.114609000109006],[-85.86338699976837,40.11525900026499],[-85.86342199992846,40.11781800004243],[-85.86342299975338,40.11851100031314],[-85.86342299975338,40.118524999739286],[-85.8634300003244,40.119774999690925],[-85.86345200006569,40.12119399994709],[-85.86345600026364,40.12202299977712],[-85.86345700008856,40.12220099995122],[-85.86345700008856,40.122867999989545],[-85.86349600044662,40.12480599984604],[-85.86349899992136,40.125045000056296],[-85.86350300011932,40.12546500029845],[-85.86350099957119,40.125670999736975],[-85.86349800009646,40.12602600034212],[-85.86351300016506,40.12664999974897],[-85.86351700036302,40.12698399975062],[-85.86351700036302,40.12700899968063],[-85.86351700036302,40.12703699983858],[-85.86351700036302,40.12706700014221],[-85.86351700036302,40.12709899990197],[-85.86351700036302,40.12711599985409],[-85.8635309997084,40.12804800009645],[-85.86353900010434,40.128994999991455],[-85.86353900010434,40.129020999918545],[-85.86353999992924,40.12912300011755],[-85.8635430003023,40.129439000233894],[-85.86354400012719,40.129495999952894],[-85.86354400012719,40.12951400003493],[-85.86354499995211,40.12954600001643],[-85.8635519996248,40.12986599968961],[-85.86355400017294,40.13032100007586],[-85.86355400017294,40.13033299975647],[-85.86355400017294,40.13042699981442],[-85.86355400017294,40.13044999979421],[-85.86355499999785,40.13049200030453],[-85.86355499999785,40.13051100015075],[-85.86356300039377,40.13106500030839],[-85.86356199967057,40.13118099975479],[-85.86356199967057,40.13121999976103],[-85.86356000002073,40.13186399972769],[-85.86357099989138,40.1325830003088],[-85.86357599991426,40.13281999997304],[-85.86357599991426,40.13286699967203],[-85.86357799956407,40.132998000035165],[-85.86357500008934,40.133006999956486],[-85.86354599977702,40.133286999660186],[-85.86350499976915,40.13350399994205],[-85.86349999974627,40.13353100018817],[-85.86339599998921,40.133914000336624],[-85.86339099996633,40.13393399989058],[-85.86336000000419,40.13404799998285],[-85.86324200000341,40.13445499993307],[-85.86323299978258,40.1344890002742],[-85.86323000030785,40.13449999993653],[-85.86313200039855,40.1348339998245],[-85.86295800032127,40.135497999665226],[-85.8629170003134,40.13567500031586],[-85.8628610002369,40.13611199988198],[-85.86285200001608,40.13653199973186],[-85.86285100019116,40.13670799981281],[-85.86284500034337,40.137854999975445],[-85.86284399962015,40.13802900022894],[-85.86284399962015,40.138063000155405],[-85.86284399962015,40.13808399977832],[-85.86284299979523,40.138107999829934],[-85.86284299979523,40.138185000195854],[-85.86284199997034,40.138437000283844],[-85.86283199992458,40.13879200014115],[-85.86283100009967,40.13881699984844],[-85.86282699990171,40.1389749998732],[-85.86282799972662,40.13948699997614],[-85.86283199992458,40.14106900013203],[-85.8628260000768,40.14169999987807],[-85.86283399957442,40.142026999703596],[-85.86283600012254,40.14212299978197],[-85.86284100014542,40.142397999741895],[-85.86283899959727,40.14256100030648],[-85.86283699994746,40.142705999776496],[-85.86283600012254,40.14272600017638],[-85.86283600012254,40.14276600027173],[-85.86283500029762,40.14284700023824],[-85.86282899955154,40.1433070001241],[-85.86282799972662,40.14338000005099],[-85.86282699990171,40.14358699996278],[-85.8628329997495,40.143991000286064],[-85.86283600012254,40.14419399971669],[-85.86283600012254,40.144211000199626],[-85.86283399957442,40.14433700017256],[-85.86281600003106,40.14483999997054],[-85.8628329997495,40.14529099974205],[-85.8628329997495,40.14534300016421],[-85.86282500025189,40.14727099997224],[-85.86282000022902,40.14861500033757],[-85.86281000018327,40.14923599976373],[-85.8628260000768,40.15054399970473],[-85.86282100005393,40.15155499974495],[-85.86282699990171,40.15250999995252],[-85.86282000022902,40.15302599982777],[-85.86282799972662,40.154918999826236],[-85.86282400042697,40.15531499998857],[-85.86282299970375,40.15544800033473],[-85.86282299970375,40.155479000114724],[-85.86282199987883,40.15554700033552],[-85.86281900040412,40.155969000183404],[-85.86281900040412,40.15602000033073],[-85.86282299970375,40.15676700027963],[-85.86281600003106,40.15790300026424],[-85.86279400028975,40.15919599985166],[-85.8627990003126,40.161097000226924],[-85.86276699962725,40.162132000177216],[-85.86277300037335,40.162232000291674],[-85.8627830004191,40.16238899984469],[-85.86282400042697,40.16254699996407],[-85.86282899955154,40.16307900010444],[-85.86285500038913,40.16552800027165],[-85.8628469999932,40.16561100026163],[-85.86283600012254,40.16573699966374],[-85.86283100009967,40.16579300031447],[-85.86282899955154,40.165820000084615],[-85.86282500025189,40.16586799980202],[-85.8627990003126,40.16617599981251],[-85.862776999673,40.16706700006443],[-85.86278000004604,40.16826500026978],[-85.86277099982523,40.16866399993613],[-85.86276599980235,40.16991199997292],[-85.86278099987096,40.170659000153016],[-85.86278500006893,40.17094399971179],[-85.86278900026687,40.17231900002354],[-85.86277900022114,40.17272700003273],[-85.86277000000031,40.17307900025009],[-85.86276499997743,40.17369099969773],[-85.86277500002319,40.176295000246775],[-85.86277500002319,40.17638200026793],[-85.86277500002319,40.176393000010215],[-85.86277500002319,40.176404999789376],[-85.86277500002319,40.17641900032988],[-85.86277500002319,40.17643400021941],[-85.86277500002319,40.176451000181714],[-85.86277500002319,40.1764690001775],[-85.86277500002319,40.17648900024353],[-85.86277500002319,40.17651099969161],[-85.86277500002319,40.1765349998925],[-85.86277500002319,40.17656100015782],[-85.86277500002319,40.17658899979877],[-85.86277500002319,40.17662000022123],[-85.86277500002319,40.176636000101645],[-85.86277400019827,40.176644999732424],[-85.86275800030474,40.1776850002008],[-85.86275800030474,40.17769999981048],[-85.8627559997566,40.17801599978503],[-85.86276699962725,40.17862800000764],[-85.86276699962725,40.18006600018498],[-85.86275499993168,40.18114199995552],[-85.86275900012964,40.18166200031865],[-85.86275900012964,40.18167699973548],[-85.86276400015252,40.18238200015457],[-85.86276400015252,40.184554000193444],[-85.86276400015252,40.18464399967095],[-85.86276400015252,40.18466300015544],[-85.86276400015252,40.184673999927774],[-85.86276400015252,40.18468499969838],[-85.86276400015252,40.18469700006996],[-85.86276400015252,40.18470899975311],[-85.86276400015252,40.18472200003658],[-85.86276400015252,40.1847350003176],[-85.86276400015252,40.18474799990979],[-85.86276400015252,40.18476200010132],[-85.86276400015252,40.18477600028998],[-85.86276400015252,40.184789999789494],[-85.86276400015252,40.184803000057435],[-85.86276400015252,40.18481600032289],[-85.86276400015252,40.18482899989956],[-85.86276400015252,40.184841000245655],[-85.86276400015252,40.18485299990339],[-85.86276400015252,40.18486400033122],[-85.86276400015252,40.18487500007097],[-85.86276400015252,40.18488499989526],[-85.86275900012964,40.18498400020347],[-85.86276199960439,40.18600000022261],[-85.86276199960439,40.18602100012127],[-85.86276199960439,40.18604000022001],[-85.86276199960439,40.18605400014495],[-85.86276199960439,40.186073000234444],[-85.86276199960439,40.18609799969401],[-85.86276199960439,40.18613099968023],[-85.86276199960439,40.18617300007618],[-85.86276199960439,40.18622599996681],[-85.86276199960439,40.18629099990566],[-85.86276199960439,40.186326000269275],[-85.86276199960439,40.18634600017478],[-85.86276199960439,40.18635699967426],[-85.86275499993168,40.18734399984496],[-85.86275400010678,40.18744499974773],[-85.86275699958152,40.18793100018696],[-85.86275900012964,40.18828699990595],[-85.86274300023612,40.19008899983095],[-85.86273999986307,40.190234000061025],[-85.86273999986307,40.19026200023535],[-85.86273999986307,40.19027800032981],[-85.86273099964225,40.190663999748736],[-85.86272999981733,40.19151999991654],[-85.86272999981733,40.19158299995578],[-85.86272999981733,40.19225400013037],[-85.86271899994667,40.193297000178816],[-85.86270600042621,40.19387600015744],[-85.86270600042621,40.193889999837374],[-85.86270499970297,40.19390599976208],[-85.86270499970297,40.19392099990255],[-85.86270399987808,40.19397799971977],[-85.86270399987808,40.19399999967254],[-85.86269800003028,40.19429499981552],[-85.86269499965724,40.19473600002964],[-85.86269499965724,40.194771000152514],[-85.86269499965724,40.1948079997923],[-85.86269300000741,40.19504100010119],[-85.86268899980946,40.19531099966105],[-85.86268700015962,40.195400000202895],[-85.86267200009102,40.196316999870355],[-85.86266299987018,40.19741200021013],[-85.86266299987018,40.19745099992434],[-85.86266299987018,40.19747199970834],[-85.86266200004529,40.19756600016493],[-85.86265500037257,40.19836500015662],[-85.86264899962649,40.19866400005118],[-85.86264799980157,40.1986800002218],[-85.86264799980157,40.198699000205096],[-85.86264699997666,40.198756000122934],[-85.86263199990805,40.199545000094744],[-85.86263100008313,40.199602999684274],[-85.86262799971009,40.20034499978016],[-85.86262600006027,40.20082599995372],[-85.86261900038757,40.20109199973543],[-85.86261900038757,40.20111000005443],[-85.86259500009811,40.2019600000696],[-85.8625930004483,40.20315300005691],[-85.8625930004483,40.2031930002293],[-85.86259099990015,40.20332800003656],[-85.86259099990015,40.203349999700166],[-85.86259000007526,40.2033729996839],[-85.86259000007526,40.20338399985232],[-85.86253900002161,40.20684500001699],[-85.86253900002161,40.206856000308086],[-85.862523999953,40.20829799993646],[-85.86249399981578,40.2111789998234],[-85.86249399981578,40.211213000164804],[-85.86249399981578,40.211223999747006],[-85.86248399977003,40.21218099978375],[-85.86247799992226,40.21233499980475],[-85.86247700009734,40.21235199968764],[-85.86247600027242,40.212377999944145],[-85.86245700000585,40.21282199972411],[-85.86236300029452,40.214583000256596],[-85.86236199957129,40.21460199989866],[-85.8623609997464,40.21462500018034],[-85.86235900009656,40.21465199972561],[-85.86235599972352,40.214689000177444],[-85.86233999983,40.21491800013291],[-85.8623270003095,40.215072000108094],[-85.86232499976138,40.21509599969853],[-85.862311000416,40.21525299972512],[-85.86224799976848,40.215976000076985],[-85.86223400042311,40.21613699999228],[-85.86217599979845,40.216646000177725],[-85.86217499997356,40.21665899982651],[-85.86217400014864,40.21666899976568],[-85.8621509996841,40.21686900029704],[-85.8621220002701,40.217096000181485],[-85.86195499986552,40.21837199984559],[-85.86191100038292,40.218839999774026],[-85.8619039998119,40.21892200029634],[-85.86190299998698,40.218936000291954],[-85.8622560001644,40.21893699970359],[-85.86244399958706,40.21893099980388],[-85.86801599956281,40.21889300019826],[-85.8732879999629,40.21885200027491],[-85.87498199980656,40.21883299976668],[-85.87770300039541,40.21880400031641],[-85.87961800017202,40.218783000281014],[-85.8807570001719,40.218770999767855],[-85.88077499971524,40.21876999966788],[-85.8812509999163,40.21876700005365],[-85.88639899956952,40.21870899971235],[-85.890345000372,40.21868100031036],[-85.89669399994936,40.21866100033849],[-85.90053299972338,40.21863699995284],[-85.90490200012515,40.21861599986569],[-85.90514899999735,40.21861499976337],[-85.90927499982656,40.218619000172495],[-85.91258399987115,40.21861599986569],[-85.91777000005753,40.218588999842034],[-85.91953699969612,40.218567999739996],[-85.91955900033574,40.21856600021989],[-85.91993799955411,40.218565000116875],[-85.9219999996438,40.218551000044606],[-85.92564699979721,40.21851300022581],[-85.92668799988779,40.218501999768876],[-85.92802899955404,40.21848899978778],[-85.92902100013913,40.21848500005687],[-85.92905100027636,40.218483999952674],[-85.93438800007546,40.21844899972475],[-85.93556100041053,40.21843699983838],[-85.93806299981797,40.21842399984482],[-85.93831200023831,40.21840999974341],[-85.93844199993465,40.21838800016617],[-85.93852099957735,40.21838100011214],[-85.93964000038407,40.218409000324],[-85.9401280002807,40.218419000004914],[-85.94098799972299,40.21841500026993],[-85.9425929998782,40.21840700011329],[-85.95559800007794,40.21834200009166],[-85.95578399985077,40.218339999878964],[-85.95754600036481,40.218331999713484],[-85.96276199979009,40.21830699979038],[-85.96503599959189,40.21828099975085],[-85.96642999985988,40.21827800011497],[-85.9673189996145,40.21828699970811],[-85.97217099989004,40.218263999983456],[-85.9750539999623,40.21825099995664],[-85.97654399959146,40.21823199996583],[-85.97655799983515,40.21823199996583],[-85.9770969997854,40.21824199967287],[-85.98033100038526,40.21822700011175],[-85.98970899962474,40.21818400025402],[-85.99226600018207,40.21817299974367],[-85.99311300010389,40.21816899999417],[-85.99367299997054,40.21816300002646],[-85.99558100007445,40.21814600022945],[-85.99560100016595,40.21814600022945],[-85.99607599964378,40.218152000198614],[-86.00000900002746,40.218126000099616],[-86.00161400018266,40.21811500026581],[-86.00376900015877,40.21810100010056],[-86.0051449999851,40.218091999796805],[-86.00548100044409,40.21809099968675],[-86.00666700029963,40.21808300017782],[-86.00927800038532,40.21806699978515],[-86.0093760002946,40.21806599967478],[-86.00954699999883,40.218064000139854],[-86.00997200014626,40.218060999808465],[-86.01029500018646,40.218059000273385],[-86.01313600042592,40.21804000022869],[-86.01347700000944,40.218036999896235],[-86.01402000015767,40.218032000027776],[-86.01572400004706,40.21801600030903],[-86.01690800025278,40.21800800010528],[-86.01726399990493,40.21800499977141],[-86.01870900022656,40.21799199969495],[-86.01910800043474,40.21798900004627],[-86.02127699975624,40.21796899987015],[-86.02245000009131,40.21795800001082],[-86.02260099970405,40.21795699989884],[-86.02303099987436,40.217953000136525],[-86.02310399966929,40.217953000136525],[-86.0241320002394,40.21794399981312],[-86.02445600010451,40.21793400006216],[-86.02536699960042,40.217928000073634],[-86.02660699988265,40.21791499998241],[-86.02662799979905,40.21791499998241],[-86.02664299986765,40.21792300019713],[-86.02668700024859,40.21791499998241],[-86.02763799992749,40.217908999992204],[-86.02765600036915,40.21791100021767],[-86.02785899986044,40.2179199998595],[-86.02957899964336,40.217894999784384],[-86.02959399971198,40.217894999784384],[-86.0296930003445,40.217894999784384],[-86.0298060003224,40.21789700001026],[-86.0301159999438,40.217894999784384],[-86.03204999998697,40.21787900003334],[-86.03492499966329,40.21785600017018],[-86.03623799974044,40.21784599972022],[-86.04126900011612,40.21783200018534],[-86.050498000291,40.2177869998479],[-86.05072800044478,40.217784000190214],[-86.0512659996718,40.21777399972962],[-86.05607199991657,40.217745999941265],[-86.06025499964719,40.21770100023267],[-86.06525000003784,40.217662999937176],[-86.06870200019758,40.21763600021973],[-86.068867000054,40.21763399998615],[-86.06903199991046,40.21763299986939],[-86.06989100042615,40.217619000290505],[-86.07039199984327,40.217613999705236],[-86.07045499959246,40.217613999705236],[-86.07285200031622,40.217590999752126],[-86.0729290003091,40.217588000085755],[-86.07486300035227,40.21757700016457],[-86.07500899994216,40.21757700016457],[-86.07606799957608,40.217572999693914],[-86.07682599980947,40.217567999791214],[-86.0786669999662,40.21755500031688],[-86.08104399970017,40.21753799968136],[-86.08440899982126,40.217514000269844],[-86.0851720000775,40.217509999795475],[-86.0883329999841,40.21749299983459],[-86.09072800015973,40.217479000226774],[-86.09145500043095,40.21747200007882],[-86.09146700012653,40.2174699998404],[-86.09177400027319,40.2174699998404],[-86.09179400036467,40.2174699998404],[-86.0925159997147,40.21747300019801],[-86.09305399984005,40.21747200007882],[-86.0975499995651,40.217447999957976],[-86.09894999968091,40.217434000340866],[-86.10120299956631,40.217434000340866],[-86.10162299969087,40.21743300022111],[-86.10276900026177,40.2174260000684],[-86.10537100012662,40.217410000206556],[-86.10680800005234,40.21740099981102],[-86.10720800008541,40.217395999895636],[-86.10774500038583,40.21738999985952],[-86.10787099988421,40.21738299970232],[-86.10842400007817,40.21738899973911],[-86.11329200024723,40.21735800011509],[-86.11334599977558,40.21735800011509],[-86.11552199966809,40.21733100027606],[-86.11619399968774,40.21732199987009],[-86.11628900012231,40.21732199987009],[-86.11804300024042,40.217308999662535],[-86.11918399989013,40.21729799969611],[-86.12048299972358,40.217284000048004],[-86.12191399980149,40.21726999971105],[-86.12315200043389,40.21725800030185],[-86.1236119998431,40.21725499993476],[-86.12447499965846,40.217250000008605],[-86.12500899958584,40.217243999959514],[-86.12720600029306,40.217218000198066],[-86.12758600023466,40.21721399970622],[-86.12796600017624,40.21720899977703],[-86.12809699969752,40.21720800033991],[-86.12822800011708,40.21720700021681],[-86.12970299967762,40.21718799993326],[-86.13139999989433,40.217165999959214],[-86.13237900006064,40.21715299972178],[-86.13491800017631,40.217132999984855],[-86.13582299982446,40.21712199998981],[-86.13773199975326,40.21710600005617],[-86.14017200013474,40.21707599974177],[-86.14168799970315,40.21705399973142],[-86.14307000027559,40.21703100027414],[-86.14457300032355,40.21700900024917],[-86.14719399955666,40.21698299971158],[-86.15128599994898,40.21693300023269],[-86.1523499996058,40.21692999985116],[-86.15332200009941,40.21692499990102],[-86.15454700031302,40.216901999714096],[-86.15490200014027,40.216896000320155],[-86.15709200027646,40.21688400015876],[-86.15953400030774,40.21684600009104],[-86.16163300020737,40.21682600026351],[-86.16493999970383,40.21681199983191],[-86.16639900026915,40.21679800008341],[-86.16641199978964,40.21679800008341],[-86.16788999972323,40.21678900029255],[-86.1689369996616,40.21677999981452],[-86.17030599981526,40.21676399980014],[-86.1729629999317,40.216741000244475],[-86.17594800011119,40.21672500022088],[-86.18530000030974,40.21660099973862],[-86.18535200018827,40.21660099973862],[-86.18700599984895,40.21657800012763],[-86.18756200041597,40.216567000042474],[-86.19005200012782,40.216552000110575],[-86.19084299997314,40.216529999930096],[-86.19170900016157,40.21651399985673],[-86.19750999956786,40.216449000077006],[-86.1995690001828,40.21643599970202],[-86.19959299957395,40.21643599970202],[-86.20127499972203,40.21642400014518],[-86.20452900041336,40.21640900018163],[-86.20884600003828,40.216324999775644],[-86.21054999992768,40.21628800021709],[-86.21155699968308,40.21627700008486],[-86.21237900038886,40.21626300022581],[-86.21348300022865,40.216248000226614],[-86.21383200020809,40.21624300022615],[-86.21903299956476,40.21618599992036],[-86.22074900004806,40.216174000319256],[-86.22107100026332,40.21616900031332],[-86.22329599966133,40.2161140002238],[-86.22331999995076,40.21611599981623],[-86.22363100029538,40.216124000243354],[-86.23225299984965,40.21601000006966],[-86.23407300008999,40.21597300033907],[-86.2378879995746,40.21590900018271],[-86.23928100001768,40.215889000078576],[-86.24042400021551,40.215865000083014],[-86.24274300022316,40.215833999761784],[-86.24272200030676,40.215156000009436],[-86.2427110004361,40.21382100025533],[-86.24268399977362,40.21173699992024],[-86.24266700005518,40.210854000097555],[-86.24266600023026,40.21033800011353],[-86.24261900037459,40.20766600006089],[-86.2426069997807,40.205858000310904],[-86.24260199975784,40.20510599990584],[-86.24255400007728,40.20250700028209],[-86.24255300025236,40.20249700031152],[-86.24254999987932,40.20201099996492],[-86.24252399994003,40.199053000255894],[-86.24251100041955,40.19803099983514],[-86.24248499958198,40.193643999747444],[-86.24248100028234,40.19221200006877],[-86.24246399966559,40.190423000155775],[-86.24245000032019,40.1894370000296],[-86.24244299974919,40.18795499977951],[-86.24244199992427,40.18791199993158],[-86.24244100009938,40.18760799992587],[-86.24241099996213,40.186473999979654],[-86.24241099996213,40.185979000317445],[-86.24239900026657,40.18469299971755],[-86.24238900022081,40.18358799988424],[-86.24237499997712,40.18288400027368],[-86.24236499993138,40.18077800000661],[-86.24236499993138,40.18072599995253],[-86.24233999981702,40.1793469997879],[-86.24233700034229,40.17850099981984],[-86.24232100044877,40.176691999996514],[-86.24229600033442,40.17540599975186],[-86.24229600033442,40.17496500015143],[-86.24227100022006,40.17339900011135],[-86.24224199990772,40.17066299996001],[-86.24222400036439,40.16967600010823],[-86.24221699979337,40.16862000006395],[-86.24220099989985,40.16779800007772],[-86.24217900015854,40.165831999673934],[-86.24213200030287,40.16311400008491],[-86.24212399990697,40.16267200000654],[-86.24212999975474,40.162475000285475],[-86.24213300012778,40.16220299997155],[-86.24215400004418,40.16176100014073],[-86.24215900006705,40.161667000181524],[-86.24215599969399,40.161290000154814],[-86.24213999980049,40.16111500017581],[-86.24212100043222,40.160901999902656],[-86.2420989997926,40.16054799983668],[-86.24204299971609,40.15774500032238],[-86.2420350002185,40.154951000202495],[-86.24203000019563,40.153530000200405],[-86.24201799960174,40.152948000106115],[-86.24198699963961,40.15001700030269],[-86.24198900018774,40.14898699985967],[-86.24196999992117,40.14612499994272],[-86.24196300024848,40.14420499986807],[-86.24196300024848,40.1441899997236],[-86.2419659997232,40.14354300031963],[-86.2419580002256,40.1397690002335],[-86.24196800027136,40.13815200024591],[-86.24196499989829,40.1368920002841],[-86.24198199961673,40.13625500017954],[-86.24199199966249,40.13547799988481],[-86.24198099979182,40.133435000332696],[-86.24196099970034,40.13193300024521],[-86.2419370003092,40.130874999721726],[-86.24191800004263,40.129998999726595],[-86.24190200014911,40.1296209996994],[-86.24187200001188,40.129214000334315],[-86.2418319998289,40.12707999978886],[-86.24180900026269,40.125869999938864],[-86.24180900026269,40.125819999918754],[-86.24180199969167,40.125319999755845],[-86.241795000019,40.12485599992502],[-86.24177800030054,40.12351399966913],[-86.24175700038415,40.1226689999298],[-86.24174399996537,40.121840999889095],[-86.24173599956946,40.1205539998778],[-86.24172300004896,40.1199769998399],[-86.24172300004896,40.11968200020276],[-86.24172200022404,40.11926899993436],[-86.2417049996073,40.11789300029956],[-86.24168000039126,40.11664600010746],[-86.24166699997248,40.11473000008338],[-86.24166600014755,40.114628999847056],[-86.24166399959942,40.114370000310544],[-86.24167799984312,40.111857999738405],[-86.24168000039126,40.10886499983026],[-86.24168100021618,40.10743099993147],[-86.24169100026191,40.10550799999118],[-86.24168799988885,40.105315000301204],[-86.24171499965304,40.10264300014249],[-86.24172399987387,40.10069699980359],[-86.24172200022404,40.10005900018566],[-86.24172200022404,40.10004699997183],[-86.24172200022404,40.09985000005253],[-86.24165399955368,40.0931309997147],[-86.24166100012467,40.091788000233954],[-86.24163299963729,40.08902199997207],[-86.24162400031476,40.0887969996643],[-86.24162400031476,40.08876299984023],[-86.24160099985023,40.085328000229374],[-86.24152100038259,40.07833900030946],[-86.24145899956001,40.070872999667124],[-86.24145799973509,40.07081900027922],[-86.24145799973509,40.070709000247966],[-86.24144699986444,40.06939799985472],[-86.24144000019174,40.064897999736516],[-86.24144199984157,40.06321900019428],[-86.24144500021461,40.06140000025958],[-86.24145299971221,40.05610199971556],[-86.24145500026036,40.04931699988889],[-86.24145500026036,40.04923500006997],[-86.24145299971221,40.048829000284904],[-86.24145299971221,40.048769000114966],[-86.2414510000624,40.04835500004726],[-86.24144299966648,40.04668999973862],[-86.241422999575,40.04230800004489],[-86.24142000010026,40.04167099995533],[-86.24142000010026,40.04155699978977],[-86.24142000010026,40.04154500026799],[-86.24122799958133,40.03201199979496],[-86.24119199959632,40.02980999984917],[-86.24117599970279,40.028749999928536],[-86.24116300018231,40.028025000308595],[-86.24115999980926,40.02777000000054],[-86.2411549997864,40.02757599989376],[-86.24115300013658,40.027471999843414],[-86.24113800006796,40.02682199989161],[-86.24113100039526,40.026508000270006],[-86.24106799974776,40.020763999792486],[-86.24106000025016,40.01863000022625],[-86.24107299977062,40.01424899966628],[-86.24107399959554,40.013949999942774],[-86.24107000029589,40.01327500009241],[-86.24107000029589,40.01294300009573],[-86.24107000029589,40.01293299973918],[-86.24107000029589,40.012876999779635],[-86.24107000029589,40.01281100008768],[-86.24106899957265,40.01276300033422],[-86.24106799974776,40.008835000017136],[-86.24106699992284,40.005923000306986],[-86.24106699992284,40.00582099987262],[-86.2410569998771,40.00403399995403],[-86.2410560000522,40.003536999884254],[-86.24105400040237,40.00232300017364],[-86.24105299967914,40.00224899974949],[-86.24105100002932,40.00041700005659],[-86.24105100002932,40.000040000028456],[-86.24107000029589,39.99955200015368],[-86.24106600009793,39.998995999780114],[-86.24106600009793,39.99891300011822],[-86.24106500027301,39.998772999937586],[-86.24109899970989,39.99863599986142],[-86.24124900039604,39.9980389998673],[-86.24124799967281,39.997999999931594],[-86.24124799967281,39.99788599972714],[-86.24124799967281,39.99784800030489],[-86.24123500015233,39.99588700033072],[-86.24106600009793,39.993440000223266],[-86.24107600014366,39.99334500026067],[-86.24106299972487,39.99271499984546],[-86.24106100007505,39.9918940001159],[-86.24107399959554,39.9915169998343],[-86.24122699975642,39.98707599971853],[-86.2412180004339,39.9853509997506],[-86.24121099986289,39.9840259999546],[-86.24120900021308,39.98369500032232],[-86.24118400009871,39.97872899976179],[-86.24117700042602,39.977093999955606],[-86.24104699983137,39.9717390001884],[-86.24106400044812,39.96983900013696],[-86.24106299972487,39.96970799974091],[-86.24102699973987,39.96411399999022],[-86.24102300044022,39.96367600027762],[-86.241021999717,39.96355199992479],[-86.24101699969412,39.96257399983253],[-86.24100400017366,39.96086700024135],[-86.24098999992995,39.95875399994857],[-86.2409790000593,39.9571249998008],[-86.24097800023438,39.956958999854656],[-86.24096099961763,39.9553149998787],[-86.2409589999678,39.95519200004943],[-86.24090299989132,39.95223199993902],[-86.24090299989132,39.95215300019128],[-86.24090299989132,39.95194299965975],[-86.24090299989132,39.951451000237924],[-86.24090299989132,39.951315000204524],[-86.24090399971622,39.951105999762845],[-86.24090399971622,39.95106899971035],[-86.24090399971622,39.95095900003171],[-86.24090500043945,39.95092299981052],[-86.24090500043945,39.95081100007233],[-86.24090299989132,39.950267000112774],[-86.24090399971622,39.94884999981945],[-86.24090299989132,39.948513000256064],[-86.24090299989132,39.94810499972577],[-86.24090299989132,39.94803500029836],[-86.24090299989132,39.9461679999401],[-86.24090299989132,39.94500999990234],[-86.2409020000664,39.94075299993173],[-86.24082800044654,39.9343030001076],[-86.24082699972334,39.93416100018012],[-86.24080800035507,39.9323989999429],[-86.24073600038504,39.92606200024516],[-86.24062000003411,39.92605200025906],[-86.24050200003332,39.92604700026547],[-86.24037599963663,39.92604599999115],[-86.23973899977707,39.92605499970394],[-86.23918399993329,39.92606200024516],[-86.23848299960133,39.926069999681886],[-86.23790000016847,39.92607700022157],[-86.23743999986091,39.92608299979791],[-86.23704999987359,39.92608799978888],[-86.23547200038088,39.926107000164535],[-86.23338199980378,39.92613200010695],[-86.23305399974073,39.92613599982135],[-86.23273300024867,39.926138999951405],[-86.23249300004916,39.92614500021121],[-86.23233300021558,39.9261489999248],[-86.23222199988751,39.92615000019765],[-86.23205500038125,39.92615099978155],[-86.23168200011236,39.92613700009435],[-86.22960499995403,39.92616599973845],[-86.22881900013158,39.92618199996442],[-86.22760999981149,39.92620899973447],[-86.22646099976588,39.92622600022208],[-86.22606499993076,39.92623600018277],[-86.22551799958457,39.92624199974517],[-86.22516199993242,39.92624600014199],[-86.22490199964142,39.926249999849716],[-86.22430300031503,39.92625900022459],[-86.22379100012895,39.926261000078085],[-86.2232449996077,39.92626900018046],[-86.22298299966687,39.92627299988684],[-86.22242500034837,39.926282000258645],[-86.22228600043118,39.92628400011152],[-86.22219699984441,39.92628599996428],[-86.22203700001084,39.926289000087806],[-86.22105299982167,39.92630899998931],[-86.22038199962692,39.9263220000599],[-86.21990200012621,39.92633200000655],[-86.21953499970509,39.92633500012807],[-86.21926100006873,39.92634500007283],[-86.21896200031796,39.92635000004467],[-86.21857399998045,39.92635800013659],[-86.2182819999024,39.92635999998724],[-86.2161210000785,39.92640100001206],[-86.21592899955958,39.92640499971068],[-86.21500600036808,39.9264229997296],[-86.21443300008264,39.926435000198815],[-86.21422800004322,39.92643599977855],[-86.21379200002512,39.92644899982508],[-86.2137119996592,39.926450000093496],[-86.21253699967431,39.926468000100584],[-86.21191300023354,39.926476999757845],[-86.21161799978245,39.92648499983498],[-86.21131599965867,39.92648900021765],[-86.21071599960902,39.92649700029333],[-86.21052900001128,39.92649900013992],[-86.2094679998292,39.9265179997126],[-86.20850499955642,39.926530000165215],[-86.2068550000937,39.92656199975436],[-86.20496100023351,39.92659400001747],[-86.20359899975256,39.926616999938965],[-86.20341100032988,39.92662000004799],[-86.20324300010039,39.92662300015688],[-86.20308699956648,39.92662499999974],[-86.20292500008308,39.92662699984253],[-86.2028770004025,39.926628000108416],[-86.2028639999837,39.926628000108416],[-86.20283300002157,39.926628000108416],[-86.20281200010518,39.926628000108416],[-86.20203399978033,39.926636999744645],[-86.20082000033568,39.926651000018495],[-86.1994419999612,39.92666200018243],[-86.19903000023255,39.92666500028948],[-86.19895300023965,39.926665999865854],[-86.19774899994246,39.926678000292476],[-86.19501900003107,39.92671499975763],[-86.19464699958708,39.926717999862355],[-86.19445199959341,39.926719999702435],[-86.19373600009116,39.92672599991132],[-86.19311199975209,39.92673000027985],[-86.19233400032554,39.92673500022357],[-86.19091199957015,39.92675100031656],[-86.18861600002703,39.926769999819356],[-86.1877480001888,39.926777999862246],[-86.18577300013776,39.92679599978304],[-86.18452000033506,39.92680500008614],[-86.18407000007326,39.92680899976121],[-86.18402900006538,39.92680899976121],[-86.18361399996367,39.92680699992368],[-86.18264499984312,39.92681600022532],[-86.1822630002517,39.92681900032557],[-86.18054900031656,39.9268249998369],[-86.17935300041526,39.92683499971009],[-86.1787630004114,39.926840000334984],[-86.178406000036,39.92684200017155],[-86.17760299959679,39.92684299974533],[-86.1771259995708,39.92684299974533],[-86.17616800021922,39.926853000304796],[-86.17554300005524,39.926866000272085],[-86.17474100033925,39.926887000267065],[-86.17439599965944,39.92689400003436],[-86.17385699970917,39.9268989999661],[-86.1722370003837,39.92689500029629],[-86.17213899957608,39.92689500029629],[-86.16929300021208,39.92688900010226],[-86.16575300018879,39.9268989999661],[-86.16506600010052,39.92690599973212],[-86.16391500040508,39.9269249998808],[-86.16306400028529,39.92693100007167],[-86.16097500043142,39.92695800023522],[-86.16013699983212,39.92696699982812],[-86.15922100031331,39.92697600010868],[-86.15902200012167,39.926979000201975],[-86.15805499965093,39.9270050000863],[-86.15781500034973,39.92700800017831],[-86.15675599981748,39.92702100011617],[-86.15637400022605,39.92702600003864],[-86.15530800002111,39.92704599972483],[-86.15490399979008,39.92705000007471],[-86.15383799958514,39.92706900018337],[-86.15328699993931,39.927077999761686],[-86.15225400024465,39.927085000198296],[-86.15069099992225,39.92710499986726],[-86.15067699967855,39.92710499986726],[-86.1491109998814,39.92712700004746],[-86.14851500002973,39.92713300022063],[-86.14820000038546,39.927136000307044],[-86.14752199961971,39.92714900022065],[-86.14588300002767,39.92716800030183],[-86.14526399971146,39.927157000219204],[-86.14465500033931,39.92714699970415],[-86.14397499992374,39.92714199979053],[-86.14238599966207,39.92713099970372],[-86.14182999999338,39.92712500021927],[-86.13942099957404,39.9270960002925],[-86.13869099982809,39.927088000286815],[-86.13798100017361,39.92708000028014],[-86.13636699979759,39.92706900018337],[-86.13469300004542,39.92705800008484],[-86.1343690001803,39.927051999905096],[-86.13399099988854,39.927035000311484],[-86.13388299993349,39.927024999778624],[-86.13377699962828,39.92701600019335],[-86.13370600038148,39.92701100027015],[-86.13342599999902,39.92697499984794],[-86.13335599967881,39.92696100032931],[-86.13328600025693,39.92695200004671],[-86.13314800016465,39.9269249998808],[-86.13308000039261,39.926906999993875],[-86.13301199972223,39.92689299977242],[-86.13293399990441,39.926874999877086],[-86.13275200032955,39.926874000303755],[-86.1319329999968,39.926884000169785],[-86.131418000336,39.92688999967536],[-86.13069899956237,39.9268970001312],[-86.13031399959789,39.92690399989747],[-86.12876200004446,39.926921000212495],[-86.12723600043029,39.92693499973938],[-86.12707200039877,39.926913999759115],[-86.12700299990347,39.92690599973212],[-86.12696500026864,39.92690099980089],[-86.12686999983408,39.926882999907704],[-86.12680999955963,39.92687100020587],[-86.12667300019059,39.92687100020587],[-86.12523999956453,39.92687100020587],[-86.12439600001575,39.92687199977928],[-86.12359199975162,39.92687199977928],[-86.12278900021073,39.92687199977928],[-86.12115599956812,39.926881000072335],[-86.1193589997923,39.92688999967536],[-86.11927299957856,39.92689099993734],[-86.11897800002579,39.92689299977242],[-86.11799300001171,39.92690000022795],[-86.11730799957326,39.92690099980089],[-86.11637500033602,39.9268989999661],[-86.11509400004591,39.92690399989747],[-86.11466600042374,39.92690599973212],[-86.11355300036314,39.92690099980089],[-86.11311700034504,39.92690099980089],[-86.11277599986319,39.92690099980089],[-86.11254999990739,39.92690099980089],[-86.11241400036326,39.92690099980089],[-86.11216800031596,39.92690200006271],[-86.11158900018273,39.9268989999661],[-86.11074999975853,39.926913999759115],[-86.10986600002676,39.92691000009018],[-86.10796899979351,39.92690599973212],[-86.10786199966338,39.92690599973212],[-86.10674699995296,39.92689799970424],[-86.10663499979997,39.92689799970424],[-86.10548400010452,39.92690000022795],[-86.10485599956749,39.92689799970424],[-86.10348599958894,39.92689400003436],[-86.10050600033061,39.926884000169785],[-86.09947299973764,39.92688200033445],[-86.09819099962263,39.926879999810204],[-86.09650900037283,39.9268779999748],[-86.0957739997057,39.926879999810204],[-86.09480100028547,39.926881000072335],[-86.09455400041327,39.92688200033445],[-86.09439100020666,39.92688200033445],[-86.09112300016993,39.92688900010226],[-86.08870500042809,39.926884000169785],[-86.08861099981846,39.92688499974296],[-86.08819499989185,39.926887000267065],[-86.08754499961351,39.92689099993734],[-86.0841860002385,39.92690099980089],[-86.08324499970702,39.92690500015925],[-86.08224799999736,39.92692300004665],[-86.08219500029394,39.92692300004665],[-86.08138500018202,39.92692199978514],[-86.08082500031537,39.92692199978514],[-86.07929200013018,39.92693200033305],[-86.0790539995805,39.92693400016688],[-86.07715200022268,39.926945999857686],[-86.07681999996167,39.926947000118844],[-86.07670100013598,39.926947000118844],[-86.07666000012811,39.926947000118844],[-86.07648400040101,39.9269479996911],[-86.07633399971486,39.92694899995223],[-86.07624300037659,39.92695000021335],[-86.07618300010213,39.92695000021335],[-86.07603099976618,39.92695099978562],[-86.07587900032851,39.92695099978562],[-86.07494899966768,39.926953999879956],[-86.07183100031713,39.92697999977376],[-86.07046100033857,39.92698599995982],[-86.06974300028816,39.926984999699215],[-86.06959400032524,39.926984999699215],[-86.06919900031502,39.926984999699215],[-86.06865299979377,39.926984000127504],[-86.0683029999894,39.926984000127504],[-86.06743599997608,39.9269920001454],[-86.06640499993125,39.92700199999419],[-86.06612100024911,39.9270050000863],[-86.06519200031151,39.927013000101724],[-86.06409699979426,39.9270059996577],[-86.06370199978404,39.92700300025454],[-86.06357700011058,39.92700300025454],[-86.0630859998409,39.92700300025454],[-86.06294400044898,39.92700399982597],[-86.06191300040415,39.9270050000863],[-86.0616990001439,39.9270050000863],[-86.06167499985446,39.9270050000863],[-86.06140700006586,39.9270059996577],[-86.06057799968737,39.92700800017831],[-86.06026800006599,39.927008999749674],[-86.0599669997671,39.92701000000992],[-86.05976799957546,39.92701100027015],[-86.05883699998805,39.92701600019335],[-86.05786500039274,39.92702100011617],[-86.05717499993145,39.92702400020749],[-86.05605500019814,39.92702700029863],[-86.0558340002652,39.927027999869765],[-86.05548199991269,39.92702900012974],[-86.05465199970928,39.92703099996073],[-86.0542719997677,39.92703200022065],[-86.05381999985607,39.92703400005161],[-86.0518349997593,39.9270420000636],[-86.05065899994949,39.92704599972483],[-86.04962899972953,39.92704800024422],[-86.04933400017677,39.92704800024422],[-86.04906800003798,39.92704800024422],[-86.04858199979118,39.92704899981505],[-86.04770599955702,39.92705000007471],[-86.04736599979842,39.92705100033436],[-86.04690600038919,39.927051999905096],[-86.04625600011084,39.92705300016471],[-86.04535399993743,39.92705399973548],[-86.03994900036626,39.92706199974513],[-86.03659299956769,39.92707100001326],[-86.0352209999393,39.92706799992399],[-86.03496200037154,39.927066999664596],[-86.03486399956394,39.927066999664596],[-86.0340309998858,39.92706499983465],[-86.03297899992455,39.92706400026405],[-86.03100899989636,39.927087000027704],[-86.02976600013943,39.927106999696086],[-86.0294680002136,39.92711200030111],[-86.02890199960083,39.927123999960706],[-86.02822700010647,39.92713899970443],[-86.02766800006472,39.92715200030631],[-86.02642199993473,39.92717999995161],[-86.02597800041902,39.92719100003055],[-86.02523699990408,39.92720099985028],[-86.02183999999593,39.927248000223365],[-86.02176499965286,39.927248000223365],[-86.0210209996632,39.927248000223365],[-86.02068099990458,39.92725399969708],[-86.01957799988972,39.92727500026194],[-86.01925999987239,39.927280999733235],[-86.01811900022268,39.927315999738724],[-86.01788900006893,39.927323000151056],[-86.016894999834,39.927339000106606],[-86.01571700037438,39.92735899970136],[-86.01448200011501,39.92738399987544],[-86.01424600011349,39.92738899977139],[-86.01385699995105,39.92739199984658],[-86.01370799998813,39.92739000002607],[-86.0135499998044,39.92738800020557],[-86.01339199962064,39.92738000023395],[-86.013015999877,39.92735000016],[-86.01281099983758,39.927339000106606],[-86.01255499974455,39.927318000250274],[-86.01240300030689,39.927304999679876],[-86.01125699973602,39.927167000043895],[-86.01100300019111,39.927141000221106],[-86.01084500000736,39.92713399979022],[-86.01080900002235,39.92713300022063],[-86.01019200025429,39.92712299970213],[-86.01001200032924,39.927120000304036],[-86.00854400044139,39.92711200030111],[-86.00741600031216,39.92710600012611],[-86.00699000033981,39.92709999995056],[-86.00639000029018,39.927091999945354],[-86.00438099990394,39.927077999761686],[-86.00340199973763,39.92707100001326],[-86.002032999584,39.92705999991504],[-86.00165900038849,39.92705699982529],[-86.0013849998538,39.92705600025463],[-85.99503700010132,39.927000000162295]]]}},{"type":"Feature","properties":{"id":"18145","name":"Shelby"},"geometry":{"type":"Polygon","coordinates":[[[-85.74176999987442,39.35018700013192],[-85.74172600039181,39.35018700013192],[-85.74080599977671,39.35018200001343],[-85.73791299965873,39.35016799995756],[-85.73695000028427,39.35016400013954],[-85.73692199979685,39.35016400013954],[-85.73666700042705,39.35015700011013],[-85.7345669998042,39.35014100013954],[-85.72741800016065,39.35008999999181],[-85.7250349996806,39.35007299970272],[-85.72500600026662,39.35007299970272],[-85.72496199988568,39.3500720000942],[-85.72474299960255,39.35007000018248],[-85.72467099963252,39.35007000018248],[-85.72464300004344,39.35007000018248],[-85.72426099955372,39.35006800027069],[-85.72303299986537,39.35006300014369],[-85.72262399961146,39.35006199984037],[-85.72183899961391,39.35006100023171],[-85.71948500034449,39.35005800001628],[-85.71870100017185,39.3500569997129],[-85.71694000038104,39.3500569997129],[-85.71315699978518,39.35005900031967],[-85.71165999958504,39.35005200027972],[-85.70989999961913,39.35004500023914],[-85.70871999961136,39.35004000011044],[-85.7070049998513,39.35003399967772],[-85.70518299996112,39.35002200020002],[-85.70400499960319,39.35001500015637],[-85.7039560000977,39.35001500015637],[-85.70391900028777,39.35001500015637],[-85.70366200036983,39.35001500015637],[-85.70357699998101,39.3500159997657],[-85.70355500023972,39.3500159997657],[-85.7032720003825,39.35001500015637],[-85.70235599996538,39.35001500015637],[-85.70205200019176,39.35001500015637],[-85.70045500043248,39.35001399985237],[-85.69929999964077,39.35001399985237],[-85.69566400025633,39.3500159997657],[-85.69406800032196,39.350017999678975],[-85.69403599963661,39.350017999678975],[-85.69215699984501,39.35002299980924],[-85.68642500003568,39.35004200002304],[-85.68451500028198,39.35004900006397],[-85.68370500017006,39.350047000151584],[-85.68260800000299,39.35005900031967],[-85.68201299997622,39.35005999992836],[-85.68153599995026,39.35005900031967],[-85.68123600037461,39.35006399975233],[-85.68055699978395,39.35006300014369],[-85.68017099999456,39.350066999967495],[-85.67908600042136,39.35006599966424],[-85.6786749996193,39.35007599991749],[-85.6782860003552,39.350070999791015],[-85.67700900026306,39.350084000257986],[-85.67576999980575,39.35008899968887],[-85.67393100019713,39.35010099984974],[-85.67237600027066,39.35010700027676],[-85.67014199975351,39.350111999705945],[-85.66881899963062,39.350128999985536],[-85.66789499971588,39.350130999895576],[-85.66782799976873,39.350128999985536],[-85.66759500014024,39.350125000165285],[-85.66627799986512,39.35013600001776],[-85.66580000001424,39.35013700032003],[-85.66436599956326,39.35014199974706],[-85.6638890004356,39.35014399965673],[-85.66338300009731,39.350146000261006],[-85.66292899963754,39.350148999777986],[-85.66245800035769,39.35015300029147],[-85.66114199990747,39.350148999777986],[-85.6602420002822,39.35014100013954],[-85.66004999976326,39.35014100013954],[-85.65913699971918,39.350143000049236],[-85.65909099968843,39.350143000049236],[-85.65708999969812,39.35015500020083],[-85.6543360003956,39.35015500020083],[-85.65200999981695,39.35015599980815],[-85.65105999996295,39.350162999837664],[-85.64832699967855,39.35016699965575],[-85.64364699983047,39.35018000010486],[-85.64106599988202,39.35017899980321],[-85.64007400019523,39.35017300007704],[-85.63983200034589,39.3501719997753],[-85.6371719998564,39.35018500022348],[-85.63583899968778,39.35018500022348],[-85.63532099965391,39.350192000250104],[-85.63494800028333,39.350192999856894],[-85.63383199984965,39.35019699967325],[-85.633460000304,39.35019900027596],[-85.63289399969123,39.35020100018399],[-85.63277499986555,39.35020199979066],[-85.63119599964962,39.350203999698614],[-85.63062999993518,39.350204999999896],[-85.63059300012526,39.35313899985896],[-85.63048199979717,39.361944000301065],[-85.63044599981215,39.36487899968075],[-85.63042999991863,39.366094999956005],[-85.63038399988788,39.36974400015911],[-85.63036899981927,39.37096099975581],[-85.63036700016946,39.37106600010508],[-85.6303629999715,39.371382000203646],[-85.63036200014658,39.371487999916376],[-85.63034700007798,39.37238400008694],[-85.63030600007008,39.37504900022454],[-85.63030600007008,39.37507500019227],[-85.63031799976565,39.375972000093746],[-85.63031600011581,39.37604499997494],[-85.63031399956769,39.376265999711165],[-85.63031399956769,39.37633999990635],[-85.630306999895,39.37695199979013],[-85.63028699980352,39.37878899977791],[-85.63028099995572,39.379402000294846],[-85.6302659998871,39.380914000319336],[-85.6302230002294,39.385451999960985],[-85.6302089999857,39.38696499992365],[-85.63021499983348,39.38942199983795],[-85.63023599974987,39.39679499972897],[-85.63024400014581,39.39925300018568],[-85.63024099977275,39.399728000268716],[-85.63023400010005,39.40115400011806],[-85.63023199955191,39.401630000009185],[-85.63020599961266,39.40457400023398],[-85.63013000034299,39.413407000059124],[-85.63010699987846,39.41611099995297],[-85.63011199990133,39.416352000065174],[-85.63013799984058,39.417288000250444],[-85.6301539997341,39.41786000015286],[-85.6301599995819,39.41806799971077],[-85.630166000328,39.41827500001584],[-85.6302159996584,39.420097000342295],[-85.63022700042737,39.420468999880676],[-85.63023199955191,39.42064299976679],[-85.63023699957479,39.42081699991244],[-85.63024300032089,39.421034000187404],[-85.63025900021442,39.42183899998416],[-85.63026099986425,39.42193099984479],[-85.63025900021442,39.42202300027794],[-85.6302580003895,39.42271300000244],[-85.6302580003895,39.42277500004954],[-85.63025699966627,39.42314599991751],[-85.63025400019154,39.42325499995788],[-85.63025699966627,39.42360399990173],[-85.6302580003895,39.42369400032354],[-85.63029600002434,39.42572200033926],[-85.63027699975775,39.42615099997283],[-85.63017600037374,39.42624899982103],[-85.63014799988633,39.426285999791595],[-85.6301319999928,39.426305999973835],[-85.63009199980984,39.426378999931],[-85.63008299958899,39.42640899981517],[-85.63006500004565,39.42651400000199],[-85.63006500004565,39.42658100033588],[-85.6300619996726,39.42692300031177],[-85.63003999993131,39.42722299969994],[-85.63004900015214,39.42733099971862],[-85.630054000175,39.42766800005662],[-85.63005199962686,39.42805600028452],[-85.63004300030434,39.42835399990127],[-85.6300259996876,39.428448999804544],[-85.63001700036509,39.428498999738196],[-85.63001300016712,39.4285220002923],[-85.63002700041082,39.42865099976009],[-85.63002999988555,39.42871100033485],[-85.63004400012926,39.42896399969215],[-85.63004199958112,39.42908500011596],[-85.63003499990843,39.42944899998645],[-85.63003400008351,39.42957100011995],[-85.6300320004337,39.42960799971443],[-85.63002900006065,39.42971799991174],[-85.63002800023574,39.42975599997738],[-85.63002700041082,39.429991000288275],[-85.63002400003776,39.43069500009284],[-85.63002400003776,39.43093099985076],[-85.63002400003776,39.430946000202304],[-85.63002400003776,39.43099099984991],[-85.63002400003776,39.431006000188546],[-85.63002099966472,39.43114700002225],[-85.63001399999203,39.43157200024531],[-85.6300120003422,39.43171400014858],[-85.63001099961899,39.43175499999354],[-85.63000700031934,39.43187800007741],[-85.63000700031934,39.43192000034402],[-85.63000499977122,39.431961999891456],[-85.63000099957324,39.432087999769564],[-85.63000099957324,39.43213099973091],[-85.62999600044868,39.432303000004644],[-85.62999300007563,39.43244399998891],[-85.6299910004258,39.43277799975312],[-85.6299910004258,39.432820999982404],[-85.6299910004258,39.432993999749314],[-85.62998899987767,39.43305000012731],[-85.6299849996797,39.433220999714266],[-85.62998399985482,39.43327399980134],[-85.62998399985482,39.43330599979509],[-85.62998399985482,39.433393000072414],[-85.62998399985482,39.43342199990946],[-85.62997999965683,39.43446299982221],[-85.62997899983193,39.434766000095316],[-85.62996299993841,39.435522999982894],[-85.62994399967184,39.43758700032882],[-85.62993799982404,39.4382530001225],[-85.62991799973257,39.43840100005984],[-85.62987099987689,39.43848999967862],[-85.62979100040928,39.43856200032369],[-85.6297799996403,39.43857599999728],[-85.62968299955592,39.438629000173044],[-85.62937399975944,39.43874199987647],[-85.62924900008598,39.438794999925975],[-85.62915799984937,39.438860000101755],[-85.62911299964352,39.43891800006866],[-85.62908800042749,39.438966999704],[-85.62906999998582,39.439033000135325],[-85.6290759998336,39.439715999949065],[-85.62909000007731,39.441017000114094],[-85.62912100003945,39.44243599997647],[-85.6291310000852,39.44316399982985],[-85.62916500042037,39.44440699990193],[-85.62916500042037,39.44441800015959],[-85.62917899976576,39.44574400026655],[-85.62918499961354,39.445986000194175],[-85.62919700020743,39.44666300005096],[-85.62920700025319,39.44720200010936],[-85.62922700034466,39.447906000103124],[-85.62923599966717,39.4484870002414],[-85.62924200041327,39.448696000225475],[-85.62924999991087,39.44897100030751],[-85.6292580003068,39.449373999668985],[-85.62925999995663,39.44951400021117],[-85.62926900017744,39.449934000148794],[-85.6292730003754,39.450074000258695],[-85.62927599985015,39.45022399986585],[-85.62928000004811,39.45040800011728],[-85.6292869997208,39.45067400021679],[-85.62929199974366,39.450823999918704],[-85.62929400029181,39.451149999793515],[-85.62929500011673,39.451215000230775],[-85.62931900040617,39.45238799978433],[-85.62932699990378,39.45275000022885],[-85.62932799972867,39.45277999985553],[-85.62936000041405,39.453099000172614],[-85.62937200010961,39.4532320000644],[-85.62937299993453,39.45328800012536],[-85.62937499958436,39.45341100033651],[-85.62938100033044,39.45378300027857],[-85.62938299998028,39.45390699981753],[-85.62938899982805,39.454299999856204],[-85.62940800009463,39.455481999685404],[-85.62940999974445,39.45555199974652],[-85.62941499976733,39.455877000198036],[-85.62942999983593,39.45682700023432],[-85.62943200038409,39.45691300010436],[-85.62943300020898,39.4569580003166],[-85.62948099988955,39.4596770002349],[-85.62949900033124,39.46062699973459],[-85.62950299963087,39.46089200022055],[-85.62951600004966,39.46169000005779],[-85.62952100007251,39.46195600005096],[-85.62953000029336,39.462481999980504],[-85.62955700005753,39.46406000019042],[-85.62956600027837,39.464586000169334],[-85.62957299995107,39.46499400020761],[-85.62959399986747,39.46622099991683],[-85.62960100043847,39.46663000009791],[-85.62960499973812,39.46689599993447],[-85.62961899998183,39.467697000290975],[-85.62962400000468,39.467964000210145],[-85.6296320004006,39.46837599983889],[-85.62965800033989,39.469612000038275],[-85.6296669996624,39.47002500028188],[-85.62966900021054,39.47012300012087],[-85.62967500005833,39.47042000009189],[-85.62969799962454,39.47150199966346],[-85.62970000017268,39.471581999740465],[-85.62973899963242,39.47416899978396],[-85.62977700016556,39.475266999707756],[-85.62978300001335,39.47544500027957],[-85.62987699972469,39.4783670002808],[-85.62990600003701,39.47928900019044],[-85.6299279997783,39.479976000331455],[-85.63000200029646,39.4822720002528],[-85.6300039999463,39.482344999789504],[-85.63001099961899,39.48256499981039],[-85.63001399999203,39.482639000215634],[-85.63001499981695,39.48267999989099],[-85.63001800018999,39.4828060002132],[-85.63001900001491,39.48284900005629],[-85.63002300021286,39.483051000301764],[-85.63003800028147,39.483657000291224],[-85.63004300030434,39.48386000004174],[-85.630054000175,39.48434899979135],[-85.63008799961187,39.48581599990236],[-85.63010000020574,39.48630499976422],[-85.63010199985558,39.48639500027859],[-85.63010799970336,39.486666000161094],[-85.63011100007641,39.48675699993847],[-85.63011799974912,39.487032999814964],[-85.63013899966552,39.487860999804454],[-85.63014600023651,39.488137000151994],[-85.63014100021364,39.488502999963174],[-85.63012899961974,39.489604000077975],[-85.63012600014503,39.48997100017052],[-85.63012600014503,39.48999300014858],[-85.63012799979485,39.490063000158344],[-85.63012899961974,39.49008599978962],[-85.6301599995819,39.491528999995936],[-85.63020599961266,39.49363700001264],[-85.63027099990998,39.49585900006184],[-85.63029199982638,39.49656400034166],[-85.63031399956769,39.49730299994833],[-85.63033399965917,39.49877799979506],[-85.63037300001723,39.50147099995945],[-85.63039700030667,39.50320599993584],[-85.63041800022307,39.50468200013445],[-85.63041900004798,39.50479100007962],[-85.63042400007086,39.50512100006041],[-85.63042599972069,39.50523100016788],[-85.630455000033,39.507332000332156],[-85.63052199998015,39.51206200008208],[-85.63054399972147,39.51363700022543],[-85.63057399985868,39.515738999864816],[-85.63057700023172,39.51608999985907],[-85.6305889999273,39.517145000260875],[-85.63059300012526,39.51749700006185],[-85.63059700032322,39.51788000010259],[-85.63059700032322,39.51793700007654],[-85.63060499982083,39.51870600001518],[-85.63060900001878,39.51903199990483],[-85.6306099998437,39.519161000046644],[-85.63061300021674,39.51941699970447],[-85.63061499986658,39.5197679998238],[-85.63061599969147,39.51986700019417],[-85.63062800028537,39.52121999989094],[-85.630631999585,39.521670999707304],[-85.63063400013314,39.52200899992064],[-85.63063699960786,39.522392999938354],[-85.63065500004954,39.52456200027455],[-85.63066000007241,39.52516300004944],[-85.63066099989733,39.525178000188305],[-85.63067599996593,39.52522799993482],[-85.63070600010316,39.52527400016864],[-85.63075600033189,39.525322999977575],[-85.6307639998295,39.52533100031072],[-85.6308140000582,39.52537900021178],[-85.63085599989098,39.52543200010721],[-85.63088299965517,39.52549199971782],[-85.63089699989887,39.52556200000636],[-85.63091000031766,39.52643900013603],[-85.63095200015046,39.52901799981656],[-85.63095200015046,39.529070999706065],[-85.63096600039417,39.52994899966293],[-85.63096800004399,39.53011199974055],[-85.6309760004399,39.53060300003388],[-85.63097899991463,39.530766999752],[-85.63098399993751,39.53114799979436],[-85.63100200037917,39.53229300007682],[-85.63100700040205,39.53256899996162],[-85.63099999983102,39.53260999997893],[-85.63097200024195,39.532651999734966],[-85.63096200019619,39.5326609996794],[-85.63097399989176,39.53347899968619],[-85.63101099970169,39.53593500019615],[-85.63102400012049,39.53675400012557],[-85.63103800036419,39.53721499994492],[-85.6310810000219,39.538599000107965],[-85.63109600009051,39.539060999814396],[-85.63110100011338,39.539255999743766],[-85.63111899965674,39.5398440000724],[-85.63112500040282,39.540040000229546],[-85.63113700009839,39.54114200024571],[-85.63116600041069,39.54371899972583],[-85.63117800010626,39.544447999909785],[-85.63119800019774,39.545549999897354],[-85.63119900002266,39.54563499992624],[-85.63120300022064,39.545890000080945],[-85.63120499987046,39.54597599995713],[-85.63120999989331,39.546258000333715],[-85.63122499996193,39.54710400012896],[-85.63122999998481,39.54738700032099],[-85.63123300035784,39.547613999787664],[-85.6312440002285,39.5482979999643],[-85.63124699970325,39.548426999764416],[-85.63123699965749,39.54847800031189],[-85.63121200044145,39.5485189999371],[-85.63122999998481,39.54976599968724],[-85.63128600006131,39.55350999999445],[-85.63130500032787,39.5547580002174],[-85.63135499965827,39.55768100012094],[-85.63150600016932,39.56645300028477],[-85.63155700022295,39.569377000293294],[-85.63156200024581,39.56966300010409],[-85.63157800013936,39.570521000075054],[-85.63158399998713,39.57080700001399],[-85.63159700040592,39.57159899975993],[-85.63163699969058,39.57397599996603],[-85.63165099993428,39.57476900005593],[-85.6316800002466,39.57640399977566],[-85.63176700028524,39.58130999993081],[-85.63179599969924,39.58294600017484],[-85.63184000008017,39.58614400026408],[-85.63197200032465,39.5957400001123],[-85.63201699963219,39.59893900031755],[-85.6320180003554,39.59904899989777],[-85.63202300037828,39.59937899966683],[-85.6320250000281,39.59948899993267],[-85.63203500007384,39.60019599981805],[-85.63204000009672,39.60051700021311],[-85.63204400029468,39.600900000301095],[-85.63205000014246,39.60139899991298],[-85.63205400034042,39.60149199987175],[-85.63205500016531,39.601509999894034],[-85.6320590003633,39.60154300015336],[-85.63209899964794,39.60338600001596],[-85.63213999965583,39.606822000294194],[-85.6321599997473,39.60768700024455],[-85.63221300034907,39.610082999946336],[-85.6322149999989,39.61033000026626],[-85.63222400021974,39.61116000014741],[-85.63277099966758,39.611158000116326],[-85.63275899997203,39.61183799975181],[-85.63274499972832,39.61260999988464],[-85.63270899974331,39.614783999674465],[-85.63270999956822,39.61693499987822],[-85.63270999956822,39.61696799970623],[-85.63273600040581,39.61830900023084],[-85.63272700018497,39.61834900016997],[-85.63270200007061,39.61838499974941],[-85.63268000032932,39.61840099971022],[-85.63267799978117,39.61863499992603],[-85.63268899965182,39.61931699995136],[-85.63269600022284,39.619861000291436],[-85.63275300012424,39.62424400008179],[-85.63275399994914,39.62428700022005],[-85.63277099966758,39.6257060001704],[-85.63278099971332,39.62861999999137],[-85.63281400022362,39.637363999825574],[-85.63282500009424,39.64027900005964],[-85.63282400026935,39.643457000009114],[-85.63282400026935,39.65299400018878],[-85.63282400026935,39.6561730002257],[-85.63283000011712,39.65654200008495],[-85.63285000020863,39.657650000326946],[-85.6328569998813,39.65801999993838],[-85.63286100007926,39.65822200015396],[-85.63286199990418,39.658303000218325],[-85.6328629997291,39.65836799979152],[-85.63286500027722,39.65844999970857],[-85.63286500027722,39.65856000015286],[-85.63286600010214,39.659431000086116],[-85.63286699992706,39.659783999772536],[-85.63286899957687,39.66170600016448],[-85.6328700003001,39.66207700016281],[-85.6328629997291,39.6657369998148],[-85.63285900042945,39.66747499976646],[-85.6328560000564,39.66939799977917],[-85.63285100003353,39.67012500034413],[-85.63283799961474,39.6723089998592],[-85.63283500014,39.67303799983935],[-85.63283299959187,39.67327999969696],[-85.63282900029222,39.674008000002935],[-85.632827999569,39.6742509997145],[-85.63282500009424,39.6747360002422],[-85.63281599987343,39.676191000061024],[-85.63281400022362,39.67667699986363],[-85.63280900020074,39.67726100030692],[-85.63279300030722,39.67901299966431],[-85.63278900010926,39.67959800012304],[-85.63278800028434,39.67963599975334],[-85.63278699956113,39.67975299973918],[-85.63278699956113,39.67979199969043],[-85.6327859997362,39.67989499996986],[-85.63278300026148,39.68020399988635],[-85.63278300026148,39.68030799995003],[-85.63277700041368,39.6810340000736],[-85.63276099962185,39.68321200027942],[-85.6327570003222,39.683938999946896],[-85.63273999970545,39.68516600032486],[-85.63268899965182,39.688846000323096],[-85.6326729997583,39.690074000167506],[-85.63265699986478,39.69123599966177],[-85.63252499962027,39.69750399979923],[-85.63250500042712,39.698455000025824],[-85.63322799960207,39.6984620002849],[-85.6347719996579,39.69848100009587],[-85.636305999668,39.69849200020228],[-85.63645299998109,39.69849399978156],[-85.63861100033024,39.698515999988544],[-85.64028799955715,39.69852399968504],[-85.64161999990088,39.698530999937105],[-85.64233399975332,39.69854200003555],[-85.64278800021307,39.698545999882406],[-85.64516099974908,39.69856499967025],[-85.645493999835,39.69857199991816],[-85.64712499992947,39.69858799998841],[-85.64713699962505,39.69858799998841],[-85.64747300008403,39.69858900012227],[-85.64869300027475,39.698590999698794],[-85.64943399989137,39.69859699981035],[-85.64945499980776,39.69859699981035],[-85.64969699965711,39.69859699981035],[-85.65004300016183,39.69859699981035],[-85.65020600036844,39.69859699981035],[-85.65025400004902,39.69859699981035],[-85.6502799999883,39.69859699981035],[-85.65029400023198,39.69859699981035],[-85.6504080000348,39.69859799994407],[-85.6506880004173,39.69859799994407],[-85.65114000032891,39.69859799994407],[-85.65165900018769,39.69860600032224],[-85.65169000014983,39.69860600032224],[-85.65180300012773,39.69860699976469],[-85.65205300037297,39.6986010003452],[-85.65222800027517,39.69860199978768],[-85.65243099976644,39.69859799994407],[-85.65326900036575,39.69860600032224],[-85.65461500005486,39.69860799989828],[-85.65580799958309,39.69862100025129],[-85.65837500018618,39.69861899998445],[-85.65848599961595,39.69861899998445],[-85.66018000035791,39.69863000006887],[-85.66025700035081,39.69863000006887],[-85.66240099955796,39.69862299982684],[-85.66385000007753,39.698617999851024],[-85.66484000011451,39.69860799989828],[-85.66488399959711,39.69860799989828],[-85.66502500006243,39.69860799989828],[-85.6652340002998,39.69860900003184],[-85.66622799963642,39.69859799994407],[-85.66653200030834,39.69859500023399],[-85.66706000038795,39.69859400010023],[-85.66718500006141,39.6985919998326],[-85.66751099957634,39.69858699985455],[-85.66882100017875,39.6985769998973],[-85.66958000023703,39.69858500027791],[-85.671007000117,39.698584000143995],[-85.67103899990406,39.698584000143995],[-85.67177600022102,39.69857599976327],[-85.67202999976593,39.698580000299344],[-85.67212299965234,39.69858099974213],[-85.67241700027853,39.69857800003131],[-85.67282300015938,39.69857900016537],[-85.67358700024053,39.69858099974213],[-85.67459599964577,39.698584000143995],[-85.67500200042495,39.69858900012227],[-85.6777669995981,39.698595999676606],[-85.67819900031655,39.69859299996644],[-85.67856800038749,39.69859299996644],[-85.67942199998201,39.69859400010023],[-85.68028099959942,39.69860000021152],[-85.68052599982181,39.69859900007778],[-85.6812089997121,39.69859799994407],[-85.68216199993914,39.69860699976469],[-85.68261899987363,39.69860600032224],[-85.68300200018828,39.69861000016539],[-85.68305200041699,39.69861000016539],[-85.68532299984575,39.69861500014183],[-85.68569600011465,39.698612999874804],[-85.68723699979742,39.698617999851024],[-85.68743000014128,39.69861500014183],[-85.68746100010341,39.69861500014183],[-85.68798400016014,39.69862199969348],[-85.68818199962855,39.698617999851024],[-85.68856400011829,39.698617999851024],[-85.68896099977832,39.69862600022688],[-85.69146700028202,39.69863500004386],[-85.6930089997897,39.69865100009951],[-85.69353100002154,39.69864999996655],[-85.69460499972408,39.69865499994005],[-85.6946979996105,39.69866300031166],[-85.6947820001744,39.69867700009571],[-85.69484800029664,39.698698000112046],[-85.69490500019805,39.69872699979496],[-85.6949510002288,39.69876799965957],[-85.6949939998865,39.69883100029749],[-85.69708500028852,39.69877899972025],[-85.69727600008424,39.69877700014917],[-85.69733299998562,39.698778000280285],[-85.69738099966621,39.698778000280285],[-85.70419399974908,39.69886899971098],[-85.70566199963694,39.69886999984081],[-85.70641900004539,39.69873799986215],[-85.7066800001613,39.698748999927616],[-85.70742800034893,39.698755000025436],[-85.71071899995187,39.69879499974251],[-85.71153900010951,39.69880099983633],[-85.71237500016069,39.69881300002235],[-85.71575100015244,39.69883899995752],[-85.71579999965795,39.69883899995752],[-85.71649199976908,39.698840000087735],[-85.7179239996719,39.69885000000688],[-85.71905699982399,39.69884500004746],[-85.71949299984207,39.69884700030776],[-85.72134800024254,39.69885600009591],[-85.72304600028417,39.69885600009591],[-85.72539000040616,39.69885000000688],[-85.72602899991553,39.698846000177646],[-85.7261030004337,39.698846000177646],[-85.72712299970958,39.69884700030776],[-85.72978400002397,39.69883399999731],[-85.73006500023136,39.69883199973669],[-85.73029799985986,39.69883100029749],[-85.73179199968698,39.69883199973669],[-85.73361899960004,39.698824000075845],[-85.73548599969607,39.69881599972295],[-85.73723300014149,39.698820000245114],[-85.73946299956233,39.698826999775974],[-85.74058900004175,39.69883100029749],[-85.74335300028831,39.69883899995752],[-85.74423100017228,39.698846000177646],[-85.74499799972817,39.69884199965699],[-85.74583399977935,39.69884500004746],[-85.74932600012204,39.69889300005734],[-85.75081599975121,39.69891699970416],[-85.75225799969978,39.69892700030333],[-85.75237300022582,39.69892799974109],[-85.75315200037561,39.69894100003383],[-85.75385500035739,39.698944999857545],[-85.7561530004486,39.6989470001149],[-85.75617199981687,39.6989470001149],[-85.75732699971029,39.69895099993833],[-85.75838000039477,39.698954000324065],[-85.75848199960369,39.698954000324065],[-85.75850099987025,39.698954000324065],[-85.75914199992778,39.69895599989002],[-85.75951500019667,39.698954000324065],[-85.76006300036777,39.69895099993833],[-85.7604530003551,39.69895099993833],[-85.76171200000559,39.69895200006692],[-85.7631289998398,39.6989470001149],[-85.7674739999521,39.69905299984911],[-85.76807999984953,39.69906799968096],[-85.77372700016834,39.69901899966519],[-85.781976000352,39.69897000030581],[-85.78204800032202,39.69897099974294],[-85.7834740003771,39.69896199996983],[-85.7908759997406,39.69891699970416],[-85.79107599975715,39.698916000266244],[-85.79887999970191,39.698866000012686],[-85.80028300019073,39.698863999752994],[-85.80739400019945,39.69881400015299],[-85.80961399957457,39.69880499966818],[-85.8122559996224,39.69879499974251],[-85.81232400029278,39.69879499974251],[-85.81608199987595,39.69877200018452],[-85.8183599998757,39.69875899985994],[-85.8188250002061,39.69875799972855],[-85.81964500036376,39.69864799970055],[-85.81991300015237,39.6986119997413],[-85.81993800026672,39.69860400005501],[-85.82008700022963,39.69858900012227],[-85.8215700001861,39.69857199991816],[-85.82174900028625,39.69857099978401],[-85.8236969996748,39.6985490002858],[-85.82937999997863,39.69849499991683],[-85.83038799955894,39.69848399981089],[-85.83215900029381,39.6984639998651],[-85.83248700035688,39.69846000001349],[-85.83251800031901,39.69845899987772],[-85.83253000001457,39.69845899987772],[-85.83255799960367,39.69845899987772],[-85.83351300037884,39.69844799976605],[-85.83564800026346,39.698423999956134],[-85.83720300018996,39.69841000012077],[-85.83820699957231,39.69840100027451],[-85.83824500010545,39.69840100027451],[-85.8388750002923,39.69839600028256],[-85.83902000005726,39.698399000001274],[-85.841558000348,39.69838199975032],[-85.84276799959467,39.69837400003737],[-85.84554799973478,39.69836400004927],[-85.84569099984991,39.69836400004927],[-85.84701999982059,39.698359000054694],[-85.848366000408,39.698359000054694],[-85.84872500043322,39.698359000054694],[-85.8523149997869,39.6983440000687],[-85.85233999990126,39.6983440000687],[-85.85389999985063,39.698340999656445],[-85.85413300037744,39.69834000021014],[-85.85708400022175,39.698325000220066],[-85.85796299993062,39.698327999941874],[-85.85897600043211,39.698330000217105],[-85.85925099989342,39.698326999804245],[-85.86231800008869,39.698327999941874],[-85.86239300043177,39.6983290000795],[-85.86242699986863,39.6983290000795],[-85.86245600018096,39.6983290000795],[-85.86342899960115,39.6983290000795],[-85.86523399977291,39.69834000021014],[-85.86711900031058,39.69833900007268],[-85.8697529999625,39.698337999935205],[-85.87000300020776,39.698340999656445],[-85.87180800037947,39.698330999663554],[-85.87274999983755,39.698330999663554],[-85.87322699986353,39.698330999663554],[-85.87499500022534,39.698331999801134],[-85.87591699959194,39.698331999801134],[-85.87697699994911,39.698341999793875],[-85.87889199972571,39.69835699978025],[-85.88048799966006,39.69838100030466],[-85.8848260000997,39.69840699971138],[-85.8851149998047,39.69840500012952],[-85.88535099980623,39.698403999993005],[-85.8894940002522,39.698399000001274],[-85.89001099956282,39.698397999864675],[-85.89263099986935,39.698399000001274],[-85.8942460000703,39.698430000082205],[-85.89428000040549,39.69843100021835],[-85.89430100032187,39.69843100021835],[-85.89432600043624,39.69843100021835],[-85.89435300020041,39.698431999663335],[-85.89444899956156,39.698433999935546],[-85.89487600025714,39.69844200033273],[-85.89526700006938,39.698450000037845],[-85.89547200010881,39.69845200030954],[-85.89560600000311,39.69845299975422],[-85.89588700021051,39.69844700032134],[-85.89594199956376,39.698442999777555],[-85.89621299972542,39.69842199968363],[-85.89663799987287,39.698384000024035],[-85.89678900038392,39.69837000018056],[-85.89715199970877,39.69834799992708],[-85.8975629996125,39.69833400007624],[-85.90091500021312,39.69825000022071],[-85.90170699988337,39.69822600034195],[-85.90251399962222,39.69820699976963],[-85.90420400016625,39.69816699971177],[-85.90440400018278,39.698161999702876],[-85.90524100005887,39.69814100021464],[-85.90527200002101,39.6981400000743],[-85.90718400032286,39.698088999808654],[-85.91026200038878,39.69801800012154],[-85.91382199960523,39.69793600016805],[-85.91865899981214,39.69782799981096],[-85.92153699986153,39.69777400026022],[-85.92490799983041,39.69769700005978],[-85.9280460001708,39.69763100001709],[-85.9289270004278,39.697611999972125],[-85.93081000041735,39.69757100011197],[-85.9331389995724,39.69752600032174],[-85.93316700005983,39.69752500017248],[-85.93354600017652,39.697516999669006],[-85.93356200007004,39.697516999669006],[-85.93358200016152,39.697516999669006],[-85.93363099966702,39.69751600021077],[-85.93366199962915,39.697515000061365],[-85.93409599999741,39.697506000098336],[-85.93523099979933,39.697481999960864],[-85.9357770003206,39.69747000023461],[-85.93643500009655,39.69745600020573],[-85.93817999999384,39.69741900016509],[-85.9385930004457,39.69741000018955],[-85.93998599999047,39.69738099995326],[-85.94166800013858,39.69733999995589],[-85.94246300018186,39.69732099983087],[-85.9439300002448,39.69728600002334],[-85.94432600007993,39.69727900033619],[-85.94453299976917,39.697274999724705],[-85.94456499955622,39.697274000263015],[-85.9448950001674,39.697268000036445],[-85.94556700018705,39.697255000119775],[-85.94595799999932,39.69724799973829],[-85.94731299990926,39.69722199989501],[-85.94866799981921,39.69719600004189],[-85.94943199990036,39.697188000191474],[-85.95073199955871,39.69716100017102],[-85.95109300013205,39.697156000089244],[-85.95156500013515,39.69714999985247],[-85.95166999971713,39.69714099984186],[-85.95172099977077,39.69713599975867],[-85.95173300036464,39.69705999969363],[-85.95173500001447,39.69704900005019],[-85.95174000003735,39.69701400010478],[-85.95174599988512,39.696646000216425],[-85.95175299955783,39.6958079996746],[-85.95175599993085,39.6954409997566],[-85.95175500010595,39.694526000201044],[-85.95178000022031,39.69237699978395],[-85.95182899972579,39.690654999940065],[-85.9518429999695,39.68950000012971],[-85.95184999964218,39.68899299981101],[-85.95185100036542,39.68890100021986],[-85.95186200023608,39.68862399974135],[-85.95188800017533,39.6874429997556],[-85.95191400011461,39.686610000326525],[-85.9519559999474,39.68525600009093],[-85.9519900002826,39.68255999971601],[-85.9519910001075,39.68248400019553],[-85.9519910001075,39.68235800013316],[-85.9519910001075,39.682168999954136],[-85.95198899955936,39.680800000095985],[-85.95200700000103,39.6791509997547],[-85.95200700000103,39.67914099974738],[-85.95198299971159,39.6789660000766],[-85.95197900041194,39.67893899984298],[-85.9519840004348,39.678798999870665],[-85.95199399958224,39.67851800003277],[-85.9519979997802,39.67783699994193],[-85.95200600017611,39.67631100033876],[-85.95203299994029,39.67516000032577],[-85.95203100029048,39.6743090002477],[-85.95205700022974,39.672095999863885],[-85.95205800005465,39.671875999714935],[-85.95206700027549,39.670237999742085],[-85.9520689999253,39.6698539997619],[-85.9520899998417,39.669674000073684],[-85.95209499986458,39.66962599980104],[-85.95208399999392,39.66939100003045],[-85.952083000169,39.66934300025267],[-85.95207899997104,39.66918599966607],[-85.95207800014614,39.66915399972298],[-85.95207099957513,39.669070000320396],[-85.95206200025261,39.668960000009854],[-85.95205800005465,39.668934999757674],[-85.95205600040482,39.668916999985434],[-85.9520539998567,39.668895999899455],[-85.9520530000318,39.66888699966308],[-85.95205100038196,39.66886399982201],[-85.95205100038196,39.668813000056915],[-85.95204899983382,39.66874600018626],[-85.95204499963586,39.66863799980392],[-85.95205899987957,39.66832999988631],[-85.95206200025261,39.668270999983385],[-85.95206399990244,39.668225999765724],[-85.95206999975021,39.66810599996392],[-85.95208399999392,39.66780600023905],[-85.95208399999392,39.6675160002119],[-85.95208499981884,39.6615440003103],[-85.95207999979596,39.66127599990561],[-85.95206599955225,39.660423000317984],[-85.95206200025261,39.66021300032622],[-85.95208599964376,39.65910899973421],[-85.952083000169,39.65855500004218],[-85.952083000169,39.658540999730256],[-85.95207700032122,39.65715499976793],[-85.95207599959801,39.657011999776365],[-85.95210699956014,39.656840000207104],[-85.95211199958301,39.65681399967207],[-85.95216799965951,39.656757999763165],[-85.95218699992608,39.656750000068875],[-85.95215500013903,39.65329800028934],[-85.95209700041272,39.64472899967074],[-85.95203899978807,39.64455399999277],[-85.95200399962798,39.644450000061326],[-85.9520610004277,39.64363299993443],[-85.95205999970447,39.64273099999207],[-85.95207499977309,39.64223599982381],[-85.95207999979596,39.64220500011178],[-85.95209999988745,39.64208000017262],[-85.95208099962088,39.639690999926735],[-85.95207999979596,39.639650999872586],[-85.95207899997104,39.63960800029005],[-85.95207999979596,39.63834499988794],[-85.95232699966816,39.635219999958956],[-85.952335999889,39.63498700015085],[-85.95251300033931,39.625675999774835],[-85.95262600031724,39.62505099999124],[-85.95262100029436,39.62377399975725],[-85.95262100029436,39.623697999929085],[-85.95252300038507,39.60914999994077],[-85.95250099974544,39.605511000252605],[-85.95249700044579,39.604950000241004],[-85.95247700035432,39.601752999736526],[-85.9524699997833,39.60080200010616],[-85.9524699997833,39.60078699970388],[-85.95235000013271,39.58242200018716],[-85.95235000013271,39.58240100014343],[-85.95214400026838,39.572444000156466],[-85.9518639998859,39.5601559999342],[-85.95185999968794,39.560080000232624],[-85.9518420001446,39.55957100016681],[-85.95185100036542,39.557703000129685],[-85.95185899986302,39.557213999894465],[-85.95187700030469,39.55496300032426],[-85.95187399993165,39.55417699983268],[-85.95182799990089,39.55269499967797],[-85.9520120000239,39.55268299975219],[-85.95214199972024,39.55268299975219],[-85.95207700032122,39.548111000290014],[-85.95207599959801,39.548051999680695],[-85.95207499977309,39.547992999713905],[-85.95207399994818,39.547928999904535],[-85.95207300012326,39.54786600027264],[-85.9519910001075,39.54246600025475],[-85.95192199961221,39.537874999966746],[-85.95189099965008,39.53591300021283],[-85.95181200000735,39.53049900006266],[-85.95181200000735,39.5304859999687],[-85.95178299969503,39.52873699988344],[-85.95178100004522,39.528597999915355],[-85.95177900039539,39.52845899966895],[-85.95175500010595,39.52670700025268],[-85.95170400005233,39.523110999991744],[-85.95138900040806,39.52312499998079],[-85.95139600008075,39.52285099978163],[-85.9514060001265,39.5219130002774],[-85.95142000037019,39.52118500033891],[-85.95138799968483,39.52038399998975],[-85.95140799977632,39.51907099968292],[-85.9513709999664,39.51724400021195],[-85.95135900027081,39.51660700004803],[-85.95136299957046,39.514214000303575],[-85.95131099969193,39.512671000314896],[-85.95131400006498,39.5125399997971],[-85.95132400011072,39.51177399970713],[-85.95130800021721,39.51048299994356],[-85.9512520001407,39.509478000244535],[-85.95120699993487,39.50840600002163],[-85.95112999994198,39.50736599980619],[-85.95110999985049,39.50699000025305],[-85.95107700023853,39.506310999914746],[-85.95103899970537,39.50514700003854],[-85.95098500017703,39.50397799988702],[-85.95095400021486,39.50342299994285],[-85.95093999997117,39.50263000012863],[-85.95093800032136,39.502588000237544],[-85.95091999987969,39.501854999833704],[-85.95091999987969,39.50184000020332],[-85.95091400003189,39.50136299987254],[-85.95089999978819,39.50134999987],[-85.95091400003189,39.50087500008286],[-85.950913000207,39.500622000006494],[-85.95090499981107,39.500442000342225],[-85.95088899991755,39.50004999981452],[-85.95086200015336,39.49937900014779],[-85.95083799986392,39.49923600006326],[-85.95083299984104,39.49922099986771],[-85.95093900014628,39.49859800020753],[-85.95095300038996,39.49851000005472],[-85.95096799956026,39.49842300004613],[-85.95095800041284,39.49825900020401],[-85.95095199966674,39.49809699980253],[-85.95079900040417,39.49523200025722],[-85.9508000002291,39.495220000102975],[-85.95079000018336,39.49501900015778],[-85.95077699976456,39.49477900010345],[-85.95128099955473,39.47509600004615],[-85.95128700030081,39.4748450002641],[-85.95129499979842,39.47450800005801],[-85.95131200041517,39.47388099979965],[-85.95131400006498,39.47381800025092],[-85.95131499988989,39.473754999951694],[-85.95131599971481,39.47365800029302],[-85.95139799973059,39.4658400002832],[-85.95140399957836,39.46537899976865],[-85.95140899960124,39.46491799966783],[-85.95144600030947,39.46166399977972],[-85.95152300030236,39.45464400008832],[-85.95124200009496,39.45093299966583],[-85.95122299982839,39.450674999771955],[-85.95123600024718,39.450428000311334],[-85.9512089995847,39.44983000014259],[-85.95117299959968,39.448078000273085],[-85.95116799957681,39.44718199968234],[-85.95116099990412,39.44673800010047],[-85.9511600000792,39.44670000027968],[-85.95115800042937,39.446134999969274],[-85.95112200044436,39.44408999999131],[-85.95110200035288,39.44356599984197],[-85.9510820002614,39.442881000291564],[-85.95106200016991,39.441287999848846],[-85.95100100007055,39.43850600021384],[-85.95093699959811,39.43609100033885],[-85.95122000035366,39.43605300025926],[-85.9520899998417,39.43603800031343],[-85.95228599966029,39.43603000010973],[-85.95243899982117,39.436006000186914],[-85.95253199970757,39.435947999876824],[-85.95254500012636,39.43592099993127],[-85.95258000028646,39.43585200002298],[-85.95259799982983,39.43565399990663],[-85.9526039996776,39.4355460002998],[-85.95265700027937,39.43196599988007],[-85.9526730001729,39.42992799986932],[-85.95266200030223,39.42810599980627],[-85.95267999984559,39.42697000026655],[-85.95271099980772,39.423999000117796],[-85.95271699965551,39.423064999738884],[-85.95276000021154,39.4197500001846],[-85.95276000021154,39.419740000194444],[-85.95278399960266,39.41800899971239],[-85.95280100021941,39.41657900011153],[-85.95281600028802,39.414439999945834],[-85.95283999967916,39.41251600029135],[-85.95284700025016,39.412000000208415],[-85.95282999963341,39.41050299974008],[-85.95283100035664,39.41008999969393],[-85.9528499997249,39.408439999662185],[-85.95284899989998,39.408304999982356],[-85.95284700025016,39.40795299997876],[-85.95284499970204,39.407513999732316],[-85.95284499970204,39.407469999676984],[-85.9528430000522,39.40704800016554],[-85.95284100040239,39.40631000000371],[-85.95285999977064,39.40550000033335],[-85.95286300014371,39.40542199969879],[-85.95287700038739,39.405096999817815],[-85.95290099977852,39.40316999985844],[-85.95290699962631,39.40243700015466],[-85.95298799981715,39.39798200015706],[-85.952997000038,39.39768100025581],[-85.9530050004339,39.39738899985079],[-85.95302200015234,39.396780999992316],[-85.95304300006875,39.39484100029151],[-85.95306499981005,39.39337900013456],[-85.95307300020598,39.39282599972031],[-85.95312599990942,39.38897500023525],[-85.95313799960498,39.38646999992606],[-85.95316400044257,39.38352100028314],[-85.95321999962074,39.38351999976462],[-85.9531879998337,39.381632999813284],[-85.95313299958212,39.37859800001553],[-85.95313000010738,39.37848599991544],[-85.95313000010738,39.378377999921526],[-85.95312799955924,39.37831500007933],[-85.95312699973434,39.37825399997957],[-85.95312699973434,39.37799599970813],[-85.95312199971146,39.377854000099255],[-85.95311699968858,39.37771100029418],[-85.95310499999303,39.37687200003302],[-85.95310099979507,39.37663599990282],[-85.95309999997015,39.376529999673004],[-85.95308400007663,39.376307000223136],[-85.95301600030457,39.37446700033547],[-85.9530050004339,39.373601000196714],[-85.95295199983214,39.371595000157654],[-85.95287599966416,39.36914900010527],[-85.95283700020443,39.36657699981639],[-85.95279600019653,39.36550000006332],[-85.95277699992997,39.365008000211255],[-85.95277399955692,39.36488899989725],[-85.95270999998282,39.36285900020123],[-85.95269999993707,39.362144000263015],[-85.95269999993707,39.361904999957005],[-85.95269999993707,39.36189000003259],[-85.95270099976199,39.36158699975813],[-85.95269099971622,39.36119600014576],[-85.95268599969337,39.36097499994019],[-85.95267099962476,39.360592000206594],[-85.95260700005066,39.35983500007777],[-85.95258899960899,39.359483000016546],[-85.95253599990554,39.358461999773546],[-85.95253900027859,39.35826800010831],[-85.95254000010351,39.3582500002338],[-85.95254000010351,39.35815399966703],[-85.95254000010351,39.35806599978406],[-85.95252800040792,39.35785900000118],[-85.95252000001202,39.35766799993928],[-85.95248099965397,39.35714700019192],[-85.95247999982904,39.35713000023071],[-85.95242100027781,39.35566099972472],[-85.95241100023206,39.35541300020284],[-85.95240000036141,39.355139000060305],[-85.95238000026993,39.35463000028453],[-85.95238899959244,39.35425799969683],[-85.9523009997289,39.352991000229416],[-85.95229999990399,39.35297500021318],[-85.95219899962166,39.35107299978464],[-85.95200500035122,39.34737300010611],[-85.95195199974945,39.34737399975323],[-85.95122000035366,39.34738700002727],[-85.95109300013205,39.34738900001579],[-85.94930700022688,39.347430000114976],[-85.9486390004052,39.3474499999852],[-85.94835800019781,39.347455999945105],[-85.94744699980356,39.34747799979385],[-85.94733499965055,39.34747999977977],[-85.94699900008989,39.34748599973715],[-85.9468869999369,39.34748799972279],[-85.94607299962703,39.34750200031565],[-85.94600400003007,39.347504000300816],[-85.94427199965325,39.347549000300475],[-85.94363300014389,39.347561999847265],[-85.94319600030089,39.347571999764234],[-85.94281999965894,39.34758399966264],[-85.9427250001227,39.34758699998429],[-85.9426409995588,39.34758899996707],[-85.94244100044057,39.34759499991505],[-85.94234699983092,39.34759899988012],[-85.94228499990663,39.34759899988012],[-85.94210199960852,39.34759899988012],[-85.94204100040749,39.34759899988012],[-85.94155500016066,39.347608999791795],[-85.94037000013005,39.34763500025002],[-85.9400999997933,39.3476430001753],[-85.93961500026973,39.3476590000232],[-85.93930899994797,39.34765999966623],[-85.93886299988414,39.34766299998455],[-85.93839199970594,39.34767299988706],[-85.9380870001074,39.347680999807984],[-85.93796200043394,39.34768299978809],[-85.93758999998994,39.34768899972806],[-85.93746600014138,39.347692000045186],[-85.93738800032358,39.34769299968774],[-85.93715499979676,39.34769799998432],[-85.93707799980388,39.34769999996393],[-85.93694100043483,39.34770300028059],[-85.93653200018092,39.34771100019813],[-85.9363959997385,39.34771500015651],[-85.9361020000106,39.34772300007268],[-85.93522300030173,39.34774699981565],[-85.93493000039878,39.34775600006444],[-85.93487500014719,39.34775600006444],[-85.93471299976547,39.34775600006444],[-85.93465900023713,39.347756999706085],[-85.93367099985,39.34778199977334],[-85.9307080003101,39.34785699992135],[-85.92972099974789,39.34788300028736],[-85.92947399987565,39.347889000210095],[-85.92873499990888,39.34790699997532],[-85.92848899986159,39.347914000230126],[-85.92800099996494,39.34792600006982],[-85.92752099956593,39.34793900024116],[-85.92653999974979,39.347964999881974],[-85.9263990001828,39.34796899982587],[-85.92605299967808,39.34797499974122],[-85.9252729997034,39.34798999987478],[-85.92521999999995,39.347991000207756],[-85.92517599961901,39.34799199984604],[-85.92328599995679,39.34805200034638],[-85.92289500014452,39.34806000022392],[-85.92254799981488,39.34807000006961],[-85.92167199958074,39.348096999993096],[-85.92011500000443,39.34813599970983],[-85.92010300030887,39.34813599970983],[-85.91691899993772,39.34821999966701],[-85.91581799957268,39.34825300011876],[-85.91539900017135,39.348266999863625],[-85.91518999993397,39.34827400008232],[-85.91383099982608,39.34830899977607],[-85.91349199989236,39.348317999952535],[-85.91297999970628,39.34833100005097],[-85.91112799967887,39.34838200009318],[-85.91042999971997,39.348397000139364],[-85.90958000032339,39.34841600010064],[-85.90947700039123,39.34841800005971],[-85.90916799969644,39.34842399993651],[-85.90906599958919,39.348427000222095],[-85.90903600035028,39.34842799985413],[-85.90889099968702,39.348435000056746],[-85.90645799987654,39.34849500017668],[-85.90608499960764,39.34850300000351],[-85.9059540000864,39.34850699991661],[-85.90581500016923,39.34851400011131],[-85.90497999994297,39.348531000084996],[-85.90338200035876,39.34857699974787],[-85.90252399966795,39.3485959996602],[-85.89936299976137,39.348673000275724],[-85.8974079998018,39.34871100004296],[-85.89714300038625,39.34871699989466],[-85.89416300022961,39.34878700021025],[-85.89411999967359,39.34878799983714],[-85.89286699987089,39.348811999908975],[-85.89276200028891,39.348813999856716],[-85.89158800012895,39.34884500008116],[-85.88856199994156,39.34890499984907],[-85.88716199982576,39.3489340000889],[-85.8862499996066,39.34895600016704],[-85.88577400030387,39.348960999678624],[-85.88497900026057,39.34896999977107],[-85.88161099976642,39.34904699997448],[-85.88022400006942,39.34908000003569],[-85.88001499983206,39.34908399991576],[-85.87938899984316,39.349098000188825],[-85.879181000329,39.349104000007294],[-85.87874799978566,39.349113000081324],[-85.87745200032525,39.34914200023485],[-85.8770199996068,39.349153000242005],[-85.87685599957527,39.349157000117906],[-85.87662100029695,39.349160999993565],[-85.87542500039565,39.34918100006305],[-85.8750270000124,39.349188999811346],[-85.87412499983898,39.3492069999364],[-85.87262500016409,39.34923900030162],[-85.87142199969179,39.349256999719124],[-85.87123099989608,39.34926100028368],[-85.87093600034329,39.349258999654126],[-85.87067900042534,39.34925000029352],[-85.87057099957201,39.34925000029352],[-85.87052200006652,39.349256999719124],[-85.86790900033101,39.34926399983865],[-85.86007100005105,39.34928700012732],[-85.85774799984547,39.349294999863474],[-85.85759700023273,39.349303000293446],[-85.85745999996539,39.34931200034183],[-85.85732500024616,39.34931899976123],[-85.85678000044813,39.34934799982927],[-85.85474299957448,39.34946000012273],[-85.85406399988214,39.34949800015674],[-85.85321899961014,39.34951400027455],[-85.85300199987516,39.3495160002022],[-85.8520550003942,39.34952700015049],[-85.84981800040234,39.349561999911344],[-85.84890899965792,39.34957699970425],[-85.84875700022027,39.34957999994027],[-85.84819999982834,39.3495920001886],[-85.84731199989864,39.34960399974014],[-85.84297799965697,39.349664999860046],[-85.84248499973747,39.3496730002476],[-85.84153400005857,39.34968099993962],[-85.84075800028185,39.34968699970798],[-85.83905699986718,39.34970099986023],[-85.83843000005338,39.34970900024372],[-85.83765500010156,39.34972000016163],[-85.83751199998645,39.34972099977517],[-85.8370860000141,39.34972599992669],[-85.83694399972386,39.349729000156316],[-85.83689600004328,39.34972999976973],[-85.83675299992815,39.349731999691194],[-85.8367060000725,39.349734000307265],[-85.8364800001167,39.3497380001499],[-85.83580499972399,39.349749999676376],[-85.83557999959308,39.34975499982582],[-85.8351009999173,39.34976599973648],[-85.83488800038027,39.349768999964446],[-85.83281500041993,39.34980499991105],[-85.83212400013372,39.349817999732906],[-85.8317080002071,39.34982200026534],[-85.8305459997427,39.349833999777395],[-85.83046000042728,39.34983500008398],[-85.83004500032558,39.34984200014566],[-85.82977800036188,39.3498459999821],[-85.82897999994555,39.349860000102495],[-85.82871399980677,39.34986500024402],[-85.82796099959627,39.34987800005466],[-85.82751399970752,39.349885999723206],[-85.82570299968799,39.3499069998907],[-85.82495100020073,39.34991700016676],[-85.82488000005561,39.34991799977749],[-85.82395100011802,39.349928999662495],[-85.820950000045,39.34996799974609],[-85.81995099978721,39.34998100023223],[-85.81993099969571,39.34998100023223],[-85.81952999983771,39.34998500006073],[-85.81943199992844,39.34998599967048],[-85.8182679998142,39.349995000325585],[-85.81784799968962,39.349999000153275],[-85.81580700041465,39.35002299980924],[-85.81191300038904,39.35007000018248],[-85.80969700031355,39.35008999999181],[-85.80968300006987,39.35008999999181],[-85.80764299972147,39.350114999919036],[-85.80761799960713,39.350114999919036],[-85.80688100018845,39.35012000004237],[-85.80459499979278,39.350137999927604],[-85.80383400008466,39.35014499995887],[-85.80380599959729,39.35014499995887],[-85.80282399995623,39.35015500020083],[-85.80075299964571,39.35017800019622],[-85.79979399957088,39.35018200001343],[-85.79878500016567,39.350187999738786],[-85.79854599979107,39.350187999738786],[-85.7978300002888,39.35018900004031],[-85.79764500034088,39.350190000341804],[-85.79759199973911,39.35018900004031],[-85.79752899998994,39.35019099994862],[-85.79724699995762,39.350192999856894],[-85.79621199971481,39.35020199979066],[-85.79586799975822,39.350204999999896],[-85.79497800017867,39.350212000024456],[-85.79446000014482,39.350217000140844],[-85.7940850002261,39.35021500023327],[-85.79230799964346,39.350215999839726],[-85.79141800006391,39.35021799974728],[-85.79139299994957,39.35021799974728],[-85.79048599975327,39.35022099995583],[-85.78813599978349,39.35022900027973],[-85.78769100044289,39.35023300009402],[-85.78675999995714,39.35024300032339],[-85.78672999981993,39.35024300032339],[-85.78655999994062,39.35024300032339],[-85.78626899968748,39.35024300032339],[-85.7859609997159,39.35024200002264],[-85.78576200042258,39.35024200002264],[-85.7855099996292,39.35024200002264],[-85.78475700031701,39.35024200002264],[-85.78450600024685,39.35024200002264],[-85.78448299978233,39.35024200002264],[-85.78310000028327,39.35024500023016],[-85.7820249998575,39.35024900004355],[-85.77888200039256,39.350254999763195],[-85.77749999982012,39.350257999970104],[-85.77747600042899,39.350257999970104],[-85.77605500039681,39.35025400015724],[-85.77497699959798,39.350250999950156],[-85.7721189996401,39.35023899981505],[-85.77179499977498,39.3502369999081],[-85.77037499956772,39.3502310001869],[-85.76878000035657,39.35023199979314],[-85.76856699992125,39.35023300009402],[-85.768360000232,39.35023199979314],[-85.76697099998687,39.350224999770596],[-85.76585100025356,39.35022099995583],[-85.76520900037116,39.35021900004836],[-85.76399599985312,39.350213999932116],[-85.76240199956857,39.350208000209],[-85.76235300006307,39.350208000209],[-85.76204300044168,39.35020699990776],[-85.760967000191,39.350204999999896],[-85.76094499955137,39.350204999999896],[-85.76071699994574,39.35020699990776],[-85.7606089999907,39.350204999999896],[-85.76057800002856,39.350204999999896],[-85.76014799985826,39.350204999999896],[-85.75876799983396,39.35020600030117],[-85.75830800042473,39.35020699990776],[-85.75783999972127,39.350203999698614],[-85.75643899978058,39.35019799997459],[-85.75597199980035,39.35019600006652],[-85.75593800036346,39.35019600006652],[-85.75583899973095,39.35019600006652],[-85.755806000119,39.35019600006652],[-85.75479199979257,39.35020100018399],[-85.75426500043619,39.350204999999896],[-85.75174999971168,39.35020600030117],[-85.75073600028357,39.35020699990776],[-85.75069199990264,39.35020699990776],[-85.75057599955167,39.35020699990776],[-85.7500969998759,39.35020899981557],[-85.74993799986724,39.35021000011679],[-85.74990299970713,39.35021000011679],[-85.74861399991944,39.35020899981557],[-85.7485560001931,39.35020899981557],[-85.74821499971127,39.35021099972332],[-85.74582999958137,39.35021099972332],[-85.74464299990092,39.35020100018399],[-85.74331999977802,39.35019099994862],[-85.74314400005093,39.35018900004031],[-85.74261599997132,39.35018500022348],[-85.74244100006915,39.35018399992192],[-85.74230600034993,39.35018399992192],[-85.74190399976871,39.35018599983038],[-85.74176999987442,39.35018700013192]]]}},{"type":"Feature","properties":{"id":"18081","name":"Johnson"},"geometry":{"type":"Polygon","coordinates":[[[-86.02771900011834,39.34560900010358],[-86.02719199986366,39.34562299968341],[-86.02561400037095,39.34566800019956],[-86.0255690001651,39.34566800019956],[-86.0252389995539,39.345674999983935],[-86.02508799994116,39.3456770000214],[-86.02407299978985,39.34569300031941],[-86.02380199962819,39.34569600002752],[-86.02362400025129,39.34569899973552],[-86.02293899981285,39.34571900010106],[-86.0219010000953,39.34573600006001],[-86.01994600013575,39.345778000104225],[-86.01974899959393,39.34578299984311],[-86.01883300007513,39.34580599988807],[-86.01881899983142,39.34580599988807],[-86.01866099964768,39.345809000286046],[-86.01850800038513,39.34581100031972],[-86.01839399968398,39.34581299965863],[-86.01805099955232,39.34582099979253],[-86.01789900011467,39.34582400018981],[-86.0168100003435,39.34584399982493],[-86.01673099980245,39.34584399982493],[-86.01616599991296,39.34584999992277],[-86.01516599983023,39.34587400030897],[-86.0141509996789,39.34589300026149],[-86.01323000013724,39.3459049997535],[-86.01315099959622,39.34590699978442],[-86.01257599966095,39.34590899981529],[-86.01236899997171,39.34589399992978],[-86.01206600002301,39.345856000020106],[-86.01195200022018,39.345895000292764],[-86.01192499955769,39.34590000002333],[-86.0117480000057,39.34593599987904],[-86.01148699988978,39.34595000008807],[-86.01133999957669,39.34595800020628],[-86.01074799992298,39.34598399988935],[-86.00974799984029,39.34602100006301],[-86.00938600034034,39.34602500011812],[-86.00930400032458,39.34602700014562],[-86.00711500001329,39.34608999994015],[-86.00475900019572,39.346149000324765],[-86.00372099957985,39.346168000202525],[-86.0035249997613,39.34617200024926],[-86.00280000003819,39.346191000120776],[-86.00212600036873,39.346193000143515],[-86.00157200034987,39.346207000301064],[-86.00152299994606,39.346207999964854],[-86.00138900005176,39.346222000119404],[-86.00134600039404,39.34623699993457],[-86.00131899973155,39.346245999683134],[-86.00129199996736,39.346255999788404],[-86.00126799967794,39.34626199985088],[-86.00122699967005,39.34627500033178],[-86.00116300009594,39.34628099969792],[-86.00045500009128,39.346356999729124],[-86.00021099969382,39.346395000061094],[-85.999984999738,39.346446000126775],[-85.99967299956847,39.34645000015761],[-85.995921999658,39.346503000197025],[-85.99526399988204,39.346513000265475],[-85.99520799980556,39.3465139999249],[-85.9947740003356,39.34651900030589],[-85.99464299991602,39.34652100031925],[-85.99369899990981,39.34653499971638],[-85.99348100034993,39.34653800008306],[-85.9933109995723,39.34654000009588],[-85.993140999693,39.34654299976763],[-85.99298400023247,39.34654200010863],[-85.99282299967568,39.34654400012133],[-85.99001400012158,39.346587000033026],[-85.98943900018632,39.34660700014451],[-85.98850299967772,39.34667299977703],[-85.98812699993408,39.34670200024842],[-85.9879029996281,39.3467000002403],[-85.98723399998148,39.34669499987226],[-85.98701100039874,39.34669400021543],[-85.98687999997915,39.34669200020702],[-85.98671099992477,39.34669099985545],[-85.98648699961878,39.34668800019004],[-85.98635799974734,39.346686999838404],[-85.98573900032947,39.34668200016419],[-85.9838820002792,39.34666899975895],[-85.98326299996299,39.3466649997407],[-85.98294800031871,39.346660999722175],[-85.98200599996233,39.34664899966521],[-85.98169200014297,39.34664599999806],[-85.98165100013509,39.346643999988274],[-85.98153399995923,39.3466379999586],[-85.98149499960117,39.346635999948596],[-85.98129499958463,39.346635000290924],[-85.98078300029687,39.346631999928405],[-85.9786450000392,39.346623000229556],[-85.97793500038473,39.346621000219116],[-85.97788199978297,39.346619999866526],[-85.97772799979717,39.346619999866526],[-85.97767799956844,39.34662199987699],[-85.97750600003931,39.34664599999806],[-85.97740800013003,39.346660999722175],[-85.97699300002833,39.346720999975894],[-85.97683999986747,39.346743999712096],[-85.9768220003241,39.346747000069804],[-85.97663499982804,39.34674999973268],[-85.97634399957491,39.34675700010338],[-85.97607699961121,39.34676500012917],[-85.97589199966328,39.34677199980367],[-85.97561200017913,39.346775999815854],[-85.97477500030304,39.346789999856604],[-85.97449599974547,39.34679599987323],[-85.97410099973526,39.34681199991501],[-85.97407800016903,39.3468179999297],[-85.97405899990245,39.346807999904904],[-85.97291200040497,39.34682799995312],[-85.97285100030561,39.34682999995764],[-85.97251700039476,39.346831000307226],[-85.97248399988449,39.346831000307226],[-85.97238500015028,39.346831000307226],[-85.9723659998837,39.346831000307226],[-85.97234599979221,39.34682999995764],[-85.9722450004082,39.3468330003116],[-85.97207299998075,39.34683700032028],[-85.97123500027975,39.34685699966551],[-85.97115699956363,39.346858999669195],[-85.97094999987439,39.346866000028974],[-85.97079199969065,39.3468709996901],[-85.97048700009213,39.346880999705874],[-85.97029999959607,39.3468709996901],[-85.97013700028774,39.3468640000255],[-85.96988200001962,39.34687000003577],[-85.96938999992503,39.34688200005473],[-85.9691189997634,39.3468900000662],[-85.96886500021849,39.34689899973073],[-85.96859900007969,39.34690499973801],[-85.96823300038182,39.346914000095246],[-85.96780099966337,39.34692400010493],[-85.9675360002478,39.34693899976938],[-85.9672890003756,39.346944000119954],[-85.96654799986067,39.34695800012706],[-85.96630199981337,39.34696400012921],[-85.96607500003265,39.34697200013135],[-85.96579499965017,39.34698400013279],[-85.96539399979217,39.34699400013247],[-85.96519999962341,39.34700000013153],[-85.96516799983637,39.347000999784036],[-85.96500999965262,39.34700299978355],[-85.96456799978674,39.34701200012821],[-85.96453799964952,39.3470129997805],[-85.964381000189,39.34702099977697],[-85.96422499965507,39.34702800012054],[-85.96420399973866,39.34702899977259],[-85.9640299996614,39.347038000113855],[-85.96375799967484,39.347040999764246],[-85.96360299986415,39.34704400010919],[-85.96352199967329,39.34704400010919],[-85.9635090001528,39.34704400010919],[-85.96327899999905,39.347046000107525],[-85.9632120000519,39.34704699975932],[-85.9631989996331,39.34704800010581],[-85.96318199991465,39.34704800010581],[-85.96313099986105,39.34705000010402],[-85.9631149999675,39.34705200010218],[-85.96307899998249,39.34705299975389],[-85.96297199985236,39.34705899974789],[-85.96293699969226,39.34706200009207],[-85.96285300002668,39.347066000087636],[-85.96274699972147,39.34707499972951],[-85.96264999963711,39.34708000007031],[-85.96217699980907,39.347092000053195],[-85.96198699983829,39.34709600004705],[-85.96169099956228,39.34710099969172],[-85.96116000000794,39.347110000023754],[-85.96080299963256,39.3471189996599],[-85.96050800007978,39.34712700033894],[-85.96046000039921,39.34712799998963],[-85.9604389995845,39.34712799998963],[-85.96031800010897,39.3471310003308],[-85.96027100025333,39.34713199998138],[-85.95985000030383,39.34713900031382],[-85.95954200033226,39.347149999941585],[-85.9594390004001,39.34715399993212],[-85.95934300014063,39.34715399993212],[-85.95833100036235,39.347183999853755],[-85.95743000001387,39.347209000126],[-85.957356000394,39.34721100011961],[-85.95662800029787,39.3472359996875],[-85.95615600029475,39.34725099997968],[-85.95558999968202,39.34727000025252],[-85.9549489996245,39.347282999851224],[-85.95473899956222,39.34728899982552],[-85.95426800028234,39.34730499975443],[-85.9538149996475,39.347318999689215],[-85.9527650002344,39.34735399986126],[-85.95245700026283,39.34736100017146],[-85.95200500035122,39.34737300010611],[-85.95219899962166,39.35107299978464],[-85.95229999990399,39.35297500021318],[-85.9523009997289,39.352991000229416],[-85.95238899959244,39.35425799969683],[-85.95238000026993,39.35463000028453],[-85.95240000036141,39.355139000060305],[-85.95241100023206,39.35541300020284],[-85.95242100027781,39.35566099972472],[-85.95247999982904,39.35713000023071],[-85.95248099965397,39.35714700019192],[-85.95252000001202,39.35766799993928],[-85.95252800040792,39.35785900000118],[-85.95254000010351,39.35806599978406],[-85.95254000010351,39.35815399966703],[-85.95254000010351,39.3582500002338],[-85.95253900027859,39.35826800010831],[-85.95253599990554,39.358461999773546],[-85.95258899960899,39.359483000016546],[-85.95260700005066,39.35983500007777],[-85.95267099962476,39.360592000206594],[-85.95268599969337,39.36097499994019],[-85.95269099971622,39.36119600014576],[-85.95270099976199,39.36158699975813],[-85.95269999993707,39.36189000003259],[-85.95269999993707,39.361904999957005],[-85.95269999993707,39.362144000263015],[-85.95270999998282,39.36285900020123],[-85.95277399955692,39.36488899989725],[-85.95277699992997,39.365008000211255],[-85.95279600019653,39.36550000006332],[-85.95283700020443,39.36657699981639],[-85.95287599966416,39.36914900010527],[-85.95295199983214,39.371595000157654],[-85.9530050004339,39.373601000196714],[-85.95301600030457,39.37446700033547],[-85.95308400007663,39.376307000223136],[-85.95309999997015,39.376529999673004],[-85.95310099979507,39.37663599990282],[-85.95310499999303,39.37687200003302],[-85.95311699968858,39.37771100029418],[-85.95312199971146,39.377854000099255],[-85.95312699973434,39.37799599970813],[-85.95312699973434,39.37825399997957],[-85.95312799955924,39.37831500007933],[-85.95313000010738,39.378377999921526],[-85.95313000010738,39.37848599991544],[-85.95313299958212,39.37859800001553],[-85.9531879998337,39.381632999813284],[-85.95321999962074,39.38351999976462],[-85.95316400044257,39.38352100028314],[-85.95313799960498,39.38646999992606],[-85.95312599990942,39.38897500023525],[-85.95307300020598,39.39282599972031],[-85.95306499981005,39.39337900013456],[-85.95304300006875,39.39484100029151],[-85.95302200015234,39.396780999992316],[-85.9530050004339,39.39738899985079],[-85.952997000038,39.39768100025581],[-85.95298799981715,39.39798200015706],[-85.95290699962631,39.40243700015466],[-85.95290099977852,39.40316999985844],[-85.95287700038739,39.405096999817815],[-85.95286300014371,39.40542199969879],[-85.95285999977064,39.40550000033335],[-85.95284100040239,39.40631000000371],[-85.9528430000522,39.40704800016554],[-85.95284499970204,39.407469999676984],[-85.95284499970204,39.407513999732316],[-85.95284700025016,39.40795299997876],[-85.95284899989998,39.408304999982356],[-85.9528499997249,39.408439999662185],[-85.95283100035664,39.41008999969393],[-85.95282999963341,39.41050299974008],[-85.95284700025016,39.412000000208415],[-85.95283999967916,39.41251600029135],[-85.95281600028802,39.414439999945834],[-85.95280100021941,39.41657900011153],[-85.95278399960266,39.41800899971239],[-85.95276000021154,39.419740000194444],[-85.95276000021154,39.4197500001846],[-85.95271699965551,39.423064999738884],[-85.95271099980772,39.423999000117796],[-85.95267999984559,39.42697000026655],[-85.95266200030223,39.42810599980627],[-85.9526730001729,39.42992799986932],[-85.95265700027937,39.43196599988007],[-85.9526039996776,39.4355460002998],[-85.95259799982983,39.43565399990663],[-85.95258000028646,39.43585200002298],[-85.95254500012636,39.43592099993127],[-85.95253199970757,39.435947999876824],[-85.95243899982117,39.436006000186914],[-85.95228599966029,39.43603000010973],[-85.9520899998417,39.43603800031343],[-85.95122000035366,39.43605300025926],[-85.95093699959811,39.43609100033885],[-85.95100100007055,39.43850600021384],[-85.95106200016991,39.441287999848846],[-85.9510820002614,39.442881000291564],[-85.95110200035288,39.44356599984197],[-85.95112200044436,39.44408999999131],[-85.95115800042937,39.446134999969274],[-85.9511600000792,39.44670000027968],[-85.95116099990412,39.44673800010047],[-85.95116799957681,39.44718199968234],[-85.95117299959968,39.448078000273085],[-85.9512089995847,39.44983000014259],[-85.95123600024718,39.450428000311334],[-85.95122299982839,39.450674999771955],[-85.95124200009496,39.45093299966583],[-85.95152300030236,39.45464400008832],[-85.95144600030947,39.46166399977972],[-85.95140899960124,39.46491799966783],[-85.95140399957836,39.46537899976865],[-85.95139799973059,39.4658400002832],[-85.95131599971481,39.47365800029302],[-85.95131499988989,39.473754999951694],[-85.95131400006498,39.47381800025092],[-85.95131200041517,39.47388099979965],[-85.95129499979842,39.47450800005801],[-85.95128700030081,39.4748450002641],[-85.95128099955473,39.47509600004615],[-85.95077699976456,39.49477900010345],[-85.95079000018336,39.49501900015778],[-85.9508000002291,39.495220000102975],[-85.95079900040417,39.49523200025722],[-85.95095199966674,39.49809699980253],[-85.95095800041284,39.49825900020401],[-85.95096799956026,39.49842300004613],[-85.95095300038996,39.49851000005472],[-85.95093900014628,39.49859800020753],[-85.95083299984104,39.49922099986771],[-85.95083799986392,39.49923600006326],[-85.95086200015336,39.49937900014779],[-85.95088899991755,39.50004999981452],[-85.95090499981107,39.500442000342225],[-85.950913000207,39.500622000006494],[-85.95091400003189,39.50087500008286],[-85.95089999978819,39.50134999987],[-85.95091400003189,39.50136299987254],[-85.95091999987969,39.50184000020332],[-85.95091999987969,39.501854999833704],[-85.95093800032136,39.502588000237544],[-85.95093999997117,39.50263000012863],[-85.95095400021486,39.50342299994285],[-85.95098500017703,39.50397799988702],[-85.95103899970537,39.50514700003854],[-85.95107700023853,39.506310999914746],[-85.95110999985049,39.50699000025305],[-85.95112999994198,39.50736599980619],[-85.95120699993487,39.50840600002163],[-85.9512520001407,39.509478000244535],[-85.95130800021721,39.51048299994356],[-85.95132400011072,39.51177399970713],[-85.95131400006498,39.5125399997971],[-85.95131099969193,39.512671000314896],[-85.95136299957046,39.514214000303575],[-85.95135900027081,39.51660700004803],[-85.9513709999664,39.51724400021195],[-85.95140799977632,39.51907099968292],[-85.95138799968483,39.52038399998975],[-85.95142000037019,39.52118500033891],[-85.9514060001265,39.5219130002774],[-85.95139600008075,39.52285099978163],[-85.95138900040806,39.52312499998079],[-85.95170400005233,39.523110999991744],[-85.95175500010595,39.52670700025268],[-85.95177900039539,39.52845899966895],[-85.95178100004522,39.528597999915355],[-85.95178299969503,39.52873699988344],[-85.95181200000735,39.5304859999687],[-85.95181200000735,39.53049900006266],[-85.95189099965008,39.53591300021283],[-85.95192199961221,39.537874999966746],[-85.9519910001075,39.54246600025475],[-85.95207300012326,39.54786600027264],[-85.95207399994818,39.547928999904535],[-85.95207499977309,39.547992999713905],[-85.95207599959801,39.548051999680695],[-85.95207700032122,39.548111000290014],[-85.95214199972024,39.55268299975219],[-85.9520120000239,39.55268299975219],[-85.95182799990089,39.55269499967797],[-85.95187399993165,39.55417699983268],[-85.95187700030469,39.55496300032426],[-85.95185899986302,39.557213999894465],[-85.95185100036542,39.557703000129685],[-85.9518420001446,39.55957100016681],[-85.95185999968794,39.560080000232624],[-85.9518639998859,39.5601559999342],[-85.95214400026838,39.572444000156466],[-85.95235000013271,39.58240100014343],[-85.95235000013271,39.58242200018716],[-85.9524699997833,39.60078699970388],[-85.9524699997833,39.60080200010616],[-85.95247700035432,39.601752999736526],[-85.95249700044579,39.604950000241004],[-85.95250099974544,39.605511000252605],[-85.95252300038507,39.60914999994077],[-85.95262100029436,39.623697999929085],[-85.95262100029436,39.62377399975725],[-85.95262600031724,39.62505099999124],[-85.95251300033931,39.625675999774835],[-85.952335999889,39.63498700015085],[-85.95232699966816,39.635219999958956],[-85.95207999979596,39.63834499988794],[-85.95405400002211,39.638326999758256],[-85.95427400013014,39.63832099994459],[-85.9542930003967,39.63832000032147],[-85.95697399990428,39.63829500005417],[-85.96451099988535,39.63812799978004],[-85.96653399961697,39.638125999836454],[-85.96681900002233,39.63814700027895],[-85.97128999963302,39.638142999701024],[-85.98909500022974,39.63799300034491],[-85.99001300029667,39.63797100022751],[-85.99008100006874,39.63796999990758],[-85.99017999980292,39.63796799995937],[-85.99028000026037,39.63796799995937],[-86.00111200004231,39.637719000081646],[-86.00653500005514,39.63760299980477],[-86.00755900042729,39.63758199988891],[-86.00762200017648,39.63758100025511],[-86.01187100002933,39.637490999949165],[-86.01404600009693,39.637443999788985],[-86.01878799986929,39.63734200019988],[-86.03018200006602,39.63724399970697],[-86.03026999992957,39.63724500003739],[-86.03413299999303,39.63724100009911],[-86.0345039997138,39.637239999768575],[-86.03500400020432,39.637239000129874],[-86.04463800043516,39.63722400001283],[-86.04470500038231,39.6372189997425],[-86.04480099974347,39.637218000103495],[-86.04790599957359,39.63716099990091],[-86.04938699988021,39.63713300029389],[-86.0504420002145,39.637114000208285],[-86.05089099975308,39.637104000343136],[-86.05286499997922,39.637062000201986],[-86.05415999961471,39.63702999991265],[-86.05417499968333,39.63702999991265],[-86.05691999966331,39.63697300024693],[-86.05838699972624,39.636944999872064],[-86.05892700039973,39.63692900004808],[-86.06008300011804,39.63690900026287],[-86.06027100043902,39.63690399996976],[-86.06371000017995,39.6368300000171],[-86.06823699986715,39.63672200026199],[-86.0710899998022,39.63664800011461],[-86.07164999966884,39.636630000235044],[-86.0717099999433,39.63662899989572],[-86.0725829998044,39.63662299993473],[-86.07284899994316,39.636618999960476],[-86.0731679997854,39.6366129999986],[-86.07338000039582,39.63659999973362],[-86.07398799994304,39.63659700009784],[-86.07408099982946,39.63659300012207],[-86.07420800005107,39.63658900014603],[-86.07434000029556,39.636587000157945],[-86.07440999971743,39.636587000157945],[-86.07538200021106,39.63656700027389],[-86.0758569996889,39.63655799997827],[-86.07601999989551,39.636555000340664],[-86.07638800014155,39.63654400005411],[-86.07677099955787,39.636538000085785],[-86.07706900038202,39.63653600009623],[-86.0771949998804,39.636532000116894],[-86.07927600023666,39.63649699994223],[-86.08273000004623,39.63643999983728],[-86.08594299983136,39.63633699980764],[-86.08693700006629,39.636308999867126],[-86.0876569997665,39.63629099989934],[-86.08869299983422,39.636258000292194],[-86.08892700018595,39.63625099995422],[-86.0901909998593,39.636212999984934],[-86.09111099957606,39.636186000339954],[-86.09153900009655,39.636172000340544],[-86.09221699996397,39.636152000336445],[-86.09228700028417,39.636148999989466],[-86.09295500010586,39.63612600032251],[-86.09313000000805,39.63612000031792],[-86.09316699981797,39.636118999971174],[-86.093386999926,39.636112999965995],[-86.09455500023819,39.63607699992377],[-86.09481800000391,39.6360700002593],[-86.09578700012447,39.63604299986669],[-86.09585700044468,39.63604099986282],[-86.09628400024195,39.63603000018633],[-86.0985260002567,39.635964999672574],[-86.09941800038436,39.63593199990991],[-86.1000119996879,39.635911999836466],[-86.10027100015397,39.635901999797554],[-86.10151999975871,39.63585000026371],[-86.10177000000397,39.635846999903634],[-86.10193900005837,39.635848999913115],[-86.10231800017506,39.635846000244754],[-86.10317199976959,39.6358349998455],[-86.10545300014238,39.635800999669456],[-86.10628800036864,39.63579100030632],[-86.10629699969115,39.63577999989826],[-86.10658600029447,39.63578500027263],[-86.10971399969078,39.63572699992035],[-86.11123000015755,39.63574999971998],[-86.11174999984122,39.63574999971998],[-86.11301900043576,39.635712000167274],[-86.11447700027786,39.6356949997052],[-86.1145159997376,39.63569400004413],[-86.1147769998535,39.63569400004413],[-86.1152899998645,39.63567999994514],[-86.11532300037477,39.63567900028385],[-86.11650300038255,39.63562699989061],[-86.11698299988325,39.63561099976175],[-86.11713799969395,39.63560699972893],[-86.11886000002501,39.63555999967218],[-86.11923199957069,39.635565999725344],[-86.11937999970868,39.63556300004471],[-86.1211120000855,39.6355440002196],[-86.12180300037173,39.63554000018295],[-86.1223580002155,39.63554000018295],[-86.1226539995932,39.63554000018295],[-86.12334999990227,39.63554000018295],[-86.12382500027844,39.63553299977232],[-86.12428700023581,39.63552800007155],[-86.12492599974517,39.63552299967861],[-86.12543100025854,39.63552200001505],[-86.12667599966532,39.635480000296965],[-86.12686300016139,39.6354740002363],[-86.12808400017704,39.63549399974462],[-86.12810799956816,39.63549399974462],[-86.12821899989625,39.63549900013965],[-86.12831299960757,39.635501000159195],[-86.12967300043871,39.63548999970507],[-86.13133100029735,39.635480000296965],[-86.13159999991088,39.63548299998119],[-86.13244900038084,39.63547800027682],[-86.13408999962273,39.635464999798465],[-86.134776999711,39.635456999715736],[-86.13552200042389,39.63545200000947],[-86.13790599983055,39.63544500028176],[-86.13870000004893,39.635419999667114],[-86.13879499958517,39.635414999958186],[-86.13887999997397,39.635414999958186],[-86.13922099955752,39.63539699975776],[-86.13942200029729,39.635385999978915],[-86.13948000002358,39.63537999991009],[-86.13974299978933,39.63535499996377],[-86.14126000008098,39.63529000019931],[-86.14267000024252,39.635286000147964],[-86.1431759996825,39.63528499978921],[-86.1434080003844,39.63527899971162],[-86.14402500015245,39.63526500022047],[-86.14425299975808,39.63525999980851],[-86.14427899969736,39.63525999980851],[-86.14447000039138,39.63525999980851],[-86.14569800007972,39.6352630001941],[-86.147258999854,39.63524099990017],[-86.14807999983654,39.63523000009647],[-86.14891099986485,39.63522499968198],[-86.14924899997365,39.63522299965447],[-86.14953799967866,39.635219999958956],[-86.1496880003648,39.635219000291066],[-86.15033799974482,39.63521500023557],[-86.15059899986075,39.63521399987579],[-86.1511949997124,39.63520100003963],[-86.15120999978102,39.63519999967965],[-86.15298999983838,39.635159999795405],[-86.1548490004368,39.63515199967746],[-86.15510999965441,39.63515399970703],[-86.1557220002979,39.63515500006768],[-86.15690200030568,39.635130999709226],[-86.1572429998892,39.635113000126765],[-86.15729999979061,39.63510999973467],[-86.15787499972588,39.63511799985752],[-86.158390000285,39.63510000027163],[-86.16002999970199,39.63507999995757],[-86.16254399970329,39.635029999839006],[-86.16374899982542,39.63499899966432],[-86.16432200011086,39.634993000253765],[-86.16487000028195,39.634979999684305],[-86.16500900019912,39.63497600030681],[-86.1663740001548,39.63494500010793],[-86.16815000001424,39.63490999982202],[-86.16814199961831,39.634922000040625],[-86.16883399972943,39.634896999928785],[-86.17073500016065,39.63487199980786],[-86.17087499990274,39.63485699986933],[-86.17315999957519,39.63480999999476],[-86.17741699982396,39.634742000001985],[-86.17744199993831,39.63474100032719],[-86.1775890002514,39.63473599987735],[-86.17844899969371,39.6347240003183],[-86.17897400029858,39.63471499978283],[-86.18015500013125,39.63469599972479],[-86.18136500027623,39.634676999661544],[-86.18141700015478,39.63467599998575],[-86.18154000017843,39.63467399994235],[-86.18161999964605,39.63466999985539],[-86.18330000014433,39.63462000013225],[-86.18374100018528,39.634611000275115],[-86.18416299995968,39.63460300009362],[-86.1841639997846,39.634613000320336],[-86.18505000006449,39.63459600027999],[-86.18566199980967,39.634586000050824],[-86.18961799975955,39.63452399998143],[-86.19117699988401,39.6344939999502],[-86.19401499975042,39.63443599989908],[-86.19434500036161,39.63442900006855],[-86.19640999992603,39.63439000011023],[-86.19642900019261,39.63439000011023],[-86.19774999976737,39.63439000011023],[-86.19860900028307,39.63438399995502],[-86.19971999979553,39.634360000020884],[-86.20132499995074,39.63433899981226],[-86.20139799974568,39.6343400001847],[-86.20149200035532,39.634344999971326],[-86.20265300009652,39.634333000344455],[-86.20392000014292,39.63432000034273],[-86.20438600029824,39.634323000077266],[-86.20453799973589,39.63433100029114],[-86.20464300021618,39.63433699975907],[-86.20547099987142,39.63432700018429],[-86.20551600007727,39.63424599970113],[-86.2057780000181,39.63424999981262],[-86.20610100005828,39.63425100018634],[-86.20762800039567,39.63425800003493],[-86.20936099969907,39.63426499988277],[-86.21057099984408,39.63424500001911],[-86.21138000013107,39.63423200000086],[-86.21157199975168,39.63422900026238],[-86.21424899995964,39.63418499970169],[-86.2207249997586,39.634079000028336],[-86.22109200017972,39.63407200016162],[-86.23390599968543,39.633858999926815],[-86.23422399970275,39.63385400010505],[-86.23461700006312,39.63384700021563],[-86.2350659996017,39.63384199970117],[-86.23563999971205,39.63383600019031],[-86.23885300039551,39.63379699989761],[-86.238937999886,39.63379600020916],[-86.23924500003267,39.63379200007137],[-86.23929699991119,39.63379099969101],[-86.23941900010995,39.6337879999334],[-86.2394440002243,39.6337879999334],[-86.24000400009095,39.633774999829264],[-86.24208200007416,39.633754999824],[-86.24232599957331,39.63375299975392],[-86.24279000007881,39.63374700023534],[-86.24309300002753,39.633734000123496],[-86.24336900021204,39.633738000264586],[-86.24988500019401,39.63364500003729],[-86.24980400000315,39.629883999900066],[-86.24974600027683,39.627180999774936],[-86.25013299989111,39.60404600025552],[-86.25082099980428,39.60404600025552],[-86.25066199979562,39.59867299994354],[-86.25051700003067,39.59377400014529],[-86.25057200028226,39.592105000213444],[-86.25057899995495,39.59182499992862],[-86.25061199956691,39.59163000032264],[-86.25058099960478,39.59132700017606],[-86.25058099960478,39.59113699999983],[-86.25058900000069,39.591045999902086],[-86.25058700035088,39.5909999996551],[-86.25058399997782,39.59089600021805],[-86.25057999977986,39.59079199993263],[-86.25058099960478,39.58771600013715],[-86.25058099960478,39.58713600001994],[-86.25058099960478,39.586876999808005],[-86.250582000328,39.58636000031497],[-86.250582000328,39.58584200004486],[-86.250582000328,39.58497200013452],[-86.25058300015291,39.58490900022538],[-86.25058300015291,39.58423599999573],[-86.25061199956691,39.57636600018391],[-86.25060999991709,39.57617800018441],[-86.25060300024438,39.57529100005981],[-86.25060300024438,39.57526000013356],[-86.25059700039661,39.57458999992553],[-86.25058099960478,39.57289500022369],[-86.25062599981061,39.56795900021799],[-86.25062599981061,39.56793600005295],[-86.25061300029016,39.56617400019886],[-86.25061099974201,39.56554000017108],[-86.25059200037374,39.56431500002364],[-86.25054999964263,39.5615400003446],[-86.25054999964263,39.56150000014388],[-86.25054999964263,39.56145000020677],[-86.25054899981772,39.56142299979637],[-86.25060099969626,39.558988999849106],[-86.25060099969626,39.55897899977958],[-86.25061499993997,39.55826900015953],[-86.25061499993997,39.558250999984956],[-86.25057200028226,39.55735300004433],[-86.25056600043447,39.55722599972907],[-86.25056499971124,39.55717899978795],[-86.25054799999282,39.556810999973315],[-86.25054600034301,39.55675899990229],[-86.2505329999242,39.556476999957034],[-86.25060499989422,39.55521900026595],[-86.25058399997782,39.55508999993452],[-86.25057899995495,39.554871999827895],[-86.25055100036586,39.55421200006865],[-86.25054999964263,39.55411999982605],[-86.2505670002594,39.55387900015543],[-86.25056300006142,39.5537349999038],[-86.25052899972624,39.55254200029587],[-86.25053200009928,39.55003300028561],[-86.25048299969548,39.548639000069436],[-86.25044800043369,39.5475950000713],[-86.25047699984769,39.546197999966395],[-86.25050000031224,39.54601400027119],[-86.25050000031224,39.545969999759805],[-86.25052500042659,39.54503599989204],[-86.25052000040372,39.54498500027821],[-86.25051000035799,39.544915000176765],[-86.2505039996119,39.544101000323984],[-86.25049000026648,39.543534000085785],[-86.25047400037298,39.54241700007505],[-86.25047099999992,39.54221400024869],[-86.2504690003501,39.542068999712264],[-86.25048299969548,39.54037199971362],[-86.25048600006852,39.540197999819],[-86.25047699984769,39.539825999966574],[-86.2504690003501,39.53947199970815],[-86.25047000017501,39.5393360001425],[-86.2504979997641,39.53890499975354],[-86.25051000035799,39.53872999996971],[-86.25052200005354,39.53855499974461],[-86.25052000040372,39.538431999761755],[-86.25049600011427,39.53700599986519],[-86.25047699984769,39.53592699969917],[-86.250462999604,39.53429199967203],[-86.25045000008352,39.53302699989478],[-86.25044699971048,39.53258600010691],[-86.25042999999204,39.53208999973989],[-86.25038200031146,39.530552000207365],[-86.25037499974044,39.529863999823405],[-86.2503999998548,39.52909900004967],[-86.25040900007563,39.528986999993165],[-86.25042900016712,39.52822300008384],[-86.25044400023573,39.52741200007214],[-86.25045699975622,39.526677999788376],[-86.25045900030435,39.5262189996913],[-86.25037999976333,39.52404000027079],[-86.25034700015135,39.522947000207076],[-86.25029100007487,39.517494000118305],[-86.25029899957246,39.516857000168],[-86.25031500036431,39.516749999730635],[-86.250322000037,39.516687000212045],[-86.25162099987045,39.51667100032523],[-86.25153999967961,39.51302299991648],[-86.25153999967961,39.51301100006181],[-86.2515199995881,39.51051000007633],[-86.25152399978606,39.51048899974295],[-86.25154300005264,39.510386000227165],[-86.2515539999233,39.510120999768546],[-86.25152899980894,39.50893900015487],[-86.25158599971036,39.507064000307466],[-86.25158099968748,39.50635499991826],[-86.25157200036497,39.505329999769145],[-86.25154999972534,39.505329999769145],[-86.25156200031921,39.50411900026453],[-86.25156399996904,39.50401100013375],[-86.25153700020486,39.503234000310215],[-86.25152999963386,39.501797000320856],[-86.25152899980894,39.50161899996011],[-86.25152499961098,39.5008410002056],[-86.25152200013625,39.5004579998075],[-86.2515189997632,39.499953000090706],[-86.25151600028846,39.499509999831275],[-86.25151499956525,39.49937999969657],[-86.25149700002189,39.49847000026347],[-86.25149700002189,39.49742499972815],[-86.25149700002189,39.49655100013474],[-86.2514760001055,39.49444599999011],[-86.25152899980894,39.49294599968946],[-86.25149000034921,39.49286999987574],[-86.25148100012838,39.49285400005033],[-86.25148199995327,39.4915550002059],[-86.25151700011338,39.491463999775156],[-86.2515189997632,39.49137200025466],[-86.25136800015046,39.48985900011156],[-86.2512579996473,39.48875700017343],[-86.25127400043914,39.484936999790484],[-86.25127400043914,39.48486299975042],[-86.25130799987599,39.47390699967383],[-86.25130799987599,39.47385699974717],[-86.25130799987599,39.47351100032372],[-86.25133999966306,39.4649229998884],[-86.25133999966306,39.46490000025786],[-86.2513639999525,39.45705699998758],[-86.25136899997537,39.45638799987142],[-86.25136899997537,39.45637099980954],[-86.25145099999114,39.45002300029087],[-86.25145900038706,39.44926500025603],[-86.25142599987677,39.44828700009743],[-86.25136599960233,39.44744800031316],[-86.25126799969303,39.44583100027138],[-86.25129000033266,39.44557999968272],[-86.251271999891,39.441909000133435],[-86.25118800022541,39.43773500029364],[-86.25125599999747,39.43766999976183],[-86.25126699986812,39.43731300013591],[-86.25133899983815,39.43726400003087],[-86.25134800005897,39.43572800024724],[-86.25134600040916,39.43374800007004],[-86.25133999966306,39.43321900010294],[-86.25131000042414,39.43059499987201],[-86.25130399967804,39.430045999759415],[-86.2512660000432,39.426645000211515],[-86.2512519997995,39.42535100030595],[-86.25124199975376,39.424484000272486],[-86.25123500008107,39.42157100015065],[-86.25123799955581,39.4214449999919],[-86.25124000010395,39.42136799982129],[-86.25139300026481,39.42043700023723],[-86.25136899997537,39.42003799997942],[-86.25132200011971,39.419879999926096],[-86.25133100034053,39.418925000337524],[-86.25142400022696,39.41546900024759],[-86.25144900034132,39.41413199972542],[-86.2514479996181,39.41390299987384],[-86.25141800037918,39.41195399998606],[-86.25140499996039,39.41049399994328],[-86.25140800033343,39.410307000046714],[-86.25143699974744,39.40838099984454],[-86.25143099989965,39.406297000286365],[-86.25142099985392,39.4052350000826],[-86.25142800042491,39.404392000134436],[-86.25142900024983,39.40404599977199],[-86.25142900024983,39.4038339998132],[-86.25141800037918,39.4029560002279],[-86.25140999998327,39.40081000019871],[-86.2514550001891,39.400812000045775],[-86.25145600001402,39.40076900019811],[-86.25141900020408,39.39593700026538],[-86.25139599973956,39.39299900017539],[-86.25143000007473,39.38802499967304],[-86.25143199972456,39.38779199974315],[-86.25143300044779,39.3875600001901],[-86.25143799957235,39.38746899987356],[-86.2514419997703,39.3873780001326],[-86.25150000039494,39.3861400002914],[-86.25150000039494,39.386119999695325],[-86.25149000034921,39.38585899996564],[-86.25148100012838,39.38493799990366],[-86.25148899962596,39.38417399975558],[-86.25148199995327,39.38394500012691],[-86.25148600015125,39.38357899978176],[-86.25149199999903,39.38295200010824],[-86.25146600005975,39.38140000006704],[-86.2514760001055,39.38092299976678],[-86.25149899967171,39.37979800012734],[-86.25150500041782,39.37973500017801],[-86.2515199995881,39.379590000299025],[-86.25152600033422,39.37892700000812],[-86.25155700029636,39.37864599980502],[-86.2515539999233,39.37742299998213],[-86.2515330000069,39.37714399980538],[-86.251532000182,39.3769470001986],[-86.25152899980894,39.37577799976258],[-86.25153399983182,39.37502400019303],[-86.251420000029,39.37477999977636],[-86.25153700020486,39.37451700009407],[-86.25153800002977,39.37436000032903],[-86.2515330000069,39.37421199982915],[-86.25149199999903,39.37221099991503],[-86.25150000039494,39.37122000033175],[-86.25153800002977,39.368602000287794],[-86.25153399983182,39.36816599978054],[-86.2515530000984,39.36516700034343],[-86.251568000167,39.36247099975202],[-86.251568000167,39.36233999983678],[-86.25156899999192,39.36220899967589],[-86.25165500020563,39.3468840000577],[-86.25165600003055,39.34662999991823],[-86.25165699985547,39.34646299990884],[-86.25166299970324,39.345428000122375],[-86.25168399961964,39.34167200022934],[-86.25110799985947,39.34167899971918],[-86.24998999977599,39.341693999814616],[-86.24983499996527,39.34170000026869],[-86.24938300005367,39.34171499966487],[-86.24880999976821,39.34173600020357],[-86.2485329997588,39.341746000259405],[-86.24774600011142,39.34175499989157],[-86.24456199974028,39.34179500009538],[-86.2435009995582,39.34180899974442],[-86.24318599991395,39.341812000313986],[-86.2430560002176,39.34181399976729],[-86.24261099997868,39.3418189997898],[-86.24224100008281,39.34182300008546],[-86.24192800008838,39.341828000107334],[-86.24091799995992,39.34184000029726],[-86.2404090001469,39.3418460000441],[-86.23585800017025,39.341906000263094],[-86.23434199970352,39.34192700004971],[-86.23430900009157,39.34192700004971],[-86.23421299983208,39.34192900019442],[-86.23418100004504,39.34192999991946],[-86.23344799992601,39.34193700007816],[-86.23318199978725,39.34193999994748],[-86.23177900019671,39.34195499998691],[-86.23124899956898,39.34195700013087],[-86.2305170001732,39.34195999999934],[-86.22888600007873,39.34196799987948],[-86.22880599971278,39.34196799987948],[-86.22854700014501,39.341969000298654],[-86.22649900029903,39.34197799990212],[-86.2201189998612,39.342008999685255],[-86.2144449997782,39.34203500014268],[-86.21043000027707,39.34205399974941],[-86.20933300011,39.34206000017257],[-86.20763500006838,39.34206099989569],[-86.20577200017031,39.342063000036624],[-86.1992579998382,39.342070999905026],[-86.19890399983585,39.342070999905026],[-86.19647500022336,39.342075000186256],[-86.19516100032129,39.34207700032678],[-86.1945269999365,39.342082000330485],[-86.18871099956328,39.3421380000695],[-86.18677300022044,39.342157000342915],[-86.1867339998624,39.342158000064636],[-86.1853470001654,39.342183999771954],[-86.18107200037329,39.34226899965595],[-86.18078699996792,39.34227500006071],[-86.17964700014313,39.34229799987061],[-86.17936500011082,39.34230299985852],[-86.17852099966372,39.34231900023415],[-86.17824000035465,39.342324999939876],[-86.17807399977498,39.342327999792545],[-86.17757800038075,39.34233700004453],[-86.17741299962599,39.34234100031049],[-86.17650499960479,39.3423590001152],[-86.17463500003404,39.34239499971066],[-86.16892499996604,39.34250600031503],[-86.1675919997974,39.34253199989284],[-86.16556400004289,39.34257099993619],[-86.16501099984895,39.34258099987257],[-86.16493600040418,39.34258299999856],[-86.1627129997577,39.34262600026315],[-86.16240999980899,39.34276000015855],[-86.16225499999828,39.342804999739215],[-86.16210000018759,39.342830000188435],[-86.16115899965612,39.3428359998503],[-86.16014299967989,39.34282699966257],[-86.15919000035117,39.34285799976391],[-86.15606100023162,39.34290299997615],[-86.15564199993196,39.342909000326486],[-86.15488299987368,39.342915999692465],[-86.15453600044236,39.34291999992533],[-86.15369000034545,39.34293899998618],[-86.15159899994343,39.34296299998254],[-86.15135200007123,39.34296900032772],[-86.15017600026142,39.34299999967135],[-86.14983399995467,39.343008000127234],[-86.14959100028042,39.34301500017797],[-86.1488089997576,39.343024000341494],[-86.14846800017406,39.343029000277454],[-86.1484499997324,39.34302999998671],[-86.14840000040202,39.34302099982396],[-86.14838399961016,39.343024000341494],[-86.14786499975139,39.34303099969595],[-86.14755400030508,39.34303999985741],[-86.1451189999465,39.343122000271386],[-86.1443099996595,39.34314999972993],[-86.14429600031411,39.3431519998397],[-86.14425299975808,39.34315699976644],[-86.14424000023762,39.34316000027814],[-86.1432600002464,39.343137999764856],[-86.14126500010386,39.343096999926594],[-86.14113799988225,39.34309499981531],[-86.14032600012052,39.343077000200125],[-86.14011100003538,39.34307299997624],[-86.139937999783,39.343068999752184],[-86.13976500042897,39.34306700033473],[-86.13956899971205,39.34306300011032],[-86.13934899960404,39.343058999885635],[-86.13919100031859,39.34306000028919],[-86.13610400003184,39.34312700020033],[-86.13072399967673,39.34324399996378],[-86.13056300001824,39.343246999777016],[-86.13040200035975,39.343250999990936],[-86.12637000024189,39.34334000017561],[-86.12623899982232,39.34334299998471],[-86.1249910000425,39.34337000034504],[-86.1237370004149,39.34339999980685],[-86.12319400026668,39.34341300012546],[-86.1231259995963,39.3434150002277],[-86.12307799991572,39.34341599993142],[-86.12293399997569,39.34342000013563],[-86.12288700012002,39.34342200023767],[-86.12270700019496,39.343427000145155],[-86.12187399961853,39.34344800016948],[-86.11883599973557,39.343528999708006],[-86.1178239999573,39.343556999698194],[-86.11779800001803,39.34355800009462],[-86.11736899967264,39.34356799988978],[-86.11686599970739,39.34358300027451],[-86.11600600026509,39.343581000177075],[-86.11556699987393,39.343581000177075],[-86.11555199980532,39.34357999978102],[-86.11529700043552,39.343579000079586],[-86.11486499971706,39.343577999683504],[-86.11294599974251,39.34357499988448],[-86.11280900037346,39.343593000066086],[-86.1121289999579,39.343683999909814],[-86.11210899986642,39.343686999704154],[-86.11184100007782,39.34372200030576],[-86.11139300036415,39.343782000303754],[-86.11097599971433,39.3437830000023],[-86.11080699965993,39.3437830000023],[-86.11068700000934,39.34378399970076],[-86.1105089997341,39.34378399970076],[-86.10909600009782,39.34378799988391],[-86.10497899959114,39.34380199982854],[-86.10432400018824,39.34381500007232],[-86.10377799966699,39.3438260002233],[-86.10316099989893,39.34383699967783],[-86.10313699960948,39.3438380000702],[-86.10276300041399,39.34384500003786],[-86.10273199955351,39.34384099985793],[-86.10206499955675,39.34385899997109],[-86.10005900044186,39.343897999968675],[-86.09939099972188,39.34391199989123],[-86.099357000285,39.34391300028258],[-86.09928799978971,39.343913999979186],[-86.09897899999322,39.34391100019459],[-86.09887699988599,39.343922000330465],[-86.09879800024325,39.34392300002694],[-86.09856200024171,39.3439279998986],[-86.0984840004239,39.343929999986095],[-86.09774999958167,39.343943999902244],[-86.09554799974987,39.34398799971975],[-86.09481499963087,39.344003000014396],[-86.09297199982429,39.34403999984733],[-86.08744300040458,39.344150999923436],[-86.0856010004229,39.34418900006542],[-86.0852359996516,39.34421100024788],[-86.08414100003266,39.3442790001365],[-86.08377899963442,39.34430299967279],[-86.08332800044602,39.34432999966221],[-86.08198000020876,39.34441600009948],[-86.08179899956049,39.34442900022904],[-86.08153099977189,39.344445999807],[-86.08082199994232,39.344423999698506],[-86.07869999957818,39.34436000010142],[-86.07799300029674,39.34434000004163],[-86.07559499974806,39.34456700027992],[-86.06842500018814,39.34471899981928],[-86.0660359998603,39.34477100009765],[-86.06356700006482,39.344823000337385],[-86.05616300015316,39.34498300024449],[-86.05585000015871,39.34499000009747],[-86.05448100000507,39.34502000025333],[-86.05369500018263,39.34503600000699],[-86.05134500021283,39.345086999675026],[-86.04429799977822,39.34524100021755],[-86.0440979997617,39.345245999994916],[-86.04194899963336,39.345293000107596],[-86.04189799957973,39.34529700020437],[-86.04186999999065,39.34529999992948],[-86.04141300005615,39.345321000085754],[-86.04129500005538,39.3453270002285],[-86.0401209998954,39.345355999869064],[-86.03980200005316,39.34535700023976],[-86.03926499975275,39.34536100033286],[-86.03817299960853,39.34539100032953],[-86.03741400044856,39.34539600009616],[-86.03737699974032,39.345396999771545],[-86.0356860002697,39.34543999969427],[-86.03485000021854,39.345462000177655],[-86.03342300033857,39.34549499984765],[-86.03229900040729,39.345515999945334],[-86.03186099984107,39.34552800019683],[-86.03037899970951,39.345568999998406],[-86.03001100036181,39.345575000119815],[-86.02955199987917,39.345581000240756],[-86.02817699987774,39.34560099994541],[-86.02771900011834,39.34560900010358]]]}},{"type":"Feature","properties":{"id":"18109","name":"Morgan"},"geometry":{"type":"Polygon","coordinates":[[[-86.33590400038672,39.631985000322004],[-86.33656100033775,39.631968000327625],[-86.33659999979749,39.631966999920884],[-86.33700499985345,39.631959999840525],[-86.33830700005996,39.631920000158324],[-86.3383399996719,39.631918999750845],[-86.33901099986664,39.631917000319596],[-86.33905400042266,39.631917000319596],[-86.33909500043053,39.63191599991206],[-86.33937800028775,39.63191000023417],[-86.33949100026565,39.63190699970315],[-86.33990499964413,39.6318969997771],[-86.34154400013453,39.63185799977495],[-86.34155900020313,39.63185799977495],[-86.34191800022832,39.63184200015803],[-86.34197400030484,39.63184000003265],[-86.34280399960991,39.631825000128515],[-86.34304600035756,39.63182000015975],[-86.34324700019901,39.63181399978167],[-86.34383499965476,39.631798000154525],[-86.34491099990545,39.631778999987155],[-86.34541200022086,39.631756999968836],[-86.34680099956768,39.63168800002341],[-86.3473150003019,39.63166199971525],[-86.34752700001401,39.63167099995609],[-86.34778300010704,39.6316780000657],[-86.3479000002829,39.631675000216475],[-86.34811399964482,39.631673000086316],[-86.34853600031754,39.631666999695426],[-86.34876899994605,39.63166099999589],[-86.34894200019842,39.63165600001527],[-86.3553619999209,39.63148799990291],[-86.35545999983017,39.63148500004544],[-86.35552000010463,39.63148500004544],[-86.35730000016203,39.631485999767335],[-86.35951200003954,39.631485999767335],[-86.35957599961364,39.631485999767335],[-86.35959099968225,39.63148299990978],[-86.35961099977374,39.63147900033012],[-86.359636999713,39.63147400033634],[-86.3596569998045,39.63147599978045],[-86.36052800001576,39.63140000010952],[-86.36077599971289,39.63137200024612],[-86.36100500004174,39.631322000214745],[-86.36115400000466,39.6312679998636],[-86.36202500021594,39.63112800016617],[-86.36207999956922,39.631118999854735],[-86.36214700041468,39.631108000087444],[-86.36226000039258,39.63109000015001],[-86.36228700015675,39.631087000275286],[-86.36246200005895,39.631077000230704],[-86.36306100028365,39.631042000063324],[-86.36308300002497,39.63104100033501],[-86.36322199994213,39.63103799976629],[-86.36442000039156,39.63100900002766],[-86.36483399977003,39.630998999971816],[-86.36520299984097,39.63099000033541],[-86.36540600023058,39.630985000306296],[-86.36572000004993,39.63098100000601],[-86.3657600002329,39.63098100000601],[-86.36639299989447,39.63099199979345],[-86.36921999989023,39.63092499992873],[-86.36924199963154,39.63092400019871],[-86.36936999967804,39.630922000046844],[-86.36989600010783,39.63091400013059],[-86.3699150003744,39.63091400013059],[-86.37070500039484,39.63089300025953],[-86.37097499983325,39.6308860000705],[-86.37252200026215,39.630845999767324],[-86.37259300040725,39.63084400030502],[-86.37511599973108,39.63079699977951],[-86.37552699963481,39.63078699969303],[-86.37723200024743,39.63074400013489],[-86.37750699970873,39.63073999982063],[-86.37814899959115,39.630731000150575],[-86.37882099961081,39.63072199978744],[-86.37898399981742,39.63072000032159],[-86.37919499970461,39.630713999848105],[-86.37981099964777,39.63069500007484],[-86.37997399985437,39.6306940003415],[-86.38197300019488,39.63067700002994],[-86.38206299970824,39.63067700002994],[-86.38264699986435,39.63067799976352],[-86.38433800023327,39.63067999992244],[-86.38556300044688,39.63068099965598],[-86.38627800012422,39.63066999981904],[-86.38792400028731,39.63066999981904],[-86.39093100020813,39.63067999992244],[-86.39122300028617,39.63067999992244],[-86.39136700022623,39.63067999992244],[-86.39149000024986,39.63068099965598],[-86.39155700019701,39.63068099965598],[-86.39404100006108,39.63067999992244],[-86.39475200043881,39.63067999992244],[-86.39625799996148,39.63066999981904],[-86.39775599998657,39.63066900008535],[-86.39870699966545,39.63065999971419],[-86.39956500035626,39.63064500024604],[-86.3996520003949,39.63064399982017],[-86.39971099994612,39.630643000086096],[-86.40181099967064,39.63062799992243],[-86.40350799988735,39.63060499980353],[-86.4053759998083,39.630588000161964],[-86.4065089999604,39.63058199967697],[-86.40719199985068,39.63057899978022],[-86.41066699957663,39.630544000052765],[-86.41069699971388,39.63054300031725],[-86.4120650000426,39.63051899974242],[-86.41348100005192,39.63051000004357],[-86.4147330000297,39.63048600014915],[-86.41571499967074,39.630479999655314],[-86.41789399993628,39.63045700017908],[-86.41841199997016,39.63045099968272],[-86.41909999988333,39.63045200011143],[-86.41917299967825,39.630441999975076],[-86.4199429996072,39.63044600030653],[-86.4200349996687,39.630444999877774],[-86.42511399972494,39.63040900034509],[-86.4314609996525,39.63036399969207],[-86.43187400010437,39.63036099978593],[-86.43216100015955,39.63035700014138],[-86.43233900043478,39.630354999973115],[-86.43705799974259,39.63029400000193],[-86.43748999956273,39.63028899992251],[-86.43766600018814,39.63028699975224],[-86.43820000011553,39.63028000019375],[-86.44293400039028,39.63021999989658],[-86.44296000032953,39.63021999989658],[-86.4440909999335,39.63021300033132],[-86.4442109995841,39.6302140000716],[-86.44466500004386,39.63021799972435],[-86.44527199976616,39.6302229998089],[-86.44529100003274,39.6302229998089],[-86.44614299997745,39.630230999805065],[-86.44689600018793,39.6302220000688],[-86.452602000058,39.63013100013258],[-86.45400600037175,39.63010900028207],[-86.45440499968159,39.6301020000137],[-86.45495000037796,39.63010100027185],[-86.4559889999204,39.630105999672985],[-86.45608600000477,39.630107000106634],[-86.45656800005362,39.63010900028207],[-86.45747500024991,39.63009699992041],[-86.45888899971109,39.6300900003427],[-86.460395999957,39.630067999787336],[-86.46201799983064,39.630064000125856],[-86.46212900015873,39.63006299969158],[-86.46593100012282,39.630032000058414],[-86.46587199967327,39.62504600022485],[-86.46574299980183,39.618374999944976],[-86.46574199997693,39.6181260001281],[-86.46573000028138,39.61538399990192],[-86.46567699967962,39.609607000116966],[-86.46568099987756,39.60861999989459],[-86.46563599967172,39.60289100003414],[-86.46563499984681,39.602826000228156],[-86.46560499970958,39.60076900018585],[-86.46821400014545,39.60076199971833],[-86.4682950003363,39.60076199971833],[-86.46851399972111,39.60076199971833],[-86.47061500016885,39.600757999747486],[-86.47223899969231,39.60078500006527],[-86.47318400042175,39.60076900018585],[-86.47326600043752,39.60076800002021],[-86.47401000042719,39.60076800002021],[-86.47468300027172,39.60076699985455],[-86.47593500024954,39.60076699985455],[-86.47599299997583,39.60076800002021],[-86.47856999972635,39.60078100009576],[-86.47938200038638,39.60077999993029],[-86.47963299955823,39.60077999993029],[-86.48170700024181,39.60078699970388],[-86.48212800019128,39.60078900003454],[-86.48372199957751,39.60076699985455],[-86.48463200014683,39.600778999764806],[-86.48550500000793,39.600774000321614],[-86.48700499968284,39.600782999734434],[-86.48844800035467,39.60078500006527],[-86.4898030002646,39.60077300015605],[-86.49034499968958,39.600778999764806],[-86.49072100033153,39.600782999734434],[-86.4923580002738,39.600770999824874],[-86.49384600025313,39.60076500021541],[-86.49477799966546,39.60076699985455],[-86.49528499982867,39.60076800002021],[-86.49541700007313,39.60076800002021],[-86.49698100022046,39.60075700027386],[-86.49792000020379,39.60076199971833],[-86.49999499981395,39.600774000321614],[-86.50007099998194,39.600774000321614],[-86.50148500034143,39.60074999980513],[-86.50300199973476,39.60075399977642],[-86.50324100010937,39.60075499994222],[-86.50636400038114,39.60076500021541],[-86.5083190003407,39.60075700027386],[-86.50918200015604,39.60075399977642],[-86.5104800001646,39.600760000079],[-86.512444000345,39.60076900018585],[-86.51366799983538,39.600764000049715],[-86.51445500038106,39.60077300015605],[-86.51477099985023,39.60077599996049],[-86.5150219999204,39.60077300015605],[-86.51582600018453,39.60076199971833],[-86.51675799959685,39.60075499994222],[-86.51741399972299,39.60074999980513],[-86.51856699996657,39.600769999659306],[-86.51963099962336,39.600777000126016],[-86.51998700017383,39.60077300015605],[-86.52061999983542,39.60076599968893],[-86.52063599972895,39.60076599968893],[-86.52203699966964,39.60077300015605],[-86.52263699971927,39.600777000126016],[-86.52350000043293,39.600782999734434],[-86.52437300029403,39.60078900003454],[-86.52519900029947,39.60078500006527],[-86.5253830004225,39.60078399989986],[-86.52585700007542,39.60078100009576],[-86.52595300033488,39.60077999993029],[-86.52743799994117,39.60079099967304],[-86.52828400003808,39.600782999734434],[-86.52853699975806,39.60077999993029],[-86.5325029997537,39.60078799986919],[-86.53495599965565,39.60078100009576],[-86.53750599964195,39.60076699985455],[-86.53860700000702,39.600774000321614],[-86.53894599994072,39.60077599996049],[-86.53903700017733,39.600777000126016],[-86.53938699998169,39.60078799986919],[-86.53944899990596,39.600799000302786],[-86.54083599960296,39.60080399974422],[-86.54086999993815,39.60080399974422],[-86.54555700035722,39.60081500017527],[-86.55967100041961,39.600861000134195],[-86.5598470001467,39.60086200029849],[-86.56893999987915,39.60088899988355],[-86.56901699987205,39.60088899988355],[-86.57564099980904,39.600909999861194],[-86.58112999994411,39.600926999871355],[-86.58506800035065,39.60082599991246],[-86.58533199994129,39.60082000030772],[-86.58630299971168,39.60082899971461],[-86.58941500011278,39.60081199968035],[-86.5894720000142,39.60081299984535],[-86.59921500002498,39.60090099977267],[-86.60302500038502,39.600895000174425],[-86.60533599999673,39.60089100021128],[-86.60542100038555,39.60089100021128],[-86.60548300030982,39.600866000263316],[-86.6055450002341,39.600854999840315],[-86.60570599989258,39.60085300020373],[-86.60589900023643,39.6008560000047],[-86.60650099993588,39.600865000099084],[-86.60750799969128,39.6008799997923],[-86.60881300027083,39.60089000004745],[-86.6112059998983,39.60089299984683],[-86.61127100019563,39.60089299984683],[-86.61333400011023,39.60089799997365],[-86.61341199992805,39.60089900013736],[-86.61513699973385,39.600918999948505],[-86.61515000015262,39.600918999948505],[-86.61629800037333,39.60091799978508],[-86.61720899986926,39.60091200018831],[-86.61728300038743,39.60091200018831],[-86.61825599980764,39.600905999898906],[-86.61993899978064,39.60090800022614],[-86.62183400036407,39.60092500023684],[-86.62276300030167,39.60095900024565],[-86.62324600017543,39.60094100008021],[-86.62405200008936,39.60093999991706],[-86.62499899957032,39.60094500004048],[-86.62515400027932,39.600946000203564],[-86.62780800002272,39.60095999971637],[-86.6298269995564,39.60098199983505],[-86.6305039995989,39.600982999997555],[-86.63213100039374,39.601001000152124],[-86.63256900006165,39.6010039999467],[-86.64096899985805,39.601079999775294],[-86.6432800003681,39.60110099969503],[-86.64387700004465,39.601105999806826],[-86.65049099993591,39.601135000309604],[-86.6509760003578,39.60113599977779],[-86.6566500004408,39.60139499997894],[-86.65675800039584,39.60116199978824],[-86.65693699959768,39.60090499973524],[-86.65701500031379,39.6007350000837],[-86.65702299981139,39.6006030001805],[-86.6570239996363,39.60043799994769],[-86.65698500017656,39.60033800013965],[-86.65692599972702,39.600184999980854],[-86.65689899996283,39.59985499989909],[-86.65695699968916,39.59969599966334],[-86.65706399981926,39.599525999812904],[-86.65707899988789,39.59941100006426],[-86.6570570001466,39.599356000237336],[-86.65703500040527,39.599305999916304],[-86.65547399973269,39.59762099976416],[-86.65535099970904,39.597232000317064],[-86.6553470004094,39.59677399992401],[-86.65522900040861,39.59671099967082],[-86.65422400030305,39.59617799993803],[-86.65290700002792,39.59601600024939],[-86.65194200010531,39.59569400021331],[-86.65211899965732,39.5950650000643],[-86.65197499971728,39.59442900001826],[-86.6522500000769,39.59398399974868],[-86.6528690003931,39.59379200009667],[-86.6530879997779,39.592768999707424],[-86.6537220001627,39.59162500021902],[-86.6539819995554,39.590997000119465],[-86.65356900000184,39.590085000284304],[-86.65411999964765,39.58926400000139],[-86.65415200033301,39.5877409999853],[-86.65511800008055,39.587313999927716],[-86.65527399971613,39.587467000132484],[-86.65529299998272,39.587483999980556],[-86.65555499992354,39.5877409999853],[-86.65590700027604,39.587338000253645],[-86.6558460001767,39.58647700032102],[-86.65552499978632,39.586210999861514],[-86.65543199989989,39.58588099966806],[-86.65698900037452,39.58539799969836],[-86.65800600017565,39.585187999684855],[-86.65789300019776,39.584374999981044],[-86.6570320000322,39.5837760000933],[-86.65763200008183,39.58343100006656],[-86.65763999957944,39.58315100003645],[-86.65689800013791,39.58323999997333],[-86.65720899958423,39.582869999835616],[-86.65772800034131,39.582784000007166],[-86.65800700000057,39.581877000188996],[-86.65852900023238,39.58142100025494],[-86.65889300028044,39.58147200008229],[-86.65901799995393,39.58084600025619],[-86.65834599993428,39.579910000316296],[-86.65885800012036,39.579421999979736],[-86.65937500032932,39.57943000030808],[-86.6595939997141,39.57920599976665],[-86.6591560000462,39.57836400017701],[-86.65872800042402,39.577332999914326],[-86.65855500017166,39.57629800024296],[-86.65793199965749,39.57604199986693],[-86.65730599966861,39.57565699977167],[-86.65680100005355,39.57531899975796],[-86.6568830000693,39.57510399975821],[-86.65607499960723,39.57479500026854],[-86.65552999980918,39.57474299983356],[-86.6559609998044,39.574157999869314],[-86.65683700003855,39.57329700029151],[-86.65717000012448,39.573473000004334],[-86.65817600005497,39.57323300028517],[-86.65873699974654,39.5731040002226],[-86.65858299976074,39.57272600026742],[-86.65754400021828,39.57240900011916],[-86.65693099974989,39.572360000314234],[-86.657001999895,39.57156300009366],[-86.65702799983426,39.57124799996593],[-86.65703899970492,39.57112000026568],[-86.65665499956535,39.57070900018233],[-86.65619199978309,39.57061000030353],[-86.65615900017113,39.57060300025082],[-86.65479900023831,39.57031399973191],[-86.65454999981796,39.5701279997695],[-86.65490399982029,39.5694029997583],[-86.65533499981551,39.56894099987576],[-86.65553900003,39.56872299967754],[-86.65547899975557,39.56862299979567],[-86.65533700036364,39.56849699997458],[-86.65488700010185,39.568096999662906],[-86.65474099961367,39.567747000094066],[-86.65468899973513,39.56704799977113],[-86.65490200017048,39.56674800006303],[-86.65493700033056,39.566376999866286],[-86.65466899964366,39.56609600021981],[-86.65423199980064,39.564974999911506],[-86.65399400014927,39.56471699997913],[-86.65356800017692,39.56460799990452],[-86.65351299992534,39.564600999938364],[-86.65300800031025,39.56501900014234],[-86.6523560003821,39.56544099983681],[-86.65171899962425,39.56554400009769],[-86.6514199998735,39.5661040000086],[-86.65030099996513,39.56641600005502],[-86.64989199971119,39.56607200015532],[-86.64902700024602,39.566172000253815],[-86.64831900024136,39.56587400017203],[-86.64832000006628,39.56544099983681],[-86.64913600002596,39.56499899966315],[-86.6497939998019,39.564327000014714],[-86.65064699957153,39.56415499994424],[-86.65121700038223,39.56370899985185],[-86.65079600043275,39.56325200019317],[-86.65078300001396,39.56323799998635],[-86.65070000017327,39.56310699999183],[-86.65006900016152,39.5620899997266],[-86.65005900011577,39.56181200012831],[-86.65005900011577,39.56178299978716],[-86.65004800024512,39.56154399980937],[-86.65004800024512,39.56152100028674],[-86.65003599965125,39.56124699996722],[-86.65080599958017,39.56047999969596],[-86.6519260002118,39.560286999962464],[-86.65252799991124,39.56031200000843],[-86.6531510004254,39.55964500029278],[-86.65330200003814,39.55943900010169],[-86.65296399992933,39.55828400007056],[-86.6526240001707,39.5576030002855],[-86.65248000023067,39.55717000025239],[-86.65222300031273,39.55596100031641],[-86.65179800016527,39.554494999666105],[-86.6512850001543,39.552029999796616],[-86.651299000398,39.55062299974375],[-86.65140700035302,39.54999200016974],[-86.65242099978113,39.5499190003426],[-86.65296899995222,39.550918999861814],[-86.65394200027073,39.55196600024775],[-86.65497099976744,39.5515159999996],[-86.65597900024606,39.549895999735966],[-86.65641500026416,39.549091000020766],[-86.65784700016701,39.54896200006983],[-86.65832500001788,39.54829399973576],[-86.65780699998403,39.54797100008914],[-86.65816000016144,39.54742300006929],[-86.65912400025914,39.547754000016155],[-86.65973600000434,39.54728700015248],[-86.66002700025747,39.54686000027046],[-86.66095000034727,39.54698100005768],[-86.66147000003096,39.545974000122314],[-86.6608890002479,39.545530000038426],[-86.65984300013446,39.545079000026256],[-86.66037200003895,39.544393999696965],[-86.66178300002541,39.544321999809625],[-86.66269600006947,39.54339600025781],[-86.6632469997153,39.54236399998315],[-86.66315499965378,39.54143799993681],[-86.6622829996176,39.54043699990876],[-86.6632550001112,39.53938000001076],[-86.66404000010876,39.53868299996838],[-86.6651559996441,39.538086000263256],[-86.66552300006522,39.53784800007954],[-86.66650200023155,39.537322999722896],[-86.66756400023853,39.53660600014899],[-86.66719599999249,39.536264999802356],[-86.6669359997015,39.53586999994185],[-86.66750499978899,39.535717000179474],[-86.6684849997802,39.535695000127],[-86.66904999966971,39.5356839997518],[-86.6704070001278,39.535981999979754],[-86.67154699995258,39.53616899977643],[-86.67272899961019,39.535429000200985],[-86.67178700015211,39.534695000145],[-86.67076299977995,39.53409800008864],[-86.67037699999058,39.53366800017947],[-86.67053799964904,39.53349499985785],[-86.67208799955266,39.53211200024192],[-86.67307000009203,39.53153400010552],[-86.6737789999216,39.53077699973073],[-86.6728990003878,39.529453999665975],[-86.67402199959584,39.52911799997948],[-86.67476599958552,39.52889600007407],[-86.6772140003629,39.52999800033011],[-86.67768700019091,39.5294150001755],[-86.67808200020112,39.52897299980019],[-86.67812700040696,39.528682000098804],[-86.67817300043771,39.52846800015692],[-86.67829599956303,39.52791999996012],[-86.6781089999653,39.527195000156055],[-86.67914599985791,39.52688199985847],[-86.68038899961489,39.52714899980895],[-86.68108300027414,39.52752700010083],[-86.68227599980239,39.5268990000105],[-86.68279300001133,39.526537000153844],[-86.68294199997425,39.52584599989888],[-86.68246599977319,39.52471100016636],[-86.6825450003142,39.52399300002482],[-86.68334399965714,39.52365800013664],[-86.68334899968002,39.52335799987873],[-86.68334500038038,39.52266699986563],[-86.6847270000545,39.52214799991236],[-86.68443400015154,39.52171600029804],[-86.68538900002841,39.52130300006471],[-86.68756099972296,39.52190199979732],[-86.68756599974581,39.518742000086604],[-86.68756599974581,39.51860400017328],[-86.68757400014174,39.513886999945626],[-86.68758599983732,39.507022999762526],[-86.68758900021035,39.50700699972926],[-86.68751899989017,39.50173199999665],[-86.68750600036968,39.50066900012324],[-86.68750600036968,39.5004879996615],[-86.68750600036968,39.4993689998073],[-86.68746600018672,39.4962880001723],[-86.68748100025532,39.49615500007864],[-86.68749999962358,39.48916799967556],[-86.68747399968431,39.48478299969348],[-86.68739099984364,39.484724999802665],[-86.6872760002159,39.48470499975736],[-86.68704400041231,39.4847120001552],[-86.68696900006924,39.47788899989717],[-86.68687500035793,39.470690999809186],[-86.68571000041878,39.470062999853724],[-86.68525000011122,39.470062999853724],[-86.68387199973675,39.4700639998239],[-86.68341300015244,39.47006499979412],[-86.68266199959174,39.47005600006187],[-86.6820239999073,39.470058999972785],[-86.68188199961708,39.470059999943025],[-86.68118700003122,39.47005300015087],[-86.68085099957224,39.470058000002474],[-86.67978799974034,39.4700570000322],[-86.67861000028071,39.47006199988352],[-86.67788300000947,39.47006899967471],[-86.67786000044326,39.47006799970459],[-86.6772229996854,39.470058999972785],[-86.67647200002305,39.47006599976427],[-86.67543500013042,39.47006699973447],[-86.67516599961859,39.47006899967471],[-86.67382499995234,39.47008199997858],[-86.67273000033339,39.47009800018922],[-86.67151799964027,39.47009800018922],[-86.67125099967657,39.47010100009827],[-86.67032299956391,39.4701139997027],[-86.66994599999535,39.47011299973318],[-86.66944700022806,39.47011499967215],[-86.6679509998528,39.470120000212766],[-86.66745299991044,39.47012300012087],[-86.66674599973068,39.470126999998165],[-86.6663659997891,39.47013299981365],[-86.66606399966531,39.47013699969032],[-86.66492899986339,39.47015499982613],[-86.66337700030995,39.47016700014519],[-86.66189699982822,39.47018600024166],[-86.66137600031963,39.47019399998875],[-86.6605090003063,39.470211000141695],[-86.6595729997977,39.470223999725576],[-86.65676699971836,39.47026499978418],[-86.65583199993296,39.470279999985664],[-86.65466899964366,39.47030799975205],[-86.65422799960268,39.47031300027879],[-86.65416999987637,39.47031400024538],[-86.65320499995376,39.47033600020063],[-86.65092600012909,39.470365999876236],[-86.64918700007959,39.47035900011492],[-86.6486449997563,39.47035800014893],[-86.64782700014678,39.47033900009942],[-86.6475259998479,39.47034000006569],[-86.64690700043,39.47033600020063],[-86.64505100020465,39.470323999910704],[-86.64475999995152,39.47032299994421],[-86.64443299971336,39.470323999910704],[-86.64411200022131,39.47032000004473],[-86.64165199974836,39.47028999965582],[-86.64161199956538,39.47029100031627],[-86.6409639998352,39.47028099995273],[-86.63989199978246,39.47027500015002],[-86.63927199964135,39.47027300021565],[-86.6385069997353,39.470262999849574],[-86.63669300024104,39.47025100024048],[-86.63575199970956,39.47025000027299],[-86.63473499990842,39.4702409998712],[-86.63301599995039,39.47022599966135],[-86.63286799981239,39.470223999725576],[-86.63285299974379,39.47022299975769],[-86.63279099981949,39.47022299975769],[-86.63236700039528,39.47021599998194],[-86.63220599983849,39.47021400004588],[-86.63219400014293,39.46978499995175],[-86.63219599979276,39.46957000031103],[-86.63219400014293,39.46940099978203],[-86.632193000318,39.46936499980914],[-86.63218800029514,39.46891600029716],[-86.6321790000743,39.46720599995753],[-86.63217200040161,39.466819000068135],[-86.63215700033298,39.465971000046665],[-86.63217300022653,39.465724000069706],[-86.63216200035588,39.46529700011091],[-86.63214700028725,39.4646659998758],[-86.63215399995995,39.46357200004601],[-86.63214700028725,39.46327600004204],[-86.63213300004355,39.46260299974337],[-86.63213100039374,39.462502000173615],[-86.63212800002069,39.46219999997464],[-86.63212800002069,39.462099999904744],[-86.63212499964764,39.46191600003873],[-86.63211899979987,39.461364000296264],[-86.63211700015003,39.46118099996945],[-86.63211299995206,39.4608619999283],[-86.63210399973124,39.45994700006096],[-86.63210499955615,39.45990600016509],[-86.63211299995206,39.45958799994969],[-86.6321220001729,39.45924299974787],[-86.63211399977699,39.45880099966041],[-86.63208199998994,39.4569580003166],[-86.63207600014213,39.45644300000218],[-86.6320669999213,39.455656999706136],[-86.63206400044659,39.45492900005772],[-86.63206000024863,39.4539199996725],[-86.63204199980696,39.45312599970182],[-86.63203599995917,39.45274499982741],[-86.63202599991344,39.452017999783926],[-86.63202000006565,39.45128299994027],[-86.63201800041583,39.45101299980442],[-86.63200900019498,39.45054900021837],[-86.6319959997762,39.4490809997588],[-86.63199400012638,39.448769999890246],[-86.63198499990554,39.44834699971535],[-86.63198099970758,39.44796799993109],[-86.63196999983694,39.446830999994155],[-86.6319670003622,39.446452999898824],[-86.63196599963898,39.44628900029103],[-86.63196499981406,39.445800000106736],[-86.63196499981406,39.44563699997593],[-86.63196300016425,39.44545300029767],[-86.63195700031646,39.44490200006509],[-86.63195499976833,39.444719000166636],[-86.6319530001185,39.44455000034126],[-86.63194200024785,39.443992000263066],[-86.631933000027,39.443453000333584],[-86.63193800004989,39.44326099967415],[-86.63191899978331,39.44181199979366],[-86.63190999956248,39.44108599976262],[-86.63190700008776,39.44088199969919],[-86.63190000041504,39.440272000189225],[-86.63189799986692,39.44006900022415],[-86.63189299984404,39.4397689999512],[-86.63188600017135,39.43931899989418],[-86.63188799982117,39.43886899970506],[-86.63189100019422,39.438568999813945],[-86.63188799982117,39.438453999675026],[-86.63188799982117,39.438426000276046],[-86.63187899960033,39.43810900020037],[-86.6318760001256,39.43799499973292],[-86.63187299975256,39.437893999844555],[-86.63186400043003,39.43759300017413],[-86.6318619998819,39.437493000141004],[-86.631861000057,39.43728399983719],[-86.63185799968394,39.43665799977634],[-86.63185799968394,39.436450000195585],[-86.6318540003843,39.43591299971414],[-86.63184299961533,39.4343049998623],[-86.63184199979042,39.434150000308755],[-86.63182800044503,39.433769999787565],[-86.63182599989689,39.43328700003908],[-86.63182099987402,39.43183899995588],[-86.6318200000491,39.431356999836076],[-86.6318190002242,39.43123299969212],[-86.63181800039929,39.431096999907176],[-86.63180699963031,39.43086400023007],[-86.63182400024706,39.43074200027889],[-86.63179900013272,39.43069500009284],[-86.63172700016268,39.43055499988226],[-86.63170299987324,39.43050900010848],[-86.63169299982751,39.430338000110105],[-86.63166299969028,39.42982600022668],[-86.63165299964454,39.42965599979662],[-86.63163900029913,39.42843600005187],[-86.63162000003257,39.42658900023683],[-86.63077899995852,39.426544999729515],[-86.6307849998063,39.42557599966594],[-86.63079400002714,39.42435699989572],[-86.63083199966196,39.4238119996674],[-86.630947000188,39.42217599981665],[-86.63098599964776,39.421631999853766],[-86.63107799970926,39.42077699986157],[-86.63135600044191,39.418212000108774],[-86.63145000015325,39.417357999837854],[-86.63143300043482,39.417179999936266],[-86.63138400003102,39.416646000280466],[-86.6313680001375,39.416467999948864],[-86.63132299993165,39.416080999800094],[-86.63119099968716,39.41492000034374],[-86.63114800002946,39.41453299992973],[-86.63113799998372,39.413510000224235],[-86.63112600028816,39.41203999974344],[-86.63107799970926,39.410444999718216],[-86.63104799957203,39.40942400001398],[-86.63102900020377,39.40878999967147],[-86.63097300012728,39.40688900033369],[-86.63095499968561,39.40625600004074],[-86.63092700009653,39.405316999667946],[-86.63084400025583,39.40249999973959],[-86.63081699959335,39.40156199972784],[-86.63081699959335,39.40094999976528],[-86.63081800031658,39.39911699978111],[-86.6308190001415,39.39850600018908],[-86.6308190001415,39.398211999845024],[-86.6308190001415,39.39733199965532],[-86.6308199999664,39.3970390002415],[-86.6308199999664,39.3967880002081],[-86.6308199999664,39.39603700022667],[-86.6308199999664,39.395786999707546],[-86.63081800031658,39.395101999748114],[-86.63081199957048,39.39304800016214],[-86.63081099974558,39.39236400008244],[-86.63080700044593,39.39102400034323],[-86.63079499985206,39.38700700017423],[-86.63079200037731,39.385668000108964],[-86.63078900000426,39.38482200033974],[-86.63078300015648,39.38228399990775],[-86.63078099960833,39.38143800008471],[-86.63077499976056,39.37931699975734],[-86.630763000065,39.37504099996547],[-86.63074100032368,39.37295700020039],[-86.63071899968406,39.370837999840255],[-86.63071899968406,39.37075800002166],[-86.63071899968406,39.37051900002641],[-86.63071899968406,39.3704399998539],[-86.63072500043016,39.36889200024855],[-86.63074399979843,39.364251000020616],[-86.63075100036944,39.362704000165756],[-86.6307639998899,39.359604000150824],[-86.63080200042305,39.350303999885476],[-86.63081599976846,39.34720500013861],[-86.63081599976846,39.34715199993688],[-86.63081800031658,39.34707800007294],[-86.63081800031658,39.34699800013193],[-86.63081800031658,39.34694800012223],[-86.63082199961623,39.346765999784985],[-86.63082099979131,39.346587000033026],[-86.6308190001415,39.34611400024392],[-86.63082300033945,39.345202000274654],[-86.63083500003502,39.34246899966999],[-86.63084000005789,39.34155799980443],[-86.6308409998828,39.34122799979331],[-86.63084400025583,39.340754999862604],[-86.63033000041995,39.34074399992311],[-86.6300020003569,39.340737000339644],[-86.62873899961015,39.34071300027367],[-86.62499899957032,39.340644999694675],[-86.62495000006481,39.34064300020793],[-86.6236880000413,39.34060800014878],[-86.62282799970069,39.340540000162406],[-86.62272899996648,39.34053700023299],[-86.61984599989422,39.340461999871785],[-86.61888500016957,39.340437999711384],[-86.61709000004359,39.34039099980767],[-86.6117060003888,39.34025099965596],[-86.60991200008773,39.340205000070924],[-86.6097270001398,39.34019999993295],[-86.60917399994585,39.340185000211676],[-86.60898999982282,39.34018099982228],[-86.60887299964696,39.34017799987746],[-86.6085239996675,39.340169000042245],[-86.60840800021488,39.340166000096914],[-86.60816299999249,39.34015899976085],[-86.60742900004855,39.340140000333804],[-86.60718499965108,39.34013399974575],[-86.60500899975858,39.340144999781295],[-86.60444700024212,39.34013599994183],[-86.59623599969326,39.34001500013507],[-86.5934999999341,39.33997500030218],[-86.59340500039787,39.3399730001015],[-86.59312099981743,39.33996899969997],[-86.59302700010609,39.339967999946936],[-86.59281200002093,39.33996400023989],[-86.59216799959039,39.33995499968236],[-86.59195400022845,39.339951999727845],[-86.58955999987774,39.33991499981513],[-86.58237799972392,39.3398069999203],[-86.57998500009644,39.339770999686706],[-86.57974400007203,39.33976699996839],[-86.57902299964856,39.33975500011728],[-86.57878300034739,39.339752000154185],[-86.5786929999357,39.339749999947124],[-86.578425999972,39.33974699998382],[-86.57833700028354,39.339746000227606],[-86.57762799955566,39.3397359998857],[-86.57752499962349,39.33973399967818],[-86.57509099998812,39.33969399968449],[-86.5742800000513,39.33968100006373],[-86.57311699976198,39.339661000054555],[-86.56963000034045,39.33960300020407],[-86.56846799987605,39.33958399993118],[-86.56788399971995,39.33957400026082],[-86.56613200014999,39.33954500030548],[-86.56554899981879,39.33953599969404],[-86.56439499975029,39.33951700009766],[-86.56093300044314,39.33945999988801],[-86.55978000019955,39.339441000270966],[-86.55925799996774,39.33943200034092],[-86.55769299999551,39.339404999848874],[-86.5571719995886,39.33939699967536],[-86.55587799977803,39.33937899980271],[-86.55199700017121,39.33932800013829],[-86.55163300012313,39.33932399969985],[-86.55070400018553,39.33930899979059],[-86.55063999971311,39.33930700026563],[-86.5504480000925,39.339304000283306],[-86.55038500034331,39.339304000283306],[-86.5501099999837,39.33929099989523],[-86.54928800017623,39.33925200010612],[-86.54901399964152,39.339238999708385],[-86.5488220000209,39.339237999944906],[-86.54845299994996,39.339237999944906],[-86.54824899973546,39.33924300015168],[-86.54805799993974,39.339249000121434],[-86.54802399960457,39.33924999988476],[-86.54782100011329,39.339246999899984],[-86.54763399961722,39.33924499967848],[-86.54727899978998,39.339255000090674],[-86.54711200028372,39.339249000121434],[-86.54708999964409,39.339249000121434],[-86.54687700010709,39.33923700018141],[-86.5431260001966,39.33917399976784],[-86.5429010000657,39.339181999966826],[-86.54202300018174,39.33915100031949],[-86.54164800026301,39.33915100031949],[-86.54087499996103,39.33915100031949],[-86.54061399984512,39.339138999667874],[-86.54017899965193,39.33911999996357],[-86.54005999982624,39.33910800000147],[-86.54000399974976,39.339116000208016],[-86.53983899989329,39.33914199965727],[-86.53978399964173,39.33915100031949],[-86.53963700022695,39.33914800033047],[-86.53919600018598,39.339140000127536],[-86.53904899987288,39.33913799990297],[-86.53858100006774,39.33913100015868],[-86.53717900030213,39.339110000226896],[-86.5367120003219,39.33910400024521],[-86.5363809998858,39.33908199984478],[-86.53538800037408,39.33901699975819],[-86.5350579997629,39.33899599979216],[-86.53447600015494,39.339007000006724],[-86.53273200008256,39.33904299993906],[-86.5321510002995,39.33905499991238],[-86.53155299989972,39.339045000166344],[-86.52975899959863,39.33901599999155],[-86.52916100009715,39.339007000006724],[-86.52791599979204,39.338986000037686],[-86.52418099977508,39.3389260000913],[-86.52293700019324,39.338905999866114],[-86.5226240001988,39.33889800033026],[-86.52168699986527,39.3388740003277],[-86.52137499969574,39.338866999862205],[-86.52131699996941,39.338865000324596],[-86.5211450004403,39.338860999859655],[-86.52108799964057,39.338860000090776],[-86.52089199982198,39.33885300031866],[-86.52084900016428,39.33885199985488],[-86.52030699984097,39.33887500009638],[-86.52011299967221,39.33888400009814],[-86.51871900030253,39.33887299986423],[-86.51453700039681,39.33884299984894],[-86.51368100025417,39.338836999844354],[-86.5131430001288,39.338838000308336],[-86.51248199997983,39.338838000308336],[-86.51049900043117,39.33884100031066],[-86.50983900010708,39.33884200007981],[-86.50933899961657,39.33879900026649],[-86.5092480002783,39.33875199995554],[-86.50911199983587,39.338734999687446],[-86.50905800030749,39.338725999666444],[-86.50821600040854,39.338712999865656],[-86.50765999984154,39.33875199995554],[-86.50647200033616,39.338749999719866],[-86.5048060000816,39.338712999865656],[-86.50162099988556,39.33868800002825],[-86.50159900014425,39.33870600007882],[-86.49999200033923,39.338642999881415],[-86.49290399989674,39.338642999881415],[-86.49288100033053,39.338642999881415],[-86.49281400038338,39.338642999881415],[-86.49279199974374,39.338642999881415],[-86.49176499989687,39.3386439996534],[-86.48868699983095,39.33864899990266],[-86.48766099980898,39.33865100014122],[-86.4867489995898,39.33865299968495],[-86.4840160002037,39.33865799993358],[-86.48310499980944,39.33866099994362],[-86.48133800017087,39.33866399995354],[-86.47603599963354,39.33867399975407],[-86.47426999981985,39.33867800022971],[-86.47415799966687,39.3386790000012],[-86.47400799987903,39.3386810002389],[-86.47382499958093,39.33867200021095],[-86.47371400015118,39.33866699996333],[-86.47350300026397,39.33865799993358],[-86.47287100042729,39.33863099983741],[-86.47266100036501,39.33862199980302],[-86.47192300022313,39.33859000013455],[-86.46970899979748,39.33849500012065],[-86.46897099965558,39.33846400016866],[-86.46819900007684,39.33843099995807],[-86.46588599991696,39.33833199992772],[-86.46511500016314,39.3383000001265],[-86.46489599988001,39.338291000049495],[-86.46460899982483,39.33829499985227],[-86.46309099970827,39.338319999830276],[-86.4625850002683,39.33832899990355],[-86.46099199980867,39.33835500034025],[-86.45621599970112,39.338434999752835],[-86.45462399996471,39.338461999924746],[-86.45343100043648,39.33848200027697],[-86.44985200005513,39.338541999909665],[-86.44865899962858,39.33856200023894],[-86.44615999969588,39.33860299995821],[-86.43866600027086,39.33872799990281],[-86.43616800016308,39.33876999998964],[-86.43458999977206,39.3388200002917],[-86.43360200028323,39.33885199985488],[-86.42985600039562,39.33891799986296],[-86.4287910000156,39.338937000316875],[-86.4282780000046,39.33894700007836],[-86.42825299989023,39.33894700007836],[-86.4281809999202,39.338947999846],[-86.42815699963077,39.338949000308396],[-86.42708499957804,39.33896700029182],[-86.42387000014307,39.33902299974735],[-86.42279899991527,39.33904299993906],[-86.42203499983412,39.33905599967848],[-86.41974599996371,39.33909699980275],[-86.41898299970745,39.33911099999221],[-86.4178789998677,39.33912999969888],[-86.41456899999817,39.33918899970601],[-86.4134659999833,39.33920899985022],[-86.41222200040144,39.33923100021063],[-86.40849099968412,39.33929600009822],[-86.4072479999272,39.33931900019364],[-86.40617500004954,39.33933799984385],[-86.40295899989137,39.33939500015291],[-86.40188799966354,39.3394150002382],[-86.40166900027874,39.33941800021575],[-86.40101200032771,39.33942899966919],[-86.4007939998695,39.3394339998623],[-86.39877299978771,39.33946599983914],[-86.39271200009043,39.339564999653064],[-86.39069199983352,39.33959899978143],[-86.39061499984062,39.33960000023446],[-86.390387000235,39.33960300020407],[-86.39031100006702,39.33960499972057],[-86.38852699981166,39.3396340003458],[-86.383178000317,39.33972199982142],[-86.38139499988657,39.339752000154185],[-86.38116700028093,39.33975500011728],[-86.38048199984249,39.33976699996839],[-86.38025500006178,39.339770999686706],[-86.37792500018348,39.339809000125726],[-86.37505600035493,39.33985700017541],[-86.37093800002333,39.339903999743406],[-86.36860899996995,39.339931999796256],[-86.36847500007565,39.33993300024458],[-86.36807599986749,39.339937999706876],[-86.36794299979809,39.3399399999085],[-86.36764599969717,39.339945999818426],[-86.36682300006478,39.33996400023989],[-86.36346399979148,39.340035999794985],[-86.36234499988308,39.340060999845136],[-86.36187200005507,39.3400710001406],[-86.36045500022084,39.340102000074715],[-86.35998300021774,39.34011300011529],[-86.35958099963652,39.34012100020681],[-86.35837700023762,39.34014699997705],[-86.3580519996493,39.34015500006473],[-86.35797600037962,39.340157000260206],[-86.35742300018566,39.340168000292074],[-86.35639399979065,39.340191000100575],[-86.35576699997685,39.340202000127135],[-86.35529300032393,39.34021199970766],[-86.35521499960781,39.34021300015192],[-86.35511400022378,39.34021500034572],[-86.35481200009998,39.340219999787855],[-86.35471199964255,39.34022299973088],[-86.35462799997697,39.34022400017502],[-86.35437899955662,39.34022900031127],[-86.35429599971594,39.34023099980986],[-86.35143600010822,39.34028200020501],[-86.35139000007747,39.34028200020501],[-86.34267499973848,39.34045699975221],[-86.33977099974983,39.340516000028785],[-86.33850500042665,39.340540999907255],[-86.33470699976219,39.3406160001837],[-86.33344200026394,39.34064199976977],[-86.33200799981297,39.34067000022173],[-86.32770600025667,39.34075600029914],[-86.3262729996306,39.340786000188196],[-86.32607599998711,39.340789999848205],[-86.3259129997805,39.340805999875435],[-86.32483900007794,39.34091700022423],[-86.32448199970257,39.34095500004026],[-86.32368099981149,39.341039000291616],[-86.32358899974997,39.34103799985913],[-86.32089800019668,39.34101300015846],[-86.32000199987102,39.34100500016897],[-86.31995199964233,39.34100399973599],[-86.31980400040264,39.341002000259515],[-86.31975499999882,39.341002000259515],[-86.31878300040353,39.34099200009725],[-86.31661099981066,39.34097199976846],[-86.31586900036913,39.3409819999336],[-86.31489799970045,39.34099700017856],[-86.3137329997613,39.34101399989655],[-86.31023799994385,39.341063999983],[-86.30907399982962,39.34108200011656],[-86.30897300044559,39.34108299985367],[-86.30729499959715,39.341108000224054],[-86.30196000034617,39.34119099986125],[-86.30018199993862,39.34121900009328],[-86.29924999962797,39.34123299985775],[-86.2964569999674,39.341276999992424],[-86.29552600037998,39.34129200017408],[-86.29527600013472,39.341295000071085],[-86.29452899977201,39.34130599992392],[-86.29428100007489,39.341310999982774],[-86.2933599996349,39.34132199983304],[-86.29059899976139,39.341357000229436],[-86.28967900004463,39.34137000023327],[-86.28911400015511,39.34137699975335],[-86.28742199996128,39.34139999985875],[-86.28685799989665,39.34140900023022],[-86.28633099964198,39.34141500001406],[-86.28475300014928,39.34143500021609],[-86.28422800044271,39.34144300015636],[-86.28321800031425,39.3414560001442],[-86.28225400021658,39.341469000129585],[-86.28018799992891,39.34147400017678],[-86.27917899962539,39.341477000065964],[-86.27854799961361,39.341477999797426],[-86.27665700012646,39.34148299984397],[-86.27602699993962,39.34148599973278],[-86.27563799977719,39.34148700015885],[-86.27465899961088,39.341490999778756],[-86.27447399966296,39.341493999667215],[-86.27408600022376,39.34150200029544],[-86.27349899969461,39.3415130001157],[-86.27174100027685,39.34154699999126],[-86.27115499957262,39.34155900022948],[-86.26993100008224,39.34158200027498],[-86.26626100036259,39.34165400024776],[-86.26503799979882,39.34167899971918],[-86.26499199976807,39.34167899971918],[-86.26485500039905,39.34168200029432],[-86.2648100001932,39.34168300002284],[-86.2642190003644,39.341693999814616],[-86.2624450001548,39.34172800029687],[-86.2618550001509,39.34173999980922],[-86.26082199955793,39.34175900019089],[-86.25772299957562,39.3418189997898],[-86.25669099970587,39.34184000029726],[-86.2565950003447,39.34180599986947],[-86.25630699956632,39.34170699975572],[-86.25621100020517,39.34167399968664],[-86.25588999981477,39.34167500011003],[-86.25555699972885,39.341677000262],[-86.25492999991505,39.34168599990306],[-86.25463600018718,39.34168200029432],[-86.25460799969977,39.34167399968664],[-86.25402299971876,39.34167299995799],[-86.25226799977574,39.34167200022934],[-86.25168399961964,39.34167200022934],[-86.25166299970324,39.345428000122375],[-86.25165699985547,39.34646299990884],[-86.25165600003055,39.34662999991823],[-86.25165500020563,39.3468840000577],[-86.25156899999192,39.36220899967589],[-86.251568000167,39.36233999983678],[-86.251568000167,39.36247099975202],[-86.2515530000984,39.36516700034343],[-86.25153399983182,39.36816599978054],[-86.25153800002977,39.368602000287794],[-86.25150000039494,39.37122000033175],[-86.25149199999903,39.37221099991503],[-86.2515330000069,39.37421199982915],[-86.25153800002977,39.37436000032903],[-86.25153700020486,39.37451700009407],[-86.251420000029,39.37477999977636],[-86.25153399983182,39.37502400019303],[-86.25152899980894,39.37577799976258],[-86.251532000182,39.3769470001986],[-86.2515330000069,39.37714399980538],[-86.2515539999233,39.37742299998213],[-86.25155700029636,39.37864599980502],[-86.25152600033422,39.37892700000812],[-86.2515199995881,39.379590000299025],[-86.25150500041782,39.37973500017801],[-86.25149899967171,39.37979800012734],[-86.2514760001055,39.38092299976678],[-86.25146600005975,39.38140000006704],[-86.25149199999903,39.38295200010824],[-86.25148600015125,39.38357899978176],[-86.25148199995327,39.38394500012691],[-86.25148899962596,39.38417399975558],[-86.25148100012838,39.38493799990366],[-86.25149000034921,39.38585899996564],[-86.25150000039494,39.386119999695325],[-86.25150000039494,39.3861400002914],[-86.2514419997703,39.3873780001326],[-86.25143799957235,39.38746899987356],[-86.25143300044779,39.3875600001901],[-86.25143199972456,39.38779199974315],[-86.25143000007473,39.38802499967304],[-86.25139599973956,39.39299900017539],[-86.25141900020408,39.39593700026538],[-86.25145600001402,39.40076900019811],[-86.2514550001891,39.400812000045775],[-86.25140999998327,39.40081000019871],[-86.25141800037918,39.4029560002279],[-86.25142900024983,39.4038339998132],[-86.25142900024983,39.40404599977199],[-86.25142800042491,39.404392000134436],[-86.25142099985392,39.4052350000826],[-86.25143099989965,39.406297000286365],[-86.25143699974744,39.40838099984454],[-86.25140800033343,39.410307000046714],[-86.25140499996039,39.41049399994328],[-86.25141800037918,39.41195399998606],[-86.2514479996181,39.41390299987384],[-86.25144900034132,39.41413199972542],[-86.25142400022696,39.41546900024759],[-86.25133100034053,39.418925000337524],[-86.25132200011971,39.419879999926096],[-86.25136899997537,39.42003799997942],[-86.25139300026481,39.42043700023723],[-86.25124000010395,39.42136799982129],[-86.25123799955581,39.4214449999919],[-86.25123500008107,39.42157100015065],[-86.25124199975376,39.424484000272486],[-86.2512519997995,39.42535100030595],[-86.2512660000432,39.426645000211515],[-86.25130399967804,39.430045999759415],[-86.25131000042414,39.43059499987201],[-86.25133999966306,39.43321900010294],[-86.25134600040916,39.43374800007004],[-86.25134800005897,39.43572800024724],[-86.25133899983815,39.43726400003087],[-86.25126699986812,39.43731300013591],[-86.25125599999747,39.43766999976183],[-86.25118800022541,39.43773500029364],[-86.251271999891,39.441909000133435],[-86.25129000033266,39.44557999968272],[-86.25126799969303,39.44583100027138],[-86.25136599960233,39.44744800031316],[-86.25142599987677,39.44828700009743],[-86.25145900038706,39.44926500025603],[-86.25145099999114,39.45002300029087],[-86.25136899997537,39.45637099980954],[-86.25136899997537,39.45638799987142],[-86.2513639999525,39.45705699998758],[-86.25133999966306,39.46490000025786],[-86.25133999966306,39.4649229998884],[-86.25130799987599,39.47351100032372],[-86.25130799987599,39.47385699974717],[-86.25130799987599,39.47390699967383],[-86.25127400043914,39.48486299975042],[-86.25127400043914,39.484936999790484],[-86.2512579996473,39.48875700017343],[-86.25136800015046,39.48985900011156],[-86.2515189997632,39.49137200025466],[-86.25151700011338,39.491463999775156],[-86.25148199995327,39.4915550002059],[-86.25148100012838,39.49285400005033],[-86.25149000034921,39.49286999987574],[-86.25152899980894,39.49294599968946],[-86.2514760001055,39.49444599999011],[-86.25149700002189,39.49655100013474],[-86.25149700002189,39.49742499972815],[-86.25149700002189,39.49847000026347],[-86.25151499956525,39.49937999969657],[-86.25151600028846,39.499509999831275],[-86.2515189997632,39.499953000090706],[-86.25152200013625,39.5004579998075],[-86.25152499961098,39.5008410002056],[-86.25152899980894,39.50161899996011],[-86.25152999963386,39.501797000320856],[-86.25153700020486,39.503234000310215],[-86.25156399996904,39.50401100013375],[-86.25156200031921,39.50411900026453],[-86.25154999972534,39.505329999769145],[-86.25157200036497,39.505329999769145],[-86.25158099968748,39.50635499991826],[-86.25158599971036,39.507064000307466],[-86.25152899980894,39.50893900015487],[-86.2515539999233,39.510120999768546],[-86.25154300005264,39.510386000227165],[-86.25152399978606,39.51048899974295],[-86.2515199995881,39.51051000007633],[-86.25153999967961,39.51301100006181],[-86.25153999967961,39.51302299991648],[-86.25162099987045,39.51667100032523],[-86.250322000037,39.516687000212045],[-86.25031500036431,39.516749999730635],[-86.25029899957246,39.516857000168],[-86.25029100007487,39.517494000118305],[-86.25034700015135,39.522947000207076],[-86.25037999976333,39.52404000027079],[-86.25045900030435,39.5262189996913],[-86.25045699975622,39.526677999788376],[-86.25044400023573,39.52741200007214],[-86.25042900016712,39.52822300008384],[-86.25040900007563,39.528986999993165],[-86.2503999998548,39.52909900004967],[-86.25037499974044,39.529863999823405],[-86.25038200031146,39.530552000207365],[-86.25042999999204,39.53208999973989],[-86.25044699971048,39.53258600010691],[-86.25045000008352,39.53302699989478],[-86.250462999604,39.53429199967203],[-86.25047699984769,39.53592699969917],[-86.25049600011427,39.53700599986519],[-86.25052000040372,39.538431999761755],[-86.25052200005354,39.53855499974461],[-86.25051000035799,39.53872999996971],[-86.2504979997641,39.53890499975354],[-86.25047000017501,39.5393360001425],[-86.2504690003501,39.53947199970815],[-86.25047699984769,39.539825999966574],[-86.25048600006852,39.540197999819],[-86.25048299969548,39.54037199971362],[-86.2504690003501,39.542068999712264],[-86.25047099999992,39.54221400024869],[-86.25047400037298,39.54241700007505],[-86.25049000026648,39.543534000085785],[-86.2505039996119,39.544101000323984],[-86.25051000035799,39.544915000176765],[-86.25052000040372,39.54498500027821],[-86.25052500042659,39.54503599989204],[-86.25050000031224,39.545969999759805],[-86.25050000031224,39.54601400027119],[-86.25047699984769,39.546197999966395],[-86.25044800043369,39.5475950000713],[-86.25048299969548,39.548639000069436],[-86.25053200009928,39.55003300028561],[-86.25052899972624,39.55254200029587],[-86.25056300006142,39.5537349999038],[-86.2505670002594,39.55387900015543],[-86.25054999964263,39.55411999982605],[-86.25055100036586,39.55421200006865],[-86.25057899995495,39.554871999827895],[-86.25058399997782,39.55508999993452],[-86.25060499989422,39.55521900026595],[-86.2505329999242,39.556476999957034],[-86.25054600034301,39.55675899990229],[-86.25054799999282,39.556810999973315],[-86.25056499971124,39.55717899978795],[-86.25056600043447,39.55722599972907],[-86.25057200028226,39.55735300004433],[-86.25061499993997,39.558250999984956],[-86.25061499993997,39.55826900015953],[-86.25060099969626,39.55897899977958],[-86.25060099969626,39.558988999849106],[-86.25054899981772,39.56142299979637],[-86.25054999964263,39.56145000020677],[-86.25054999964263,39.56150000014388],[-86.25054999964263,39.5615400003446],[-86.25059200037374,39.56431500002364],[-86.25061099974201,39.56554000017108],[-86.25061300029016,39.56617400019886],[-86.25062599981061,39.56793600005295],[-86.25062599981061,39.56795900021799],[-86.25058099960478,39.57289500022369],[-86.25059700039661,39.57458999992553],[-86.25060300024438,39.57526000013356],[-86.25060300024438,39.57529100005981],[-86.25060999991709,39.57617800018441],[-86.25061199956691,39.57636600018391],[-86.25058300015291,39.58423599999573],[-86.25058300015291,39.58490900022538],[-86.250582000328,39.58497200013452],[-86.250582000328,39.58584200004486],[-86.250582000328,39.58636000031497],[-86.25058099960478,39.586876999808005],[-86.25058099960478,39.58713600001994],[-86.25058099960478,39.58771600013715],[-86.25057999977986,39.59079199993263],[-86.25058399997782,39.59089600021805],[-86.25058700035088,39.5909999996551],[-86.25058900000069,39.591045999902086],[-86.25058099960478,39.59113699999983],[-86.25058099960478,39.59132700017606],[-86.25061199956691,39.59163000032264],[-86.25057899995495,39.59182499992862],[-86.25057200028226,39.592105000213444],[-86.25051700003067,39.59377400014529],[-86.25066199979562,39.59867299994354],[-86.25082099980428,39.60404600025552],[-86.25013299989111,39.60404600025552],[-86.24974600027683,39.627180999774936],[-86.24980400000315,39.629883999900066],[-86.24988500019401,39.63364500003729],[-86.25202400027658,39.6335429996889],[-86.2563559999701,39.63341700031238],[-86.2566370001775,39.63340899999284],[-86.25752500010721,39.63337900016989],[-86.25801300000386,39.63336699968361],[-86.26849199960837,39.63305500014611],[-86.26852500011866,39.63305900032646],[-86.26871400026454,39.633151000260106],[-86.26881299999874,39.63319500009485],[-86.26891299955786,39.63322200021546],[-86.26923899997111,39.63326699970122],[-86.26960200019425,39.63323899990163],[-86.2700420004103,39.63322299991226],[-86.27017700012952,39.63320099966137],[-86.27136299998507,39.63318499966316],[-86.27143199958205,39.633177999706035],[-86.27146099989436,39.6331740002244],[-86.271583999918,39.63317000005066],[-86.27778799973042,39.63297400024894],[-86.27785999970044,39.63297299985675],[-86.28793499997225,39.632777000188675],[-86.28818699986734,39.63277200028872],[-86.28883999962041,39.63276100009245],[-86.28944899989085,39.632756999894816],[-86.28961499957221,39.632756000191335],[-86.29017199996413,39.632752999697],[-86.29137700008626,39.63274599969617],[-86.29181300010436,39.63274400028882],[-86.29279800011842,39.63273799999083],[-86.29313799987706,39.6327359998914],[-86.29370299976658,39.63273300008806],[-86.29397999977603,39.63273099998848],[-86.29462199965845,39.63272699978916],[-86.29483699974358,39.63272600008519],[-86.29525699986816,39.632723999985416],[-86.2958789996591,39.632717999685696],[-86.29600900025375,39.6327169999816],[-86.29691200025206,39.63270900027297],[-86.29709300000204,39.632707000172644],[-86.29713800020788,39.63270599977659],[-86.2977519996029,39.63269699967045],[-86.29996400037872,39.63266599983389],[-86.30542400020147,39.632625000162626],[-86.30692600042453,39.63261600004594],[-86.30731800006168,39.63261399994299],[-86.30904299986747,39.632578000155256],[-86.31056199980894,39.63254700026537],[-86.31087900000135,39.63253800013854],[-86.3110659995991,39.63253300022131],[-86.3112410003996,39.63252800030371],[-86.31222200021573,39.63250099991224],[-86.31241899985922,39.63249599999234],[-86.3126709997543,39.632488999965496],[-86.31299899981735,39.63247999983106],[-86.3142829995822,39.632446000081515],[-86.31482800027854,39.63243200001702],[-86.31562800034472,39.63241200031521],[-86.31604799957097,39.63239999966117],[-86.31676599962135,39.63237700013144],[-86.31681400020027,39.632375000021526],[-86.31682699972073,39.632375000021526],[-86.31709299985953,39.63236899969158],[-86.32037599996485,39.63228100032699],[-86.32045299995775,39.63227900021435],[-86.32219500038029,39.632239000024754],[-86.32230400016023,39.632236000199846],[-86.32530600005818,39.63219599998539],[-86.32582999993981,39.632190000331725],[-86.32634100030099,39.63217699992727],[-86.32660499989163,39.63217400009974],[-86.32743699974483,39.63216299980833],[-86.32862900034647,39.63214300002881],[-86.33043399961991,39.6321049998783],[-86.33145799999205,39.63208099984534],[-86.33288200039728,39.63205899992307],[-86.33420600034509,39.63202900020652],[-86.33432400034587,39.63202599968071],[-86.33459200013448,39.632019000298115],[-86.33509599992463,39.63200599986158],[-86.33590400038672,39.631985000322004]]]}},{"type":"Feature","properties":{"id":"18097","name":"Marion"},"geometry":{"type":"Polygon","coordinates":[[[-86.08273000004623,39.63643999983728],[-86.07927600023666,39.63649699994223],[-86.0771949998804,39.636532000116894],[-86.07706900038202,39.63653600009623],[-86.07677099955787,39.636538000085785],[-86.07638800014155,39.63654400005411],[-86.07601999989551,39.636555000340664],[-86.0758569996889,39.63655799997827],[-86.07538200021106,39.63656700027389],[-86.07440999971743,39.636587000157945],[-86.07434000029556,39.636587000157945],[-86.07420800005107,39.63658900014603],[-86.07408099982946,39.63659300012207],[-86.07398799994304,39.63659700009784],[-86.07338000039582,39.63659999973362],[-86.0731679997854,39.6366129999986],[-86.07284899994316,39.636618999960476],[-86.0725829998044,39.63662299993473],[-86.0717099999433,39.63662899989572],[-86.07164999966884,39.636630000235044],[-86.0710899998022,39.63664800011461],[-86.06823699986715,39.63672200026199],[-86.06371000017995,39.6368300000171],[-86.06027100043902,39.63690399996976],[-86.06008300011804,39.63690900026287],[-86.05892700039973,39.63692900004808],[-86.05838699972624,39.636944999872064],[-86.05691999966331,39.63697300024693],[-86.05417499968333,39.63702999991265],[-86.05415999961471,39.63702999991265],[-86.05286499997922,39.637062000201986],[-86.05089099975308,39.637104000343136],[-86.0504420002145,39.637114000208285],[-86.04938699988021,39.63713300029389],[-86.04790599957359,39.63716099990091],[-86.04480099974347,39.637218000103495],[-86.04470500038231,39.6372189997425],[-86.04463800043516,39.63722400001283],[-86.03500400020432,39.637239000129874],[-86.0345039997138,39.637239999768575],[-86.03413299999303,39.63724100009911],[-86.03026999992957,39.63724500003739],[-86.03018200006602,39.63724399970697],[-86.01878799986929,39.63734200019988],[-86.01404600009693,39.637443999788985],[-86.01187100002933,39.637490999949165],[-86.00762200017648,39.63758100025511],[-86.00755900042729,39.63758199988891],[-86.00653500005514,39.63760299980477],[-86.00111200004231,39.637719000081646],[-85.99028000026037,39.63796799995937],[-85.99017999980292,39.63796799995937],[-85.99008100006874,39.63796999990758],[-85.99001300029667,39.63797100022751],[-85.98909500022974,39.63799300034491],[-85.97128999963302,39.638142999701024],[-85.96681900002233,39.63814700027895],[-85.96653399961697,39.638125999836454],[-85.96451099988535,39.63812799978004],[-85.95697399990428,39.63829500005417],[-85.9542930003967,39.63832000032147],[-85.95427400013014,39.63832099994459],[-85.95405400002211,39.638326999758256],[-85.95207999979596,39.63834499988794],[-85.95207899997104,39.63960800029005],[-85.95207999979596,39.639650999872586],[-85.95208099962088,39.639690999926735],[-85.95209999988745,39.64208000017262],[-85.95207999979596,39.64220500011178],[-85.95207499977309,39.64223599982381],[-85.95205999970447,39.64273099999207],[-85.9520610004277,39.64363299993443],[-85.95200399962798,39.644450000061326],[-85.95203899978807,39.64455399999277],[-85.95209700041272,39.64472899967074],[-85.95215500013903,39.65329800028934],[-85.95218699992608,39.656750000068875],[-85.95216799965951,39.656757999763165],[-85.95211199958301,39.65681399967207],[-85.95210699956014,39.656840000207104],[-85.95207599959801,39.657011999776365],[-85.95207700032122,39.65715499976793],[-85.952083000169,39.658540999730256],[-85.952083000169,39.65855500004218],[-85.95208599964376,39.65910899973421],[-85.95206200025261,39.66021300032622],[-85.95206599955225,39.660423000317984],[-85.95207999979596,39.66127599990561],[-85.95208499981884,39.6615440003103],[-85.95208399999392,39.6675160002119],[-85.95208399999392,39.66780600023905],[-85.95206999975021,39.66810599996392],[-85.95206399990244,39.668225999765724],[-85.95206200025261,39.668270999983385],[-85.95205899987957,39.66832999988631],[-85.95204499963586,39.66863799980392],[-85.95204899983382,39.66874600018626],[-85.95205100038196,39.668813000056915],[-85.95205100038196,39.66886399982201],[-85.9520530000318,39.66888699966308],[-85.9520539998567,39.668895999899455],[-85.95205600040482,39.668916999985434],[-85.95205800005465,39.668934999757674],[-85.95206200025261,39.668960000009854],[-85.95207099957513,39.669070000320396],[-85.95207800014614,39.66915399972298],[-85.95207899997104,39.66918599966607],[-85.952083000169,39.66934300025267],[-85.95208399999392,39.66939100003045],[-85.95209499986458,39.66962599980104],[-85.9520899998417,39.669674000073684],[-85.9520689999253,39.6698539997619],[-85.95206700027549,39.670237999742085],[-85.95205800005465,39.671875999714935],[-85.95205700022974,39.672095999863885],[-85.95203100029048,39.6743090002477],[-85.95203299994029,39.67516000032577],[-85.95200600017611,39.67631100033876],[-85.9519979997802,39.67783699994193],[-85.95199399958224,39.67851800003277],[-85.9519840004348,39.678798999870665],[-85.95197900041194,39.67893899984298],[-85.95198299971159,39.6789660000766],[-85.95200700000103,39.67914099974738],[-85.95200700000103,39.6791509997547],[-85.95198899955936,39.680800000095985],[-85.9519910001075,39.682168999954136],[-85.9519910001075,39.68235800013316],[-85.9519910001075,39.68248400019553],[-85.9519900002826,39.68255999971601],[-85.9519559999474,39.68525600009093],[-85.95191400011461,39.686610000326525],[-85.95188800017533,39.6874429997556],[-85.95186200023608,39.68862399974135],[-85.95185100036542,39.68890100021986],[-85.95184999964218,39.68899299981101],[-85.9518429999695,39.68950000012971],[-85.95182899972579,39.690654999940065],[-85.95178000022031,39.69237699978395],[-85.95175500010595,39.694526000201044],[-85.95175599993085,39.6954409997566],[-85.95175299955783,39.6958079996746],[-85.95174599988512,39.696646000216425],[-85.95174000003735,39.69701400010478],[-85.95173500001447,39.69704900005019],[-85.95173300036464,39.69705999969363],[-85.95172099977077,39.69713599975867],[-85.95169999985437,39.69744899984463],[-85.95166999971713,39.69859400010023],[-85.95163799993007,39.69981999979061],[-85.95162100021166,39.700350999913745],[-85.95158000020376,39.70213099974932],[-85.9515619997621,39.70273299980788],[-85.95154300039384,39.703765999892894],[-85.95154699969349,39.70445799981471],[-85.95155000006653,39.70634199969321],[-85.95155500008941,39.70829100024392],[-85.95155799956413,39.70942299990202],[-85.95156500013515,39.71002000007952],[-85.95156299958701,39.71111200023635],[-85.95157500018088,39.71240599970634],[-85.95157400035599,39.71321499998634],[-85.95158000020376,39.71387800028707],[-85.95158199985359,39.71567700004254],[-85.95158199985359,39.71586100027689],[-85.95158199985359,39.71626000032673],[-85.95158199985359,39.71656399980268],[-85.95158400040172,39.716718000162366],[-85.95158299967851,39.71759299998206],[-85.95159799974711,39.719615999660846],[-85.95160000029526,39.719913000081746],[-85.95164200012805,39.722147000157854],[-85.95164799997583,39.72272899986017],[-85.95165899984647,39.72357900029642],[-85.95165899984647,39.72393099984931],[-85.95169499983149,39.72636899969145],[-85.95169900002945,39.72641900005001],[-85.95170499987722,39.72670300029349],[-85.95172099977077,39.72745800026334],[-85.95173599983939,39.7281489997978],[-85.95174099986224,39.72876000015173],[-85.9518420001446,39.7341070001248],[-85.95183799994663,39.73426699976614],[-85.95183100027393,39.73615999969595],[-85.95182899972579,39.73619199966797],[-85.95182500042614,39.736271999878326],[-85.95182500042614,39.736387000018055],[-85.95182600025106,39.73678199972745],[-85.95182399970292,39.73710300030199],[-85.95181899968004,39.737454000316674],[-85.9518220000531,39.73795399993318],[-85.9518150003804,39.73904200031898],[-85.95181600020533,39.74003899984278],[-85.95181700003023,39.740347999887184],[-85.95181700003023,39.7405210002929],[-85.95181700003023,39.74092899977338],[-85.95184100031967,39.74175400018495],[-85.95188399997738,39.742592000054685],[-85.95195299957435,39.744509000320534],[-85.95195400029759,39.74452900004038],[-85.95201399967372,39.74764699967816],[-85.95205700022974,39.74968399999095],[-85.95207099957513,39.75023100008986],[-85.9521319996745,39.7525619997993],[-85.95213500004756,39.75287799988869],[-85.95214599991819,39.753174999975684],[-85.95218100007831,39.75466799994],[-85.95218799975099,39.75511700011593],[-85.95220399964452,39.75560000006136],[-85.95220199999471,39.75591700001905],[-85.95220899966739,39.75686000028039],[-85.95222899975889,39.75836999975823],[-85.95224499965241,39.76276299999004],[-85.95224700020054,39.76312499995674],[-85.95226399991897,39.76555800000457],[-85.95226599956881,39.76580199966402],[-85.95226800011693,39.76620400020559],[-85.9522789999876,39.76846299981786],[-85.95228099963741,39.76876699970067],[-85.95229099968314,39.76984900014817],[-85.9522949998811,39.770265000286685],[-85.95230999994973,39.77103399971335],[-85.95231199959956,39.771760000057164],[-85.95231199959956,39.771890000213894],[-85.95231199959956,39.771968999950225],[-85.9523140001477,39.77252399990324],[-85.95231499997261,39.77287000023938],[-85.95232699966816,39.77346699990287],[-85.95233300041426,39.773764000263206],[-85.95235099995763,39.77413900031027],[-85.9523569998054,39.77426999984336],[-85.95235400033066,39.7745720001835],[-85.9523640003764,39.77526399993037],[-85.95237600007196,39.77558400031424],[-85.95238799976754,39.77590800009327],[-85.95239299979042,39.77604000010297],[-85.9524060002092,39.77623599990138],[-85.9524129998819,39.77634500005149],[-85.95242799995052,39.77652499973779],[-85.95243299997337,39.77655399983114],[-85.95244600039216,39.776632000045424],[-85.95244899986692,39.77669000012977],[-85.95244499966896,39.77684100033436],[-85.9523910001406,39.77889699992326],[-85.95238500029281,39.778995999969666],[-85.95238500029281,39.779090999866284],[-85.95234199973679,39.780647999984566],[-85.95235099995763,39.781057000284584],[-85.95237000022419,39.782196999739185],[-85.95237699989688,39.78264299970172],[-85.9523779997218,39.782673999878],[-85.952379000445,39.78270399974585],[-85.95238199991977,39.78280499973393],[-85.95238299974466,39.78288599995222],[-85.95238299974466,39.78304300003553],[-85.95240000036141,39.78417000031538],[-85.95240299983615,39.784444000074686],[-85.95241399970682,39.78516600014047],[-85.95241600025494,39.78527399969586],[-85.95244200019421,39.7872299999648],[-85.95244600039216,39.787332999976435],[-85.95244899986692,39.787616999725785],[-85.95245700026283,39.788196000140616],[-85.95247700035432,39.78959599998126],[-85.95247700035432,39.789729999660274],[-85.95257500026361,39.79708300029864],[-85.95257600008851,39.79711400018025],[-85.95258199993629,39.797380000193165],[-85.9525829997612,39.79743800004377],[-85.95272900024938,39.80168000003342],[-85.95274900034087,39.802464999812464],[-85.95278299977775,39.80328600013054],[-85.95279199999857,39.803516000035444],[-85.95283800002932,39.804806000276464],[-85.95286899999148,39.80567599970919],[-85.95289099973277,39.80629799993018],[-85.95289499993073,39.80649000000236],[-85.95290199960343,39.806749000019465],[-85.95291099982427,39.80699900028021],[-85.95292900026593,39.80720199978726],[-85.95297000027382,39.80843099992976],[-85.95296799972567,39.80911200033568],[-85.95294400033454,39.81206700020618],[-85.95302499962708,39.816727999701065],[-85.95305099956634,39.81956500021404],[-85.9530539999394,39.820434999844316],[-85.9530549997643,39.82056199987312],[-85.95306599963497,39.82303800023707],[-85.95306999983293,39.82377400004835],[-85.9530759996807,39.824453999848885],[-85.95307800022884,39.824574999855855],[-85.95309099974932,39.825254000332315],[-85.9531230004347,39.826777000075126],[-85.95314299962786,39.827444000312155],[-85.95323999971224,39.83131499992905],[-85.95327900007028,39.83303200007873],[-85.95331699970514,39.83412899980479],[-85.95338200000245,39.83647899979263],[-85.95340799994173,39.83764799990871],[-85.95341799998747,39.83834300020594],[-85.9534489999496,39.83970900012326],[-85.95347400006396,39.840300999729074],[-85.95347800026192,39.8403829999665],[-85.9534830002848,39.84049900016873],[-85.95348400010973,39.840710999936924],[-85.95348900013258,39.8414649996654],[-85.95354199983603,39.84490399966612],[-85.95354400038416,39.84509600016755],[-85.953546000034,39.84527200032798],[-85.95357699999613,39.847559999979744],[-85.95358200001901,39.84859799995613],[-85.95362700022484,39.85238600014667],[-85.95364099957024,39.85306700009694],[-85.95363999974532,39.85326600023058],[-85.95368300030134,39.85611700023146],[-85.9538489999827,39.86084000002522],[-85.95385599965539,39.861151999937775],[-85.9539050000592,39.86238700009311],[-85.95392400032577,39.863083000081],[-85.95393299964829,39.86361100014157],[-85.95395600011283,39.86444600000511],[-85.9539629997855,39.86486500029095],[-85.9540049996183,39.86768299976082],[-85.95399999959542,39.869329999992786],[-85.95401300001421,39.86964600016451],[-85.9536380000955,39.86965199985696],[-85.9528079998921,39.86966600005656],[-85.95201700004678,39.86967500028187],[-85.95071900003823,39.86968599994283],[-85.94826799978613,39.869717000168635],[-85.94488000009879,39.869754999781364],[-85.94138199990832,39.869781000012274],[-85.94124399981604,39.869781999729284],[-85.93982199995895,39.869793000062515],[-85.93847399972171,39.86980700023333],[-85.93806700001593,39.86981200019515],[-85.93806700001593,39.8715949997495],[-85.93806799984084,39.87419300015285],[-85.93806899966576,39.87466100009892],[-85.93807600023675,39.875085000309845],[-85.93807399968861,39.87524600002198],[-85.9380729998637,39.87544699991147],[-85.93807500041184,39.87560200029175],[-85.93807700006167,39.875776999810824],[-85.93807100021388,39.87701700017661],[-85.93807399968861,39.8789179998887],[-85.93806799984084,39.87979399991663],[-85.93807100021388,39.880564999896606],[-85.93807700006167,39.88200400005738],[-85.93807399968861,39.88230000009417],[-85.93807399968861,39.882462000323095],[-85.93807799988657,39.8826580000289],[-85.9380729998637,39.88381900001772],[-85.93808299990945,39.88428900014963],[-85.93808399973436,39.884571000060916],[-85.93807799988657,39.88667099965886],[-85.9380789997115,39.886695000050565],[-85.93808100025963,39.88675499995914],[-85.9380870001074,39.88693100012329],[-85.93808799993232,39.88697900002696],[-85.9380870001074,39.88703800022156],[-85.93808600028251,39.88705200031867],[-85.93808299990945,39.88708200012332],[-85.93808299990945,39.88713600015217],[-85.93807700006167,39.887182999759695],[-85.93808000043472,39.887228999872306],[-85.93808200008455,39.88726999988677],[-85.93808299990945,39.88926300030899],[-85.93808200008455,39.889297000322635],[-85.9380870001074,39.889393999660626],[-85.93807600023675,39.890797999890346],[-85.93808000043472,39.89124400025622],[-85.93808000043472,39.891426999869566],[-85.93808000043472,39.891620999961994],[-85.93807100021388,39.89413000015596],[-85.93807500041184,39.89472499982294],[-85.93807600023675,39.89483999980002],[-85.93807600023675,39.89486500012911],[-85.93807500041184,39.895059000139696],[-85.93806799984084,39.895967000115334],[-85.93807000038896,39.89779699978492],[-85.93807600023675,39.898357999681394],[-85.9380789997115,39.89862999975317],[-85.93808000043472,39.89906599967339],[-85.93808299990945,39.900156000086945],[-85.93808299990945,39.900307999859685],[-85.93808899975723,39.90310899980578],[-85.93808799993232,39.90314499968178],[-85.93808399973436,39.90334100020624],[-85.93808299990945,39.90418799966832],[-85.93808600028251,39.904339000242246],[-85.93808799993232,39.90444199974919],[-85.93808799993232,39.904527000222494],[-85.93808799993232,39.90461399969783],[-85.93808999958215,39.90630800008994],[-85.93809100030536,39.90708199984054],[-85.93809299995519,39.90800799972286],[-85.93809299995519,39.90803899985067],[-85.93809799997805,39.90935499980601],[-85.93809600032824,39.9109780001792],[-85.93810200017602,39.91252500000554],[-85.93810200017602,39.912546000264754],[-85.93809899980297,39.9129620001687],[-85.93809899980297,39.91302799985164],[-85.93810600037398,39.913198999830556],[-85.93809600032824,39.91392799995558],[-85.93808600028251,39.91679999994383],[-85.93808899975723,39.91715499967547],[-85.93808899975723,39.91718799991605],[-85.93808499955927,39.91743200015782],[-85.9380870001074,39.91753700006765],[-85.93809399978011,39.9179439998833],[-85.93808399973436,39.919085000253126],[-85.9380729998637,39.92033200033087],[-85.9380729998637,39.920505999673914],[-85.93807600023675,39.92114600014503],[-85.93808600028251,39.921483000147184],[-85.93808899975723,39.92156600015281],[-85.93808999958215,39.92159299967641],[-85.93809100030536,39.921617999889285],[-85.93810499965078,39.922325000310245],[-85.93810399982586,39.9228230002891],[-85.93809799997805,39.9230210002621],[-85.93808399973436,39.92319599997729],[-85.93806100016815,39.92336100024385],[-85.93802099998517,39.92357399987479],[-85.93798199962711,39.92370699969965],[-85.93792100042604,39.92386899988317],[-85.93782799964133,39.924074000331466],[-85.93770200014295,39.92428400028867],[-85.93762000012718,39.92441000009161],[-85.9374179995625,39.92464899999385],[-85.93739199962322,39.925819000031744],[-85.93737900010277,39.92643399993017],[-85.93810999967363,39.92649299991113],[-85.93813399996307,39.926494999757836],[-85.93814400000882,39.9265519998413],[-85.93815800025251,39.92661800020499],[-85.93815800025251,39.9267220002314],[-85.93815300022966,39.92682999977368],[-85.9381289999402,39.92697600010868],[-85.93808200008455,39.927008999749674],[-85.93776599971704,39.927022999947454],[-85.93759599983774,39.92703799971326],[-85.9375869996169,39.927136999876545],[-85.93764199986848,39.92711599995825],[-85.93781900031881,39.927114999699555],[-85.93941100005522,39.9271079999549],[-85.94117900041702,39.927101999779545],[-85.94288300030644,39.927087000027704],[-85.94333299966992,39.92708299967999],[-85.94548699982111,39.92706499983465],[-85.94584300037157,39.92706400026405],[-85.9459150003416,39.9270630000046],[-85.9461549996428,39.92705999991504],[-85.94639499984231,39.92705800008484],[-85.9467670002863,39.92705399973548],[-85.94739800029805,39.92705100033436],[-85.94746100004726,39.92705100033436],[-85.94793100040053,39.92704800024422],[-85.94800599984528,39.92704699998453],[-85.94861699976556,39.92703899997312],[-85.9499840002694,39.92702700029863],[-85.95035800036322,39.92702400020749],[-85.95209800023763,39.927008999749674],[-85.95923299963746,39.9269479996911],[-85.96636799993563,39.926887000267065],[-85.97012200021915,39.926855000140925],[-85.97123899957938,39.9268479996808],[-85.97205899973704,39.92683900007225],[-85.97255800040264,39.926840000334984],[-85.97290599965888,39.92683799980951],[-85.97353699967064,39.92683599997287],[-85.97520299992522,39.926855999714576],[-85.97535699991099,39.92685800023952],[-85.975392999896,39.926881000072335],[-85.97550000002612,39.92694899995223],[-85.97564300014126,39.92701199984147],[-85.97578200005843,39.92706400026405],[-85.97587199957181,39.92709099968631],[-85.97605999989278,39.92713000013414],[-85.97611699979419,39.927136000307044],[-85.97615600015226,39.927139999962776],[-85.97632400038174,39.927144000307166],[-85.97650400030679,39.92714300004883],[-85.97853999955889,39.92713199996218],[-85.97908600008016,39.92712599978893],[-85.98085400044197,39.9271079999549],[-85.98127799986618,39.927106999696086],[-85.98219699975805,39.9271040002973],[-85.98234400007112,39.92710300003843],[-85.98306100029662,39.92709699986263],[-85.98350999983519,39.92709300020439],[-85.98445899986427,39.927087000027704],[-85.98517600008975,39.927077999761686],[-85.98650400023553,39.9270699997539],[-85.98734000028671,39.92706400026405],[-85.98753899958002,39.9270630000046],[-85.98792199989467,39.92705999991504],[-85.9885799996706,39.927054999995065],[-85.98873000035674,39.92705399973548],[-85.98916100035197,39.92705100033436],[-85.98961300026359,39.92704800024422],[-85.99148500038248,39.92703400005161],[-85.99327999961017,39.92702100011617],[-85.99503700010132,39.927000000162295],[-86.0013849998538,39.92705600025463],[-86.00165900038849,39.92705699982529],[-86.002032999584,39.92705999991504],[-86.00340199973763,39.92707100001326],[-86.00438099990394,39.927077999761686],[-86.00639000029018,39.927091999945354],[-86.00699000033981,39.92709999995056],[-86.00741600031216,39.92710600012611],[-86.00854400044139,39.92711200030111],[-86.01001200032924,39.927120000304036],[-86.01019200025429,39.92712299970213],[-86.01080900002235,39.92713300022063],[-86.01084500000736,39.92713399979022],[-86.01100300019111,39.927141000221106],[-86.01125699973602,39.927167000043895],[-86.01240300030689,39.927304999679876],[-86.01255499974455,39.927318000250274],[-86.01281099983758,39.927339000106606],[-86.013015999877,39.92735000016],[-86.01339199962064,39.92738000023395],[-86.0135499998044,39.92738800020557],[-86.01370799998813,39.92739000002607],[-86.01385699995105,39.92739199984658],[-86.01424600011349,39.92738899977139],[-86.01448200011501,39.92738399987544],[-86.01571700037438,39.92735899970136],[-86.016894999834,39.927339000106606],[-86.01788900006893,39.927323000151056],[-86.01811900022268,39.927315999738724],[-86.01925999987239,39.927280999733235],[-86.01957799988972,39.92727500026194],[-86.02068099990458,39.92725399969708],[-86.0210209996632,39.927248000223365],[-86.02176499965286,39.927248000223365],[-86.02183999999593,39.927248000223365],[-86.02523699990408,39.92720099985028],[-86.02597800041902,39.92719100003055],[-86.02642199993473,39.92717999995161],[-86.02766800006472,39.92715200030631],[-86.02822700010647,39.92713899970443],[-86.02890199960083,39.927123999960706],[-86.0294680002136,39.92711200030111],[-86.02976600013943,39.927106999696086],[-86.03100899989636,39.927087000027704],[-86.03297899992455,39.92706400026405],[-86.0340309998858,39.92706499983465],[-86.03486399956394,39.927066999664596],[-86.03496200037154,39.927066999664596],[-86.0352209999393,39.92706799992399],[-86.03659299956769,39.92707100001326],[-86.03994900036626,39.92706199974513],[-86.04535399993743,39.92705399973548],[-86.04625600011084,39.92705300016471],[-86.04690600038919,39.927051999905096],[-86.04736599979842,39.92705100033436],[-86.04770599955702,39.92705000007471],[-86.04858199979118,39.92704899981505],[-86.04906800003798,39.92704800024422],[-86.04933400017677,39.92704800024422],[-86.04962899972953,39.92704800024422],[-86.05065899994949,39.92704599972483],[-86.0518349997593,39.9270420000636],[-86.05381999985607,39.92703400005161],[-86.0542719997677,39.92703200022065],[-86.05465199970928,39.92703099996073],[-86.05548199991269,39.92702900012974],[-86.0558340002652,39.927027999869765],[-86.05605500019814,39.92702700029863],[-86.05717499993145,39.92702400020749],[-86.05786500039274,39.92702100011617],[-86.05883699998805,39.92701600019335],[-86.05976799957546,39.92701100027015],[-86.0599669997671,39.92701000000992],[-86.06026800006599,39.927008999749674],[-86.06057799968737,39.92700800017831],[-86.06140700006586,39.9270059996577],[-86.06167499985446,39.9270050000863],[-86.0616990001439,39.9270050000863],[-86.06191300040415,39.9270050000863],[-86.06294400044898,39.92700399982597],[-86.0630859998409,39.92700300025454],[-86.06357700011058,39.92700300025454],[-86.06370199978404,39.92700300025454],[-86.06409699979426,39.9270059996577],[-86.06519200031151,39.927013000101724],[-86.06612100024911,39.9270050000863],[-86.06640499993125,39.92700199999419],[-86.06743599997608,39.9269920001454],[-86.0683029999894,39.926984000127504],[-86.06865299979377,39.926984000127504],[-86.06919900031502,39.926984999699215],[-86.06959400032524,39.926984999699215],[-86.06974300028816,39.926984999699215],[-86.07046100033857,39.92698599995982],[-86.07183100031713,39.92697999977376],[-86.07494899966768,39.926953999879956],[-86.07587900032851,39.92695099978562],[-86.07603099976618,39.92695099978562],[-86.07618300010213,39.92695000021335],[-86.07624300037659,39.92695000021335],[-86.07633399971486,39.92694899995223],[-86.07648400040101,39.9269479996911],[-86.07666000012811,39.926947000118844],[-86.07670100013598,39.926947000118844],[-86.07681999996167,39.926947000118844],[-86.07715200022268,39.926945999857686],[-86.0790539995805,39.92693400016688],[-86.07929200013018,39.92693200033305],[-86.08082500031537,39.92692199978514],[-86.08138500018202,39.92692199978514],[-86.08219500029394,39.92692300004665],[-86.08224799999736,39.92692300004665],[-86.08324499970702,39.92690500015925],[-86.0841860002385,39.92690099980089],[-86.08754499961351,39.92689099993734],[-86.08819499989185,39.926887000267065],[-86.08861099981846,39.92688499974296],[-86.08870500042809,39.926884000169785],[-86.09112300016993,39.92688900010226],[-86.09439100020666,39.92688200033445],[-86.09455400041327,39.92688200033445],[-86.09480100028547,39.926881000072335],[-86.0957739997057,39.926879999810204],[-86.09650900037283,39.9268779999748],[-86.09819099962263,39.926879999810204],[-86.09947299973764,39.92688200033445],[-86.10050600033061,39.926884000169785],[-86.10348599958894,39.92689400003436],[-86.10485599956749,39.92689799970424],[-86.10548400010452,39.92690000022795],[-86.10663499979997,39.92689799970424],[-86.10674699995296,39.92689799970424],[-86.10786199966338,39.92690599973212],[-86.10796899979351,39.92690599973212],[-86.10986600002676,39.92691000009018],[-86.11074999975853,39.926913999759115],[-86.11158900018273,39.9268989999661],[-86.11216800031596,39.92690200006271],[-86.11241400036326,39.92690099980089],[-86.11254999990739,39.92690099980089],[-86.11277599986319,39.92690099980089],[-86.11311700034504,39.92690099980089],[-86.11355300036314,39.92690099980089],[-86.11466600042374,39.92690599973212],[-86.11509400004591,39.92690399989747],[-86.11637500033602,39.9268989999661],[-86.11730799957326,39.92690099980089],[-86.11799300001171,39.92690000022795],[-86.11897800002579,39.92689299977242],[-86.11927299957856,39.92689099993734],[-86.1193589997923,39.92688999967536],[-86.12115599956812,39.926881000072335],[-86.12278900021073,39.92687199977928],[-86.12359199975162,39.92687199977928],[-86.12439600001575,39.92687199977928],[-86.12523999956453,39.92687100020587],[-86.12667300019059,39.92687100020587],[-86.12680999955963,39.92687100020587],[-86.12686999983408,39.926882999907704],[-86.12696500026864,39.92690099980089],[-86.12700299990347,39.92690599973212],[-86.12707200039877,39.926913999759115],[-86.12723600043029,39.92693499973938],[-86.12876200004446,39.926921000212495],[-86.13031399959789,39.92690399989747],[-86.13069899956237,39.9268970001312],[-86.131418000336,39.92688999967536],[-86.1319329999968,39.926884000169785],[-86.13275200032955,39.926874000303755],[-86.13293399990441,39.926874999877086],[-86.13301199972223,39.92689299977242],[-86.13308000039261,39.926906999993875],[-86.13314800016465,39.9269249998808],[-86.13328600025693,39.92695200004671],[-86.13335599967881,39.92696100032931],[-86.13342599999902,39.92697499984794],[-86.13370600038148,39.92701100027015],[-86.13377699962828,39.92701600019335],[-86.13388299993349,39.927024999778624],[-86.13399099988854,39.927035000311484],[-86.1343690001803,39.927051999905096],[-86.13469300004542,39.92705800008484],[-86.13636699979759,39.92706900018337],[-86.13798100017361,39.92708000028014],[-86.13869099982809,39.927088000286815],[-86.13942099957404,39.9270960002925],[-86.14182999999338,39.92712500021927],[-86.14238599966207,39.92713099970372],[-86.14397499992374,39.92714199979053],[-86.14465500033931,39.92714699970415],[-86.14526399971146,39.927157000219204],[-86.14588300002767,39.92716800030183],[-86.14752199961971,39.92714900022065],[-86.14820000038546,39.927136000307044],[-86.14851500002973,39.92713300022063],[-86.1491109998814,39.92712700004746],[-86.15067699967855,39.92710499986726],[-86.15069099992225,39.92710499986726],[-86.15225400024465,39.927085000198296],[-86.15328699993931,39.927077999761686],[-86.15383799958514,39.92706900018337],[-86.15490399979008,39.92705000007471],[-86.15530800002111,39.92704599972483],[-86.15637400022605,39.92702600003864],[-86.15675599981748,39.92702100011617],[-86.15781500034973,39.92700800017831],[-86.15805499965093,39.9270050000863],[-86.15902200012167,39.926979000201975],[-86.15922100031331,39.92697600010868],[-86.16013699983212,39.92696699982812],[-86.16097500043142,39.92695800023522],[-86.16306400028529,39.92693100007167],[-86.16391500040508,39.9269249998808],[-86.16506600010052,39.92690599973212],[-86.16575300018879,39.9268989999661],[-86.16929300021208,39.92688900010226],[-86.17213899957608,39.92689500029629],[-86.1722370003837,39.92689500029629],[-86.17385699970917,39.9268989999661],[-86.17439599965944,39.92689400003436],[-86.17474100033925,39.926887000267065],[-86.17554300005524,39.926866000272085],[-86.17616800021922,39.926853000304796],[-86.1771259995708,39.92684299974533],[-86.17760299959679,39.92684299974533],[-86.178406000036,39.92684200017155],[-86.1787630004114,39.926840000334984],[-86.17935300041526,39.92683499971009],[-86.18054900031656,39.9268249998369],[-86.1822630002517,39.92681900032557],[-86.18264499984312,39.92681600022532],[-86.18361399996367,39.92680699992368],[-86.18402900006538,39.92680899976121],[-86.18407000007326,39.92680899976121],[-86.18452000033506,39.92680500008614],[-86.18577300013776,39.92679599978304],[-86.1877480001888,39.926777999862246],[-86.18861600002703,39.926769999819356],[-86.19091199957015,39.92675100031656],[-86.19233400032554,39.92673500022357],[-86.19311199975209,39.92673000027985],[-86.19373600009116,39.92672599991132],[-86.19445199959341,39.926719999702435],[-86.19464699958708,39.926717999862355],[-86.19501900003107,39.92671499975763],[-86.19774899994246,39.926678000292476],[-86.19895300023965,39.926665999865854],[-86.19903000023255,39.92666500028948],[-86.1994419999612,39.92666200018243],[-86.20082000033568,39.926651000018495],[-86.20203399978033,39.926636999744645],[-86.20281200010518,39.926628000108416],[-86.20283300002157,39.926628000108416],[-86.2028639999837,39.926628000108416],[-86.2028770004025,39.926628000108416],[-86.20292500008308,39.92662699984253],[-86.20308699956648,39.92662499999974],[-86.20324300010039,39.92662300015688],[-86.20341100032988,39.92662000004799],[-86.20359899975256,39.926616999938965],[-86.20496100023351,39.92659400001747],[-86.2068550000937,39.92656199975436],[-86.20850499955642,39.926530000165215],[-86.2094679998292,39.9265179997126],[-86.21052900001128,39.92649900013992],[-86.21071599960902,39.92649700029333],[-86.21131599965867,39.92648900021765],[-86.21161799978245,39.92648499983498],[-86.21191300023354,39.926476999757845],[-86.21253699967431,39.926468000100584],[-86.2137119996592,39.926450000093496],[-86.21379200002512,39.92644899982508],[-86.21422800004322,39.92643599977855],[-86.21443300008264,39.926435000198815],[-86.21500600036808,39.9264229997296],[-86.21592899955958,39.92640499971068],[-86.2161210000785,39.92640100001206],[-86.2182819999024,39.92635999998724],[-86.21857399998045,39.92635800013659],[-86.21896200031796,39.92635000004467],[-86.21926100006873,39.92634500007283],[-86.21953499970509,39.92633500012807],[-86.21990200012621,39.92633200000655],[-86.22038199962692,39.9263220000599],[-86.22105299982167,39.92630899998931],[-86.22203700001084,39.926289000087806],[-86.22219699984441,39.92628599996428],[-86.22228600043118,39.92628400011152],[-86.22242500034837,39.926282000258645],[-86.22298299966687,39.92627299988684],[-86.2232449996077,39.92626900018046],[-86.22379100012895,39.926261000078085],[-86.22430300031503,39.92625900022459],[-86.22490199964142,39.926249999849716],[-86.22516199993242,39.92624600014199],[-86.22551799958457,39.92624199974517],[-86.22606499993076,39.92623600018277],[-86.22646099976588,39.92622600022208],[-86.22760999981149,39.92620899973447],[-86.22881900013158,39.92618199996442],[-86.22960499995403,39.92616599973845],[-86.23168200011236,39.92613700009435],[-86.23205500038125,39.92615099978155],[-86.23222199988751,39.92615000019765],[-86.23233300021558,39.9261489999248],[-86.23249300004916,39.92614500021121],[-86.23273300024867,39.926138999951405],[-86.23305399974073,39.92613599982135],[-86.23338199980378,39.92613200010695],[-86.23547200038088,39.926107000164535],[-86.23704999987359,39.92608799978888],[-86.23743999986091,39.92608299979791],[-86.23790000016847,39.92607700022157],[-86.23848299960133,39.926069999681886],[-86.23918399993329,39.92606200024516],[-86.23973899977707,39.92605499970394],[-86.24037599963663,39.92604599999115],[-86.24050200003332,39.92604700026547],[-86.24062000003411,39.92605200025906],[-86.24073600038504,39.92606200024516],[-86.24077800021784,39.926067000237666],[-86.24105299967914,39.92608799978888],[-86.24109000038737,39.92609200019469],[-86.24120099981715,39.92609299977949],[-86.2413730002446,39.92608499965655],[-86.2468160003489,39.92579700012006],[-86.24815500036533,39.92572399976764],[-86.24821800011452,39.92572000002918],[-86.24842200032901,39.92570899971388],[-86.2496399999716,39.925644000131896],[-86.25034399977832,39.92560300034263],[-86.25065799959766,39.92558699998135],[-86.25135599955658,39.925551000188136],[-86.25150700006763,39.92554400028353],[-86.25154800007552,39.925541000127396],[-86.25209899972133,39.925515999969164],[-86.255010000281,39.92536300004187],[-86.25574800042288,39.925323999965194],[-86.2598530003357,39.92510999997934],[-86.25986599985616,39.9250379998723],[-86.26008000011639,39.925030999915286],[-86.26111799983396,39.92513900005842],[-86.26248000031491,39.92513299971049],[-86.2639950000584,39.925106000205005],[-86.2649010004298,39.92507300033565],[-86.26613800033896,39.9250139998198],[-86.26688499980337,39.92498000030511],[-86.26733500006516,39.92494699968615],[-86.2676060002268,39.92494699968615],[-86.26790400015264,39.92490499987736],[-86.26824599956109,39.92491600032189],[-86.26886800025034,39.92491199984731],[-86.27042800019969,39.92491399974015],[-86.27094000038576,39.924899999800004],[-86.27140200034313,39.92489499972227],[-86.27273499961345,39.92486300004287],[-86.27471899988534,39.92481699970247],[-86.27488899976464,39.92481299991102],[-86.27558000005087,39.92480000024276],[-86.27734599986455,39.92476599993289],[-86.27755900029989,39.92475800034385],[-86.27757299964527,39.92475800034385],[-86.27847099962072,39.92472900010333],[-86.27944899996213,39.92470499994251],[-86.27951199971133,39.924703000043564],[-86.27957500035883,39.924701999749566],[-86.2799829998895,39.92468799976612],[-86.28109699977502,39.92464000009623],[-86.28127000002739,39.92464099970217],[-86.28179899993191,39.92464000009623],[-86.2818550000084,39.92464099970217],[-86.28198899990271,39.92464099970217],[-86.28217399985063,39.92464300029184],[-86.28375700026452,39.92464599979844],[-86.28591899991332,39.92464099970217],[-86.28891400013856,39.924634999999505],[-86.28899100013146,39.92464399989778],[-86.28904899985777,39.92464399989778],[-86.29016600011636,39.92462900029627],[-86.29023899991128,39.92462699970619],[-86.29077000036393,39.92461900010092],[-86.29259999975173,39.92459100009712],[-86.29268000011766,39.924589999801526],[-86.29357999974293,39.924582000191876],[-86.29359499981155,39.924582000191876],[-86.29532499964023,39.92456100017878],[-86.29719900030726,39.92453599966268],[-86.2978150002504,39.924531000247285],[-86.29891099969427,39.92451799983656],[-86.30162800008516,39.924487000278056],[-86.30236899970177,39.924487000278056],[-86.30331500025612,39.92445600001655],[-86.30399300012354,39.92444700009361],[-86.30407000011644,39.92444700009361],[-86.30724600009165,39.924394000140445],[-86.30925100027993,39.924351999992425],[-86.31054000006765,39.924327999699436],[-86.31434500040478,39.92426300018417],[-86.31581900014044,39.92423800024818],[-86.3160979997997,39.92423500003478],[-86.31667100008512,39.92422499978181],[-86.31747299980113,39.924220000343716],[-86.31803000019303,39.924220000343716],[-86.31807799987361,39.924220000343716],[-86.31878300040353,39.92421500021632],[-86.31901600003204,39.92421599982846],[-86.31945299987504,39.924213999915246],[-86.32133699968949,39.924220000343716],[-86.32138899956804,39.924219000042704],[-86.32139399959091,39.92415800025384],[-86.32164200018633,39.92414999990484],[-86.32628900042245,39.92404200026834],[-86.32629299972209,39.92402899976475],[-86.32629400044532,39.92186499982042],[-86.32637100043821,39.92116299982298],[-86.32639400000444,39.921033999891556],[-86.3263859996085,39.920900999697125],[-86.32636300004228,39.91996100023545],[-86.32634200012589,39.919153000297406],[-86.3262729996306,39.91732900020132],[-86.32626799960775,39.91718799991605],[-86.32626199975995,39.917046000312666],[-86.32621200042955,39.91572299976517],[-86.32621200042955,39.9155770002382],[-86.32621200042955,39.915318999756245],[-86.32623300034594,39.914626000011644],[-86.32624000001864,39.91438400030819],[-86.32624699969134,39.914143000197875],[-86.32625799956199,39.91368500008702],[-86.32626299958487,39.913585999765765],[-86.32623400017087,39.91178799969126],[-86.32623400017087,39.91175900015902],[-86.32623400017087,39.911673999701115],[-86.32622900014798,39.91131100002794],[-86.32621800027732,39.91061100033088],[-86.32620400003363,39.909620000169696],[-86.32619900001076,39.909324000273735],[-86.32619800018585,39.90925699994753],[-86.32619099961484,39.908681000054926],[-86.32618999978995,39.908641000284504],[-86.32615600035305,39.906382000340855],[-86.3261379999114,39.9060180003103],[-86.32607299961407,39.90467399977066],[-86.32606699976627,39.90463199993191],[-86.32606400029155,39.904575000208055],[-86.32607099996424,39.90431300002114],[-86.32610199992638,39.90315600017614],[-86.32610699994925,39.902972000257854],[-86.32610199992638,39.902585000311596],[-86.32609899955332,39.902384000037976],[-86.32609199988063,39.90212199974234],[-86.32607299961407,39.89987900003301],[-86.32606699976627,39.89951599988436],[-86.32598399992561,39.8914399996691],[-86.32598099955256,39.89122200026603],[-86.32594700011569,39.88791500004761],[-86.32594600029077,39.88785599991849],[-86.32591699997846,39.884968999682854],[-86.32588900038937,39.882328999686706],[-86.32591199995558,39.882319999743146],[-86.3259639998341,39.882288999698766],[-86.3259970003444,39.88225299989654],[-86.32601200041302,39.88222600003243],[-86.32602199956044,39.88219900015766],[-86.3260269995833,39.88217200027229],[-86.32605099987276,39.882050999736336],[-86.32602400010857,39.8807360002412],[-86.32602099973552,39.88005100018378],[-86.32599200032152,39.87714800017731],[-86.32599499979627,39.87500500013248],[-86.32599599962116,39.87404899968609],[-86.32598700029867,39.87349200011394],[-86.3259479999406,39.87264400012662],[-86.3259270000242,39.872360000067005],[-86.32591100013067,39.872135000129255],[-86.32590000026002,39.87196900020464],[-86.32586299955179,39.8715800002528],[-86.32574600027422,39.87033100004224],[-86.32561400002974,39.86881699992201],[-86.32541599966304,39.86672900021026],[-86.32537300000533,39.86617600026216],[-86.32540599961727,39.86617600026216],[-86.32598800012357,39.866153999812965],[-86.32692499955876,39.86614100004562],[-86.32812100035835,39.86612500027559],[-86.32811299996244,39.865614999703936],[-86.32809000039622,39.864246999881495],[-86.32808200000031,39.86379999993188],[-86.32807799980235,39.8623990000576],[-86.3280119996801,39.85926899992035],[-86.32799400013675,39.85810100025346],[-86.32797599969511,39.8569950002553],[-86.32796900002239,39.856533999837644],[-86.32796399999953,39.855868999902526],[-86.32795399995379,39.855542999786415],[-86.32790999957285,39.85409500010317],[-86.32788399963357,39.85316600025633],[-86.32786500026532,39.851955999779776],[-86.32785299967144,39.84991599971553],[-86.32785299967144,39.849903000320225],[-86.32782900028032,39.84854399992974],[-86.32782099988438,39.8480749997278],[-86.32781599986153,39.847927000163644],[-86.32779199957209,39.84716399993923],[-86.32778700044753,39.84702400017952],[-86.32776099960994,39.845470000227834],[-86.32776099960994,39.84542699991147],[-86.32775700031029,39.8446240003002],[-86.32774800008946,39.84427800018624],[-86.32771100027955,39.84292600025056],[-86.32771100027955,39.842902999825995],[-86.32770399970852,39.842584999733376],[-86.32768299979213,39.841540999811755],[-86.32768199996723,39.84150500000702],[-86.32758800025589,39.83719900016132],[-86.32757700038523,39.83644000017513],[-86.32757999985998,39.83637699979104],[-86.32757499983711,39.836305000266805],[-86.32757300018729,39.83628400010394],[-86.32757599966202,39.835861999904374],[-86.32755899994356,39.83462099983012],[-86.32754899989783,39.8345390003006],[-86.32754100040023,39.83417200029806],[-86.32753399982923,39.83385399978341],[-86.32751700011077,39.833011999857575],[-86.32751999958552,39.832997999768295],[-86.32748899962338,39.831759999807595],[-86.32746500023224,39.830794999983894],[-86.32746000020936,39.83054399975332],[-86.32744500014077,39.829869000322475],[-86.32742300039945,39.82872299992444],[-86.32741699965335,39.828432000057646],[-86.32736700032297,39.826351999748695],[-86.32735499972907,39.825043999813474],[-86.32733999966047,39.824438999707745],[-86.32730899969832,39.82321799986556],[-86.32729700000276,39.822722000040145],[-86.32729100015497,39.82249200022745],[-86.32728899960684,39.822415999700205],[-86.32726900041368,39.82158899971282],[-86.32724500012422,39.82057400024941],[-86.32722699968255,39.81971000022736],[-86.32721599981191,39.81921099993844],[-86.32718400002486,39.817662000200926],[-86.32717900000198,39.817376999837535],[-86.32714999968965,39.815891999884485],[-86.32714999968965,39.81588099988267],[-86.32714899986476,39.81557599994663],[-86.32714899986476,39.81547600028385],[-86.32714800003984,39.815189000181334],[-86.32714800003984,39.81516200014847],[-86.32714700021494,39.81514399989068],[-86.32714700021494,39.81513299976915],[-86.32714200019205,39.81500600005764],[-86.327138999819,39.814919000065544],[-86.327138999819,39.814896999748704],[-86.32713700016917,39.81472499972616],[-86.32713399979615,39.814490000207144],[-86.32711200005483,39.813761999756686],[-86.32708500029065,39.81254299968212],[-86.32708199991761,39.81242600001932],[-86.32706600002408,39.81145599975753],[-86.32706199982611,39.8112150001334],[-86.32705099995545,39.810738999742064],[-86.32702699966602,39.80968599971575],[-86.32702699966602,39.809668999996525],[-86.3270049999247,39.80800799985321],[-86.32697800016052,39.807457000144176],[-86.32697200031275,39.807340000105924],[-86.32696300009191,39.80715499991047],[-86.32694999967313,39.80624299981791],[-86.32693899980246,39.80581299968189],[-86.32690899966524,39.80466099987584],[-86.32688199990106,39.80358100016922],[-86.32685900033485,39.802404000036496],[-86.32680999993104,39.80080100013835],[-86.32680499990816,39.80064599992824],[-86.32680900010612,39.80055200015159],[-86.32680599973308,39.800445999808744],[-86.32677599959584,39.79932500007034],[-86.32677200029619,39.798980000292566],[-86.3267580000525,39.79849500018888],[-86.32673799996103,39.79728299984578],[-86.32673399976305,39.79706899979094],[-86.32672999956509,39.7968329998743],[-86.32671399967157,39.79600700000066],[-86.32667600003674,39.79472499992149],[-86.32668000023469,39.79426200020626],[-86.326665999991,39.79383399995734],[-86.32664000005173,39.793306999785344],[-86.32663599985376,39.792985000078126],[-86.32662300033329,39.792023000141135],[-86.32660499989163,39.79163299982255],[-86.32660499989163,39.791374000160765],[-86.32660599971652,39.79119399997076],[-86.32660700043976,39.79093699969606],[-86.3265949998459,39.789965999789295],[-86.32658300015031,39.78952499995278],[-86.326561000409,39.78897300034331],[-86.32656200023392,39.7888249997651],[-86.32656499970865,39.787791999889286],[-86.32655700021104,39.78746699992162],[-86.32654499961717,39.787018000159236],[-86.32653700011956,39.786718999918975],[-86.32653100027179,39.78650200010365],[-86.32651799985298,39.78600099987863],[-86.32650799980723,39.785609999682976],[-86.32649399956354,39.78469399996635],[-86.32645699975363,39.78283500023501],[-86.32643699966214,39.78185100003695],[-86.326413000271,39.78161400006494],[-86.32640999989796,39.78150199973011],[-86.3264059997,39.781373000092394],[-86.32640800024814,39.78077000010397],[-86.32640800024814,39.78075900000587],[-86.32640200040035,39.779996999725725],[-86.32640200040035,39.77995100023061],[-86.32638999980647,39.7796510000076],[-86.3263849997836,39.77953899992969],[-86.32639099963139,39.77940899972161],[-86.32640800024814,39.779278999958336],[-86.32643599983723,39.77915000029564],[-86.32646199977648,39.77906000014696],[-86.32659200037114,39.778750999776356],[-86.32663699967868,39.778644999664714],[-86.32665099992238,39.77861199972689],[-86.32670699999888,39.77848300019471],[-86.32681499995391,39.778230000131785],[-86.32685900033485,39.77809600014741],[-86.3268919999468,39.77796100022906],[-86.32691600023625,39.77780999972021],[-86.32690299981745,39.776374999916804],[-86.32690000034272,39.77599300033253],[-86.3269050003656,39.77489099992445],[-86.32689600014476,39.77446899971114],[-86.32689600014476,39.77445399970993],[-86.32689399959662,39.77407800026865],[-86.32687699987818,39.77178000015033],[-86.32686500018262,39.77125699997936],[-86.32686600000754,39.77101100008137],[-86.32686799965737,39.77071599982756],[-86.32686900038058,39.77040199967585],[-86.32686900038058,39.77039199977499],[-86.32686900038058,39.770378999832715],[-86.32685199976383,39.76926099975433],[-86.32685199976383,39.769250999687785],[-86.3268559999618,39.768223999685176],[-86.3268579996116,39.76787800016389],[-86.3268419997181,39.76691699979337],[-86.32682199962662,39.766122999687546],[-86.32680900010612,39.76543800025103],[-86.32680400008324,39.76514800027089],[-86.32680300025835,39.765112999666826],[-86.32680300025835,39.76510000010877],[-86.32679800023547,39.76443100014863],[-86.3267859996416,39.763773999834775],[-86.32678700036482,39.76362100020494],[-86.32678499981668,39.76280000019411],[-86.32678099961872,39.761625000259336],[-86.32678099961872,39.76161399986371],[-86.32677800014399,39.76149400014216],[-86.32676100042556,39.76084400026053],[-86.3267580000525,39.760666000162],[-86.32674399980881,39.75986999991926],[-86.32674299998389,39.75980399998059],[-86.32674100033405,39.75969000018859],[-86.32673200011322,39.759167999966536],[-86.32672600026544,39.75877200018298],[-86.32672299989241,39.75841200003607],[-86.32670699999888,39.75676400010806],[-86.32670500034904,39.75655700029549],[-86.32670299980091,39.75634999986078],[-86.32670299980091,39.75631700028449],[-86.32669699995313,39.75573500032411],[-86.32669699995313,39.75572399967827],[-86.32669299975517,39.75473599998705],[-86.32669199993026,39.75456000001164],[-86.32669199993026,39.754485999707136],[-86.32669199993026,39.75444599982676],[-86.32669100010534,39.75437800018404],[-86.32668500025757,39.75327799984633],[-86.32668199988451,39.75269899988058],[-86.32668100005961,39.75255800032217],[-86.32667199983878,39.751737999697866],[-86.32667000018895,39.75154800024912],[-86.32667100001387,39.75147799970212],[-86.32667199983878,39.751342000014766],[-86.3266729996637,39.751232000274335],[-86.32667600003674,39.7507700001371],[-86.3266790004098,39.75046700029768],[-86.32667500021184,39.750217999794486],[-86.32667400038692,39.750124000188734],[-86.32667199983878,39.74990099985421],[-86.32667100001387,39.74977800019706],[-86.32667000018895,39.74972000023197],[-86.32666900036405,39.749647999731074],[-86.32666199979305,39.749023000202506],[-86.32665099992238,39.7471469999384],[-86.32664199970154,39.74637899979114],[-86.32663500002886,39.74575900031981],[-86.3266319996558,39.74495499994734],[-86.32661800031042,39.74367900026494],[-86.32661699958719,39.7436220001722],[-86.32660099969367,39.741647999752345],[-86.32659599967079,39.74080400025184],[-86.3265949998459,39.74043599978051],[-86.3265889999981,39.7393229996664],[-86.32658099960217,39.738338999922206],[-86.32658099960217,39.73823599982186],[-86.32657999977727,39.73819100030645],[-86.32657099955642,39.73725999979541],[-86.32656999973153,39.73720400018437],[-86.3265670002568,39.736894000280635],[-86.32656399988376,39.736664999701425],[-86.32656300005884,39.73646800027765],[-86.32655999968578,39.73619699968381],[-86.32655200018817,39.73547699988142],[-86.32655100036327,39.73537300004823],[-86.32654799999021,39.73513100025401],[-86.32654200014244,39.734383999717835],[-86.3265320000967,39.733167000258305],[-86.32651799985298,39.73126200027493],[-86.32650799980723,39.72999600015149],[-86.32650799980723,39.72997499998943],[-86.32650000030965,39.729441999820935],[-86.32651399965503,39.72937799981263],[-86.32652000040113,39.7291280000961],[-86.32659099964793,39.72877600013012],[-86.32659599967079,39.72837600024829],[-86.32658999982301,39.728227000262095],[-86.32658999982301,39.72788399998815],[-86.32659099964793,39.72314400015472],[-86.32659099964793,39.721852999765765],[-86.32658800017319,39.72090200003732],[-86.32658599962505,39.720400999908385],[-86.32658599962505,39.720282999898686],[-86.32658800017319,39.71983800005432],[-86.32659099964793,39.71948600033739],[-86.32655200018817,39.71464900020204],[-86.32654999964004,39.71442800028558],[-86.3265470001653,39.71406099988262],[-86.32654499961717,39.71385700005323],[-86.32654100031753,39.713251999849994],[-86.32653700011956,39.71275399990906],[-86.3265329999216,39.71211100000436],[-86.3265320000967,39.71198600005463],[-86.32652899972364,39.711734000280074],[-86.32652899972364,39.71165100009523],[-86.32652700007382,39.711491999745256],[-86.32652899972364,39.711208999693504],[-86.32652299987586,39.710652999844235],[-86.3265189996779,39.71027699971816],[-86.32651399965503,39.709821999874364],[-86.32650899963215,39.70925900004961],[-86.32650899963215,39.70923699981221],[-86.32648500024102,39.706174000023516],[-86.3264629996014,39.70324499975699],[-86.32644400023314,39.70188900008742],[-86.32642400014166,39.70070800033945],[-86.32638999980647,39.697787000079124],[-86.32638800015664,39.697642999715335],[-86.32632700005726,39.69459000006435],[-86.32632700005726,39.69456799998846],[-86.32632500040745,39.69452200012122],[-86.32632399968423,39.694463999974424],[-86.32632399968423,39.69442799990648],[-86.32653899976937,39.687635999804336],[-86.32654499961717,39.68746300012958],[-86.32656600043188,39.68679299965664],[-86.3265739999295,39.68655199975385],[-86.3265759995793,39.68650000029556],[-86.32657800012745,39.686441000011925],[-86.32657999977727,39.686379999747686],[-86.32658099960217,39.686357999820466],[-86.32658300015031,39.686295999862246],[-86.32658399997523,39.686257999748825],[-86.32658499980013,39.68624200027694],[-86.32658700034828,39.68620699969105],[-86.32659400002098,39.6860859997016],[-86.32659900004386,39.68601399979574],[-86.32660099969367,39.685972999959795],[-86.32660499989163,39.685893000159325],[-86.32660800026468,39.68562599981719],[-86.32661599976228,39.684540000027354],[-86.32657300010457,39.682512000101354],[-86.32656899990661,39.68168100001525],[-86.3265680000817,39.68157099973694],[-86.3265680000817,39.68146099997472],[-86.3265670002568,39.681339000272374],[-86.32656600043188,39.68120400018058],[-86.32656600043188,39.68112799985914],[-86.32655800003596,39.6805039996975],[-86.326553999838,39.67962899965929],[-86.32654999964004,39.67927500000141],[-86.32654999964004,39.67923500003535],[-86.326561000409,39.67920200018421],[-86.32659099964793,39.67915700017319],[-86.32659099964793,39.67858000006087],[-86.32659099964793,39.67665300009024],[-86.32659099964793,39.67580099996565],[-86.32659099964793,39.67526899997242],[-86.32659099964793,39.674155999761126],[-86.32659099964793,39.673423999712725],[-86.32659099964793,39.672020999718995],[-86.32658999982301,39.671962000202285],[-86.32658800017319,39.67190100028573],[-86.32658399997523,39.67179499965644],[-86.3265739999295,39.67149900007783],[-86.32647900039323,39.668647999948895],[-86.32647900039323,39.66804699986965],[-86.32648000021815,39.66753999970235],[-86.32646599997445,39.666278999712965],[-86.326449000256,39.66465900000623],[-86.326449000256,39.66461799994006],[-86.32645199973075,39.66437500022907],[-86.32645500010379,39.66419200027536],[-86.32645799957854,39.66401600013098],[-86.32646099995159,39.66382399971365],[-86.32645599992871,39.66344900029909],[-86.32644000003519,39.66307400023261],[-86.32644400023314,39.66258500026999],[-86.3264480004311,39.662000000261685],[-86.32646099995159,39.66133500024911],[-86.32643599983723,39.660963999725126],[-86.32642300031675,39.65770700023913],[-86.32641099972287,39.65458499992807],[-86.32639499982933,39.6503789998015],[-86.32639300017952,39.64965299983569],[-86.32638899998156,39.64903799970509],[-86.32639099963139,39.64876800028151],[-86.32639200035462,39.64856300029676],[-86.32639300017952,39.64719500006405],[-86.32639200035462,39.6469450000158],[-86.32636300004228,39.64676800002721],[-86.32636600041535,39.646251000146734],[-86.32637300008804,39.64492099987119],[-86.32639200035462,39.64378999977672],[-86.3263780001109,39.643119000177606],[-86.32636700024024,39.6425249998396],[-86.32636100039247,39.642206999937414],[-86.32636100039247,39.64218400020977],[-86.32635899984432,39.64161699975217],[-86.3263560003696,39.64100200008683],[-86.3263649996921,39.63990799997312],[-86.3263649996921,39.639890000250205],[-86.32636200021739,39.6393739997446],[-86.32635999966924,39.638978999930686],[-86.3263570001945,39.638326000135265],[-86.3263560003696,39.638212999750415],[-86.32635399982146,39.637889000231404],[-86.32635299999654,39.63773099981292],[-86.32634999962349,39.63727399992907],[-86.32634799997368,39.63705299997078],[-86.32634700014877,39.63692900004808],[-86.32634499960064,39.63674000011756],[-86.32634200012589,39.636366999731386],[-86.32635100034673,39.6356550001072],[-86.32635100034673,39.63526700024678],[-86.32635200017165,39.6348379998503],[-86.32635100034673,39.63462299985377],[-86.32634999962349,39.634452000299724],[-86.32634899979858,39.634118000162],[-86.32634700014877,39.63386700019435],[-86.32634200012589,39.63340499983268],[-86.32634200012589,39.633300999739106],[-86.32634200012589,39.632837000343706],[-86.32634200012589,39.632691000060234],[-86.32634200012589,39.63254500016042],[-86.32634200012589,39.63243699994155],[-86.32634100030099,39.63217699992727],[-86.32582999993981,39.632190000331725],[-86.32530600005818,39.63219599998539],[-86.32230400016023,39.632236000199846],[-86.32219500038029,39.632239000024754],[-86.32045299995775,39.63227900021435],[-86.32037599996485,39.63228100032699],[-86.31709299985953,39.63236899969158],[-86.31682699972073,39.632375000021526],[-86.31681400020027,39.632375000021526],[-86.31676599962135,39.63237700013144],[-86.31604799957097,39.63239999966117],[-86.31562800034472,39.63241200031521],[-86.31482800027854,39.63243200001702],[-86.3142829995822,39.632446000081515],[-86.31299899981735,39.63247999983106],[-86.3126709997543,39.632488999965496],[-86.31241899985922,39.63249599999234],[-86.31222200021573,39.63250099991224],[-86.3112410003996,39.63252800030371],[-86.3110659995991,39.63253300022131],[-86.31087900000135,39.63253800013854],[-86.31056199980894,39.63254700026537],[-86.30904299986747,39.632578000155256],[-86.30731800006168,39.63261399994299],[-86.30692600042453,39.63261600004594],[-86.30542400020147,39.632625000162626],[-86.29996400037872,39.63266599983389],[-86.2977519996029,39.63269699967045],[-86.29713800020788,39.63270599977659],[-86.29709300000204,39.632707000172644],[-86.29691200025206,39.63270900027297],[-86.29600900025375,39.6327169999816],[-86.2958789996591,39.632717999685696],[-86.29525699986816,39.632723999985416],[-86.29483699974358,39.63272600008519],[-86.29462199965845,39.63272699978916],[-86.29397999977603,39.63273099998848],[-86.29370299976658,39.63273300008806],[-86.29313799987706,39.6327359998914],[-86.29279800011842,39.63273799999083],[-86.29181300010436,39.63274400028882],[-86.29137700008626,39.63274599969617],[-86.29017199996413,39.632752999697],[-86.28961499957221,39.632756000191335],[-86.28944899989085,39.632756999894816],[-86.28883999962041,39.63276100009245],[-86.28818699986734,39.63277200028872],[-86.28793499997225,39.632777000188675],[-86.27785999970044,39.63297299985675],[-86.27778799973042,39.63297400024894],[-86.271583999918,39.63317000005066],[-86.27146099989436,39.6331740002244],[-86.27143199958205,39.633177999706035],[-86.27136299998507,39.63318499966316],[-86.27017700012952,39.63320099966137],[-86.2700420004103,39.63322299991226],[-86.26960200019425,39.63323899990163],[-86.26923899997111,39.63326699970122],[-86.26891299955786,39.63322200021546],[-86.26881299999874,39.63319500009485],[-86.26871400026454,39.633151000260106],[-86.26852500011866,39.63305900032646],[-86.26849199960837,39.63305500014611],[-86.25801300000386,39.63336699968361],[-86.25752500010721,39.63337900016989],[-86.2566370001775,39.63340899999284],[-86.2563559999701,39.63341700031238],[-86.25202400027658,39.6335429996889],[-86.24988500019401,39.63364500003729],[-86.24336900021204,39.633738000264586],[-86.24309300002753,39.633734000123496],[-86.24279000007881,39.63374700023534],[-86.24232599957331,39.63375299975392],[-86.24208200007416,39.633754999824],[-86.24000400009095,39.633774999829264],[-86.2394440002243,39.6337879999334],[-86.23941900010995,39.6337879999334],[-86.23929699991119,39.63379099969101],[-86.23924500003267,39.63379200007137],[-86.238937999886,39.63379600020916],[-86.23885300039551,39.63379699989761],[-86.23563999971205,39.63383600019031],[-86.2350659996017,39.63384199970117],[-86.23461700006312,39.63384700021563],[-86.23422399970275,39.63385400010505],[-86.23390599968543,39.633858999926815],[-86.22109200017972,39.63407200016162],[-86.2207249997586,39.634079000028336],[-86.21424899995964,39.63418499970169],[-86.21157199975168,39.63422900026238],[-86.21138000013107,39.63423200000086],[-86.21057099984408,39.63424500001911],[-86.20936099969907,39.63426499988277],[-86.20762800039567,39.63425800003493],[-86.20610100005828,39.63425100018634],[-86.2057780000181,39.63424999981262],[-86.20551600007727,39.63424599970113],[-86.20547099987142,39.63432700018429],[-86.20464300021618,39.63433699975907],[-86.20453799973589,39.63433100029114],[-86.20438600029824,39.634323000077266],[-86.20392000014292,39.63432000034273],[-86.20265300009652,39.634333000344455],[-86.20149200035532,39.634344999971326],[-86.20139799974568,39.6343400001847],[-86.20132499995074,39.63433899981226],[-86.19971999979553,39.634360000020884],[-86.19860900028307,39.63438399995502],[-86.19774999976737,39.63439000011023],[-86.19642900019261,39.63439000011023],[-86.19640999992603,39.63439000011023],[-86.19434500036161,39.63442900006855],[-86.19401499975042,39.63443599989908],[-86.19117699988401,39.6344939999502],[-86.18961799975955,39.63452399998143],[-86.18566199980967,39.634586000050824],[-86.18505000006449,39.63459600027999],[-86.1841639997846,39.634613000320336],[-86.18416299995968,39.63460300009362],[-86.18374100018528,39.634611000275115],[-86.18330000014433,39.63462000013225],[-86.18161999964605,39.63466999985539],[-86.18154000017843,39.63467399994235],[-86.18141700015478,39.63467599998575],[-86.18136500027623,39.634676999661544],[-86.18015500013125,39.63469599972479],[-86.17897400029858,39.63471499978283],[-86.17844899969371,39.6347240003183],[-86.1775890002514,39.63473599987735],[-86.17744199993831,39.63474100032719],[-86.17741699982396,39.634742000001985],[-86.17315999957519,39.63480999999476],[-86.17087499990274,39.63485699986933],[-86.17073500016065,39.63487199980786],[-86.16883399972943,39.634896999928785],[-86.16814199961831,39.634922000040625],[-86.16815000001424,39.63490999982202],[-86.1663740001548,39.63494500010793],[-86.16500900019912,39.63497600030681],[-86.16487000028195,39.634979999684305],[-86.16432200011086,39.634993000253765],[-86.16374899982542,39.63499899966432],[-86.16254399970329,39.635029999839006],[-86.16002999970199,39.63507999995757],[-86.158390000285,39.63510000027163],[-86.15787499972588,39.63511799985752],[-86.15729999979061,39.63510999973467],[-86.1572429998892,39.635113000126765],[-86.15690200030568,39.635130999709226],[-86.1557220002979,39.63515500006768],[-86.15510999965441,39.63515399970703],[-86.1548490004368,39.63515199967746],[-86.15298999983838,39.635159999795405],[-86.15120999978102,39.63519999967965],[-86.1511949997124,39.63520100003963],[-86.15059899986075,39.63521399987579],[-86.15033799974482,39.63521500023557],[-86.1496880003648,39.635219000291066],[-86.14953799967866,39.635219999958956],[-86.14924899997365,39.63522299965447],[-86.14891099986485,39.63522499968198],[-86.14807999983654,39.63523000009647],[-86.147258999854,39.63524099990017],[-86.14569800007972,39.6352630001941],[-86.14447000039138,39.63525999980851],[-86.14427899969736,39.63525999980851],[-86.14425299975808,39.63525999980851],[-86.14402500015245,39.63526500022047],[-86.1434080003844,39.63527899971162],[-86.1431759996825,39.63528499978921],[-86.14267000024252,39.635286000147964],[-86.14126000008098,39.63529000019931],[-86.13974299978933,39.63535499996377],[-86.13948000002358,39.63537999991009],[-86.13942200029729,39.635385999978915],[-86.13922099955752,39.63539699975776],[-86.13887999997397,39.635414999958186],[-86.13879499958517,39.635414999958186],[-86.13870000004893,39.635419999667114],[-86.13790599983055,39.63544500028176],[-86.13552200042389,39.63545200000947],[-86.134776999711,39.635456999715736],[-86.13408999962273,39.635464999798465],[-86.13244900038084,39.63547800027682],[-86.13159999991088,39.63548299998119],[-86.13133100029735,39.635480000296965],[-86.12967300043871,39.63548999970507],[-86.12831299960757,39.635501000159195],[-86.12821899989625,39.63549900013965],[-86.12810799956816,39.63549399974462],[-86.12808400017704,39.63549399974462],[-86.12686300016139,39.6354740002363],[-86.12667599966532,39.635480000296965],[-86.12543100025854,39.63552200001505],[-86.12492599974517,39.63552299967861],[-86.12428700023581,39.63552800007155],[-86.12382500027844,39.63553299977232],[-86.12334999990227,39.63554000018295],[-86.1226539995932,39.63554000018295],[-86.1223580002155,39.63554000018295],[-86.12180300037173,39.63554000018295],[-86.1211120000855,39.6355440002196],[-86.11937999970868,39.63556300004471],[-86.11923199957069,39.635565999725344],[-86.11886000002501,39.63555999967218],[-86.11713799969395,39.63560699972893],[-86.11698299988325,39.63561099976175],[-86.11650300038255,39.63562699989061],[-86.11532300037477,39.63567900028385],[-86.1152899998645,39.63567999994514],[-86.1147769998535,39.63569400004413],[-86.1145159997376,39.63569400004413],[-86.11447700027786,39.6356949997052],[-86.11301900043576,39.635712000167274],[-86.11174999984122,39.63574999971998],[-86.11123000015755,39.63574999971998],[-86.10971399969078,39.63572699992035],[-86.10658600029447,39.63578500027263],[-86.10629699969115,39.63577999989826],[-86.10628800036864,39.63579100030632],[-86.10545300014238,39.635800999669456],[-86.10317199976959,39.6358349998455],[-86.10231800017506,39.635846000244754],[-86.10193900005837,39.635848999913115],[-86.10177000000397,39.635846999903634],[-86.10151999975871,39.63585000026371],[-86.10027100015397,39.635901999797554],[-86.1000119996879,39.635911999836466],[-86.09941800038436,39.63593199990991],[-86.0985260002567,39.635964999672574],[-86.09628400024195,39.63603000018633],[-86.09585700044468,39.63604099986282],[-86.09578700012447,39.63604299986669],[-86.09481800000391,39.6360700002593],[-86.09455500023819,39.63607699992377],[-86.093386999926,39.636112999965995],[-86.09316699981797,39.636118999971174],[-86.09313000000805,39.63612000031792],[-86.09295500010586,39.63612600032251],[-86.09228700028417,39.636148999989466],[-86.09221699996397,39.636152000336445],[-86.09153900009655,39.636172000340544],[-86.09111099957606,39.636186000339954],[-86.0901909998593,39.636212999984934],[-86.08892700018595,39.63625099995422],[-86.08869299983422,39.636258000292194],[-86.0876569997665,39.63629099989934],[-86.08693700006629,39.636308999867126],[-86.08594299983136,39.63633699980764],[-86.08273000004623,39.63643999983728]]]}},{"type":"Feature","properties":{"id":"18011","name":"Boone"},"geometry":{"type":"Polygon","coordinates":[[[-86.35996200030134,39.92399900028908],[-86.3594030002596,39.92400399974333],[-86.35775299989855,39.92401900017064],[-86.35725400013128,39.92402300000847],[-86.35576000030414,39.92403599982421],[-86.35526200036178,39.92404099996468],[-86.35314900021845,39.92405800030177],[-86.35183299976826,39.924069000193406],[-86.34681200033666,39.924110999826105],[-86.34470000001824,39.92413000006156],[-86.34462399985027,39.92413000006156],[-86.34439600024463,39.92413000006156],[-86.34432000007665,39.92413000006156],[-86.34349499989614,39.92413000006156],[-86.34211999989469,39.92413000006156],[-86.34102299972761,39.92411999979327],[-86.34092999984118,39.92411999979327],[-86.34054499987674,39.92411999979327],[-86.34033999983733,39.92411999979327],[-86.34020000009522,39.92411000021244],[-86.33937400008979,39.924119000179665],[-86.33689699989841,39.924147999989636],[-86.3360719997179,39.924158999866876],[-86.33587500007441,39.924158999866876],[-86.3355500003844,39.924160999781705],[-86.33528400024561,39.924160999781705],[-86.33508800042704,39.924160999781705],[-86.33488800041049,39.924162000083555],[-86.33428800036086,39.92416700021482],[-86.33408900016924,39.924169000129474],[-86.33400600032856,39.924169000129474],[-86.33394000020633,39.924169000129474],[-86.33375699990822,39.924169000129474],[-86.33367400006753,39.924169000129474],[-86.33359100022686,39.924169000129474],[-86.33356199991454,39.924169000129474],[-86.33334299963143,39.92414699968758],[-86.33326099961566,39.924139000026216],[-86.33324200024741,39.92413700011069],[-86.33292199968194,39.92413700011069],[-86.33190599970571,39.92413700011069],[-86.33162500039663,39.92413700011069],[-86.33156799959691,39.924139000026216],[-86.33140699993842,39.92414499977234],[-86.33092400006467,39.92416299969653],[-86.33079500019325,39.924169000129474],[-86.3307630004062,39.924167999827716],[-86.33064899970505,39.924165000300164],[-86.33030899994645,39.924156000338925],[-86.33019599996852,39.924153999735026],[-86.33015400013574,39.924153000121926],[-86.32960299959161,39.924169000129474],[-86.32948399976591,39.92416399999835],[-86.32629299972209,39.92402899976475],[-86.32628900042245,39.92404200026834],[-86.32164200018633,39.92414999990484],[-86.32139399959091,39.92415800025384],[-86.32138899956804,39.924219000042704],[-86.32133699968949,39.924220000343716],[-86.31945299987504,39.924213999915246],[-86.31901600003204,39.92421599982846],[-86.31878300040353,39.92421500021632],[-86.31807799987361,39.924220000343716],[-86.31803000019303,39.924220000343716],[-86.31747299980113,39.924220000343716],[-86.31667100008512,39.92422499978181],[-86.3160979997997,39.92423500003478],[-86.31581900014044,39.92423800024818],[-86.31434500040478,39.92426300018417],[-86.31054000006765,39.924327999699436],[-86.30925100027993,39.924351999992425],[-86.30724600009165,39.924394000140445],[-86.30407000011644,39.92444700009361],[-86.30399300012354,39.92444700009361],[-86.30331500025612,39.92445600001655],[-86.30236899970177,39.924487000278056],[-86.30162800008516,39.924487000278056],[-86.29891099969427,39.92451799983656],[-86.2978150002504,39.924531000247285],[-86.29719900030726,39.92453599966268],[-86.29532499964023,39.92456100017878],[-86.29359499981155,39.924582000191876],[-86.29357999974293,39.924582000191876],[-86.29268000011766,39.924589999801526],[-86.29259999975173,39.92459100009712],[-86.29077000036393,39.92461900010092],[-86.29023899991128,39.92462699970619],[-86.29016600011636,39.92462900029627],[-86.28904899985777,39.92464399989778],[-86.28899100013146,39.92464399989778],[-86.28891400013856,39.924634999999505],[-86.28591899991332,39.92464099970217],[-86.28375700026452,39.92464599979844],[-86.28217399985063,39.92464300029184],[-86.28198899990271,39.92464099970217],[-86.2818550000084,39.92464099970217],[-86.28179899993191,39.92464000009623],[-86.28127000002739,39.92464099970217],[-86.28109699977502,39.92464000009623],[-86.2799829998895,39.92468799976612],[-86.27957500035883,39.924701999749566],[-86.27951199971133,39.924703000043564],[-86.27944899996213,39.92470499994251],[-86.27847099962072,39.92472900010333],[-86.27757299964527,39.92475800034385],[-86.27755900029989,39.92475800034385],[-86.27734599986455,39.92476599993289],[-86.27558000005087,39.92480000024276],[-86.27488899976464,39.92481299991102],[-86.27471899988534,39.92481699970247],[-86.27273499961345,39.92486300004287],[-86.27140200034313,39.92489499972227],[-86.27094000038576,39.924899999800004],[-86.27042800019969,39.92491399974015],[-86.26886800025034,39.92491199984731],[-86.26824599956109,39.92491600032189],[-86.26790400015264,39.92490499987736],[-86.2676060002268,39.92494699968615],[-86.26733500006516,39.92494699968615],[-86.26688499980337,39.92498000030511],[-86.26613800033896,39.9250139998198],[-86.2649010004298,39.92507300033565],[-86.2639950000584,39.925106000205005],[-86.26248000031491,39.92513299971049],[-86.26111799983396,39.92513900005842],[-86.26008000011639,39.925030999915286],[-86.25986599985616,39.9250379998723],[-86.2598530003357,39.92510999997934],[-86.25574800042288,39.925323999965194],[-86.255010000281,39.92536300004187],[-86.25209899972133,39.925515999969164],[-86.25154800007552,39.925541000127396],[-86.25150700006763,39.92554400028353],[-86.25135599955658,39.925551000188136],[-86.25065799959766,39.92558699998135],[-86.25034399977832,39.92560300034263],[-86.2496399999716,39.925644000131896],[-86.24842200032901,39.92570899971388],[-86.24821800011452,39.92572000002918],[-86.24815500036533,39.92572399976764],[-86.2468160003489,39.92579700012006],[-86.2413730002446,39.92608499965655],[-86.24120099981715,39.92609299977949],[-86.24109000038737,39.92609200019469],[-86.24105299967914,39.92608799978888],[-86.24077800021784,39.926067000237666],[-86.24073600038504,39.92606200024516],[-86.24080800035507,39.9323989999429],[-86.24082699972334,39.93416100018012],[-86.24082800044654,39.9343030001076],[-86.2409020000664,39.94075299993173],[-86.24090299989132,39.94500999990234],[-86.24090299989132,39.9461679999401],[-86.24090299989132,39.94803500029836],[-86.24090299989132,39.94810499972577],[-86.24090299989132,39.948513000256064],[-86.24090399971622,39.94884999981945],[-86.24090299989132,39.950267000112774],[-86.24090500043945,39.95081100007233],[-86.24090500043945,39.95092299981052],[-86.24090399971622,39.95095900003171],[-86.24090399971622,39.95106899971035],[-86.24090399971622,39.951105999762845],[-86.24090299989132,39.951315000204524],[-86.24090299989132,39.951451000237924],[-86.24090299989132,39.95194299965975],[-86.24090299989132,39.95215300019128],[-86.24090299989132,39.95223199993902],[-86.2409589999678,39.95519200004943],[-86.24096099961763,39.9553149998787],[-86.24097800023438,39.956958999854656],[-86.2409790000593,39.9571249998008],[-86.24098999992995,39.95875399994857],[-86.24100400017366,39.96086700024135],[-86.24101699969412,39.96257399983253],[-86.241021999717,39.96355199992479],[-86.24102300044022,39.96367600027762],[-86.24102699973987,39.96411399999022],[-86.24106299972487,39.96970799974091],[-86.24106400044812,39.96983900013696],[-86.24104699983137,39.9717390001884],[-86.24117700042602,39.977093999955606],[-86.24118400009871,39.97872899976179],[-86.24120900021308,39.98369500032232],[-86.24121099986289,39.9840259999546],[-86.2412180004339,39.9853509997506],[-86.24122699975642,39.98707599971853],[-86.24107399959554,39.9915169998343],[-86.24106100007505,39.9918940001159],[-86.24106299972487,39.99271499984546],[-86.24107600014366,39.99334500026067],[-86.24106600009793,39.993440000223266],[-86.24123500015233,39.99588700033072],[-86.24124799967281,39.99784800030489],[-86.24124799967281,39.99788599972714],[-86.24124799967281,39.997999999931594],[-86.24124900039604,39.9980389998673],[-86.24109899970989,39.99863599986142],[-86.24106500027301,39.998772999937586],[-86.24106600009793,39.99891300011822],[-86.24106600009793,39.998995999780114],[-86.24107000029589,39.99955200015368],[-86.24105100002932,40.000040000028456],[-86.24105100002932,40.00041700005659],[-86.24105299967914,40.00224899974949],[-86.24105400040237,40.00232300017364],[-86.2410560000522,40.003536999884254],[-86.2410569998771,40.00403399995403],[-86.24106699992284,40.00582099987262],[-86.24106699992284,40.005923000306986],[-86.24106799974776,40.008835000017136],[-86.24106899957265,40.01276300033422],[-86.24107000029589,40.01281100008768],[-86.24107000029589,40.012876999779635],[-86.24107000029589,40.01293299973918],[-86.24107000029589,40.01294300009573],[-86.24107000029589,40.01327500009241],[-86.24107399959554,40.013949999942774],[-86.24107299977062,40.01424899966628],[-86.24106000025016,40.01863000022625],[-86.24106799974776,40.020763999792486],[-86.24113100039526,40.026508000270006],[-86.24113800006796,40.02682199989161],[-86.24115300013658,40.027471999843414],[-86.2411549997864,40.02757599989376],[-86.24115999980926,40.02777000000054],[-86.24116300018231,40.028025000308595],[-86.24117599970279,40.028749999928536],[-86.24119199959632,40.02980999984917],[-86.24122799958133,40.03201199979496],[-86.24142000010026,40.04154500026799],[-86.24142000010026,40.04155699978977],[-86.24142000010026,40.04167099995533],[-86.241422999575,40.04230800004489],[-86.24144299966648,40.04668999973862],[-86.2414510000624,40.04835500004726],[-86.24145299971221,40.048769000114966],[-86.24145299971221,40.048829000284904],[-86.24145500026036,40.04923500006997],[-86.24145500026036,40.04931699988889],[-86.24145299971221,40.05610199971556],[-86.24144500021461,40.06140000025958],[-86.24144199984157,40.06321900019428],[-86.24144000019174,40.064897999736516],[-86.24144699986444,40.06939799985472],[-86.24145799973509,40.070709000247966],[-86.24145799973509,40.07081900027922],[-86.24145899956001,40.070872999667124],[-86.24152100038259,40.07833900030946],[-86.24160099985023,40.085328000229374],[-86.24162400031476,40.08876299984023],[-86.24162400031476,40.0887969996643],[-86.24163299963729,40.08902199997207],[-86.24166100012467,40.091788000233954],[-86.24165399955368,40.0931309997147],[-86.24172200022404,40.09985000005253],[-86.24172200022404,40.10004699997183],[-86.24172200022404,40.10005900018566],[-86.24172399987387,40.10069699980359],[-86.24171499965304,40.10264300014249],[-86.24168799988885,40.105315000301204],[-86.24169100026191,40.10550799999118],[-86.24168100021618,40.10743099993147],[-86.24168000039126,40.10886499983026],[-86.24167799984312,40.111857999738405],[-86.24166399959942,40.114370000310544],[-86.24166600014755,40.114628999847056],[-86.24166699997248,40.11473000008338],[-86.24168000039126,40.11664600010746],[-86.2417049996073,40.11789300029956],[-86.24172200022404,40.11926899993436],[-86.24172300004896,40.11968200020276],[-86.24172300004896,40.1199769998399],[-86.24173599956946,40.1205539998778],[-86.24174399996537,40.121840999889095],[-86.24175700038415,40.1226689999298],[-86.24177800030054,40.12351399966913],[-86.241795000019,40.12485599992502],[-86.24180199969167,40.125319999755845],[-86.24180900026269,40.125819999918754],[-86.24180900026269,40.125869999938864],[-86.2418319998289,40.12707999978886],[-86.24187200001188,40.129214000334315],[-86.24190200014911,40.1296209996994],[-86.24191800004263,40.129998999726595],[-86.2419370003092,40.130874999721726],[-86.24196099970034,40.13193300024521],[-86.24198099979182,40.133435000332696],[-86.24199199966249,40.13547799988481],[-86.24198199961673,40.13625500017954],[-86.24196499989829,40.1368920002841],[-86.24196800027136,40.13815200024591],[-86.2419580002256,40.1397690002335],[-86.2419659997232,40.14354300031963],[-86.24196300024848,40.1441899997236],[-86.24196300024848,40.14420499986807],[-86.24196999992117,40.14612499994272],[-86.24198900018774,40.14898699985967],[-86.24198699963961,40.15001700030269],[-86.24201799960174,40.152948000106115],[-86.24203000019563,40.153530000200405],[-86.2420350002185,40.154951000202495],[-86.24204299971609,40.15774500032238],[-86.2420989997926,40.16054799983668],[-86.24212100043222,40.160901999902656],[-86.24213999980049,40.16111500017581],[-86.24215599969399,40.161290000154814],[-86.24215900006705,40.161667000181524],[-86.24215400004418,40.16176100014073],[-86.24213300012778,40.16220299997155],[-86.24212999975474,40.162475000285475],[-86.24212399990697,40.16267200000654],[-86.24213200030287,40.16311400008491],[-86.24217900015854,40.165831999673934],[-86.24220099989985,40.16779800007772],[-86.24221699979337,40.16862000006395],[-86.24222400036439,40.16967600010823],[-86.24224199990772,40.17066299996001],[-86.24227100022006,40.17339900011135],[-86.24229600033442,40.17496500015143],[-86.24229600033442,40.17540599975186],[-86.24232100044877,40.176691999996514],[-86.24233700034229,40.17850099981984],[-86.24233999981702,40.1793469997879],[-86.24236499993138,40.18072599995253],[-86.24236499993138,40.18077800000661],[-86.25004900022552,40.18055000000173],[-86.25148500032633,40.18052499987029],[-86.25777199997941,40.180314000068606],[-86.25893500026875,40.180267000254396],[-86.25899100034525,40.180264000308945],[-86.25916100022455,40.180257999731374],[-86.25921800012597,40.18025599976749],[-86.25965800034203,40.18023800008992],[-86.25967000003759,40.18023800008992],[-86.25972000026628,40.18025399980355],[-86.26007099989558,40.1802270002846],[-86.26097800009185,40.1801890002572],[-86.26142900017857,40.18017099987556],[-86.26155300002712,40.18016699994261],[-86.26165299958625,40.180112000154416],[-86.26173899979997,40.180156000125784],[-86.26197800017458,40.18015100020846],[-86.26361500011683,40.180123999962234],[-86.26373200029269,40.18011900004255],[-86.26431700027369,40.18009699970526],[-86.26664499960384,40.180064000215445],[-86.27363199976399,40.179968000235725],[-86.2758019998087,40.17993899994345],[-86.27595900016755,40.17993699997017],[-86.27686899983857,40.179897999793056],[-86.27959899974995,40.179785999758245],[-86.2805100001442,40.179750000148985],[-86.28059200015996,40.17972499972278],[-86.28070500013786,40.17973400031656],[-86.28099300001796,40.179728999681785],[-86.28145800034837,40.179710999864454],[-86.28260900004382,40.179680000167814],[-86.28347100003425,40.179675000215404],[-86.28421000000104,40.17967700019642],[-86.28432999965163,40.179675000215404],[-86.28438099970528,40.179675000215404],[-86.28450399972891,40.17968100015825],[-86.28463199977544,40.17970199995397],[-86.28468799985194,40.17971799979395],[-86.28476099964686,40.17973900026461],[-86.28480199965475,40.17975700007452],[-86.28486000027938,40.1797819998026],[-86.28497999992997,40.179849999702746],[-86.28502099993787,40.179882999982986],[-86.28507100016657,40.17992300015553],[-86.28605899965541,40.179901999741865],[-86.2890229999185,40.179843999774846],[-86.29001299995548,40.17982699997631],[-86.2919090003638,40.17978699974711],[-86.29761000021098,40.17967300023434],[-86.29951199956878,40.17963799986986],[-86.30090900020983,40.17960900012288],[-86.30510000033638,40.17952600009221],[-86.306285000367,40.17950300025588],[-86.30649999955385,40.1794990002836],[-86.30890700032334,40.17945099991096],[-86.31612799993691,40.17930599996613],[-86.31853599963301,40.17925900013995],[-86.31854999987671,40.1792580001433],[-86.31873900002259,40.179254000156526],[-86.31934900011795,40.17924100019793],[-86.31955300033246,40.17923800020712],[-86.32162600029281,40.179196000321916],[-86.32784699982366,40.179072999822246],[-86.32992099960892,40.17903299983489],[-86.33143500042584,40.17900299982891],[-86.33597800000658,40.178912999731395],[-86.33748199987942,40.17888399967453],[-86.3375360003061,40.17888199967016],[-86.33766500017754,40.17887799966122],[-86.33770899966015,40.17887699965895],[-86.33992100043596,40.17879800011937],[-86.34656000044157,40.17856500029007],[-86.34874100035694,40.17848799971693],[-86.348773000144,40.17848699970891],[-86.34881199960375,40.17850499985101],[-86.34892899977963,40.17856200026937],[-86.34896800013766,40.17858099971187],[-86.34899400007694,40.17859399979691],[-86.34907500026779,40.1786330000372],[-86.34910200003196,40.178647000118005],[-86.34978099972432,40.17862299997772],[-86.35182100007269,40.178553000206485],[-86.35250200031318,40.17853100004777],[-86.35262299978868,40.17856400028319],[-86.35295300039988,40.17862299997772],[-86.35307800007335,40.17863000001951],[-86.3532849997626,40.17865100014056],[-86.35345899983986,40.1786009998417],[-86.35354699970341,40.17857699968518],[-86.35421600024833,40.178574999671746],[-86.35622499973624,40.178572999658265],[-86.3563279996684,40.178572999658265],[-86.35634699993498,40.17811299979476],[-86.3564540000651,40.178108999740495],[-86.35836800001678,40.178051000299845],[-86.36411200041998,40.177880999689236],[-86.36601899980066,40.17782500008929],[-86.36978099958179,40.177727000334954],[-86.3749979997303,40.17759199966415],[-86.38104699973204,40.17750899991156],[-86.38480000019064,40.17745900014389],[-86.38760999956963,40.17740300019563],[-86.3960400004016,40.17724200025861],[-86.3988499997806,40.177190000239946],[-86.40067800041687,40.177182000022334],[-86.40176399981497,40.17718300004959],[-86.40450299994718,40.17718500010405],[-86.4059740002081,40.177180999995066],[-86.4082970004137,40.17717799991318],[-86.40880700005164,40.177171999749056],[-86.41050799956798,40.177167000298205],[-86.4108749999891,40.177167000298205],[-86.4128609999108,40.17717699988585],[-86.4134249999754,40.17716999969421],[-86.41352100023488,40.17717099972163],[-86.41366099997697,40.177175999858505],[-86.41380800029006,40.17716899966676],[-86.41390399965121,40.177167000298205],[-86.41395399987994,40.17716899966676],[-86.41397999981919,40.17716999969421],[-86.41422800041464,40.17717799991318],[-86.41466100005967,40.177171999749056],[-86.41501800043505,40.17716800032563],[-86.41591100038764,40.17716000010548],[-86.41673099964697,40.17713900020934],[-86.41693400003658,40.17713500009764],[-86.41755900020054,40.17712399978932],[-86.41769200026994,40.17711900033495],[-86.41789800013427,40.17711900033495],[-86.4189569997682,40.17710299988204],[-86.41990199959932,40.177098999768226],[-86.42121300002664,40.17709500034055],[-86.4221179996748,40.17708700011174],[-86.4228650000375,40.17707599979565],[-86.42375299996722,40.17707399973797],[-86.42478499983697,40.177056999931736],[-86.42653399993222,40.17703900009188],[-86.42769300002358,40.177027999768],[-86.42874499998484,40.17702599970892],[-86.42883000037364,40.17702599970892],[-86.42898699983417,40.177024999679354],[-86.42966499970159,40.17702400033609],[-86.42971300028047,40.17702400033609],[-86.42995500012982,40.177027999768],[-86.43004200016844,40.17702899979753],[-86.43020200000203,40.177031999885955],[-86.43030400010929,40.17702400033609],[-86.43033099987345,40.17701300000978],[-86.43048099966128,40.17700899989066],[-86.43094000014389,40.17700000030815],[-86.43109400012969,40.17699800024823],[-86.43123499969668,40.17699800024823],[-86.43129599979606,40.17700299971153],[-86.43166099966903,40.17700199968163],[-86.43180299995926,40.17700199968163],[-86.43181600037805,40.17700100033809],[-86.43456800003074,40.17699200006814],[-86.44286900009294,40.17696399990711],[-86.4456400000122,40.17695599966286],[-86.44655899990406,40.17695200022675],[-86.44932999982332,40.176942999950306],[-86.45026399978377,40.17694199991952],[-86.45375899960122,40.17695899975456],[-86.46428099976177,40.17701900018802],[-86.46778999982293,40.177040000121245],[-86.4681349996044,40.177047000326354],[-86.46835899991041,40.17705299981521],[-86.46917800024315,40.177060000018976],[-86.46952499967448,40.17706300010609],[-86.46962900032985,40.17706600019306],[-86.47013599959475,40.17706800025096],[-86.47062900041256,40.17707000030882],[-86.47196500005593,40.177084000025694],[-86.47257500015128,40.17709100022626],[-86.47546700044438,40.177138000181436],[-86.4757450002787,40.17714399966225],[-86.47689699979907,40.17715700002266],[-86.47918800021762,40.177180999995066],[-86.48039199961651,40.17720599998596],[-86.48281699992937,40.17724799973021],[-86.48414599990004,40.17727199967045],[-86.48513299956396,40.17729100016052],[-86.48628199960957,40.17730599985729],[-86.48684300019946,40.17730899993353],[-86.48703999984296,40.17732000021185],[-86.49017300016047,40.177323000287466],[-86.49280199978948,40.177323000287466],[-86.49526100043752,40.17732100023707],[-86.49741600041364,40.1773250003378],[-86.49957899988735,40.17733199982713],[-86.50247299983026,40.17734400012666],[-86.50271600040281,40.17734000002705],[-86.5027299997482,40.17734000002705],[-86.5032720000715,40.177342000076884],[-86.50494099980081,40.17735000027563],[-86.50533099978816,40.17735200032512],[-86.50549800019273,40.17735799978706],[-86.50567700029288,40.177354999712996],[-86.5059180003173,40.17735299966355],[-86.50621399969499,40.177347000201216],[-86.5063969999931,40.17734800022603],[-86.50689499993545,40.177354999712996],[-86.50726800020438,40.17735799978706],[-86.50764099957496,40.177360999860944],[-86.50833500023423,40.17735999983631],[-86.50988900033579,40.177376000228605],[-86.51076300002183,40.17738799983398],[-86.51077600044061,40.17738799983398],[-86.51094499959669,40.1773899998824],[-86.51158700037742,40.177392999954925],[-86.51258099971403,40.177400000123555],[-86.51405899964763,40.177416999843864],[-86.51457199965861,40.17742299998637],[-86.51488300000322,40.17742600005744],[-86.51600600010958,40.17743700031684],[-86.51682000041946,40.17743300022273],[-86.51745399990595,40.17743600029333],[-86.51798399963538,40.17743899967745],[-86.5196110004302,40.17743899967745],[-86.52095799994423,40.17744599984139],[-86.52251600024375,40.17744799988805],[-86.52439400021044,40.17746500028269],[-86.52516900016225,40.17746999971158],[-86.52747700029923,40.17748600007794],[-86.52772300034651,40.177490000168895],[-86.52774300043801,40.17749400025966],[-86.528032000143,40.17749600030495],[-86.52890400017918,40.17751199997881],[-86.52919600025723,40.17751900013522],[-86.52920999960263,40.17752000015751],[-86.53006099972242,40.177530999715316],[-86.53207799960627,40.17755400022005],[-86.53343599988925,40.17757099990176],[-86.53507399965643,40.17759199966415],[-86.53848300015846,40.177645000081554],[-86.5399789996354,40.17766499980092],[-86.54072500017318,40.177671999941545],[-86.54189199976217,40.1776850002008],[-86.5433799997415,40.17770399988886],[-86.54360700042054,40.177710000005945],[-86.54362999998676,40.177710000005945],[-86.54391500039212,40.17770499990837],[-86.54487699994166,40.177713000064315],[-86.54554099956539,40.177710000005945],[-86.54608999956139,40.177708999986464],[-86.54846600036875,40.177694999712166],[-86.54980200001212,40.17769999981048],[-86.55134400041814,40.17769399969246],[-86.5516869996515,40.177692999672736],[-86.55212799969246,40.17768900028007],[-86.55287300040536,40.17769699975154],[-86.55327900028622,40.177692999672736],[-86.55378700027434,40.177692999672736],[-86.55452799989095,40.177694999712166],[-86.5553139997134,40.177692999672736],[-86.5554459999579,40.177692999672736],[-86.55584400034115,40.1777019998497],[-86.55708600027319,40.177710000005945],[-86.55738099982597,40.17773699984012],[-86.5579249997991,40.1777399998973],[-86.55897099991256,40.1777279996678],[-86.56122399979796,40.17772000019999],[-86.56256000033963,40.17772000019999],[-86.56352100006428,40.177715000103156],[-86.56449199983467,40.177715000103156],[-86.56641099980925,40.177710000005945],[-86.56737800027999,40.177710000005945],[-86.56774399997786,40.177706999947446],[-86.56831200024045,40.17769999981048],[-86.5700639998104,40.17767800006151],[-86.57112099979453,40.17767299996157],[-86.57205999977786,40.17766999990144],[-86.57237399959722,40.17766999990144],[-86.57314900044736,40.17766399978076],[-86.57388400021618,40.177662999760656],[-86.57613100025381,40.177659999700076],[-86.57749700003441,40.177654000264894],[-86.57931899992458,40.17765200022425],[-86.57936499995533,40.17765200022425],[-86.58014199955697,40.177655000285185],[-86.58087899987395,40.177654000264894],[-86.58105499960104,40.177671999941545],[-86.58119100004348,40.177700999830094],[-86.58138000018937,40.17773599982103],[-86.5815590002895,40.17776000027502],[-86.58184399979655,40.177773999849585],[-86.58397299983338,40.17777499986812],[-86.58473600008962,40.17777599988663],[-86.59055099973962,40.1777940002173],[-86.59212099973473,40.17780499973068],[-86.59234000001783,40.17780499973068],[-86.59370999999639,40.177805999748756],[-86.5948930003772,40.177807999784854],[-86.59512900037876,40.177803999712594],[-86.59526999994576,40.17780999982089],[-86.59611799969248,40.17784099968553],[-86.59908100013068,40.17795600023317],[-86.59961900025604,40.17797699987647],[-86.60007100016763,40.17799400013852],[-86.60181500024001,40.178043000183756],[-86.60704900010697,40.178193000144255],[-86.60867299963041,40.178242000045785],[-86.60879200035443,40.178241000034134],[-86.61064600003165,40.17826100026419],[-86.61620799996166,40.17831900021174],[-86.61820099955605,40.17869699969657],[-86.61835000041728,40.17858899976447],[-86.61846300039518,40.17853500007717],[-86.6185760003731,40.178489999732925],[-86.618653000366,40.178489999732925],[-86.6187880000852,40.178476000306084],[-86.61887799959858,40.178476000306084],[-86.62037700034688,40.17848099966053],[-86.62097200037363,40.17848099966053],[-86.62125699988069,40.17848499969283],[-86.62175399999813,40.178492999756806],[-86.62176800024183,40.178492999756806],[-86.62183799966373,40.1784909997409],[-86.62209200010693,40.178485999700875],[-86.62217699959743,40.17848499969283],[-86.62528899999855,40.17852500000324],[-86.62729699966157,40.178534000069845],[-86.64265799967885,40.17859699981619],[-86.6477800002911,40.17861999995963],[-86.64792099985812,40.17862900001358],[-86.64834799965537,40.178665000217606],[-86.64849099977049,40.17867800028661],[-86.65140200033015,40.17871699979226],[-86.66013799968724,40.17883400023373],[-86.6630500000718,40.178874000338396],[-86.66378099964268,40.17888399967453],[-86.66597400015193,40.17891399973313],[-86.66670999974569,40.17892399974973],[-86.66860399960588,40.17893699976906],[-86.6743000003285,40.17898199981685],[-86.67620000003647,40.178999999827575],[-86.6765180000538,40.17899099982284],[-86.67748499962623,40.17896899980609],[-86.67756499999217,40.17896699980422],[-86.67780699984151,40.178960999798285],[-86.67786000044326,40.17895999979724],[-86.67949700038552,40.17893099976047],[-86.6834039999316,40.1788650003169],[-86.68456999969567,40.178840000250936],[-86.68475100034395,40.1788370002424],[-86.68626100006459,40.17882000019156],[-86.68816900016849,40.178787000080646],[-86.69389500013003,40.178689000343],[-86.69580400005884,40.17865700017391],[-86.69580499988375,40.17718300004959],[-86.69580999990663,40.17275999965875],[-86.69581199955644,40.17128699991328],[-86.69581300027967,40.1697739998201],[-86.6958169995793,40.16523700009241],[-86.69581900012746,40.16372499991704],[-86.69581099973152,40.162335999869995],[-86.6957870003404,40.1581690001701],[-86.69577999976939,40.156779999737296],[-86.69576999972365,40.15646999968756],[-86.69576999972365,40.155325999712176],[-86.69576999972365,40.1552299997548],[-86.69574999963217,40.152229999816406],[-86.69575800002808,40.15096400028964],[-86.69575999967792,40.150780000163415],[-86.69574999963217,40.14955000024134],[-86.69574999963217,40.14951000002066],[-86.69575999967792,40.14914000012395],[-86.69575999967792,40.147540000342886],[-86.69580300023392,40.14644899968963],[-86.6957940000131,40.14631099991006],[-86.69574299995948,40.14531700030143],[-86.69586000013533,40.14530000009528],[-86.69571000034752,40.14416999975471],[-86.69570000030177,40.14362000001982],[-86.69570000030177,40.14360399991095],[-86.69570100012669,40.14352700019258],[-86.69570100012669,40.14344599966342],[-86.69570799979935,40.14249899992717],[-86.69571000034752,40.14231000026039],[-86.69572000039325,40.14155000030726],[-86.69573999958641,40.14091999972958],[-86.69573999958641,40.13941599978052],[-86.69573999958641,40.13929999996864],[-86.69574999963217,40.13874999995298],[-86.69572000039325,40.13839000031652],[-86.69573899976152,40.13791300010947],[-86.69574999963217,40.13763999969799],[-86.69573999958641,40.13687999970122],[-86.69574799998233,40.136483999880376],[-86.69575800002808,40.136007999976016],[-86.69575999967792,40.13591999977278],[-86.69575999967792,40.13511900004305],[-86.69575999967792,40.13475999967835],[-86.69576999972365,40.13407000013533],[-86.69575999967792,40.13376999994048],[-86.69574999963217,40.13349000016632],[-86.69574999963217,40.13345000010444],[-86.69574999963217,40.13267999999019],[-86.69575300000521,40.13245399983117],[-86.69575999967792,40.13194000029384],[-86.69575999967792,40.131566000121985],[-86.69575999967792,40.13153099967921],[-86.69575999967792,40.13142600030326],[-86.69575999967792,40.13139199980334],[-86.69575999967792,40.13059000024967],[-86.69576399987588,40.13011600033922],[-86.69576999972365,40.1296399997891],[-86.69573999958641,40.12915999983544],[-86.69573999958641,40.12820999999344],[-86.69573000043899,40.12788000010071],[-86.69573000043899,40.12719000008093],[-86.69574999963217,40.12677000019347],[-86.69573999958641,40.12629200007205],[-86.69573999958641,40.12625999993234],[-86.69574999963217,40.12537000014372],[-86.69574100030965,40.12501699976474],[-86.69573000043899,40.12456999982838],[-86.69574399978437,40.12405500030701],[-86.69574999963217,40.1238699999867],[-86.69573999958641,40.12272999971318],[-86.69574999963217,40.12165999967201],[-86.69574999963217,40.12117100027005],[-86.69574999963217,40.12021000015059],[-86.69575999967792,40.11915000018324],[-86.69575700020317,40.11875599981535],[-86.69573999958641,40.11545999984085],[-86.69574700015743,40.114393999805095],[-86.69574999963217,40.11406999973107],[-86.69574999963217,40.11294000014104],[-86.69573999958641,40.11176000027023],[-86.69574200013456,40.11147999983403],[-86.69574999963217,40.11037999991621],[-86.69573999958641,40.10893000032497],[-86.69573999958641,40.10729000019632],[-86.6957379999366,40.10709999980834],[-86.69573000043899,40.105690000307916],[-86.69573000043899,40.10563999987679],[-86.69573000043899,40.1041909999736],[-86.69573000043899,40.104089999890064],[-86.69572000039325,40.10278999975585],[-86.69573000043899,40.101620000109136],[-86.69571799984512,40.09984799978188],[-86.69571000034752,40.09840000001809],[-86.69572000039325,40.098170000021426],[-86.69571600019529,40.0977120000908],[-86.69571000034752,40.09692999988082],[-86.69573000043899,40.095769999686645],[-86.69572799989086,40.09564799980254],[-86.69572000039325,40.094960000225676],[-86.69573999958641,40.09464999988316],[-86.69572000039325,40.09401000016224],[-86.69573000043899,40.09319000009936],[-86.69573000043899,40.0929959999349],[-86.69573000043899,40.09194000016038],[-86.69574999963217,40.09097999995429],[-86.69574999963217,40.08931000032533],[-86.69576999972365,40.088300000020126],[-86.69576999972365,40.087570000193],[-86.69576200022604,40.08710399988121],[-86.69574999963217,40.08637000032716],[-86.69575999967792,40.08514099970446],[-86.69575999967792,40.08487999990298],[-86.69575999967792,40.08410000006249],[-86.69575999967792,40.08383999973345],[-86.69575999967792,40.0835950002462],[-86.69575999967792,40.08309999981223],[-86.6957520001803,40.082863000054935],[-86.69574999963217,40.082780000011525],[-86.69575999967792,40.08261999989081],[-86.6957520001803,40.08220900013395],[-86.69574999963217,40.08208000031578],[-86.69575999967792,40.081209999666925],[-86.69575999967792,40.0809789999306],[-86.69575999967792,40.08081999977279],[-86.69573999958641,40.08067999995328],[-86.69563599982935,40.08064500012524],[-86.69564900024814,40.07725899976952],[-86.69569000025602,40.06710200001622],[-86.6957039996014,40.06371699967623],[-86.69570799979935,40.062677999750505],[-86.69572000039325,40.059562999864696],[-86.6957239996929,40.05866399983376],[-86.6957379999366,40.0585259999567],[-86.69574100030965,40.05849200014338],[-86.69574899980725,40.0583920000279],[-86.69575300000521,40.05835899986128],[-86.69578999981513,40.058310000126184],[-86.69580200040902,40.05810799977968],[-86.69580999990663,40.05799000003542],[-86.69580599970867,40.05782500013199],[-86.69579300018817,40.057320000049245],[-86.6957870003404,40.05705799976946],[-86.69577999976939,40.056790000062904],[-86.69578200031752,40.05659300009652],[-86.69578999981513,40.05606000002705],[-86.69577499974653,40.055198999676996],[-86.69576999972365,40.05487999986897],[-86.69574999963217,40.05484000033297],[-86.69575999967792,40.05473999967139],[-86.69577399992161,40.05323199995837],[-86.6957940000131,40.05116800028039],[-86.6958169995793,40.04870999974733],[-86.69583199964792,40.04720299990116],[-86.69582999999811,40.0458540001673],[-86.69582400015032,40.04180800030634],[-86.69582199960219,40.0404599997054],[-86.69582099977728,40.0403570000211],[-86.69582099977728,40.04005099998128],[-86.69582099977728,40.039948999662826],[-86.6958169995793,40.03697800004487],[-86.69581099973152,40.031771000022985],[-86.69580599970867,40.0280680002316],[-86.69580200040902,40.025099000026536],[-86.69579800021106,40.023020000227746],[-86.6957870003404,40.01678699971052],[-86.69578399996735,40.014709000176026],[-86.69578300014244,40.01388300023464],[-86.6957809995943,40.01140600000176],[-86.6957809995943,40.010580999718115],[-86.69566299959352,40.007634999774126],[-86.695357999995,40.000003000309576],[-86.69541999991928,39.99879900006166],[-86.69557399990506,39.995856000077254],[-86.69553299989718,39.993914000148514],[-86.69540999987355,39.988091000260304],[-86.69536999969057,39.98614999988073],[-86.69536899986566,39.98610799978527],[-86.69536600039092,39.98598300011863],[-86.69536600039092,39.9859420000074],[-86.69534700012436,39.98500600031189],[-86.69529199987277,39.98219900014059],[-86.6952740003294,39.98126400025744],[-86.69526099991063,39.979804000030164],[-86.69522199955256,39.97542599990079],[-86.695209999857,39.97396699980381],[-86.69520800020717,39.9736590002639],[-86.69511699997058,39.968638000018935],[-86.69508400035862,39.966780000129106],[-86.69512000034364,39.96497399984507],[-86.69512399964327,39.96475900020703],[-86.69529900044377,39.95580400021985],[-86.69532799985778,39.95572399993715],[-86.6953449995762,39.95567599999803],[-86.69534299992638,39.95564900014662],[-86.6953439997513,39.95560100015485],[-86.69534100027656,39.955588000136935],[-86.69533799990351,39.955566999996854],[-86.69533899972842,39.95554800022525],[-86.69533999955334,39.95553399966535],[-86.6953360002537,39.95549500025458],[-86.69532799985778,39.955429000194734],[-86.6953239996598,39.95539000003552],[-86.69533000040592,39.95532100033497],[-86.69535100032232,39.955118000213524],[-86.695357999995,39.95505000008899],[-86.69536100036805,39.955012000253255],[-86.69520300018429,39.952413999943396],[-86.6952020003594,39.952353999692775],[-86.69516700019929,39.94921400012503],[-86.69516499965114,39.948040000063045],[-86.69516200017642,39.944519000206064],[-86.6951610003515,39.9433460001735],[-86.69515899980337,39.942162000266265],[-86.69515600032865,39.93861199970724],[-86.6951549996054,39.937428999956204],[-86.6951400004351,39.93460099979305],[-86.69509900042723,39.926543999772],[-86.69509600005418,39.92611799972697],[-86.69508199981048,39.92329100030461],[-86.69508299963539,39.92318600026151],[-86.69508699983334,39.92287200017571],[-86.69508799965826,39.92283500001151],[-86.69507099993983,39.92276999976774],[-86.69488099996903,39.92276999976774],[-86.69457999967014,39.92276999976774],[-86.69431000023172,39.92278000023322],[-86.69412199991075,39.92278000023322],[-86.69326999996603,39.92278000023322],[-86.69168999992522,39.92276999976774],[-86.6914990001295,39.92277100008992],[-86.69032999999239,39.92278000023322],[-86.68846999956905,39.92278000023322],[-86.68695999984841,39.922790000008284],[-86.68569000032727,39.922790000008284],[-86.68416999966259,39.92278000023322],[-86.68363200043555,39.92278000023322],[-86.68276000039937,39.92278000023322],[-86.68157000034587,39.9227999997819],[-86.68100999958091,39.922790000008284],[-86.68054599997372,39.922790000008284],[-86.67980000033423,39.922790000008284],[-86.67925999966074,39.92278000023322],[-86.6791579995535,39.92278000023322],[-86.67898000017657,39.92278000023322],[-86.67883000038874,39.92278000023322],[-86.67869499977121,39.922780999866305],[-86.6782210001183,39.92278400014342],[-86.67751999978633,39.922790000008284],[-86.67690999969096,39.922790000008284],[-86.67680199973594,39.92279100033018],[-86.67632999973281,39.9227999997819],[-86.6753000004112,39.92281000024299],[-86.6741599996881,39.92282999978297],[-86.6739489998009,39.92283199973662],[-86.67317999969688,39.92284000023969],[-86.67244999995093,39.92284000023969],[-86.67098999956067,39.92287000022318],[-86.67039999955679,39.92287000022318],[-86.66998000033054,39.92288999974563],[-86.66873000000257,39.92291999970721],[-86.66717000005322,39.922930000150785],[-86.66680799965498,39.9229370003226],[-86.66567000037831,39.92296000009484],[-86.66447000027907,39.922980000279885],[-86.66442800044628,39.92298099991011],[-86.66312000039201,39.92299999977021],[-86.66298800014752,39.92300100008903],[-86.66230000023435,39.92301000020209],[-86.66098999963194,39.9230400001111],[-86.65981999966992,39.923060000272784],[-86.65866899997447,39.92307500021798],[-86.6583400000865,39.923079999739734],[-86.65723000039894,39.92309000015993],[-86.65630999978387,39.92309000015993],[-86.65580000014593,39.923079999739734],[-86.65563500028948,39.92307700016452],[-86.65331999958148,39.9230400001111],[-86.65216999971096,39.92301000020209],[-86.65102999988616,39.92299999977021],[-86.65085300033417,39.92299599987262],[-86.64952000016552,39.92296999984363],[-86.64925999987453,39.922967999894006],[-86.64821999960884,39.92296000009484],[-86.64723499959476,39.9229430001741],[-86.64639000022106,39.922930000150785],[-86.64519000012181,39.92290000019358],[-86.64355999985226,39.922879999985106],[-86.64178999984063,39.922850000005994],[-86.64116399985173,39.92283899991852],[-86.63998999969175,39.922820000013736],[-86.63914000029519,39.92281200019728],[-86.63905499990638,39.9228109998757],[-86.63879999963825,39.9228080002887],[-86.63871599997265,39.9228080002887],[-86.63863300013199,39.922806999967065],[-86.63856199998688,39.922806000334354],[-86.63838500043487,39.92280399969095],[-86.6383030004191,39.92280399969095],[-86.63788999996721,39.9227999997819],[-86.63749900015497,39.92280300005819],[-86.63660200000443,39.92281000024299],[-86.63603000044222,39.9227999997819],[-86.63508999973565,39.9227999997819],[-86.63441199986823,39.9227999997819],[-86.63428700019475,39.9227999997819],[-86.63417699969158,39.9227999997819],[-86.63384899962851,39.9227999997819],[-86.63373999984857,39.9227999997819],[-86.63357499999215,39.9227999997819],[-86.63308000042282,39.9227999997819],[-86.63291600039129,39.9227999997819],[-86.6326140002675,39.9227999997819],[-86.63224600002145,39.9227999997819],[-86.63207000029436,39.9227999997819],[-86.63171100026916,39.92280500001263],[-86.63140999997027,39.92281000024299],[-86.6313129998859,39.9228129998299],[-86.63112999958781,39.922820000013736],[-86.63108399955705,39.922808999921386],[-86.63101300031026,39.922814000151455],[-86.63080499989779,39.92282199996768],[-86.63058599961468,39.922825000243],[-86.63028000019123,39.92282999978297],[-86.62999999980876,39.922820000013736],[-86.62954000039953,39.922820000013736],[-86.6293200002915,39.92281000024299],[-86.62900399992401,39.92281499978411],[-86.62898700020557,39.92281499978411],[-86.62879600040986,39.922806000334354],[-86.62857700012675,39.922795999872676],[-86.62834899962279,39.92278499977646],[-86.62818999961414,39.92277800027804],[-86.62817700009366,39.92277800027804],[-86.6281389995605,39.92277800027804],[-86.62812699986495,39.92277800027804],[-86.6280590000929,39.92277800027804],[-86.62785599970329,39.92277800027804],[-86.62778899975615,39.922778999911166],[-86.62773900042575,39.922778999911166],[-86.62759200011266,39.922778999911166],[-86.62754299970887,39.92278000023322],[-86.62728400014107,39.92277600032276],[-86.62651000001418,39.92276399990113],[-86.62625200027132,39.922761000312065],[-86.62600200002606,39.922761999945436],[-86.62525200018862,39.9227650002234],[-86.62500299976827,39.92276700017894],[-86.62437599995447,39.9227650002234],[-86.62314099969514,39.922761000312065],[-86.6224979999878,39.92275899966741],[-86.6218719999989,39.92275699971157],[-86.6217160003633,39.92275800003399],[-86.62124699983491,39.92276399990113],[-86.62109200002422,39.92276700017894],[-86.61947799964821,39.92265099990352],[-86.61942699959457,39.92264699998553],[-86.61921999990534,39.92263900014886],[-86.61912000034621,39.92262899966279],[-86.61893000037543,39.92264899994453],[-86.61878700026028,39.92267900001176],[-86.61869000017592,39.92269999991317],[-86.61854399968773,39.92269999991317],[-86.61834200002136,39.92269999991317],[-86.61813000030925,39.92269999991317],[-86.6179930000419,39.92269799995566],[-86.6165429996974,39.92268600020925],[-86.61603999973217,39.9226820002933],[-86.6156899999278,39.92268000033527],[-86.6156060002622,39.92268000033527],[-86.61480799984585,39.92267900001176],[-86.61377799962592,39.922688999801586],[-86.61291900000855,39.922709000065794],[-86.61282399957399,39.922712999980156],[-86.61228200014898,39.92272900032416],[-86.61225000036194,39.92272999995805],[-86.61198199967501,39.92273700015032],[-86.6103530001287,39.92271499993722],[-86.60704400008409,39.92270799974271],[-86.6003289999105,39.92269999991317],[-86.59949000038459,39.92268000033527],[-86.5991599997734,39.92268000033527],[-86.59825000010237,39.92268000033527],[-86.59806599997937,39.9226820002933],[-86.59762800031146,39.922684999885824],[-86.59631699988412,39.92269599999804],[-86.59588000004112,39.92269999991317],[-86.59538999959635,39.92269999991317],[-86.59511000011219,39.92269999991317],[-86.5941400001667,39.92272000017416],[-86.59392400025664,39.922716999894284],[-86.59343499963678,39.922712999980156],[-86.59309999990103,39.922709999699926],[-86.59228899996421,39.922718999851234],[-86.59220000027574,39.92272000017416],[-86.58974999984855,39.92272000017416],[-86.58885100004817,39.92273100028081],[-86.58820999999068,39.922739999740436],[-86.58770600020053,39.922733999871134],[-86.5876340002305,39.92273300023736],[-86.58742099979516,39.92272999995805],[-86.58734999965006,39.92272999995805],[-86.58713000044034,39.922739999740436],[-86.58631000028268,39.922750000210286],[-86.58469000005887,39.922750000210286],[-86.58432000016303,39.922750000210286],[-86.58366599968672,39.92275800003399],[-86.58319000038396,39.92276900013448],[-86.58158400040386,39.922820000013736],[-86.58138199983918,39.92281600010563],[-86.58127999973193,39.92281200019728],[-86.57615700019306,39.92269200008275],[-86.56261899989087,39.922731999914625],[-86.55883700001826,39.92274400034187],[-86.5474910004004,39.922778999911166],[-86.54371000035269,39.92279199996316],[-86.54182900001298,39.92279799982731],[-86.53618900026517,39.92281600010563],[-86.53497999994508,39.922820000013736],[-86.53430899975035,39.92282199996768],[-86.5334469997599,39.92282399992162],[-86.53086099978859,39.92283100010428],[-86.52999999962304,39.92283399969027],[-86.52711300025116,39.922842999825285],[-86.51845200033883,39.92287200017571],[-86.51556599989354,39.9228830002579],[-86.51374599965318,39.92288799979362],[-86.50828699965534,39.92290499972806],[-86.50706099961681,39.92290900031987],[-86.50683700020915,39.92290999995112],[-86.50661299990315,39.922911000271256],[-86.5064680001382,39.922911000271256],[-86.50638000027466,39.922911000271256],[-86.50611499996079,39.922911000271256],[-86.50602799992215,39.92291199990244],[-86.50414099973466,39.92291700012499],[-86.50000800023275,39.92292800019994],[-86.49848500009332,39.922861000091714],[-86.49660100027887,39.922778999911166],[-86.49496400033661,39.92278299982144],[-86.49005599998459,39.92279700019447],[-86.48841999986725,39.92280199973648],[-86.48816600032234,39.92280199973648],[-86.48740600043915,39.92280500001263],[-86.48715299982085,39.922806999967065],[-86.4861929999211,39.9228080002887],[-86.48331599969666,39.9228129998299],[-86.48235699962183,39.92281600010563],[-86.48051299999035,39.92280199973648],[-86.47498299984738,39.922763000267736],[-86.47314000004081,39.922750000210286],[-86.47294000002427,39.922756000078124],[-86.47281000032794,39.922759999989744],[-86.47233999997465,39.92276700017894],[-86.4721399999581,39.92276999976774],[-86.47149999972551,39.92278000023322],[-86.4713220003486,39.92277800027804],[-86.46972999971386,39.92276999976774],[-86.46886799972343,39.92276999976774],[-86.4688500001801,39.92276999976774],[-86.46867000025503,39.92278000023322],[-86.46855999975186,39.922820000013736],[-86.468450000147,39.92290000019358],[-86.46833999964383,39.9230499998482],[-86.46817300013755,39.92311699977149],[-86.4681399996273,39.923129999759304],[-86.46726900031432,39.923129999759304],[-86.46700999984824,39.923129999759304],[-86.46657999967793,39.9231400001722],[-86.4664859999666,39.9231400001722],[-86.46543999985315,39.9231400001722],[-86.4650499998658,39.92316000030467],[-86.46469000001568,39.92316000030467],[-86.4640299996916,39.92317000002425],[-86.46324999971694,39.92317000002425],[-86.46214000002938,39.9231999998632],[-86.46156000007123,39.9231999998632],[-86.46142000032916,39.9232010001791],[-86.46096400021958,39.92320500006472],[-86.46049999971406,39.923210000265875],[-86.45973200033328,39.923210000265875],[-86.45965500034038,39.923210000265875],[-86.4594260000115,39.923210000265875],[-86.45934999984352,39.923210000265875],[-86.45745000013555,39.923231000004414],[-86.4549400003322,39.92326000019051],[-86.45370000004999,39.92326999989548],[-86.45174900028837,39.923277999658424],[-86.45143000044615,39.923280000287924],[-86.45025999958581,39.92328999999003],[-86.4498500004053,39.92329700012504],[-86.44905000033914,39.92331000007868],[-86.44818999999853,39.92331999977635],[-86.44735999979513,39.92331999977635],[-86.44605299956577,39.92332600028317],[-86.44537999972121,39.9233300001615],[-86.44315000030035,39.923350000238464],[-86.44191000001813,39.92337000030959],[-86.44005999964054,39.9233799999985],[-86.43664000016618,39.923409999745445],[-86.43466500011512,39.92343899985571],[-86.43460999986353,39.923440000168114],[-86.43355999955213,39.923460000212955],[-86.43223999980226,39.923460000212955],[-86.43124999976531,39.92348000025195],[-86.43101999961154,39.92348999992479],[-86.43086999982371,39.92348999992479],[-86.43050599977563,39.923522999868226],[-86.42941600017956,39.92362400022254],[-86.4290529999564,39.92365799972167],[-86.42564000015473,39.9236710002957],[-86.4154019996763,39.92371100024459],[-86.41198999969953,39.92372499973894],[-86.4114599999701,39.92372600004717],[-86.40987200043166,39.92373100021027],[-86.40934299962883,39.923733000137645],[-86.40701600012359,39.92374000022737],[-86.40362800043627,39.92375199978906],[-86.40343799956715,39.923753000096895],[-86.40003599963615,39.92376400003754],[-86.39985499988617,39.92376499965631],[-86.39770999995581,39.92377199974276],[-86.39679500026192,39.9237739996689],[-86.39405100010684,39.9237820000619],[-86.39313700023784,39.92378599991357],[-86.39287899959668,39.923787000220905],[-86.39144800041707,39.92379100007229],[-86.39056499961191,39.92379299999787],[-86.38638199988131,39.923807999782476],[-86.38518699980492,39.92381299993959],[-86.38469399988541,39.92382000002119],[-86.38445799988388,39.92382300025273],[-86.38374900005431,39.92383299987553],[-86.38351399987768,39.92383699972418],[-86.38061300026206,39.92384599972735],[-86.37497599998899,39.92386500003634],[-86.37190999961862,39.923897999799024],[-86.36900999982795,39.923929999929506],[-86.36890600007087,39.92393199985103],[-86.36859399990134,39.92393800030422],[-86.36849000014428,39.92394000022555],[-86.36819700024131,39.92394099984171],[-86.3680290000118,39.92394099984171],[-86.36664800016261,39.923942999762914],[-86.36618799985507,39.92394400006795],[-86.36615100004514,39.92394400006795],[-86.36609599979356,39.923944999684096],[-86.36603999971706,39.923944999684096],[-86.36600399973204,39.923945999989115],[-86.36435300044441,39.92396000012434],[-86.36221600001164,39.92398000001728],[-86.35996200030134,39.92399900028908]]]}},{"type":"Feature","properties":{"id":"18095","name":"Madison"},"geometry":{"type":"Polygon","coordinates":[[[-85.67312299973504,39.94553999980672],[-85.67301099958206,39.94550800013688],[-85.67297399977213,39.945497000246874],[-85.67294399963491,39.94549200029633],[-85.67279200019726,39.94546799983982],[-85.67276999955763,39.945463999877674],[-85.67273600012076,39.94546099990595],[-85.67256100021856,39.94544800002683],[-85.67242099957818,39.94544800002683],[-85.6718599998866,39.94544900001766],[-85.67078299981101,39.94545799993408],[-85.67073699978026,39.94545799993408],[-85.66728299997071,39.94547299979212],[-85.66636499990375,39.94548900032583],[-85.66567600016569,39.94548499967619],[-85.66566199992198,39.94548499967619],[-85.66558800030214,39.94548499967619],[-85.66546799975322,39.94548699965671],[-85.66543500014126,39.94548699965671],[-85.66277600037499,39.94551500006591],[-85.66134699994689,39.945523999973645],[-85.65895799961905,39.94555199967904],[-85.65860399961673,39.94555900029232],[-85.658524999974,39.94555199967904],[-85.65847399992037,39.94554899971117],[-85.65812900013889,39.945557000313954],[-85.65810700039756,39.945558000303144],[-85.65711200033775,39.94558100005054],[-85.65655099974786,39.94558799997214],[-85.65580199973532,39.945578000083934],[-85.65578199964385,39.945578000083934],[-85.65575400005476,39.945578000083934],[-85.65523500019597,39.94557700009504],[-85.65473399988056,39.94558799997214],[-85.65465400041292,39.94558799997214],[-85.6541589999453,39.9455909999383],[-85.65293100025694,39.9456089997326],[-85.65286599995962,39.9456089997326],[-85.65280800023329,39.9456089997326],[-85.6527939999896,39.9456089997326],[-85.65277800009608,39.9456089997326],[-85.6527599996544,39.9456089997326],[-85.65273899973802,39.9456089997326],[-85.6527160001718,39.9456089997326],[-85.65269000023252,39.9456089997326],[-85.65157600034699,39.94562200026978],[-85.65133000029972,39.94562500023444],[-85.65036799985184,39.945645999983604],[-85.64984599962003,39.94564899994722],[-85.64953900037166,39.94565499987411],[-85.64904399990404,39.94564699997149],[-85.64897600013198,39.945645999983604],[-85.64857100007603,39.945645999983604],[-85.64853699974083,39.945645999983604],[-85.64851800037258,39.945645999983604],[-85.64850599977868,39.945645999983604],[-85.64840399967143,39.94564699997149],[-85.64808099963126,39.94564799995936],[-85.64300499994805,39.945698000023306],[-85.64299200042758,39.945698000023306],[-85.64200999988823,39.94570799989397],[-85.6416280002968,39.94570599991996],[-85.64160900003023,39.94570599991996],[-85.64152100016669,39.945704999932936],[-85.64130299970849,39.94570599991996],[-85.63944999985617,39.945714999802576],[-85.63938000043427,39.945714999802576],[-85.63936500036566,39.945714999802576],[-85.63877500036179,39.94571799976317],[-85.63873000015595,39.94571799976317],[-85.63826599965043,39.945722999697246],[-85.63824999975692,39.945722999697246],[-85.63821799996987,39.945722999697246],[-85.63817899961181,39.945723999684006],[-85.63679600011278,39.94573900017243],[-85.63456499996867,39.94575499995522],[-85.6345249997857,39.94575499995522],[-85.63449200017374,39.94575499995522],[-85.63444000029521,39.94575499995522],[-85.63442799970132,39.94575499995522],[-85.63438699969345,39.94575599994151],[-85.63435400008147,39.94575599994151],[-85.6343270003173,39.94575599994151],[-85.632242999588,39.94577199972033],[-85.63221400017399,39.94577199972033],[-85.6301450004116,39.94578700019823],[-85.63010500022862,39.94578800018405],[-85.63008099993918,39.94578800018405],[-85.63005900019787,39.94578800018405],[-85.63004300030434,39.94578800018405],[-85.6298149998004,39.94579000015566],[-85.62979899990688,39.94579000015566],[-85.62835199993542,39.94580099999851],[-85.62833199984394,39.94580099999851],[-85.62805599965941,39.94580299996979],[-85.62781700018311,39.94580099999851],[-85.62693400027628,39.94581299982511],[-85.62535199968731,39.945825000338246],[-85.62487399983642,39.94582900027925],[-85.62392700035548,39.945833000220055],[-85.62317300032007,39.94583700016058],[-85.6221969996285,39.94584200008592],[-85.62173600039436,39.94584999996573],[-85.62078300016732,39.94585199993558],[-85.62061199956477,39.94585199993558],[-85.62057599957977,39.94585199993558],[-85.6197050002668,39.94585399990532],[-85.61920899997426,39.94586099979899],[-85.61642600035944,39.94585799984461],[-85.6163810001536,39.94585799984461],[-85.61558699993522,39.94586199978374],[-85.61519000027519,39.94586399975317],[-85.61296599980379,39.94584899998081],[-85.61285000035113,39.945847000010936],[-85.61283799975726,39.945847000010936],[-85.61281600001595,39.945847000010936],[-85.6114810001975,39.94583400020522],[-85.61096300016362,39.94582900027925],[-85.61093800004927,39.94582900027925],[-85.61090799991206,39.94582900027925],[-85.61086199988131,39.945828000294014],[-85.61084900036082,39.945828000294014],[-85.61078400006349,39.945827000308775],[-85.61049700000832,39.945827000308775],[-85.61045299962737,39.945827000308775],[-85.60898800011259,39.945828000294014],[-85.60897100039413,39.945828000294014],[-85.60893700005896,39.945828000294014],[-85.60892100016544,39.945828000294014],[-85.60889900042412,39.945828000294014],[-85.6088700001118,39.945828000294014],[-85.60881800023327,39.945827000308775],[-85.60880499981447,39.945827000308775],[-85.60878499972299,39.945827000308775],[-85.60824900014579,39.94581999972292],[-85.60779800005908,39.945823999664256],[-85.60766800036274,39.94582600032352],[-85.60739200017821,39.94582299967896],[-85.60736500041402,39.94582299967896],[-85.60735299982015,39.94582199969364],[-85.60693100004576,39.945816999766805],[-85.60560999957269,39.94580999986864],[-85.60558000033377,39.94580999986864],[-85.60476699984883,39.945805999926534],[-85.60474000008463,39.945805999926534],[-85.60471800034333,39.945805999926534],[-85.60358500019123,39.94580099999851],[-85.60185500036256,39.94579200012721],[-85.6006040002097,39.94577599966443],[-85.60050899977514,39.94577499967841],[-85.60012700018372,39.945773999692406],[-85.60010899974206,39.945773999692406],[-85.59980499996844,39.945773999692406],[-85.59734200002076,39.94575100000985],[-85.59570799955324,39.94573600021276],[-85.59557100018422,39.94573300025291],[-85.59555799976542,39.94573300025291],[-85.59553299965107,39.94573300025291],[-85.59551099990975,39.94573300025291],[-85.5954930003664,39.94573300025291],[-85.5954790001227,39.94573300025291],[-85.59544599961242,39.94573300025291],[-85.5945429996141,39.94573500022617],[-85.59259199985247,39.94573100027963],[-85.59130200023986,39.94573700019934],[-85.59127399975247,39.94573700019934],[-85.58912499962415,39.945747000064294],[-85.58911299992857,39.945747000064294],[-85.58909899968486,39.945747000064294],[-85.58908100014152,39.945747000064294],[-85.589057999677,39.945747000064294],[-85.58902800043806,39.945747000064294],[-85.58831600023547,39.94575000002348],[-85.58800599971575,39.945749000037104],[-85.5877420001251,39.9457480000507],[-85.58772500040666,39.9457480000507],[-85.58738800012277,39.945747000064294],[-85.58617299995491,39.94575999988654],[-85.58428900014046,39.94575000002348],[-85.5833409999363,39.9457519999962],[-85.58296799966737,39.945747000064294],[-85.58295299959879,39.945747000064294],[-85.58251599975577,39.94574200013197],[-85.58193999999558,39.94573900017243],[-85.58166999965884,39.945741000145475],[-85.58164600026772,39.945741000145475],[-85.58161399958236,39.94574200013197],[-85.58125000043259,39.94574500009143],[-85.58116400021886,39.94574500009143],[-85.5809199998214,39.945744000104966],[-85.58088999968417,39.945744000104966],[-85.58087200014083,39.945744000104966],[-85.58081199986637,39.945744000104966],[-85.58079900034588,39.94574300011845],[-85.58001500017325,39.94574600007787],[-85.57994300020322,39.94574600007787],[-85.57990899986805,39.94574600007787],[-85.57986399966221,39.945747000064294],[-85.57979900026318,39.945747000064294],[-85.57945699995642,39.9457480000507],[-85.57907100016703,39.945749000037104],[-85.57832600035246,39.94575100000985],[-85.57830700008589,39.94575100000985],[-85.57807699993212,39.9457519999962],[-85.57739700041486,39.94575100000985],[-85.57675100033448,39.945747000064294],[-85.57670000028087,39.945747000064294],[-85.5766750001665,39.945747000064294],[-85.57657899990704,39.945749000037104],[-85.57619200029275,39.94575599994151],[-85.57635399977615,39.946676999711606],[-85.57635399977615,39.94673500017718],[-85.57635999962392,39.9619180003435],[-85.57635999962392,39.965940000295554],[-85.57636100034716,39.96981800024275],[-85.57636100034716,39.969940999924646],[-85.57636299999697,39.98216900001177],[-85.5763649996468,39.99010299968201],[-85.5763649996468,39.99021000031911],[-85.57613100019337,40.00004400023863],[-85.57607500011689,40.00454400018956],[-85.57607299956875,40.00464599977953],[-85.57607500011689,40.006044000091734],[-85.57607500011689,40.006559000063575],[-85.57607500011689,40.01751600030028],[-85.57607500011689,40.01754400010255],[-85.57612399962238,40.026454000119294],[-85.57611799977458,40.02800499988728],[-85.5761320000183,40.02851499985689],[-85.57612799982034,40.02924200005309],[-85.57613100019337,40.02953799977165],[-85.57612600017052,40.03015999986539],[-85.57612899964525,40.030496999936894],[-85.57612600017052,40.03069300022913],[-85.57613000036847,40.032547999719554],[-85.57613799986608,40.03314800011012],[-85.5761329998432,40.03364200030312],[-85.5761320000183,40.033749000111534],[-85.57612600017052,40.03422500023964],[-85.57613899969098,40.035490999765884],[-85.57613700004116,40.03649000015037],[-85.57614399971385,40.036939999687995],[-85.57613899969098,40.03760199972696],[-85.57614799991181,40.03904800019554],[-85.576146000262,40.040327999975126],[-85.57614799991181,40.04049700018828],[-85.57615200010977,40.04094700010508],[-85.57615200010977,40.04101000018658],[-85.57614299988893,40.042143000000145],[-85.57614000041421,40.0425910001673],[-85.57614899973673,40.0435279998633],[-85.57615899978248,40.0436110002878],[-85.57614100023912,40.04386799967707],[-85.57615200010977,40.04402899997835],[-85.57614399971385,40.04437700008219],[-85.57613799986608,40.04637199987925],[-85.57614100023912,40.047007000297455],[-85.57612899964525,40.04770600025581],[-85.57621300020915,40.04775699978922],[-85.5763449995553,40.047791000144656],[-85.5764080002028,40.047839000010775],[-85.57635200012632,40.05013999971891],[-85.57633399968465,40.05067099967595],[-85.57631699996622,40.0507940002142],[-85.57629199985185,40.05118899991624],[-85.57626400026277,40.05147700006474],[-85.57627599995834,40.051603999774635],[-85.5762740003085,40.05164300002248],[-85.576330000385,40.05168699999321],[-85.57627599995834,40.06255999967016],[-85.57627500013342,40.06284300027761],[-85.5762740003085,40.06626900005606],[-85.57627500013342,40.07234300024265],[-85.57627099993546,40.07251900010962],[-85.5762319995774,40.073339000336844],[-85.57623300030063,40.073403000217546],[-85.57624199962315,40.074022999858016],[-85.57623599977536,40.07421699979021],[-85.57622900010267,40.07535000026828],[-85.5762249999047,40.076098000310985],[-85.57619899996544,40.0770729998912],[-85.57619700031562,40.07714299976461],[-85.576174999676,40.077563000243316],[-85.576174999676,40.07904000007243],[-85.576174999676,40.07965400010056],[-85.576174999676,40.079683999998146],[-85.576174999676,40.079721999895234],[-85.576174999676,40.08109899985573],[-85.576174999676,40.08180400029949],[-85.576174999676,40.082042999726085],[-85.57615899978248,40.08217100025024],[-85.57615399975958,40.082210000184894],[-85.57615499958452,40.08226300011316],[-85.576174999676,40.08322100015903],[-85.576174999676,40.083618000258014],[-85.576174999676,40.083870999875025],[-85.5761739998511,40.084112000339196],[-85.5761739998511,40.08426300020389],[-85.5761739998511,40.084303999667775],[-85.5761739998511,40.084381999820266],[-85.5761739998511,40.0845500000566],[-85.57614100023912,40.09202599975138],[-85.57614299988893,40.09258299980109],[-85.57613500039133,40.09309999966679],[-85.57613399966812,40.09313599985407],[-85.5761320000183,40.093288000206016],[-85.5761250003456,40.09464499985497],[-85.5761250003456,40.09466599983342],[-85.5761250003456,40.09468099991225],[-85.5761250003456,40.094691999830495],[-85.5761329998432,40.09517900023932],[-85.5761250003456,40.09519199979749],[-85.5761250003456,40.09537000010582],[-85.5761250003456,40.09538000005523],[-85.5761250003456,40.09539099986054],[-85.5761250003456,40.0954030002083],[-85.5761250003456,40.09541599972369],[-85.5761250003456,40.09542999978048],[-85.5761250003456,40.095444999690905],[-85.5761250003456,40.095461000141455],[-85.5761250003456,40.09547799975702],[-85.5761250003456,40.09549699976701],[-85.57611699994968,40.095856999785845],[-85.57612299979746,40.0967249997951],[-85.57611799977458,40.09751500028278],[-85.57611799977458,40.09753299989826],[-85.57611799977458,40.097551000196106],[-85.57611799977458,40.09756799997675],[-85.57611799977458,40.097583000103086],[-85.57611799977458,40.09759599988921],[-85.57611799977458,40.09760700002344],[-85.57611699994968,40.09790999983593],[-85.57611699994968,40.09806000019634],[-85.57611699994968,40.098155000024484],[-85.57611699994968,40.098218000126735],[-85.57611699994968,40.098262000250806],[-85.57611699994968,40.09829300000882],[-85.57611699994968,40.09831599986445],[-85.57611699994968,40.098333000141146],[-85.57611699994968,40.09834599978398],[-85.57612000032272,40.09927599966211],[-85.5761189995995,40.09937000005519],[-85.57611299975171,40.100079999867674],[-85.5761119999268,40.10011899984887],[-85.5761119999268,40.10014499982389],[-85.57610799972885,40.10064099977075],[-85.57610500025412,40.1016209998749],[-85.57610500025412,40.10165599991204],[-85.57610500025412,40.101670000059286],[-85.57610400042921,40.10202500022883],[-85.57611399957662,40.102962000265016],[-85.57610199988106,40.1038150002155],[-85.57609400038345,40.10517700013013],[-85.57609299966023,40.10522200027642],[-85.57609299966023,40.10523299986488],[-85.57609299966023,40.105246000250666],[-85.57609299966023,40.1052619997707],[-85.5760829996145,40.10556900005344],[-85.57608599998754,40.106377000256586],[-85.57608599998754,40.10640200020589],[-85.57608599998754,40.10667399996754],[-85.57608699981245,40.10673600004896],[-85.57608099996466,40.10710399992322],[-85.57608000013977,40.10714099994421],[-85.5760779995916,40.107260999780884],[-85.57606500007115,40.107316000179196],[-85.57607099991893,40.107869000051416],[-85.576070000094,40.10806899981138],[-85.576070000094,40.10809399982592],[-85.576070000094,40.10810500032407],[-85.57606599989604,40.109228999876876],[-85.57606500007115,40.109292999683674],[-85.57606400024623,40.10933100022756],[-85.57606099987319,40.10948799975449],[-85.57605199965235,40.109942000163265],[-85.57605099982744,40.11003200030506],[-85.57605000000252,40.11040600009203],[-85.57604800035271,40.11127700023971],[-85.57605400020049,40.11159300017827],[-85.57604699962948,40.11193200008443],[-85.57604599980456,40.111985000227115],[-85.57604400015475,40.11205400031211],[-85.57604300032983,40.11211199979169],[-85.57604300032983,40.112213000331],[-85.5760409997817,40.112324999848944],[-85.57603800030697,40.112440000063735],[-85.5760419996066,40.11268599974499],[-85.57604400015475,40.11290499972628],[-85.57603900013187,40.11302900015276],[-85.5760270004363,40.113345999788606],[-85.57600399997177,40.11392900001834],[-85.57600300014686,40.11396899988857],[-85.57600300014686,40.11401199986029],[-85.57600300014686,40.11404699970533],[-85.57600300014686,40.11407200027062],[-85.57600300014686,40.11430099982728],[-85.57600300014686,40.11463399978069],[-85.57600300014686,40.1148490000128],[-85.57600300014686,40.1148589998473],[-85.57600899999463,40.115029000243595],[-85.5760120003677,40.1151219999128],[-85.57601300019259,40.11513999967896],[-85.57601099964447,40.11528399969773],[-85.57601099964447,40.11530500017592],[-85.57601099964447,40.11531900026206],[-85.57601099964447,40.11533500016078],[-85.57600800016974,40.115486999697616],[-85.57600800016974,40.11549700012524],[-85.57600300014686,40.11573499983959],[-85.57600200032196,40.11604500029085],[-85.57599700029908,40.117098999910475],[-85.57598700025333,40.11743300012236],[-85.57599399992603,40.11790200015995],[-85.57599399992603,40.11793800027672],[-85.57599399992603,40.11796000014787],[-85.57599300010112,40.11799000033538],[-85.57599300010112,40.11800200013189],[-85.57597999968233,40.11867600018712],[-85.57598200023045,40.119263000148194],[-85.57598200023045,40.11932599993766],[-85.57598200023045,40.11934699985454],[-85.57598200023045,40.1193569997145],[-85.57598300005537,40.119400999905366],[-85.57598200023045,40.11949399977787],[-85.57598100040556,40.119682999703016],[-85.57597899985741,40.11993400020534],[-85.57597200018472,40.12077500028001],[-85.57597200018472,40.120787999756025],[-85.57597200018472,40.120798000091],[-85.57597200018472,40.1208159997286],[-85.57597200018472,40.12084799968313],[-85.57597100035981,40.12091699970562],[-85.57597100035981,40.12093200017906],[-85.57597100035981,40.12095600010543],[-85.57597100035981,40.12098599965803],[-85.57596299996389,40.12191900029329],[-85.5759639997888,40.1224330000497],[-85.5759639997888,40.12245499984028],[-85.5759639997888,40.122590000241594],[-85.57596200013899,40.1227230000899],[-85.57596200013899,40.12273900030719],[-85.57596100031407,40.122768000305044],[-85.57595399974306,40.12327900010898],[-85.57594500042055,40.12465700018929],[-85.5759360001997,40.12506299994326],[-85.57593000035193,40.12533700015286],[-85.57592600015397,40.12603100012456],[-85.57593299982666,40.12649400009083],[-85.5759360001997,40.12669999984548],[-85.57592500032905,40.12753400020776],[-85.57592699997888,40.128142999942966],[-85.57591699993314,40.12850399965986],[-85.57591299973518,40.12865199975835],[-85.57591000026045,40.12875099966289],[-85.5759150002833,40.12964099982982],[-85.5759150002833,40.129651000236244],[-85.5759150002833,40.129670999670985],[-85.5759150002833,40.12971099989656],[-85.57591799975805,40.130428999872684],[-85.57590600006247,40.13155399997218],[-85.57590500023757,40.1323849998426],[-85.57590000021469,40.13297500023088],[-85.57589699984165,40.13334600024538],[-85.57589400036692,40.13361800006887],[-85.57589400036692,40.13365100016025],[-85.5758929996437,40.13367599969851],[-85.5758929996437,40.13369600000931],[-85.5758929996437,40.133732999984964],[-85.5758929996437,40.133748999671205],[-85.57588299959794,40.13486999990361],[-85.57588299959794,40.13489099982649],[-85.57588299959794,40.134964999830025],[-85.57588099994813,40.13553999980315],[-85.5758869997959,40.13568900032826],[-85.57590100003961,40.13603799975394],[-85.57589199981878,40.139157999799096],[-85.57589199981878,40.139182000158115],[-85.57589199981878,40.13920499992189],[-85.57589099999387,40.139608000312734],[-85.57589600001674,40.14064499996769],[-85.57590199986451,40.14200000008633],[-85.57590199986451,40.142026999703596],[-85.57590199986451,40.14203699966089],[-85.57590299968943,40.14224299968909],[-85.57590299968943,40.14227800010855],[-85.57590299968943,40.14266700018152],[-85.57590299968943,40.142698000301564],[-85.57587599992526,40.14304399990637],[-85.57591100008536,40.143628000072844],[-85.57592199995601,40.14382699988699],[-85.57595499956797,40.14573899985468],[-85.57596100031407,40.147532000063876],[-85.57598200023045,40.149600999716114],[-85.5759770002076,40.14978600003408],[-85.5759770002076,40.14979699996658],[-85.5759770002076,40.14989300005107],[-85.57596299996389,40.15025700016869],[-85.5759639997888,40.1509010002988],[-85.5759489997202,40.15259700025017],[-85.5759489997202,40.15263000004978],[-85.5759489997202,40.15264499970375],[-85.57594799989528,40.152738999794195],[-85.57594700007036,40.15281300027058],[-85.57593899967445,40.15367100016637],[-85.57593000035193,40.1541780002839],[-85.57593000035193,40.154191000237134],[-85.57592899962869,40.154225000314334],[-85.57592899962869,40.15424999983518],[-85.57592899962869,40.15427200031224],[-85.57592399960583,40.155067000067014],[-85.57588799962082,40.157762999786826],[-85.57588799962082,40.15777399980047],[-85.57588799962082,40.15779199994375],[-85.57588599997099,40.15797300005141],[-85.57587699975016,40.159336999724275],[-85.57587699975016,40.15934899977296],[-85.57586800042766,40.16071600007485],[-85.57586300040478,40.16092199975044],[-85.57586199968154,40.16094999966478],[-85.57586199968154,40.16097000018495],[-85.57586199968154,40.160991000278564],[-85.57586000003172,40.16108900017185],[-85.5758580003819,40.16144300016313],[-85.5758580003819,40.16145400026708],[-85.5758519996358,40.16252300030854],[-85.57584699961295,40.16268599994755],[-85.57584699961295,40.162696999850105],[-85.57584599978803,40.16273000023367],[-85.57583099971941,40.163173999715305],[-85.57582900006959,40.16407899989362],[-85.57582900006959,40.16410999985214],[-85.57582800024468,40.16431699974383],[-85.57581900002384,40.164485000266374],[-85.57581300017607,40.16455699987276],[-85.5758020003054,40.16525999995854],[-85.57580099958217,40.16628099971511],[-85.57580099958217,40.16629999985009],[-85.57580099958217,40.166602000234064],[-85.57579300008457,40.16695500013226],[-85.57578499968865,40.16728700005511],[-85.57576600032039,40.168660000011336],[-85.57576899979514,40.168833000147515],[-85.57577100034327,40.168924000034195],[-85.57577100034327,40.16893400015013],[-85.5757670001453,40.16901599994652],[-85.57575000042688,40.16936300016496],[-85.57574799987874,40.170024999963694],[-85.57572699996234,40.17169999980282],[-85.57572699996234,40.17173199982064],[-85.57568099993159,40.17790700012511],[-85.57568099993159,40.17850999988963],[-85.57568099993159,40.178860000304425],[-85.57567900028177,40.17893299976336],[-85.57567900028177,40.178944999779745],[-85.5756750000838,40.17904099983426],[-85.57566500003806,40.18262799991424],[-85.57566500003806,40.18267600009808],[-85.57566500003806,40.18279199994474],[-85.57566400021315,40.182958000149334],[-85.57566400021315,40.18299999976464],[-85.57566400021315,40.183022999788065],[-85.5756609998401,40.18415000030533],[-85.57566400021315,40.18541699995066],[-85.57566400021315,40.18544099974641],[-85.57566400021315,40.18545499979498],[-85.57566500003806,40.185776000212904],[-85.57566300038823,40.18608199998607],[-85.57566300038823,40.18611900024857],[-85.57566300038823,40.18616700002119],[-85.57566300038823,40.1862290003349],[-85.57566199966502,40.18625299984342],[-85.57566199966502,40.18627399966371],[-85.57566199966502,40.18630700025059],[-85.57565300034248,40.187447000185955],[-85.57565300034248,40.18750300007917],[-85.57565800036537,40.18800800033658],[-85.57564900014454,40.18855099974786],[-85.5756469995964,40.18909100006076],[-85.57565599981724,40.189262999730374],[-85.57566599986298,40.189441000102235],[-85.5756600000152,40.19138499992948],[-85.57565199961927,40.19150499993127],[-85.57563700044898,40.19171699973574],[-85.57564599977147,40.19376900015569],[-85.5756469995964,40.19386199978847],[-85.57564800031962,40.19387900018713],[-85.57564800031962,40.1938920000855],[-85.57564800031962,40.19391700009414],[-85.57564800031962,40.19393399979287],[-85.57564800031962,40.19394400034016],[-85.57565300034248,40.19441899993683],[-85.57562900005304,40.197412999939175],[-85.57562599968,40.197453999795826],[-85.57561200033462,40.19772600017519],[-85.57561300015952,40.198528000163925],[-85.57561300015952,40.198564000100106],[-85.57561300015952,40.19919399966265],[-85.57561200033462,40.19946199975586],[-85.57560800013664,40.20053500019654],[-85.57561099961138,40.200951999835986],[-85.57560700031173,40.20112799968246],[-85.57560700031173,40.20114199992352],[-85.5756049997636,40.201503999663935],[-85.5756049997636,40.20153400001059],[-85.57559499971786,40.20312899966771],[-85.57559499971786,40.20315899998135],[-85.57559499971786,40.2031990001502],[-85.57559499971786,40.20324999979956],[-85.57559499971786,40.20331299991877],[-85.57559499971786,40.20332299976898],[-85.57559399989294,40.20335199966924],[-85.57559399989294,40.2033859998204],[-85.57558999969498,40.2039260000156],[-85.57555799990793,40.20721099988785],[-85.57555799990793,40.20723899991279],[-85.5755550004332,40.20756800019722],[-85.57555399970997,40.207675999954986],[-85.57555299988508,40.20781399985241],[-85.57555200006016,40.20792000006996],[-85.57555200006016,40.207931000186605],[-85.57555100023524,40.20796099974723],[-85.5755479998622,40.20826999966292],[-85.57554899968711,40.20853299966928],[-85.57554899968711,40.208555999952544],[-85.57554899968711,40.20859200005223],[-85.57554899968711,40.20872599983594],[-85.57554600021237,40.20944599982061],[-85.57554600021237,40.20946299974212],[-85.57554600021237,40.209500999833715],[-85.57554100018949,40.21118400019752],[-85.5755760003496,40.213323000043225],[-85.5755760003496,40.21334200003856],[-85.5755770001745,40.21337099976843],[-85.57558499967212,40.21388199980933],[-85.57558600039533,40.214344999739545],[-85.57558600039533,40.214361999804225],[-85.57558800004517,40.21515899978347],[-85.57562300020525,40.21756500012382],[-85.57562300020525,40.21892000010077],[-85.57562400003019,40.21914100009236],[-85.57564800031962,40.21994999972879],[-85.57569299962715,40.224092999909104],[-85.57569799965003,40.22488899996086],[-85.57571400044186,40.22569000025088],[-85.57572699996234,40.22748400011616],[-85.57574299985586,40.22821300002732],[-85.57574299985586,40.2282270001605],[-85.57574399968078,40.22826200013792],[-85.57575399972652,40.23096100000213],[-85.57577100034327,40.23144300021762],[-85.57576799997022,40.23162800031845],[-85.5757670001453,40.23168900030025],[-85.5757599995743,40.23209699978869],[-85.5757860004119,40.233310999740766],[-85.5757860004119,40.2333339998433],[-85.5757880000617,40.23341500008265],[-85.57579100043475,40.233555000132405],[-85.57579200025967,40.23358800033716],[-85.57579200025967,40.233797999766765],[-85.57579200025967,40.23386499980045],[-85.57579300008457,40.23444099998609],[-85.57579300008457,40.234465000258936],[-85.57579200025967,40.235713999833834],[-85.5758149998259,40.237888999789924],[-85.57582400004672,40.240273999743486],[-85.57583499991738,40.24100200003847],[-85.57583499991738,40.24102300004291],[-85.5758359997423,40.24104700004],[-85.5758359997423,40.241070000257785],[-85.5758359997423,40.24108099979271],[-85.57583499991738,40.242859999680064],[-85.57584499996312,40.244525999666045],[-85.5758430003133,40.24492800032155],[-85.57585400018394,40.2467870002325],[-85.5758509998109,40.24735000026868],[-85.57586900025255,40.24817600012669],[-85.57594299987241,40.24918099966236],[-85.57597999968233,40.24978700006019],[-85.5759989999489,40.250044999777494],[-85.57612799982034,40.25186099997049],[-85.5763079997454,40.25438999977298],[-85.57636399982188,40.25517700003192],[-85.57638800011134,40.25581599986833],[-85.57639099958605,40.25655000028783],[-85.57638999976116,40.257249999759914],[-85.57638999976116,40.25726599980812],[-85.57638999976116,40.257291999964096],[-85.57638999976116,40.25736499997952],[-85.57638899993624,40.258694000014415],[-85.57638700028642,40.261624000186146],[-85.57638700028642,40.26166800003584],[-85.57638700028642,40.262009000299955],[-85.57638499973828,40.262106000095216],[-85.57638499973828,40.262121999680595],[-85.57638499973828,40.26214199984255],[-85.57638399991338,40.26216599989191],[-85.57636800001984,40.2628119997933],[-85.5763710003929,40.26289899984139],[-85.5763720002178,40.26292499988917],[-85.5763799997154,40.26315799973974],[-85.57638399991338,40.26377300013621],[-85.57638399991338,40.26382699979031],[-85.57638399991338,40.263853000166925],[-85.57638499973828,40.26386799990513],[-85.57638499973828,40.26388200020611],[-85.57638499973828,40.26392200016884],[-85.57638899993624,40.2644809997952],[-85.57638700028642,40.264549999842046],[-85.5763710003929,40.265572999879076],[-85.5763720002178,40.266186000084154],[-85.57638100043863,40.26674400011721],[-85.57640099963179,40.26730399979721],[-85.57640599965467,40.267682000044736],[-85.57640700037791,40.267779999992534],[-85.5764080002028,40.267873000182426],[-85.57640900002772,40.26795200010326],[-85.57640900002772,40.26796400012652],[-85.57640900002772,40.26797500008888],[-85.57640999985263,40.267990000283916],[-85.57643199959395,40.26946199990557],[-85.57643599979191,40.26999799969734],[-85.57645800043151,40.271487000287586],[-85.57647900034792,40.27254499997614],[-85.57648199982266,40.27338699969178],[-85.57648199982266,40.27340400001435],[-85.5764840003708,40.274058999916285],[-85.57650299973906,40.275479999661094],[-85.57650399956395,40.275508000250774],[-85.57650399956395,40.27552500004012],[-85.57650399956395,40.27554299977213],[-85.57651399960972,40.27629999988892],[-85.57651399960972,40.27641300006848],[-85.57651399960972,40.276713000174844],[-85.57651399960972,40.276746999828795],[-85.57651399960972,40.27690799987289],[-85.57651399960972,40.276922000216146],[-85.5765129997848,40.27724000008585],[-85.57650699993702,40.277435000320125],[-85.57650699993702,40.27745599998493],[-85.57650699993702,40.277478000246894],[-85.57649900043941,40.27783999985316],[-85.57650699993702,40.27868700030284],[-85.57652500037867,40.279218000161116],[-85.57652500037867,40.279238999957485],[-85.57652600020359,40.27925500028746],[-85.57653799989916,40.279590000287946],[-85.57655100031795,40.28170200014511],[-85.57655100031795,40.28174099999318],[-85.57655100031795,40.281783000068025],[-85.57655399979268,40.28227199985084],[-85.57657399988418,40.284486999699624],[-85.57659899999852,40.28557799971873],[-85.5766960000829,40.291736999974745],[-85.57672100019727,40.293152999736705],[-85.57683599982498,40.298616000207666],[-85.57688500022878,40.30060700028284],[-85.57688699987861,40.30068899973403],[-85.57688799970352,40.30071899999297],[-85.57689000025165,40.30079400023948],[-85.57689000025165,40.30081500018397],[-85.57689000025165,40.30083300003332],[-85.5768929997264,40.300935000230886],[-85.57689799974928,40.30112199996476],[-85.57690399959705,40.30134099966545],[-85.57690899961992,40.30151900015677],[-85.57691100016805,40.30159799981657],[-85.57693799993226,40.30249699972319],[-85.57694600032816,40.30289700005311],[-85.5769990000316,40.30545400004167],[-85.57700200040465,40.305579999824964],[-85.57700700042753,40.3058100001173],[-85.57700999990226,40.30594999973311],[-85.57700999990226,40.305964999723656],[-85.57701800029818,40.306381000144135],[-85.57702199959782,40.30785499996896],[-85.57702199959782,40.307924999748955],[-85.57702199959782,40.3080389999595],[-85.57702300032105,40.308077000215285],[-85.57702300032105,40.30809000011758],[-85.57702300032105,40.30813399987381],[-85.57702300032105,40.30819100016928],[-85.57703800038966,40.313649000194744],[-85.57703800038966,40.31366299977746],[-85.5770409998644,40.31372900011978],[-85.57709500029108,40.31493200009902],[-85.57715399984231,40.316150999694614],[-85.57715700021535,40.31620299992177],[-85.5771599996901,40.31627099989498],[-85.57723300038334,40.31777799986636],[-85.57734800001106,40.32016699966883],[-85.57734999966088,40.3202260000232],[-85.5773780001483,40.32115100018475],[-85.57740900011044,40.32213799988369],[-85.57740900011044,40.322148999934335],[-85.57740999993536,40.322173999855956],[-85.57741099976025,40.32219899976837],[-85.57743000002682,40.32282200018401],[-85.57747900043063,40.32464599997619],[-85.57751500041564,40.326011000009515],[-85.57751700006547,40.32610699986399],[-85.57751700006547,40.32611799995275],[-85.57752999958593,40.326762999781],[-85.57755399987539,40.32747199980073],[-85.57755499970028,40.32749699980554],[-85.57755499970028,40.3275069998049],[-85.57755700024845,40.32755800032633],[-85.57755899989827,40.32762499995908],[-85.57758099963957,40.32830099995386],[-85.57760699957883,40.33041400020736],[-85.57760699957883,40.330433000205424],[-85.57760699957883,40.33045699997911],[-85.57760699957883,40.330480999744225],[-85.57764400028707,40.33245999980134],[-85.57764400028707,40.33248299974978],[-85.57764400028707,40.33251600031712],[-85.57776899996054,40.339198000242725],[-85.57776999978546,40.339354000267825],[-85.57785299962612,40.341035000200364],[-85.5782869999944,40.35022899985516],[-85.57829299984219,40.350377000086816],[-85.5784419998051,40.353380999882404],[-85.57859300031616,40.35755300013173],[-85.5787799999139,40.3648710002903],[-85.57880500002827,40.36586700027943],[-85.57880500002827,40.36588099998193],[-85.57880599985316,40.36591399995374],[-85.57882099992179,40.36650400022799],[-85.57883099996752,40.367182000031],[-85.57883099996752,40.367197000104],[-85.57883199979244,40.36726000023718],[-85.57884000018836,40.367756000260904],[-85.57887799982319,40.36929899981388],[-85.57888399967098,40.370093000201905],[-85.57889700008977,40.37071499993457],[-85.57890700013552,40.3709940000821],[-85.57891700018125,40.37127700003775],[-85.57891899983107,40.37190499981321],[-85.57891499963311,40.37215499972773],[-85.57891499963311,40.37217000006266],[-85.57891499963311,40.372183999824735],[-85.57891499963311,40.37219699969897],[-85.57891499963311,40.372208999686],[-85.57891499963311,40.37221999978625],[-85.57891499963311,40.37223000000027],[-85.57890799996042,40.372547000266835],[-85.57884199983818,40.374172000159014],[-85.5788019996552,40.37503299970564],[-85.57868500037766,40.37754299994263],[-85.57862699975303,40.37904799990044],[-85.57862599992811,40.379079999800965],[-85.57862500010322,40.37911499971757],[-85.57861800043051,40.37929599975858],[-85.57861599988237,40.37931200033615],[-85.5785890001182,40.3795239997609],[-85.5803159995738,40.37957199995118],[-85.58041100000835,40.379574999961946],[-85.5828139996816,40.379641999939295],[-85.58532299966004,40.379705000071695],[-85.58785900030095,40.37975699990848],[-85.58837700033482,40.37976099968371],[-85.58894899989704,40.37977599969409],[-85.5915440000892,40.37978099992492],[-85.59170499974769,40.379781999697315],[-85.59586900011004,40.379790999701136],[-85.59697399977473,40.379796999703025],[-85.59807199976673,40.3797980001595],[-85.59808600001043,40.3797980001595],[-85.59941800035415,40.37979899993164],[-85.60225000037276,40.37979599993085],[-85.60353699961234,40.3797980001595],[-85.60615000024616,40.379793999702144],[-85.60765199957089,40.37979899993164],[-85.60872100014889,40.379789000156606],[-85.61141900027322,40.379789000156606],[-85.61665099959201,40.37977400014911],[-85.61731500011406,40.37975699990848],[-85.62389600039333,40.37972500032952],[-85.62495500002727,40.37971799986359],[-85.62660500038832,40.379704000298155],[-85.6321720003412,40.379672000009705],[-85.63736100000227,40.37962099988205],[-85.63863300007155,40.37961300031474],[-85.64146300044035,40.37958399999343],[-85.64247500021864,40.37956899994028],[-85.64539599992571,40.37954300029649],[-85.64549899985788,40.37954199983628],[-85.64614300028845,40.37953599981169],[-85.65014500026908,40.3795070001415],[-85.6508159995655,40.379498999876326],[-85.65138999967586,40.37949700032313],[-85.65231399959056,40.37948500026539],[-85.65268299966152,40.379482000250626],[-85.65271799982162,40.379482000250626],[-85.65499499999648,40.37946299969783],[-85.65585199996403,40.37944999985673],[-85.65766100033373,40.37942899973964],[-85.65769099957265,40.37942799996201],[-85.65935199980434,40.37940999985617],[-85.66420400007986,40.37937999966913],[-85.6687609999043,40.3793650002549],[-85.67003999964626,40.37935699997286],[-85.67164399997654,40.379356000194164],[-85.67164399997654,40.37951499972141],[-85.67177299984799,40.37951199970797],[-85.67271000018148,40.37946499993636],[-85.67401099966476,40.379375999871286],[-85.6764560000691,40.379179000124125],[-85.67776400012336,40.379094999962966],[-85.6790260001469,40.3789960002007],[-85.68062799992904,40.378886999699716],[-85.68070999994482,40.378882999872594],[-85.68268199962282,40.378789000103254],[-85.68376700009435,40.37874700013484],[-85.69015099983181,40.37847899968696],[-85.69024399971823,40.378480000163],[-85.6903960000542,40.37847700010349],[-85.6915369997039,40.378490000132324],[-85.69982100004769,40.378624000125484],[-85.70103799986535,40.378620000282744],[-85.70335100002521,40.37860100017113],[-85.7045539995992,40.37859599985272],[-85.70895300013818,40.37855999987598],[-85.71166299995808,40.378553999763994],[-85.71522700027081,40.37855999987598],[-85.71790100010567,40.378556999820084],[-85.71808799970343,40.378556999820084],[-85.7187749997917,40.378556000029455],[-85.71998099973872,40.378560999666554],[-85.72351599973913,40.37864499980917],[-85.72797399982936,40.378783999798806],[-85.73012600033073,40.37878999989038],[-85.73475199975213,40.37879099967748],[-85.74051700007172,40.37880500011695],[-85.7421919996488,40.378804000330064],[-85.74291800009512,40.37880299985882],[-85.74644200022489,40.37881299978021],[-85.74696199990856,40.37881899986919],[-85.74703999972637,40.378820000340184],[-85.74999399994373,40.37885199966472],[-85.7534779998905,40.37888999974098],[-85.75465500042354,40.37890799998575],[-85.75931600000506,40.37895800018422],[-85.76290799990687,40.37900999991325],[-85.76589999975906,40.37903299972798],[-85.7673469997305,40.379034000195794],[-85.7687820000064,40.37903499997927],[-85.76991400033359,40.37903100016095],[-85.77580199977851,40.37902599987446],[-85.77815500012133,40.37901399973283],[-85.77856400037525,40.37901399973283],[-85.77936100006836,40.37901399973283],[-85.78007800029386,40.37900600009343],[-85.78062700028984,40.37900000002111],[-85.78113199990491,40.37899699998474],[-85.78163900006811,40.37899300016416],[-85.78286599993154,40.37897799997944],[-85.78375200021144,40.37895599993064],[-85.7838550001436,40.37895299989231],[-85.7839670002966,40.37894999985386],[-85.78478300025628,40.37894999985386],[-85.78489899970891,40.37894999985386],[-85.78495999980828,40.37894800028436],[-85.7850660001135,40.37894699981526],[-85.78619099986967,40.378923000186056],[-85.78721600006673,40.378916000321105],[-85.78842500038682,40.3788959998231],[-85.79082100038735,40.378854999707535],[-85.793168999809,40.37882499995763],[-85.79553600039551,40.378786999844664],[-85.80521699958372,40.37864499980917],[-85.80723099999283,40.378633000284005],[-85.81197799978806,40.37859400027273],[-85.81316299981869,40.37859100021828],[-85.81665900035935,40.37855900008546],[-85.81688600014007,40.378558000294916],[-85.82167300011827,40.37853200026101],[-85.82418399974652,40.37851399991579],[-85.82948100026096,40.378537999690685],[-85.8308550004375,40.37854600006998],[-85.83196599994997,40.37854600006998],[-85.83325899993562,40.3785469998607],[-85.83557899976817,40.37853500031809],[-85.83674000040769,40.37852399988006],[-85.84031600041597,40.37850099989157],[-85.84314300041173,40.37846700013223],[-85.84618700014246,40.378451999830396],[-85.85466999977956,40.378434000148125],[-85.85468999987103,40.37842700023237],[-85.855539000341,40.37842899981738],[-85.85895999964028,40.378401000147925],[-85.86029600018196,40.378382999767695],[-85.86229600034737,40.378367000338116],[-85.86227500043098,40.376025999909714],[-85.86227299988285,40.37547099994342],[-85.86227100023302,40.374337000089675],[-85.8622429997456,40.37263300013598],[-85.86226600021014,40.370911999790614],[-85.86219900026299,40.36753699972212],[-85.86219400024014,40.36678499994321],[-85.86218900021726,40.36583500026396],[-85.86214099963837,40.36413300026469],[-85.86213800016363,40.36389000008233],[-85.86209899980557,40.36099100025786],[-85.86198300035294,40.35229099980878],[-85.86194700036792,40.34939200031033],[-85.86193399994914,40.3488160000298],[-85.86187200002485,40.34710600031947],[-85.86186500035215,40.34687699992564],[-85.86178599981113,40.34370800016222],[-85.86175599967389,40.342002000319994],[-85.86171100036637,40.3402879996592],[-85.86168999955166,40.33933000023479],[-85.86167500038135,40.33858900023397],[-85.86162500015264,40.33687100024313],[-85.8616229996045,40.336814999917756],[-85.86161599993181,40.33639999978744],[-85.86159500001541,40.335157999764526],[-85.86158800034272,40.334744000154785],[-85.86156900007614,40.33372600016063],[-85.86156499987818,40.33345400033637],[-85.8615449997867,40.331740000280234],[-85.86152600041844,40.330678000061845],[-85.86151499964946,40.33003699996845],[-85.86150499960372,40.32966200002486],[-85.86147399964159,40.32832999973936],[-85.86147700001463,40.327779000314315],[-85.86148700006038,40.326618999977875],[-85.86141900028832,40.322129999658934],[-85.8614109998924,40.32158300010712],[-85.86141300044054,40.32024800006093],[-85.86141400026544,40.31987899969473],[-85.86134599959507,40.31817600011001],[-85.861353999991,40.316458000324445],[-85.86130799996023,40.31473899992641],[-85.86128200002096,40.31297699968573],[-85.86127699999811,40.312829000293725],[-85.86125899955643,40.31195499980715],[-85.86124500021106,40.31158399981575],[-85.8612410000131,40.31152400003005],[-85.861241999838,40.311285999875416],[-85.8612200000967,40.310358999961075],[-85.86120300037825,40.309606000232996],[-85.86120400020316,40.30939599973686],[-85.86120800040112,40.307902000338125],[-85.86123900036327,40.306860999922336],[-85.86126000027967,40.306191000046],[-85.86126299975439,40.30569600025494],[-85.86024199975529,40.30569600025494],[-85.86026199984677,40.304510000201795],[-85.86026100002188,40.30429399974811],[-85.86026699986965,40.30276000027871],[-85.86030100020484,40.30009399995333],[-85.8603120000755,40.29939899997648],[-85.86031700009836,40.29869400023196],[-85.8603270001441,40.297695000200356],[-85.8603329999919,40.29724599975186],[-85.86035200025847,40.29599200025829],[-85.86034700023559,40.29429200025383],[-85.86037900002265,40.29290199986267],[-85.86038700041857,40.29258799981315],[-85.8603909997182,40.29145499967891],[-85.8603909997182,40.291351999846064],[-85.8603909997182,40.29104700033167],[-85.86039300026634,40.29094500028131],[-85.86039300026634,40.290880999727726],[-85.86044799961962,40.28917700030142],[-85.86048299977972,40.287471999942156],[-85.86058499988697,40.28350700020103],[-85.86058800026001,40.283349000288986],[-85.86060099978049,40.28287700006983],[-85.86060400015353,40.28271999989662],[-85.86060400015353,40.28270299986035],[-85.86060400015353,40.28265499993644],[-85.86060699962827,40.28264000025305],[-85.86060699962827,40.28259300012704],[-85.86061000000133,40.28245499977237],[-85.86061300037437,40.282409999893765],[-85.86061400019929,40.28236000006968],[-85.86061400019929,40.28228099984737],[-85.8606159998491,40.28189500013997],[-85.86061900022214,40.28176599979612],[-85.86063099991773,40.28065600032417],[-85.86066100005495,40.27977999980619],[-85.86066199987987,40.27971000033437],[-85.8606719999256,40.27927199982015],[-85.86067699994848,40.2791350001188],[-85.86068399962117,40.27890600006823],[-85.86068699999421,40.278726999734026],[-85.86069100019218,40.27859100020085],[-85.86069500039014,40.278432999764746],[-85.86069799986488,40.2783369999874],[-85.86069799986488,40.27832100012547],[-85.86070100023792,40.27817200028726],[-85.86070100023792,40.278108999884346],[-85.8607060002608,40.27790199990938],[-85.86072499962906,40.276946999745],[-85.86072499962906,40.276923000142666],[-85.86072600035227,40.27685199984141],[-85.86072700017719,40.27682900013327],[-85.86073800004786,40.276218000313655],[-85.86073800004786,40.2761850003311],[-85.86073899987275,40.276131000262694],[-85.86073899987275,40.27608700022581],[-85.86073999969767,40.27605500011868],[-85.86073999969767,40.27603899971676],[-85.86073999969767,40.275990999859054],[-85.8607420002458,40.27597600006784],[-85.86075099956831,40.275430000194795],[-85.86075099956831,40.27536300018029],[-85.86075300011645,40.275221000339336],[-85.86075499976627,40.27516500028152],[-85.86075599959119,40.27509899995793],[-85.86075999978915,40.274848000205544],[-85.86077300020794,40.27409700009257],[-85.86077900005573,40.273847000019835],[-85.86077999988065,40.27380099992224],[-85.86077900005573,40.27374400008566],[-85.86078400007861,40.273436000005276],[-85.8607849999035,40.27333400011003],[-85.8607849999035,40.273289000329086],[-85.86078800027656,40.27319100013898],[-85.86082500008648,40.27039200033921],[-85.86083199975917,40.27000799998556],[-85.86084299962982,40.269350999839745],[-85.86085600004861,40.26868699982847],[-85.86086899956909,40.267379000112214],[-85.86087500031519,40.26672299986767],[-85.86087500031519,40.2666359999394],[-85.86088000033806,40.26637700033355],[-85.86088000033806,40.26628999996027],[-85.86088799983567,40.26552099975258],[-85.86089100020872,40.265278000200155],[-85.86092100034594,40.26357300033098],[-85.86092200017086,40.26321400014324],[-85.86092499964558,40.26244499992697],[-85.8609310003917,40.261867999989065],[-85.86094599956199,40.26099600008495],[-85.86096099963059,40.26016400003794],[-85.86095599960774,40.25845900015789],[-85.86099599979072,40.25675399981615],[-85.86099599979072,40.2566499996764],[-85.86100400018663,40.255202000057416],[-85.86103099995081,40.254169000305296],[-85.8610519998672,40.253348000233544],[-85.86108100017951,40.25164300000056],[-85.8610879998522,40.25106999967791],[-85.86110000044609,40.2500369999286],[-85.86110200009591,40.249938000006146],[-85.86110499957066,40.2496290002101],[-85.86112800003518,40.248409999693536],[-85.86113200023314,40.248252999721856],[-85.86113100040822,40.24800399978861],[-85.86112600038537,40.246548000033705],[-85.86119300033252,40.2431300000589],[-85.86119199960929,40.241432999738706],[-85.86120400020316,40.24066299975126],[-85.86121199970077,40.24003400007812],[-85.86121800044688,40.23972699990888],[-85.8612219997465,40.238148999911495],[-85.86122299957141,40.23802200010875],[-85.86123299961717,40.23752100002127],[-85.86124400038612,40.236936999950174],[-85.8612569999066,40.23631699989082],[-85.86124400038612,40.23518600023292],[-85.86123799964004,40.23460400032905],[-85.86128299984588,40.23364499971768],[-85.8612900004169,40.23351500004975],[-85.86128399967079,40.233155000300044],[-85.86121400024892,40.22880700009771],[-85.86119400015741,40.22750900008215],[-85.86119599980724,40.22735800017456],[-85.86119099978437,40.227125999810426],[-85.86117700043899,40.22643000012318],[-85.86117300024102,40.22619900000027],[-85.86116999986798,40.2260200001175],[-85.86116200037037,40.225486999692265],[-85.86115999982223,40.22530999999259],[-85.86128299984588,40.225025999779405],[-85.86139800037192,40.22405299972517],[-85.86145799974805,40.22356400021415],[-85.8614529997252,40.22269500007932],[-85.86175800022203,40.22021299968024],[-85.86191300003274,40.21897800026145],[-85.86190299998698,40.218936000291954],[-85.8619039998119,40.21892200029634],[-85.86191100038292,40.218839999774026],[-85.86195499986552,40.21837199984559],[-85.8621220002701,40.217096000181485],[-85.8621509996841,40.21686900029704],[-85.86217400014864,40.21666899976568],[-85.86217499997356,40.21665899982651],[-85.86217599979845,40.216646000177725],[-85.86223400042311,40.21613699999228],[-85.86224799976848,40.215976000076985],[-85.862311000416,40.21525299972512],[-85.86232499976138,40.21509599969853],[-85.8623270003095,40.215072000108094],[-85.86233999983,40.21491800013291],[-85.86235599972352,40.214689000177444],[-85.86235900009656,40.21465199972561],[-85.8623609997464,40.21462500018034],[-85.86236199957129,40.21460199989866],[-85.86236300029452,40.214583000256596],[-85.86245700000585,40.21282199972411],[-85.86247600027242,40.212377999944145],[-85.86247700009734,40.21235199968764],[-85.86247799992226,40.21233499980475],[-85.86248399977003,40.21218099978375],[-85.86249399981578,40.211223999747006],[-85.86249399981578,40.211213000164804],[-85.86249399981578,40.2111789998234],[-85.862523999953,40.20829799993646],[-85.86253900002161,40.206856000308086],[-85.86253900002161,40.20684500001699],[-85.86259000007526,40.20338399985232],[-85.86259000007526,40.2033729996839],[-85.86259099990015,40.203349999700166],[-85.86259099990015,40.20332800003656],[-85.8625930004483,40.2031930002293],[-85.8625930004483,40.20315300005691],[-85.86259500009811,40.2019600000696],[-85.86261900038757,40.20111000005443],[-85.86261900038757,40.20109199973543],[-85.86262600006027,40.20082599995372],[-85.86262799971009,40.20034499978016],[-85.86263100008313,40.199602999684274],[-85.86263199990805,40.199545000094744],[-85.86264699997666,40.198756000122934],[-85.86264799980157,40.198699000205096],[-85.86264799980157,40.1986800002218],[-85.86264899962649,40.19866400005118],[-85.86265500037257,40.19836500015662],[-85.86266200004529,40.19756600016493],[-85.86266299987018,40.19747199970834],[-85.86266299987018,40.19745099992434],[-85.86266299987018,40.19741200021013],[-85.86267200009102,40.196316999870355],[-85.86268700015962,40.195400000202895],[-85.86268899980946,40.19531099966105],[-85.86269300000741,40.19504100010119],[-85.86269499965724,40.1948079997923],[-85.86269499965724,40.194771000152514],[-85.86269499965724,40.19473600002964],[-85.86269800003028,40.19429499981552],[-85.86270399987808,40.19399999967254],[-85.86270399987808,40.19397799971977],[-85.86270499970297,40.19392099990255],[-85.86270499970297,40.19390599976208],[-85.86270600042621,40.193889999837374],[-85.86270600042621,40.19387600015744],[-85.86271899994667,40.193297000178816],[-85.86272999981733,40.19225400013037],[-85.86272999981733,40.19158299995578],[-85.86272999981733,40.19151999991654],[-85.86273099964225,40.190663999748736],[-85.86273999986307,40.19027800032981],[-85.86273999986307,40.19026200023535],[-85.86273999986307,40.190234000061025],[-85.86274300023612,40.19008899983095],[-85.86275900012964,40.18828699990595],[-85.86275699958152,40.18793100018696],[-85.86275400010678,40.18744499974773],[-85.86275499993168,40.18734399984496],[-85.86276199960439,40.18635699967426],[-85.86276199960439,40.18634600017478],[-85.86276199960439,40.186326000269275],[-85.86276199960439,40.18629099990566],[-85.86276199960439,40.18622599996681],[-85.86276199960439,40.18617300007618],[-85.86276199960439,40.18613099968023],[-85.86276199960439,40.18609799969401],[-85.86276199960439,40.186073000234444],[-85.86276199960439,40.18605400014495],[-85.86276199960439,40.18604000022001],[-85.86276199960439,40.18602100012127],[-85.86276199960439,40.18600000022261],[-85.86275900012964,40.18498400020347],[-85.86276400015252,40.18488499989526],[-85.86276400015252,40.18487500007097],[-85.86276400015252,40.18486400033122],[-85.86276400015252,40.18485299990339],[-85.86276400015252,40.184841000245655],[-85.86276400015252,40.18482899989956],[-85.86276400015252,40.18481600032289],[-85.86276400015252,40.184803000057435],[-85.86276400015252,40.184789999789494],[-85.86276400015252,40.18477600028998],[-85.86276400015252,40.18476200010132],[-85.86276400015252,40.18474799990979],[-85.86276400015252,40.1847350003176],[-85.86276400015252,40.18472200003658],[-85.86276400015252,40.18470899975311],[-85.86276400015252,40.18469700006996],[-85.86276400015252,40.18468499969838],[-85.86276400015252,40.184673999927774],[-85.86276400015252,40.18466300015544],[-85.86276400015252,40.18464399967095],[-85.86276400015252,40.184554000193444],[-85.86276400015252,40.18238200015457],[-85.86275900012964,40.18167699973548],[-85.86275900012964,40.18166200031865],[-85.86275499993168,40.18114199995552],[-85.86276699962725,40.18006600018498],[-85.86276699962725,40.17862800000764],[-85.8627559997566,40.17801599978503],[-85.86275800030474,40.17769999981048],[-85.86275800030474,40.1776850002008],[-85.86277400019827,40.176644999732424],[-85.86277500002319,40.176636000101645],[-85.86277500002319,40.17662000022123],[-85.86277500002319,40.17658899979877],[-85.86277500002319,40.17656100015782],[-85.86277500002319,40.1765349998925],[-85.86277500002319,40.17651099969161],[-85.86277500002319,40.17648900024353],[-85.86277500002319,40.1764690001775],[-85.86277500002319,40.176451000181714],[-85.86277500002319,40.17643400021941],[-85.86277500002319,40.17641900032988],[-85.86277500002319,40.176404999789376],[-85.86277500002319,40.176393000010215],[-85.86277500002319,40.17638200026793],[-85.86277500002319,40.176295000246775],[-85.86276499997743,40.17369099969773],[-85.86277000000031,40.17307900025009],[-85.86277900022114,40.17272700003273],[-85.86278900026687,40.17231900002354],[-85.86278500006893,40.17094399971179],[-85.86278099987096,40.170659000153016],[-85.86276599980235,40.16991199997292],[-85.86277099982523,40.16866399993613],[-85.86278000004604,40.16826500026978],[-85.862776999673,40.16706700006443],[-85.8627990003126,40.16617599981251],[-85.86282500025189,40.16586799980202],[-85.86282899955154,40.165820000084615],[-85.86283100009967,40.16579300031447],[-85.86283600012254,40.16573699966374],[-85.8628469999932,40.16561100026163],[-85.86285500038913,40.16552800027165],[-85.86282899955154,40.16307900010444],[-85.86282400042697,40.16254699996407],[-85.8627830004191,40.16238899984469],[-85.86277300037335,40.162232000291674],[-85.86276699962725,40.162132000177216],[-85.8627990003126,40.161097000226924],[-85.86279400028975,40.15919599985166],[-85.86281600003106,40.15790300026424],[-85.86282299970375,40.15676700027963],[-85.86281900040412,40.15602000033073],[-85.86281900040412,40.155969000183404],[-85.86282199987883,40.15554700033552],[-85.86282299970375,40.155479000114724],[-85.86282299970375,40.15544800033473],[-85.86282400042697,40.15531499998857],[-85.86282799972662,40.154918999826236],[-85.86282000022902,40.15302599982777],[-85.86282699990171,40.15250999995252],[-85.86282100005393,40.15155499974495],[-85.8628260000768,40.15054399970473],[-85.86281000018327,40.14923599976373],[-85.86282000022902,40.14861500033757],[-85.86282500025189,40.14727099997224],[-85.8628329997495,40.14534300016421],[-85.8628329997495,40.14529099974205],[-85.86281600003106,40.14483999997054],[-85.86283399957442,40.14433700017256],[-85.86283600012254,40.144211000199626],[-85.86283600012254,40.14419399971669],[-85.8628329997495,40.143991000286064],[-85.86282699990171,40.14358699996278],[-85.86282799972662,40.14338000005099],[-85.86282899955154,40.1433070001241],[-85.86283500029762,40.14284700023824],[-85.86283600012254,40.14276600027173],[-85.86283600012254,40.14272600017638],[-85.86283699994746,40.142705999776496],[-85.86283899959727,40.14256100030648],[-85.86284100014542,40.142397999741895],[-85.86283600012254,40.14212299978197],[-85.86283399957442,40.142026999703596],[-85.8628260000768,40.14169999987807],[-85.86283199992458,40.14106900013203],[-85.86282799972662,40.13948699997614],[-85.86282699990171,40.1389749998732],[-85.86283100009967,40.13881699984844],[-85.86283199992458,40.13879200014115],[-85.86284199997034,40.138437000283844],[-85.86284299979523,40.138185000195854],[-85.86284299979523,40.138107999829934],[-85.86284399962015,40.13808399977832],[-85.86284399962015,40.138063000155405],[-85.86284399962015,40.13802900022894],[-85.86284500034337,40.137854999975445],[-85.86285100019116,40.13670799981281],[-85.86285200001608,40.13653199973186],[-85.8628610002369,40.13611199988198],[-85.8629170003134,40.13567500031586],[-85.86295800032127,40.135497999665226],[-85.86313200039855,40.1348339998245],[-85.86323000030785,40.13449999993653],[-85.86323299978258,40.1344890002742],[-85.86324200000341,40.13445499993307],[-85.86336000000419,40.13404799998285],[-85.86339099996633,40.13393399989058],[-85.86339599998921,40.133914000336624],[-85.86349999974627,40.13353100018817],[-85.86350499976915,40.13350399994205],[-85.86354599977702,40.133286999660186],[-85.86357500008934,40.133006999956486],[-85.86357799956407,40.132998000035165],[-85.86357599991426,40.13286699967203],[-85.86357599991426,40.13281999997304],[-85.86357099989138,40.1325830003088],[-85.86356000002073,40.13186399972769],[-85.86356199967057,40.13121999976103],[-85.86356199967057,40.13118099975479],[-85.86356300039377,40.13106500030839],[-85.86355499999785,40.13051100015075],[-85.86355499999785,40.13049200030453],[-85.86355400017294,40.13044999979421],[-85.86355400017294,40.13042699981442],[-85.86355400017294,40.13033299975647],[-85.86355400017294,40.13032100007586],[-85.8635519996248,40.12986599968961],[-85.86354499995211,40.12954600001643],[-85.86354400012719,40.12951400003493],[-85.86354400012719,40.129495999952894],[-85.8635430003023,40.129439000233894],[-85.86353999992924,40.12912300011755],[-85.86353900010434,40.129020999918545],[-85.86353900010434,40.128994999991455],[-85.8635309997084,40.12804800009645],[-85.86351700036302,40.12711599985409],[-85.86351700036302,40.12709899990197],[-85.86351700036302,40.12706700014221],[-85.86351700036302,40.12703699983858],[-85.86351700036302,40.12700899968063],[-85.86351700036302,40.12698399975062],[-85.86351300016506,40.12664999974897],[-85.86349800009646,40.12602600034212],[-85.86350099957119,40.125670999736975],[-85.86350300011932,40.12546500029845],[-85.86349899992136,40.125045000056296],[-85.86349600044662,40.12480599984604],[-85.86345700008856,40.122867999989545],[-85.86345700008856,40.12220099995122],[-85.86345600026364,40.12202299977712],[-85.86345200006569,40.12119399994709],[-85.8634300003244,40.119774999690925],[-85.86342299975338,40.118524999739286],[-85.86342299975338,40.11851100031314],[-85.86342199992846,40.11781800004243],[-85.86338699976837,40.11525900026499],[-85.86338699976837,40.114609000109006],[-85.86337199969974,40.11398800023094],[-85.86337199969974,40.11396700003305],[-85.86337199969974,40.11393799971636],[-85.86336099982908,40.112726999948855],[-85.86335699963114,40.11145599999819],[-85.86333599971474,40.10955500032623],[-85.86333700043797,40.108924999972],[-85.86332099964612,40.10827600009449],[-85.8633189999963,40.10753899967717],[-85.86331700034647,40.106996000173964],[-85.86330200027787,40.106352000298095],[-85.863297000255,40.105054999935],[-85.86327799998843,40.10386100030847],[-85.86327799998843,40.10384699992496],[-85.8632560002471,40.1031309997346],[-85.8632620000949,40.10248699968664],[-85.86325299987406,40.09991900007873],[-85.86323799980545,40.09927000017357],[-85.86323799980545,40.098640000082064],[-85.86323199995766,40.09800000009186],[-85.86321699988905,40.097360000266626],[-85.8632279997597,40.0967249997951],[-85.86322299973683,40.09608100027179],[-85.86322299973683,40.094797000272614],[-85.86321400041432,40.093932999925514],[-85.86321400041432,40.09391900024792],[-85.86320400036857,40.0928869998868],[-85.8631929995996,40.092264999714175],[-85.8631929995996,40.09164300004204],[-85.86317300040643,40.090989999861584],[-85.86318299955386,40.09036800022042],[-85.86316800038355,40.089724000330484],[-85.86316800038355,40.08921100004067],[-85.86315400013986,40.08780000027715],[-85.86315300031495,40.087164999948655],[-85.86313400004839,40.0858720001477],[-85.8631430002692,40.08533300025473],[-85.8631430002692,40.085318000177516],[-85.86314400009412,40.0852669998904],[-85.86314400009412,40.08523699970364],[-85.86313900007124,40.08397599982853],[-85.86313400004839,40.083629999932356],[-85.86313400004839,40.08361200007636],[-85.86313400004839,40.08359800033782],[-85.86313300022346,40.08358299987837],[-85.86310300008623,40.08143500030798],[-85.86310499973605,40.08092500030771],[-85.86310499973605,40.080903000143564],[-85.86310599956097,40.080805000075955],[-85.86310200026134,40.08059800007258],[-85.86310200026134,40.080582000252],[-85.8631010004364,40.08054600029821],[-85.86308299999475,40.07956100005917],[-85.86308999966745,40.07890800013813],[-85.86307799997188,40.078299000111244],[-85.86308800001761,40.07705800005627],[-85.86307200012409,40.076434000008476],[-85.86307600032205,40.0758239997069],[-85.86306700010124,40.07517099969318],[-85.86305200003261,40.07456499972948],[-85.86306100025344,40.07334399986786],[-85.86306799992613,40.072938000048374],[-85.86306899975105,40.07289999980253],[-85.8630710002992,40.072028999897235],[-85.86307200012409,40.07183600012251],[-85.86307399977392,40.0714899997165],[-85.86306999957596,40.07138100029141],[-85.8630589997053,40.07097599998491],[-85.8630589997053,40.07093699980283],[-85.86305700005548,40.070535999808094],[-85.86305399968245,40.070378000238385],[-85.86303899961382,40.06944300028639],[-85.86301799969743,40.06920800022487],[-85.86294400007756,40.06913499971598],[-85.86305600023057,40.06908300012509],[-85.86305600023057,40.06906699966128],[-85.86304700000973,40.06867300003009],[-85.86304600018484,40.06865700015739],[-85.86304399963669,40.06855999990371],[-85.8630029996288,40.06734799999315],[-85.8630090003749,40.06675800017962],[-85.86300799965169,40.06620700023111],[-85.86300799965169,40.066185999723174],[-85.86300799965169,40.065807000181465],[-85.86300199980388,40.0656940001132],[-85.86300500017694,40.06512899971031],[-85.86300500017694,40.06504499974797],[-85.86300699982677,40.064861000123265],[-85.86299599995611,40.06429500006029],[-85.86299599995611,40.064274000337974],[-85.86299599995611,40.064252999921656],[-85.8629950001312,40.064232000186394],[-85.86299000010833,40.064019000148484],[-85.86297599986463,40.05994599990153],[-85.86297800041277,40.05962300015809],[-85.86296499999398,40.05811299974103],[-85.86295400012332,40.0574999998204],[-85.86296300034415,40.05712100008879],[-85.86296300034415,40.05710099995008],[-85.86296300034415,40.057082000225385],[-85.86296599981888,40.05692099981256],[-85.86295900014619,40.05661799976779],[-85.86295900014619,40.05660699988606],[-85.86295800032127,40.05656900015591],[-85.86295800032127,40.05655600009863],[-85.86293900005471,40.0556619997295],[-85.86291499976527,40.05322899990424],[-85.86291300011544,40.052616000057675],[-85.86290200024477,40.052004000005425],[-85.86289100037412,40.049549000267724],[-85.86287299993248,40.04774499998336],[-85.86287299993248,40.04770600025581],[-85.86287700013042,40.04708900004584],[-85.86285600021402,40.04529100010825],[-85.86256999998375,40.04529700022746],[-85.8625669996107,40.045221999731076],[-85.86255999993801,40.044965999854405],[-85.8625440000445,40.044378000000904],[-85.86253599964857,40.043784000325765],[-85.86252099957997,40.043180000239765],[-85.86251999975505,40.04259899972597],[-85.86250800005948,40.041989999689285],[-85.86250800005948,40.041373000013216],[-85.86249399981578,40.04076899988783],[-85.86248200012021,40.03974699991695],[-85.86247999957207,40.039575999929895],[-85.86247000042465,40.03790000033152],[-85.86245600018096,40.037182999813055],[-85.86245399963282,40.03642099980736],[-85.86243400043963,40.035178000211936],[-85.86242199984575,40.03357499998406],[-85.86239599990648,40.03155600011562],[-85.86239500008158,40.031514999854735],[-85.86237400016519,40.03001100001117],[-85.86237199961705,40.028826000117995],[-85.86234300020305,40.02581200025027],[-85.86234400002795,40.025190999919374],[-85.86233800018017,40.02461799983046],[-85.86231600043885,40.02341100033993],[-85.86231399989072,40.02302600024285],[-85.86231399989072,40.02299399969744],[-85.86231200024089,40.0229190001231],[-85.86231200024089,40.02290299982715],[-85.86229899982212,40.02221699986241],[-85.86229499962414,40.021025000337865],[-85.86229499962414,40.02099300022979],[-85.86229399979925,40.02090100017955],[-85.86227999955554,40.02038800026445],[-85.86225399961627,40.01740600022889],[-85.86225699998933,40.01689399981475],[-85.86225100014153,40.01637799974622],[-85.86225199996645,40.0158200001931],[-85.86224399957052,40.01466200004779],[-85.86225199996645,40.01435200025023],[-85.86224899959339,40.01343000020514],[-85.86223299969987,40.01178799979787],[-85.86224000027089,40.011217999828595],[-85.86223900044597,40.01078700010507],[-85.86223799972275,40.01071900031995],[-85.86223799972275,40.01066299991991],[-85.86223699989783,40.0103179996733],[-85.8622269998521,40.009649000185036],[-85.86222600002718,40.00959499976447],[-85.86222000017939,40.00828800014083],[-85.86223000022514,40.007711000089536],[-85.86223000022514,40.00651700013255],[-85.86223799972275,40.00598199984781],[-85.86223699989783,40.004652999846954],[-85.86223699989783,40.00464300034018],[-85.86223199987495,40.00423399985284],[-85.86223799972275,40.00365699994163],[-85.86224000027089,40.00244099992157],[-85.86224000027089,40.002288000010914],[-85.86224399957052,40.001410000164405],[-85.86224399957052,40.0013829997974],[-85.86224799976848,40.000280999715145],[-85.86224899959339,40.000040000028456],[-85.86225000031662,39.999724999772226],[-85.86225000031662,39.999691000227855],[-85.86225000031662,39.99966499975531],[-85.86225199996645,39.999403000210485],[-85.86224399957052,39.99888000006708],[-85.8622429997456,39.99884799989799],[-85.86222600002718,39.99775600002238],[-85.86223299969987,39.99672000007334],[-85.86223000022514,39.99619300027922],[-85.86224799976848,39.995588999953604],[-85.86224000027089,39.99501799966043],[-85.862235000248,39.994597999765006],[-85.86224899959339,39.99351699979896],[-85.86224899959339,39.992577000014215],[-85.86225399961627,39.99243499993668],[-85.8622620000122,39.992256999771556],[-85.86226100018727,39.992201000056674],[-85.86226000036235,39.99214000031506],[-85.86225799981423,39.99203299994842],[-85.86226100018727,39.9918670001156],[-85.86226700003506,39.99166299976852],[-85.86227200005793,39.9903830002034],[-85.86227399970774,39.98997699972676],[-85.86227500043098,39.989749999903644],[-85.86226899968489,39.98918599993665],[-85.86226799985997,39.98913600001015],[-85.86226600021014,39.98895800019507],[-85.86227500043098,39.988273999845745],[-85.86227500043098,39.98824100015981],[-85.86227399970774,39.988193000337915],[-85.86227100023302,39.98763799977571],[-85.86226899968489,39.987534000118636],[-85.86226299983711,39.987192000209454],[-85.86224899959339,39.98686799991146],[-85.86225799981423,39.986179000242934],[-85.8622429997456,39.98550299965864],[-85.86224899959339,39.98481799971484],[-85.86224600011866,39.98468900002002],[-85.86222199982922,39.983425999905805],[-85.8622140003316,39.982736999939796],[-85.86221799963126,39.98217799991412],[-85.86222000017939,39.98203799984539],[-85.86221500015652,39.98152400025036],[-85.86221500015652,39.98149799974492],[-85.862191999692,39.97926199980206],[-85.8621859998442,39.978667000187144],[-85.8621859998442,39.978636999884266],[-85.8621649999278,39.97815000010064],[-85.86216400010291,39.97772299967084],[-85.86216099972984,39.976573999687176],[-85.86214599966124,39.975888999714854],[-85.8621509996841,39.975387999686085],[-85.8621509996841,39.97537600022981],[-85.8621509996841,39.975354999971586],[-85.86215200040733,39.975200000160754],[-85.86214800020937,39.975038000338],[-85.86214800020937,39.975021999833245],[-85.86213700033872,39.9744889997658],[-85.86212300009501,39.97305500032811],[-85.86211300004928,39.97222400033459],[-85.86211100039944,39.97208199994546],[-85.86210800002641,39.9717709999776],[-85.86211200022436,39.971218000178816],[-85.86211300004928,39.97114599970524],[-85.86211300004928,39.971107000248956],[-85.86211100039944,39.97095499998437],[-85.86210800002641,39.97039599995842],[-85.86210399982843,39.97018100016104],[-85.86210300000353,39.97014699967962],[-85.86210300000353,39.97013199972514],[-85.86209399978269,39.969684999845164],[-85.86208799993491,39.96830199985373],[-85.86208999958474,39.96802100005592],[-85.86208999958474,39.96799499992068],[-85.8620929999578,39.96765499999602],[-85.8620860002851,39.96742499997907],[-85.8620860002851,39.967408999757524],[-85.8620860002851,39.967395999919],[-85.8620860002851,39.96737699999168],[-85.86207500041444,39.966923999870744],[-85.86207899971409,39.96654700018679],[-85.8620800004373,39.96638600019412],[-85.8620800004373,39.966355000323006],[-85.8620800004373,39.96633499973249],[-85.8620800004373,39.966320000318426],[-85.8620800004373,39.966250000255506],[-85.86208200008714,39.96622499982224],[-85.86208399973695,39.96561799982601],[-85.86208399973695,39.96545899979599],[-85.8620860002851,39.964901999679704],[-85.8620729998663,39.96415000015303],[-85.8620720000414,39.96413399985351],[-85.8620720000414,39.964119999674416],[-85.8620720000414,39.96409600024592],[-85.8620720000414,39.96407599968299],[-85.86206399964547,39.96360100025763],[-85.86206199999566,39.96346000027282],[-85.86206500036869,39.96332199987427],[-85.86206000034583,39.96221499981499],[-85.86206700001851,39.96217000022836],[-85.86208399973695,39.96213700032907],[-85.86209899980557,39.96212199999403],[-85.86188000042077,39.96133900010605],[-85.86185600013133,39.958456999903916],[-85.86237900018804,39.958439000047534],[-85.86238000001296,39.95557299974245],[-85.86238000001296,39.955531999978625],[-85.86238000001296,39.95549100019017],[-85.86237900018804,39.955457999821995],[-85.86237900018804,39.95543099988448],[-85.86238000001296,39.953830000220115],[-85.86238000001296,39.9537830001979],[-85.86238000001296,39.953737999882634],[-85.86247999957207,39.950230000295115],[-85.8624810002953,39.94816500026019],[-85.8624810002953,39.9476950002896],[-85.8624889997929,39.94361799997578],[-85.8545960001597,39.94372100032757],[-85.85423299993654,39.9437249997029],[-85.8530749996701,39.94373599987777],[-85.85283799984363,39.943732999830274],[-85.84347700032258,39.94393700000685],[-85.84057699963357,39.943983999907296],[-85.83760900007081,39.94402899975243],[-85.83746299958263,39.944030999775464],[-85.83153099975678,39.94409999984584],[-85.82861800044562,39.944134000194246],[-85.82842299955364,39.94413700022422],[-85.82817700040465,39.944140000253995],[-85.82757700035503,39.944140000253995],[-85.82749299979113,39.944140000253995],[-85.82747400042287,39.944134000194246],[-85.82717800014686,39.944140000253995],[-85.8255970002811,39.944211000232215],[-85.82521800016441,39.944223000337644],[-85.82467900021416,39.944239999794696],[-85.8245970001984,39.944240999803135],[-85.82403300013378,39.94424499983678],[-85.82305099959443,39.94425499991983],[-85.82114900023663,39.944274000073584],[-85.81985500042605,39.944286000167956],[-85.81516700018206,39.94433399983574],[-85.81274799971699,39.94439600024641],[-85.81137199989065,39.94443199977035],[-85.81091699960596,39.94444399983701],[-85.81041500036396,39.94445299988565],[-85.81038799970148,39.94445399989097],[-85.80975300039005,39.944467999964075],[-85.80858599990276,39.944498000111025],[-85.80800799959445,39.944508000157086],[-85.80784100008819,39.94451100017061],[-85.80773399995807,39.94451300017955],[-85.80771700023963,39.94451300017955],[-85.80769600032323,39.94451300017955],[-85.80763900042183,39.94451400018404],[-85.807081000205,39.94452300022341],[-85.80694300011275,39.944527000240576],[-85.80670899976101,39.944535000274165],[-85.806680000347,39.94453600027829],[-85.80658400008754,39.94453900029058],[-85.80657200039197,39.94453900029058],[-85.8059189997406,39.94455999968436],[-85.80571100022645,39.944566999710375],[-85.80364099974082,39.94459299980089],[-85.80362599967224,39.94459299980089],[-85.8030199997748,39.944600999826754],[-85.80300100040654,39.944600999826754],[-85.80294699997988,39.94460199982991],[-85.80275500035926,39.9446039998362],[-85.80259899982532,39.944606999845554],[-85.8022309995793,39.94461299986378],[-85.80218600027177,39.94461399986677],[-85.80169500000208,39.944621999890174],[-85.8016809997584,39.944621999890174],[-85.80162399985699,39.94462299989303],[-85.80076000021671,39.94463799993419],[-85.80071599983577,39.944638999936814],[-85.79949700036828,39.94465999998856],[-85.79835199962231,39.94467600002369],[-85.7961899999735,39.94469800006585],[-85.79483599988848,39.944703000074476],[-85.79374700011729,39.944713000090566],[-85.79317100035712,39.94471100008747],[-85.7930990003871,39.94471100008747],[-85.79303099971672,39.94471100008747],[-85.79294700005113,39.944710000085855],[-85.79223800022156,39.94470800008268],[-85.79220399988638,39.94470800008268],[-85.7921770001222,39.94470800008268],[-85.79144999985097,39.9447050000778],[-85.78918899956966,39.94468300003789],[-85.78784100023071,39.94467500002162],[-85.78665299982703,39.94467700002576],[-85.7833489998053,39.94468200003586],[-85.78261099966342,39.94468300003789],[-85.78202599968242,39.944690000051324],[-85.78164099971794,39.94469200005508],[-85.78160399990801,39.94469200005508],[-85.7815400003339,39.94469200005508],[-85.7815179996943,39.94469200005508],[-85.78150500017381,39.94469200005508],[-85.7814470004475,39.944693000056915],[-85.78111199981343,39.94469500006053],[-85.77781500036272,39.94472700011063],[-85.77748200027678,39.94472900011325],[-85.77546100019498,39.94474200012898],[-85.77436099965483,39.944762000148316],[-85.77322000000514,39.9447550001422],[-85.77266400033645,39.944762000148316],[-85.77208900040118,39.94477000015442],[-85.77119100042572,39.94476300014912],[-85.77094600020335,39.944761000147494],[-85.77061899996518,39.944764000149924],[-85.770592000201,39.944765000150696],[-85.7705710002846,39.944765000150696],[-85.77053100010163,39.944765000150696],[-85.77050000013949,39.944765000150696],[-85.7704780003982,39.944765000150696],[-85.77046199960635,39.944765000150696],[-85.76956600017903,39.94477200015579],[-85.76897399962701,39.94477700015901],[-85.76880999959549,39.944778000159594],[-85.76752599983067,39.94478800016472],[-85.7672610004151,39.944791000165964],[-85.76624200006582,39.94480200016944],[-85.76478199967558,39.94481000017087],[-85.76248500030756,39.94483700016876],[-85.7582430001274,39.944861000157914],[-85.75821700018814,39.944861000157914],[-85.7579479996763,39.944863000156666],[-85.75779899971339,39.944864000155995],[-85.75775500023077,39.944864000155995],[-85.75770500000206,39.944864000155995],[-85.75767700041297,39.944864000155995],[-85.75764899992556,39.944865000155325],[-85.75442500026978,39.94489500012819],[-85.75260400020451,39.94490300011874],[-85.75257499989219,39.94490300011874],[-85.75138200036395,39.944909000111004],[-85.75134800002877,39.944909000111004],[-85.75095100036873,39.944911000108355],[-85.75092399970625,39.944911000108355],[-85.75091100018577,39.944911000108355],[-85.75068699987978,39.9449130001056],[-85.75056600040425,39.944914000104205],[-85.75053700009195,39.944914000104205],[-85.7497029996906,39.94492200009253],[-85.74968099994928,39.94492200009253],[-85.7496540001851,39.944923000091],[-85.7496249998728,39.944923000091],[-85.74941800018354,39.9449250000879],[-85.74914399964885,39.94492800008313],[-85.74887099983738,39.94493100007829],[-85.74566300007511,39.944971000000606],[-85.74467499968797,39.94497899998227],[-85.74356699965023,39.94498799996052],[-85.74350599955086,39.94498899995802],[-85.74346700009113,39.94498899995802],[-85.7434529998474,39.94498899995802],[-85.7434369999539,39.94498899995802],[-85.74341900041055,39.94498899995802],[-85.74339799959584,39.94498899995802],[-85.74337500002963,39.94498899995802],[-85.74334900009035,39.94498999995551],[-85.74236699955098,39.94500999990234],[-85.74171799999587,39.94501599988527],[-85.74128100015288,39.94501699988237],[-85.74012299988642,39.945019999873566],[-85.74005199974131,39.94502099987061],[-85.73959099960886,39.945026999852566],[-85.73957300006552,39.945026999852566],[-85.73955999964672,39.945026999852566],[-85.73727900017224,39.9450579997509],[-85.73725300023297,39.9450579997509],[-85.73654100003036,39.9450569997544],[-85.73614000017234,39.94506099974035],[-85.73612599992865,39.94506099974035],[-85.73609099976854,39.94506099974035],[-85.73600499955481,39.94506199973679],[-85.73560399969682,39.945065999722395],[-85.73531800036488,39.945070999704114],[-85.73529099970239,39.94507199970041],[-85.73526599958804,39.94507199970041],[-85.73451999994853,39.945084000343535],[-85.73264199998185,39.94509300030797],[-85.73143400038501,39.9451060002545],[-85.73141599994335,39.9451060002545],[-85.73120000003328,39.94510800024604],[-85.73104500022258,39.9451110002333],[-85.73102099993315,39.945112000229],[-85.73016399996555,39.945129000153834],[-85.72910100013367,39.945134000130956],[-85.72867599998624,39.94513800011235],[-85.72797100035463,39.94514500007928],[-85.72774899969845,39.94514700006968],[-85.7257739996474,39.945165999975714],[-85.72530099981938,39.94516100000099],[-85.72436600003401,39.94516899996044],[-85.72312199955384,39.945165999975714],[-85.7231049998354,39.945165999975714],[-85.72285299994033,39.945164999980804],[-85.72222299975347,39.945166999970624],[-85.72218099992067,39.945166999970624],[-85.7221609998292,39.945166999970624],[-85.72212900004214,39.945166999970624],[-85.72207899981343,39.945166999970624],[-85.72199299959969,39.945166999970624],[-85.71877099959373,39.945172999939786],[-85.71799599964193,39.94517399993458],[-85.71795999965691,39.94517399993458],[-85.71426099962497,39.94517599992414],[-85.71420100024883,39.94517599992414],[-85.71346999977965,39.94517699991895],[-85.71224000044147,39.94517799991369],[-85.71221000030427,39.94517799991369],[-85.71219600006054,39.94517799991369],[-85.71121699989425,39.94518299988719],[-85.71119799962766,39.94518299988719],[-85.70796300010123,39.945226000333044],[-85.70721800028664,39.945232000297025],[-85.70651600012978,39.94523700026662],[-85.70493299971588,39.94526100011545],[-85.70490799960152,39.94526100011545],[-85.70408599979405,39.9452740000301],[-85.70406900007562,39.9452740000301],[-85.70401999967181,39.94527500002342],[-85.7025269996696,39.945296999872966],[-85.69927399970149,39.94534600020117],[-85.69536899980523,39.94539499980554],[-85.69243999970222,39.94544600004522],[-85.69235199983866,39.94544600004522],[-85.6923329995721,39.94544600004522],[-85.69172699967469,39.94544900001766],[-85.68958799959212,39.94548299969567],[-85.68861500017191,39.945501000207095],[-85.68775099963332,39.94551700004554],[-85.68773899993775,39.94551700004554],[-85.6876429996783,39.94551900002507],[-85.68762699978475,39.94551900002507],[-85.68628500029361,39.94554099979616],[-85.68533200006657,39.945547999721846],[-85.68467599994045,39.94556000028148],[-85.68227400009215,39.945578000083934],[-85.68088200037226,39.94558799997214],[-85.68012599978873,39.94558899996087],[-85.68000600013812,39.94558899996087],[-85.67852400000656,39.945597999858876],[-85.67643099995475,39.94562000029326],[-85.67635499978675,39.94562000029326],[-85.67633999971814,39.94562000029326],[-85.6763229999997,39.94562000029326],[-85.67630399973314,39.94562000029326],[-85.67628299981673,39.94562000029326],[-85.67626000025051,39.94562000029326],[-85.67623500013615,39.94562000029326],[-85.67620800037197,39.94562000029326],[-85.67617999988457,39.94562000029326],[-85.67615099957224,39.94562000029326],[-85.67612100033335,39.94562100028153],[-85.675767000331,39.94562700021087],[-85.6748719998303,39.945632000151555],[-85.67468500023256,39.94563300013964],[-85.67465400027041,39.94563300013964],[-85.67463599982874,39.94563300013964],[-85.6738369995875,39.94563700009191],[-85.67382300024211,39.94563700009191],[-85.67378800008201,39.94563700009191],[-85.67351500027053,39.94561700032837],[-85.67331299970584,39.9455899999496],[-85.67324800030684,39.94557500011715],[-85.67323400006315,39.94557200015029],[-85.67319200023034,39.94556000028148],[-85.67312299973504,39.94553999980672]]]}},{"type":"Feature","properties":{"id":"18133","name":"Putnam"},"geometry":{"type":"Polygon","coordinates":[[[-87.01075300000628,39.77956099982374],[-87.0107620002271,39.7794959997712],[-87.01076600042506,39.77947300020521],[-87.01077599957249,39.77946799987834],[-87.01066699979255,39.778429999952905],[-87.01066400031783,39.77810400027744],[-87.01065599992191,39.77712600027039],[-87.01065400027208,39.77680100032154],[-87.01065900029494,39.77633500032362],[-87.01067600001339,39.774937999757036],[-87.01068199986116,39.774472999987104],[-87.01068299968608,39.7743450000172],[-87.01068799970895,39.77396399994417],[-87.01069000025709,39.773837000141576],[-87.0107129998233,39.771946999700674],[-87.01073100026497,39.77048999984519],[-87.01082699962613,39.76259800005098],[-87.01085400028862,39.76045000030128],[-87.01089500029651,39.75712699981864],[-87.01089399957327,39.75710399968448],[-87.01087199983198,39.75660900013012],[-87.01080700043296,39.75512400014933],[-87.01078599961825,39.754629000177225],[-87.01078999981621,39.75451400009303],[-87.010803000235,39.75417100010681],[-87.01080800025787,39.754056999968796],[-87.01085500011354,39.752979000131745],[-87.01098399998496,39.75002600013992],[-87.01100599972627,39.7497489998753],[-87.01109600013797,39.748675000009904],[-87.01110899965843,39.74716999994387],[-87.0111499996663,39.74265500004188],[-87.01116399991001,39.741150999928536],[-87.01120999994079,39.74113600026731],[-87.01124199972782,39.74109799995962],[-87.01125599997154,39.74106799992],[-87.01126400036745,39.74103099978411],[-87.01127000021522,39.74091999994803],[-87.01126600001727,39.740684000193944],[-87.01126400036745,39.74046900005691],[-87.01126500019235,39.73968700033065],[-87.01127000021522,39.739137000083986],[-87.01127400041318,39.73877100017526],[-87.01128799975857,39.73862199986142],[-87.01129500032958,39.736523999795935],[-87.01131799989581,39.73023100021272],[-87.01132600029172,39.72821899986425],[-87.01132299991869,39.72813400007043],[-87.0113389998122,39.7281299998662],[-87.01140999995731,39.72809100028108],[-87.01145699981299,39.728040999753276],[-87.01148600012529,39.72796799969136],[-87.011500000369,39.727829999779516],[-87.01149799982086,39.72749500008593],[-87.0115079998666,39.72694799982635],[-87.01150600021677,39.72678100032097],[-87.01150299984373,39.726493999829025],[-87.01153899982874,39.724403999722476],[-87.01154700022467,39.72320499970942],[-87.01155399989736,39.72272100020619],[-87.01155399989736,39.72248500032416],[-87.01155899992023,39.721172000149046],[-87.0115639999431,39.72105400007671],[-87.01159400008034,39.72023500025859],[-87.01160199957795,39.71969000010169],[-87.0116069996008,39.71937799985207],[-87.0116069996008,39.718382999688885],[-87.01164099993599,39.716505000341044],[-87.01165799965443,39.71559800000539],[-87.01166100002749,39.71544200012986],[-87.01166199985238,39.71499899993737],[-87.01167199989813,39.714616999904635],[-87.01166799970018,39.71431900026624],[-87.01166799970018,39.71423399992236],[-87.01166799970018,39.71417699966561],[-87.0116690004234,39.714008999725955],[-87.0116700002483,39.71395299988548],[-87.01167199989813,39.713824000166404],[-87.01171799992888,39.711120999807044],[-87.01186299969383,39.70262600012157],[-87.01191200009765,39.69979500034138],[-87.01186799971671,39.6986119997413],[-87.01190399970173,39.695588999894255],[-87.01190000040208,39.69496899983173],[-87.01190899972458,39.694113999746634],[-87.01192600034133,39.69336599982402],[-87.0119449997096,39.691854999842526],[-87.01195099955738,39.69133199986251],[-87.01195200028062,39.69107299968484],[-87.01195399993044,39.69066799971722],[-87.01198200041786,39.688726999981675],[-87.01198900009054,39.688298999794455],[-87.01199800031137,39.687945999935295],[-87.01200499998407,39.68769999983387],[-87.0120140002049,39.6871280000145],[-87.01202699972536,39.68668999998757],[-87.01203000009842,39.68594800033458],[-87.01203400029638,39.68516199970268],[-87.0120700002814,39.68369900011086],[-87.01206600008344,39.68307699970108],[-87.01208399962678,39.682411000313614],[-87.01210200006844,39.680990999959896],[-87.0121129999391,39.679954000315725],[-87.01213700022855,39.67795599969267],[-87.01213700022855,39.67785500015557],[-87.01213999970328,39.67755199996671],[-87.0121420002514,39.6774520002789],[-87.01214599955105,39.6766580002742],[-87.01217099966541,39.674297999744965],[-87.01217499986338,39.673931000260275],[-87.01217700041153,39.67376100022813],[-87.0121830002593,39.672327999953495],[-87.01219800032793,39.67149000018055],[-87.01222300044226,39.67080499987264],[-87.01222099989414,39.66953200026532],[-87.01224500018357,39.66728599965863],[-87.01225799970406,39.66641499984181],[-87.0122819999935,39.664839000312526],[-87.01229899971193,39.6637500002172],[-87.01233700024508,39.66168699991521],[-87.01234399991777,39.661192999899825],[-87.01236499983418,39.65993900027986],[-87.0123659996591,39.65971300011566],[-87.01237099968196,39.65921999983378],[-87.01237099968196,39.65919800024567],[-87.01237099968196,39.659134000083675],[-87.01237200040518,39.659112999790736],[-87.01237800025298,39.6582700000499],[-87.0123949999714,39.65615800006607],[-87.01241199968985,39.65574300012171],[-87.01243099995642,39.65529799976287],[-87.01243299960625,39.65490100015798],[-87.01243299960625,39.654669000340235],[-87.01243500015437,39.65430499989172],[-87.01243699980421,39.65407500032257],[-87.01243900035233,39.653884000041586],[-87.01244400037521,39.65354000012349],[-87.01244199982706,39.653172000246094],[-87.012450000223,39.652519999712666],[-87.01245600007078,39.65215400016808],[-87.01246299974346,39.651970000243296],[-87.01246299974346,39.651924999785],[-87.01246699994142,39.65187999998901],[-87.01247600016227,39.651657000122036],[-87.01249600025375,39.64922800007637],[-87.01250499957627,39.64855400017889],[-87.01251600034523,39.64783400009666],[-87.01253200023875,39.64626999979734],[-87.01255499980496,39.64485199991458],[-87.01258300029237,39.64229600007484],[-87.01259400016303,39.641131999887],[-87.01260500003369,39.64052299968239],[-87.01261199970638,39.6397180002788],[-87.01263000014805,39.638441999891356],[-87.01264000019378,39.637809000090904],[-87.01265100006444,39.63666099967877],[-87.01265000023952,39.63627099992969],[-87.01265899956205,39.635972000039494],[-87.01267199998084,39.63507199983037],[-87.01267299980574,39.63501499993474],[-87.01267000033103,39.63482600030894],[-87.01266699995797,39.63453699994477],[-87.01267799982863,39.63414299986359],[-87.01267799982863,39.634090999699275],[-87.01268000037676,39.63384599983606],[-87.01268500039964,39.63331699971048],[-87.01270200011807,39.63270399967624],[-87.01270399976788,39.63239199991588],[-87.01270799996585,39.63196199996238],[-87.01272200020955,39.63146700020609],[-87.01273499973004,39.6302220000688],[-87.01274099957782,39.628597999660435],[-87.01275599964644,39.62803300014865],[-87.0127730002632,39.62658000031307],[-87.01276999989014,39.626141999746906],[-87.01278599978365,39.62562100005362],[-87.0127890001567,39.62510300003133],[-87.01279199963143,39.62481300005419],[-87.01280900024818,39.62388300018456],[-87.01280699970005,39.62302199993275],[-87.01283199981441,39.621895000302935],[-87.01284900043116,39.62067400006955],[-87.01285500027896,39.620301000247174],[-87.01285399955572,39.61952399991819],[-87.01285799975368,39.619336000081105],[-87.01286100012673,39.61919800025845],[-87.01286199995162,39.6185650001337],[-87.01286299977654,39.61845499972378],[-87.01288399969295,39.617641000253045],[-87.01289100026395,39.61688299992854],[-87.01289399973868,39.61666700025169],[-87.0129020001346,39.61603499976072],[-87.01291200018035,39.61518700027615],[-87.01291100035544,39.61467700007009],[-87.01291200018035,39.614626999739095],[-87.01294200031758,39.613634999906225],[-87.01294999981518,39.61312500003038],[-87.01294700034045,39.61252500029178],[-87.01296800025685,39.611368000299336],[-87.01297900012749,39.61040500021422],[-87.01297999995242,39.61033499971168],[-87.01299699967085,39.609370999749935],[-87.01299800039408,39.608997999919374],[-87.012999000219,39.60873400021827],[-87.01300099986881,39.60854600014253],[-87.01300800043983,39.60815699977116],[-87.01302900035623,39.60740699996725],[-87.01303199983094,39.60719299993612],[-87.01304100005179,39.60674200022091],[-87.01304100005179,39.60670099972366],[-87.01304500024975,39.60648999983585],[-87.01305199992244,39.60520099990001],[-87.01306199996819,39.60478700019854],[-87.01306100014327,39.60433499992491],[-87.0130920001054,39.60188799997278],[-87.01311600039485,39.60086200029849],[-87.01311700021976,39.600837000340015],[-87.01315900005255,39.59960499973421],[-87.01320099988537,39.59742599986067],[-87.01321400030415,39.596928999753764],[-87.01321799960377,39.5955010002137],[-87.0132460000912,39.593521000064456],[-87.0132460000912,39.593468999834855],[-87.0132460000912,39.59345500019236],[-87.01325000028915,39.59333500007506],[-87.01325299976389,39.5922589998185],[-87.01325699996185,39.59202499975309],[-87.01326199998472,39.59181600004409],[-87.01326600018268,39.590414999839126],[-87.0132750004035,39.58962200015566],[-87.01328600027416,39.58932900007406],[-87.01330700019055,39.5881569998179],[-87.01330600036566,39.58773400027793],[-87.01330600036566,39.58755400004398],[-87.01332200025918,39.58723200013589],[-87.01331999971104,39.58691800027223],[-87.01332899993187,39.58644700023177],[-87.01332999975678,39.58630400013565],[-87.0133370003278,39.58564199967959],[-87.0133370003278,39.58561899984288],[-87.0133370003278,39.58551600032998],[-87.01333599960456,39.58532499975265],[-87.0133449998254,39.584861999662444],[-87.01334200035065,39.58435699965997],[-87.01335200039641,39.58356399987496],[-87.01336200044216,39.58287999992148],[-87.01336300026705,39.58280900025007],[-87.0133659997418,39.58264500029228],[-87.0133669995667,39.58259900000648],[-87.01336900011485,39.58252899978384],[-87.01337099976466,39.58243599998203],[-87.01337699961246,39.58222500025179],[-87.01337699961246,39.58215699982784],[-87.01337699961246,39.58206400021912],[-87.01337800033566,39.58171999972597],[-87.01338199963531,39.5807609997553],[-87.01338199963531,39.5806899999901],[-87.0133869996582,39.580347000060975],[-87.01339000003125,39.58008299984758],[-87.01339199968106,39.57998499997403],[-87.01339699970393,39.579291999880894],[-87.01339900025206,39.579029000282645],[-87.01340000007698,39.579017999853875],[-87.01340500009984,39.57873000028017],[-87.01340199972681,39.577952000310006],[-87.0134159999705,39.577106999890084],[-87.01342000016847,39.57628300007389],[-87.01343500023708,39.57555800003461],[-87.01344100008485,39.574989000321914],[-87.0134569999784,39.574439999932224],[-87.01346700002414,39.57368900007985],[-87.0134789997197,39.57309300023835],[-87.01349600033645,39.571748999668515],[-87.01349499961321,39.571314000216745],[-87.01349499961321,39.571301000151315],[-87.01349499961321,39.57043099982112],[-87.01351100040507,39.56961700020447],[-87.01351700025285,39.568731999791446],[-87.01352599957536,39.568085000324245],[-87.0135280001235,39.56801999971544],[-87.01353099959823,39.567781999714924],[-87.01354300019213,39.56627700006348],[-87.0135559997126,39.56579899978937],[-87.01355800026072,39.565630999829],[-87.01356099973546,39.56540399975954],[-87.01357300032934,39.56472499992707],[-87.01357499997916,39.56464499971398],[-87.01357400015426,39.56449899965856],[-87.01357400015426,39.56428700003639],[-87.01355499988767,39.56384900014935],[-87.01355900008564,39.56325400022249],[-87.01355900008564,39.56319500002601],[-87.01355900008564,39.56313199971388],[-87.01356900013138,39.56250199967747],[-87.01361599998705,39.561469000284085],[-87.01361199978909,39.561082000197864],[-87.01360099991844,39.56070800000614],[-87.01360599994132,39.560388000148365],[-87.01360799959113,39.56029699984341],[-87.0136210000099,39.55990299970272],[-87.01362500020788,39.559544999785565],[-87.01362400038296,39.55906399997852],[-87.01362400038296,39.558831000105236],[-87.01362600003279,39.55865399985075],[-87.01363000023075,39.55841500017165],[-87.01364899959901,39.557655999819175],[-87.01364899959901,39.55728000034415],[-87.01366299984271,39.55671200033734],[-87.01366799986559,39.55602799999937],[-87.01366500039084,39.555833000101316],[-87.01368100028438,39.5551610002916],[-87.01368999960688,39.55380600026244],[-87.01369100033011,39.55369100013284],[-87.01371499972126,39.55292599974899],[-87.01372099956903,39.55240899984361],[-87.01372099956903,39.55132200007274],[-87.01372099956903,39.5513080002284],[-87.01379099988922,39.54903999992383],[-87.01380599995784,39.54856099976459],[-87.01380599995784,39.54853399987841],[-87.01380699978276,39.548506999981726],[-87.01380500013293,39.54845600014821],[-87.01380500013293,39.548430999985236],[-87.01380599995784,39.548395000067266],[-87.0138090003309,39.54832199994527],[-87.0138100001558,39.54828799973887],[-87.0138090003309,39.54825599997762],[-87.01380000011007,39.547723999793064],[-87.01377900019367,39.54722699998216],[-87.01377900019367,39.54704899965662],[-87.013796999737,39.54658900029632],[-87.01379799956192,39.54634500001226],[-87.01379900028516,39.546001999882584],[-87.01380699978276,39.543728999916986],[-87.01382699987424,39.542768999932846],[-87.01384899961556,39.542329000004834],[-87.01389100034666,39.54097499978332],[-87.01389700019445,39.53990599970832],[-87.01390600041529,39.5394219998275],[-87.01390700024018,39.538992000337],[-87.01393099963133,39.53732999967062],[-87.01393200035454,39.53728100002165],[-87.01394200040028,39.53697799993928],[-87.01396999998938,39.53525199982342],[-87.01396999998938,39.53523699978242],[-87.01397099981429,39.53519200033279],[-87.01397699966208,39.53488100021371],[-87.01397300036244,39.534258000212795],[-87.01399500010372,39.53302699989478],[-87.01399599992865,39.53298300015645],[-87.01401699984504,39.53198099966896],[-87.01401799966995,39.53163499988656],[-87.01401600002012,39.53157800006934],[-87.01402600006587,39.53037599966241],[-87.01402600006587,39.53035799987283],[-87.01402400041604,39.53026500007738],[-87.0140419999594,39.52935300017653],[-87.0140419999594,39.52902400009366],[-87.01405100018022,39.52855499996356],[-87.01405200000514,39.52829100004654],[-87.01405299983004,39.528107999822105],[-87.01406299987579,39.52770599974839],[-87.01408600034034,39.52737300012767],[-87.0140849996171,39.52729500017291],[-87.01407999959424,39.52657699972547],[-87.01410399988369,39.524896999959424],[-87.01411099955638,39.52441900004515],[-87.01411300010452,39.52410999994423],[-87.01412499980007,39.52350900006425],[-87.0141530002875,39.522049000021546],[-87.01416699963286,39.520910000176386],[-87.01416499998304,39.52055799965456],[-87.01418300042471,39.51987800030365],[-87.01419500012028,39.5196189997213],[-87.01421199983872,39.51873700027033],[-87.01423299975511,39.51828600011256],[-87.01423500030324,39.5178150002698],[-87.01425299984659,39.51737700014108],[-87.01425500039473,39.517220999864925],[-87.01425700004455,39.517092000278126],[-87.01425700004455,39.517053000081894],[-87.01427100028826,39.514805000027486],[-87.01428600035686,39.51382700001169],[-87.01429100037973,39.51175900013857],[-87.01430700027326,39.509884000152454],[-87.01431200029614,39.509742000290544],[-87.01431999979374,39.509522999724766],[-87.01431899996884,39.508622999731905],[-87.01433700041049,39.50782900022306],[-87.01433499986236,39.507382999883575],[-87.01433999988524,39.50700699972926],[-87.01433300021255,39.50647900003023],[-87.01433300021255,39.506392000293424],[-87.0143309996644,39.506237999894765],[-87.0143309996644,39.50617800028614],[-87.01433300021255,39.50609200031781],[-87.01434699955792,39.50551799978588],[-87.01434900010605,39.505150999980955],[-87.01435499995385,39.50433500002263],[-87.01435499995385,39.50389400032247],[-87.01436599982449,39.503271000267716],[-87.01436800037263,39.50287499968058],[-87.01436900019755,39.50277600004767],[-87.01437000002245,39.502723000193235],[-87.01437300039551,39.5026240003438],[-87.01439099993884,39.50150899968061],[-87.01439799961155,39.50132800002013],[-87.01440199980951,39.50073400005527],[-87.01440799965728,39.50031799985559],[-87.01441799970304,39.500005999978015],[-87.01442100007608,39.49959099981897],[-87.01441799970304,39.4992039998732],[-87.0144150002283,39.49888699998879],[-87.01441699987812,39.498237000068954],[-87.014421999901,39.49804200001682],[-87.01442699992386,39.49770499991324],[-87.01443299977164,39.49735500019889],[-87.0144500003884,39.49629500009717],[-87.01444799984026,39.496115999914366],[-87.01444799984026,39.496100999738665],[-87.01445500041127,39.495779000178224],[-87.01446200008397,39.49557799976966],[-87.01446600028193,39.4954050002287],[-87.01447299995462,39.49511099970475],[-87.0144779999775,39.494835000005374],[-87.01449899989389,39.494012000087864],[-87.0145070002898,39.49351800010943],[-87.01451200031268,39.49323599972943],[-87.01450499974167,39.49247100001067],[-87.0145130001376,39.492127000285116],[-87.0145139999625,39.49210399994249],[-87.01451599961233,39.49203199990581],[-87.01452300018335,39.49186899989392],[-87.01452300018335,39.4917499997375],[-87.01452300018335,39.49165599988936],[-87.01452300018335,39.49154100009404],[-87.01452300018335,39.491215000158846],[-87.01452300018335,39.491198999952566],[-87.01452599965806,39.49108600012387],[-87.01453300022908,39.49080200024065],[-87.01453800025193,39.49061100021595],[-87.0145349998789,39.49048900026314],[-87.01452999985602,39.490244000035155],[-87.01455099977242,39.489207999966304],[-87.01454499992465,39.48870100022868],[-87.01453900007685,39.48810499970565],[-87.01453900007685,39.4880910002857],[-87.0145490001226,39.48695899992544],[-87.0145569996202,39.4865780001564],[-87.01459599997827,39.484781000176234],[-87.01459699980317,39.48427799980999],[-87.01461500024485,39.483132999835824],[-87.0146250002906,39.48228200027934],[-87.01463199996329,39.482013000243114],[-87.01463500033633,39.48190099984655],[-87.0146410001841,39.4815109997695],[-87.01465100022986,39.48082000027394],[-87.01465200005477,39.48049199966292],[-87.01465200005477,39.48039099971079],[-87.01465299987969,39.48032399983327],[-87.01465700007765,39.48009000001335],[-87.01465999955236,39.47998999999832],[-87.01465999955236,39.47997700015917],[-87.01465999955236,39.47993799993374],[-87.01465999955236,39.47992500008486],[-87.0146620001005,39.47967200003519],[-87.01466600029846,39.47941799992291],[-87.01467600034422,39.47891600013402],[-87.014682000192,39.47868099989117],[-87.014682000192,39.47866399972776],[-87.014682000192,39.47862699984714],[-87.014682000192,39.47851699993583],[-87.01468300001689,39.47848099982628],[-87.01468300001689,39.47834500009156],[-87.01468300001689,39.4781969997722],[-87.01468300001689,39.478184000291336],[-87.01468999968961,39.477095000161235],[-87.01469100041281,39.47690599967465],[-87.01470599958311,39.47564300027931],[-87.01472700039783,39.4737799999562],[-87.01453300022908,39.473572000310966],[-87.01435599977876,39.47357599998993],[-87.01308899973236,39.47356899985813],[-87.01254800013228,39.47356999977793],[-87.01095999969552,39.47355099991213],[-87.01011799979656,39.47354999999206],[-87.0100929996822,39.473549000071976],[-87.00990600008446,39.47354800015183],[-87.00989199984076,39.47354700023172],[-87.00866499997734,39.473538000256475],[-87.007473000274,39.473538000256475],[-87.00697699998145,39.473537000336165],[-87.00672300043654,39.4735310001208],[-87.00651500002408,39.47353299996151],[-87.00627599964947,39.47354100001721],[-87.00498900040992,39.47358400004068],[-87.00001300028582,39.47375100028297],[-86.99216999998302,39.47370900028056],[-86.9888099998848,39.47368500016867],[-86.98340000029076,39.47364699980132],[-86.98330200038147,39.47364699980132],[-86.98019199963018,39.47362400028056],[-86.98010299994172,39.47362400028056],[-86.97992300001667,39.47362199974903],[-86.97718999973223,39.47360399981678],[-86.97705099981508,39.473602999897466],[-86.97686599986714,39.47360000013941],[-86.97072499980392,39.473558999965746],[-86.97052999981025,39.4735560002058],[-86.96611799975078,39.47352499990491],[-86.96602499986436,39.473525999825384],[-86.96057599991227,39.47348800006456],[-86.96056099984365,39.47348500030155],[-86.95712399975253,39.47346299995513],[-86.95687500023051,39.473461000112444],[-86.95680200043557,39.473461000112444],[-86.94859400025979,39.47340500033239],[-86.94789399975272,39.47340000002788],[-86.94777499992703,39.47339900010563],[-86.94773100044442,39.47339900010563],[-86.94715300013611,39.47339399980068],[-86.93998100002804,39.473345000121796],[-86.93091000003687,39.47328399993551],[-86.92466799969132,39.47324099972661],[-86.92180600043379,39.47322299969579],[-86.92180899990852,39.47310899985467],[-86.92179999968768,39.47303000007415],[-86.92177499957332,39.47295900032649],[-86.92174500033443,39.472908999718506],[-86.92167599983914,39.47285799983796],[-86.92160200021928,39.47282400012798],[-86.92149799956388,39.47280200026598],[-86.9214060004007,39.472795000056244],[-86.92085999987944,39.472796999918124],[-86.91920500039383,39.47278300019045],[-86.9172959995667,39.47275599996472],[-86.91604699996198,39.472784000121536],[-86.9121139995783,39.472748999750365],[-86.91200999982124,39.472747999818765],[-86.90884700026481,39.47272100027287],[-86.90871900021828,39.472720000340864],[-86.90861799993596,39.47271200019077],[-86.90801000038871,39.47266699976278],[-86.90793300039583,39.47266599983001],[-86.90770499989189,39.47266499989716],[-86.90696199972713,39.472659000300034],[-86.9047339999561,39.47264399991805],[-86.90399199961622,39.47263900025228],[-86.90301599982297,39.472632000026145],[-86.90203900020481,39.47262599973271],[-86.90019399985009,39.47261299990422],[-86.89835000021861,39.47260000007325],[-86.89778100013113,39.47259499971088],[-86.89621399961075,39.47258499967854],[-86.89421000014572,39.472614999771274],[-86.89322199975855,39.47259299984324],[-86.89249500038564,39.47257700020637],[-86.89031699994501,39.472530999756344],[-86.88959100039699,39.47251600004016],[-86.88954000034336,39.47251500010521],[-86.8893870001825,39.47251400017021],[-86.88933600012888,39.47251400017021],[-86.8880499998159,39.4725089998017],[-86.88419500014835,39.472494000080765],[-86.88417300040705,39.472494000080765],[-86.88290999966028,39.472488999710826],[-86.88249299990876,39.472486999840086],[-86.88124199975589,39.47248200016304],[-86.88082599982928,39.47248100022761],[-86.88077800014872,39.472516999975085],[-86.87992200000606,39.47251300023523],[-86.8771729998281,39.47250200025593],[-86.87625800013421,39.47249899975695],[-86.87600799988896,39.47249799982177],[-86.87525800005152,39.47249500001606],[-86.87500899963116,39.47249500001606],[-86.87041699964664,39.47252400021279],[-86.86974200015227,39.472516999975085],[-86.86129499960188,39.472429000097094],[-86.85734100020012,39.47238799992683],[-86.85726000000928,39.47238699998999],[-86.85701700033503,39.4723840001795],[-86.85693600014416,39.4723840001795],[-86.85679300002903,39.47238200030576],[-86.85636600023177,39.47237799986469],[-86.85622399994155,39.47237699992777],[-86.85527999993535,39.47236699986404],[-86.85516899960724,39.472364999989814],[-86.85200400040102,39.47233199997655],[-86.85094900006673,39.472321999906356],[-86.85075599972288,39.472320000030834],[-86.8482159997823,39.472294000257016],[-86.84127999967578,39.47205999977494],[-86.84124299986586,39.47205999977494],[-86.84084200000787,39.47205999977494],[-86.83944100006717,39.47198999967339],[-86.82780400019617,39.472080999930384],[-86.82190499998228,39.472020000022745],[-86.82173099990501,39.47201800013853],[-86.82155699982773,39.47201600025426],[-86.81482800030876,39.47194700005162],[-86.81415999958875,39.47193999975586],[-86.81390400039403,39.4719369999261],[-86.81334199997926,39.47193200020953],[-86.81277899973955,39.47192599985573],[-86.8123600003382,39.471921000138366],[-86.81217399966707,39.471919000251354],[-86.81198700006931,39.471916999670796],[-86.80513600035158,39.47184400028505],[-86.79066300026403,39.47169500005665],[-86.78413100038854,39.47162700017678],[-86.7808130001231,39.47146300023395],[-86.78026400012712,39.471447000337214],[-86.77985900007116,39.47142200018783],[-86.77792199965494,39.47128200001743],[-86.77676699976155,39.471208000011664],[-86.77572400002113,39.47112900015292],[-86.77531700031535,39.4710970002022],[-86.77305900040707,39.47095100032684],[-86.77177100044429,39.47085900002002],[-86.77091600012653,39.47079299993603],[-86.77030299965813,39.47075400010916],[-86.76969500011089,39.470702000074816],[-86.76932000019217,39.470669999927665],[-86.76848400014099,39.470612000056896],[-86.76672599982491,39.470497000134266],[-86.76548800009084,39.47040599988591],[-86.76523799984558,39.4703889997806],[-86.76299800037896,39.470239999903555],[-86.76231999961323,39.47019200005205],[-86.76089799975612,39.47020700026927],[-86.75752400031253,39.47022700032266],[-86.75543799993338,39.470237000000495],[-86.75450200032309,39.470237000000495],[-86.75385700006763,39.4702409998712],[-86.75310300003223,39.47025000027299],[-86.7528760002515,39.470252000207964],[-86.75256999992975,39.47025600007785],[-86.75219800038407,39.47026699971878],[-86.75197300025316,39.47027500015002],[-86.75092899978954,39.47028099995273],[-86.75010000030936,39.4702889996889],[-86.74861800017781,39.47030099998485],[-86.74721499968898,39.47030599981863],[-86.74597399958184,39.47032699981001],[-86.74408899994248,39.470341000031894],[-86.7437459998108,39.47034599986279],[-86.74369300010736,39.47034599986279],[-86.74363600020594,39.47034699982891],[-86.74317900027147,39.47035300031889],[-86.74245600019819,39.47035300031889],[-86.74140599988677,39.47036999973957],[-86.73959599969216,39.47041199967732],[-86.7376280002121,39.47043400029505],[-86.73742399999762,39.47043800015448],[-86.73707599984306,39.47043900011928],[-86.73611500011842,39.47044999973127],[-86.73595799975958,39.4704509996959],[-86.735585000389,39.47045600021236],[-86.73548800030461,39.470459000105976],[-86.7353319997707,39.470464999892876],[-86.73517600013508,39.4704709996792],[-86.73432199964223,39.47048399990791],[-86.733389000405,39.470511000321935],[-86.73259400036171,39.47052699974044],[-86.73223399961329,39.47054199988544],[-86.72997800025315,39.47059699992703],[-86.72942000003633,39.4706070002451],[-86.72868500026749,39.4706189997928],[-86.72804000001202,39.47063899972776],[-86.7274049998023,39.47064900003985],[-86.72636799990966,39.47068000023529],[-86.72630599998539,39.47068100019661],[-86.72530300042796,39.470691999770395],[-86.7235330004163,39.47069600030841],[-86.722293999959,39.470686999964364],[-86.72099599995047,39.470669999927665],[-86.71900800037892,39.470646000154424],[-86.71810000035774,39.47063000006981],[-86.71553199992975,39.470603999664405],[-86.71102699998387,39.47054799966513],[-86.70751000042512,39.47052399984976],[-86.70705000011758,39.47051500017693],[-86.70613399970046,39.47051600014062],[-86.7039479997622,39.47051999999533],[-86.70185999973326,39.470530000324466],[-86.7008980001837,39.47052899966751],[-86.6983850000073,39.47053700006863],[-86.69790799998133,39.470538999995405],[-86.69679699957052,39.47053400017837],[-86.6955129998057,39.4705469997019],[-86.69165599959003,39.47054299984874],[-86.69077600005622,39.47053500014179],[-86.68843299975914,39.47055100024825],[-86.68819699975758,39.47053400017837],[-86.68803000025133,39.470503999881736],[-86.68788600031128,39.47046599985729],[-86.68775999991458,39.4704170001966],[-86.6876350002411,39.47034000006569],[-86.6875010003468,39.47023799996818],[-86.68735300020882,39.470146000105515],[-86.68726500034525,39.47010999982465],[-86.68716900008577,39.470088999767825],[-86.68705500028298,39.47007300024859],[-86.68687100015995,39.47006099991325],[-86.68611799994945,39.470062999853724],[-86.68571000041878,39.470062999853724],[-86.68687500035793,39.470690999809186],[-86.68696900006924,39.47788899989717],[-86.68704400041231,39.4847120001552],[-86.6872760002159,39.48470499975736],[-86.68739099984364,39.484724999802665],[-86.68747399968431,39.48478299969348],[-86.68749999962358,39.48916799967556],[-86.68748100025532,39.49615500007864],[-86.68746600018672,39.4962880001723],[-86.68750600036968,39.4993689998073],[-86.68750600036968,39.5004879996615],[-86.68750600036968,39.50066900012324],[-86.68751899989017,39.50173199999665],[-86.68758900021035,39.50700699972926],[-86.68758599983732,39.507022999762526],[-86.68757400014174,39.513886999945626],[-86.68756599974581,39.51860400017328],[-86.68756599974581,39.518742000086604],[-86.68756099972296,39.52190199979732],[-86.68538900002841,39.52130300006471],[-86.68443400015154,39.52171600029804],[-86.6847270000545,39.52214799991236],[-86.68334500038038,39.52266699986563],[-86.68334899968002,39.52335799987873],[-86.68334399965714,39.52365800013664],[-86.6825450003142,39.52399300002482],[-86.68246599977319,39.52471100016636],[-86.68294199997425,39.52584599989888],[-86.68279300001133,39.526537000153844],[-86.68227599980239,39.5268990000105],[-86.68108300027414,39.52752700010083],[-86.68038899961489,39.52714899980895],[-86.67914599985791,39.52688199985847],[-86.6781089999653,39.527195000156055],[-86.67829599956303,39.52791999996012],[-86.67817300043771,39.52846800015692],[-86.67812700040696,39.528682000098804],[-86.67808200020112,39.52897299980019],[-86.67768700019091,39.5294150001755],[-86.6772140003629,39.52999800033011],[-86.67476599958552,39.52889600007407],[-86.67402199959584,39.52911799997948],[-86.6728990003878,39.529453999665975],[-86.6737789999216,39.53077699973073],[-86.67307000009203,39.53153400010552],[-86.67208799955266,39.53211200024192],[-86.67053799964904,39.53349499985785],[-86.67037699999058,39.53366800017947],[-86.67076299977995,39.53409800008864],[-86.67178700015211,39.534695000145],[-86.67272899961019,39.535429000200985],[-86.67154699995258,39.53616899977643],[-86.6704070001278,39.535981999979754],[-86.66904999966971,39.5356839997518],[-86.6684849997802,39.535695000127],[-86.66750499978899,39.535717000179474],[-86.6669359997015,39.53586999994185],[-86.66719599999249,39.536264999802356],[-86.66756400023853,39.53660600014899],[-86.66650200023155,39.537322999722896],[-86.66552300006522,39.53784800007954],[-86.6651559996441,39.538086000263256],[-86.66404000010876,39.53868299996838],[-86.6632550001112,39.53938000001076],[-86.6622829996176,39.54043699990876],[-86.66315499965378,39.54143799993681],[-86.6632469997153,39.54236399998315],[-86.66269600006947,39.54339600025781],[-86.66178300002541,39.544321999809625],[-86.66037200003895,39.544393999696965],[-86.65984300013446,39.545079000026256],[-86.6608890002479,39.545530000038426],[-86.66147000003096,39.545974000122314],[-86.66095000034727,39.54698100005768],[-86.66002700025747,39.54686000027046],[-86.65973600000434,39.54728700015248],[-86.65912400025914,39.547754000016155],[-86.65816000016144,39.54742300006929],[-86.65780699998403,39.54797100008914],[-86.65832500001788,39.54829399973576],[-86.65784700016701,39.54896200006983],[-86.65641500026416,39.549091000020766],[-86.65597900024606,39.549895999735966],[-86.65497099976744,39.5515159999996],[-86.65394200027073,39.55196600024775],[-86.65296899995222,39.550918999861814],[-86.65242099978113,39.5499190003426],[-86.65140700035302,39.54999200016974],[-86.651299000398,39.55062299974375],[-86.6512850001543,39.552029999796616],[-86.65179800016527,39.554494999666105],[-86.65222300031273,39.55596100031641],[-86.65248000023067,39.55717000025239],[-86.6526240001707,39.5576030002855],[-86.65296399992933,39.55828400007056],[-86.65330200003814,39.55943900010169],[-86.6531510004254,39.55964500029278],[-86.65252799991124,39.56031200000843],[-86.6519260002118,39.560286999962464],[-86.65080599958017,39.56047999969596],[-86.65003599965125,39.56124699996722],[-86.65004800024512,39.56152100028674],[-86.65004800024512,39.56154399980937],[-86.65005900011577,39.56178299978716],[-86.65005900011577,39.56181200012831],[-86.65006900016152,39.5620899997266],[-86.65070000017327,39.56310699999183],[-86.65078300001396,39.56323799998635],[-86.65079600043275,39.56325200019317],[-86.65121700038223,39.56370899985185],[-86.65064699957153,39.56415499994424],[-86.6497939998019,39.564327000014714],[-86.64913600002596,39.56499899966315],[-86.64832000006628,39.56544099983681],[-86.64831900024136,39.56587400017203],[-86.64902700024602,39.566172000253815],[-86.64989199971119,39.56607200015532],[-86.65030099996513,39.56641600005502],[-86.6514199998735,39.5661040000086],[-86.65171899962425,39.56554400009769],[-86.6523560003821,39.56544099983681],[-86.65300800031025,39.56501900014234],[-86.65351299992534,39.564600999938364],[-86.65356800017692,39.56460799990452],[-86.65399400014927,39.56471699997913],[-86.65423199980064,39.564974999911506],[-86.65466899964366,39.56609600021981],[-86.65493700033056,39.566376999866286],[-86.65490200017048,39.56674800006303],[-86.65468899973513,39.56704799977113],[-86.65474099961367,39.567747000094066],[-86.65488700010185,39.568096999662906],[-86.65533700036364,39.56849699997458],[-86.65547899975557,39.56862299979567],[-86.65553900003,39.56872299967754],[-86.65533499981551,39.56894099987576],[-86.65490399982029,39.5694029997583],[-86.65454999981796,39.5701279997695],[-86.65479900023831,39.57031399973191],[-86.65615900017113,39.57060300025082],[-86.65619199978309,39.57061000030353],[-86.65665499956535,39.57070900018233],[-86.65703899970492,39.57112000026568],[-86.65702799983426,39.57124799996593],[-86.657001999895,39.57156300009366],[-86.65693099974989,39.572360000314234],[-86.65754400021828,39.57240900011916],[-86.65858299976074,39.57272600026742],[-86.65873699974654,39.5731040002226],[-86.65817600005497,39.57323300028517],[-86.65717000012448,39.573473000004334],[-86.65683700003855,39.57329700029151],[-86.6559609998044,39.574157999869314],[-86.65552999980918,39.57474299983356],[-86.65607499960723,39.57479500026854],[-86.6568830000693,39.57510399975821],[-86.65680100005355,39.57531899975796],[-86.65730599966861,39.57565699977167],[-86.65793199965749,39.57604199986693],[-86.65855500017166,39.57629800024296],[-86.65872800042402,39.577332999914326],[-86.6591560000462,39.57836400017701],[-86.6595939997141,39.57920599976665],[-86.65937500032932,39.57943000030808],[-86.65885800012036,39.579421999979736],[-86.65834599993428,39.579910000316296],[-86.65901799995393,39.58084600025619],[-86.65889300028044,39.58147200008229],[-86.65852900023238,39.58142100025494],[-86.65800700000057,39.581877000188996],[-86.65772800034131,39.582784000007166],[-86.65720899958423,39.582869999835616],[-86.65689800013791,39.58323999997333],[-86.65763999957944,39.58315100003645],[-86.65763200008183,39.58343100006656],[-86.6570320000322,39.5837760000933],[-86.65789300019776,39.584374999981044],[-86.65800600017565,39.585187999684855],[-86.65698900037452,39.58539799969836],[-86.65543199989989,39.58588099966806],[-86.65552499978632,39.586210999861514],[-86.6558460001767,39.58647700032102],[-86.65590700027604,39.587338000253645],[-86.65555499992354,39.5877409999853],[-86.65529299998272,39.587483999980556],[-86.65527399971613,39.587467000132484],[-86.65511800008055,39.587313999927716],[-86.65415200033301,39.5877409999853],[-86.65411999964765,39.58926400000139],[-86.65356900000184,39.590085000284304],[-86.6539819995554,39.590997000119465],[-86.6537220001627,39.59162500021902],[-86.6530879997779,39.592768999707424],[-86.6528690003931,39.59379200009667],[-86.6522500000769,39.59398399974868],[-86.65197499971728,39.59442900001826],[-86.65211899965732,39.5950650000643],[-86.65194200010531,39.59569400021331],[-86.65290700002792,39.59601600024939],[-86.65422400030305,39.59617799993803],[-86.65522900040861,39.59671099967082],[-86.6553470004094,39.59677399992401],[-86.65535099970904,39.597232000317064],[-86.65547399973269,39.59762099976416],[-86.65703500040527,39.599305999916304],[-86.6570570001466,39.599356000237336],[-86.65707899988789,39.59941100006426],[-86.65706399981926,39.599525999812904],[-86.65695699968916,39.59969599966334],[-86.65689899996283,39.59985499989909],[-86.65692599972702,39.600184999980854],[-86.65698500017656,39.60033800013965],[-86.6570239996363,39.60043799994769],[-86.65702299981139,39.6006030001805],[-86.65701500031379,39.6007350000837],[-86.65693699959768,39.60090499973524],[-86.65675800039584,39.60116199978824],[-86.6566500004408,39.60139499997894],[-86.65656400022708,39.60157900016669],[-86.65637000005832,39.601979999818894],[-86.65617000004178,39.602269999948504],[-86.65589800005522,39.602698000016595],[-86.65541900037941,39.60331700015942],[-86.65522600003557,39.60359699967235],[-86.65514700039284,39.60381599965918],[-86.65513200032424,39.60397500012587],[-86.65518099982974,39.60420099973002],[-86.65534900005922,39.60453099986683],[-86.6553480002343,39.60477199996729],[-86.65527600026428,39.604948000030475],[-86.65516900013415,39.60510699997432],[-86.65506200000402,39.60527699996749],[-86.65481199975878,39.60550699986395],[-86.65460500006955,39.60567700025935],[-86.65448299987081,39.60587899972238],[-86.65429799992289,39.606121000064405],[-86.65422599995286,39.60628000008323],[-86.65422500012795,39.606521000325415],[-86.65424500021943,39.60676900028196],[-86.65424299967131,39.60708200006696],[-86.65414200028728,39.60745499983816],[-86.65403400033225,39.60767999978431],[-86.65387000030071,39.607931999990925],[-86.6537980003307,39.60799200023451],[-86.65364199979676,39.6080910000037],[-86.65325299963435,39.60820599987242],[-86.65298400002082,39.608367000059836],[-86.65276999976058,39.608630999776175],[-86.65260599972905,39.608808999818926],[-86.65241499993333,39.60896000020792],[-86.65234299996331,39.60917100018158],[-86.65230299978033,39.609518000140476],[-86.65221599974171,39.609736000050894],[-86.65207400034981,39.609902000309596],[-86.65187599998308,39.6100369998847],[-86.65162900011089,39.610148999891166],[-86.6510469996046,39.61052299977411],[-86.65098999970319,39.61056400008432],[-86.65079899990748,39.61070099979707],[-86.65054299981445,39.61086299973899],[-86.65025099973639,39.61100300029764],[-86.65000200021437,39.611116000141664],[-86.6497799995582,39.61109999988099],[-86.64965900008269,39.611068000040575],[-86.64955199995258,39.611030000081165],[-86.64943700032484,39.61087700001517],[-86.64944300017264,39.6107550002812],[-86.64947099976172,39.610644999916914],[-86.64954799975462,39.61049599979287],[-86.64958299991471,39.61037900021379],[-86.64959100031062,39.61030100015389],[-86.64956199999833,39.610240999835085],[-86.64926800027044,39.610117000303255],[-86.64904599961429,39.609907999819576],[-86.64884499977283,39.60981600012518],[-86.6485950004259,39.60978999990356],[-86.6481319997453,39.60981700016014],[-86.64791099981237,39.609928999830416],[-86.64764800004663,39.61012299979455],[-86.647456000426,39.610352000176384],[-86.64734400027301,39.61054600033937],[-86.64732400018154,39.61089399965473],[-86.64742200009083,39.61122699977215],[-86.64742499956554,39.611239999960375],[-86.64782700014678,39.61203999992612],[-86.64797000026192,39.612398000013556],[-86.64798799980527,39.61261999982989],[-86.64795600001821,39.61291700031308],[-86.64788300022326,39.6130680000469],[-86.64773300043545,39.61333599976704],[-86.64769699955212,39.61393000023597],[-86.64774400030609,39.61412000016979],[-86.6477879997887,39.614473000042864],[-86.64776600004741,39.61456399981041],[-86.6475960001681,39.61470199987609],[-86.64724499964049,39.61474800029816],[-86.64688899998835,39.6147320001849],[-86.64659600008538,39.61467999996429],[-86.64630999985512,39.61466599976511],[-86.64606600035596,39.61465800004546],[-86.64587700021008,39.61470900031835],[-86.64571499982837,39.614761999788726],[-86.64539000013836,39.61495799997137],[-86.64513599969514,39.61518800023353],[-86.64498599990732,39.6153810000383],[-86.64481000018023,39.61557899975571],[-86.64467799993575,39.61590299995891],[-86.64469200017945,39.6162659998461],[-86.64465600019444,39.616528000013496],[-86.64458300039949,39.61667900017453],[-86.64446000037586,39.61684099996724],[-86.64428600029859,39.61694100016267],[-86.64386000032624,39.6171520000317],[-86.64349899975291,39.61737100004853],[-86.64329600026161,39.617593999754966],[-86.64315999981918,39.61773399984899],[-86.64301400022931,39.61802900000976],[-86.64291299994697,39.61834200009578],[-86.64284799964965,39.61864900001444],[-86.64284599999982,39.6191339997459],[-86.64293200021355,39.61939700002531],[-86.64316900004002,39.61958600028251],[-86.64350899979864,39.61988200005094],[-86.64363799967006,39.620061000114845],[-86.6436810002261,39.62031199965664],[-86.64366600015747,39.62051800022698],[-86.64356400005023,39.62077000006401],[-86.6434920000802,39.62102099980227],[-86.64345400044536,39.62111899975072],[-86.64342000011018,39.62120899990595],[-86.64339699964563,39.621450999942724],[-86.64342299958491,39.62197299975414],[-86.64339400017091,39.62206599975666],[-86.6433580001859,39.62214899968314],[-86.64327899964486,39.622301999745254],[-86.64328600021588,39.622412000268305],[-86.64342000011018,39.62259400025912],[-86.64389200011328,39.62333100022126],[-86.64401099993897,39.62366099981862],[-86.64408100025916,39.62393600024142],[-86.64416400009985,39.624336999800086],[-86.64413399996262,39.62463900031482],[-86.64410499965031,39.624775999848026],[-86.64402699983249,39.62504799985472],[-86.644006999741,39.62515800016428],[-86.64396400008332,39.62532800004719],[-86.643942000342,39.62566799994386],[-86.6440200001598,39.625987000269326],[-86.6440979999776,39.62615199981287],[-86.64421900035141,39.62634999985282],[-86.64436800031434,39.62653599973066],[-86.64478699971569,39.62690500000598],[-86.64489300002089,39.62706400002983],[-86.64497800040971,39.627240000156746],[-86.64499299958,39.627383000146466],[-86.6449850000824,39.62750900013433],[-86.64493599967861,39.62764600021228],[-86.6448009999594,39.62788199985177],[-86.64471499974566,39.62811299983335],[-86.64461600001147,39.62819499965633],[-86.64450899988134,39.62825000009909],[-86.64424600011561,39.62828900005946],[-86.64397599977886,39.628304999806225],[-86.64379199965585,39.62836499968853],[-86.64364900043904,39.62849699993819],[-86.64354300013383,39.62865100025715],[-86.64332899987359,39.62904600024044],[-86.64314800012362,39.62929399975892],[-86.64290999957392,39.62950799996241],[-86.64263299956448,39.62964999966749],[-86.64224199975224,39.62979800032641],[-86.64191500041241,39.62993599976741],[-86.6417449996348,39.63004000007667],[-86.6416400000528,39.630064000125856],[-86.64174700018292,39.630064000125856],[-86.64188399955195,39.63006299969158],[-86.65103800028207,39.6301550001502],[-86.6598110003474,39.63024300014348],[-86.65998200005163,39.630245000315035],[-86.66036799984099,39.630248000226224],[-86.6612690001895,39.63025699995915],[-86.66138200016741,39.63025900013025],[-86.66153199995524,39.630259999869864],[-86.66192000029277,39.630264999951386],[-86.66281499989516,39.630265999690906],[-86.66550299997375,39.63026900029306],[-86.66640000012427,39.63027000003253],[-86.66709200023543,39.63027299994269],[-86.66916799967049,39.63028399984273],[-86.66938699995362,39.63028600001305],[-86.66968599970436,39.63029100009269],[-86.66985999978162,39.6302930002628],[-86.66997899960732,39.63029499974099],[-86.67029099977685,39.63030199998983],[-86.67085800021452,39.63030799980723],[-86.67115799979017,39.63030999997686],[-86.67283999993826,39.630314000315984],[-86.67464400028508,39.63033499967092],[-86.67599900019502,39.63034499982274],[-86.68084100042482,39.63039299970114],[-86.681417000185,39.63039299970114],[-86.6822420003655,39.63039999994005],[-86.68339999973365,39.630410000082485],[-86.68371600010114,39.63040799991575],[-86.68454999960419,39.63041299998657],[-86.68653499970098,39.630433000266216],[-86.68734800018593,39.6304360001693],[-86.68740599991224,39.630436999906365],[-86.68740099988938,39.63092999996217],[-86.68738800036891,39.63241200031521],[-86.68738499999584,39.63290599983503],[-86.68738400017095,39.63305099996548],[-86.68739099984364,39.634030000254974],[-86.6873809997979,39.63456900000384],[-86.68737800032316,39.63480300020207],[-86.6873809997979,39.63562800024442],[-86.68736999992726,39.63775199968355],[-86.68735700040676,39.639557999985776],[-86.68735599968353,39.63983399977558],[-86.68735400003371,39.640239000345524],[-86.68735300020882,39.640915999808],[-86.68734999983575,39.64122200029734],[-86.68734499981288,39.64173500005359],[-86.68734200033816,39.644879000326824],[-86.68734200033816,39.645030000183674],[-86.68734700036103,39.64567999969177],[-86.68735300020882,39.646349999834406],[-86.68734200033816,39.64765799979695],[-86.68733399994224,39.65065499997774],[-86.68732300007157,39.65233399984611],[-86.68731800004869,39.65418799968629],[-86.68730899982788,39.65573200012096],[-86.68730800000296,39.655850999910434],[-86.68730600035315,39.65798300020468],[-86.68731200020092,39.65879800016293],[-86.68731100037601,39.65900700028919],[-86.68730999965278,39.65923900006972],[-86.68730800000296,39.65948599989527],[-86.68730800000296,39.659509000091695],[-86.68730800000296,39.65982599994435],[-86.68730899982788,39.6602009996554],[-86.68729999960705,39.66130600007483],[-86.68729899978213,39.66147099973541],[-86.6872960003074,39.662953999781564],[-86.68728700008656,39.666699000223915],[-86.68728399971351,39.668496999818984],[-86.68728399971351,39.668524999863415],[-86.68728100023878,39.66890099995343],[-86.68727299984286,39.67011300001169],[-86.68727100019305,39.670518000225975],[-86.68726399962203,39.671528000122954],[-86.68726199997221,39.67255299983555],[-86.68725199992646,39.674011999888414],[-86.68720199969775,39.684408000298056],[-86.68717599975848,39.68814099983976],[-86.6871620004131,39.691965999866554],[-86.68715099964413,39.69323199995579],[-86.68713800012364,39.69716799987013],[-86.68713700029875,39.69760000026848],[-86.68713200027587,39.698205000181986],[-86.68712499970485,39.69926500021133],[-86.687119999682,39.701316000246095],[-86.687119999682,39.701604999950156],[-86.68713099955262,39.70235399982314],[-86.68713200027587,39.7023840001221],[-86.68713800012364,39.70247500032711],[-86.68713999977346,39.702505999959456],[-86.68714099959838,39.7025280002697],[-86.68714099959838,39.702549999881825],[-86.68714499979635,39.702584999784385],[-86.68713800012364,39.70404900006644],[-86.68711800003217,39.70854600012466],[-86.68711200018438,39.7100459999386],[-86.68710399978845,39.71148500011691],[-86.687091000268,39.71429599966321],[-86.68708299987206,39.71580499986693],[-86.68707600019937,39.71724500000764],[-86.68707399965125,39.71758100029807],[-86.68707500037445,39.717747999973334],[-86.68707299982633,39.71779400025145],[-86.68706699997854,39.71885999966471],[-86.68706500032872,39.71910199991637],[-86.6870009998563,39.727864000274025],[-86.68695999984841,39.738455999869544],[-86.68695900002349,39.73888099977835],[-86.68693200025932,39.746104000329794],[-86.68693200025932,39.74622700033002],[-86.68686699996199,39.74787099982122],[-86.68686500031217,39.747915999922434],[-86.68677999992336,39.75009600009035],[-86.68679300034215,39.753599000238744],[-86.68681199971041,39.758726000315114],[-86.68681199971041,39.75883799972954],[-86.68681300043363,39.75895100029213],[-86.68681400025855,39.75904600023055],[-86.68682199975616,39.7608190001426],[-86.68684799969542,39.761709000271885],[-86.68685199989336,39.76190799985157],[-86.68684500022069,39.76217200013797],[-86.68684299967255,39.76294200008362],[-86.68684000019782,39.76306499971229],[-86.68682799960393,39.766040999918516],[-86.68683500017495,39.767162999820535],[-86.6868329996268,39.770108999838875],[-86.68681699973328,39.77455200021106],[-86.68681400025855,39.77611100023885],[-86.68680000001484,39.779873999971365],[-86.68679900018994,39.78111799966362],[-86.68680800041076,39.78205199999392],[-86.6868040002128,39.782484999788686],[-86.68680099983976,39.78284000031723],[-86.6867969996418,39.784117000311554],[-86.6867969996418,39.78452200032061],[-86.68679099979403,39.78557799988638],[-86.6867969996418,39.78783899988501],[-86.68679099979403,39.789013999696316],[-86.68678900014419,39.789462000041226],[-86.68679499999199,39.79064700015346],[-86.68679499999199,39.79068299968708],[-86.68678800031928,39.793277999849906],[-86.68678400012132,39.79541300018481],[-86.68677700044863,39.79670700026571],[-86.68678800031928,39.799316000284186],[-86.68678599977115,39.800788999760556],[-86.68678800031928,39.80117099971736],[-86.68679599981688,39.802461999790836],[-86.6867969996418,39.803802999876055],[-86.68679800036503,39.80446400032657],[-86.68679099979403,39.80528099968525],[-86.68679099979403,39.80697700018883],[-86.68679199961892,39.808126999984516],[-86.68680699968753,39.80946600018315],[-86.6868040002128,39.811088999964966],[-86.68681000006059,39.81259900013443],[-86.68680699968753,39.81288900026799],[-86.6868040002128,39.813202999746856],[-86.6868109998855,39.815064000221255],[-86.68681199971041,39.81650099993536],[-86.68681500008346,39.818310999797134],[-86.68681500008346,39.818396999860006],[-86.68681199971041,39.81967600022315],[-86.68680699968753,39.823243999788254],[-86.68681000006059,39.82476999966953],[-86.68680900023568,39.825736999986646],[-86.68679599981688,39.826379999873836],[-86.6867759997254,39.82656599972544],[-86.68668299983898,39.827068000053245],[-86.68665299970175,39.827314999913966],[-86.68664500020415,39.8279160002929],[-86.6866700003185,39.82846199997289],[-86.68667100014342,39.82874199969982],[-86.68667100014342,39.82977400019206],[-86.68667600016627,39.83045200004654],[-86.6866769999912,39.83049100030469],[-86.68666699994546,39.83067399989379],[-86.68667600016627,39.83184399974493],[-86.68670399975537,39.83277500027733],[-86.68675999983186,39.83390599984676],[-86.6868030003879,39.834500999812434],[-86.68681000006059,39.834957999678494],[-86.68681400025855,39.835546000057924],[-86.68681699973328,39.8360059998062],[-86.68681900028142,39.83625199974486],[-86.68681599990838,39.837385999879736],[-86.68681599990838,39.83784699990254],[-86.68681400025855,39.83857000024016],[-86.68681300043363,39.83985200008306],[-86.68681900028142,39.84073899972724],[-86.68682400030428,39.841463000096056],[-86.68681599990838,39.842499999712935],[-86.68681699973328,39.84291499974859],[-86.68682299958107,39.84419400028229],[-86.68681599990838,39.84503300013768],[-86.68682799960393,39.846083999818454],[-86.6868319998019,39.84727400014128],[-86.68683599999986,39.848249999807315],[-86.68684199984763,39.84872699969391],[-86.68683000015209,39.849322000217484],[-86.68682900032717,39.849648000225386],[-86.68682599995412,39.85158399984558],[-86.68683000015209,39.85241100009318],[-86.68683599999986,39.853333000118],[-86.68683799964967,39.8536200001824],[-86.68683599999986,39.85387400005533],[-86.68682900032717,39.85550000026262],[-86.68682799960393,39.856043000193765],[-86.6868319998019,39.856338999865855],[-86.68684600004559,39.857227000187166],[-86.68685100006847,39.85752400016504],[-86.68685000024355,39.858958000285476],[-86.68685000024355,39.860850999723596],[-86.68685199989336,39.86209799979713],[-86.68684699987051,39.86326199975883],[-86.68684299967255,39.86469699973982],[-86.68684900041865,39.86472699967142],[-86.68684299967255,39.86481300023],[-86.68684299967255,39.8648420003219],[-86.68848399981276,39.86484000005441],[-86.69340999970814,39.86483499973022],[-86.69366099977829,39.86483499973022],[-86.69480999982392,39.86484600016718],[-86.69505199967324,39.86484499968876],[-86.69506699974187,39.86484499968876],[-86.69511199994773,39.86484499968876],[-86.69512700001631,39.86484499968876],[-86.69512799984123,39.8648319996734],[-86.69924500034793,39.86484600016718],[-86.70097500017658,39.86484600016718],[-86.70215000016147,39.864843999899804],[-86.70545900020608,39.86484699995611],[-86.70925500032241,39.86484099984343],[-86.70971100043197,39.8648420003219],[-86.71039299959905,39.864849000223394],[-86.71041400041376,39.864849000223394],[-86.71226600044119,39.86485500033532],[-86.71343399985506,39.86486399981281],[-86.7140289998818,39.86486200023549],[-86.71516000038407,39.86486099975731],[-86.7183870004129,39.86486699986824],[-86.71864299960764,39.8648679996568],[-86.7220329998431,39.86487099971206],[-86.72319299975936,39.86487299997859],[-86.72608000002957,39.86486200023549],[-86.72814600031724,39.8648679996568],[-86.73600600033848,39.86488500019784],[-86.73762200036433,39.86488500019784],[-86.73850400044626,39.86489999977943],[-86.74319199979193,39.86489500014909],[-86.74618000034448,39.86490100025704],[-86.74764999988216,39.86491100020597],[-86.75000300022499,39.86491599983515],[-86.75016499970837,39.86491599983515],[-86.75164799966484,39.864931000099446],[-86.75315400008584,39.864934000151884],[-86.75374099971668,39.864934999939535],[-86.75496900030332,39.86495499982601],[-86.75612400019673,39.86495499982601],[-86.75653299955233,39.86495499982601],[-86.75653400027555,39.864941000044],[-86.76068000019625,39.864943000308536],[-86.76427299992298,39.86496499976707],[-86.76846499987441,39.86497699997017],[-86.77392800007021,39.86501599992635],[-86.77552999985237,39.865027000334344],[-86.77887700043011,39.865022000023735],[-86.78048400023513,39.86503100016884],[-86.78381199964801,39.865034000216916],[-86.78642600010673,39.865064000001155],[-86.78688399986613,39.86506900030865],[-86.78778100001668,39.86508300006456],[-86.78860600019719,39.86510299990789],[-86.78924899990453,39.86510999978276],[-86.79321300025033,39.8651530001802],[-86.79321300025033,39.8651639998767],[-86.79737900026252,39.865192000036394],[-86.79874000002025,39.865201000159146],[-86.79901399965662,39.865201999942855],[-86.79914500007621,39.86525599996444],[-86.79921399967317,39.86519500007743],[-86.79928399999338,39.865146000309764],[-86.7994620002686,39.865140000223235],[-86.80127499993795,39.86512700026381],[-86.80164300018397,39.86513599970558],[-86.80205900011059,39.86512700026381],[-86.80217399973832,39.8651280000486],[-86.80251400039525,39.865130000307694],[-86.80307199971377,39.86515199970626],[-86.8044819998753,39.86516600013474],[-86.80567699995169,39.8651639998767],[-86.80786600026298,39.86522099996809],[-86.8084379998252,39.86522400000785],[-86.80863700001683,39.86522499979127],[-86.80903799987482,39.86522400000785],[-86.80904999957039,39.86522400000785],[-86.80967899993232,39.865221999751505],[-86.80982000039762,39.86521199984791],[-86.81001200001825,39.865220000184614],[-86.81053500007498,39.86521700014467],[-86.81120799991953,39.86522400000785],[-86.81422099968813,39.865256999747345],[-86.8154090000918,39.86525200014306],[-86.81831399990537,39.865297999798564],[-86.81906799994077,39.865297999798564],[-86.82207999988447,39.86529700001626],[-86.82683199970256,39.86533800004358],[-86.82952700035214,39.86534199985995],[-86.82991399996645,39.86534899971038],[-86.83085999962248,39.86536399988006],[-86.83527000003211,39.8653739997615],[-86.83760999995617,39.86539700024172],[-86.83925000027146,39.865425000306274],[-86.8396129995963,39.86542699986719],[-86.83962699984,39.86542699986719],[-86.84285999971661,39.865445999830115],[-86.84527099978577,39.865498000100814],[-86.84745000005132,39.86550299968717],[-86.84833700015614,39.865510999989944],[-86.85034499981914,39.86552799968217],[-86.85317299963981,39.86552399987666],[-86.854601000243,39.8655260001242],[-86.8557629998091,39.86553299995586],[-86.85578500044872,39.86553299995586],[-86.85669000009688,39.86553699976086],[-86.85922500001458,39.86554200003388],[-86.86014300008152,39.86556399998986],[-86.8602819999987,39.86556399998986],[-86.86720999970929,39.86556000018644],[-86.87118999994861,39.86555000033211],[-86.87500799980626,39.86584499990383],[-86.89883399991729,39.86602699996519],[-86.90039300004173,39.865942000011785],[-86.90117200019148,39.86591899971426],[-86.90305099998308,39.86592499973267],[-86.9054040003259,39.865984999887814],[-86.90589399987236,39.86599300013439],[-86.9078310002886,39.86600999970714],[-86.9079020004337,39.86601100016857],[-86.92156000038649,39.86611799981482],[-86.93435200015088,39.86619400024837],[-86.936290000392,39.866104000270106],[-86.93632399982889,39.86605900023671],[-86.93640599984467,39.86602000018393],[-86.93653999973895,39.866008999935154],[-86.93674599960327,39.8660189997226],[-86.93696400006148,39.86602999996971],[-86.93748399974515,39.86603999975408],[-86.9397459998514,39.86606999978795],[-86.94057199985681,39.86608900026228],[-86.94612899976396,39.86616299980953],[-86.94705100002885,39.866189000022814],[-86.94803100002008,39.86619700024559],[-86.94984600023756,39.86619800001483],[-86.95475500041448,39.866248000178636],[-86.95506500003589,39.86624899994714],[-86.95506599986079,39.8662360001978],[-86.95575399977396,39.86623699996647],[-86.95944899960794,39.866263999919994],[-86.96238500028197,39.86628600033391],[-86.9689060002868,39.86634900016397],[-86.97079199975107,39.86635500014477],[-86.97089999970609,39.866406999726514],[-86.97099500014066,39.86642699987341],[-86.9718560003062,39.86644499979372],[-86.97344200019482,39.866455999972594],[-86.9753140003137,39.866450000000626],[-86.97587500000527,39.86645200022117],[-86.97711000026462,39.86646100017864],[-86.97787299962255,39.86646100017864],[-86.98086600019796,39.86648299983993],[-86.98300699993037,39.86652200031901],[-86.98344499959829,39.86650599994837],[-86.98349599965192,39.86649199979333],[-86.98356900034517,39.86647300012013],[-86.9836839999729,39.866417000145454],[-86.9837199999579,39.866417999911434],[-86.98397799970076,39.866440000276015],[-86.9844799998411,39.86645500020711],[-86.98693799976591,39.86648800004401],[-86.98853899972315,39.86650299996462],[-86.99232800016678,39.86651599966336],[-86.99244399961941,39.866558000105165],[-86.99251399993962,39.86662800009485],[-86.99832500028997,39.86663199983601],[-87.00000999991279,39.86663300028842],[-87.00947699973906,39.8667049997253],[-87.00949699983055,39.86521499988812],[-87.00955899975482,39.86074699968403],[-87.0095799996712,39.859257999968435],[-87.00960300013574,39.85756500000997],[-87.00967299955764,39.85248799981603],[-87.00969699984708,39.85079599974126],[-87.009705000243,39.850174000202244],[-87.00973100018226,39.84831100027401],[-87.0097400004031,39.84769000032752],[-87.009769999642,39.8455739999674],[-87.00982800026665,39.8455739999674],[-87.00985199965778,39.845181999808574],[-87.00984900018304,39.84483300019606],[-87.00978200023589,39.84460099975466],[-87.00982900009157,39.841167999866],[-87.00984499998508,39.83936599986447],[-87.00989400038888,39.833962999685305],[-87.00991100010734,39.83216199990753],[-87.00991600013019,39.831927000000896],[-87.00993299984863,39.83122200028626],[-87.00994000041965,39.83098800020533],[-87.01003199958284,39.830925000339214],[-87.01008400035968,39.830868000049215],[-87.01010500027607,39.830832999762976],[-87.01012399964434,39.83076999975471],[-87.01013600023822,39.83070699968866],[-87.01013899971295,39.8306580001339],[-87.01014299991091,39.83061500020018],[-87.01014399973585,39.830555999765984],[-87.01014399973585,39.830512000169215],[-87.01014600028397,39.83038199972217],[-87.01014700010887,39.83033900030556],[-87.01014700010887,39.83030199985542],[-87.0101489997587,39.83022399979218],[-87.0101489997587,39.83019200005902],[-87.01015100030682,39.83015599982403],[-87.01015799997953,39.82994399989689],[-87.01015799997953,39.829875000043096],[-87.01015999962935,39.82903099970194],[-87.0101610003526,39.82900899976361],[-87.01017600042118,39.828750999773135],[-87.01017300004814,39.82853800002144],[-87.01018800011677,39.82763000004278],[-87.01018899994168,39.82689400014335],[-87.01019700033758,39.826583999751165],[-87.01019999981233,39.82618699981446],[-87.01020099963722,39.82613700013245],[-87.01021300023112,39.825784000265955],[-87.01021400005602,39.82526300017265],[-87.01023999999529,39.824340999900855],[-87.01025199969087,39.823359999960324],[-87.01027299960725,39.82274100009522],[-87.01028400037623,39.82209299997113],[-87.01028699985096,39.8215089999561],[-87.01029699989671,39.8206239998399],[-87.0103310002319,39.819385999747134],[-87.01034200010254,39.81876699996183],[-87.01035600034625,39.81829700016183],[-87.01035799999607,39.81823599994334],[-87.010366000392,39.81776299991779],[-87.01038200028552,39.81580399982066],[-87.01038300011044,39.81568400005389],[-87.01039399998106,39.8151829998683],[-87.010394999806,39.81506299970727],[-87.01041400007257,39.81321500002813],[-87.01041400007257,39.81320199989588],[-87.01042699959305,39.812722000031165],[-87.01042800031627,39.81258199975548],[-87.01042800031627,39.81252299970669],[-87.01042800031627,39.812345999946544],[-87.01042900014119,39.81228800024957],[-87.01042999996608,39.81214799978],[-87.01042900014119,39.812119000199104],[-87.0104240001183,39.81175400024032],[-87.01042599976813,39.811678000258425],[-87.01042699959305,39.811614999937355],[-87.010430999791,39.811447000179015],[-87.01049699991323,39.808296000188136],[-87.01053399972317,39.80564300031468],[-87.01055800001261,39.80429900028721],[-87.01058999979966,39.80290300018988],[-87.01059399999762,39.8020179999731],[-87.01060400004336,39.80128699987684],[-87.01058800014985,39.80120299985231],[-87.0105210002027,39.80114000028421],[-87.01043400016404,39.80110900014688],[-87.01043400016404,39.80108100007764],[-87.01040599967665,39.800828000290636],[-87.01039999982888,39.80024399971881],[-87.01039900000394,39.800056999670346],[-87.01039800017905,39.79764499979017],[-87.01039800017905,39.797518000209664],[-87.0104030002019,39.79700100014366],[-87.01041099969952,39.796877000329616],[-87.01041200042275,39.796779999963015],[-87.01043599981388,39.79480499979209],[-87.01050699995899,39.78888299992706],[-87.01053200007335,39.786908999656525],[-87.0105370000962,39.78660600006237],[-87.01055399981465,39.785697999737195],[-87.01055999966243,39.785395999897375],[-87.01056600040855,39.7847299998538],[-87.01058300012696,39.78273499989465],[-87.01058999979966,39.78206999994082],[-87.01059099962458,39.78193700014535],[-87.01059599964744,39.78153799990693],[-87.01059800019559,39.78140600008694],[-87.01062900015772,39.78103700012557],[-87.01072200004414,39.77993000010568],[-87.01075300000628,39.77956099982374]]]}},{"type":"Feature","properties":{"id":"18013","name":"Brown"},"geometry":{"type":"Polygon","coordinates":[[[-86.23430900009157,39.34192700004971],[-86.23434199970352,39.34192700004971],[-86.23585800017025,39.341906000263094],[-86.2404090001469,39.3418460000441],[-86.24091799995992,39.34184000029726],[-86.24192800008838,39.341828000107334],[-86.24224100008281,39.34182300008546],[-86.24261099997868,39.3418189997898],[-86.2430560002176,39.34181399976729],[-86.24318599991395,39.341812000313986],[-86.2435009995582,39.34180899974442],[-86.24456199974028,39.34179500009538],[-86.24774600011142,39.34175499989157],[-86.2485329997588,39.341746000259405],[-86.24880999976821,39.34173600020357],[-86.24938300005367,39.34171499966487],[-86.24983499996527,39.34170000026869],[-86.24998999977599,39.341693999814616],[-86.25110799985947,39.34167899971918],[-86.25168399961964,39.34167200022934],[-86.25226799977574,39.34167200022934],[-86.25402299971876,39.34167299995799],[-86.25460799969977,39.34167399968664],[-86.25463600018718,39.34168200029432],[-86.25492999991505,39.34168599990306],[-86.25555699972885,39.341677000262],[-86.25588999981477,39.34167500011003],[-86.25621100020517,39.34167399968664],[-86.25630699956632,39.34170699975572],[-86.2565950003447,39.34180599986947],[-86.25669099970587,39.34184000029726],[-86.25772299957562,39.3418189997898],[-86.26082199955793,39.34175900019089],[-86.2618550001509,39.34173999980922],[-86.2624450001548,39.34172800029687],[-86.2642190003644,39.341693999814616],[-86.2648100001932,39.34168300002284],[-86.26485500039905,39.34168200029432],[-86.26499199976807,39.34167899971918],[-86.26503799979882,39.34167899971918],[-86.26626100036259,39.34165400024776],[-86.26993100008224,39.34158200027498],[-86.27115499957262,39.34155900022948],[-86.27174100027685,39.34154699999126],[-86.27349899969461,39.3415130001157],[-86.27408600022376,39.34150200029544],[-86.27447399966296,39.341493999667215],[-86.27465899961088,39.341490999778756],[-86.27563799977719,39.34148700015885],[-86.27602699993962,39.34148599973278],[-86.27665700012646,39.34148299984397],[-86.27854799961361,39.341477999797426],[-86.27917899962539,39.341477000065964],[-86.28018799992891,39.34147400017678],[-86.28225400021658,39.341469000129585],[-86.28321800031425,39.3414560001442],[-86.28422800044271,39.34144300015636],[-86.28475300014928,39.34143500021609],[-86.28633099964198,39.34141500001406],[-86.28685799989665,39.34140900023022],[-86.28742199996128,39.34139999985875],[-86.28911400015511,39.34137699975335],[-86.28967900004463,39.34137000023327],[-86.29059899976139,39.341357000229436],[-86.2933599996349,39.34132199983304],[-86.29428100007489,39.341310999982774],[-86.29452899977201,39.34130599992392],[-86.29527600013472,39.341295000071085],[-86.29552600037998,39.34129200017408],[-86.2964569999674,39.341276999992424],[-86.29924999962797,39.34123299985775],[-86.30018199993862,39.34121900009328],[-86.30196000034617,39.34119099986125],[-86.30729499959715,39.341108000224054],[-86.30897300044559,39.34108299985367],[-86.30907399982962,39.34108200011656],[-86.31023799994385,39.341063999983],[-86.3137329997613,39.34101399989655],[-86.31489799970045,39.34099700017856],[-86.31586900036913,39.3409819999336],[-86.31661099981066,39.34097199976846],[-86.31878300040353,39.34099200009725],[-86.31975499999882,39.341002000259515],[-86.31980400040264,39.341002000259515],[-86.31995199964233,39.34100399973599],[-86.32000199987102,39.34100500016897],[-86.32089800019668,39.34101300015846],[-86.32358899974997,39.34103799985913],[-86.32368099981149,39.341039000291616],[-86.32448199970257,39.34095500004026],[-86.32483900007794,39.34091700022423],[-86.3259129997805,39.340805999875435],[-86.32607599998711,39.340789999848205],[-86.3262729996306,39.340786000188196],[-86.32770600025667,39.34075600029914],[-86.33200799981297,39.34067000022173],[-86.33344200026394,39.34064199976977],[-86.33470699976219,39.3406160001837],[-86.33850500042665,39.340540999907255],[-86.33977099974983,39.340516000028785],[-86.34267499973848,39.34045699975221],[-86.35139000007747,39.34028200020501],[-86.35143600010822,39.34028200020501],[-86.35429599971594,39.34023099980986],[-86.35437899955662,39.34022900031127],[-86.35462799997697,39.34022400017502],[-86.35471199964255,39.34022299973088],[-86.35481200009998,39.340219999787855],[-86.35511400022378,39.34021500034572],[-86.35521499960781,39.34021300015192],[-86.35529300032393,39.34021199970766],[-86.35576699997685,39.340202000127135],[-86.35639399979065,39.340191000100575],[-86.35742300018566,39.340168000292074],[-86.35797600037962,39.340157000260206],[-86.3580519996493,39.34015500006473],[-86.35837700023762,39.34014699997705],[-86.35958099963652,39.34012100020681],[-86.35998300021774,39.34011300011529],[-86.36045500022084,39.340102000074715],[-86.36187200005507,39.3400710001406],[-86.36234499988308,39.340060999845136],[-86.36346399979148,39.340035999794985],[-86.36682300006478,39.33996400023989],[-86.36764599969717,39.339945999818426],[-86.36794299979809,39.3399399999085],[-86.36807599986749,39.339937999706876],[-86.36847500007565,39.33993300024458],[-86.36860899996995,39.339931999796256],[-86.37093800002333,39.339903999743406],[-86.37505600035493,39.33985700017541],[-86.37792500018348,39.339809000125726],[-86.38025500006178,39.339770999686706],[-86.38048199984249,39.33976699996839],[-86.38116700028093,39.33975500011728],[-86.38139499988657,39.339752000154185],[-86.38129299977932,39.33432199977157],[-86.38129000030459,39.33411300015141],[-86.38116300008296,39.32728500028846],[-86.38109799978564,39.32378999973217],[-86.38109299976277,39.32349300026465],[-86.38105699977777,39.321566999813484],[-86.38099099965551,39.31803400010874],[-86.38089000027149,39.31260500014938],[-86.38085000008853,39.310503000302596],[-86.38082499997417,39.30911100026936],[-86.38081800030147,39.30865399968103],[-86.38075200017923,39.30419899987625],[-86.3807210002171,39.30209800015789],[-86.38071000034644,39.30135100005096],[-86.38064400022421,39.296764000325645],[-86.38064099985115,39.29659399967185],[-86.38062499995763,39.295365000290836],[-86.38046599994898,39.286780999919095],[-86.38044300038277,39.285549999667175],[-86.3803410002755,39.28008400017779],[-86.3803270000318,39.27929599984194],[-86.3802559998867,39.27458100003931],[-86.38023599979519,39.27326700010099],[-86.38018499974156,39.269880000183214],[-86.38014799993165,39.267404999681254],[-86.38013200003813,39.265768999732074],[-86.38011299977155,39.26418400007774],[-86.38011199994664,39.26403099996942],[-86.3801089995736,39.26387800022258],[-86.38010100007598,39.2631600003089],[-86.37999999979365,39.26186299991075],[-86.37997999970216,39.261548000144224],[-86.37999399994587,39.26038299992632],[-86.37999800014384,39.258094000128324],[-86.37999800014384,39.257579000052395],[-86.37997700022744,39.25551299998091],[-86.3799680000066,39.254655000330345],[-86.37996499963354,39.254335999744725],[-86.37995299993798,39.2531600002212],[-86.37994399971714,39.25219400011788],[-86.37994200006732,39.25208399984109],[-86.37993399967141,39.25122700029399],[-86.37993399967141,39.251197000264575],[-86.37993600021954,39.25110900005788],[-86.37993700004446,39.25108000030552],[-86.37957899984416,39.25107800034613],[-86.37920899994832,39.25108200026486],[-86.3787729999302,39.25107399973159],[-86.37842999979856,39.25106300030116],[-86.37782200025133,39.25104400033237],[-86.3770969996299,39.25102299970183],[-86.37686099962836,39.25101699981862],[-86.37588499983511,39.250993000280786],[-86.3754050003344,39.2509699996725],[-86.3743640002438,39.25094499978915],[-86.37410300012787,39.25093600030198],[-86.373913999982,39.25092999971571],[-86.37381799972253,39.250927000118054],[-86.37250299999556,39.250908000112354],[-86.372407999561,39.25090499981809],[-86.37240900028425,39.25087599998137],[-86.37241500013202,39.25078899970349],[-86.37241799960674,39.25076100015083],[-86.37242400035285,39.25066700017954],[-86.37244400044433,39.250385000205256],[-86.37245100011704,39.250292000068676],[-86.37245199994193,39.250241999809674],[-86.37245500031499,39.250096000184826],[-86.37245699996481,39.2500470001283],[-86.37246199998766,39.250015999947074],[-86.37246199998766,39.24999699969455],[-86.37246199998766,39.24994299993741],[-86.37246199998766,39.24992500000907],[-86.37245799978972,39.24970600016359],[-86.37243500022349,39.249016000056926],[-86.37233899996403,39.244311999816176],[-86.37220199969667,39.23828299975141],[-86.37219300037418,39.2380829997398],[-86.37210499961232,39.231786999753325],[-86.37208600024405,39.23042100031476],[-86.3720340003655,39.226583000133715],[-86.37199300035762,39.22355600010584],[-86.37189100025037,39.218078000208],[-86.37176900005164,39.21141200022544],[-86.37167100014234,39.205959000044594],[-86.37159499997436,39.20187400000175],[-86.3715899999515,39.20169300007119],[-86.37158900012659,39.20164400032133],[-86.37149299986712,39.19634399969591],[-86.37148100017154,39.19616699970565],[-86.37126299971334,39.192663000259856],[-86.37116099960609,39.191022999788295],[-86.3710409999555,39.189080999695385],[-86.3707870004106,39.18500100009359],[-86.37060900013537,39.18215100010043],[-86.37051100022606,39.18056900015328],[-86.37039200040039,39.17864800020514],[-86.37037099958567,39.17600800023114],[-86.37036300008806,39.17487999971429],[-86.37031100020954,39.168088000325454],[-86.37029699996583,39.16616800010167],[-86.37029199994296,39.16544800017364],[-86.37027100002656,39.16288799986659],[-86.37021199957702,39.15520900030345],[-86.37020900010228,39.154818999738886],[-86.37019599968347,39.15311900012731],[-86.37019200038384,39.1526499997212],[-86.37017099956914,39.1521549997906],[-86.37010799981994,39.15067000000646],[-86.37008899955336,39.150215999999],[-86.37008600007864,39.150175999756705],[-86.37008100005576,39.150115000022595],[-86.37004599989567,39.149691000147264],[-86.36993000044302,39.14823600007476],[-86.3699000003058,39.14785200021842],[-86.36989199990987,39.14775100033275],[-86.36989199990987,39.14765399984393],[-86.36989199990987,39.1475950001348],[-86.36989199990987,39.14713000010598],[-86.36989199990987,39.14702000030908],[-86.36989199990987,39.14697500034258],[-86.36989000026004,39.14692100006618],[-86.36985299955182,39.14633199990841],[-86.36978599960467,39.14524799995445],[-86.36974999961966,39.14466600009701],[-86.36973299990122,39.14440300028629],[-86.36969299971824,39.14376099981065],[-86.36969199989333,39.1437480000574],[-86.36966900032712,39.141569000151655],[-86.36965199971037,39.14001800004877],[-86.36955999964887,39.13119000005787],[-86.36953500043282,39.12878999970136],[-86.36952299983894,39.12757799990827],[-86.36949600007476,39.12504799991921],[-86.36949100005188,39.12477699970992],[-86.36944599984604,39.12242400015043],[-86.3692960000582,39.1145549997107],[-86.3692459998295,39.11193299987965],[-86.36924400017968,39.11152699993601],[-86.36923900015681,39.110312000039215],[-86.36923800033189,39.10990700006565],[-86.36923499995883,39.10931200033233],[-86.36922900011105,39.10752700027002],[-86.36922800028616,39.1069330002517],[-86.369225999738,39.10632700001731],[-86.36921999989023,39.10450900011991],[-86.36921800024042,39.10390299995849],[-86.36921499986735,39.10282799970282],[-86.36921300021754,39.10228499983854],[-86.36921499986735,39.10205000028619],[-86.36927599996673,39.096492000188064],[-86.36928500018757,39.095680999701074],[-86.36923099976089,39.09464099977493],[-86.36923499995883,39.094514999783904],[-86.36925000002745,39.09442699988901],[-86.36925500005033,39.09440299983529],[-86.36927000011895,39.09427899965975],[-86.3692740003169,39.09412400000519],[-86.36925599987524,39.0937830002631],[-86.3692450000046,39.09356800008312],[-86.36923999998172,39.09346999978036],[-86.36922499991309,39.09317699993397],[-86.36921999989023,39.09308000027099],[-86.36921400004246,39.092975000061394],[-86.36919999979875,39.09270000003311],[-86.36919599960079,39.09265999988895],[-86.36918899992808,39.09255600024459],[-86.36917300003456,39.091973000216576],[-86.36912500035399,39.09022500032774],[-86.36911000028537,39.08964299969274],[-86.3691329998516,39.08878300033276],[-86.3692030001718,39.08620299999759],[-86.36922699956293,39.08534399973134],[-86.36922300026328,39.08484399993059],[-86.3692109996694,39.083345000109674],[-86.36920700036976,39.08284600001985],[-86.3692039999967,39.08259400020243],[-86.3692039999967,39.08258200025509],[-86.36920800019466,39.08226000009213],[-86.36920599964652,39.08188200002643],[-86.36920700036976,39.08184100007461],[-86.36921800024042,39.08159000010545],[-86.36923499995883,39.08148999998843],[-86.36930000025617,39.08135499991942],[-86.36939399996751,39.081231999771106],[-86.36945599989178,39.08115199970123],[-86.36943800034844,39.080884999988285],[-86.36938399992175,39.080083999667835],[-86.36936700020333,39.07981800007378],[-86.36935499960944,39.07964599967655],[-86.36932000034767,39.07913300011249],[-86.36930899957869,39.07896200012624],[-86.36929000021043,39.078670999967656],[-86.36928900038552,39.07866200002988],[-86.36927099994385,39.07838000000359],[-86.36926599992098,39.07830600017596],[-86.3692609998981,39.07823300026999],[-86.36923599978375,39.07784900021833],[-86.36922999993597,39.077763999770006],[-86.36920999984449,39.077465000168864],[-86.36920099962367,39.07733700015284],[-86.36919599960079,39.07724999975882],[-86.3691820002554,39.077036000104606],[-86.36917600040762,39.07695300010643],[-86.36917499968439,39.07693099972081],[-86.3691680000117,39.07682599987814],[-86.3691680000117,39.07667400028735],[-86.3691689998366,39.07652299969525],[-86.36916999966151,39.07645200008561],[-86.36916999966151,39.07638099970722],[-86.36916999966151,39.076235000020716],[-86.36917300003456,39.075539999769255],[-86.36917600040762,39.07469800021939],[-86.36917600040762,39.074558000148336],[-86.36917600040762,39.07446400014403],[-86.36917700023253,39.07441899985285],[-86.36917800005745,39.07414600012117],[-86.36917999970726,39.0738740000917],[-86.36918800010318,39.071819999714826],[-86.36919800014891,39.0694079998843],[-86.36922200043837,39.06666999981814],[-86.36921900006531,39.0656619998022],[-86.36921599969227,39.06456700005107],[-86.36921599969227,39.06445499998083],[-86.36921599969227,39.06431600001395],[-86.36921599969227,39.06419000025909],[-86.36921599969227,39.06406499978187],[-86.36921499986735,39.063608999875015],[-86.36921400004246,39.06334600018788],[-86.36921400004246,39.06308300021845],[-86.36921400004246,39.06294900002428],[-86.36921300021754,39.06281500027327],[-86.3692109996694,39.062116000175855],[-86.3692109996694,39.06173299984682],[-86.36946500011263,39.05764500020698],[-86.36946799958734,39.057609999780574],[-86.3694850002041,39.05734899996006],[-86.36950399957234,39.05705099996626],[-86.36952100018911,39.05679700020058],[-86.36954399975532,39.05642599982923],[-86.36956100037207,39.05615599980005],[-86.36991600019932,39.05068100019335],[-86.37004099987278,39.04876200013368],[-86.37006599998713,39.04837500032748],[-86.36723399996852,39.0484720000598],[-86.3559269998104,39.048851000196656],[-86.35078199963195,39.049024000013816],[-86.35075599969267,39.04868700022871],[-86.34885099996181,39.04872200019429],[-86.3481379999343,39.04873500003754],[-86.34124500038378,39.0488660001492],[-86.34028799995878,39.048883000231044],[-86.3397549998563,39.04889399991252],[-86.33767299967514,39.0489339997545],[-86.33699300015789,39.048947000256376],[-86.33376299975599,39.04893500016884],[-86.33224299998962,39.04893000018993],[-86.3272169996368,39.04891099998768],[-86.32203999967128,39.04885199991451],[-86.32083200007443,39.048839000092805],[-86.3181330001252,39.048809999891525],[-86.31601099976103,39.04878700008434],[-86.31224800015501,39.04879200007336],[-86.30191000011746,39.04884900006319],[-86.2998000003472,39.04886100016535],[-86.29367299962935,39.04889500032742],[-86.28953400027967,39.0489180000995],[-86.28948800024892,39.0489180000995],[-86.28935099998156,39.04891899981641],[-86.28792599975142,39.0489180000995],[-86.2876770002294,39.0489180000995],[-86.28335300003347,39.04892099994788],[-86.28327000019281,39.04892099994788],[-86.28320200042074,39.04892199966475],[-86.26936299981966,39.049050000284396],[-86.26828800029219,39.04905699968484],[-86.25354999989075,39.049161999677054],[-86.25003499998182,39.04923100010522],[-86.24997300005755,39.04923100010522],[-86.24974999957647,39.049226999859826],[-86.24461699999186,39.04917099988838],[-86.24447600042488,39.04917099988838],[-86.24445899980813,39.04898200009312],[-86.24446700020404,39.04897099972769],[-86.2444439997395,39.0483569997008],[-86.2438810003981,39.04835800012331],[-86.23911500033633,39.04839499970063],[-86.23622100039341,39.04841699991148],[-86.22272400009909,39.04848200008215],[-86.22236199970085,39.04848299980529],[-86.2144720004407,39.04851099972044],[-86.20584800033829,39.048540999766736],[-86.20448400020753,39.04854599977323],[-86.20280799990722,39.04854799991522],[-86.19389000007693,39.04855900034652],[-86.18555499967955,39.04856899965891],[-86.18351400040457,39.0485709998003],[-86.18305599974686,39.048570000078456],[-86.18297799992905,39.048570000078456],[-86.18290799960883,39.048570000078456],[-86.18139600023838,39.04856599979557],[-86.1812570003212,39.048565000073665],[-86.1784479998688,39.04855900034652],[-86.17388900039454,39.04854900033508],[-86.17276299991516,39.04854700019307],[-86.17236700008004,39.04855599978511],[-86.16490600026695,39.04872799990759],[-86.16446699987581,39.04873799989369],[-86.16423000004936,39.04874299988624],[-86.15813800038994,39.048873999983],[-86.15602900044458,39.048901000026014],[-86.14917799982855,39.04899100032739],[-86.14642799982569,39.04902600014228],[-86.14488200012003,39.04904199977286],[-86.13956899971205,39.049099999972945],[-86.13907699961747,39.049107999780304],[-86.13792500009711,39.049124999803915],[-86.13145299959778,39.04922199990154],[-86.13060099965307,39.04923399994032],[-86.12498600001963,39.049313000202865],[-86.11833600014337,39.049434999763534],[-86.11724300017424,39.04945500023179],[-86.11435000005626,39.04948299976167],[-86.10572500012894,39.04969400012234],[-86.10121900035814,39.04980599988902],[-86.09893299996247,39.04986200005463],[-86.0953450002586,39.04995100012675],[-86.09428699955127,39.049977000056074],[-86.08906000025534,39.050086000272856],[-86.0802720001214,39.05027000002036],[-86.08030700028151,39.05175399988716],[-86.08031700032726,39.05213699993365],[-86.08041500023654,39.05620699965212],[-86.08045100022156,39.05769199991524],[-86.0805469995827,39.062621999841404],[-86.08058900031381,39.06425399966448],[-86.08075199962211,39.070571000250006],[-86.08075400017026,39.07072000011608],[-86.08078299958427,39.07232400009291],[-86.08081299972149,39.07400300017228],[-86.08084700005666,39.075968999863136],[-86.08086700014817,39.077077000059326],[-86.08092999989736,39.079632999945694],[-86.07903000018936,39.07964099978035],[-86.07903000018936,39.07966499997615],[-86.07911499967987,39.08610400003185],[-86.0791599998857,39.08953300005137],[-86.07918900019803,39.09164400033366],[-86.07922000016016,39.09407199988729],[-86.07922500018303,39.09447100019881],[-86.07928000043462,39.09862299969362],[-86.07929600032816,39.09986300029633],[-86.07934499983364,39.103585999831374],[-86.07936199955208,39.10482699990111],[-86.07938199964354,39.10634600010032],[-86.07941799962856,39.10888999992525],[-86.07942900039754,39.11090600015844],[-86.07943600007023,39.11208399994352],[-86.07943699989515,39.11242700011427],[-86.07943900044327,39.11269000016704],[-86.07951999973582,39.11533500014391],[-86.07954999987305,39.11627999987804],[-86.07968100029262,39.12046300028246],[-86.07979099989748,39.12406100017114],[-86.07982199985962,39.12505100001594],[-86.07985299982175,39.126971000199696],[-86.07988999963166,39.1291689998389],[-86.07990499970029,39.13004699990668],[-86.07994999990615,39.13273799975603],[-86.07997800039352,39.134385000161735],[-86.08000099995975,39.135762999679365],[-86.0800319999219,39.13757500026287],[-86.08003899959458,39.13796100014092],[-86.08007299992978,39.140096999696695],[-86.08011899996053,39.142940999742756],[-86.08018400025786,39.146508000245966],[-86.0802229997176,39.14864500002326],[-86.08022600009065,39.148842000005374],[-86.08023600013638,39.14943500019507],[-86.08024000033436,39.14963299973897],[-86.0802500003801,39.150215000324174],[-86.08028299999206,39.151960999673086],[-86.08029399986272,39.152542999814465],[-86.08030599955829,39.15319999966258],[-86.0803420004416,39.155174000224996],[-86.08034300026651,39.155211000207906],[-86.08034900011431,39.1555419999803],[-86.08035300031226,39.15574699971719],[-86.0803549999621,39.15581199991686],[-86.0803549999621,39.1558320001805],[-86.08037199968052,39.156776000307985],[-86.08038799957404,39.15756899986058],[-86.08040099999285,39.15833299977134],[-86.08040400036589,39.15848800029178],[-86.08055699962844,39.16583800032401],[-86.08058599994077,39.16720300018821],[-86.08060000018446,39.167346999956294],[-86.08068200020024,39.168335999756145],[-86.08071200033747,39.16868599974505],[-86.08071800018526,39.16904900003863],[-86.08076000001805,39.17119100021783],[-86.08077400026174,39.1719060002354],[-86.08080100002591,39.17329400032969],[-86.0808069998737,39.1736340003297],[-86.08081500026964,39.17407099979967],[-86.08086700014817,39.176798000268825],[-86.08093800029327,39.1805660003335],[-86.08097900030116,39.18273199984965],[-86.0810250003319,39.18537499969926],[-86.0811659998989,39.19330400031423],[-86.08119400038632,39.19488599977178],[-86.08120100005901,39.19524800012866],[-86.08120199988392,39.195263000270536],[-86.0812150003027,39.19594799985575],[-86.08121799977744,39.1962270001653],[-86.08121899960236,39.1963089998984],[-86.08123899969382,39.19707000033582],[-86.08124799991467,39.197350999769355],[-86.08127399985395,39.19873200025776],[-86.08127600040208,39.19884199994606],[-86.08129599959524,39.19986099988273],[-86.08136400026562,39.203318000202586],[-86.08139400040285,39.20481000002378],[-86.08143100021277,39.20670100021769],[-86.0815450000156,39.21237700003692],[-86.08157500015281,39.21382799981913],[-86.08158400037365,39.214268999879486],[-86.0816029997419,39.21523500024298],[-86.08165999964332,39.21813599984455],[-86.08167999973479,39.21910299998484],[-86.08168300010786,39.219292000268474],[-86.08168499975767,39.219382000191494],[-86.08169499980342,39.21986000023088],[-86.08169900000138,39.220049999942454],[-86.08172400011573,39.221296999780215],[-86.08179899956049,39.2250400000031],[-86.08182399967485,39.226288000255046],[-86.08186399985782,39.227797999903366],[-86.08187899992643,39.22828999978551],[-86.08199399955417,39.232328000143305],[-86.08199500027739,39.23233799982958],[-86.08203999958492,39.23384100027949],[-86.08207899994296,39.235240999976455],[-86.08216099995873,39.23814399968899],[-86.08219799976867,39.23945000009983],[-86.08223899977655,39.240852999918054],[-86.08224200014959,39.24098300011032],[-86.08224399979942,39.24105100013631],[-86.08225399984516,39.24137299993722],[-86.08225800004313,39.24150299986152],[-86.08228800018034,39.24256400001417],[-86.08237600004388,39.2456289997747],[-86.08237900041694,39.24574700018768],[-86.08241000037907,39.246808999840574],[-86.08242899974734,39.24784700018986],[-86.08244299999104,39.2486399997987],[-86.08246999975523,39.250049999763604],[-86.08255400031913,39.25331099981451],[-86.08257500023554,39.25413300013409],[-86.0826229999161,39.25596400015311],[-86.08337699995151,39.2559899998957],[-86.08337899960132,39.25618199967596],[-86.08339500039318,39.25768400028037],[-86.08339799986791,39.25787000029816],[-86.08346200034033,39.263452999946225],[-86.08346499981505,39.263624999967554],[-86.08348999992943,39.26502999980288],[-86.08352900028748,39.26715100023624],[-86.08353500013526,39.26747899968589],[-86.08364999976298,39.27390899999634],[-86.08368400009817,39.27578699968103],[-86.08373299960367,39.27848299988386],[-86.08381399979451,39.283250000040574],[-86.08394900041205,39.291168000008895],[-86.08398299984893,39.29320499979053],[-86.084094000177,39.29963800001267],[-86.084094000177,39.29969199971634],[-86.08409599982683,39.29985700025211],[-86.08409800037495,39.29991400006871],[-86.08412599996404,39.3015280003084],[-86.08420999962964,39.30637099970585],[-86.08423899994197,39.30798600001295],[-86.08426800025427,39.309671999939255],[-86.08429599984335,39.31181499986274],[-86.0843190003079,39.31355399997077],[-86.08434600007207,39.315920999668414],[-86.08442600043801,39.32330600005588],[-86.08442899991276,39.32354499965413],[-86.08446900009572,39.32405200001473],[-86.0846649999143,39.32656400008163],[-86.08456899965483,39.32711899986058],[-86.08444900000423,39.32781800012887],[-86.08442100041515,39.327971999803445],[-86.08460600036307,39.33052399983078],[-86.08535200000256,39.3407720003342],[-86.0856010004229,39.34418900006542],[-86.08744300040458,39.344150999923436],[-86.09297199982429,39.34403999984733],[-86.09481499963087,39.344003000014396],[-86.09554799974987,39.34398799971975],[-86.09774999958167,39.343943999902244],[-86.0984840004239,39.343929999986095],[-86.09856200024171,39.3439279998986],[-86.09879800024325,39.34392300002694],[-86.09887699988599,39.343922000330465],[-86.09897899999322,39.34391100019459],[-86.09928799978971,39.343913999979186],[-86.099357000285,39.34391300028258],[-86.09939099972188,39.34391199989123],[-86.10005900044186,39.343897999968675],[-86.10206499955675,39.34385899997109],[-86.10273199955351,39.34384099985793],[-86.10276300041399,39.34384500003786],[-86.10313699960948,39.3438380000702],[-86.10316099989893,39.34383699967783],[-86.10377799966699,39.3438260002233],[-86.10432400018824,39.34381500007232],[-86.10497899959114,39.34380199982854],[-86.10909600009782,39.34378799988391],[-86.1105089997341,39.34378399970076],[-86.11068700000934,39.34378399970076],[-86.11080699965993,39.3437830000023],[-86.11097599971433,39.3437830000023],[-86.11139300036415,39.343782000303754],[-86.11184100007782,39.34372200030576],[-86.11210899986642,39.343686999704154],[-86.1121289999579,39.343683999909814],[-86.11280900037346,39.343593000066086],[-86.11294599974251,39.34357499988448],[-86.11486499971706,39.343577999683504],[-86.11529700043552,39.343579000079586],[-86.11555199980532,39.34357999978102],[-86.11556699987393,39.343581000177075],[-86.11600600026509,39.343581000177075],[-86.11686599970739,39.34358300027451],[-86.11736899967264,39.34356799988978],[-86.11779800001803,39.34355800009462],[-86.1178239999573,39.343556999698194],[-86.11883599973557,39.343528999708006],[-86.12187399961853,39.34344800016948],[-86.12270700019496,39.343427000145155],[-86.12288700012002,39.34342200023767],[-86.12293399997569,39.34342000013563],[-86.12307799991572,39.34341599993142],[-86.1231259995963,39.3434150002277],[-86.12319400026668,39.34341300012546],[-86.1237370004149,39.34339999980685],[-86.1249910000425,39.34337000034504],[-86.12623899982232,39.34334299998471],[-86.12637000024189,39.34334000017561],[-86.13040200035975,39.343250999990936],[-86.13056300001824,39.343246999777016],[-86.13072399967673,39.34324399996378],[-86.13610400003184,39.34312700020033],[-86.13919100031859,39.34306000028919],[-86.13934899960404,39.343058999885635],[-86.13956899971205,39.34306300011032],[-86.13976500042897,39.34306700033473],[-86.139937999783,39.343068999752184],[-86.14011100003538,39.34307299997624],[-86.14032600012052,39.343077000200125],[-86.14113799988225,39.34309499981531],[-86.14126500010386,39.343096999926594],[-86.1432600002464,39.343137999764856],[-86.14424000023762,39.34316000027814],[-86.14425299975808,39.34315699976644],[-86.14429600031411,39.3431519998397],[-86.1443099996595,39.34314999972993],[-86.1451189999465,39.343122000271386],[-86.14755400030508,39.34303999985741],[-86.14786499975139,39.34303099969595],[-86.14838399961016,39.343024000341494],[-86.14840000040202,39.34302099982396],[-86.1484499997324,39.34302999998671],[-86.14846800017406,39.343029000277454],[-86.1488089997576,39.343024000341494],[-86.14959100028042,39.34301500017797],[-86.14983399995467,39.343008000127234],[-86.15017600026142,39.34299999967135],[-86.15135200007123,39.34296900032772],[-86.15159899994343,39.34296299998254],[-86.15369000034545,39.34293899998618],[-86.15453600044236,39.34291999992533],[-86.15488299987368,39.342915999692465],[-86.15564199993196,39.342909000326486],[-86.15606100023162,39.34290299997615],[-86.15919000035117,39.34285799976391],[-86.16014299967989,39.34282699966257],[-86.16115899965612,39.3428359998503],[-86.16210000018759,39.342830000188435],[-86.16225499999828,39.342804999739215],[-86.16240999980899,39.34276000015855],[-86.1627129997577,39.34262600026315],[-86.16493600040418,39.34258299999856],[-86.16501099984895,39.34258099987257],[-86.16556400004289,39.34257099993619],[-86.1675919997974,39.34253199989284],[-86.16892499996604,39.34250600031503],[-86.17463500003404,39.34239499971066],[-86.17650499960479,39.3423590001152],[-86.17741299962599,39.34234100031049],[-86.17757800038075,39.34233700004453],[-86.17807399977498,39.342327999792545],[-86.17824000035465,39.342324999939876],[-86.17852099966372,39.34231900023415],[-86.17936500011082,39.34230299985852],[-86.17964700014313,39.34229799987061],[-86.18078699996792,39.34227500006071],[-86.18107200037329,39.34226899965595],[-86.1853470001654,39.342183999771954],[-86.1867339998624,39.342158000064636],[-86.18677300022044,39.342157000342915],[-86.18871099956328,39.3421380000695],[-86.1945269999365,39.342082000330485],[-86.19516100032129,39.34207700032678],[-86.19647500022336,39.342075000186256],[-86.19890399983585,39.342070999905026],[-86.1992579998382,39.342070999905026],[-86.20577200017031,39.342063000036624],[-86.20763500006838,39.34206099989569],[-86.20933300011,39.34206000017257],[-86.21043000027707,39.34205399974941],[-86.2144449997782,39.34203500014268],[-86.2201189998612,39.342008999685255],[-86.22649900029903,39.34197799990212],[-86.22854700014501,39.341969000298654],[-86.22880599971278,39.34196799987948],[-86.22888600007873,39.34196799987948],[-86.2305170001732,39.34195999999934],[-86.23124899956898,39.34195700013087],[-86.23177900019671,39.34195499998691],[-86.23318199978725,39.34193999994748],[-86.23344799992601,39.34193700007816],[-86.23418100004504,39.34192999991946],[-86.23421299983208,39.34192900019442],[-86.23430900009157,39.34192700004971]]]}},{"type":"Feature","properties":{"id":"18059","name":"Hancock"},"geometry":{"type":"Polygon","coordinates":[[[-85.72539000040616,39.69885000000688],[-85.72304600028417,39.69885600009591],[-85.72134800024254,39.69885600009591],[-85.71949299984207,39.69884700030776],[-85.71905699982399,39.69884500004746],[-85.7179239996719,39.69885000000688],[-85.71649199976908,39.698840000087735],[-85.71579999965795,39.69883899995752],[-85.71575100015244,39.69883899995752],[-85.71237500016069,39.69881300002235],[-85.71153900010951,39.69880099983633],[-85.71071899995187,39.69879499974251],[-85.70742800034893,39.698755000025436],[-85.7066800001613,39.698748999927616],[-85.70641900004539,39.69873799986215],[-85.70566199963694,39.69886999984081],[-85.70419399974908,39.69886899971098],[-85.69738099966621,39.698778000280285],[-85.69733299998562,39.698778000280285],[-85.69727600008424,39.69877700014917],[-85.69708500028852,39.69877899972025],[-85.6949939998865,39.69883100029749],[-85.6949510002288,39.69876799965957],[-85.69490500019805,39.69872699979496],[-85.69484800029664,39.698698000112046],[-85.6947820001744,39.69867700009571],[-85.6946979996105,39.69866300031166],[-85.69460499972408,39.69865499994005],[-85.69353100002154,39.69864999996655],[-85.6930089997897,39.69865100009951],[-85.69146700028202,39.69863500004386],[-85.68896099977832,39.69862600022688],[-85.68856400011829,39.698617999851024],[-85.68818199962855,39.698617999851024],[-85.68798400016014,39.69862199969348],[-85.68746100010341,39.69861500014183],[-85.68743000014128,39.69861500014183],[-85.68723699979742,39.698617999851024],[-85.68569600011465,39.698612999874804],[-85.68532299984575,39.69861500014183],[-85.68305200041699,39.69861000016539],[-85.68300200018828,39.69861000016539],[-85.68261899987363,39.69860600032224],[-85.68216199993914,39.69860699976469],[-85.6812089997121,39.69859799994407],[-85.68052599982181,39.69859900007778],[-85.68028099959942,39.69860000021152],[-85.67942199998201,39.69859400010023],[-85.67856800038749,39.69859299996644],[-85.67819900031655,39.69859299996644],[-85.6777669995981,39.698595999676606],[-85.67500200042495,39.69858900012227],[-85.67459599964577,39.698584000143995],[-85.67358700024053,39.69858099974213],[-85.67282300015938,39.69857900016537],[-85.67241700027853,39.69857800003131],[-85.67212299965234,39.69858099974213],[-85.67202999976593,39.698580000299344],[-85.67177600022102,39.69857599976327],[-85.67103899990406,39.698584000143995],[-85.671007000117,39.698584000143995],[-85.66958000023703,39.69858500027791],[-85.66882100017875,39.6985769998973],[-85.66751099957634,39.69858699985455],[-85.66718500006141,39.6985919998326],[-85.66706000038795,39.69859400010023],[-85.66653200030834,39.69859500023399],[-85.66622799963642,39.69859799994407],[-85.6652340002998,39.69860900003184],[-85.66502500006243,39.69860799989828],[-85.66488399959711,39.69860799989828],[-85.66484000011451,39.69860799989828],[-85.66385000007753,39.698617999851024],[-85.66240099955796,39.69862299982684],[-85.66025700035081,39.69863000006887],[-85.66018000035791,39.69863000006887],[-85.65848599961595,39.69861899998445],[-85.65837500018618,39.69861899998445],[-85.65580799958309,39.69862100025129],[-85.65461500005486,39.69860799989828],[-85.65326900036575,39.69860600032224],[-85.65243099976644,39.69859799994407],[-85.65222800027517,39.69860199978768],[-85.65205300037297,39.6986010003452],[-85.65180300012773,39.69860699976469],[-85.65169000014983,39.69860600032224],[-85.65165900018769,39.69860600032224],[-85.65114000032891,39.69859799994407],[-85.6506880004173,39.69859799994407],[-85.6504080000348,39.69859799994407],[-85.65029400023198,39.69859699981035],[-85.6502799999883,39.69859699981035],[-85.65025400004902,39.69859699981035],[-85.65020600036844,39.69859699981035],[-85.65004300016183,39.69859699981035],[-85.64969699965711,39.69859699981035],[-85.64945499980776,39.69859699981035],[-85.64943399989137,39.69859699981035],[-85.64869300027475,39.698590999698794],[-85.64747300008403,39.69858900012227],[-85.64713699962505,39.69858799998841],[-85.64712499992947,39.69858799998841],[-85.645493999835,39.69857199991816],[-85.64516099974908,39.69856499967025],[-85.64278800021307,39.698545999882406],[-85.64233399975332,39.69854200003555],[-85.64161999990088,39.698530999937105],[-85.64028799955715,39.69852399968504],[-85.63861100033024,39.698515999988544],[-85.63645299998109,39.69849399978156],[-85.636305999668,39.69849200020228],[-85.6347719996579,39.69848100009587],[-85.63322799960207,39.6984620002849],[-85.63322199975428,39.69865600007298],[-85.63321400025669,39.69912000004045],[-85.63319699963994,39.69966699984036],[-85.63316400002799,39.701374000164165],[-85.63314999978428,39.70179600031721],[-85.6331370002638,39.702678999948176],[-85.63312399984501,39.70312099970756],[-85.63311899982213,39.70348800025546],[-85.633059000446,39.70544500014908],[-85.63306399957055,39.70572600028671],[-85.63305199987498,39.7059570000175],[-85.63302099991284,39.70765000021085],[-85.632975999707,39.70937500030583],[-85.63297700043022,39.70952600020417],[-85.63296999985921,39.70974799990312],[-85.63296900003431,39.70978600021581],[-85.63296800020939,39.709819999932236],[-85.63296700038448,39.70986300005776],[-85.63296599966125,39.70990500018659],[-85.63292899985133,39.71111400014107],[-85.63292899985133,39.711492999692084],[-85.63290200008716,39.712995000237825],[-85.63290399973698,39.71307900011156],[-85.6328900003916,39.713579000303504],[-85.63288000034585,39.71426200007972],[-85.6328779997977,39.71487099999926],[-85.63285799970622,39.71604400013949],[-85.63285400040658,39.716643000115376],[-85.63284500018575,39.71705199983276],[-85.63281500004851,39.71975400012018],[-85.63281400022362,39.71997299990678],[-85.63281199967547,39.720217000039476],[-85.63280599982768,39.72099600011941],[-85.63279199958399,39.72128200019861],[-85.63278200043656,39.72286599983564],[-85.63274800010136,39.724517000108875],[-85.6327160003143,39.72703299970057],[-85.63271299994126,39.72749000012978],[-85.63270899974331,39.72780000018264],[-85.63271200011634,39.72823599967227],[-85.63270700009349,39.72863200019127],[-85.63270500044368,39.73086900004345],[-85.63270500044368,39.73090800012964],[-85.63270500044368,39.73136200007646],[-85.63269899969755,39.732752999827206],[-85.63270500044368,39.73315299987384],[-85.6326939996747,39.734027000164886],[-85.63269600022284,39.73611099977482],[-85.63267699995625,39.73719400029838],[-85.63268399962897,39.73751099998504],[-85.63268399962897,39.73780999982418],[-85.63267799978117,39.7380789997886],[-85.63268199997913,39.738318000229455],[-85.63265400039003,39.74203800011032],[-85.63265199984191,39.7436220001722],[-85.63265100001699,39.74445399985218],[-85.63264199979616,39.744925000205484],[-85.63264699981903,39.746654000227],[-85.63264099997124,39.74774599976953],[-85.63264699981903,39.748491000317],[-85.63264299962107,39.74894599988266],[-85.63264699981903,39.74974799979255],[-85.63264000014634,39.754412000013815],[-85.63264699981903,39.754874999904835],[-85.63264000014634,39.756602000247646],[-85.63265799968968,39.75681999970692],[-85.63264900036715,39.75713700026491],[-85.6326739995832,39.75894499990634],[-85.63268100015421,39.75981000029149],[-85.63269899969755,39.76054299970099],[-85.63270899974331,39.76142200020883],[-85.63272800000989,39.76205999993082],[-85.63273899988053,39.76308299979114],[-85.63274999975118,39.76358100010575],[-85.63276300016999,39.7638659997012],[-85.633095000431,39.76790800026709],[-85.63326899960997,39.77114800005726],[-85.6334479997101,39.77844899982288],[-85.63349100026612,39.7861770002549],[-85.62555099987893,39.786230000052505],[-85.62480600006437,39.78627300014484],[-85.62050500033298,39.786338000008634],[-85.61781999972912,39.78637999979244],[-85.61257900018948,39.78642500027192],[-85.60152399992646,39.78654900029033],[-85.60123299967333,39.78655299986409],[-85.60114399998486,39.78655400010266],[-85.60105399957317,39.78655500034122],[-85.60100199969465,39.78655500034122],[-85.59729199979203,39.78654600026467],[-85.59691600004842,39.786519000028015],[-85.59691600004842,39.78655400010266],[-85.5968809998883,39.79175899975314],[-85.59688000006341,39.791900999957036],[-85.59687900023849,39.80821899991004],[-85.59687900023849,39.80842700024794],[-85.59689699978183,39.815504000010876],[-85.59689699978183,39.81552099966713],[-85.59692500026924,39.82313399972966],[-85.5969439996375,39.828495999769025],[-85.59694500036072,39.8287099999662],[-85.59694500036072,39.82873599988026],[-85.59689699978183,39.83368899993195],[-85.59689699978183,39.833699000289585],[-85.59676200006263,39.85008699991395],[-85.59676999956022,39.85186599974696],[-85.59670900035917,39.86075899993533],[-85.59673100010049,39.861273000109954],[-85.5966969997653,39.866425000341586],[-85.59667800039703,39.872925999668006],[-85.59603200031665,39.87290899974075],[-85.59593500023227,39.87290699970846],[-85.59329599965918,39.872849000125875],[-85.59327200026804,39.87284799976416],[-85.59113700038343,39.87276200031537],[-85.59111399991889,39.8727609999524],[-85.58948199999952,39.87274699969498],[-85.58806000014243,39.87273300012421],[-85.58794100031673,39.87273199976081],[-85.57866699993599,39.87275400016875],[-85.57755100040065,39.87272600033774],[-85.57753600033205,39.87272600033774],[-85.57689000025165,39.872710000035156],[-85.57686900033526,39.87272000022471],[-85.57679800019015,39.87280799976139],[-85.5767930001673,39.87285199983212],[-85.5767799997485,39.873457999846295],[-85.57677899992358,39.87461699980987],[-85.57677499972563,39.87503400005246],[-85.57677200025088,39.8753500001447],[-85.57677800009867,39.87559900001641],[-85.57678200029663,39.875627000053406],[-85.57678599959628,39.875649999853714],[-85.57680300021303,39.875759000270904],[-85.57677700027375,39.87589199986231],[-85.5767589998321,39.87627900024363],[-85.57672500039523,39.88000199999795],[-85.57671500034948,39.88121200019635],[-85.57671199997642,39.88138800011352],[-85.57668799968698,39.88291799985728],[-85.57668600003717,39.8831349999508],[-85.57668600003717,39.88317399992341],[-85.57666400029585,39.885760000089775],[-85.57666400029585,39.88577499993177],[-85.57666400029585,39.88587600011502],[-85.57666000009789,39.88729799998344],[-85.57665599989993,39.88768899999048],[-85.57665400025012,39.887969000109564],[-85.57664800040233,39.88856599975982],[-85.5766469996791,39.888729999918446],[-85.57664000000642,39.889459999991566],[-85.57664000000642,39.88949299978854],[-85.57663800035658,39.88964499977624],[-85.57662800031083,39.89064699980437],[-85.57662400011287,39.89192399972901],[-85.57662300028798,39.89211699971263],[-85.57662300028798,39.89227499986601],[-85.57662400011287,39.89233300024973],[-85.57662400011287,39.89235800011478],[-85.57662400011287,39.892496999666875],[-85.57662400011287,39.892583999942254],[-85.57662400011287,39.89274900020874],[-85.57662400011287,39.89327399985518],[-85.57662400011287,39.8935680000511],[-85.57661599971696,39.89451700029725],[-85.57660700039443,39.89532299993991],[-85.57660599967123,39.89603799974831],[-85.57660599967123,39.896083000098805],[-85.57660599967123,39.89609399965928],[-85.57660499984631,39.896988000263],[-85.57655200014287,39.901917999675995],[-85.57651600015785,39.903501999725364],[-85.57651600015785,39.90352200008008],[-85.57648199982266,39.90503700015875],[-85.57646900030218,39.90605900011127],[-85.57646699975405,39.90614800014946],[-85.57644099981476,39.90721199972795],[-85.57643599979191,39.90835000020077],[-85.5763920003093,39.91083200018407],[-85.57637399986761,39.912458999837895],[-85.57637399986761,39.9124760002943],[-85.57636100034716,39.913596999961655],[-85.57634899975326,39.91402200028873],[-85.57634000043076,39.9153390001061],[-85.57633100020992,39.91650100020754],[-85.57633299985974,39.91702000009139],[-85.57631699996622,39.917871999819475],[-85.5762950002249,39.92180599998485],[-85.57629400040001,39.92195500032421],[-85.576286999829,39.92331200001831],[-85.57629000020204,39.924087999751585],[-85.57628099998122,39.92451299973092],[-85.57627199976038,39.925368999680785],[-85.57627299958529,39.92641599991419],[-85.5762740003085,39.92685899981308],[-85.57626900028563,39.92720800027431],[-85.57626400026277,39.92751099973713],[-85.57625400021703,39.931134999946465],[-85.57625400021703,39.93138399968943],[-85.57625699969175,39.933852999732295],[-85.57624900019417,39.9341799996927],[-85.57626000006482,39.935178000174005],[-85.57625400021703,39.93636399994666],[-85.5762449999962,39.937124000088396],[-85.57625599986686,39.93781100019478],[-85.57624199962315,39.939514999892175],[-85.5762449999962,39.94029099984951],[-85.57623499995046,39.94134300007209],[-85.57623400012554,39.94224299991928],[-85.57620999983611,39.94488800013568],[-85.57620099961527,39.94530099984483],[-85.57620099961527,39.94556500022705],[-85.57619200029275,39.94575599994151],[-85.57657899990704,39.945749000037104],[-85.5766750001665,39.945747000064294],[-85.57670000028087,39.945747000064294],[-85.57675100033448,39.945747000064294],[-85.57739700041486,39.94575100000985],[-85.57807699993212,39.9457519999962],[-85.57830700008589,39.94575100000985],[-85.57832600035246,39.94575100000985],[-85.57907100016703,39.945749000037104],[-85.57945699995642,39.9457480000507],[-85.57979900026318,39.945747000064294],[-85.57986399966221,39.945747000064294],[-85.57990899986805,39.94574600007787],[-85.57994300020322,39.94574600007787],[-85.58001500017325,39.94574600007787],[-85.58079900034588,39.94574300011845],[-85.58081199986637,39.945744000104966],[-85.58087200014083,39.945744000104966],[-85.58088999968417,39.945744000104966],[-85.5809199998214,39.945744000104966],[-85.58116400021886,39.94574500009143],[-85.58125000043259,39.94574500009143],[-85.58161399958236,39.94574200013197],[-85.58164600026772,39.945741000145475],[-85.58166999965884,39.945741000145475],[-85.58193999999558,39.94573900017243],[-85.58251599975577,39.94574200013197],[-85.58295299959879,39.945747000064294],[-85.58296799966737,39.945747000064294],[-85.5833409999363,39.9457519999962],[-85.58428900014046,39.94575000002348],[-85.58617299995491,39.94575999988654],[-85.58738800012277,39.945747000064294],[-85.58772500040666,39.9457480000507],[-85.5877420001251,39.9457480000507],[-85.58800599971575,39.945749000037104],[-85.58831600023547,39.94575000002348],[-85.58902800043806,39.945747000064294],[-85.589057999677,39.945747000064294],[-85.58908100014152,39.945747000064294],[-85.58909899968486,39.945747000064294],[-85.58911299992857,39.945747000064294],[-85.58912499962415,39.945747000064294],[-85.59127399975247,39.94573700019934],[-85.59130200023986,39.94573700019934],[-85.59259199985247,39.94573100027963],[-85.5945429996141,39.94573500022617],[-85.59544599961242,39.94573300025291],[-85.5954790001227,39.94573300025291],[-85.5954930003664,39.94573300025291],[-85.59551099990975,39.94573300025291],[-85.59553299965107,39.94573300025291],[-85.59555799976542,39.94573300025291],[-85.59557100018422,39.94573300025291],[-85.59570799955324,39.94573600021276],[-85.59734200002076,39.94575100000985],[-85.59980499996844,39.945773999692406],[-85.60010899974206,39.945773999692406],[-85.60012700018372,39.945773999692406],[-85.60050899977514,39.94577499967841],[-85.6006040002097,39.94577599966443],[-85.60185500036256,39.94579200012721],[-85.60358500019123,39.94580099999851],[-85.60471800034333,39.945805999926534],[-85.60474000008463,39.945805999926534],[-85.60476699984883,39.945805999926534],[-85.60558000033377,39.94580999986864],[-85.60560999957269,39.94580999986864],[-85.60693100004576,39.945816999766805],[-85.60735299982015,39.94582199969364],[-85.60736500041402,39.94582299967896],[-85.60739200017821,39.94582299967896],[-85.60766800036274,39.94582600032352],[-85.60779800005908,39.945823999664256],[-85.60824900014579,39.94581999972292],[-85.60878499972299,39.945827000308775],[-85.60880499981447,39.945827000308775],[-85.60881800023327,39.945827000308775],[-85.6088700001118,39.945828000294014],[-85.60889900042412,39.945828000294014],[-85.60892100016544,39.945828000294014],[-85.60893700005896,39.945828000294014],[-85.60897100039413,39.945828000294014],[-85.60898800011259,39.945828000294014],[-85.61045299962737,39.945827000308775],[-85.61049700000832,39.945827000308775],[-85.61078400006349,39.945827000308775],[-85.61084900036082,39.945828000294014],[-85.61086199988131,39.945828000294014],[-85.61090799991206,39.94582900027925],[-85.61093800004927,39.94582900027925],[-85.61096300016362,39.94582900027925],[-85.6114810001975,39.94583400020522],[-85.61281600001595,39.945847000010936],[-85.61283799975726,39.945847000010936],[-85.61285000035113,39.945847000010936],[-85.61296599980379,39.94584899998081],[-85.61519000027519,39.94586399975317],[-85.61558699993522,39.94586199978374],[-85.6163810001536,39.94585799984461],[-85.61642600035944,39.94585799984461],[-85.61920899997426,39.94586099979899],[-85.6197050002668,39.94585399990532],[-85.62057599957977,39.94585199993558],[-85.62061199956477,39.94585199993558],[-85.62078300016732,39.94585199993558],[-85.62173600039436,39.94584999996573],[-85.6221969996285,39.94584200008592],[-85.62317300032007,39.94583700016058],[-85.62392700035548,39.945833000220055],[-85.62487399983642,39.94582900027925],[-85.62535199968731,39.945825000338246],[-85.62693400027628,39.94581299982511],[-85.62781700018311,39.94580099999851],[-85.62805599965941,39.94580299996979],[-85.62833199984394,39.94580099999851],[-85.62835199993542,39.94580099999851],[-85.62979899990688,39.94579000015566],[-85.6298149998004,39.94579000015566],[-85.63004300030434,39.94578800018405],[-85.63005900019787,39.94578800018405],[-85.63008099993918,39.94578800018405],[-85.63010500022862,39.94578800018405],[-85.6301450004116,39.94578700019823],[-85.63221400017399,39.94577199972033],[-85.632242999588,39.94577199972033],[-85.6343270003173,39.94575599994151],[-85.63435400008147,39.94575599994151],[-85.63438699969345,39.94575599994151],[-85.63442799970132,39.94575499995522],[-85.63444000029521,39.94575499995522],[-85.63449200017374,39.94575499995522],[-85.6345249997857,39.94575499995522],[-85.63456499996867,39.94575499995522],[-85.63679600011278,39.94573900017243],[-85.63817899961181,39.945723999684006],[-85.63821799996987,39.945722999697246],[-85.63824999975692,39.945722999697246],[-85.63826599965043,39.945722999697246],[-85.63873000015595,39.94571799976317],[-85.63877500036179,39.94571799976317],[-85.63936500036566,39.945714999802576],[-85.63938000043427,39.945714999802576],[-85.63944999985617,39.945714999802576],[-85.64130299970849,39.94570599991996],[-85.64152100016669,39.945704999932936],[-85.64160900003023,39.94570599991996],[-85.6416280002968,39.94570599991996],[-85.64200999988823,39.94570799989397],[-85.64299200042758,39.945698000023306],[-85.64300499994805,39.945698000023306],[-85.64808099963126,39.94564799995936],[-85.64840399967143,39.94564699997149],[-85.64850599977868,39.945645999983604],[-85.64851800037258,39.945645999983604],[-85.64853699974083,39.945645999983604],[-85.64857100007603,39.945645999983604],[-85.64897600013198,39.945645999983604],[-85.64904399990404,39.94564699997149],[-85.64953900037166,39.94565499987411],[-85.64984599962003,39.94564899994722],[-85.65036799985184,39.945645999983604],[-85.65133000029972,39.94562500023444],[-85.65157600034699,39.94562200026978],[-85.65269000023252,39.9456089997326],[-85.6527160001718,39.9456089997326],[-85.65273899973802,39.9456089997326],[-85.6527599996544,39.9456089997326],[-85.65277800009608,39.9456089997326],[-85.6527939999896,39.9456089997326],[-85.65280800023329,39.9456089997326],[-85.65286599995962,39.9456089997326],[-85.65293100025694,39.9456089997326],[-85.6541589999453,39.9455909999383],[-85.65465400041292,39.94558799997214],[-85.65473399988056,39.94558799997214],[-85.65523500019597,39.94557700009504],[-85.65575400005476,39.945578000083934],[-85.65578199964385,39.945578000083934],[-85.65580199973532,39.945578000083934],[-85.65655099974786,39.94558799997214],[-85.65711200033775,39.94558100005054],[-85.65810700039756,39.945558000303144],[-85.65812900013889,39.945557000313954],[-85.65847399992037,39.94554899971117],[-85.658524999974,39.94555199967904],[-85.65860399961673,39.94555900029232],[-85.65895799961905,39.94555199967904],[-85.66134699994689,39.945523999973645],[-85.66277600037499,39.94551500006591],[-85.66543500014126,39.94548699965671],[-85.66546799975322,39.94548699965671],[-85.66558800030214,39.94548499967619],[-85.66566199992198,39.94548499967619],[-85.66567600016569,39.94548499967619],[-85.66636499990375,39.94548900032583],[-85.66728299997071,39.94547299979212],[-85.67073699978026,39.94545799993408],[-85.67078299981101,39.94545799993408],[-85.6718599998866,39.94544900001766],[-85.67242099957818,39.94544800002683],[-85.67256100021856,39.94544800002683],[-85.67273600012076,39.94546099990595],[-85.67276999955763,39.945463999877674],[-85.67279200019726,39.94546799983982],[-85.67294399963491,39.94549200029633],[-85.67297399977213,39.945497000246874],[-85.67301099958206,39.94550800013688],[-85.67312299973504,39.94553999980672],[-85.67319200023034,39.94556000028148],[-85.67323400006315,39.94557200015029],[-85.67324800030684,39.94557500011715],[-85.67331299970584,39.9455899999496],[-85.67351500027053,39.94561700032837],[-85.67378800008201,39.94563700009191],[-85.67382300024211,39.94563700009191],[-85.6738369995875,39.94563700009191],[-85.67463599982874,39.94563300013964],[-85.67465400027041,39.94563300013964],[-85.67468500023256,39.94563300013964],[-85.6748719998303,39.945632000151555],[-85.675767000331,39.94562700021087],[-85.67612100033335,39.94562100028153],[-85.67615099957224,39.94562000029326],[-85.67617999988457,39.94562000029326],[-85.67620800037197,39.94562000029326],[-85.67623500013615,39.94562000029326],[-85.67626000025051,39.94562000029326],[-85.67628299981673,39.94562000029326],[-85.67630399973314,39.94562000029326],[-85.6763229999997,39.94562000029326],[-85.67633999971814,39.94562000029326],[-85.67635499978675,39.94562000029326],[-85.67643099995475,39.94562000029326],[-85.67852400000656,39.945597999858876],[-85.68000600013812,39.94558899996087],[-85.68012599978873,39.94558899996087],[-85.68088200037226,39.94558799997214],[-85.68227400009215,39.945578000083934],[-85.68467599994045,39.94556000028148],[-85.68533200006657,39.945547999721846],[-85.68628500029361,39.94554099979616],[-85.68762699978475,39.94551900002507],[-85.6876429996783,39.94551900002507],[-85.68773899993775,39.94551700004554],[-85.68775099963332,39.94551700004554],[-85.68861500017191,39.945501000207095],[-85.68958799959212,39.94548299969567],[-85.69172699967469,39.94544900001766],[-85.6923329995721,39.94544600004522],[-85.69235199983866,39.94544600004522],[-85.69243999970222,39.94544600004522],[-85.69536899980523,39.94539499980554],[-85.69927399970149,39.94534600020117],[-85.7025269996696,39.945296999872966],[-85.70401999967181,39.94527500002342],[-85.70406900007562,39.9452740000301],[-85.70408599979405,39.9452740000301],[-85.70490799960152,39.94526100011545],[-85.70493299971588,39.94526100011545],[-85.70651600012978,39.94523700026662],[-85.70721800028664,39.945232000297025],[-85.70796300010123,39.945226000333044],[-85.71119799962766,39.94518299988719],[-85.71121699989425,39.94518299988719],[-85.71219600006054,39.94517799991369],[-85.71221000030427,39.94517799991369],[-85.71224000044147,39.94517799991369],[-85.71346999977965,39.94517699991895],[-85.71420100024883,39.94517599992414],[-85.71426099962497,39.94517599992414],[-85.71795999965691,39.94517399993458],[-85.71799599964193,39.94517399993458],[-85.71877099959373,39.945172999939786],[-85.72199299959969,39.945166999970624],[-85.72207899981343,39.945166999970624],[-85.72212900004214,39.945166999970624],[-85.7221609998292,39.945166999970624],[-85.72218099992067,39.945166999970624],[-85.72222299975347,39.945166999970624],[-85.72285299994033,39.945164999980804],[-85.7231049998354,39.945165999975714],[-85.72312199955384,39.945165999975714],[-85.72436600003401,39.94516899996044],[-85.72530099981938,39.94516100000099],[-85.7257739996474,39.945165999975714],[-85.72774899969845,39.94514700006968],[-85.72797100035463,39.94514500007928],[-85.72867599998624,39.94513800011235],[-85.72910100013367,39.945134000130956],[-85.73016399996555,39.945129000153834],[-85.73102099993315,39.945112000229],[-85.73104500022258,39.9451110002333],[-85.73120000003328,39.94510800024604],[-85.73141599994335,39.9451060002545],[-85.73143400038501,39.9451060002545],[-85.73264199998185,39.94509300030797],[-85.73451999994853,39.945084000343535],[-85.73526599958804,39.94507199970041],[-85.73529099970239,39.94507199970041],[-85.73531800036488,39.945070999704114],[-85.73560399969682,39.945065999722395],[-85.73600499955481,39.94506199973679],[-85.73609099976854,39.94506099974035],[-85.73612599992865,39.94506099974035],[-85.73614000017234,39.94506099974035],[-85.73654100003036,39.9450569997544],[-85.73725300023297,39.9450579997509],[-85.73727900017224,39.9450579997509],[-85.73955999964672,39.945026999852566],[-85.73957300006552,39.945026999852566],[-85.73959099960886,39.945026999852566],[-85.74005199974131,39.94502099987061],[-85.74012299988642,39.945019999873566],[-85.74128100015288,39.94501699988237],[-85.74171799999587,39.94501599988527],[-85.74236699955098,39.94500999990234],[-85.74334900009035,39.94498999995551],[-85.74337500002963,39.94498899995802],[-85.74339799959584,39.94498899995802],[-85.74341900041055,39.94498899995802],[-85.7434369999539,39.94498899995802],[-85.7434529998474,39.94498899995802],[-85.74346700009113,39.94498899995802],[-85.74350599955086,39.94498899995802],[-85.74356699965023,39.94498799996052],[-85.74467499968797,39.94497899998227],[-85.74566300007511,39.944971000000606],[-85.74887099983738,39.94493100007829],[-85.74914399964885,39.94492800008313],[-85.74941800018354,39.9449250000879],[-85.7496249998728,39.944923000091],[-85.7496540001851,39.944923000091],[-85.74968099994928,39.94492200009253],[-85.7497029996906,39.94492200009253],[-85.75053700009195,39.944914000104205],[-85.75056600040425,39.944914000104205],[-85.75068699987978,39.9449130001056],[-85.75091100018577,39.944911000108355],[-85.75092399970625,39.944911000108355],[-85.75095100036873,39.944911000108355],[-85.75134800002877,39.944909000111004],[-85.75138200036395,39.944909000111004],[-85.75257499989219,39.94490300011874],[-85.75260400020451,39.94490300011874],[-85.75442500026978,39.94489500012819],[-85.75764899992556,39.944865000155325],[-85.75767700041297,39.944864000155995],[-85.75770500000206,39.944864000155995],[-85.75775500023077,39.944864000155995],[-85.75779899971339,39.944864000155995],[-85.7579479996763,39.944863000156666],[-85.75821700018814,39.944861000157914],[-85.7582430001274,39.944861000157914],[-85.76248500030756,39.94483700016876],[-85.76478199967558,39.94481000017087],[-85.76624200006582,39.94480200016944],[-85.7672610004151,39.944791000165964],[-85.76752599983067,39.94478800016472],[-85.76880999959549,39.944778000159594],[-85.76897399962701,39.94477700015901],[-85.76956600017903,39.94477200015579],[-85.77046199960635,39.944765000150696],[-85.7704780003982,39.944765000150696],[-85.77050000013949,39.944765000150696],[-85.77053100010163,39.944765000150696],[-85.7705710002846,39.944765000150696],[-85.770592000201,39.944765000150696],[-85.77061899996518,39.944764000149924],[-85.77094600020335,39.944761000147494],[-85.77119100042572,39.94476300014912],[-85.77208900040118,39.94477000015442],[-85.77266400033645,39.944762000148316],[-85.77322000000514,39.9447550001422],[-85.77436099965483,39.944762000148316],[-85.77546100019498,39.94474200012898],[-85.77748200027678,39.94472900011325],[-85.77781500036272,39.94472700011063],[-85.78111199981343,39.94469500006053],[-85.7814470004475,39.944693000056915],[-85.78150500017381,39.94469200005508],[-85.7815179996943,39.94469200005508],[-85.7815400003339,39.94469200005508],[-85.78160399990801,39.94469200005508],[-85.78164099971794,39.94469200005508],[-85.78202599968242,39.944690000051324],[-85.78261099966342,39.94468300003789],[-85.7833489998053,39.94468200003586],[-85.78665299982703,39.94467700002576],[-85.78784100023071,39.94467500002162],[-85.78918899956966,39.94468300003789],[-85.79144999985097,39.9447050000778],[-85.7921770001222,39.94470800008268],[-85.79220399988638,39.94470800008268],[-85.79223800022156,39.94470800008268],[-85.79294700005113,39.944710000085855],[-85.79303099971672,39.94471100008747],[-85.7930990003871,39.94471100008747],[-85.79317100035712,39.94471100008747],[-85.79374700011729,39.944713000090566],[-85.79483599988848,39.944703000074476],[-85.7961899999735,39.94469800006585],[-85.79835199962231,39.94467600002369],[-85.79949700036828,39.94465999998856],[-85.80071599983577,39.944638999936814],[-85.80076000021671,39.94463799993419],[-85.80162399985699,39.94462299989303],[-85.8016809997584,39.944621999890174],[-85.80169500000208,39.944621999890174],[-85.80218600027177,39.94461399986677],[-85.8022309995793,39.94461299986378],[-85.80259899982532,39.944606999845554],[-85.80275500035926,39.9446039998362],[-85.80294699997988,39.94460199982991],[-85.80300100040654,39.944600999826754],[-85.8030199997748,39.944600999826754],[-85.80362599967224,39.94459299980089],[-85.80364099974082,39.94459299980089],[-85.80571100022645,39.944566999710375],[-85.8059189997406,39.94455999968436],[-85.80657200039197,39.94453900029058],[-85.80658400008754,39.94453900029058],[-85.806680000347,39.94453600027829],[-85.80670899976101,39.944535000274165],[-85.80694300011275,39.944527000240576],[-85.807081000205,39.94452300022341],[-85.80763900042183,39.94451400018404],[-85.80769600032323,39.94451300017955],[-85.80771700023963,39.94451300017955],[-85.80773399995807,39.94451300017955],[-85.80784100008819,39.94451100017061],[-85.80800799959445,39.944508000157086],[-85.80858599990276,39.944498000111025],[-85.80975300039005,39.944467999964075],[-85.81038799970148,39.94445399989097],[-85.81041500036396,39.94445299988565],[-85.81091699960596,39.94444399983701],[-85.81137199989065,39.94443199977035],[-85.81274799971699,39.94439600024641],[-85.81516700018206,39.94433399983574],[-85.81985500042605,39.944286000167956],[-85.82114900023663,39.944274000073584],[-85.82305099959443,39.94425499991983],[-85.82403300013378,39.94424499983678],[-85.8245970001984,39.944240999803135],[-85.82467900021416,39.944239999794696],[-85.82521800016441,39.944223000337644],[-85.8255970002811,39.944211000232215],[-85.82717800014686,39.944140000253995],[-85.82747400042287,39.944134000194246],[-85.82749299979113,39.944140000253995],[-85.82757700035503,39.944140000253995],[-85.82817700040465,39.944140000253995],[-85.82842299955364,39.94413700022422],[-85.82861800044562,39.944134000194246],[-85.83153099975678,39.94409999984584],[-85.83746299958263,39.944030999775464],[-85.83760900007081,39.94402899975243],[-85.84057699963357,39.943983999907296],[-85.84347700032258,39.94393700000685],[-85.85283799984363,39.943732999830274],[-85.8530749996701,39.94373599987777],[-85.85423299993654,39.9437249997029],[-85.8545960001597,39.94372100032757],[-85.8624889997929,39.94361799997578],[-85.86245399963282,39.94118999970593],[-85.86238500003584,39.936223999724994],[-85.86238000001296,39.93443999967107],[-85.86237900018804,39.934384000108935],[-85.8623769996399,39.934251999827985],[-85.86238000001296,39.932639999863795],[-85.86239400025666,39.92908399994026],[-85.86239500008158,39.92894299975016],[-85.86361299972417,39.92893900019977],[-85.86413199958294,39.9289270001695],[-85.86432900012475,39.9289229999293],[-85.86504200015227,39.928916999913014],[-85.86525999971215,39.92891599968063],[-85.86585100043928,39.92891099989621],[-85.86665200033035,39.92890300010263],[-85.86700899980741,39.928898999861026],[-85.86706499988391,39.92889800031725],[-85.8674380001528,39.92889500030806],[-85.86745300022142,39.92889500030806],[-85.86753100003924,39.92889400007536],[-85.86972200000035,39.92887100022997],[-85.87000099965961,39.92886800021959],[-85.87107600008538,39.928853999710306],[-85.87128600014766,39.92885199993256],[-85.87219800036682,39.92884700014347],[-85.87305299978627,39.92883300031872],[-85.87331399990218,39.92882900007302],[-85.8749209997072,39.928812999776824],[-85.87497599995878,39.92881200023181],[-85.875258999816,39.92880799998488],[-85.87528599958017,39.92880799998488],[-85.87664200021334,39.92879400015221],[-85.87887599983218,39.92876599978933],[-85.87916299988736,39.92876400000897],[-85.87922499981163,39.92876299977435],[-85.88012699998504,39.928756000198206],[-85.88092799987614,39.92874299990094],[-85.88109100008275,39.928741000119906],[-85.8829609996535,39.92872600003832],[-85.88421799965414,39.92871699998783],[-85.88464600017463,39.92871099995349],[-85.88494599975027,39.9287060001541],[-85.8861640002912,39.928697000100925],[-85.88692199962627,39.92869100006484],[-85.88766300014117,39.928685000028224],[-85.8888890001797,39.92867599997229],[-85.8889949995866,39.92867599997229],[-85.8905510002363,39.928669999934364],[-85.89203599984259,39.928654999837214],[-85.8933380000491,39.928643999993525],[-85.89457300030844,39.928637999952784],[-85.89500099993062,39.92862800034297],[-85.89514400004575,39.92862500032199],[-85.8951830004038,39.92862500032199],[-85.89527299991718,39.92862500032199],[-85.89531800012303,39.92862500032199],[-85.8956629999045,39.92862599986975],[-85.89604600021917,39.92862599986975],[-85.89728099958019,39.92861000021499],[-85.89753000000054,39.92860599995626],[-85.89824700022602,39.92859699988999],[-85.89973500020537,39.92859000029682],[-85.89982399989381,39.92859000029682],[-85.9019849997177,39.92856100030182],[-85.90276100039273,39.92855099999187],[-85.90338200035876,39.928525000005884],[-85.90357300015447,39.92851499969068],[-85.90413499967094,39.92848699990257],[-85.90452100035866,39.92846699994846],[-85.90569200014556,39.92840800029098],[-85.90575499989475,39.92840500026031],[-85.9063909999294,39.92837399970635],[-85.90643399958711,39.92837199991453],[-85.90654999993805,39.92836599984996],[-85.90758299963272,39.92831499996872],[-85.90800799978017,39.928291999928796],[-85.90813800037482,39.92828500030444],[-85.9082780001169,39.92827799999054],[-85.90944100040623,39.92821600013121],[-85.90985899998265,39.92819300005803],[-85.91031599991715,39.92816899973382],[-85.91309500023233,39.92802700016918],[-85.91417800015572,39.927971999739604],[-85.91420400009497,39.927971000182296],[-85.91428899958548,39.92796600032886],[-85.91502099987957,39.927924000305545],[-85.91746899975865,39.927799999889565],[-85.91899199989808,39.92772400023466],[-85.91919299973952,39.92772100017407],[-85.91929999986965,39.92771899967434],[-85.91951300030499,39.92771600030236],[-85.91976500020007,39.927711999991395],[-85.92072199972675,39.927704000057695],[-85.92159999961072,39.927691999810925],[-85.9218649999246,39.92768899974888],[-85.92383199957972,39.92766300012434],[-85.92463500001895,39.927647999806545],[-85.9253510004195,39.92764299992951],[-85.92548799978854,39.927639999865356],[-85.92580900017892,39.9276319999232],[-85.92738699967163,39.92761499978473],[-85.92788100031436,39.92760500002547],[-85.92853099969437,39.927597000079274],[-85.92865399971802,39.92759599982756],[-85.92952199955624,39.927581999747005],[-85.93004999963584,39.92757300023496],[-85.93024600035274,39.9275700001677],[-85.93037799969889,39.92756799966355],[-85.93085300007506,39.92756099996522],[-85.93098699996936,39.927559000149664],[-85.93198600022716,39.92754300024552],[-85.93284499984456,39.927540000177],[-85.9331510001663,39.92753599985574],[-85.93424900015829,39.92752100019901],[-85.93497300005647,39.92752100019901],[-85.93613399979766,39.92750899992016],[-85.93651100026453,39.92741200011475],[-85.9375869996169,39.927136999876545],[-85.93759599983774,39.92703799971326],[-85.93776599971704,39.927022999947454],[-85.93808200008455,39.927008999749674],[-85.9381289999402,39.92697600010868],[-85.93815300022966,39.92682999977368],[-85.93815800025251,39.9267220002314],[-85.93815800025251,39.92661800020499],[-85.93814400000882,39.9265519998413],[-85.93813399996307,39.926494999757836],[-85.93810999967363,39.92649299991113],[-85.93737900010277,39.92643399993017],[-85.93739199962322,39.925819000031744],[-85.9374179995625,39.92464899999385],[-85.93762000012718,39.92441000009161],[-85.93770200014295,39.92428400028867],[-85.93782799964133,39.924074000331466],[-85.93792100042604,39.92386899988317],[-85.93798199962711,39.92370699969965],[-85.93802099998517,39.92357399987479],[-85.93806100016815,39.92336100024385],[-85.93808399973436,39.92319599997729],[-85.93809799997805,39.9230210002621],[-85.93810399982586,39.9228230002891],[-85.93810499965078,39.922325000310245],[-85.93809100030536,39.921617999889285],[-85.93808999958215,39.92159299967641],[-85.93808899975723,39.92156600015281],[-85.93808600028251,39.921483000147184],[-85.93807600023675,39.92114600014503],[-85.9380729998637,39.920505999673914],[-85.9380729998637,39.92033200033087],[-85.93808399973436,39.919085000253126],[-85.93809399978011,39.9179439998833],[-85.9380870001074,39.91753700006765],[-85.93808499955927,39.91743200015782],[-85.93808899975723,39.91718799991605],[-85.93808899975723,39.91715499967547],[-85.93808600028251,39.91679999994383],[-85.93809600032824,39.91392799995558],[-85.93810600037398,39.913198999830556],[-85.93809899980297,39.91302799985164],[-85.93809899980297,39.9129620001687],[-85.93810200017602,39.912546000264754],[-85.93810200017602,39.91252500000554],[-85.93809600032824,39.9109780001792],[-85.93809799997805,39.90935499980601],[-85.93809299995519,39.90803899985067],[-85.93809299995519,39.90800799972286],[-85.93809100030536,39.90708199984054],[-85.93808999958215,39.90630800008994],[-85.93808799993232,39.90461399969783],[-85.93808799993232,39.904527000222494],[-85.93808799993232,39.90444199974919],[-85.93808600028251,39.904339000242246],[-85.93808299990945,39.90418799966832],[-85.93808399973436,39.90334100020624],[-85.93808799993232,39.90314499968178],[-85.93808899975723,39.90310899980578],[-85.93808299990945,39.900307999859685],[-85.93808299990945,39.900156000086945],[-85.93808000043472,39.89906599967339],[-85.9380789997115,39.89862999975317],[-85.93807600023675,39.898357999681394],[-85.93807000038896,39.89779699978492],[-85.93806799984084,39.895967000115334],[-85.93807500041184,39.895059000139696],[-85.93807600023675,39.89486500012911],[-85.93807600023675,39.89483999980002],[-85.93807500041184,39.89472499982294],[-85.93807100021388,39.89413000015596],[-85.93808000043472,39.891620999961994],[-85.93808000043472,39.891426999869566],[-85.93808000043472,39.89124400025622],[-85.93807600023675,39.890797999890346],[-85.9380870001074,39.889393999660626],[-85.93808200008455,39.889297000322635],[-85.93808299990945,39.88926300030899],[-85.93808200008455,39.88726999988677],[-85.93808000043472,39.887228999872306],[-85.93807700006167,39.887182999759695],[-85.93808299990945,39.88713600015217],[-85.93808299990945,39.88708200012332],[-85.93808600028251,39.88705200031867],[-85.9380870001074,39.88703800022156],[-85.93808799993232,39.88697900002696],[-85.9380870001074,39.88693100012329],[-85.93808100025963,39.88675499995914],[-85.9380789997115,39.886695000050565],[-85.93807799988657,39.88667099965886],[-85.93808399973436,39.884571000060916],[-85.93808299990945,39.88428900014963],[-85.9380729998637,39.88381900001772],[-85.93807799988657,39.8826580000289],[-85.93807399968861,39.882462000323095],[-85.93807399968861,39.88230000009417],[-85.93807700006167,39.88200400005738],[-85.93807100021388,39.880564999896606],[-85.93806799984084,39.87979399991663],[-85.93807399968861,39.8789179998887],[-85.93807100021388,39.87701700017661],[-85.93807700006167,39.875776999810824],[-85.93807500041184,39.87560200029175],[-85.9380729998637,39.87544699991147],[-85.93807399968861,39.87524600002198],[-85.93807600023675,39.875085000309845],[-85.93806899966576,39.87466100009892],[-85.93806799984084,39.87419300015285],[-85.93806700001593,39.8715949997495],[-85.93806700001593,39.86981200019515],[-85.93847399972171,39.86980700023333],[-85.93982199995895,39.869793000062515],[-85.94124399981604,39.869781999729284],[-85.94138199990832,39.869781000012274],[-85.94488000009879,39.869754999781364],[-85.94826799978613,39.869717000168635],[-85.95071900003823,39.86968599994283],[-85.95201700004678,39.86967500028187],[-85.9528079998921,39.86966600005656],[-85.9536380000955,39.86965199985696],[-85.95401300001421,39.86964600016451],[-85.95399999959542,39.869329999992786],[-85.9540049996183,39.86768299976082],[-85.9539629997855,39.86486500029095],[-85.95395600011283,39.86444600000511],[-85.95393299964829,39.86361100014157],[-85.95392400032577,39.863083000081],[-85.9539050000592,39.86238700009311],[-85.95385599965539,39.861151999937775],[-85.9538489999827,39.86084000002522],[-85.95368300030134,39.85611700023146],[-85.95363999974532,39.85326600023058],[-85.95364099957024,39.85306700009694],[-85.95362700022484,39.85238600014667],[-85.95358200001901,39.84859799995613],[-85.95357699999613,39.847559999979744],[-85.953546000034,39.84527200032798],[-85.95354400038416,39.84509600016755],[-85.95354199983603,39.84490399966612],[-85.95348900013258,39.8414649996654],[-85.95348400010973,39.840710999936924],[-85.9534830002848,39.84049900016873],[-85.95347800026192,39.8403829999665],[-85.95347400006396,39.840300999729074],[-85.9534489999496,39.83970900012326],[-85.95341799998747,39.83834300020594],[-85.95340799994173,39.83764799990871],[-85.95338200000245,39.83647899979263],[-85.95331699970514,39.83412899980479],[-85.95327900007028,39.83303200007873],[-85.95323999971224,39.83131499992905],[-85.95314299962786,39.827444000312155],[-85.9531230004347,39.826777000075126],[-85.95309099974932,39.825254000332315],[-85.95307800022884,39.824574999855855],[-85.9530759996807,39.824453999848885],[-85.95306999983293,39.82377400004835],[-85.95306599963497,39.82303800023707],[-85.9530549997643,39.82056199987312],[-85.9530539999394,39.820434999844316],[-85.95305099956634,39.81956500021404],[-85.95302499962708,39.816727999701065],[-85.95294400033454,39.81206700020618],[-85.95296799972567,39.80911200033568],[-85.95297000027382,39.80843099992976],[-85.95292900026593,39.80720199978726],[-85.95291099982427,39.80699900028021],[-85.95290199960343,39.806749000019465],[-85.95289499993073,39.80649000000236],[-85.95289099973277,39.80629799993018],[-85.95286899999148,39.80567599970919],[-85.95283800002932,39.804806000276464],[-85.95279199999857,39.803516000035444],[-85.95278299977775,39.80328600013054],[-85.95274900034087,39.802464999812464],[-85.95272900024938,39.80168000003342],[-85.9525829997612,39.79743800004377],[-85.95258199993629,39.797380000193165],[-85.95257600008851,39.79711400018025],[-85.95257500026361,39.79708300029864],[-85.95247700035432,39.789729999660274],[-85.95247700035432,39.78959599998126],[-85.95245700026283,39.788196000140616],[-85.95244899986692,39.787616999725785],[-85.95244600039216,39.787332999976435],[-85.95244200019421,39.7872299999648],[-85.95241600025494,39.78527399969586],[-85.95241399970682,39.78516600014047],[-85.95240299983615,39.784444000074686],[-85.95240000036141,39.78417000031538],[-85.95238299974466,39.78304300003553],[-85.95238299974466,39.78288599995222],[-85.95238199991977,39.78280499973393],[-85.952379000445,39.78270399974585],[-85.9523779997218,39.782673999878],[-85.95237699989688,39.78264299970172],[-85.95237000022419,39.782196999739185],[-85.95235099995763,39.781057000284584],[-85.95234199973679,39.780647999984566],[-85.95238500029281,39.779090999866284],[-85.95238500029281,39.778995999969666],[-85.9523910001406,39.77889699992326],[-85.95244499966896,39.77684100033436],[-85.95244899986692,39.77669000012977],[-85.95244600039216,39.776632000045424],[-85.95243299997337,39.77655399983114],[-85.95242799995052,39.77652499973779],[-85.9524129998819,39.77634500005149],[-85.9524060002092,39.77623599990138],[-85.95239299979042,39.77604000010297],[-85.95238799976754,39.77590800009327],[-85.95237600007196,39.77558400031424],[-85.9523640003764,39.77526399993037],[-85.95235400033066,39.7745720001835],[-85.9523569998054,39.77426999984336],[-85.95235099995763,39.77413900031027],[-85.95233300041426,39.773764000263206],[-85.95232699966816,39.77346699990287],[-85.95231499997261,39.77287000023938],[-85.9523140001477,39.77252399990324],[-85.95231199959956,39.771968999950225],[-85.95231199959956,39.771890000213894],[-85.95231199959956,39.771760000057164],[-85.95230999994973,39.77103399971335],[-85.9522949998811,39.770265000286685],[-85.95229099968314,39.76984900014817],[-85.95228099963741,39.76876699970067],[-85.9522789999876,39.76846299981786],[-85.95226800011693,39.76620400020559],[-85.95226599956881,39.76580199966402],[-85.95226399991897,39.76555800000457],[-85.95224700020054,39.76312499995674],[-85.95224499965241,39.76276299999004],[-85.95222899975889,39.75836999975823],[-85.95220899966739,39.75686000028039],[-85.95220199999471,39.75591700001905],[-85.95220399964452,39.75560000006136],[-85.95218799975099,39.75511700011593],[-85.95218100007831,39.75466799994],[-85.95214599991819,39.753174999975684],[-85.95213500004756,39.75287799988869],[-85.9521319996745,39.7525619997993],[-85.95207099957513,39.75023100008986],[-85.95205700022974,39.74968399999095],[-85.95201399967372,39.74764699967816],[-85.95195400029759,39.74452900004038],[-85.95195299957435,39.744509000320534],[-85.95188399997738,39.742592000054685],[-85.95184100031967,39.74175400018495],[-85.95181700003023,39.74092899977338],[-85.95181700003023,39.7405210002929],[-85.95181700003023,39.740347999887184],[-85.95181600020533,39.74003899984278],[-85.9518150003804,39.73904200031898],[-85.9518220000531,39.73795399993318],[-85.95181899968004,39.737454000316674],[-85.95182399970292,39.73710300030199],[-85.95182600025106,39.73678199972745],[-85.95182500042614,39.736387000018055],[-85.95182500042614,39.736271999878326],[-85.95182899972579,39.73619199966797],[-85.95183100027393,39.73615999969595],[-85.95183799994663,39.73426699976614],[-85.9518420001446,39.7341070001248],[-85.95174099986224,39.72876000015173],[-85.95173599983939,39.7281489997978],[-85.95172099977077,39.72745800026334],[-85.95170499987722,39.72670300029349],[-85.95169900002945,39.72641900005001],[-85.95169499983149,39.72636899969145],[-85.95165899984647,39.72393099984931],[-85.95165899984647,39.72357900029642],[-85.95164799997583,39.72272899986017],[-85.95164200012805,39.722147000157854],[-85.95160000029526,39.719913000081746],[-85.95159799974711,39.719615999660846],[-85.95158299967851,39.71759299998206],[-85.95158400040172,39.716718000162366],[-85.95158199985359,39.71656399980268],[-85.95158199985359,39.71626000032673],[-85.95158199985359,39.71586100027689],[-85.95158199985359,39.71567700004254],[-85.95158000020376,39.71387800028707],[-85.95157400035599,39.71321499998634],[-85.95157500018088,39.71240599970634],[-85.95156299958701,39.71111200023635],[-85.95156500013515,39.71002000007952],[-85.95155799956413,39.70942299990202],[-85.95155500008941,39.70829100024392],[-85.95155000006653,39.70634199969321],[-85.95154699969349,39.70445799981471],[-85.95154300039384,39.703765999892894],[-85.9515619997621,39.70273299980788],[-85.95158000020376,39.70213099974932],[-85.95162100021166,39.700350999913745],[-85.95163799993007,39.69981999979061],[-85.95166999971713,39.69859400010023],[-85.95169999985437,39.69744899984463],[-85.95172099977077,39.69713599975867],[-85.95166999971713,39.69714099984186],[-85.95156500013515,39.69714999985247],[-85.95109300013205,39.697156000089244],[-85.95073199955871,39.69716100017102],[-85.94943199990036,39.697188000191474],[-85.94866799981921,39.69719600004189],[-85.94731299990926,39.69722199989501],[-85.94595799999932,39.69724799973829],[-85.94556700018705,39.697255000119775],[-85.9448950001674,39.697268000036445],[-85.94456499955622,39.697274000263015],[-85.94453299976917,39.697274999724705],[-85.94432600007993,39.69727900033619],[-85.9439300002448,39.69728600002334],[-85.94246300018186,39.69732099983087],[-85.94166800013858,39.69733999995589],[-85.93998599999047,39.69738099995326],[-85.9385930004457,39.69741000018955],[-85.93817999999384,39.69741900016509],[-85.93643500009655,39.69745600020573],[-85.9357770003206,39.69747000023461],[-85.93523099979933,39.697481999960864],[-85.93409599999741,39.697506000098336],[-85.93366199962915,39.697515000061365],[-85.93363099966702,39.69751600021077],[-85.93358200016152,39.697516999669006],[-85.93356200007004,39.697516999669006],[-85.93354600017652,39.697516999669006],[-85.93316700005983,39.69752500017248],[-85.9331389995724,39.69752600032174],[-85.93081000041735,39.69757100011197],[-85.9289270004278,39.697611999972125],[-85.9280460001708,39.69763100001709],[-85.92490799983041,39.69769700005978],[-85.92153699986153,39.69777400026022],[-85.91865899981214,39.69782799981096],[-85.91382199960523,39.69793600016805],[-85.91026200038878,39.69801800012154],[-85.90718400032286,39.698088999808654],[-85.90527200002101,39.6981400000743],[-85.90524100005887,39.69814100021464],[-85.90440400018278,39.698161999702876],[-85.90420400016625,39.69816699971177],[-85.90251399962222,39.69820699976963],[-85.90170699988337,39.69822600034195],[-85.90091500021312,39.69825000022071],[-85.8975629996125,39.69833400007624],[-85.89715199970877,39.69834799992708],[-85.89678900038392,39.69837000018056],[-85.89663799987287,39.698384000024035],[-85.89621299972542,39.69842199968363],[-85.89594199956376,39.698442999777555],[-85.89588700021051,39.69844700032134],[-85.89560600000311,39.69845299975422],[-85.89547200010881,39.69845200030954],[-85.89526700006938,39.698450000037845],[-85.89487600025714,39.69844200033273],[-85.89444899956156,39.698433999935546],[-85.89435300020041,39.698431999663335],[-85.89432600043624,39.69843100021835],[-85.89430100032187,39.69843100021835],[-85.89428000040549,39.69843100021835],[-85.8942460000703,39.698430000082205],[-85.89263099986935,39.698399000001274],[-85.89001099956282,39.698397999864675],[-85.8894940002522,39.698399000001274],[-85.88535099980623,39.698403999993005],[-85.8851149998047,39.69840500012952],[-85.8848260000997,39.69840699971138],[-85.88048799966006,39.69838100030466],[-85.87889199972571,39.69835699978025],[-85.87697699994911,39.698341999793875],[-85.87591699959194,39.698331999801134],[-85.87499500022534,39.698331999801134],[-85.87322699986353,39.698330999663554],[-85.87274999983755,39.698330999663554],[-85.87180800037947,39.698330999663554],[-85.87000300020776,39.698340999656445],[-85.8697529999625,39.698337999935205],[-85.86711900031058,39.69833900007268],[-85.86523399977291,39.69834000021014],[-85.86342899960115,39.6983290000795],[-85.86245600018096,39.6983290000795],[-85.86242699986863,39.6983290000795],[-85.86239300043177,39.6983290000795],[-85.86231800008869,39.698327999941874],[-85.85925099989342,39.698326999804245],[-85.85897600043211,39.698330000217105],[-85.85796299993062,39.698327999941874],[-85.85708400022175,39.698325000220066],[-85.85413300037744,39.69834000021014],[-85.85389999985063,39.698340999656445],[-85.85233999990126,39.6983440000687],[-85.8523149997869,39.6983440000687],[-85.84872500043322,39.698359000054694],[-85.848366000408,39.698359000054694],[-85.84701999982059,39.698359000054694],[-85.84569099984991,39.69836400004927],[-85.84554799973478,39.69836400004927],[-85.84276799959467,39.69837400003737],[-85.841558000348,39.69838199975032],[-85.83902000005726,39.698399000001274],[-85.8388750002923,39.69839600028256],[-85.83824500010545,39.69840100027451],[-85.83820699957231,39.69840100027451],[-85.83720300018996,39.69841000012077],[-85.83564800026346,39.698423999956134],[-85.83351300037884,39.69844799976605],[-85.83255799960367,39.69845899987772],[-85.83253000001457,39.69845899987772],[-85.83251800031901,39.69845899987772],[-85.83248700035688,39.69846000001349],[-85.83215900029381,39.6984639998651],[-85.83038799955894,39.69848399981089],[-85.82937999997863,39.69849499991683],[-85.8236969996748,39.6985490002858],[-85.82174900028625,39.69857099978401],[-85.8215700001861,39.69857199991816],[-85.82008700022963,39.69858900012227],[-85.81993800026672,39.69860400005501],[-85.81991300015237,39.6986119997413],[-85.81964500036376,39.69864799970055],[-85.8188250002061,39.69875799972855],[-85.8183599998757,39.69875899985994],[-85.81608199987595,39.69877200018452],[-85.81232400029278,39.69879499974251],[-85.8122559996224,39.69879499974251],[-85.80961399957457,39.69880499966818],[-85.80739400019945,39.69881400015299],[-85.80028300019073,39.698863999752994],[-85.79887999970191,39.698866000012686],[-85.79107599975715,39.698916000266244],[-85.7908759997406,39.69891699970416],[-85.7834740003771,39.69896199996983],[-85.78204800032202,39.69897099974294],[-85.781976000352,39.69897000030581],[-85.77372700016834,39.69901899966519],[-85.76807999984953,39.69906799968096],[-85.7674739999521,39.69905299984911],[-85.7631289998398,39.6989470001149],[-85.76171200000559,39.69895200006692],[-85.7604530003551,39.69895099993833],[-85.76006300036777,39.69895099993833],[-85.75951500019667,39.698954000324065],[-85.75914199992778,39.69895599989002],[-85.75850099987025,39.698954000324065],[-85.75848199960369,39.698954000324065],[-85.75838000039477,39.698954000324065],[-85.75732699971029,39.69895099993833],[-85.75617199981687,39.6989470001149],[-85.7561530004486,39.6989470001149],[-85.75385500035739,39.698944999857545],[-85.75315200037561,39.69894100003383],[-85.75237300022582,39.69892799974109],[-85.75225799969978,39.69892700030333],[-85.75081599975121,39.69891699970416],[-85.74932600012204,39.69889300005734],[-85.74583399977935,39.69884500004746],[-85.74499799972817,39.69884199965699],[-85.74423100017228,39.698846000177646],[-85.74335300028831,39.69883899995752],[-85.74058900004175,39.69883100029749],[-85.73946299956233,39.698826999775974],[-85.73723300014149,39.698820000245114],[-85.73548599969607,39.69881599972295],[-85.73361899960004,39.698824000075845],[-85.73179199968698,39.69883199973669],[-85.73029799985986,39.69883100029749],[-85.73006500023136,39.69883199973669],[-85.72978400002397,39.69883399999731],[-85.72712299970958,39.69884700030776],[-85.7261030004337,39.698846000177646],[-85.72602899991553,39.698846000177646],[-85.72539000040616,39.69885000000688]]]}}]}