{"type":"FeatureCollection","features":[{"type":"Feature","geometry":{"type":"Point","coordinates":[-86.19837673,39.9058492]},"properties":{"name":"St Vincent Primary Care Center - Internal Medicine Clinic","assetType":"Adult Community Clinics","dataYear":"2007","assetId":"625225","subcategory":"Health","detail":"https://classic.savi.org/SAVI/PopUps/AssetMoreInfo.aspx?AssetID=625225"}},{"type":"Feature","geometry":{"type":"Point","coordinates":[-86.16140737,39.78874573]},"properties":{"name":"Methodist Hospital - Adult Ambulatory Care Center","assetType":"Adult Community Clinics","dataYear":"2007","assetId":"624637","subcategory":"Health","detail":"https://classic.savi.org/SAVI/PopUps/AssetMoreInfo.aspx?AssetID=624637"}},{"type":"Feature","geometry":{"type":"Point","coordinates":[-86.18689938,39.77964383]},"properties":{"name":"Roudebush VA Medical Center - Outpatient Services","assetType":"Adult Community Clinics","dataYear":"2007","assetId":"625159","subcategory":"Health","detail":"https://classic.savi.org/SAVI/PopUps/AssetMoreInfo.aspx?AssetID=625159"}},{"type":"Feature","geometry":{"type":"Point","coordinates":[-86.1780711,39.77815461]},"properties":{"name":"Wishard Health Services - Adult Medicine Clinical Practice","assetType":"Adult Community Clinics","dataYear":"2007","assetId":"624879","subcategory":"Health","detail":"https://classic.savi.org/SAVI/PopUps/AssetMoreInfo.aspx?AssetID=624879"}},{"type":"Feature","geometry":{"type":"Point","coordinates":[-86.15354738,39.77182482]},"properties":{"name":"Y Learning Well Inc Students Only Clinics","assetType":"Adult Community Clinics","dataYear":"2007","assetId":"626345","subcategory":"Health","detail":"https://classic.savi.org/SAVI/PopUps/AssetMoreInfo.aspx?AssetID=626345"}},{"type":"Feature","geometry":{"type":"Point","coordinates":[-86.15577276,39.80796388]},"properties":{"name":"ACTION HEALTH CENTER - MARION COUNTY PUBLIC HEALTH DEPARTMENT","assetType":"Community Clinics for All Ages","dataYear":"2018","assetId":"921712","subcategory":"Health","detail":"https://classic.savi.org/SAVI/PopUps/AssetMoreInfo.aspx?AssetID=921712"}},{"type":"Feature","geometry":{"type":"Point","coordinates":[-86.06733652,39.49579157]},"properties":{"name":"ADULT AND CHILD - FRANKLIN","assetType":"Community Clinics for All Ages","dataYear":"2018","assetId":"917415","subcategory":"Health","detail":"https://classic.savi.org/SAVI/PopUps/AssetMoreInfo.aspx?AssetID=917415"}},{"type":"Feature","geometry":{"type":"Point","coordinates":[-86.04730589,39.79597985]},"properties":{"name":"ALIVIO MEDICAL CENTER","assetType":"Community Clinics for All Ages","dataYear":"2018","assetId":"919103","subcategory":"Health","detail":"https://classic.savi.org/SAVI/PopUps/AssetMoreInfo.aspx?AssetID=919103"}},{"type":"Feature","geometry":{"type":"Point","coordinates":[-86.13899502,39.98374275]},"properties":{"name":"ASPIRE INDIANA - CARMEL","assetType":"Community Clinics for All Ages","dataYear":"2018","assetId":"917252","subcategory":"Health","detail":"https://classic.savi.org/SAVI/PopUps/AssetMoreInfo.aspx?AssetID=917252"}},{"type":"Feature","geometry":{"type":"Point","coordinates":[-86.12041071,39.84271932]},"properties":{"name":"ASPIRE INDIANA - INDIANAPOLIS","assetType":"Community Clinics for All Ages","dataYear":"2018","assetId":"917244","subcategory":"Health","detail":"https://classic.savi.org/SAVI/PopUps/AssetMoreInfo.aspx?AssetID=917244"}},{"type":"Feature","geometry":{"type":"Point","coordinates":[-85.68278156,40.09715577]},"properties":{"name":"ASPIRE INDIANA HEALTH","assetType":"Community Clinics for All Ages","dataYear":"2018","assetId":"917059","subcategory":"Health","detail":"https://classic.savi.org/SAVI/PopUps/AssetMoreInfo.aspx?AssetID=917059"}},{"type":"Feature","geometry":{"type":"Point","coordinates":[-85.76797617,39.79009681]},"properties":{"name":"ESKENAZI HEALTH - BARTON ANNEX","assetType":"Community Clinics for All Ages","dataYear":"2018","assetId":"922500","subcategory":"Health","detail":"https://classic.savi.org/SAVI/PopUps/AssetMoreInfo.aspx?AssetID=922500"}},{"type":"Feature","geometry":{"type":"Point","coordinates":[-86.17178708,39.80552985]},"properties":{"name":"ESKENAZI HEALTH - BLACKBURN CENTER","assetType":"Community Clinics for All Ages","dataYear":"2018","assetId":"922677","subcategory":"Health","detail":"https://classic.savi.org/SAVI/PopUps/AssetMoreInfo.aspx?AssetID=922677"}},{"type":"Feature","geometry":{"type":"Point","coordinates":[-86.13994636,39.74821923]},"properties":{"name":"ESKENAZI HEALTH - COTTAGE CORNER CENTER","assetType":"Community Clinics for All Ages","dataYear":"2018","assetId":"922676","subcategory":"Health","detail":"https://classic.savi.org/SAVI/PopUps/AssetMoreInfo.aspx?AssetID=922676"}},{"type":"Feature","geometry":{"type":"Point","coordinates":[-86.10288497,39.82659175]},"properties":{"name":"ESKENAZI HEALTH - FOREST MANOR CENTER","assetType":"Community Clinics for All Ages","dataYear":"2018","assetId":"922643","subcategory":"Health","detail":"https://classic.savi.org/SAVI/PopUps/AssetMoreInfo.aspx?AssetID=922643"}},{"type":"Feature","geometry":{"type":"Point","coordinates":[-86.00161822,39.82527041]},"properties":{"name":"ESKENAZI HEALTH - GRASSY CREEK CENTER","assetType":"Community Clinics for All Ages","dataYear":"2018","assetId":"922642","subcategory":"Health","detail":"https://classic.savi.org/SAVI/PopUps/AssetMoreInfo.aspx?AssetID=922642"}},{"type":"Feature","geometry":{"type":"Point","coordinates":[-86.18300487,39.77744769]},"properties":{"name":"ESKENAZI HEALTH - OUTPATIENT CARE CENTER","assetType":"Community Clinics for All Ages","dataYear":"2018","assetId":"922442","subcategory":"Health","detail":"https://classic.savi.org/SAVI/PopUps/AssetMoreInfo.aspx?AssetID=922442"}},{"type":"Feature","geometry":{"type":"Point","coordinates":[-86.20822639,39.88119655]},"properties":{"name":"ESKENAZI HEALTH - PECAR CENTER","assetType":"Community Clinics for All Ages","dataYear":"2018","assetId":"922450","subcategory":"Health","detail":"https://classic.savi.org/SAVI/PopUps/AssetMoreInfo.aspx?AssetID=922450"}},{"type":"Feature","geometry":{"type":"Point","coordinates":[-86.25753595,39.82364625]},"properties":{"name":"ESKENAZI HEALTH - WEST 38TH STREET","assetType":"Community Clinics for All Ages","dataYear":"2018","assetId":"922410","subcategory":"Health","detail":"https://classic.savi.org/SAVI/PopUps/AssetMoreInfo.aspx?AssetID=922410"}},{"type":"Feature","geometry":{"type":"Point","coordinates":[-86.20567397,39.77475795]},"properties":{"name":"ESKENAZI HEALTH - WESTSIDE CENTER","assetType":"Community Clinics for All Ages","dataYear":"2018","assetId":"922654","subcategory":"Health","detail":"https://classic.savi.org/SAVI/PopUps/AssetMoreInfo.aspx?AssetID=922654"}},{"type":"Feature","geometry":{"type":"Point","coordinates":[-86.06376587,39.80381288]},"properties":{"name":"EZKENAZI HEALTH - NORTH ARLINGTON CENTER","assetType":"Community Clinics for All Ages","dataYear":"2018","assetId":"922655","subcategory":"Health","detail":"https://classic.savi.org/SAVI/PopUps/AssetMoreInfo.aspx?AssetID=922655"}},{"type":"Feature","geometry":{"type":"Point","coordinates":[-86.07918434,39.65135058]},"properties":{"name":"FRANCISCAN HEALTH - FAMILY MEDICINE RESIDENCY CENTER","assetType":"Community Clinics for All Ages","dataYear":"2018","assetId":"917385","subcategory":"Health","detail":"https://classic.savi.org/SAVI/PopUps/AssetMoreInfo.aspx?AssetID=917385"}},{"type":"Feature","geometry":{"type":"Point","coordinates":[-86.15310488,39.73008179]},"properties":{"name":"FRANCISCAN NEIGHBORHOOD HEALTH CENTER","assetType":"Community Clinics for All Ages","dataYear":"2018","assetId":"917331","subcategory":"Health","detail":"https://classic.savi.org/SAVI/PopUps/AssetMoreInfo.aspx?AssetID=917331"}},{"type":"Feature","geometry":{"type":"Point","coordinates":[-86.15574742,39.77740999]},"properties":{"name":"GENNESARET DENTAL AND WELLNESS CENTER AT BLUE TRIANGLE RESIDENCE HALL","assetType":"Community Clinics for All Ages","dataYear":"2018","assetId":"919156","subcategory":"Health","detail":"https://classic.savi.org/SAVI/PopUps/AssetMoreInfo.aspx?AssetID=919156"}},{"type":"Feature","geometry":{"type":"Point","coordinates":[-86.15053355,39.77160393]},"properties":{"name":"GENNESARET MEDICAL CLINIC AT SAINT MARY S CATHOLIC CHURCH","assetType":"Community Clinics for All Ages","dataYear":"2018","assetId":"919089","subcategory":"Health","detail":"https://classic.savi.org/SAVI/PopUps/AssetMoreInfo.aspx?AssetID=919089"}},{"type":"Feature","geometry":{"type":"Point","coordinates":[-86.11435541,39.8101194]},"properties":{"name":"GENNESARET MEDICAL CLINIC AT SAINT VINCENT DE PAUL","assetType":"Community Clinics for All Ages","dataYear":"2018","assetId":"919091","subcategory":"Health","detail":"https://classic.savi.org/SAVI/PopUps/AssetMoreInfo.aspx?AssetID=919091"}},{"type":"Feature","geometry":{"type":"Point","coordinates":[-86.12208917,39.77146334]},"properties":{"name":"GENNESARET MEDICAL CLINIC AT WESTMINSTER NEIGHBORHOOD MINISTRIES","assetType":"Community Clinics for All Ages","dataYear":"2018","assetId":"919090","subcategory":"Health","detail":"https://classic.savi.org/SAVI/PopUps/AssetMoreInfo.aspx?AssetID=919090"}},{"type":"Feature","geometry":{"type":"Point","coordinates":[-86.1559291,39.78511501]},"properties":{"name":"GENNESARET MOBILE MEDICAL VAN AT CATHEDRAL KITCHEN","assetType":"Community Clinics for All Ages","dataYear":"2018","assetId":"919088","subcategory":"Health","detail":"https://classic.savi.org/SAVI/PopUps/AssetMoreInfo.aspx?AssetID=919088"}},{"type":"Feature","geometry":{"type":"Point","coordinates":[-86.15366133,39.7730114]},"properties":{"name":"GENNESARET MOBILE MEDICAL VAN AT ROBERTS PARK UNITED METHODIST CHURCH","assetType":"Community Clinics for All Ages","dataYear":"2018","assetId":"919092","subcategory":"Health","detail":"https://classic.savi.org/SAVI/PopUps/AssetMoreInfo.aspx?AssetID=919092"}},{"type":"Feature","geometry":{"type":"Point","coordinates":[-86.11734835,39.76894691]},"properties":{"name":"GOOD NEWS HEALTH CLINIC","assetType":"Community Clinics for All Ages","dataYear":"2018","assetId":"918795","subcategory":"Health","detail":"https://classic.savi.org/SAVI/PopUps/AssetMoreInfo.aspx?AssetID=918795"}},{"type":"Feature","geometry":{"type":"Point","coordinates":[-86.10783338,39.7373667]},"properties":{"name":"HEALTHNET BARRINGTON HEALTH AND DENTAL CENTER","assetType":"Community Clinics for All Ages","dataYear":"2018","assetId":"918600","subcategory":"Health","detail":"https://classic.savi.org/SAVI/PopUps/AssetMoreInfo.aspx?AssetID=918600"}},{"type":"Feature","geometry":{"type":"Point","coordinates":[-86.01170847,39.82746745]},"properties":{"name":"HEALTHNET EASTSIDE HEALTH CENTER","assetType":"Community Clinics for All Ages","dataYear":"2018","assetId":"918452","subcategory":"Health","detail":"https://classic.savi.org/SAVI/PopUps/AssetMoreInfo.aspx?AssetID=918452"}},{"type":"Feature","geometry":{"type":"Point","coordinates":[-86.11976288,39.80829122]},"properties":{"name":"HEALTHNET MARTINDALE-BRIGHTWOOD HEALTH","assetType":"Community Clinics for All Ages","dataYear":"2018","assetId":"918583","subcategory":"Health","detail":"https://classic.savi.org/SAVI/PopUps/AssetMoreInfo.aspx?AssetID=918583"}},{"type":"Feature","geometry":{"type":"Point","coordinates":[-86.11511119,39.82809566]},"properties":{"name":"HEALTHNET NORTHEAST HEALTH CENTER","assetType":"Community Clinics for All Ages","dataYear":"2018","assetId":"918365","subcategory":"Health","detail":"https://classic.savi.org/SAVI/PopUps/AssetMoreInfo.aspx?AssetID=918365"}},{"type":"Feature","geometry":{"type":"Point","coordinates":[-86.18067759,39.80982647]},"properties":{"name":"HEALTHNET NORTHWEST HEALTH CENTER","assetType":"Community Clinics for All Ages","dataYear":"2018","assetId":"918447","subcategory":"Health","detail":"https://classic.savi.org/SAVI/PopUps/AssetMoreInfo.aspx?AssetID=918447"}},{"type":"Feature","geometry":{"type":"Point","coordinates":[-86.16130212,39.78875691]},"properties":{"name":"HEALTHNET PEDIATRIC AND ADOLESCENT CARE CENTER","assetType":"Community Clinics for All Ages","dataYear":"2018","assetId":"918362","subcategory":"Health","detail":"https://classic.savi.org/SAVI/PopUps/AssetMoreInfo.aspx?AssetID=918362"}},{"type":"Feature","geometry":{"type":"Point","coordinates":[-86.13933304,39.75459711]},"properties":{"name":"HEALTHNET SOUTHEAST HEALTH AND DENTAL CENTER","assetType":"Community Clinics for All Ages","dataYear":"2018","assetId":"918651","subcategory":"Health","detail":"https://classic.savi.org/SAVI/PopUps/AssetMoreInfo.aspx?AssetID=918651"}},{"type":"Feature","geometry":{"type":"Point","coordinates":[-86.18766513,39.7513741]},"properties":{"name":"HEALTHNET SOUTHWEST HEALTH AND DENTAL CENTER","assetType":"Community Clinics for All Ages","dataYear":"2018","assetId":"918367","subcategory":"Health","detail":"https://classic.savi.org/SAVI/PopUps/AssetMoreInfo.aspx?AssetID=918367"}},{"type":"Feature","geometry":{"type":"Point","coordinates":[-86.26509914,39.77810737]},"properties":{"name":"HEALTHNET WEST HEALTH CENTER","assetType":"Community Clinics for All Ages","dataYear":"2018","assetId":"918635","subcategory":"Health","detail":"https://classic.savi.org/SAVI/PopUps/AssetMoreInfo.aspx?AssetID=918635"}},{"type":"Feature","geometry":{"type":"Point","coordinates":[-86.13898973,40.03958433]},"properties":{"name":"HEART AND SOUL CLINIC","assetType":"Community Clinics for All Ages","dataYear":"2018","assetId":"917622","subcategory":"Health","detail":"https://classic.savi.org/SAVI/PopUps/AssetMoreInfo.aspx?AssetID=917622"}},{"type":"Feature","geometry":{"type":"Point","coordinates":[-86.01738762,40.13249821]},"properties":{"name":"HOPE FAMILY CARE CENTER","assetType":"Community Clinics for All Ages","dataYear":"2018","assetId":"920166","subcategory":"Health","detail":"https://classic.savi.org/SAVI/PopUps/AssetMoreInfo.aspx?AssetID=920166"}},{"type":"Feature","geometry":{"type":"Point","coordinates":[-86.39393525,39.76441762]},"properties":{"name":"HOPE HEALTHCARE SERVICES","assetType":"Community Clinics for All Ages","dataYear":"2018","assetId":"919648","subcategory":"Health","detail":"https://classic.savi.org/SAVI/PopUps/AssetMoreInfo.aspx?AssetID=919648"}},{"type":"Feature","geometry":{"type":"Point","coordinates":[-86.13944954,39.76657632]},"properties":{"name":"HORIZON HOUSE","assetType":"Community Clinics for All Ages","dataYear":"2018","assetId":"921939","subcategory":"Health","detail":"https://classic.savi.org/SAVI/PopUps/AssetMoreInfo.aspx?AssetID=921939"}},{"type":"Feature","geometry":{"type":"Point","coordinates":[-86.15831983,39.76738603]},"properties":{"name":"INDIANA STATE DEPARTMENT OF HEALTH","assetType":"Community Clinics for All Ages","dataYear":"2018","assetId":"918080","subcategory":"Health","detail":"https://classic.savi.org/SAVI/PopUps/AssetMoreInfo.aspx?AssetID=918080"}},{"type":"Feature","geometry":{"type":"Point","coordinates":[-86.11196794,39.7815663]},"properties":{"name":"INDIANA UNIVERSITY STUDENT OUTREACH CLINIC IUSOC","assetType":"Community Clinics for All Ages","dataYear":"2018","assetId":"921467","subcategory":"Health","detail":"https://classic.savi.org/SAVI/PopUps/AssetMoreInfo.aspx?AssetID=921467"}},{"type":"Feature","geometry":{"type":"Point","coordinates":[-86.07751973,39.78836]},"properties":{"name":"JANE PAULEY COMMUNITY HEALTH CENTER AT 16TH STREET","assetType":"Community Clinics for All Ages","dataYear":"2018","assetId":"917378","subcategory":"Health","detail":"https://classic.savi.org/SAVI/PopUps/AssetMoreInfo.aspx?AssetID=917378"}},{"type":"Feature","geometry":{"type":"Point","coordinates":[-85.69313,40.13000964]},"properties":{"name":"JANE PAULEY COMMUNITY HEALTH CENTER AT ANDERSON","assetType":"Community Clinics for All Ages","dataYear":"2018","assetId":"917323","subcategory":"Health","detail":"https://classic.savi.org/SAVI/PopUps/AssetMoreInfo.aspx?AssetID=917323"}},{"type":"Feature","geometry":{"type":"Point","coordinates":[-86.04898307,39.84956437]},"properties":{"name":"JANE PAULEY COMMUNITY HEALTH CENTER AT BROOK PARK ELEMENTARY SCHOOL","assetType":"Community Clinics for All Ages","dataYear":"2018","assetId":"917380","subcategory":"Health","detail":"https://classic.savi.org/SAVI/PopUps/AssetMoreInfo.aspx?AssetID=917380"}},{"type":"Feature","geometry":{"type":"Point","coordinates":[-86.08521161,39.76912014]},"properties":{"name":"JANE PAULEY COMMUNITY HEALTH CENTER AT HOWE HIGH SCHOOL","assetType":"Community Clinics for All Ages","dataYear":"2018","assetId":"917325","subcategory":"Health","detail":"https://classic.savi.org/SAVI/PopUps/AssetMoreInfo.aspx?AssetID=917325"}},{"type":"Feature","geometry":{"type":"Point","coordinates":[-86.01085332,39.81025859]},"properties":{"name":"JANE PAULEY COMMUNITY HEALTH CENTER AT POST ROAD","assetType":"Community Clinics for All Ages","dataYear":"2018","assetId":"917475","subcategory":"Health","detail":"https://classic.savi.org/SAVI/PopUps/AssetMoreInfo.aspx?AssetID=917475"}},{"type":"Feature","geometry":{"type":"Point","coordinates":[-86.04562298,39.7955586]},"properties":{"name":"JANE PAULEY COMMUNITY HEALTH CENTER AT SHADELAND AVENUE","assetType":"Community Clinics for All Ages","dataYear":"2018","assetId":"917472","subcategory":"Health","detail":"https://classic.savi.org/SAVI/PopUps/AssetMoreInfo.aspx?AssetID=917472"}},{"type":"Feature","geometry":{"type":"Point","coordinates":[-85.67520779,40.26251253]},"properties":{"name":"JANE PAULEY COMMUNITY HEALTH CLINIC AT ALEXANDRIA","assetType":"Community Clinics for All Ages","dataYear":"2018","assetId":"917362","subcategory":"Health","detail":"https://classic.savi.org/SAVI/PopUps/AssetMoreInfo.aspx?AssetID=917362"}},{"type":"Feature","geometry":{"type":"Point","coordinates":[-85.76896986,39.79808537]},"properties":{"name":"JANE PAULEY COMMUNITY HEALTH CLINIC AT GREENFIELD","assetType":"Community Clinics for All Ages","dataYear":"2018","assetId":"917320","subcategory":"Health","detail":"https://classic.savi.org/SAVI/PopUps/AssetMoreInfo.aspx?AssetID=917320"}},{"type":"Feature","geometry":{"type":"Point","coordinates":[-86.12088866,39.64491007]},"properties":{"name":"JANE PAULEY COMMUNITY HEALTH CLINIC AT MADISON AVENUE","assetType":"Community Clinics for All Ages","dataYear":"2018","assetId":"917316","subcategory":"Health","detail":"https://classic.savi.org/SAVI/PopUps/AssetMoreInfo.aspx?AssetID=917316"}},{"type":"Feature","geometry":{"type":"Point","coordinates":[-86.07751973,39.78836]},"properties":{"name":"Jane Pauley Community Health Center at 16th Street","assetType":"Community Clinics for All Ages","dataYear":"2018","assetId":"923253","subcategory":"Health","detail":"https://classic.savi.org/SAVI/PopUps/AssetMoreInfo.aspx?AssetID=923253"}},{"type":"Feature","geometry":{"type":"Point","coordinates":[-85.67520779,40.26251253]},"properties":{"name":"Jane Pauley Community Health Center at Alexandria","assetType":"Community Clinics for All Ages","dataYear":"2018","assetId":"925210","subcategory":"Health","detail":"https://classic.savi.org/SAVI/PopUps/AssetMoreInfo.aspx?AssetID=925210"}},{"type":"Feature","geometry":{"type":"Point","coordinates":[-85.69312329,40.13000964]},"properties":{"name":"Jane Pauley Community Health Center at Anderson","assetType":"Community Clinics for All Ages","dataYear":"2018","assetId":"924123","subcategory":"Health","detail":"https://classic.savi.org/SAVI/PopUps/AssetMoreInfo.aspx?AssetID=924123"}},{"type":"Feature","geometry":{"type":"Point","coordinates":[-85.68615527,40.07353994]},"properties":{"name":"Jane Pauley Community Health Center at Ebbertt","assetType":"Community Clinics for All Ages","dataYear":"2018","assetId":"923333","subcategory":"Health","detail":"https://classic.savi.org/SAVI/PopUps/AssetMoreInfo.aspx?AssetID=923333"}},{"type":"Feature","geometry":{"type":"Point","coordinates":[-85.76896986,39.79808537]},"properties":{"name":"Jane Pauley Community Health Center at Greenfield","assetType":"Community Clinics for All Ages","dataYear":"2018","assetId":"923701","subcategory":"Health","detail":"https://classic.savi.org/SAVI/PopUps/AssetMoreInfo.aspx?AssetID=923701"}},{"type":"Feature","geometry":{"type":"Point","coordinates":[-86.12088866,39.64491007]},"properties":{"name":"Jane Pauley Community Health Center at Madison Avenue","assetType":"Community Clinics for All Ages","dataYear":"2018","assetId":"924036","subcategory":"Health","detail":"https://classic.savi.org/SAVI/PopUps/AssetMoreInfo.aspx?AssetID=924036"}},{"type":"Feature","geometry":{"type":"Point","coordinates":[-86.04565274,39.7955378]},"properties":{"name":"Jane Pauley Community Health Center at Shadeland","assetType":"Community Clinics for All Ages","dataYear":"2018","assetId":"923026","subcategory":"Health","detail":"https://classic.savi.org/SAVI/PopUps/AssetMoreInfo.aspx?AssetID=923026"}},{"type":"Feature","geometry":{"type":"Point","coordinates":[-85.75296318,39.51999117]},"properties":{"name":"Jane Pauley Community Health Center at Shelbyville IN 44","assetType":"Community Clinics for All Ages","dataYear":"2018","assetId":"923396","subcategory":"Health","detail":"https://classic.savi.org/SAVI/PopUps/AssetMoreInfo.aspx?AssetID=923396"}},{"type":"Feature","geometry":{"type":"Point","coordinates":[-85.68495476,40.10378167]},"properties":{"name":"Jane Pauley Community Health Center at the Wigwam","assetType":"Community Clinics for All Ages","dataYear":"2018","assetId":"925094","subcategory":"Health","detail":"https://classic.savi.org/SAVI/PopUps/AssetMoreInfo.aspx?AssetID=925094"}},{"type":"Feature","geometry":{"type":"Point","coordinates":[-85.67422701,40.26283695]},"properties":{"name":"MADISON COUNTY COMMUNITY HEALTH CENTER -ALEXANDRIA","assetType":"Community Clinics for All Ages","dataYear":"2018","assetId":"920414","subcategory":"Health","detail":"https://classic.savi.org/SAVI/PopUps/AssetMoreInfo.aspx?AssetID=920414"}},{"type":"Feature","geometry":{"type":"Point","coordinates":[-85.66976183,40.09988334]},"properties":{"name":"MADISON COUNTY COMMUNITY HEALTH CENTER -ANDERSON","assetType":"Community Clinics for All Ages","dataYear":"2018","assetId":"920280","subcategory":"Health","detail":"https://classic.savi.org/SAVI/PopUps/AssetMoreInfo.aspx?AssetID=920280"}},{"type":"Feature","geometry":{"type":"Point","coordinates":[-85.84092422,40.27717189]},"properties":{"name":"MADISON COUNTY COMMUNITY HEALTH CENTER -ELWOOD","assetType":"Community Clinics for All Ages","dataYear":"2018","assetId":"920274","subcategory":"Health","detail":"https://classic.savi.org/SAVI/PopUps/AssetMoreInfo.aspx?AssetID=920274"}},{"type":"Feature","geometry":{"type":"Point","coordinates":[-86.15692077,39.81503262]},"properties":{"name":"MERIDIAN MEDICAL SERVICES AMBULATORY PRIMARY CARE CLINIC","assetType":"Community Clinics for All Ages","dataYear":"2018","assetId":"918811","subcategory":"Health","detail":"https://classic.savi.org/SAVI/PopUps/AssetMoreInfo.aspx?AssetID=918811"}},{"type":"Feature","geometry":{"type":"Point","coordinates":[-85.68060291,40.09497992]},"properties":{"name":"OPEN DOOR HEALTH SERVICES - ANDERSON","assetType":"Community Clinics for All Ages","dataYear":"2018","assetId":"919987","subcategory":"Health","detail":"https://classic.savi.org/SAVI/PopUps/AssetMoreInfo.aspx?AssetID=919987"}},{"type":"Feature","geometry":{"type":"Point","coordinates":[-86.12158629,39.78182044]},"properties":{"name":"PEOPLE S HEALTH CENTER","assetType":"Community Clinics for All Ages","dataYear":"2018","assetId":"918648","subcategory":"Health","detail":"https://classic.savi.org/SAVI/PopUps/AssetMoreInfo.aspx?AssetID=918648"}},{"type":"Feature","geometry":{"type":"Point","coordinates":[-86.15049668,39.81727883]},"properties":{"name":"RAPHAEL HEALTH CENTER","assetType":"Community Clinics for All Ages","dataYear":"2018","assetId":"917686","subcategory":"Health","detail":"https://classic.savi.org/SAVI/PopUps/AssetMoreInfo.aspx?AssetID=917686"}},{"type":"Feature","geometry":{"type":"Point","coordinates":[-86.47211975,40.05783545]},"properties":{"name":"RIGGS HEALTH BOONE COUNTY","assetType":"Community Clinics for All Ages","dataYear":"2018","assetId":"922277","subcategory":"Health","detail":"https://classic.savi.org/SAVI/PopUps/AssetMoreInfo.aspx?AssetID=922277"}},{"type":"Feature","geometry":{"type":"Point","coordinates":[-86.07671057,39.53597881]},"properties":{"name":"SAINT THOMAS MEDICAL CLINIC","assetType":"Community Clinics for All Ages","dataYear":"2018","assetId":"917349","subcategory":"Health","detail":"https://classic.savi.org/SAVI/PopUps/AssetMoreInfo.aspx?AssetID=917349"}},{"type":"Feature","geometry":{"type":"Point","coordinates":[-86.37413096,39.62983826]},"properties":{"name":"SAINT THOMAS MORE FREE CLINIC","assetType":"Community Clinics for All Ages","dataYear":"2018","assetId":"919965","subcategory":"Health","detail":"https://classic.savi.org/SAVI/PopUps/AssetMoreInfo.aspx?AssetID=919965"}},{"type":"Feature","geometry":{"type":"Point","coordinates":[-85.67967049,40.09723125]},"properties":{"name":"SAINT VINCENT ANDERSON REGIONAL - SAINT JOHN S CHILDREN S CLINIC","assetType":"Community Clinics for All Ages","dataYear":"2018","assetId":"919204","subcategory":"Health","detail":"https://classic.savi.org/SAVI/PopUps/AssetMoreInfo.aspx?AssetID=919204"}},{"type":"Feature","geometry":{"type":"Point","coordinates":[-86.1993719,39.90821421]},"properties":{"name":"SAINT VINCENT JOSHUA MAX SIMON PRIMARY CARE CENTER","assetType":"Community Clinics for All Ages","dataYear":"2018","assetId":"921813","subcategory":"Health","detail":"https://classic.savi.org/SAVI/PopUps/AssetMoreInfo.aspx?AssetID=921813"}},{"type":"Feature","geometry":{"type":"Point","coordinates":[-86.22962397,39.81755795]},"properties":{"name":"SHALOM HEALTH CARE CENTER","assetType":"Community Clinics for All Ages","dataYear":"2018","assetId":"921952","subcategory":"Health","detail":"https://classic.savi.org/SAVI/PopUps/AssetMoreInfo.aspx?AssetID=921952"}},{"type":"Feature","geometry":{"type":"Point","coordinates":[-86.26216356,39.85372395]},"properties":{"name":"SHALOM HEALTH CARE CENTER AT WEST 56TH STREET","assetType":"Community Clinics for All Ages","dataYear":"2018","assetId":"922119","subcategory":"Health","detail":"https://classic.savi.org/SAVI/PopUps/AssetMoreInfo.aspx?AssetID=922119"}},{"type":"Feature","geometry":{"type":"Point","coordinates":[-86.14868911,39.99920968]},"properties":{"name":"TRINITY FREE CLINIC","assetType":"Community Clinics for All Ages","dataYear":"2018","assetId":"919440","subcategory":"Health","detail":"https://classic.savi.org/SAVI/PopUps/AssetMoreInfo.aspx?AssetID=919440"}},{"type":"Feature","geometry":{"type":"Point","coordinates":[-86.14868911,39.99920968]},"properties":{"name":"TRINITY FREE CLINIC","assetType":"Community Clinics for All Ages","dataYear":"2018","assetId":"919527","subcategory":"Health","detail":"https://classic.savi.org/SAVI/PopUps/AssetMoreInfo.aspx?AssetID=919527"}},{"type":"Feature","geometry":{"type":"Point","coordinates":[-86.1373112,39.63643924]},"properties":{"name":"WINDROSE HEALTH NETWORK - COUNTYLINE CENTER","assetType":"Community Clinics for All Ages","dataYear":"2018","assetId":"920419","subcategory":"Health","detail":"https://classic.savi.org/SAVI/PopUps/AssetMoreInfo.aspx?AssetID=920419"}},{"type":"Feature","geometry":{"type":"Point","coordinates":[-86.15106322,39.68478844]},"properties":{"name":"WINDROSE HEALTH NETWORK - EPLER PARKE CENTER","assetType":"Community Clinics for All Ages","dataYear":"2018","assetId":"920525","subcategory":"Health","detail":"https://classic.savi.org/SAVI/PopUps/AssetMoreInfo.aspx?AssetID=920525"}},{"type":"Feature","geometry":{"type":"Point","coordinates":[-86.02743416,39.48126643]},"properties":{"name":"WINDROSE HEALTH NETWORK - FRANKLIN CENTER","assetType":"Community Clinics for All Ages","dataYear":"2018","assetId":"920530","subcategory":"Health","detail":"https://classic.savi.org/SAVI/PopUps/AssetMoreInfo.aspx?AssetID=920530"}},{"type":"Feature","geometry":{"type":"Point","coordinates":[-86.16011052,39.4109815]},"properties":{"name":"WINDROSE HEALTH NETWORK - TRAFALGAR CENTER","assetType":"Community Clinics for All Ages","dataYear":"2018","assetId":"920333","subcategory":"Health","detail":"https://classic.savi.org/SAVI/PopUps/AssetMoreInfo.aspx?AssetID=920333"}},{"type":"Feature","geometry":{"type":"Point","coordinates":[-86.11511119,39.82809566]},"properties":{"name":"AVONDALE MEADOWS YMCA","assetType":"Diabetes Management Clinics","dataYear":"2018","assetId":"921221","subcategory":"Health","detail":"https://classic.savi.org/SAVI/PopUps/AssetMoreInfo.aspx?AssetID=921221"}},{"type":"Feature","geometry":{"type":"Point","coordinates":[-86.13956941,39.65117763]},"properties":{"name":"BAXTER YMCA","assetType":"Diabetes Management Clinics","dataYear":"2018","assetId":"921390","subcategory":"Health","detail":"https://classic.savi.org/SAVI/PopUps/AssetMoreInfo.aspx?AssetID=921390"}},{"type":"Feature","geometry":{"type":"Point","coordinates":[-86.00191164,39.85912507]},"properties":{"name":"BENJAMIN HARRISON YMCA","assetType":"Diabetes Management Clinics","dataYear":"2018","assetId":"921317","subcategory":"Health","detail":"https://classic.savi.org/SAVI/PopUps/AssetMoreInfo.aspx?AssetID=921317"}},{"type":"Feature","geometry":{"type":"Point","coordinates":[-86.00927179,39.97247498]},"properties":{"name":"FISHERS YMCA","assetType":"Diabetes Management Clinics","dataYear":"2018","assetId":"921380","subcategory":"Health","detail":"https://classic.savi.org/SAVI/PopUps/AssetMoreInfo.aspx?AssetID=921380"}},{"type":"Feature","geometry":{"type":"Point","coordinates":[-86.3683382,39.76772529]},"properties":{"name":"HENDRICKS REGIONAL HEALTH YMCA","assetType":"Diabetes Management Clinics","dataYear":"2018","assetId":"921156","subcategory":"Health","detail":"https://classic.savi.org/SAVI/PopUps/AssetMoreInfo.aspx?AssetID=921156"}},{"type":"Feature","geometry":{"type":"Point","coordinates":[-86.16511603,39.77417608]},"properties":{"name":"INDIANA LATINO INSTITUTE","assetType":"Diabetes Management Clinics","dataYear":"2018","assetId":"921434","subcategory":"Health","detail":"https://classic.savi.org/SAVI/PopUps/AssetMoreInfo.aspx?AssetID=921434"}},{"type":"Feature","geometry":{"type":"Point","coordinates":[-86.15303786,39.760932]},"properties":{"name":"IRSAY FAMILY YMCA AT CITY WAY","assetType":"Diabetes Management Clinics","dataYear":"2018","assetId":"921147","subcategory":"Health","detail":"https://classic.savi.org/SAVI/PopUps/AssetMoreInfo.aspx?AssetID=921147"}},{"type":"Feature","geometry":{"type":"Point","coordinates":[-86.13500624,39.90883584]},"properties":{"name":"JORDAN YMCA","assetType":"Diabetes Management Clinics","dataYear":"2018","assetId":"921388","subcategory":"Health","detail":"https://classic.savi.org/SAVI/PopUps/AssetMoreInfo.aspx?AssetID=921388"}},{"type":"Feature","geometry":{"type":"Point","coordinates":[-86.11691736,39.82600084]},"properties":{"name":"MARION COUNTY PUBLIC HEALTH DEPARTMENT","assetType":"Diabetes Management Clinics","dataYear":"2018","assetId":"921549","subcategory":"Health","detail":"https://classic.savi.org/SAVI/PopUps/AssetMoreInfo.aspx?AssetID=921549"}},{"type":"Feature","geometry":{"type":"Point","coordinates":[-86.25744583,39.88383753]},"properties":{"name":"PIKE YMCA","assetType":"Diabetes Management Clinics","dataYear":"2018","assetId":"921158","subcategory":"Health","detail":"https://classic.savi.org/SAVI/PopUps/AssetMoreInfo.aspx?AssetID=921158"}},{"type":"Feature","geometry":{"type":"Point","coordinates":[-86.03973639,39.77889097]},"properties":{"name":"RANSBURG YMCA","assetType":"Diabetes Management Clinics","dataYear":"2018","assetId":"921378","subcategory":"Health","detail":"https://classic.savi.org/SAVI/PopUps/AssetMoreInfo.aspx?AssetID=921378"}},{"type":"Feature","geometry":{"type":"Point","coordinates":[-86.47043503,40.07875603]},"properties":{"name":"WITHAM FAMILY YMCA","assetType":"Diabetes Management Clinics","dataYear":"2018","assetId":"921327","subcategory":"Health","detail":"https://classic.savi.org/SAVI/PopUps/AssetMoreInfo.aspx?AssetID=921327"}},{"type":"Feature","geometry":{"type":"Point","coordinates":[-86.15012688,39.77357928]},"properties":{"name":"YMCA AT THE ATHENAEUM","assetType":"Diabetes Management Clinics","dataYear":"2018","assetId":"921319","subcategory":"Health","detail":"https://classic.savi.org/SAVI/PopUps/AssetMoreInfo.aspx?AssetID=921319"}},{"type":"Feature","geometry":{"type":"Point","coordinates":[-86.15363707,39.76853896]},"properties":{"name":"YMCA AT THE CITY MARKET -BIKE HUB","assetType":"Diabetes Management Clinics","dataYear":"2018","assetId":"921223","subcategory":"Health","detail":"https://classic.savi.org/SAVI/PopUps/AssetMoreInfo.aspx?AssetID=921223"}},{"type":"Feature","geometry":{"type":"Point","coordinates":[-86.155596,39.807779]},"properties":{"name":"A C T I O N Health Center MCPHD","assetType":"Public Health Clinics","dataYear":"2011","assetId":"691471","subcategory":"Health","detail":"https://classic.savi.org/SAVI/PopUps/AssetMoreInfo.aspx?AssetID=691471"}},{"type":"Feature","geometry":{"type":"Point","coordinates":[-86.14739318,39.99910389]},"properties":{"name":"Acute Medical Trinity Free Clinic Inc","assetType":"Public Health Clinics","dataYear":"2011","assetId":"695158","subcategory":"Health","detail":"https://classic.savi.org/SAVI/PopUps/AssetMoreInfo.aspx?AssetID=695158"}},{"type":"Feature","geometry":{"type":"Point","coordinates":[-86.047605,39.795652]},"properties":{"name":"Alivio Medical Center","assetType":"Public Health Clinics","dataYear":"2011","assetId":"695430","subcategory":"Health","detail":"https://classic.savi.org/SAVI/PopUps/AssetMoreInfo.aspx?AssetID=695430"}},{"type":"Feature","geometry":{"type":"Point","coordinates":[-86.14739318,39.99910389]},"properties":{"name":"Asthma Clinic Trinity Free Clinic Inc","assetType":"Public Health Clinics","dataYear":"2011","assetId":"695156","subcategory":"Health","detail":"https://classic.savi.org/SAVI/PopUps/AssetMoreInfo.aspx?AssetID=695156"}},{"type":"Feature","geometry":{"type":"Point","coordinates":[-86.10776747,39.73733875]},"properties":{"name":"Barrington Health Center HealthNet Community Health Centers","assetType":"Public Health Clinics","dataYear":"2011","assetId":"692609","subcategory":"Health","detail":"https://classic.savi.org/SAVI/PopUps/AssetMoreInfo.aspx?AssetID=692609"}},{"type":"Feature","geometry":{"type":"Point","coordinates":[-86.1486209,39.77391818]},"properties":{"name":"Barton Annex Health Center Citizens Health","assetType":"Public Health Clinics","dataYear":"2011","assetId":"696553","subcategory":"Health","detail":"https://classic.savi.org/SAVI/PopUps/AssetMoreInfo.aspx?AssetID=696553"}},{"type":"Feature","geometry":{"type":"Point","coordinates":[-86.17883159,39.78008782]},"properties":{"name":"Bell Flower Clinic - STD STI Screening MCPHD","assetType":"Public Health Clinics","dataYear":"2011","assetId":"691394","subcategory":"Health","detail":"https://classic.savi.org/SAVI/PopUps/AssetMoreInfo.aspx?AssetID=691394"}},{"type":"Feature","geometry":{"type":"Point","coordinates":[-86.07490821,39.87767623]},"properties":{"name":"Binford Immediate Care","assetType":"Public Health Clinics","dataYear":"2011","assetId":"695244","subcategory":"Health","detail":"https://classic.savi.org/SAVI/PopUps/AssetMoreInfo.aspx?AssetID=695244"}},{"type":"Feature","geometry":{"type":"Point","coordinates":[-86.07490821,39.87767623]},"properties":{"name":"Binford Immediate Care","assetType":"Public Health Clinics","dataYear":"2011","assetId":"695243","subcategory":"Health","detail":"https://classic.savi.org/SAVI/PopUps/AssetMoreInfo.aspx?AssetID=695243"}},{"type":"Feature","geometry":{"type":"Point","coordinates":[-86.46869864,40.04856069]},"properties":{"name":"Boone Co Health Dept - Public Health Services","assetType":"Public Health Clinics","dataYear":"2011","assetId":"691656","subcategory":"Health","detail":"https://classic.savi.org/SAVI/PopUps/AssetMoreInfo.aspx?AssetID=691656"}},{"type":"Feature","geometry":{"type":"Point","coordinates":[-86.47090367,40.05750599]},"properties":{"name":"Boone County Community Clinic","assetType":"Public Health Clinics","dataYear":"2011","assetId":"696257","subcategory":"Health","detail":"https://classic.savi.org/SAVI/PopUps/AssetMoreInfo.aspx?AssetID=696257"}},{"type":"Feature","geometry":{"type":"Point","coordinates":[-86.1391245,39.86966072]},"properties":{"name":"Broad Ripple Health Center Wishard Health Services","assetType":"Public Health Clinics","dataYear":"2011","assetId":"694117","subcategory":"Health","detail":"https://classic.savi.org/SAVI/PopUps/AssetMoreInfo.aspx?AssetID=694117"}},{"type":"Feature","geometry":{"type":"Point","coordinates":[-86.04607472,39.88555594]},"properties":{"name":"Castleton Health Center Wishard Health Services","assetType":"Public Health Clinics","dataYear":"2011","assetId":"694125","subcategory":"Health","detail":"https://classic.savi.org/SAVI/PopUps/AssetMoreInfo.aspx?AssetID=694125"}},{"type":"Feature","geometry":{"type":"Point","coordinates":[-86.14486302,39.78938982]},"properties":{"name":"Citizens Health Corporation - Health Clinic","assetType":"Public Health Clinics","dataYear":"2011","assetId":"691761","subcategory":"Health","detail":"https://classic.savi.org/SAVI/PopUps/AssetMoreInfo.aspx?AssetID=691761"}},{"type":"Feature","geometry":{"type":"Point","coordinates":[-86.13992762,39.74777934]},"properties":{"name":"Cottage Corner Health Center Wishard Health Services","assetType":"Public Health Clinics","dataYear":"2011","assetId":"692704","subcategory":"Health","detail":"https://classic.savi.org/SAVI/PopUps/AssetMoreInfo.aspx?AssetID=692704"}},{"type":"Feature","geometry":{"type":"Point","coordinates":[-86.11754529,39.64430758]},"properties":{"name":"Countyline Family Health Center WindRose","assetType":"Public Health Clinics","dataYear":"2011","assetId":"695763","subcategory":"Health","detail":"https://classic.savi.org/SAVI/PopUps/AssetMoreInfo.aspx?AssetID=695763"}},{"type":"Feature","geometry":{"type":"Point","coordinates":[-86.27756923,39.82645421]},"properties":{"name":"Eagle Highland Health Center IU Group","assetType":"Public Health Clinics","dataYear":"2011","assetId":"694121","subcategory":"Health","detail":"https://classic.savi.org/SAVI/PopUps/AssetMoreInfo.aspx?AssetID=694121"}},{"type":"Feature","geometry":{"type":"Point","coordinates":[-85.95280449,39.35420558]},"properties":{"name":"Edinburgh Family Health Center WindRose","assetType":"Public Health Clinics","dataYear":"2011","assetId":"694739","subcategory":"Health","detail":"https://classic.savi.org/SAVI/PopUps/AssetMoreInfo.aspx?AssetID=694739"}},{"type":"Feature","geometry":{"type":"Point","coordinates":[-86.14739318,39.99910389]},"properties":{"name":"Foot Care Clinic Trinity Free Clinic Inc","assetType":"Public Health Clinics","dataYear":"2011","assetId":"695163","subcategory":"Health","detail":"https://classic.savi.org/SAVI/PopUps/AssetMoreInfo.aspx?AssetID=695163"}},{"type":"Feature","geometry":{"type":"Point","coordinates":[-86.10285034,39.82600205]},"properties":{"name":"Forest Manor Health Center Wishard Health Services","assetType":"Public Health Clinics","dataYear":"2011","assetId":"692695","subcategory":"Health","detail":"https://classic.savi.org/SAVI/PopUps/AssetMoreInfo.aspx?AssetID=692695"}},{"type":"Feature","geometry":{"type":"Point","coordinates":[-86.14739318,39.99910389]},"properties":{"name":"Free Mammograms - Trinity Free Clinic Inc","assetType":"Public Health Clinics","dataYear":"2011","assetId":"695828","subcategory":"Health","detail":"https://classic.savi.org/SAVI/PopUps/AssetMoreInfo.aspx?AssetID=695828"}},{"type":"Feature","geometry":{"type":"Point","coordinates":[-86.15573753,39.77739485]},"properties":{"name":"Gennesaret Free Clinic - Wellness Center","assetType":"Public Health Clinics","dataYear":"2011","assetId":"693951","subcategory":"Health","detail":"https://classic.savi.org/SAVI/PopUps/AssetMoreInfo.aspx?AssetID=693951"}},{"type":"Feature","geometry":{"type":"Point","coordinates":[-86.1174196,39.76848941]},"properties":{"name":"Good Samaritan Health Clinic Good News Ministries","assetType":"Public Health Clinics","dataYear":"2011","assetId":"695433","subcategory":"Health","detail":"https://classic.savi.org/SAVI/PopUps/AssetMoreInfo.aspx?AssetID=695433"}},{"type":"Feature","geometry":{"type":"Point","coordinates":[-86.00185267,39.82600609]},"properties":{"name":"Grassy Creek Health Center Wishard Health Services","assetType":"Public Health Clinics","dataYear":"2011","assetId":"692988","subcategory":"Health","detail":"https://classic.savi.org/SAVI/PopUps/AssetMoreInfo.aspx?AssetID=692988"}},{"type":"Feature","geometry":{"type":"Point","coordinates":[-85.99094261,40.04949289]},"properties":{"name":"Hamilton Co Health Dept - Public Health Services","assetType":"Public Health Clinics","dataYear":"2011","assetId":"691988","subcategory":"Health","detail":"https://classic.savi.org/SAVI/PopUps/AssetMoreInfo.aspx?AssetID=691988"}},{"type":"Feature","geometry":{"type":"Point","coordinates":[-86.13338444,39.77440278]},"properties":{"name":"HealthNet School-Based Clinics","assetType":"Public Health Clinics","dataYear":"2011","assetId":"693056","subcategory":"Health","detail":"https://classic.savi.org/SAVI/PopUps/AssetMoreInfo.aspx?AssetID=693056"}},{"type":"Feature","geometry":{"type":"Point","coordinates":[-86.52369203,39.75711291]},"properties":{"name":"Hendricks Co Health Dept - Adult Wellness","assetType":"Public Health Clinics","dataYear":"2011","assetId":"692894","subcategory":"Health","detail":"https://classic.savi.org/SAVI/PopUps/AssetMoreInfo.aspx?AssetID=692894"}},{"type":"Feature","geometry":{"type":"Point","coordinates":[-86.52369203,39.75711291]},"properties":{"name":"Hendricks Co Health Dept - Public Health Services","assetType":"Public Health Clinics","dataYear":"2011","assetId":"692891","subcategory":"Health","detail":"https://classic.savi.org/SAVI/PopUps/AssetMoreInfo.aspx?AssetID=692891"}},{"type":"Feature","geometry":{"type":"Point","coordinates":[-86.17599944,39.78084944]},"properties":{"name":"Hispanic Health Resources - Wishard Health Services","assetType":"Public Health Clinics","dataYear":"2011","assetId":"693883","subcategory":"Health","detail":"https://classic.savi.org/SAVI/PopUps/AssetMoreInfo.aspx?AssetID=693883"}},{"type":"Feature","geometry":{"type":"Point","coordinates":[-86.157156,39.791275]},"properties":{"name":"Homeless Initiative Program - HIP - Health Care","assetType":"Public Health Clinics","dataYear":"2011","assetId":"693429","subcategory":"Health","detail":"https://classic.savi.org/SAVI/PopUps/AssetMoreInfo.aspx?AssetID=693429"}},{"type":"Feature","geometry":{"type":"Point","coordinates":[-86.01002568,40.13254175]},"properties":{"name":"Hope Family Care Clinic","assetType":"Public Health Clinics","dataYear":"2011","assetId":"696545","subcategory":"Health","detail":"https://classic.savi.org/SAVI/PopUps/AssetMoreInfo.aspx?AssetID=696545"}},{"type":"Feature","geometry":{"type":"Point","coordinates":[-86.16140737,39.78874573]},"properties":{"name":"IU Health Methodist - Adult Ambulatory Care Center","assetType":"Public Health Clinics","dataYear":"2011","assetId":"696468","subcategory":"Health","detail":"https://classic.savi.org/SAVI/PopUps/AssetMoreInfo.aspx?AssetID=696468"}},{"type":"Feature","geometry":{"type":"Point","coordinates":[-86.16140737,39.78874573]},"properties":{"name":"IU Health Methodist - Pediatric and Adolescent Care Center","assetType":"Public Health Clinics","dataYear":"2011","assetId":"696469","subcategory":"Health","detail":"https://classic.savi.org/SAVI/PopUps/AssetMoreInfo.aspx?AssetID=696469"}},{"type":"Feature","geometry":{"type":"Point","coordinates":[-86.1582286,39.76705658]},"properties":{"name":"Indiana Children s Special Health Care Services - CSHCS","assetType":"Public Health Clinics","dataYear":"2011","assetId":"692868","subcategory":"Health","detail":"https://classic.savi.org/SAVI/PopUps/AssetMoreInfo.aspx?AssetID=692868"}},{"type":"Feature","geometry":{"type":"Point","coordinates":[-86.39380884,39.7643808]},"properties":{"name":"Kingsway Community Care Center","assetType":"Public Health Clinics","dataYear":"2011","assetId":"694976","subcategory":"Health","detail":"https://classic.savi.org/SAVI/PopUps/AssetMoreInfo.aspx?AssetID=694976"}},{"type":"Feature","geometry":{"type":"Point","coordinates":[-86.14944287,39.77239946]},"properties":{"name":"Learning Well Inc Students Only School-Based Clinics","assetType":"Public Health Clinics","dataYear":"2011","assetId":"694986","subcategory":"Health","detail":"https://classic.savi.org/SAVI/PopUps/AssetMoreInfo.aspx?AssetID=694986"}},{"type":"Feature","geometry":{"type":"Point","coordinates":[-86.17883159,39.78008782]},"properties":{"name":"Marion County Public Health Department - Infectious Disease","assetType":"Public Health Clinics","dataYear":"2011","assetId":"692741","subcategory":"Health","detail":"https://classic.savi.org/SAVI/PopUps/AssetMoreInfo.aspx?AssetID=692741"}},{"type":"Feature","geometry":{"type":"Point","coordinates":[-86.14497032,39.82034155]},"properties":{"name":"Martin Center - Health Screening Ed Follow Up Referrals","assetType":"Public Health Clinics","dataYear":"2011","assetId":"692349","subcategory":"Health","detail":"https://classic.savi.org/SAVI/PopUps/AssetMoreInfo.aspx?AssetID=692349"}},{"type":"Feature","geometry":{"type":"Point","coordinates":[-86.121419,39.808083]},"properties":{"name":"Martindale Brightwood Health Center HealthNet","assetType":"Public Health Clinics","dataYear":"2011","assetId":"692613","subcategory":"Health","detail":"https://classic.savi.org/SAVI/PopUps/AssetMoreInfo.aspx?AssetID=692613"}},{"type":"Feature","geometry":{"type":"Point","coordinates":[-86.145746,39.661814]},"properties":{"name":"Muscular Dystrophy Family Fndn - Comprehensive Support Services","assetType":"Public Health Clinics","dataYear":"2011","assetId":"691670","subcategory":"Health","detail":"https://classic.savi.org/SAVI/PopUps/AssetMoreInfo.aspx?AssetID=691670"}},{"type":"Feature","geometry":{"type":"Point","coordinates":[-86.145746,39.661814]},"properties":{"name":"Muscular Dystrophy Family Foundation - Adaptive Equipment Clinic","assetType":"Public Health Clinics","dataYear":"2011","assetId":"691667","subcategory":"Health","detail":"https://classic.savi.org/SAVI/PopUps/AssetMoreInfo.aspx?AssetID=691667"}},{"type":"Feature","geometry":{"type":"Point","coordinates":[-86.14285491,39.91261106]},"properties":{"name":"Nora Immediate Care","assetType":"Public Health Clinics","dataYear":"2011","assetId":"695232","subcategory":"Health","detail":"https://classic.savi.org/SAVI/PopUps/AssetMoreInfo.aspx?AssetID=695232"}},{"type":"Feature","geometry":{"type":"Point","coordinates":[-86.14285491,39.91261106]},"properties":{"name":"Nora Immediate Care","assetType":"Public Health Clinics","dataYear":"2011","assetId":"695233","subcategory":"Health","detail":"https://classic.savi.org/SAVI/PopUps/AssetMoreInfo.aspx?AssetID=695233"}},{"type":"Feature","geometry":{"type":"Point","coordinates":[-86.0644045,39.8037259]},"properties":{"name":"North Arlington Health Center Wishard Health Services","assetType":"Public Health Clinics","dataYear":"2011","assetId":"692713","subcategory":"Health","detail":"https://classic.savi.org/SAVI/PopUps/AssetMoreInfo.aspx?AssetID=692713"}},{"type":"Feature","geometry":{"type":"Point","coordinates":[-86.50187222,39.76110533]},"properties":{"name":"Partners in Care Primary Care Hendricks Regional Health","assetType":"Public Health Clinics","dataYear":"2011","assetId":"694969","subcategory":"Health","detail":"https://classic.savi.org/SAVI/PopUps/AssetMoreInfo.aspx?AssetID=694969"}},{"type":"Feature","geometry":{"type":"Point","coordinates":[-86.1215649,39.78180277]},"properties":{"name":"People s Health Center HealthNet Community Health Centers","assetType":"Public Health Clinics","dataYear":"2011","assetId":"692624","subcategory":"Health","detail":"https://classic.savi.org/SAVI/PopUps/AssetMoreInfo.aspx?AssetID=692624"}},{"type":"Feature","geometry":{"type":"Point","coordinates":[-86.19591796,39.9118661]},"properties":{"name":"Peyton Manning s Children s Hospital at St Vincent","assetType":"Public Health Clinics","dataYear":"2011","assetId":"696435","subcategory":"Health","detail":"https://classic.savi.org/SAVI/PopUps/AssetMoreInfo.aspx?AssetID=696435"}},{"type":"Feature","geometry":{"type":"Point","coordinates":[-86.1780711,39.77815461]},"properties":{"name":"Primary Care Center Wishard Health Services","assetType":"Public Health Clinics","dataYear":"2011","assetId":"694129","subcategory":"Health","detail":"https://classic.savi.org/SAVI/PopUps/AssetMoreInfo.aspx?AssetID=694129"}},{"type":"Feature","geometry":{"type":"Point","coordinates":[-85.77260594,39.81079247]},"properties":{"name":"Prime Time Urgent Care Hancock Regional Hospital","assetType":"Public Health Clinics","dataYear":"2011","assetId":"694756","subcategory":"Health","detail":"https://classic.savi.org/SAVI/PopUps/AssetMoreInfo.aspx?AssetID=694756"}},{"type":"Feature","geometry":{"type":"Point","coordinates":[-86.15083078,39.8174791]},"properties":{"name":"Raphael Health Center","assetType":"Public Health Clinics","dataYear":"2011","assetId":"695309","subcategory":"Health","detail":"https://classic.savi.org/SAVI/PopUps/AssetMoreInfo.aspx?AssetID=695309"}},{"type":"Feature","geometry":{"type":"Point","coordinates":[-86.17976983,39.77837792]},"properties":{"name":"Regenstrief Health Center Wishard Health Services","assetType":"Public Health Clinics","dataYear":"2011","assetId":"692724","subcategory":"Health","detail":"https://classic.savi.org/SAVI/PopUps/AssetMoreInfo.aspx?AssetID=692724"}},{"type":"Feature","geometry":{"type":"Point","coordinates":[-86.02707955,40.04689834]},"properties":{"name":"Riverview Community Health Clinic Riverview Hospital","assetType":"Public Health Clinics","dataYear":"2011","assetId":"691287","subcategory":"Health","detail":"https://classic.savi.org/SAVI/PopUps/AssetMoreInfo.aspx?AssetID=691287"}},{"type":"Feature","geometry":{"type":"Point","coordinates":[-86.18689938,39.77964383]},"properties":{"name":"Roudebush VA Medical Center - Inpatient Health Services","assetType":"Public Health Clinics","dataYear":"2011","assetId":"692099","subcategory":"Health","detail":"https://classic.savi.org/SAVI/PopUps/AssetMoreInfo.aspx?AssetID=692099"}},{"type":"Feature","geometry":{"type":"Point","coordinates":[-86.18689938,39.77964383]},"properties":{"name":"Roudebush VA Medical Center - Outpatient Services","assetType":"Public Health Clinics","dataYear":"2011","assetId":"693515","subcategory":"Health","detail":"https://classic.savi.org/SAVI/PopUps/AssetMoreInfo.aspx?AssetID=693515"}},{"type":"Feature","geometry":{"type":"Point","coordinates":[-86.2279762,39.8167417]},"properties":{"name":"Shalom Health Care Center","assetType":"Public Health Clinics","dataYear":"2011","assetId":"693499","subcategory":"Health","detail":"https://classic.savi.org/SAVI/PopUps/AssetMoreInfo.aspx?AssetID=693499"}},{"type":"Feature","geometry":{"type":"Point","coordinates":[-85.75403961,39.51991712]},"properties":{"name":"Shelby County Health Department - Public Health Services","assetType":"Public Health Clinics","dataYear":"2011","assetId":"692110","subcategory":"Health","detail":"https://classic.savi.org/SAVI/PopUps/AssetMoreInfo.aspx?AssetID=692110"}},{"type":"Feature","geometry":{"type":"Point","coordinates":[-86.14592201,39.71129762]},"properties":{"name":"South District Health Office Marion County Public Health Dept","assetType":"Public Health Clinics","dataYear":"2011","assetId":"693003","subcategory":"Health","detail":"https://classic.savi.org/SAVI/PopUps/AssetMoreInfo.aspx?AssetID=693003"}},{"type":"Feature","geometry":{"type":"Point","coordinates":[-86.139675,39.754796]},"properties":{"name":"Southeast Health Center HealthNet Community Health Centers","assetType":"Public Health Clinics","dataYear":"2011","assetId":"692628","subcategory":"Health","detail":"https://classic.savi.org/SAVI/PopUps/AssetMoreInfo.aspx?AssetID=692628"}},{"type":"Feature","geometry":{"type":"Point","coordinates":[-86.19827555,39.75121393]},"properties":{"name":"Southwest Health Center HealthNet","assetType":"Public Health Clinics","dataYear":"2011","assetId":"691480","subcategory":"Health","detail":"https://classic.savi.org/SAVI/PopUps/AssetMoreInfo.aspx?AssetID=691480"}},{"type":"Feature","geometry":{"type":"Point","coordinates":[-86.15295205,39.72994795]},"properties":{"name":"St Francis Neighborhood Health Center St Francis Hospital","assetType":"Public Health Clinics","dataYear":"2011","assetId":"693043","subcategory":"Health","detail":"https://classic.savi.org/SAVI/PopUps/AssetMoreInfo.aspx?AssetID=693043"}},{"type":"Feature","geometry":{"type":"Point","coordinates":[-86.07515818,39.5354135]},"properties":{"name":"St Thomas Medical Clinic","assetType":"Public Health Clinics","dataYear":"2011","assetId":"692532","subcategory":"Health","detail":"https://classic.savi.org/SAVI/PopUps/AssetMoreInfo.aspx?AssetID=692532"}},{"type":"Feature","geometry":{"type":"Point","coordinates":[-86.1992234,39.90834825]},"properties":{"name":"St Vincent Primary Care Center - Internal Medicine Clinic","assetType":"Public Health Clinics","dataYear":"2011","assetId":"696439","subcategory":"Health","detail":"https://classic.savi.org/SAVI/PopUps/AssetMoreInfo.aspx?AssetID=696439"}},{"type":"Feature","geometry":{"type":"Point","coordinates":[-86.159268,39.41144]},"properties":{"name":"Trafalgar Family Health Center WindRose","assetType":"Public Health Clinics","dataYear":"2011","assetId":"694741","subcategory":"Health","detail":"https://classic.savi.org/SAVI/PopUps/AssetMoreInfo.aspx?AssetID=694741"}},{"type":"Feature","geometry":{"type":"Point","coordinates":[-85.9904772,39.78209857]},"properties":{"name":"Washington Square Immediate Care","assetType":"Public Health Clinics","dataYear":"2011","assetId":"695241","subcategory":"Health","detail":"https://classic.savi.org/SAVI/PopUps/AssetMoreInfo.aspx?AssetID=695241"}},{"type":"Feature","geometry":{"type":"Point","coordinates":[-85.9904772,39.78209857]},"properties":{"name":"Washington Square Immediate Care","assetType":"Public Health Clinics","dataYear":"2011","assetId":"695240","subcategory":"Health","detail":"https://classic.savi.org/SAVI/PopUps/AssetMoreInfo.aspx?AssetID=695240"}},{"type":"Feature","geometry":{"type":"Point","coordinates":[-86.20608372,39.77470244]},"properties":{"name":"Westside Health Center Wishard Health Services","assetType":"Public Health Clinics","dataYear":"2011","assetId":"692731","subcategory":"Health","detail":"https://classic.savi.org/SAVI/PopUps/AssetMoreInfo.aspx?AssetID=692731"}},{"type":"Feature","geometry":{"type":"Point","coordinates":[-86.1780711,39.77815461]},"properties":{"name":"Wishard Health Services - Adult Medicine Clinical Practice","assetType":"Public Health Clinics","dataYear":"2011","assetId":"692776","subcategory":"Health","detail":"https://classic.savi.org/SAVI/PopUps/AssetMoreInfo.aspx?AssetID=692776"}},{"type":"Feature","geometry":{"type":"Point","coordinates":[-86.17976983,39.77837792]},"properties":{"name":"Wishard Health Services - Orthopedic Clinic","assetType":"Public Health Clinics","dataYear":"2011","assetId":"693559","subcategory":"Health","detail":"https://classic.savi.org/SAVI/PopUps/AssetMoreInfo.aspx?AssetID=693559"}},{"type":"Feature","geometry":{"type":"Point","coordinates":[-86.1780711,39.77815461]},"properties":{"name":"Wishard Health Services - Pediatric Clinical Practice","assetType":"Public Health Clinics","dataYear":"2011","assetId":"692952","subcategory":"Health","detail":"https://classic.savi.org/SAVI/PopUps/AssetMoreInfo.aspx?AssetID=692952"}},{"type":"Feature","geometry":{"type":"Point","coordinates":[-86.14739318,39.99910389]},"properties":{"name":"Women s Health Trinity Free Clinic Inc","assetType":"Public Health Clinics","dataYear":"2011","assetId":"695157","subcategory":"Health","detail":"https://classic.savi.org/SAVI/PopUps/AssetMoreInfo.aspx?AssetID=695157"}},{"type":"Feature","geometry":{"type":"Point","coordinates":[-86.83320934,39.64637967]},"properties":{"name":"ACUTE MEDICAL CARE PC","assetType":"Rural Health Center","dataYear":"2018","assetId":"924795","subcategory":"Health","detail":"https://classic.savi.org/SAVI/PopUps/AssetMoreInfo.aspx?AssetID=924795"}},{"type":"Feature","geometry":{"type":"Point","coordinates":[-86.79593107,39.51176965]},"properties":{"name":"FAMILY MEDICINE OF CLOVERDALE","assetType":"Rural Health Center","dataYear":"2018","assetId":"925142","subcategory":"Health","detail":"https://classic.savi.org/SAVI/PopUps/AssetMoreInfo.aspx?AssetID=925142"}},{"type":"Feature","geometry":{"type":"Point","coordinates":[-85.7841091,39.56029572]},"properties":{"name":"MHP FAMILY & INTERNAL MEDICINE","assetType":"Rural Health Center","dataYear":"2018","assetId":"923032","subcategory":"Health","detail":"https://classic.savi.org/SAVI/PopUps/AssetMoreInfo.aspx?AssetID=923032"}},{"type":"Feature","geometry":{"type":"Point","coordinates":[-85.7841091,39.56029572]},"properties":{"name":"MHP OB GYN","assetType":"Rural Health Center","dataYear":"2018","assetId":"923473","subcategory":"Health","detail":"https://classic.savi.org/SAVI/PopUps/AssetMoreInfo.aspx?AssetID=923473"}},{"type":"Feature","geometry":{"type":"Point","coordinates":[-85.7841091,39.56029572]},"properties":{"name":"MHP PEDIATRICS","assetType":"Rural Health Center","dataYear":"2018","assetId":"923064","subcategory":"Health","detail":"https://classic.savi.org/SAVI/PopUps/AssetMoreInfo.aspx?AssetID=923064"}},{"type":"Feature","geometry":{"type":"Point","coordinates":[-86.80640058,39.76164641]},"properties":{"name":"NORTH PUTNAM FAMILY HEALTHCARE","assetType":"Rural Health Center","dataYear":"2018","assetId":"923429","subcategory":"Health","detail":"https://classic.savi.org/SAVI/PopUps/AssetMoreInfo.aspx?AssetID=923429"}},{"type":"Feature","geometry":{"type":"Point","coordinates":[-86.8460895,39.6221169]},"properties":{"name":"PUTNAM PEDIATRICS AND INTERNAL MEDICINE","assetType":"Rural Health Center","dataYear":"2018","assetId":"923761","subcategory":"Health","detail":"https://classic.savi.org/SAVI/PopUps/AssetMoreInfo.aspx?AssetID=923761"}},{"type":"Feature","geometry":{"type":"Point","coordinates":[-86.19837673,39.9058492]},"properties":{"name":"St Vincent Primary Care Center - Adolescent Clinic","assetType":"Youth Community Clinics","dataYear":"2007","assetId":"625229","subcategory":"Health","detail":"https://classic.savi.org/SAVI/PopUps/AssetMoreInfo.aspx?AssetID=625229"}},{"type":"Feature","geometry":{"type":"Point","coordinates":[-86.19837673,39.9058492]},"properties":{"name":"St Vincent Primary Care Center - Pediatric Clinic","assetType":"Youth Community Clinics","dataYear":"2007","assetId":"625228","subcategory":"Health","detail":"https://classic.savi.org/SAVI/PopUps/AssetMoreInfo.aspx?AssetID=625228"}},{"type":"Feature","geometry":{"type":"Point","coordinates":[-86.13338444,39.77440278]},"properties":{"name":"HealthNet School-Based Clinics","assetType":"Youth Community Clinics","dataYear":"2007","assetId":"624768","subcategory":"Health","detail":"https://classic.savi.org/SAVI/PopUps/AssetMoreInfo.aspx?AssetID=624768"}},{"type":"Feature","geometry":{"type":"Point","coordinates":[-86.16140737,39.78874573]},"properties":{"name":"Methodist Hospital - Pediatric and Adolescent Care Center","assetType":"Youth Community Clinics","dataYear":"2007","assetId":"624583","subcategory":"Health","detail":"https://classic.savi.org/SAVI/PopUps/AssetMoreInfo.aspx?AssetID=624583"}},{"type":"Feature","geometry":{"type":"Point","coordinates":[-86.1780711,39.77815461]},"properties":{"name":"Wishard Health Services - Pediatric Clinical Practice","assetType":"Youth Community Clinics","dataYear":"2007","assetId":"624691","subcategory":"Health","detail":"https://classic.savi.org/SAVI/PopUps/AssetMoreInfo.aspx?AssetID=624691"}},{"type":"Feature","geometry":{"type":"Point","coordinates":[-85.65197208,40.06455754]},"properties":{"name":"Anderson s Med One Urgent Care","assetType":"Emergency Minor Medical Facilities/Svcs","dataYear":"2018","assetId":"924315","subcategory":"Health","detail":"https://classic.savi.org/SAVI/PopUps/AssetMoreInfo.aspx?AssetID=924315"}},{"type":"Feature","geometry":{"type":"Point","coordinates":[-86.33239171,39.76359036]},"properties":{"name":"Avon Urgent Care","assetType":"Emergency Minor Medical Facilities/Svcs","dataYear":"2018","assetId":"922855","subcategory":"Health","detail":"https://classic.savi.org/SAVI/PopUps/AssetMoreInfo.aspx?AssetID=922855"}},{"type":"Feature","geometry":{"type":"Point","coordinates":[-85.9183153,39.98243711]},"properties":{"name":"COMMUNITY KIDS EXPRESS - FISHERS","assetType":"Emergency Minor Medical Facilities/Svcs","dataYear":"2018","assetId":"921507","subcategory":"Health","detail":"https://classic.savi.org/SAVI/PopUps/AssetMoreInfo.aspx?AssetID=921507"}},{"type":"Feature","geometry":{"type":"Point","coordinates":[-85.65283593,40.08415418]},"properties":{"name":"COMMUNITY MEDCHECK ANDERSON","assetType":"Emergency Minor Medical Facilities/Svcs","dataYear":"2018","assetId":"919035","subcategory":"Health","detail":"https://classic.savi.org/SAVI/PopUps/AssetMoreInfo.aspx?AssetID=919035"}},{"type":"Feature","geometry":{"type":"Point","coordinates":[-86.15664583,39.96272424]},"properties":{"name":"COMMUNITY MEDCHECK CARMEL","assetType":"Emergency Minor Medical Facilities/Svcs","dataYear":"2018","assetId":"921295","subcategory":"Health","detail":"https://classic.savi.org/SAVI/PopUps/AssetMoreInfo.aspx?AssetID=921295"}},{"type":"Feature","geometry":{"type":"Point","coordinates":[-86.0394344,39.90464241]},"properties":{"name":"COMMUNITY MEDCHECK CASTLETON","assetType":"Emergency Minor Medical Facilities/Svcs","dataYear":"2018","assetId":"921364","subcategory":"Health","detail":"https://classic.savi.org/SAVI/PopUps/AssetMoreInfo.aspx?AssetID=921364"}},{"type":"Feature","geometry":{"type":"Point","coordinates":[-86.02761052,39.77310538]},"properties":{"name":"COMMUNITY MEDCHECK EAST","assetType":"Emergency Minor Medical Facilities/Svcs","dataYear":"2018","assetId":"921363","subcategory":"Health","detail":"https://classic.savi.org/SAVI/PopUps/AssetMoreInfo.aspx?AssetID=921363"}},{"type":"Feature","geometry":{"type":"Point","coordinates":[-86.15624743,39.60641956]},"properties":{"name":"COMMUNITY MEDCHECK GREENWOOD","assetType":"Emergency Minor Medical Facilities/Svcs","dataYear":"2018","assetId":"921362","subcategory":"Health","detail":"https://classic.savi.org/SAVI/PopUps/AssetMoreInfo.aspx?AssetID=921362"}},{"type":"Feature","geometry":{"type":"Point","coordinates":[-85.99697656,40.00014229]},"properties":{"name":"COMMUNITY MEDCHECK NOBLESVILLE","assetType":"Emergency Minor Medical Facilities/Svcs","dataYear":"2018","assetId":"921361","subcategory":"Health","detail":"https://classic.savi.org/SAVI/PopUps/AssetMoreInfo.aspx?AssetID=921361"}},{"type":"Feature","geometry":{"type":"Point","coordinates":[-86.24033643,39.7806534]},"properties":{"name":"COMMUNITY MEDCHECK SPEEDWAY","assetType":"Emergency Minor Medical Facilities/Svcs","dataYear":"2018","assetId":"921360","subcategory":"Health","detail":"https://classic.savi.org/SAVI/PopUps/AssetMoreInfo.aspx?AssetID=921360"}},{"type":"Feature","geometry":{"type":"Point","coordinates":[-86.03545232,39.90574153]},"properties":{"name":"Castleton Pediatricts","assetType":"Emergency Minor Medical Facilities/Svcs","dataYear":"2018","assetId":"924952","subcategory":"Health","detail":"https://classic.savi.org/SAVI/PopUps/AssetMoreInfo.aspx?AssetID=924952"}},{"type":"Feature","geometry":{"type":"Point","coordinates":[-85.69332463,40.13039225]},"properties":{"name":"Community Hospital Anderson","assetType":"Emergency Minor Medical Facilities/Svcs","dataYear":"2018","assetId":"924095","subcategory":"Health","detail":"https://classic.savi.org/SAVI/PopUps/AssetMoreInfo.aspx?AssetID=924095"}},{"type":"Feature","geometry":{"type":"Point","coordinates":[-86.0739627,39.78763739]},"properties":{"name":"Community Hospital East","assetType":"Emergency Minor Medical Facilities/Svcs","dataYear":"2018","assetId":"924101","subcategory":"Health","detail":"https://classic.savi.org/SAVI/PopUps/AssetMoreInfo.aspx?AssetID=924101"}},{"type":"Feature","geometry":{"type":"Point","coordinates":[-86.04323874,39.90035733]},"properties":{"name":"Community Hospital North","assetType":"Emergency Minor Medical Facilities/Svcs","dataYear":"2018","assetId":"924789","subcategory":"Health","detail":"https://classic.savi.org/SAVI/PopUps/AssetMoreInfo.aspx?AssetID=924789"}},{"type":"Feature","geometry":{"type":"Point","coordinates":[-86.13252062,39.6371186]},"properties":{"name":"Community Hospital South","assetType":"Emergency Minor Medical Facilities/Svcs","dataYear":"2018","assetId":"923741","subcategory":"Health","detail":"https://classic.savi.org/SAVI/PopUps/AssetMoreInfo.aspx?AssetID=923741"}},{"type":"Feature","geometry":{"type":"Point","coordinates":[-86.30113216,39.67707896]},"properties":{"name":"Concentra Airport Indianapolis Southeast","assetType":"Emergency Minor Medical Facilities/Svcs","dataYear":"2018","assetId":"923133","subcategory":"Health","detail":"https://classic.savi.org/SAVI/PopUps/AssetMoreInfo.aspx?AssetID=923133"}},{"type":"Feature","geometry":{"type":"Point","coordinates":[-86.2598807,39.88749963]},"properties":{"name":"Concentra Indianapolis Northwest","assetType":"Emergency Minor Medical Facilities/Svcs","dataYear":"2018","assetId":"923665","subcategory":"Health","detail":"https://classic.savi.org/SAVI/PopUps/AssetMoreInfo.aspx?AssetID=923665"}},{"type":"Feature","geometry":{"type":"Point","coordinates":[-86.121151,39.88867385]},"properties":{"name":"Doctors Express Urgent Care Keystone Indianapolis","assetType":"Emergency Minor Medical Facilities/Svcs","dataYear":"2018","assetId":"923975","subcategory":"Health","detail":"https://classic.savi.org/SAVI/PopUps/AssetMoreInfo.aspx?AssetID=923975"}},{"type":"Feature","geometry":{"type":"Point","coordinates":[-86.18300487,39.77744769]},"properties":{"name":"ESKENAZI HEALTH - OUTPATIENT CARE CENTER","assetType":"Emergency Minor Medical Facilities/Svcs","dataYear":"2018","assetId":"922443","subcategory":"Health","detail":"https://classic.savi.org/SAVI/PopUps/AssetMoreInfo.aspx?AssetID=922443"}},{"type":"Feature","geometry":{"type":"Point","coordinates":[-86.11484612,39.82653297]},"properties":{"name":"ESKENAZI HEALTH - URGENT CARE EAST","assetType":"Emergency Minor Medical Facilities/Svcs","dataYear":"2018","assetId":"922445","subcategory":"Health","detail":"https://classic.savi.org/SAVI/PopUps/AssetMoreInfo.aspx?AssetID=922445"}},{"type":"Feature","geometry":{"type":"Point","coordinates":[-86.25753595,39.82364625]},"properties":{"name":"ESKENAZI HEALTH - URGENT CARE WEST","assetType":"Emergency Minor Medical Facilities/Svcs","dataYear":"2018","assetId":"922405","subcategory":"Health","detail":"https://classic.savi.org/SAVI/PopUps/AssetMoreInfo.aspx?AssetID=922405"}},{"type":"Feature","geometry":{"type":"Point","coordinates":[-86.18302418,39.77762562]},"properties":{"name":"Eskenazi Health","assetType":"Emergency Minor Medical Facilities/Svcs","dataYear":"2018","assetId":"923014","subcategory":"Health","detail":"https://classic.savi.org/SAVI/PopUps/AssetMoreInfo.aspx?AssetID=923014"}},{"type":"Feature","geometry":{"type":"Point","coordinates":[-86.11424373,39.62851206]},"properties":{"name":"FRANCISCAN EXPRESS CARE -GREENWOOD","assetType":"Emergency Minor Medical Facilities/Svcs","dataYear":"2018","assetId":"917480","subcategory":"Health","detail":"https://classic.savi.org/SAVI/PopUps/AssetMoreInfo.aspx?AssetID=917480"}},{"type":"Feature","geometry":{"type":"Point","coordinates":[-86.07971741,39.69506391]},"properties":{"name":"FRANCISCAN EXPRESS CARE -THOMPSON COMMONS","assetType":"Emergency Minor Medical Facilities/Svcs","dataYear":"2018","assetId":"917479","subcategory":"Health","detail":"https://classic.savi.org/SAVI/PopUps/AssetMoreInfo.aspx?AssetID=917479"}},{"type":"Feature","geometry":{"type":"Point","coordinates":[-86.35585631,39.60709813]},"properties":{"name":"FRANCISCAN HEALTH - MOORESVILLE AFTER-HOURS CLINIC","assetType":"Emergency Minor Medical Facilities/Svcs","dataYear":"2018","assetId":"917487","subcategory":"Health","detail":"https://classic.savi.org/SAVI/PopUps/AssetMoreInfo.aspx?AssetID=917487"}},{"type":"Feature","geometry":{"type":"Point","coordinates":[-86.15919245,39.96701522]},"properties":{"name":"FRANCISCAN HEALTH CARMEL","assetType":"Emergency Minor Medical Facilities/Svcs","dataYear":"2018","assetId":"923653","subcategory":"Health","detail":"https://classic.savi.org/SAVI/PopUps/AssetMoreInfo.aspx?AssetID=923653"}},{"type":"Feature","geometry":{"type":"Point","coordinates":[-86.08249763,39.64896429]},"properties":{"name":"FRANCISCAN HEALTH INDIANAPOLIS","assetType":"Emergency Minor Medical Facilities/Svcs","dataYear":"2018","assetId":"924647","subcategory":"Health","detail":"https://classic.savi.org/SAVI/PopUps/AssetMoreInfo.aspx?AssetID=924647"}},{"type":"Feature","geometry":{"type":"Point","coordinates":[-86.35656829,39.60793232]},"properties":{"name":"FRANCISCAN HEALTH MOORESVILLE","assetType":"Emergency Minor Medical Facilities/Svcs","dataYear":"2018","assetId":"923551","subcategory":"Health","detail":"https://classic.savi.org/SAVI/PopUps/AssetMoreInfo.aspx?AssetID=923551"}},{"type":"Feature","geometry":{"type":"Point","coordinates":[-86.08183554,39.65304]},"properties":{"name":"FRANCISCAN PHYSICIAN NETWORK AFTER-HOURS CLINIC INDY SOUTH","assetType":"Emergency Minor Medical Facilities/Svcs","dataYear":"2018","assetId":"917478","subcategory":"Health","detail":"https://classic.savi.org/SAVI/PopUps/AssetMoreInfo.aspx?AssetID=917478"}},{"type":"Feature","geometry":{"type":"Point","coordinates":[-86.11424373,39.62851206]},"properties":{"name":"FRANCISCAN URGENT CARE CENTERS GREENWOOD","assetType":"Emergency Minor Medical Facilities/Svcs","dataYear":"2018","assetId":"919348","subcategory":"Health","detail":"https://classic.savi.org/SAVI/PopUps/AssetMoreInfo.aspx?AssetID=919348"}},{"type":"Feature","geometry":{"type":"Point","coordinates":[-86.07971741,39.69506391]},"properties":{"name":"FRANCISCAN URGENT CARE CENTERS THOMPSON COMMONS","assetType":"Emergency Minor Medical Facilities/Svcs","dataYear":"2018","assetId":"919347","subcategory":"Health","detail":"https://classic.savi.org/SAVI/PopUps/AssetMoreInfo.aspx?AssetID=919347"}},{"type":"Feature","geometry":{"type":"Point","coordinates":[-86.03913476,39.9025302]},"properties":{"name":"Fairbanks Hospital","assetType":"Emergency Minor Medical Facilities/Svcs","dataYear":"2018","assetId":"924810","subcategory":"Health","detail":"https://classic.savi.org/SAVI/PopUps/AssetMoreInfo.aspx?AssetID=924810"}},{"type":"Feature","geometry":{"type":"Point","coordinates":[-86.01258224,39.95890575]},"properties":{"name":"Fishers Urgent Care","assetType":"Emergency Minor Medical Facilities/Svcs","dataYear":"2018","assetId":"923951","subcategory":"Health","detail":"https://classic.savi.org/SAVI/PopUps/AssetMoreInfo.aspx?AssetID=923951"}},{"type":"Feature","geometry":{"type":"Point","coordinates":[-85.76988122,39.79384181]},"properties":{"name":"Greenfield First Care","assetType":"Emergency Minor Medical Facilities/Svcs","dataYear":"2018","assetId":"924553","subcategory":"Health","detail":"https://classic.savi.org/SAVI/PopUps/AssetMoreInfo.aspx?AssetID=924553"}},{"type":"Feature","geometry":{"type":"Point","coordinates":[-86.37727635,39.76456074]},"properties":{"name":"HENDRICKS REGIONAL HEALTH - AVON CAMPUS","assetType":"Emergency Minor Medical Facilities/Svcs","dataYear":"2018","assetId":"918358","subcategory":"Health","detail":"https://classic.savi.org/SAVI/PopUps/AssetMoreInfo.aspx?AssetID=918358"}},{"type":"Feature","geometry":{"type":"Point","coordinates":[-86.3734674,39.69133471]},"properties":{"name":"HENDRICKS REGIONAL HEALTH - PLAINFIELD","assetType":"Emergency Minor Medical Facilities/Svcs","dataYear":"2018","assetId":"918359","subcategory":"Health","detail":"https://classic.savi.org/SAVI/PopUps/AssetMoreInfo.aspx?AssetID=918359"}},{"type":"Feature","geometry":{"type":"Point","coordinates":[-85.772463,39.81075983]},"properties":{"name":"Hancock Immediate Care","assetType":"Emergency Minor Medical Facilities/Svcs","dataYear":"2018","assetId":"924977","subcategory":"Health","detail":"https://classic.savi.org/SAVI/PopUps/AssetMoreInfo.aspx?AssetID=924977"}},{"type":"Feature","geometry":{"type":"Point","coordinates":[-85.76820718,39.79521071]},"properties":{"name":"Hancock Regional Hospital","assetType":"Emergency Minor Medical Facilities/Svcs","dataYear":"2018","assetId":"924828","subcategory":"Health","detail":"https://classic.savi.org/SAVI/PopUps/AssetMoreInfo.aspx?AssetID=924828"}},{"type":"Feature","geometry":{"type":"Point","coordinates":[-86.50135798,39.76182864]},"properties":{"name":"Hendricks Regional Health","assetType":"Emergency Minor Medical Facilities/Svcs","dataYear":"2018","assetId":"924644","subcategory":"Health","detail":"https://classic.savi.org/SAVI/PopUps/AssetMoreInfo.aspx?AssetID=924644"}},{"type":"Feature","geometry":{"type":"Point","coordinates":[-86.37727635,39.76456074]},"properties":{"name":"Hendricks Regional Health Immediate CareCenters","assetType":"Emergency Minor Medical Facilities/Svcs","dataYear":"2018","assetId":"923001","subcategory":"Health","detail":"https://classic.savi.org/SAVI/PopUps/AssetMoreInfo.aspx?AssetID=923001"}},{"type":"Feature","geometry":{"type":"Point","coordinates":[-86.3734674,39.69133471]},"properties":{"name":"Hendricks Regional Helath Immediate Care","assetType":"Emergency Minor Medical Facilities/Svcs","dataYear":"2018","assetId":"923222","subcategory":"Health","detail":"https://classic.savi.org/SAVI/PopUps/AssetMoreInfo.aspx?AssetID=923222"}},{"type":"Feature","geometry":{"type":"Point","coordinates":[-86.06876968,39.50009948]},"properties":{"name":"IMMEDIATE CARE CENTER","assetType":"Emergency Minor Medical Facilities/Svcs","dataYear":"2018","assetId":"922571","subcategory":"Health","detail":"https://classic.savi.org/SAVI/PopUps/AssetMoreInfo.aspx?AssetID=922571"}},{"type":"Feature","geometry":{"type":"Point","coordinates":[-86.14021994,39.86983438]},"properties":{"name":"IU HEALTH URGENT CARE - BROAD RIPPLE","assetType":"Emergency Minor Medical Facilities/Svcs","dataYear":"2018","assetId":"921962","subcategory":"Health","detail":"https://classic.savi.org/SAVI/PopUps/AssetMoreInfo.aspx?AssetID=921962"}},{"type":"Feature","geometry":{"type":"Point","coordinates":[-86.39423419,39.86934854]},"properties":{"name":"IU HEALTH URGENT CARE - BROWNSBURG","assetType":"Emergency Minor Medical Facilities/Svcs","dataYear":"2018","assetId":"922335","subcategory":"Health","detail":"https://classic.savi.org/SAVI/PopUps/AssetMoreInfo.aspx?AssetID=922335"}},{"type":"Feature","geometry":{"type":"Point","coordinates":[-86.16194387,39.60181186]},"properties":{"name":"IU HEALTH URGENT CARE - GREENWOOD","assetType":"Emergency Minor Medical Facilities/Svcs","dataYear":"2018","assetId":"922334","subcategory":"Health","detail":"https://classic.savi.org/SAVI/PopUps/AssetMoreInfo.aspx?AssetID=922334"}},{"type":"Feature","geometry":{"type":"Point","coordinates":[-86.0665358,40.00073361]},"properties":{"name":"IU HEALTH URGENT CARE - HAZEL DELL","assetType":"Emergency Minor Medical Facilities/Svcs","dataYear":"2018","assetId":"922332","subcategory":"Health","detail":"https://classic.savi.org/SAVI/PopUps/AssetMoreInfo.aspx?AssetID=922332"}},{"type":"Feature","geometry":{"type":"Point","coordinates":[-86.00722211,39.85656136]},"properties":{"name":"IU HEALTH URGENT CARE - LAWRENCE","assetType":"Emergency Minor Medical Facilities/Svcs","dataYear":"2018","assetId":"922333","subcategory":"Health","detail":"https://classic.savi.org/SAVI/PopUps/AssetMoreInfo.aspx?AssetID=922333"}},{"type":"Feature","geometry":{"type":"Point","coordinates":[-86.36486179,39.71464857]},"properties":{"name":"IU HEALTH URGENT CARE - PLAINFIELD","assetType":"Emergency Minor Medical Facilities/Svcs","dataYear":"2018","assetId":"922331","subcategory":"Health","detail":"https://classic.savi.org/SAVI/PopUps/AssetMoreInfo.aspx?AssetID=922331"}},{"type":"Feature","geometry":{"type":"Point","coordinates":[-86.16545044,39.78957564]},"properties":{"name":"IU Health Methodist Hospital","assetType":"Emergency Minor Medical Facilities/Svcs","dataYear":"2018","assetId":"924290","subcategory":"Health","detail":"https://classic.savi.org/SAVI/PopUps/AssetMoreInfo.aspx?AssetID=924290"}},{"type":"Feature","geometry":{"type":"Point","coordinates":[-86.15944908,39.95929258]},"properties":{"name":"IU Health North Hospital","assetType":"Emergency Minor Medical Facilities/Svcs","dataYear":"2018","assetId":"924444","subcategory":"Health","detail":"https://classic.savi.org/SAVI/PopUps/AssetMoreInfo.aspx?AssetID=924444"}},{"type":"Feature","geometry":{"type":"Point","coordinates":[-85.93015482,39.9872044]},"properties":{"name":"IU Health Saxony","assetType":"Emergency Minor Medical Facilities/Svcs","dataYear":"2018","assetId":"923383","subcategory":"Health","detail":"https://classic.savi.org/SAVI/PopUps/AssetMoreInfo.aspx?AssetID=923383"}},{"type":"Feature","geometry":{"type":"Point","coordinates":[-86.16545044,39.78957564]},"properties":{"name":"IU Health University Hospital","assetType":"Emergency Minor Medical Facilities/Svcs","dataYear":"2018","assetId":"923852","subcategory":"Health","detail":"https://classic.savi.org/SAVI/PopUps/AssetMoreInfo.aspx?AssetID=923852"}},{"type":"Feature","geometry":{"type":"Point","coordinates":[-86.39423419,39.86934854]},"properties":{"name":"IU Health Urgent Care Brownsburg","assetType":"Emergency Minor Medical Facilities/Svcs","dataYear":"2018","assetId":"922882","subcategory":"Health","detail":"https://classic.savi.org/SAVI/PopUps/AssetMoreInfo.aspx?AssetID=922882"}},{"type":"Feature","geometry":{"type":"Point","coordinates":[-86.00759015,39.85654464]},"properties":{"name":"IU Health Urgent Care Lawrence","assetType":"Emergency Minor Medical Facilities/Svcs","dataYear":"2018","assetId":"923960","subcategory":"Health","detail":"https://classic.savi.org/SAVI/PopUps/AssetMoreInfo.aspx?AssetID=923960"}},{"type":"Feature","geometry":{"type":"Point","coordinates":[-86.33243404,39.95049217]},"properties":{"name":"IU Health Urgent Care Zionsville","assetType":"Emergency Minor Medical Facilities/Svcs","dataYear":"2018","assetId":"923053","subcategory":"Health","detail":"https://classic.savi.org/SAVI/PopUps/AssetMoreInfo.aspx?AssetID=923053"}},{"type":"Feature","geometry":{"type":"Point","coordinates":[-86.34340292,39.7785576]},"properties":{"name":"IU Health West Hospital","assetType":"Emergency Minor Medical Facilities/Svcs","dataYear":"2018","assetId":"924334","subcategory":"Health","detail":"https://classic.savi.org/SAVI/PopUps/AssetMoreInfo.aspx?AssetID=924334"}},{"type":"Feature","geometry":{"type":"Point","coordinates":[-86.2273093,39.91199929]},"properties":{"name":"International Family Medicine Walk-in & Urgent Care","assetType":"Emergency Minor Medical Facilities/Svcs","dataYear":"2018","assetId":"924157","subcategory":"Health","detail":"https://classic.savi.org/SAVI/PopUps/AssetMoreInfo.aspx?AssetID=924157"}},{"type":"Feature","geometry":{"type":"Point","coordinates":[-86.29335246,39.77758736]},"properties":{"name":"International Family Medicine Walk-in & Urgent Care","assetType":"Emergency Minor Medical Facilities/Svcs","dataYear":"2018","assetId":"924148","subcategory":"Health","detail":"https://classic.savi.org/SAVI/PopUps/AssetMoreInfo.aspx?AssetID=924148"}},{"type":"Feature","geometry":{"type":"Point","coordinates":[-86.03949799,39.48083898]},"properties":{"name":"Johnson Memorial Hospital","assetType":"Emergency Minor Medical Facilities/Svcs","dataYear":"2018","assetId":"923959","subcategory":"Health","detail":"https://classic.savi.org/SAVI/PopUps/AssetMoreInfo.aspx?AssetID=923959"}},{"type":"Feature","geometry":{"type":"Point","coordinates":[-86.06876968,39.50009948]},"properties":{"name":"Jon Memorial Immediate Care Center","assetType":"Emergency Minor Medical Facilities/Svcs","dataYear":"2018","assetId":"925097","subcategory":"Health","detail":"https://classic.savi.org/SAVI/PopUps/AssetMoreInfo.aspx?AssetID=925097"}},{"type":"Feature","geometry":{"type":"Point","coordinates":[-85.77782802,39.54802754]},"properties":{"name":"MAJOR HEALTH PRIORITY CARE - SHELBYVILLE","assetType":"Emergency Minor Medical Facilities/Svcs","dataYear":"2018","assetId":"921666","subcategory":"Health","detail":"https://classic.savi.org/SAVI/PopUps/AssetMoreInfo.aspx?AssetID=921666"}},{"type":"Feature","geometry":{"type":"Point","coordinates":[-85.7841091,39.56029572]},"properties":{"name":"Major Hospital","assetType":"Emergency Minor Medical Facilities/Svcs","dataYear":"2018","assetId":"923699","subcategory":"Health","detail":"https://classic.savi.org/SAVI/PopUps/AssetMoreInfo.aspx?AssetID=923699"}},{"type":"Feature","geometry":{"type":"Point","coordinates":[-85.65227802,40.10522443]},"properties":{"name":"MedCheck Anderson","assetType":"Emergency Minor Medical Facilities/Svcs","dataYear":"2018","assetId":"924922","subcategory":"Health","detail":"https://classic.savi.org/SAVI/PopUps/AssetMoreInfo.aspx?AssetID=924922"}},{"type":"Feature","geometry":{"type":"Point","coordinates":[-86.15664583,39.96272424]},"properties":{"name":"MedCheck Carmel","assetType":"Emergency Minor Medical Facilities/Svcs","dataYear":"2018","assetId":"924482","subcategory":"Health","detail":"https://classic.savi.org/SAVI/PopUps/AssetMoreInfo.aspx?AssetID=924482"}},{"type":"Feature","geometry":{"type":"Point","coordinates":[-86.03933563,39.90425589]},"properties":{"name":"MedCheck Castleton","assetType":"Emergency Minor Medical Facilities/Svcs","dataYear":"2018","assetId":"924637","subcategory":"Health","detail":"https://classic.savi.org/SAVI/PopUps/AssetMoreInfo.aspx?AssetID=924637"}},{"type":"Feature","geometry":{"type":"Point","coordinates":[-86.02690177,39.77320805]},"properties":{"name":"MedCheck East","assetType":"Emergency Minor Medical Facilities/Svcs","dataYear":"2018","assetId":"924366","subcategory":"Health","detail":"https://classic.savi.org/SAVI/PopUps/AssetMoreInfo.aspx?AssetID=924366"}},{"type":"Feature","geometry":{"type":"Point","coordinates":[-86.15624743,39.60641956]},"properties":{"name":"MedCheck Greenwood","assetType":"Emergency Minor Medical Facilities/Svcs","dataYear":"2018","assetId":"924207","subcategory":"Health","detail":"https://classic.savi.org/SAVI/PopUps/AssetMoreInfo.aspx?AssetID=924207"}},{"type":"Feature","geometry":{"type":"Point","coordinates":[-85.99697656,40.00014229]},"properties":{"name":"MedCheck Noblesville","assetType":"Emergency Minor Medical Facilities/Svcs","dataYear":"2018","assetId":"923542","subcategory":"Health","detail":"https://classic.savi.org/SAVI/PopUps/AssetMoreInfo.aspx?AssetID=923542"}},{"type":"Feature","geometry":{"type":"Point","coordinates":[-86.14274723,39.91270964]},"properties":{"name":"Nora Urgent Care","assetType":"Emergency Minor Medical Facilities/Svcs","dataYear":"2018","assetId":"924636","subcategory":"Health","detail":"https://classic.savi.org/SAVI/PopUps/AssetMoreInfo.aspx?AssetID=924636"}},{"type":"Feature","geometry":{"type":"Point","coordinates":[-86.26637299,39.90677507]},"properties":{"name":"ORTHOINDY HOSPITAL","assetType":"Emergency Minor Medical Facilities/Svcs","dataYear":"2018","assetId":"923324","subcategory":"Health","detail":"https://classic.savi.org/SAVI/PopUps/AssetMoreInfo.aspx?AssetID=923324"}},{"type":"Feature","geometry":{"type":"Point","coordinates":[-85.77782802,39.54802754]},"properties":{"name":"Priority Care","assetType":"Emergency Minor Medical Facilities/Svcs","dataYear":"2018","assetId":"923311","subcategory":"Health","detail":"https://classic.savi.org/SAVI/PopUps/AssetMoreInfo.aspx?AssetID=923311"}},{"type":"Feature","geometry":{"type":"Point","coordinates":[-85.99656837,40.04360609]},"properties":{"name":"RIVERVIEW HEALTH URGENT CARE","assetType":"Emergency Minor Medical Facilities/Svcs","dataYear":"2018","assetId":"917517","subcategory":"Health","detail":"https://classic.savi.org/SAVI/PopUps/AssetMoreInfo.aspx?AssetID=917517"}},{"type":"Feature","geometry":{"type":"Point","coordinates":[-86.18009735,39.77739713]},"properties":{"name":"Riley Hospital for Children at IU Health","assetType":"Emergency Minor Medical Facilities/Svcs","dataYear":"2018","assetId":"923228","subcategory":"Health","detail":"https://classic.savi.org/SAVI/PopUps/AssetMoreInfo.aspx?AssetID=923228"}},{"type":"Feature","geometry":{"type":"Point","coordinates":[-86.02303344,40.04528011]},"properties":{"name":"Riverview Health","assetType":"Emergency Minor Medical Facilities/Svcs","dataYear":"2018","assetId":"923757","subcategory":"Health","detail":"https://classic.savi.org/SAVI/PopUps/AssetMoreInfo.aspx?AssetID=923757"}},{"type":"Feature","geometry":{"type":"Point","coordinates":[-85.81168044,40.27787717]},"properties":{"name":"SAINT VINCENT IMMEDIATE CARE - ELWOOD","assetType":"Emergency Minor Medical Facilities/Svcs","dataYear":"2018","assetId":"919125","subcategory":"Health","detail":"https://classic.savi.org/SAVI/PopUps/AssetMoreInfo.aspx?AssetID=919125"}},{"type":"Feature","geometry":{"type":"Point","coordinates":[-85.65197208,40.06455754]},"properties":{"name":"SAINT VINCENT MED ONE URGENT CARE - ANDERSON","assetType":"Emergency Minor Medical Facilities/Svcs","dataYear":"2018","assetId":"919201","subcategory":"Health","detail":"https://classic.savi.org/SAVI/PopUps/AssetMoreInfo.aspx?AssetID=919201"}},{"type":"Feature","geometry":{"type":"Point","coordinates":[-86.36481483,39.84683243]},"properties":{"name":"SAINT VINCENT MEDICAL GROUP - BROWNSBURG IMMEDIATE CARE","assetType":"Emergency Minor Medical Facilities/Svcs","dataYear":"2018","assetId":"921806","subcategory":"Health","detail":"https://classic.savi.org/SAVI/PopUps/AssetMoreInfo.aspx?AssetID=921806"}},{"type":"Feature","geometry":{"type":"Point","coordinates":[-86.07117374,39.98088969]},"properties":{"name":"SAINT VINCENT MEDICAL GROUP - CARMEL IMMEDIATE CARE","assetType":"Emergency Minor Medical Facilities/Svcs","dataYear":"2018","assetId":"921805","subcategory":"Health","detail":"https://classic.savi.org/SAVI/PopUps/AssetMoreInfo.aspx?AssetID=921805"}},{"type":"Feature","geometry":{"type":"Point","coordinates":[-85.99626448,39.95653511]},"properties":{"name":"SAINT VINCENT MEDICAL GROUP - FISHERS IMMEDIATE CARE","assetType":"Emergency Minor Medical Facilities/Svcs","dataYear":"2018","assetId":"921879","subcategory":"Health","detail":"https://classic.savi.org/SAVI/PopUps/AssetMoreInfo.aspx?AssetID=921879"}},{"type":"Feature","geometry":{"type":"Point","coordinates":[-86.23758606,39.94432698]},"properties":{"name":"SAINT VINCENT MEDICAL GROUP - MICHIGAN ROAD IMMEDIATE CARE","assetType":"Emergency Minor Medical Facilities/Svcs","dataYear":"2018","assetId":"921878","subcategory":"Health","detail":"https://classic.savi.org/SAVI/PopUps/AssetMoreInfo.aspx?AssetID=921878"}},{"type":"Feature","geometry":{"type":"Point","coordinates":[-86.37282537,39.71044673]},"properties":{"name":"SAINT VINCENT MEDICAL GROUP - PLAINFIELD IMMEDIATE CARE","assetType":"Emergency Minor Medical Facilities/Svcs","dataYear":"2018","assetId":"921807","subcategory":"Health","detail":"https://classic.savi.org/SAVI/PopUps/AssetMoreInfo.aspx?AssetID=921807"}},{"type":"Feature","geometry":{"type":"Point","coordinates":[-85.91671231,39.98931697]},"properties":{"name":"ST VINCENT FISHERS HOSPITAL INC","assetType":"Emergency Minor Medical Facilities/Svcs","dataYear":"2018","assetId":"924685","subcategory":"Health","detail":"https://classic.savi.org/SAVI/PopUps/AssetMoreInfo.aspx?AssetID=924685"}},{"type":"Feature","geometry":{"type":"Point","coordinates":[-86.35395588,39.76311308]},"properties":{"name":"ST VINCENT NEIGHBORHOOD HOSPITAL","assetType":"Emergency Minor Medical Facilities/Svcs","dataYear":"2018","assetId":"923544","subcategory":"Health","detail":"https://classic.savi.org/SAVI/PopUps/AssetMoreInfo.aspx?AssetID=923544"}},{"type":"Feature","geometry":{"type":"Point","coordinates":[-86.10056743,39.72359852]},"properties":{"name":"Sister of St Francis Health","assetType":"Emergency Minor Medical Facilities/Svcs","dataYear":"2018","assetId":"924394","subcategory":"Health","detail":"https://classic.savi.org/SAVI/PopUps/AssetMoreInfo.aspx?AssetID=924394"}},{"type":"Feature","geometry":{"type":"Point","coordinates":[-85.68060525,40.0962344]},"properties":{"name":"St Vincent Anderson Regional Hospital","assetType":"Emergency Minor Medical Facilities/Svcs","dataYear":"2018","assetId":"924324","subcategory":"Health","detail":"https://classic.savi.org/SAVI/PopUps/AssetMoreInfo.aspx?AssetID=924324"}},{"type":"Feature","geometry":{"type":"Point","coordinates":[-86.14342683,39.98275849]},"properties":{"name":"St Vincent Carmel Hospital","assetType":"Emergency Minor Medical Facilities/Svcs","dataYear":"2018","assetId":"923385","subcategory":"Health","detail":"https://classic.savi.org/SAVI/PopUps/AssetMoreInfo.aspx?AssetID=923385"}},{"type":"Feature","geometry":{"type":"Point","coordinates":[-86.15899472,39.93987993]},"properties":{"name":"St Vincent Heart Center of Indiana","assetType":"Emergency Minor Medical Facilities/Svcs","dataYear":"2018","assetId":"923449","subcategory":"Health","detail":"https://classic.savi.org/SAVI/PopUps/AssetMoreInfo.aspx?AssetID=923449"}},{"type":"Feature","geometry":{"type":"Point","coordinates":[-86.19506216,39.91187887]},"properties":{"name":"St Vincent Indianapolis Hospital and Health Srvcs","assetType":"Emergency Minor Medical Facilities/Svcs","dataYear":"2018","assetId":"924170","subcategory":"Health","detail":"https://classic.savi.org/SAVI/PopUps/AssetMoreInfo.aspx?AssetID=924170"}},{"type":"Feature","geometry":{"type":"Point","coordinates":[-86.20285834,39.90351176]},"properties":{"name":"St Vincent Womens Hospital","assetType":"Emergency Minor Medical Facilities/Svcs","dataYear":"2018","assetId":"924960","subcategory":"Health","detail":"https://classic.savi.org/SAVI/PopUps/AssetMoreInfo.aspx?AssetID=924960"}},{"type":"Feature","geometry":{"type":"Point","coordinates":[-86.08183554,39.65304]},"properties":{"name":"St Francis After Hours","assetType":"Emergency Minor Medical Facilities/Svcs","dataYear":"2018","assetId":"924692","subcategory":"Health","detail":"https://classic.savi.org/SAVI/PopUps/AssetMoreInfo.aspx?AssetID=924692"}},{"type":"Feature","geometry":{"type":"Point","coordinates":[-86.07117374,39.98088969]},"properties":{"name":"St Vincent Immediate Care","assetType":"Emergency Minor Medical Facilities/Svcs","dataYear":"2018","assetId":"924267","subcategory":"Health","detail":"https://classic.savi.org/SAVI/PopUps/AssetMoreInfo.aspx?AssetID=924267"}},{"type":"Feature","geometry":{"type":"Point","coordinates":[-85.9932692,39.95661317]},"properties":{"name":"U S HealthWorks Fishers","assetType":"Emergency Minor Medical Facilities/Svcs","dataYear":"2018","assetId":"924338","subcategory":"Health","detail":"https://classic.savi.org/SAVI/PopUps/AssetMoreInfo.aspx?AssetID=924338"}},{"type":"Feature","geometry":{"type":"Point","coordinates":[-86.21548219,39.89819716]},"properties":{"name":"UrgentCare Indy","assetType":"Emergency Minor Medical Facilities/Svcs","dataYear":"2018","assetId":"923243","subcategory":"Health","detail":"https://classic.savi.org/SAVI/PopUps/AssetMoreInfo.aspx?AssetID=923243"}},{"type":"Feature","geometry":{"type":"Point","coordinates":[-86.02743416,39.48126643]},"properties":{"name":"WINDROSE HEALTH NETWORK - FRANKLIN CONVENIENT CARE CENTER","assetType":"Emergency Minor Medical Facilities/Svcs","dataYear":"2018","assetId":"920649","subcategory":"Health","detail":"https://classic.savi.org/SAVI/PopUps/AssetMoreInfo.aspx?AssetID=920649"}},{"type":"Feature","geometry":{"type":"Point","coordinates":[-86.34054455,39.95060054]},"properties":{"name":"WITHAM HEALTH SERVICES AT ANSON","assetType":"Emergency Minor Medical Facilities/Svcs","dataYear":"2018","assetId":"922395","subcategory":"Health","detail":"https://classic.savi.org/SAVI/PopUps/AssetMoreInfo.aspx?AssetID=922395"}},{"type":"Feature","geometry":{"type":"Point","coordinates":[-86.47344118,40.07674531]},"properties":{"name":"Witham Health Services","assetType":"Emergency Minor Medical Facilities/Svcs","dataYear":"2018","assetId":"922941","subcategory":"Health","detail":"https://classic.savi.org/SAVI/PopUps/AssetMoreInfo.aspx?AssetID=922941"}},{"type":"Feature","geometry":{"type":"Point","coordinates":[-86.34054455,39.95060054]},"properties":{"name":"Witham Health Services at Anson","assetType":"Emergency Minor Medical Facilities/Svcs","dataYear":"2018","assetId":"923667","subcategory":"Health","detail":"https://classic.savi.org/SAVI/PopUps/AssetMoreInfo.aspx?AssetID=923667"}},{"type":"Feature","geometry":{"type":"Point","coordinates":[-86.22021681,39.83448506]},"properties":{"name":"BENCHMARK HUMAN SERVICES","assetType":"Intermediate Care Facilities","dataYear":"2018","assetId":"923316","subcategory":"Health","detail":"https://classic.savi.org/SAVI/PopUps/AssetMoreInfo.aspx?AssetID=923316"}},{"type":"Feature","geometry":{"type":"Point","coordinates":[-86.18018231,39.90536026]},"properties":{"name":"COMMUNITY ALTERNATIVES-ADEPT","assetType":"Intermediate Care Facilities","dataYear":"2018","assetId":"924634","subcategory":"Health","detail":"https://classic.savi.org/SAVI/PopUps/AssetMoreInfo.aspx?AssetID=924634"}},{"type":"Feature","geometry":{"type":"Point","coordinates":[-86.02850477,39.90920969]},"properties":{"name":"COMMUNITY ALTERNATIVES-ADEPT","assetType":"Intermediate Care Facilities","dataYear":"2018","assetId":"924873","subcategory":"Health","detail":"https://classic.savi.org/SAVI/PopUps/AssetMoreInfo.aspx?AssetID=924873"}},{"type":"Feature","geometry":{"type":"Point","coordinates":[-86.10346781,39.86153667]},"properties":{"name":"COMMUNITY ALTERNATIVES-ADEPT","assetType":"Intermediate Care Facilities","dataYear":"2018","assetId":"925153","subcategory":"Health","detail":"https://classic.savi.org/SAVI/PopUps/AssetMoreInfo.aspx?AssetID=925153"}},{"type":"Feature","geometry":{"type":"Point","coordinates":[-86.18622252,39.89717228]},"properties":{"name":"COMMUNITY ALTERNATIVES-ADEPT","assetType":"Intermediate Care Facilities","dataYear":"2018","assetId":"924833","subcategory":"Health","detail":"https://classic.savi.org/SAVI/PopUps/AssetMoreInfo.aspx?AssetID=924833"}},{"type":"Feature","geometry":{"type":"Point","coordinates":[-86.18382209,39.88135929]},"properties":{"name":"COMMUNITY ALTERNATIVES-ADEPT","assetType":"Intermediate Care Facilities","dataYear":"2018","assetId":"924942","subcategory":"Health","detail":"https://classic.savi.org/SAVI/PopUps/AssetMoreInfo.aspx?AssetID=924942"}},{"type":"Feature","geometry":{"type":"Point","coordinates":[-86.06400974,39.899676]},"properties":{"name":"COMMUNITY ALTERNATIVES-ADEPT","assetType":"Intermediate Care Facilities","dataYear":"2018","assetId":"923406","subcategory":"Health","detail":"https://classic.savi.org/SAVI/PopUps/AssetMoreInfo.aspx?AssetID=923406"}},{"type":"Feature","geometry":{"type":"Point","coordinates":[-86.18124602,39.90113424]},"properties":{"name":"COMMUNITY ALTERNATIVES-ADEPT","assetType":"Intermediate Care Facilities","dataYear":"2018","assetId":"922956","subcategory":"Health","detail":"https://classic.savi.org/SAVI/PopUps/AssetMoreInfo.aspx?AssetID=922956"}},{"type":"Feature","geometry":{"type":"Point","coordinates":[-86.36520306,39.73375472]},"properties":{"name":"DAMAR SERVICES INC--BRADFORD","assetType":"Intermediate Care Facilities","dataYear":"2018","assetId":"923277","subcategory":"Health","detail":"https://classic.savi.org/SAVI/PopUps/AssetMoreInfo.aspx?AssetID=923277"}},{"type":"Feature","geometry":{"type":"Point","coordinates":[-86.3332879,39.66133267]},"properties":{"name":"DAMAR SERVICES INC--CAMBY RD","assetType":"Intermediate Care Facilities","dataYear":"2018","assetId":"923675","subcategory":"Health","detail":"https://classic.savi.org/SAVI/PopUps/AssetMoreInfo.aspx?AssetID=923675"}},{"type":"Feature","geometry":{"type":"Point","coordinates":[-86.25898073,39.69261139]},"properties":{"name":"DAMAR SERVICES INC--EL CAMIN","assetType":"Intermediate Care Facilities","dataYear":"2018","assetId":"923946","subcategory":"Health","detail":"https://classic.savi.org/SAVI/PopUps/AssetMoreInfo.aspx?AssetID=923946"}},{"type":"Feature","geometry":{"type":"Point","coordinates":[-86.03055934,39.78146281]},"properties":{"name":"DEVELOPMENTAL SERVICE ALTERNATIVES","assetType":"Intermediate Care Facilities","dataYear":"2018","assetId":"923501","subcategory":"Health","detail":"https://classic.savi.org/SAVI/PopUps/AssetMoreInfo.aspx?AssetID=923501"}},{"type":"Feature","geometry":{"type":"Point","coordinates":[-85.69166961,40.07919257]},"properties":{"name":"DEVELOPMENTAL SERVICE ALTERNATIVES","assetType":"Intermediate Care Facilities","dataYear":"2018","assetId":"924676","subcategory":"Health","detail":"https://classic.savi.org/SAVI/PopUps/AssetMoreInfo.aspx?AssetID=924676"}},{"type":"Feature","geometry":{"type":"Point","coordinates":[-85.68414569,40.10330666]},"properties":{"name":"DEVELOPMENTAL SERVICE ALTERNATIVES","assetType":"Intermediate Care Facilities","dataYear":"2018","assetId":"923407","subcategory":"Health","detail":"https://classic.savi.org/SAVI/PopUps/AssetMoreInfo.aspx?AssetID=923407"}},{"type":"Feature","geometry":{"type":"Point","coordinates":[-85.99768482,39.82462601]},"properties":{"name":"DEVELOPMENTAL SERVICE ALTERNATIVES","assetType":"Intermediate Care Facilities","dataYear":"2018","assetId":"923233","subcategory":"Health","detail":"https://classic.savi.org/SAVI/PopUps/AssetMoreInfo.aspx?AssetID=923233"}},{"type":"Feature","geometry":{"type":"Point","coordinates":[-85.77250496,39.80276437]},"properties":{"name":"DEVELOPMENTAL SERVICE ALTERNATIVES","assetType":"Intermediate Care Facilities","dataYear":"2018","assetId":"923763","subcategory":"Health","detail":"https://classic.savi.org/SAVI/PopUps/AssetMoreInfo.aspx?AssetID=923763"}},{"type":"Feature","geometry":{"type":"Point","coordinates":[-85.69592533,40.06425871]},"properties":{"name":"DEVELOPMENTAL SERVICE ALTERNATIVES","assetType":"Intermediate Care Facilities","dataYear":"2018","assetId":"925278","subcategory":"Health","detail":"https://classic.savi.org/SAVI/PopUps/AssetMoreInfo.aspx?AssetID=925278"}},{"type":"Feature","geometry":{"type":"Point","coordinates":[-85.95989748,39.75793871]},"properties":{"name":"DEVELOPMENTAL SERVICE ALTERNATIVES","assetType":"Intermediate Care Facilities","dataYear":"2018","assetId":"924108","subcategory":"Health","detail":"https://classic.savi.org/SAVI/PopUps/AssetMoreInfo.aspx?AssetID=924108"}},{"type":"Feature","geometry":{"type":"Point","coordinates":[-85.65536938,40.10701452]},"properties":{"name":"DEVELOPMENTAL SERVICE ALTERNATIVES","assetType":"Intermediate Care Facilities","dataYear":"2018","assetId":"925158","subcategory":"Health","detail":"https://classic.savi.org/SAVI/PopUps/AssetMoreInfo.aspx?AssetID=925158"}},{"type":"Feature","geometry":{"type":"Point","coordinates":[-85.75591101,39.47914756]},"properties":{"name":"DEVELOPMENTAL SERVICE ALTERNATIVES","assetType":"Intermediate Care Facilities","dataYear":"2018","assetId":"923117","subcategory":"Health","detail":"https://classic.savi.org/SAVI/PopUps/AssetMoreInfo.aspx?AssetID=923117"}},{"type":"Feature","geometry":{"type":"Point","coordinates":[-85.91378199,39.76005355]},"properties":{"name":"DEVELOPMENTAL SERVICE ALTERNATIVES","assetType":"Intermediate Care Facilities","dataYear":"2018","assetId":"924303","subcategory":"Health","detail":"https://classic.savi.org/SAVI/PopUps/AssetMoreInfo.aspx?AssetID=924303"}},{"type":"Feature","geometry":{"type":"Point","coordinates":[-85.77499984,39.79281718]},"properties":{"name":"DEVELOPMENTAL SERVICE ALTERNATIVES","assetType":"Intermediate Care Facilities","dataYear":"2018","assetId":"924121","subcategory":"Health","detail":"https://classic.savi.org/SAVI/PopUps/AssetMoreInfo.aspx?AssetID=924121"}},{"type":"Feature","geometry":{"type":"Point","coordinates":[-85.99983607,39.80545137]},"properties":{"name":"DEVELOPMENTAL SERVICE ALTERNATIVES","assetType":"Intermediate Care Facilities","dataYear":"2018","assetId":"924857","subcategory":"Health","detail":"https://classic.savi.org/SAVI/PopUps/AssetMoreInfo.aspx?AssetID=924857"}},{"type":"Feature","geometry":{"type":"Point","coordinates":[-85.70817899,40.12018406]},"properties":{"name":"DEVELOPMENTAL SERVICE ALTERNATIVES","assetType":"Intermediate Care Facilities","dataYear":"2018","assetId":"924734","subcategory":"Health","detail":"https://classic.savi.org/SAVI/PopUps/AssetMoreInfo.aspx?AssetID=924734"}},{"type":"Feature","geometry":{"type":"Point","coordinates":[-85.79794902,39.50195353]},"properties":{"name":"DEVELOPMENTAL SERVICE ALTERNATIVES","assetType":"Intermediate Care Facilities","dataYear":"2018","assetId":"923197","subcategory":"Health","detail":"https://classic.savi.org/SAVI/PopUps/AssetMoreInfo.aspx?AssetID=923197"}},{"type":"Feature","geometry":{"type":"Point","coordinates":[-85.95143721,39.78216482]},"properties":{"name":"DEVELOPMENTAL SERVICE ALTERNATIVES","assetType":"Intermediate Care Facilities","dataYear":"2018","assetId":"923111","subcategory":"Health","detail":"https://classic.savi.org/SAVI/PopUps/AssetMoreInfo.aspx?AssetID=923111"}},{"type":"Feature","geometry":{"type":"Point","coordinates":[-85.64705478,40.12026461]},"properties":{"name":"HOPEWELL CENTER INC","assetType":"Intermediate Care Facilities","dataYear":"2018","assetId":"923454","subcategory":"Health","detail":"https://classic.savi.org/SAVI/PopUps/AssetMoreInfo.aspx?AssetID=923454"}},{"type":"Feature","geometry":{"type":"Point","coordinates":[-85.71038345,40.10225443]},"properties":{"name":"HOPEWELL CENTER INC","assetType":"Intermediate Care Facilities","dataYear":"2018","assetId":"924483","subcategory":"Health","detail":"https://classic.savi.org/SAVI/PopUps/AssetMoreInfo.aspx?AssetID=924483"}},{"type":"Feature","geometry":{"type":"Point","coordinates":[-85.71882143,40.10595732]},"properties":{"name":"HOPEWELL CENTER INC","assetType":"Intermediate Care Facilities","dataYear":"2018","assetId":"924700","subcategory":"Health","detail":"https://classic.savi.org/SAVI/PopUps/AssetMoreInfo.aspx?AssetID=924700"}},{"type":"Feature","geometry":{"type":"Point","coordinates":[-86.52215134,40.04586413]},"properties":{"name":"HOUSTON GROUP HOMES INC","assetType":"Intermediate Care Facilities","dataYear":"2018","assetId":"923547","subcategory":"Health","detail":"https://classic.savi.org/SAVI/PopUps/AssetMoreInfo.aspx?AssetID=923547"}},{"type":"Feature","geometry":{"type":"Point","coordinates":[-86.0135074,39.967959]},"properties":{"name":"NEW HOPE OF INDIANA INC","assetType":"Intermediate Care Facilities","dataYear":"2018","assetId":"924849","subcategory":"Health","detail":"https://classic.savi.org/SAVI/PopUps/AssetMoreInfo.aspx?AssetID=924849"}},{"type":"Feature","geometry":{"type":"Point","coordinates":[-86.21198682,39.88393481]},"properties":{"name":"NEW HOPE OF INDIANA INC","assetType":"Intermediate Care Facilities","dataYear":"2018","assetId":"924703","subcategory":"Health","detail":"https://classic.savi.org/SAVI/PopUps/AssetMoreInfo.aspx?AssetID=924703"}},{"type":"Feature","geometry":{"type":"Point","coordinates":[-86.03120896,40.2176596]},"properties":{"name":"NEW HOPE OF INDIANA INC","assetType":"Intermediate Care Facilities","dataYear":"2018","assetId":"923068","subcategory":"Health","detail":"https://classic.savi.org/SAVI/PopUps/AssetMoreInfo.aspx?AssetID=923068"}},{"type":"Feature","geometry":{"type":"Point","coordinates":[-86.31318437,39.89134039]},"properties":{"name":"NEW HOPE OF INDIANA INC","assetType":"Intermediate Care Facilities","dataYear":"2018","assetId":"925005","subcategory":"Health","detail":"https://classic.savi.org/SAVI/PopUps/AssetMoreInfo.aspx?AssetID=925005"}},{"type":"Feature","geometry":{"type":"Point","coordinates":[-86.21810568,39.84241626]},"properties":{"name":"NEW HOPE OF INDIANA INC","assetType":"Intermediate Care Facilities","dataYear":"2018","assetId":"925254","subcategory":"Health","detail":"https://classic.savi.org/SAVI/PopUps/AssetMoreInfo.aspx?AssetID=925254"}},{"type":"Feature","geometry":{"type":"Point","coordinates":[-86.18121687,39.86570639]},"properties":{"name":"NEW HOPE OF INDIANA INC","assetType":"Intermediate Care Facilities","dataYear":"2018","assetId":"924905","subcategory":"Health","detail":"https://classic.savi.org/SAVI/PopUps/AssetMoreInfo.aspx?AssetID=924905"}},{"type":"Feature","geometry":{"type":"Point","coordinates":[-86.17197139,39.88621969]},"properties":{"name":"NEW HOPE OF INDIANA INC","assetType":"Intermediate Care Facilities","dataYear":"2018","assetId":"924184","subcategory":"Health","detail":"https://classic.savi.org/SAVI/PopUps/AssetMoreInfo.aspx?AssetID=924184"}},{"type":"Feature","geometry":{"type":"Point","coordinates":[-86.22106535,39.85273468]},"properties":{"name":"NEW HOPE OF INDIANA INC","assetType":"Intermediate Care Facilities","dataYear":"2018","assetId":"924243","subcategory":"Health","detail":"https://classic.savi.org/SAVI/PopUps/AssetMoreInfo.aspx?AssetID=924243"}},{"type":"Feature","geometry":{"type":"Point","coordinates":[-86.16301849,39.91823732]},"properties":{"name":"NEW HOPE OF INDIANA INC","assetType":"Intermediate Care Facilities","dataYear":"2018","assetId":"924276","subcategory":"Health","detail":"https://classic.savi.org/SAVI/PopUps/AssetMoreInfo.aspx?AssetID=924276"}},{"type":"Feature","geometry":{"type":"Point","coordinates":[-86.01248148,40.04143401]},"properties":{"name":"NEW HOPE OF INDIANA INC","assetType":"Intermediate Care Facilities","dataYear":"2018","assetId":"924611","subcategory":"Health","detail":"https://classic.savi.org/SAVI/PopUps/AssetMoreInfo.aspx?AssetID=924611"}},{"type":"Feature","geometry":{"type":"Point","coordinates":[-86.14631519,39.93561795]},"properties":{"name":"NEW HOPE OF INDIANA INC","assetType":"Intermediate Care Facilities","dataYear":"2018","assetId":"923181","subcategory":"Health","detail":"https://classic.savi.org/SAVI/PopUps/AssetMoreInfo.aspx?AssetID=923181"}},{"type":"Feature","geometry":{"type":"Point","coordinates":[-86.84357745,39.63706085]},"properties":{"name":"PUTNAM COUNTY COMPREHENSIVE SERVICES INC","assetType":"Intermediate Care Facilities","dataYear":"2018","assetId":"923945","subcategory":"Health","detail":"https://classic.savi.org/SAVI/PopUps/AssetMoreInfo.aspx?AssetID=923945"}},{"type":"Feature","geometry":{"type":"Point","coordinates":[-86.85166338,39.63155924]},"properties":{"name":"PUTNAM COUNTY COMPREHENSIVE SERVICES INC","assetType":"Intermediate Care Facilities","dataYear":"2018","assetId":"924453","subcategory":"Health","detail":"https://classic.savi.org/SAVI/PopUps/AssetMoreInfo.aspx?AssetID=924453"}},{"type":"Feature","geometry":{"type":"Point","coordinates":[-86.0293125,39.48092618]},"properties":{"name":"REM OCCAZIO LLC","assetType":"Intermediate Care Facilities","dataYear":"2018","assetId":"924777","subcategory":"Health","detail":"https://classic.savi.org/SAVI/PopUps/AssetMoreInfo.aspx?AssetID=924777"}},{"type":"Feature","geometry":{"type":"Point","coordinates":[-86.16656149,39.51589629]},"properties":{"name":"REM OCCAZIO LLC","assetType":"Intermediate Care Facilities","dataYear":"2018","assetId":"923685","subcategory":"Health","detail":"https://classic.savi.org/SAVI/PopUps/AssetMoreInfo.aspx?AssetID=923685"}},{"type":"Feature","geometry":{"type":"Point","coordinates":[-85.62936961,40.10522204]},"properties":{"name":"REM OCCAZIO LLC","assetType":"Intermediate Care Facilities","dataYear":"2018","assetId":"925059","subcategory":"Health","detail":"https://classic.savi.org/SAVI/PopUps/AssetMoreInfo.aspx?AssetID=925059"}},{"type":"Feature","geometry":{"type":"Point","coordinates":[-86.05460406,39.4873045]},"properties":{"name":"REM OCCAZIO LLC","assetType":"Intermediate Care Facilities","dataYear":"2018","assetId":"923540","subcategory":"Health","detail":"https://classic.savi.org/SAVI/PopUps/AssetMoreInfo.aspx?AssetID=923540"}},{"type":"Feature","geometry":{"type":"Point","coordinates":[-86.15713714,39.41466691]},"properties":{"name":"REM OCCAZIO LLC","assetType":"Intermediate Care Facilities","dataYear":"2018","assetId":"925028","subcategory":"Health","detail":"https://classic.savi.org/SAVI/PopUps/AssetMoreInfo.aspx?AssetID=925028"}},{"type":"Feature","geometry":{"type":"Point","coordinates":[-86.16197087,39.41061409]},"properties":{"name":"REM OCCAZIO LLC","assetType":"Intermediate Care Facilities","dataYear":"2018","assetId":"924566","subcategory":"Health","detail":"https://classic.savi.org/SAVI/PopUps/AssetMoreInfo.aspx?AssetID=924566"}},{"type":"Feature","geometry":{"type":"Point","coordinates":[-85.60947022,40.1144555]},"properties":{"name":"REM OCCAZIO LLC","assetType":"Intermediate Care Facilities","dataYear":"2018","assetId":"924729","subcategory":"Health","detail":"https://classic.savi.org/SAVI/PopUps/AssetMoreInfo.aspx?AssetID=924729"}},{"type":"Feature","geometry":{"type":"Point","coordinates":[-86.14038418,39.60862797]},"properties":{"name":"REM OCCAZIO LLC","assetType":"Intermediate Care Facilities","dataYear":"2018","assetId":"922864","subcategory":"Health","detail":"https://classic.savi.org/SAVI/PopUps/AssetMoreInfo.aspx?AssetID=922864"}},{"type":"Feature","geometry":{"type":"Point","coordinates":[-85.68610129,40.13061148]},"properties":{"name":"REM OCCAZIO LLC","assetType":"Intermediate Care Facilities","dataYear":"2018","assetId":"923623","subcategory":"Health","detail":"https://classic.savi.org/SAVI/PopUps/AssetMoreInfo.aspx?AssetID=923623"}},{"type":"Feature","geometry":{"type":"Point","coordinates":[-86.125338,39.8619963]},"properties":{"name":"REM-INDIANA INC","assetType":"Intermediate Care Facilities","dataYear":"2018","assetId":"923072","subcategory":"Health","detail":"https://classic.savi.org/SAVI/PopUps/AssetMoreInfo.aspx?AssetID=923072"}},{"type":"Feature","geometry":{"type":"Point","coordinates":[-86.20856703,39.81679388]},"properties":{"name":"REM-INDIANA INC","assetType":"Intermediate Care Facilities","dataYear":"2018","assetId":"923176","subcategory":"Health","detail":"https://classic.savi.org/SAVI/PopUps/AssetMoreInfo.aspx?AssetID=923176"}},{"type":"Feature","geometry":{"type":"Point","coordinates":[-86.14505882,39.95610086]},"properties":{"name":"REM-INDIANA INC","assetType":"Intermediate Care Facilities","dataYear":"2018","assetId":"925159","subcategory":"Health","detail":"https://classic.savi.org/SAVI/PopUps/AssetMoreInfo.aspx?AssetID=925159"}},{"type":"Feature","geometry":{"type":"Point","coordinates":[-86.2568043,39.8277423]},"properties":{"name":"REM-INDIANA INC","assetType":"Intermediate Care Facilities","dataYear":"2018","assetId":"924673","subcategory":"Health","detail":"https://classic.savi.org/SAVI/PopUps/AssetMoreInfo.aspx?AssetID=924673"}},{"type":"Feature","geometry":{"type":"Point","coordinates":[-86.13764911,39.85672375]},"properties":{"name":"REM-INDIANA INC","assetType":"Intermediate Care Facilities","dataYear":"2018","assetId":"924801","subcategory":"Health","detail":"https://classic.savi.org/SAVI/PopUps/AssetMoreInfo.aspx?AssetID=924801"}},{"type":"Feature","geometry":{"type":"Point","coordinates":[-86.11257316,39.86188725]},"properties":{"name":"REM-INDIANA INC","assetType":"Intermediate Care Facilities","dataYear":"2018","assetId":"923194","subcategory":"Health","detail":"https://classic.savi.org/SAVI/PopUps/AssetMoreInfo.aspx?AssetID=923194"}},{"type":"Feature","geometry":{"type":"Point","coordinates":[-86.14535294,39.90803783]},"properties":{"name":"REM-INDIANA INC","assetType":"Intermediate Care Facilities","dataYear":"2018","assetId":"923744","subcategory":"Health","detail":"https://classic.savi.org/SAVI/PopUps/AssetMoreInfo.aspx?AssetID=923744"}},{"type":"Feature","geometry":{"type":"Point","coordinates":[-86.08948315,39.88267118]},"properties":{"name":"REM-INDIANA INC","assetType":"Intermediate Care Facilities","dataYear":"2018","assetId":"923142","subcategory":"Health","detail":"https://classic.savi.org/SAVI/PopUps/AssetMoreInfo.aspx?AssetID=923142"}},{"type":"Feature","geometry":{"type":"Point","coordinates":[-86.07076238,39.8720207]},"properties":{"name":"REM-INDIANA INC","assetType":"Intermediate Care Facilities","dataYear":"2018","assetId":"924171","subcategory":"Health","detail":"https://classic.savi.org/SAVI/PopUps/AssetMoreInfo.aspx?AssetID=924171"}},{"type":"Feature","geometry":{"type":"Point","coordinates":[-86.28492331,39.77357457]},"properties":{"name":"REM-INDIANA INC","assetType":"Intermediate Care Facilities","dataYear":"2018","assetId":"924430","subcategory":"Health","detail":"https://classic.savi.org/SAVI/PopUps/AssetMoreInfo.aspx?AssetID=924430"}},{"type":"Feature","geometry":{"type":"Point","coordinates":[-86.10016546,39.95624988]},"properties":{"name":"REM-INDIANA INC","assetType":"Intermediate Care Facilities","dataYear":"2018","assetId":"925003","subcategory":"Health","detail":"https://classic.savi.org/SAVI/PopUps/AssetMoreInfo.aspx?AssetID=925003"}},{"type":"Feature","geometry":{"type":"Point","coordinates":[-86.04026107,39.8542677]},"properties":{"name":"REM-INDIANA INC","assetType":"Intermediate Care Facilities","dataYear":"2018","assetId":"923888","subcategory":"Health","detail":"https://classic.savi.org/SAVI/PopUps/AssetMoreInfo.aspx?AssetID=923888"}},{"type":"Feature","geometry":{"type":"Point","coordinates":[-86.10985224,39.94550629]},"properties":{"name":"REM-INDIANA INC","assetType":"Intermediate Care Facilities","dataYear":"2018","assetId":"924211","subcategory":"Health","detail":"https://classic.savi.org/SAVI/PopUps/AssetMoreInfo.aspx?AssetID=924211"}},{"type":"Feature","geometry":{"type":"Point","coordinates":[-86.09855741,39.94171104]},"properties":{"name":"REM-INDIANA INC","assetType":"Intermediate Care Facilities","dataYear":"2018","assetId":"924441","subcategory":"Health","detail":"https://classic.savi.org/SAVI/PopUps/AssetMoreInfo.aspx?AssetID=924441"}},{"type":"Feature","geometry":{"type":"Point","coordinates":[-86.08457905,39.89470189]},"properties":{"name":"REM-INDIANA INC","assetType":"Intermediate Care Facilities","dataYear":"2018","assetId":"923645","subcategory":"Health","detail":"https://classic.savi.org/SAVI/PopUps/AssetMoreInfo.aspx?AssetID=923645"}},{"type":"Feature","geometry":{"type":"Point","coordinates":[-86.19449536,39.89140867]},"properties":{"name":"REM-INDIANA INC","assetType":"Intermediate Care Facilities","dataYear":"2018","assetId":"924136","subcategory":"Health","detail":"https://classic.savi.org/SAVI/PopUps/AssetMoreInfo.aspx?AssetID=924136"}},{"type":"Feature","geometry":{"type":"Point","coordinates":[-85.98946742,39.72293681]},"properties":{"name":"REM-INDIANA INC","assetType":"Intermediate Care Facilities","dataYear":"2018","assetId":"923978","subcategory":"Health","detail":"https://classic.savi.org/SAVI/PopUps/AssetMoreInfo.aspx?AssetID=923978"}},{"type":"Feature","geometry":{"type":"Point","coordinates":[-86.0710154,39.85498032]},"properties":{"name":"REM-INDIANA INC","assetType":"Intermediate Care Facilities","dataYear":"2018","assetId":"924396","subcategory":"Health","detail":"https://classic.savi.org/SAVI/PopUps/AssetMoreInfo.aspx?AssetID=924396"}},{"type":"Feature","geometry":{"type":"Point","coordinates":[-86.09520902,39.83983964]},"properties":{"name":"REM-INDIANA INC","assetType":"Intermediate Care Facilities","dataYear":"2018","assetId":"923342","subcategory":"Health","detail":"https://classic.savi.org/SAVI/PopUps/AssetMoreInfo.aspx?AssetID=923342"}},{"type":"Feature","geometry":{"type":"Point","coordinates":[-86.21520014,39.82044403]},"properties":{"name":"REM-INDIANA INC","assetType":"Intermediate Care Facilities","dataYear":"2018","assetId":"923225","subcategory":"Health","detail":"https://classic.savi.org/SAVI/PopUps/AssetMoreInfo.aspx?AssetID=923225"}},{"type":"Feature","geometry":{"type":"Point","coordinates":[-86.18747721,39.89165388]},"properties":{"name":"REM-INDIANA INC","assetType":"Intermediate Care Facilities","dataYear":"2018","assetId":"923004","subcategory":"Health","detail":"https://classic.savi.org/SAVI/PopUps/AssetMoreInfo.aspx?AssetID=923004"}},{"type":"Feature","geometry":{"type":"Point","coordinates":[-86.23061583,39.84499838]},"properties":{"name":"REM-INDIANA INC","assetType":"Intermediate Care Facilities","dataYear":"2018","assetId":"923668","subcategory":"Health","detail":"https://classic.savi.org/SAVI/PopUps/AssetMoreInfo.aspx?AssetID=923668"}},{"type":"Feature","geometry":{"type":"Point","coordinates":[-86.85064122,39.62940682]},"properties":{"name":"RES-CARE INC","assetType":"Intermediate Care Facilities","dataYear":"2018","assetId":"924930","subcategory":"Health","detail":"https://classic.savi.org/SAVI/PopUps/AssetMoreInfo.aspx?AssetID=924930"}},{"type":"Feature","geometry":{"type":"Point","coordinates":[-86.56820777,39.76022462]},"properties":{"name":"RESIDENTIAL CRF INC","assetType":"Intermediate Care Facilities","dataYear":"2018","assetId":"923687","subcategory":"Health","detail":"https://classic.savi.org/SAVI/PopUps/AssetMoreInfo.aspx?AssetID=923687"}},{"type":"Feature","geometry":{"type":"Point","coordinates":[-85.89921807,39.63887756]},"properties":{"name":"RESIDENTIAL CRF INC","assetType":"Intermediate Care Facilities","dataYear":"2018","assetId":"923912","subcategory":"Health","detail":"https://classic.savi.org/SAVI/PopUps/AssetMoreInfo.aspx?AssetID=923912"}},{"type":"Feature","geometry":{"type":"Point","coordinates":[-86.51373188,39.76001391]},"properties":{"name":"RESIDENTIAL CRF INC","assetType":"Intermediate Care Facilities","dataYear":"2018","assetId":"925107","subcategory":"Health","detail":"https://classic.savi.org/SAVI/PopUps/AssetMoreInfo.aspx?AssetID=925107"}},{"type":"Feature","geometry":{"type":"Point","coordinates":[-86.09152287,39.69477262]},"properties":{"name":"TANGRAM INC","assetType":"Intermediate Care Facilities","dataYear":"2018","assetId":"923491","subcategory":"Health","detail":"https://classic.savi.org/SAVI/PopUps/AssetMoreInfo.aspx?AssetID=923491"}},{"type":"Feature","geometry":{"type":"Point","coordinates":[-86.40108232,39.83962974]},"properties":{"name":"TRANSITIONAL SERVICES SUB LLC","assetType":"Intermediate Care Facilities","dataYear":"2018","assetId":"923815","subcategory":"Health","detail":"https://classic.savi.org/SAVI/PopUps/AssetMoreInfo.aspx?AssetID=923815"}},{"type":"Feature","geometry":{"type":"Point","coordinates":[-86.23319713,39.75357039]},"properties":{"name":"TRANSITIONAL SERVICES SUB LLC","assetType":"Intermediate Care Facilities","dataYear":"2018","assetId":"923519","subcategory":"Health","detail":"https://classic.savi.org/SAVI/PopUps/AssetMoreInfo.aspx?AssetID=923519"}},{"type":"Feature","geometry":{"type":"Point","coordinates":[-86.24975789,39.74430267]},"properties":{"name":"TRANSITIONAL SERVICES SUB LLC","assetType":"Intermediate Care Facilities","dataYear":"2018","assetId":"924919","subcategory":"Health","detail":"https://classic.savi.org/SAVI/PopUps/AssetMoreInfo.aspx?AssetID=924919"}},{"type":"Feature","geometry":{"type":"Point","coordinates":[-86.16547552,39.84091032]},"properties":{"name":"TRANSITIONAL SERVICES SUB LLC","assetType":"Intermediate Care Facilities","dataYear":"2018","assetId":"924316","subcategory":"Health","detail":"https://classic.savi.org/SAVI/PopUps/AssetMoreInfo.aspx?AssetID=924316"}},{"type":"Feature","geometry":{"type":"Point","coordinates":[-86.26501905,39.37103882]},"properties":{"name":"TRANSITIONAL SERVICES SUB LLC","assetType":"Intermediate Care Facilities","dataYear":"2018","assetId":"924146","subcategory":"Health","detail":"https://classic.savi.org/SAVI/PopUps/AssetMoreInfo.aspx?AssetID=924146"}},{"type":"Feature","geometry":{"type":"Point","coordinates":[-86.43006937,39.42907813]},"properties":{"name":"TRANSITIONAL SERVICES SUB LLC","assetType":"Intermediate Care Facilities","dataYear":"2018","assetId":"924548","subcategory":"Health","detail":"https://classic.savi.org/SAVI/PopUps/AssetMoreInfo.aspx?AssetID=924548"}},{"type":"Feature","geometry":{"type":"Point","coordinates":[-86.52932517,39.75644992]},"properties":{"name":"TRANSITIONAL SERVICES SUB LLC","assetType":"Intermediate Care Facilities","dataYear":"2018","assetId":"924904","subcategory":"Health","detail":"https://classic.savi.org/SAVI/PopUps/AssetMoreInfo.aspx?AssetID=924904"}},{"type":"Feature","geometry":{"type":"Point","coordinates":[-86.1284471,39.72409219]},"properties":{"name":"TRANSITIONAL SERVICES SUB LLC","assetType":"Intermediate Care Facilities","dataYear":"2018","assetId":"924284","subcategory":"Health","detail":"https://classic.savi.org/SAVI/PopUps/AssetMoreInfo.aspx?AssetID=924284"}},{"type":"Feature","geometry":{"type":"Point","coordinates":[-86.068159,39.78502289]},"properties":{"name":"VOCA CORPORATION OF INDIANA","assetType":"Intermediate Care Facilities","dataYear":"2018","assetId":"923791","subcategory":"Health","detail":"https://classic.savi.org/SAVI/PopUps/AssetMoreInfo.aspx?AssetID=923791"}},{"type":"Feature","geometry":{"type":"Point","coordinates":[-86.02117467,39.9075357]},"properties":{"name":"VOCA CORPORATION OF INDIANA","assetType":"Intermediate Care Facilities","dataYear":"2018","assetId":"923291","subcategory":"Health","detail":"https://classic.savi.org/SAVI/PopUps/AssetMoreInfo.aspx?AssetID=923291"}},{"type":"Feature","geometry":{"type":"Point","coordinates":[-86.1974958,39.82852038]},"properties":{"name":"VOCA CORPORATION OF INDIANA","assetType":"Intermediate Care Facilities","dataYear":"2018","assetId":"924964","subcategory":"Health","detail":"https://classic.savi.org/SAVI/PopUps/AssetMoreInfo.aspx?AssetID=924964"}},{"type":"Feature","geometry":{"type":"Point","coordinates":[-86.17053079,39.63810653]},"properties":{"name":"VOCA CORPORATION OF INDIANA","assetType":"Intermediate Care Facilities","dataYear":"2018","assetId":"924395","subcategory":"Health","detail":"https://classic.savi.org/SAVI/PopUps/AssetMoreInfo.aspx?AssetID=924395"}},{"type":"Feature","geometry":{"type":"Point","coordinates":[-86.11094088,39.84670734]},"properties":{"name":"VOCA CORPORATION OF INDIANA","assetType":"Intermediate Care Facilities","dataYear":"2018","assetId":"924696","subcategory":"Health","detail":"https://classic.savi.org/SAVI/PopUps/AssetMoreInfo.aspx?AssetID=924696"}},{"type":"Feature","geometry":{"type":"Point","coordinates":[-86.11057704,39.67151765]},"properties":{"name":"VOCA CORPORATION OF INDIANA","assetType":"Intermediate Care Facilities","dataYear":"2018","assetId":"923434","subcategory":"Health","detail":"https://classic.savi.org/SAVI/PopUps/AssetMoreInfo.aspx?AssetID=923434"}},{"type":"Feature","geometry":{"type":"Point","coordinates":[-86.06628673,39.83227064]},"properties":{"name":"VOCA CORPORATION OF INDIANA","assetType":"Intermediate Care Facilities","dataYear":"2018","assetId":"924716","subcategory":"Health","detail":"https://classic.savi.org/SAVI/PopUps/AssetMoreInfo.aspx?AssetID=924716"}},{"type":"Feature","geometry":{"type":"Point","coordinates":[-86.05245068,39.88732744]},"properties":{"name":"VOCA CORPORATION OF INDIANA","assetType":"Intermediate Care Facilities","dataYear":"2018","assetId":"924149","subcategory":"Health","detail":"https://classic.savi.org/SAVI/PopUps/AssetMoreInfo.aspx?AssetID=924149"}},{"type":"Feature","geometry":{"type":"Point","coordinates":[-86.03604073,39.81334703]},"properties":{"name":"VOCA CORPORATION OF INDIANA","assetType":"Intermediate Care Facilities","dataYear":"2018","assetId":"925070","subcategory":"Health","detail":"https://classic.savi.org/SAVI/PopUps/AssetMoreInfo.aspx?AssetID=925070"}},{"type":"Feature","geometry":{"type":"Point","coordinates":[-86.19058351,39.90960774]},"properties":{"name":"1717 SENIOR LIVING LLC","assetType":"Nursing Facilities","dataYear":"2018","assetId":"924106","subcategory":"Health","detail":"https://classic.savi.org/SAVI/PopUps/AssetMoreInfo.aspx?AssetID=924106"}},{"type":"Feature","geometry":{"type":"Point","coordinates":[-85.67148588,40.24264066]},"properties":{"name":"ALEXANDRIA CARE CENTER","assetType":"Nursing Facilities","dataYear":"2018","assetId":"924236","subcategory":"Health","detail":"https://classic.savi.org/SAVI/PopUps/AssetMoreInfo.aspx?AssetID=924236"}},{"type":"Feature","geometry":{"type":"Point","coordinates":[-86.08192865,39.90589914]},"properties":{"name":"ALLISON POINTE HEALTHCARE CENTER","assetType":"Nursing Facilities","dataYear":"2018","assetId":"924929","subcategory":"Health","detail":"https://classic.savi.org/SAVI/PopUps/AssetMoreInfo.aspx?AssetID=924929"}},{"type":"Feature","geometry":{"type":"Point","coordinates":[-86.05427881,39.937682]},"properties":{"name":"ALLISONVILLE MEADOWS","assetType":"Nursing Facilities","dataYear":"2018","assetId":"923022","subcategory":"Health","detail":"https://classic.savi.org/SAVI/PopUps/AssetMoreInfo.aspx?AssetID=923022"}},{"type":"Feature","geometry":{"type":"Point","coordinates":[-86.05309588,39.93852578]},"properties":{"name":"ALLISONVILLE MEADOWS ASSISTED LIVING","assetType":"Nursing Facilities","dataYear":"2018","assetId":"924470","subcategory":"Health","detail":"https://classic.savi.org/SAVI/PopUps/AssetMoreInfo.aspx?AssetID=924470"}},{"type":"Feature","geometry":{"type":"Point","coordinates":[-86.20328276,39.80460187]},"properties":{"name":"ALPHA HOME - A WATERS COMMUNITY","assetType":"Nursing Facilities","dataYear":"2018","assetId":"924557","subcategory":"Health","detail":"https://classic.savi.org/SAVI/PopUps/AssetMoreInfo.aspx?AssetID=924557"}},{"type":"Feature","geometry":{"type":"Point","coordinates":[-86.10552576,39.70742752]},"properties":{"name":"ALTENHEIM HEALTH & LIVING COMMUNITY","assetType":"Nursing Facilities","dataYear":"2018","assetId":"923230","subcategory":"Health","detail":"https://classic.savi.org/SAVI/PopUps/AssetMoreInfo.aspx?AssetID=923230"}},{"type":"Feature","geometry":{"type":"Point","coordinates":[-86.12782439,39.85138964]},"properties":{"name":"AMERICAN VILLAGE","assetType":"Nursing Facilities","dataYear":"2018","assetId":"923822","subcategory":"Health","detail":"https://classic.savi.org/SAVI/PopUps/AssetMoreInfo.aspx?AssetID=923822"}},{"type":"Feature","geometry":{"type":"Point","coordinates":[-86.0641738,39.78944742]},"properties":{"name":"ARLINGTON PLACE HEALTH CAMPUS","assetType":"Nursing Facilities","dataYear":"2018","assetId":"923810","subcategory":"Health","detail":"https://classic.savi.org/SAVI/PopUps/AssetMoreInfo.aspx?AssetID=923810"}},{"type":"Feature","geometry":{"type":"Point","coordinates":[-86.86594605,39.64243041]},"properties":{"name":"ASBURY TOWERS HEALTH CARE CENTER","assetType":"Nursing Facilities","dataYear":"2018","assetId":"922873","subcategory":"Health","detail":"https://classic.savi.org/SAVI/PopUps/AssetMoreInfo.aspx?AssetID=922873"}},{"type":"Feature","geometry":{"type":"Point","coordinates":[-85.77460904,39.55648655]},"properties":{"name":"ASHFORD PLACE HEALTH CAMPUS","assetType":"Nursing Facilities","dataYear":"2018","assetId":"922978","subcategory":"Health","detail":"https://classic.savi.org/SAVI/PopUps/AssetMoreInfo.aspx?AssetID=922978"}},{"type":"Feature","geometry":{"type":"Point","coordinates":[-86.15901554,39.56866554]},"properties":{"name":"ASPEN TRACE HEALTH & LIVING COMMUNITY","assetType":"Nursing Facilities","dataYear":"2018","assetId":"922842","subcategory":"Health","detail":"https://classic.savi.org/SAVI/PopUps/AssetMoreInfo.aspx?AssetID=922842"}},{"type":"Feature","geometry":{"type":"Point","coordinates":[-86.83194038,39.64726265]},"properties":{"name":"AUTUMN GLEN","assetType":"Nursing Facilities","dataYear":"2018","assetId":"924544","subcategory":"Health","detail":"https://classic.savi.org/SAVI/PopUps/AssetMoreInfo.aspx?AssetID=924544"}},{"type":"Feature","geometry":{"type":"Point","coordinates":[-86.4541672,39.76037039]},"properties":{"name":"AVON HEALTH & REHABILITATION CENTER","assetType":"Nursing Facilities","dataYear":"2018","assetId":"922999","subcategory":"Health","detail":"https://classic.savi.org/SAVI/PopUps/AssetMoreInfo.aspx?AssetID=922999"}},{"type":"Feature","geometry":{"type":"Point","coordinates":[-86.10294502,39.81486186]},"properties":{"name":"B & B CHRISTIAN HEALTHCARE CENTER","assetType":"Nursing Facilities","dataYear":"2018","assetId":"923475","subcategory":"Health","detail":"https://classic.savi.org/SAVI/PopUps/AssetMoreInfo.aspx?AssetID=923475"}},{"type":"Feature","geometry":{"type":"Point","coordinates":[-86.14001742,39.95954588]},"properties":{"name":"BARRINGTON OF CARMEL THE","assetType":"Nursing Facilities","dataYear":"2018","assetId":"924654","subcategory":"Health","detail":"https://classic.savi.org/SAVI/PopUps/AssetMoreInfo.aspx?AssetID=924654"}},{"type":"Feature","geometry":{"type":"Point","coordinates":[-86.10574574,39.72345967]},"properties":{"name":"BEECH GROVE MEADOWS","assetType":"Nursing Facilities","dataYear":"2018","assetId":"925284","subcategory":"Health","detail":"https://classic.savi.org/SAVI/PopUps/AssetMoreInfo.aspx?AssetID=925284"}},{"type":"Feature","geometry":{"type":"Point","coordinates":[-85.65939475,40.13759205]},"properties":{"name":"BETHANY POINTE HEALTH CAMPUS","assetType":"Nursing Facilities","dataYear":"2018","assetId":"922886","subcategory":"Health","detail":"https://classic.savi.org/SAVI/PopUps/AssetMoreInfo.aspx?AssetID=922886"}},{"type":"Feature","geometry":{"type":"Point","coordinates":[-86.14059652,39.71480802]},"properties":{"name":"BETHANY VILLAGE","assetType":"Nursing Facilities","dataYear":"2018","assetId":"923474","subcategory":"Health","detail":"https://classic.savi.org/SAVI/PopUps/AssetMoreInfo.aspx?AssetID=923474"}},{"type":"Feature","geometry":{"type":"Point","coordinates":[-86.14097714,39.71395432]},"properties":{"name":"BETHANY VILLAGE ASSISTED LIVING","assetType":"Nursing Facilities","dataYear":"2018","assetId":"924859","subcategory":"Health","detail":"https://classic.savi.org/SAVI/PopUps/AssetMoreInfo.aspx?AssetID=924859"}},{"type":"Feature","geometry":{"type":"Point","coordinates":[-86.07019981,39.95532486]},"properties":{"name":"BICKFORD OF CARMEL","assetType":"Nursing Facilities","dataYear":"2018","assetId":"924350","subcategory":"Health","detail":"https://classic.savi.org/SAVI/PopUps/AssetMoreInfo.aspx?AssetID=924350"}},{"type":"Feature","geometry":{"type":"Point","coordinates":[-86.15944301,39.59976664]},"properties":{"name":"BICKFORD OF GREENWOOD","assetType":"Nursing Facilities","dataYear":"2018","assetId":"923580","subcategory":"Health","detail":"https://classic.savi.org/SAVI/PopUps/AssetMoreInfo.aspx?AssetID=923580"}},{"type":"Feature","geometry":{"type":"Point","coordinates":[-86.24582623,39.84578142]},"properties":{"name":"BLOOM AT EAGLE CREEK","assetType":"Nursing Facilities","dataYear":"2018","assetId":"924686","subcategory":"Health","detail":"https://classic.savi.org/SAVI/PopUps/AssetMoreInfo.aspx?AssetID=924686"}},{"type":"Feature","geometry":{"type":"Point","coordinates":[-85.97385277,39.80070826]},"properties":{"name":"BLOOM AT GERMAN CHURCH","assetType":"Nursing Facilities","dataYear":"2018","assetId":"924936","subcategory":"Health","detail":"https://classic.savi.org/SAVI/PopUps/AssetMoreInfo.aspx?AssetID=924936"}},{"type":"Feature","geometry":{"type":"Point","coordinates":[-86.31295455,39.78397159]},"properties":{"name":"BRIDGE AT GARDEN PLAZA","assetType":"Nursing Facilities","dataYear":"2018","assetId":"923985","subcategory":"Health","detail":"https://classic.savi.org/SAVI/PopUps/AssetMoreInfo.aspx?AssetID=923985"}},{"type":"Feature","geometry":{"type":"Point","coordinates":[-86.10750822,40.00300762]},"properties":{"name":"BRIDGEWATER HEALTHCARE CENTER","assetType":"Nursing Facilities","dataYear":"2018","assetId":"925291","subcategory":"Health","detail":"https://classic.savi.org/SAVI/PopUps/AssetMoreInfo.aspx?AssetID=925291"}},{"type":"Feature","geometry":{"type":"Point","coordinates":[-86.12209195,39.96339749]},"properties":{"name":"BROOKDALE CARMEL","assetType":"Nursing Facilities","dataYear":"2018","assetId":"924568","subcategory":"Health","detail":"https://classic.savi.org/SAVI/PopUps/AssetMoreInfo.aspx?AssetID=924568"}},{"type":"Feature","geometry":{"type":"Point","coordinates":[-86.05353887,39.91048796]},"properties":{"name":"BROOKDALE CASTLETON","assetType":"Nursing Facilities","dataYear":"2018","assetId":"924389","subcategory":"Health","detail":"https://classic.savi.org/SAVI/PopUps/AssetMoreInfo.aspx?AssetID=924389"}},{"type":"Feature","geometry":{"type":"Point","coordinates":[-86.34930098,39.77950183]},"properties":{"name":"BROOKE KNOLL VILLAGE","assetType":"Nursing Facilities","dataYear":"2018","assetId":"924800","subcategory":"Health","detail":"https://classic.savi.org/SAVI/PopUps/AssetMoreInfo.aspx?AssetID=924800"}},{"type":"Feature","geometry":{"type":"Point","coordinates":[-86.23797314,39.19941447]},"properties":{"name":"BROWN COUNTY HEALTH AND LIVING COMMUNITY","assetType":"Nursing Facilities","dataYear":"2018","assetId":"922881","subcategory":"Health","detail":"https://classic.savi.org/SAVI/PopUps/AssetMoreInfo.aspx?AssetID=922881"}},{"type":"Feature","geometry":{"type":"Point","coordinates":[-86.38327191,39.83022119]},"properties":{"name":"BROWNSBURG HEALTH CARE CENTER","assetType":"Nursing Facilities","dataYear":"2018","assetId":"924901","subcategory":"Health","detail":"https://classic.savi.org/SAVI/PopUps/AssetMoreInfo.aspx?AssetID=924901"}},{"type":"Feature","geometry":{"type":"Point","coordinates":[-86.39991602,39.83642685]},"properties":{"name":"BROWNSBURG MEADOWS","assetType":"Nursing Facilities","dataYear":"2018","assetId":"925285","subcategory":"Health","detail":"https://classic.savi.org/SAVI/PopUps/AssetMoreInfo.aspx?AssetID=925285"}},{"type":"Feature","geometry":{"type":"Point","coordinates":[-86.39991602,39.83642685]},"properties":{"name":"BROWNSBURG MEADOWS ASSISTED LIVING","assetType":"Nursing Facilities","dataYear":"2018","assetId":"923035","subcategory":"Health","detail":"https://classic.savi.org/SAVI/PopUps/AssetMoreInfo.aspx?AssetID=923035"}},{"type":"Feature","geometry":{"type":"Point","coordinates":[-86.16152835,39.80885073]},"properties":{"name":"CAPITOL VILLAGE","assetType":"Nursing Facilities","dataYear":"2018","assetId":"924630","subcategory":"Health","detail":"https://classic.savi.org/SAVI/PopUps/AssetMoreInfo.aspx?AssetID=924630"}},{"type":"Feature","geometry":{"type":"Point","coordinates":[-86.12545747,39.95949056]},"properties":{"name":"CARMEL HEALTH & LIVING COMMUNITY","assetType":"Nursing Facilities","dataYear":"2018","assetId":"923578","subcategory":"Health","detail":"https://classic.savi.org/SAVI/PopUps/AssetMoreInfo.aspx?AssetID=923578"}},{"type":"Feature","geometry":{"type":"Point","coordinates":[-86.14821587,39.9843289]},"properties":{"name":"CARMEL SENIOR LIVING","assetType":"Nursing Facilities","dataYear":"2018","assetId":"924613","subcategory":"Health","detail":"https://classic.savi.org/SAVI/PopUps/AssetMoreInfo.aspx?AssetID=924613"}},{"type":"Feature","geometry":{"type":"Point","coordinates":[-86.03389149,39.9132]},"properties":{"name":"CASTLETON HEALTH CARE CENTER","assetType":"Nursing Facilities","dataYear":"2018","assetId":"922917","subcategory":"Health","detail":"https://classic.savi.org/SAVI/PopUps/AssetMoreInfo.aspx?AssetID=922917"}},{"type":"Feature","geometry":{"type":"Point","coordinates":[-86.08342709,39.5384063]},"properties":{"name":"CHRISTINA PLACE","assetType":"Nursing Facilities","dataYear":"2018","assetId":"923119","subcategory":"Health","detail":"https://classic.savi.org/SAVI/PopUps/AssetMoreInfo.aspx?AssetID=923119"}},{"type":"Feature","geometry":{"type":"Point","coordinates":[-86.04114825,39.90929495]},"properties":{"name":"CLEARVISTA LAKE HEALTH CAMPUS","assetType":"Nursing Facilities","dataYear":"2018","assetId":"923785","subcategory":"Health","detail":"https://classic.savi.org/SAVI/PopUps/AssetMoreInfo.aspx?AssetID=923785"}},{"type":"Feature","geometry":{"type":"Point","coordinates":[-85.69458399,40.13441781]},"properties":{"name":"COMMUNITY NORTHVIEW CARE CENTER","assetType":"Nursing Facilities","dataYear":"2018","assetId":"925026","subcategory":"Health","detail":"https://classic.savi.org/SAVI/PopUps/AssetMoreInfo.aspx?AssetID=925026"}},{"type":"Feature","geometry":{"type":"Point","coordinates":[-86.07225413,39.78946895]},"properties":{"name":"COMMUNITY NURSING AND REHABILITATION CENTER","assetType":"Nursing Facilities","dataYear":"2018","assetId":"923084","subcategory":"Health","detail":"https://classic.savi.org/SAVI/PopUps/AssetMoreInfo.aspx?AssetID=923084"}},{"type":"Feature","geometry":{"type":"Point","coordinates":[-85.8316846,40.28634641]},"properties":{"name":"COMMUNITY PARKVIEW HEALTH AND LIVING","assetType":"Nursing Facilities","dataYear":"2018","assetId":"923493","subcategory":"Health","detail":"https://classic.savi.org/SAVI/PopUps/AssetMoreInfo.aspx?AssetID=923493"}},{"type":"Feature","geometry":{"type":"Point","coordinates":[-86.18084131,40.00024702]},"properties":{"name":"COPPER TRACE HEALTH & LIVING COMMUNITY","assetType":"Nursing Facilities","dataYear":"2018","assetId":"924957","subcategory":"Health","detail":"https://classic.savi.org/SAVI/PopUps/AssetMoreInfo.aspx?AssetID=924957"}},{"type":"Feature","geometry":{"type":"Point","coordinates":[-86.16121041,39.61790036]},"properties":{"name":"COUNTRY CHARM","assetType":"Nursing Facilities","dataYear":"2018","assetId":"925268","subcategory":"Health","detail":"https://classic.savi.org/SAVI/PopUps/AssetMoreInfo.aspx?AssetID=925268"}},{"type":"Feature","geometry":{"type":"Point","coordinates":[-85.68321512,40.08560173]},"properties":{"name":"COUNTRYSIDE MANOR HEALTH & LIVING COMMUNITY","assetType":"Nursing Facilities","dataYear":"2018","assetId":"923010","subcategory":"Health","detail":"https://classic.savi.org/SAVI/PopUps/AssetMoreInfo.aspx?AssetID=923010"}},{"type":"Feature","geometry":{"type":"Point","coordinates":[-86.38159633,39.77366752]},"properties":{"name":"COUNTRYSIDE MEADOWS","assetType":"Nursing Facilities","dataYear":"2018","assetId":"924105","subcategory":"Health","detail":"https://classic.savi.org/SAVI/PopUps/AssetMoreInfo.aspx?AssetID=924105"}},{"type":"Feature","geometry":{"type":"Point","coordinates":[-86.11064527,39.84053604]},"properties":{"name":"CREEKSIDE HEALTH AND REHABILITATION CENTER","assetType":"Nursing Facilities","dataYear":"2018","assetId":"923255","subcategory":"Health","detail":"https://classic.savi.org/SAVI/PopUps/AssetMoreInfo.aspx?AssetID=923255"}},{"type":"Feature","geometry":{"type":"Point","coordinates":[-86.11472908,39.64181652]},"properties":{"name":"CRESTWOOD VILLAGE SOUTH APARTMENTS LLC","assetType":"Nursing Facilities","dataYear":"2018","assetId":"924322","subcategory":"Health","detail":"https://classic.savi.org/SAVI/PopUps/AssetMoreInfo.aspx?AssetID=924322"}},{"type":"Feature","geometry":{"type":"Point","coordinates":[-86.04946549,39.89915644]},"properties":{"name":"CROWN SENIOR LIVING","assetType":"Nursing Facilities","dataYear":"2018","assetId":"923682","subcategory":"Health","detail":"https://classic.savi.org/SAVI/PopUps/AssetMoreInfo.aspx?AssetID=923682"}},{"type":"Feature","geometry":{"type":"Point","coordinates":[-85.64446585,40.11428324]},"properties":{"name":"CROWNPOINTE OF ANDERSON","assetType":"Nursing Facilities","dataYear":"2018","assetId":"923268","subcategory":"Health","detail":"https://classic.savi.org/SAVI/PopUps/AssetMoreInfo.aspx?AssetID=923268"}},{"type":"Feature","geometry":{"type":"Point","coordinates":[-86.14811855,39.95741702]},"properties":{"name":"CROWNPOINTE OF CARMEL","assetType":"Nursing Facilities","dataYear":"2018","assetId":"923739","subcategory":"Health","detail":"https://classic.savi.org/SAVI/PopUps/AssetMoreInfo.aspx?AssetID=923739"}},{"type":"Feature","geometry":{"type":"Point","coordinates":[-85.76474428,39.79411711]},"properties":{"name":"CROWNPOINTE OF GREENFIELD","assetType":"Nursing Facilities","dataYear":"2018","assetId":"924956","subcategory":"Health","detail":"https://classic.savi.org/SAVI/PopUps/AssetMoreInfo.aspx?AssetID=924956"}},{"type":"Feature","geometry":{"type":"Point","coordinates":[-86.03872458,39.7885553]},"properties":{"name":"CROWNPOINTE OF INDIANAPOLIS","assetType":"Nursing Facilities","dataYear":"2018","assetId":"924699","subcategory":"Health","detail":"https://classic.savi.org/SAVI/PopUps/AssetMoreInfo.aspx?AssetID=924699"}},{"type":"Feature","geometry":{"type":"Point","coordinates":[-86.47462726,40.07921097]},"properties":{"name":"CROWNPOINTE OF LEBANON","assetType":"Nursing Facilities","dataYear":"2018","assetId":"923488","subcategory":"Health","detail":"https://classic.savi.org/SAVI/PopUps/AssetMoreInfo.aspx?AssetID=923488"}},{"type":"Feature","geometry":{"type":"Point","coordinates":[-86.37224367,39.68220237]},"properties":{"name":"CUMBERLAND TRACE HEALTH & LIVING COMMUNITY","assetType":"Nursing Facilities","dataYear":"2018","assetId":"924031","subcategory":"Health","detail":"https://classic.savi.org/SAVI/PopUps/AssetMoreInfo.aspx?AssetID=924031"}},{"type":"Feature","geometry":{"type":"Point","coordinates":[-86.49949613,39.7638825]},"properties":{"name":"DANVILLE REGIONAL REHABILITATION","assetType":"Nursing Facilities","dataYear":"2018","assetId":"923008","subcategory":"Health","detail":"https://classic.savi.org/SAVI/PopUps/AssetMoreInfo.aspx?AssetID=923008"}},{"type":"Feature","geometry":{"type":"Point","coordinates":[-86.25025441,39.6936388]},"properties":{"name":"DECATUR TOWNSHIP CENTER","assetType":"Nursing Facilities","dataYear":"2018","assetId":"924590","subcategory":"Health","detail":"https://classic.savi.org/SAVI/PopUps/AssetMoreInfo.aspx?AssetID=924590"}},{"type":"Feature","geometry":{"type":"Point","coordinates":[-86.14240841,39.58458727]},"properties":{"name":"DEMAREE CROSSING ASSISTED LIVING AND MEMORY CARE","assetType":"Nursing Facilities","dataYear":"2018","assetId":"924738","subcategory":"Health","detail":"https://classic.savi.org/SAVI/PopUps/AssetMoreInfo.aspx?AssetID=924738"}},{"type":"Feature","geometry":{"type":"Point","coordinates":[-86.28064126,39.82929503]},"properties":{"name":"EAGLE CREEK HEALTHCARE CENTER","assetType":"Nursing Facilities","dataYear":"2018","assetId":"923288","subcategory":"Health","detail":"https://classic.savi.org/SAVI/PopUps/AssetMoreInfo.aspx?AssetID=923288"}},{"type":"Feature","geometry":{"type":"Point","coordinates":[-86.30134618,39.80880944]},"properties":{"name":"EAGLE VALLEY MEADOWS","assetType":"Nursing Facilities","dataYear":"2018","assetId":"922853","subcategory":"Health","detail":"https://classic.savi.org/SAVI/PopUps/AssetMoreInfo.aspx?AssetID=922853"}},{"type":"Feature","geometry":{"type":"Point","coordinates":[-85.69252227,40.1325647]},"properties":{"name":"EDGEWATER WOODS","assetType":"Nursing Facilities","dataYear":"2018","assetId":"923643","subcategory":"Health","detail":"https://classic.savi.org/SAVI/PopUps/AssetMoreInfo.aspx?AssetID=923643"}},{"type":"Feature","geometry":{"type":"Point","coordinates":[-86.02569531,39.85408623]},"properties":{"name":"ELMCROFT OF FORT HARRISON","assetType":"Nursing Facilities","dataYear":"2018","assetId":"924684","subcategory":"Health","detail":"https://classic.savi.org/SAVI/PopUps/AssetMoreInfo.aspx?AssetID=924684"}},{"type":"Feature","geometry":{"type":"Point","coordinates":[-85.93418778,39.98605797]},"properties":{"name":"ENCLAVE SENIOR LIVING AT SAXONY THE","assetType":"Nursing Facilities","dataYear":"2018","assetId":"924477","subcategory":"Health","detail":"https://classic.savi.org/SAVI/PopUps/AssetMoreInfo.aspx?AssetID=924477"}},{"type":"Feature","geometry":{"type":"Point","coordinates":[-86.50135798,39.76182864]},"properties":{"name":"ENMOTION RECOVERY CARE","assetType":"Nursing Facilities","dataYear":"2018","assetId":"923201","subcategory":"Health","detail":"https://classic.savi.org/SAVI/PopUps/AssetMoreInfo.aspx?AssetID=923201"}},{"type":"Feature","geometry":{"type":"Point","coordinates":[-85.78836702,39.50150453]},"properties":{"name":"ESPECIALLY KIDZ HEALTH & REHAB","assetType":"Nursing Facilities","dataYear":"2018","assetId":"924689","subcategory":"Health","detail":"https://classic.savi.org/SAVI/PopUps/AssetMoreInfo.aspx?AssetID=924689"}},{"type":"Feature","geometry":{"type":"Point","coordinates":[-86.47140629,40.05620033]},"properties":{"name":"ESSEX NURSING AND REHABILITATION CENTER","assetType":"Nursing Facilities","dataYear":"2018","assetId":"923846","subcategory":"Health","detail":"https://classic.savi.org/SAVI/PopUps/AssetMoreInfo.aspx?AssetID=923846"}},{"type":"Feature","geometry":{"type":"Point","coordinates":[-86.24166623,39.84984348]},"properties":{"name":"EVERGREEN CROSSING AND THE LOFTS","assetType":"Nursing Facilities","dataYear":"2018","assetId":"923982","subcategory":"Health","detail":"https://classic.savi.org/SAVI/PopUps/AssetMoreInfo.aspx?AssetID=923982"}},{"type":"Feature","geometry":{"type":"Point","coordinates":[-86.12127529,39.7298482]},"properties":{"name":"FAIRWAY VILLAGE","assetType":"Nursing Facilities","dataYear":"2018","assetId":"924573","subcategory":"Health","detail":"https://classic.savi.org/SAVI/PopUps/AssetMoreInfo.aspx?AssetID=924573"}},{"type":"Feature","geometry":{"type":"Point","coordinates":[-86.04332582,40.04239235]},"properties":{"name":"FIVE STAR RESIDENCES OF NOBLESVILLE","assetType":"Nursing Facilities","dataYear":"2018","assetId":"924996","subcategory":"Health","detail":"https://classic.savi.org/SAVI/PopUps/AssetMoreInfo.aspx?AssetID=924996"}},{"type":"Feature","geometry":{"type":"Point","coordinates":[-86.14688859,39.69266413]},"properties":{"name":"FOREST CREEK VILLAGE","assetType":"Nursing Facilities","dataYear":"2018","assetId":"925078","subcategory":"Health","detail":"https://classic.savi.org/SAVI/PopUps/AssetMoreInfo.aspx?AssetID=925078"}},{"type":"Feature","geometry":{"type":"Point","coordinates":[-86.12125217,39.91086961]},"properties":{"name":"FORUM AT THE CROSSING","assetType":"Nursing Facilities","dataYear":"2018","assetId":"924710","subcategory":"Health","detail":"https://classic.savi.org/SAVI/PopUps/AssetMoreInfo.aspx?AssetID=924710"}},{"type":"Feature","geometry":{"type":"Point","coordinates":[-86.03623144,39.48083472]},"properties":{"name":"FRANKLIN MEADOWS","assetType":"Nursing Facilities","dataYear":"2018","assetId":"923090","subcategory":"Health","detail":"https://classic.savi.org/SAVI/PopUps/AssetMoreInfo.aspx?AssetID=923090"}},{"type":"Feature","geometry":{"type":"Point","coordinates":[-86.19584286,39.91262462]},"properties":{"name":"GOLDEN LIVING CENTER - WILLOW SPRINGS","assetType":"Nursing Facilities","dataYear":"2018","assetId":"922952","subcategory":"Health","detail":"https://classic.savi.org/SAVI/PopUps/AssetMoreInfo.aspx?AssetID=922952"}},{"type":"Feature","geometry":{"type":"Point","coordinates":[-85.76424493,39.7934165]},"properties":{"name":"GOLDEN LIVING CENTER-BRANDYWINE","assetType":"Nursing Facilities","dataYear":"2018","assetId":"924102","subcategory":"Health","detail":"https://classic.savi.org/SAVI/PopUps/AssetMoreInfo.aspx?AssetID=924102"}},{"type":"Feature","geometry":{"type":"Point","coordinates":[-86.04240691,39.79578242]},"properties":{"name":"GOLDEN LIVING CENTER-BROOKVIEW","assetType":"Nursing Facilities","dataYear":"2018","assetId":"924912","subcategory":"Health","detail":"https://classic.savi.org/SAVI/PopUps/AssetMoreInfo.aspx?AssetID=924912"}},{"type":"Feature","geometry":{"type":"Point","coordinates":[-86.11209665,39.73001306]},"properties":{"name":"GOLDEN LIVING CENTER-INDIANAPOLIS","assetType":"Nursing Facilities","dataYear":"2018","assetId":"923795","subcategory":"Health","detail":"https://classic.savi.org/SAVI/PopUps/AssetMoreInfo.aspx?AssetID=923795"}},{"type":"Feature","geometry":{"type":"Point","coordinates":[-86.4045257,39.42420169]},"properties":{"name":"GRANDVIEW HEALTH & REHABILITATION CENTER","assetType":"Nursing Facilities","dataYear":"2018","assetId":"923585","subcategory":"Health","detail":"https://classic.savi.org/SAVI/PopUps/AssetMoreInfo.aspx?AssetID=923585"}},{"type":"Feature","geometry":{"type":"Point","coordinates":[-86.12362096,39.97193591]},"properties":{"name":"GREEN HOUSE COTTAGES OF CARMEL","assetType":"Nursing Facilities","dataYear":"2018","assetId":"923602","subcategory":"Health","detail":"https://classic.savi.org/SAVI/PopUps/AssetMoreInfo.aspx?AssetID=923602"}},{"type":"Feature","geometry":{"type":"Point","coordinates":[-86.01178824,39.78557563]},"properties":{"name":"GREENBRIAR VILLAGE","assetType":"Nursing Facilities","dataYear":"2018","assetId":"922863","subcategory":"Health","detail":"https://classic.savi.org/SAVI/PopUps/AssetMoreInfo.aspx?AssetID=922863"}},{"type":"Feature","geometry":{"type":"Point","coordinates":[-85.774179,39.80535762]},"properties":{"name":"GREENFIELD HEALTHCARE CENTER","assetType":"Nursing Facilities","dataYear":"2018","assetId":"924884","subcategory":"Health","detail":"https://classic.savi.org/SAVI/PopUps/AssetMoreInfo.aspx?AssetID=924884"}},{"type":"Feature","geometry":{"type":"Point","coordinates":[-86.12860666,39.6280704]},"properties":{"name":"GREENWOOD HEALTH AND LIVING COMMUNITY","assetType":"Nursing Facilities","dataYear":"2018","assetId":"924486","subcategory":"Health","detail":"https://classic.savi.org/SAVI/PopUps/AssetMoreInfo.aspx?AssetID=924486"}},{"type":"Feature","geometry":{"type":"Point","coordinates":[-86.14498532,39.61797058]},"properties":{"name":"GREENWOOD HEALTHCARE CENTER","assetType":"Nursing Facilities","dataYear":"2018","assetId":"922964","subcategory":"Health","detail":"https://classic.savi.org/SAVI/PopUps/AssetMoreInfo.aspx?AssetID=922964"}},{"type":"Feature","geometry":{"type":"Point","coordinates":[-86.15852239,39.633489]},"properties":{"name":"GREENWOOD MEADOWS","assetType":"Nursing Facilities","dataYear":"2018","assetId":"923319","subcategory":"Health","detail":"https://classic.savi.org/SAVI/PopUps/AssetMoreInfo.aspx?AssetID=923319"}},{"type":"Feature","geometry":{"type":"Point","coordinates":[-86.10248852,39.60202892]},"properties":{"name":"GREENWOOD VILLAGE SOUTH","assetType":"Nursing Facilities","dataYear":"2018","assetId":"923752","subcategory":"Health","detail":"https://classic.savi.org/SAVI/PopUps/AssetMoreInfo.aspx?AssetID=923752"}},{"type":"Feature","geometry":{"type":"Point","coordinates":[-85.99298596,39.96082142]},"properties":{"name":"HAMILTON TRACE OF FISHERS","assetType":"Nursing Facilities","dataYear":"2018","assetId":"924331","subcategory":"Health","detail":"https://classic.savi.org/SAVI/PopUps/AssetMoreInfo.aspx?AssetID=924331"}},{"type":"Feature","geometry":{"type":"Point","coordinates":[-86.04896166,40.05930729]},"properties":{"name":"HARBOUR MANOR HEALTH & LIVING COMMUNITY","assetType":"Nursing Facilities","dataYear":"2018","assetId":"923254","subcategory":"Health","detail":"https://classic.savi.org/SAVI/PopUps/AssetMoreInfo.aspx?AssetID=923254"}},{"type":"Feature","geometry":{"type":"Point","coordinates":[-86.19243071,39.90414992]},"properties":{"name":"HARCOURT TERRACE NURSING AND REHABILITATION","assetType":"Nursing Facilities","dataYear":"2018","assetId":"924033","subcategory":"Health","detail":"https://classic.savi.org/SAVI/PopUps/AssetMoreInfo.aspx?AssetID=924033"}},{"type":"Feature","geometry":{"type":"Point","coordinates":[-86.30306308,39.80937529]},"properties":{"name":"HARRISON AT EAGLE VALLEY THE","assetType":"Nursing Facilities","dataYear":"2018","assetId":"922879","subcategory":"Health","detail":"https://classic.savi.org/SAVI/PopUps/AssetMoreInfo.aspx?AssetID=922879"}},{"type":"Feature","geometry":{"type":"Point","coordinates":[-86.0344986,39.79378222]},"properties":{"name":"HARRISON TERRACE","assetType":"Nursing Facilities","dataYear":"2018","assetId":"924393","subcategory":"Health","detail":"https://classic.savi.org/SAVI/PopUps/AssetMoreInfo.aspx?AssetID=924393"}},{"type":"Feature","geometry":{"type":"Point","coordinates":[-86.42894757,39.75901891]},"properties":{"name":"HEARTH AT PRESTWICK","assetType":"Nursing Facilities","dataYear":"2018","assetId":"923879","subcategory":"Health","detail":"https://classic.savi.org/SAVI/PopUps/AssetMoreInfo.aspx?AssetID=923879"}},{"type":"Feature","geometry":{"type":"Point","coordinates":[-86.1588469,39.58116997]},"properties":{"name":"HEARTH AT STONES CROSSING LLC THE","assetType":"Nursing Facilities","dataYear":"2018","assetId":"923472","subcategory":"Health","detail":"https://classic.savi.org/SAVI/PopUps/AssetMoreInfo.aspx?AssetID=923472"}},{"type":"Feature","geometry":{"type":"Point","coordinates":[-86.24058634,39.9503298]},"properties":{"name":"HEARTH AT TUDOR GARDENS LLC","assetType":"Nursing Facilities","dataYear":"2018","assetId":"923920","subcategory":"Health","detail":"https://classic.savi.org/SAVI/PopUps/AssetMoreInfo.aspx?AssetID=923920"}},{"type":"Feature","geometry":{"type":"Point","coordinates":[-85.98221759,39.92919067]},"properties":{"name":"HEARTH AT WINDERMERE","assetType":"Nursing Facilities","dataYear":"2018","assetId":"922859","subcategory":"Health","detail":"https://classic.savi.org/SAVI/PopUps/AssetMoreInfo.aspx?AssetID=922859"}},{"type":"Feature","geometry":{"type":"Point","coordinates":[-86.1387021,39.64136504]},"properties":{"name":"HELLENIC SENIOR LIVING OF INDIANAPOLIS","assetType":"Nursing Facilities","dataYear":"2018","assetId":"925206","subcategory":"Health","detail":"https://classic.savi.org/SAVI/PopUps/AssetMoreInfo.aspx?AssetID=925206"}},{"type":"Feature","geometry":{"type":"Point","coordinates":[-85.78809301,39.50261154]},"properties":{"name":"HERITAGE HOUSE OF SHELBYVILLE","assetType":"Nursing Facilities","dataYear":"2018","assetId":"924772","subcategory":"Health","detail":"https://classic.savi.org/SAVI/PopUps/AssetMoreInfo.aspx?AssetID=924772"}},{"type":"Feature","geometry":{"type":"Point","coordinates":[-86.06259843,39.4919689]},"properties":{"name":"HICKORY CREEK AT FRANKLIN","assetType":"Nursing Facilities","dataYear":"2018","assetId":"923171","subcategory":"Health","detail":"https://classic.savi.org/SAVI/PopUps/AssetMoreInfo.aspx?AssetID=923171"}},{"type":"Feature","geometry":{"type":"Point","coordinates":[-86.86459708,39.63296527]},"properties":{"name":"HICKORY CREEK AT SUNSET","assetType":"Nursing Facilities","dataYear":"2018","assetId":"922862","subcategory":"Health","detail":"https://classic.savi.org/SAVI/PopUps/AssetMoreInfo.aspx?AssetID=922862"}},{"type":"Feature","geometry":{"type":"Point","coordinates":[-86.04524035,39.47425856]},"properties":{"name":"HOMEVIEW CENTER OF FRANKLIN","assetType":"Nursing Facilities","dataYear":"2018","assetId":"923378","subcategory":"Health","detail":"https://classic.savi.org/SAVI/PopUps/AssetMoreInfo.aspx?AssetID=923378"}},{"type":"Feature","geometry":{"type":"Point","coordinates":[-86.47601546,40.07491852]},"properties":{"name":"HOMEWOOD HEALTH CAMPUS","assetType":"Nursing Facilities","dataYear":"2018","assetId":"924180","subcategory":"Health","detail":"https://classic.savi.org/SAVI/PopUps/AssetMoreInfo.aspx?AssetID=924180"}},{"type":"Feature","geometry":{"type":"Point","coordinates":[-86.24920146,39.92991537]},"properties":{"name":"HOOSIER VILLAGE","assetType":"Nursing Facilities","dataYear":"2018","assetId":"924893","subcategory":"Health","detail":"https://classic.savi.org/SAVI/PopUps/AssetMoreInfo.aspx?AssetID=924893"}},{"type":"Feature","geometry":{"type":"Point","coordinates":[-86.17252472,39.88181221]},"properties":{"name":"HOOVERWOOD","assetType":"Nursing Facilities","dataYear":"2018","assetId":"925103","subcategory":"Health","detail":"https://classic.savi.org/SAVI/PopUps/AssetMoreInfo.aspx?AssetID=925103"}},{"type":"Feature","geometry":{"type":"Point","coordinates":[-86.04449565,39.47253621]},"properties":{"name":"INDIANA MASONIC HOME HEALTH CENTER","assetType":"Nursing Facilities","dataYear":"2018","assetId":"924068","subcategory":"Health","detail":"https://classic.savi.org/SAVI/PopUps/AssetMoreInfo.aspx?AssetID=924068"}},{"type":"Feature","geometry":{"type":"Point","coordinates":[-86.04449565,39.47253621]},"properties":{"name":"INDIANA MASONIC HOME INC","assetType":"Nursing Facilities","dataYear":"2018","assetId":"924536","subcategory":"Health","detail":"https://classic.savi.org/SAVI/PopUps/AssetMoreInfo.aspx?AssetID=924536"}},{"type":"Feature","geometry":{"type":"Point","coordinates":[-86.08617149,39.85792309]},"properties":{"name":"KESSLERWOOD PLACE","assetType":"Nursing Facilities","dataYear":"2018","assetId":"924971","subcategory":"Health","detail":"https://classic.savi.org/SAVI/PopUps/AssetMoreInfo.aspx?AssetID=924971"}},{"type":"Feature","geometry":{"type":"Point","coordinates":[-85.69228039,40.14037548]},"properties":{"name":"KEYSTONE WOODS","assetType":"Nursing Facilities","dataYear":"2018","assetId":"923931","subcategory":"Health","detail":"https://classic.savi.org/SAVI/PopUps/AssetMoreInfo.aspx?AssetID=923931"}},{"type":"Feature","geometry":{"type":"Point","coordinates":[-86.2643877,39.76845386]},"properties":{"name":"LAKEVIEW MANOR","assetType":"Nursing Facilities","dataYear":"2018","assetId":"924999","subcategory":"Health","detail":"https://classic.savi.org/SAVI/PopUps/AssetMoreInfo.aspx?AssetID=924999"}},{"type":"Feature","geometry":{"type":"Point","coordinates":[-86.01195714,39.84052035]},"properties":{"name":"LAWRENCE MANOR HEALTHCARE CENTER","assetType":"Nursing Facilities","dataYear":"2018","assetId":"924147","subcategory":"Health","detail":"https://classic.savi.org/SAVI/PopUps/AssetMoreInfo.aspx?AssetID=924147"}},{"type":"Feature","geometry":{"type":"Point","coordinates":[-85.65662829,40.11975477]},"properties":{"name":"LINDBERG CROSSING SENIOR LIVING","assetType":"Nursing Facilities","dataYear":"2018","assetId":"924974","subcategory":"Health","detail":"https://classic.savi.org/SAVI/PopUps/AssetMoreInfo.aspx?AssetID=924974"}},{"type":"Feature","geometry":{"type":"Point","coordinates":[-86.24834023,39.75001753]},"properties":{"name":"LYNHURST HEALTHCARE","assetType":"Nursing Facilities","dataYear":"2018","assetId":"924327","subcategory":"Health","detail":"https://classic.savi.org/SAVI/PopUps/AssetMoreInfo.aspx?AssetID=924327"}},{"type":"Feature","geometry":{"type":"Point","coordinates":[-86.12367314,39.65832129]},"properties":{"name":"MADISON HEALTH CARE CENTER","assetType":"Nursing Facilities","dataYear":"2018","assetId":"923023","subcategory":"Health","detail":"https://classic.savi.org/SAVI/PopUps/AssetMoreInfo.aspx?AssetID=923023"}},{"type":"Feature","geometry":{"type":"Point","coordinates":[-86.22528564,40.13154706]},"properties":{"name":"MAJESTIC CARE OF SHERIDAN","assetType":"Nursing Facilities","dataYear":"2018","assetId":"924906","subcategory":"Health","detail":"https://classic.savi.org/SAVI/PopUps/AssetMoreInfo.aspx?AssetID=924906"}},{"type":"Feature","geometry":{"type":"Point","coordinates":[-86.15407682,39.97537536]},"properties":{"name":"MANOR CARE HEALTH SERVICES SUMMER TRACE","assetType":"Nursing Facilities","dataYear":"2018","assetId":"924619","subcategory":"Health","detail":"https://classic.savi.org/SAVI/PopUps/AssetMoreInfo.aspx?AssetID=924619"}},{"type":"Feature","geometry":{"type":"Point","coordinates":[-86.11776711,39.64239329]},"properties":{"name":"MANORCARE HEALTH SERVICES","assetType":"Nursing Facilities","dataYear":"2018","assetId":"923027","subcategory":"Health","detail":"https://classic.savi.org/SAVI/PopUps/AssetMoreInfo.aspx?AssetID=923027"}},{"type":"Feature","geometry":{"type":"Point","coordinates":[-86.43323736,39.75576921]},"properties":{"name":"MANORCARE HEALTH SERVICES - PRESTWICK","assetType":"Nursing Facilities","dataYear":"2018","assetId":"923777","subcategory":"Health","detail":"https://classic.savi.org/SAVI/PopUps/AssetMoreInfo.aspx?AssetID=923777"}},{"type":"Feature","geometry":{"type":"Point","coordinates":[-86.12650961,40.05380323]},"properties":{"name":"MAPLE PARK VILLAGE","assetType":"Nursing Facilities","dataYear":"2018","assetId":"924418","subcategory":"Health","detail":"https://classic.savi.org/SAVI/PopUps/AssetMoreInfo.aspx?AssetID=924418"}},{"type":"Feature","geometry":{"type":"Point","coordinates":[-86.20314707,39.90373986]},"properties":{"name":"MARQUETTE","assetType":"Nursing Facilities","dataYear":"2018","assetId":"923983","subcategory":"Health","detail":"https://classic.savi.org/SAVI/PopUps/AssetMoreInfo.aspx?AssetID=923983"}},{"type":"Feature","geometry":{"type":"Point","coordinates":[-85.92849263,39.91307246]},"properties":{"name":"MCCORDSVILLE SENIOR LIVING LLC","assetType":"Nursing Facilities","dataYear":"2018","assetId":"924443","subcategory":"Health","detail":"https://classic.savi.org/SAVI/PopUps/AssetMoreInfo.aspx?AssetID=924443"}},{"type":"Feature","geometry":{"type":"Point","coordinates":[-86.11290348,39.9849527]},"properties":{"name":"MCGIVNEY HEALTH CARE CENTER","assetType":"Nursing Facilities","dataYear":"2018","assetId":"925071","subcategory":"Health","detail":"https://classic.savi.org/SAVI/PopUps/AssetMoreInfo.aspx?AssetID=925071"}},{"type":"Feature","geometry":{"type":"Point","coordinates":[-86.04073465,39.94967268]},"properties":{"name":"MEADOW BROOK SENIOR LIVING","assetType":"Nursing Facilities","dataYear":"2018","assetId":"925194","subcategory":"Health","detail":"https://classic.savi.org/SAVI/PopUps/AssetMoreInfo.aspx?AssetID=925194"}},{"type":"Feature","geometry":{"type":"Point","coordinates":[-86.35560072,39.62313672]},"properties":{"name":"MEADOW LAKES","assetType":"Nursing Facilities","dataYear":"2018","assetId":"924129","subcategory":"Health","detail":"https://classic.savi.org/SAVI/PopUps/AssetMoreInfo.aspx?AssetID=924129"}},{"type":"Feature","geometry":{"type":"Point","coordinates":[-86.15947694,39.73892147]},"properties":{"name":"MERIDIAN NURSING AND REHABILITATION CENTER","assetType":"Nursing Facilities","dataYear":"2018","assetId":"924913","subcategory":"Health","detail":"https://classic.savi.org/SAVI/PopUps/AssetMoreInfo.aspx?AssetID=924913"}},{"type":"Feature","geometry":{"type":"Point","coordinates":[-86.83871161,39.64116167]},"properties":{"name":"MILL POND HEALTH CAMPUS","assetType":"Nursing Facilities","dataYear":"2018","assetId":"923840","subcategory":"Health","detail":"https://classic.savi.org/SAVI/PopUps/AssetMoreInfo.aspx?AssetID=923840"}},{"type":"Feature","geometry":{"type":"Point","coordinates":[-86.06536776,39.78970137]},"properties":{"name":"MILLER S MERRY MANOR","assetType":"Nursing Facilities","dataYear":"2018","assetId":"924867","subcategory":"Health","detail":"https://classic.savi.org/SAVI/PopUps/AssetMoreInfo.aspx?AssetID=924867"}},{"type":"Feature","geometry":{"type":"Point","coordinates":[-85.6025635,40.10820277]},"properties":{"name":"MILLER S MERRY MANOR","assetType":"Nursing Facilities","dataYear":"2018","assetId":"923160","subcategory":"Health","detail":"https://classic.savi.org/SAVI/PopUps/AssetMoreInfo.aspx?AssetID=923160"}},{"type":"Feature","geometry":{"type":"Point","coordinates":[-86.3806446,39.61162868]},"properties":{"name":"MILLER S MERRY MANOR","assetType":"Nursing Facilities","dataYear":"2018","assetId":"923284","subcategory":"Health","detail":"https://classic.savi.org/SAVI/PopUps/AssetMoreInfo.aspx?AssetID=923284"}},{"type":"Feature","geometry":{"type":"Point","coordinates":[-86.04112563,39.91074397]},"properties":{"name":"MILLER S SENIOR LIVING COMMUNITY","assetType":"Nursing Facilities","dataYear":"2018","assetId":"923677","subcategory":"Health","detail":"https://classic.savi.org/SAVI/PopUps/AssetMoreInfo.aspx?AssetID=923677"}},{"type":"Feature","geometry":{"type":"Point","coordinates":[-86.26249835,39.37169608]},"properties":{"name":"MORGANTOWN HEALTH CARE","assetType":"Nursing Facilities","dataYear":"2018","assetId":"923231","subcategory":"Health","detail":"https://classic.savi.org/SAVI/PopUps/AssetMoreInfo.aspx?AssetID=923231"}},{"type":"Feature","geometry":{"type":"Point","coordinates":[-86.02734985,39.48021936]},"properties":{"name":"MORNING POINTE OF FRANKLIN","assetType":"Nursing Facilities","dataYear":"2018","assetId":"924551","subcategory":"Health","detail":"https://classic.savi.org/SAVI/PopUps/AssetMoreInfo.aspx?AssetID=924551"}},{"type":"Feature","geometry":{"type":"Point","coordinates":[-86.21427545,39.91466559]},"properties":{"name":"MORNINGSIDE OF COLLEGE PARK","assetType":"Nursing Facilities","dataYear":"2018","assetId":"923771","subcategory":"Health","detail":"https://classic.savi.org/SAVI/PopUps/AssetMoreInfo.aspx?AssetID=923771"}},{"type":"Feature","geometry":{"type":"Point","coordinates":[-85.69999102,39.66276457]},"properties":{"name":"MORRISTOWN MANOR","assetType":"Nursing Facilities","dataYear":"2018","assetId":"923256","subcategory":"Health","detail":"https://classic.savi.org/SAVI/PopUps/AssetMoreInfo.aspx?AssetID=923256"}},{"type":"Feature","geometry":{"type":"Point","coordinates":[-86.16163932,39.79334542]},"properties":{"name":"NORTH CAPITOL NURSING & REHABILITATION CENTER","assetType":"Nursing Facilities","dataYear":"2018","assetId":"925190","subcategory":"Health","detail":"https://classic.savi.org/SAVI/PopUps/AssetMoreInfo.aspx?AssetID=925190"}},{"type":"Feature","geometry":{"type":"Point","coordinates":[-86.2727059,39.81628405]},"properties":{"name":"NORTHWEST MANOR HEALTH CARE CENTER","assetType":"Nursing Facilities","dataYear":"2018","assetId":"922924","subcategory":"Health","detail":"https://classic.savi.org/SAVI/PopUps/AssetMoreInfo.aspx?AssetID=922924"}},{"type":"Feature","geometry":{"type":"Point","coordinates":[-86.0723017,39.81080031]},"properties":{"name":"OASIS AT 30TH","assetType":"Nursing Facilities","dataYear":"2018","assetId":"924782","subcategory":"Health","detail":"https://classic.savi.org/SAVI/PopUps/AssetMoreInfo.aspx?AssetID=924782"}},{"type":"Feature","geometry":{"type":"Point","coordinates":[-86.073605,39.48269328]},"properties":{"name":"OTTERBEIN FRANKLIN SENIORLIFE COMM RES & COM CARE","assetType":"Nursing Facilities","dataYear":"2018","assetId":"925007","subcategory":"Health","detail":"https://classic.savi.org/SAVI/PopUps/AssetMoreInfo.aspx?AssetID=925007"}},{"type":"Feature","geometry":{"type":"Point","coordinates":[-86.37218544,39.70849371]},"properties":{"name":"PLAINFIELD HEALTH CARE CENTER","assetType":"Nursing Facilities","dataYear":"2018","assetId":"925275","subcategory":"Health","detail":"https://classic.savi.org/SAVI/PopUps/AssetMoreInfo.aspx?AssetID=925275"}},{"type":"Feature","geometry":{"type":"Point","coordinates":[-85.94368612,39.84909193]},"properties":{"name":"PLEASANT VIEW LODGE","assetType":"Nursing Facilities","dataYear":"2018","assetId":"924727","subcategory":"Health","detail":"https://classic.savi.org/SAVI/PopUps/AssetMoreInfo.aspx?AssetID=924727"}},{"type":"Feature","geometry":{"type":"Point","coordinates":[-85.99604181,39.99829986]},"properties":{"name":"PRAIRIE LAKES HEALTH CAMPUS","assetType":"Nursing Facilities","dataYear":"2018","assetId":"924250","subcategory":"Health","detail":"https://classic.savi.org/SAVI/PopUps/AssetMoreInfo.aspx?AssetID=924250"}},{"type":"Feature","geometry":{"type":"Point","coordinates":[-85.69084306,40.13711323]},"properties":{"name":"PRIMROSE MEMORY CARE OF ANDERSON","assetType":"Nursing Facilities","dataYear":"2018","assetId":"922986","subcategory":"Health","detail":"https://classic.savi.org/SAVI/PopUps/AssetMoreInfo.aspx?AssetID=922986"}},{"type":"Feature","geometry":{"type":"Point","coordinates":[-85.69458399,40.13441781]},"properties":{"name":"PRIMROSE RETIREMENT COMMUNITY OF ANDERSON","assetType":"Nursing Facilities","dataYear":"2018","assetId":"923044","subcategory":"Health","detail":"https://classic.savi.org/SAVI/PopUps/AssetMoreInfo.aspx?AssetID=923044"}},{"type":"Feature","geometry":{"type":"Point","coordinates":[-85.6921778,40.12901748]},"properties":{"name":"PROVIDENCE ANDERSON","assetType":"Nursing Facilities","dataYear":"2018","assetId":"924232","subcategory":"Health","detail":"https://classic.savi.org/SAVI/PopUps/AssetMoreInfo.aspx?AssetID=924232"}},{"type":"Feature","geometry":{"type":"Point","coordinates":[-86.20315296,39.91054918]},"properties":{"name":"PYRAMID POINT POST-ACUTE REHABILITATION CENTER","assetType":"Nursing Facilities","dataYear":"2018","assetId":"924633","subcategory":"Health","detail":"https://classic.savi.org/SAVI/PopUps/AssetMoreInfo.aspx?AssetID=924633"}},{"type":"Feature","geometry":{"type":"Point","coordinates":[-85.73393304,40.00490464]},"properties":{"name":"RAWLINS HOUSE HEALTH & LIVING COMMUNITY","assetType":"Nursing Facilities","dataYear":"2018","assetId":"922877","subcategory":"Health","detail":"https://classic.savi.org/SAVI/PopUps/AssetMoreInfo.aspx?AssetID=922877"}},{"type":"Feature","geometry":{"type":"Point","coordinates":[-86.20374819,39.97326363]},"properties":{"name":"RETREAT AT THE STRATFORD THE","assetType":"Nursing Facilities","dataYear":"2018","assetId":"923650","subcategory":"Health","detail":"https://classic.savi.org/SAVI/PopUps/AssetMoreInfo.aspx?AssetID=923650"}},{"type":"Feature","geometry":{"type":"Point","coordinates":[-86.18180633,39.92671843]},"properties":{"name":"RITTENHOUSE SENIOR LIVING OF INDIANAPOLIS","assetType":"Nursing Facilities","dataYear":"2018","assetId":"924878","subcategory":"Health","detail":"https://classic.savi.org/SAVI/PopUps/AssetMoreInfo.aspx?AssetID=924878"}},{"type":"Feature","geometry":{"type":"Point","coordinates":[-86.02303344,40.04528011]},"properties":{"name":"RIVERVIEW TCU","assetType":"Nursing Facilities","dataYear":"2018","assetId":"924916","subcategory":"Health","detail":"https://classic.savi.org/SAVI/PopUps/AssetMoreInfo.aspx?AssetID=924916"}},{"type":"Feature","geometry":{"type":"Point","coordinates":[-86.0214105,40.04486255]},"properties":{"name":"RIVERWALK VILLAGE","assetType":"Nursing Facilities","dataYear":"2018","assetId":"924263","subcategory":"Health","detail":"https://classic.savi.org/SAVI/PopUps/AssetMoreInfo.aspx?AssetID=924263"}},{"type":"Feature","geometry":{"type":"Point","coordinates":[-86.25365844,39.86733703]},"properties":{"name":"ROBIN RUN","assetType":"Nursing Facilities","dataYear":"2018","assetId":"924562","subcategory":"Health","detail":"https://classic.savi.org/SAVI/PopUps/AssetMoreInfo.aspx?AssetID=924562"}},{"type":"Feature","geometry":{"type":"Point","coordinates":[-86.25380024,39.87088646]},"properties":{"name":"ROBIN RUN HEALTH CENTER","assetType":"Nursing Facilities","dataYear":"2018","assetId":"924843","subcategory":"Health","detail":"https://classic.savi.org/SAVI/PopUps/AssetMoreInfo.aspx?AssetID=924843"}},{"type":"Feature","geometry":{"type":"Point","coordinates":[-86.08080086,39.65753466]},"properties":{"name":"ROSEGATE COMMONS ASSISTED LIVING","assetType":"Nursing Facilities","dataYear":"2018","assetId":"925164","subcategory":"Health","detail":"https://classic.savi.org/SAVI/PopUps/AssetMoreInfo.aspx?AssetID=925164"}},{"type":"Feature","geometry":{"type":"Point","coordinates":[-86.08114908,39.65852097]},"properties":{"name":"ROSEGATE VILLAGE","assetType":"Nursing Facilities","dataYear":"2018","assetId":"924928","subcategory":"Health","detail":"https://classic.savi.org/SAVI/PopUps/AssetMoreInfo.aspx?AssetID=924928"}},{"type":"Feature","geometry":{"type":"Point","coordinates":[-86.07364735,39.78526426]},"properties":{"name":"ROSEWALK AT LUTHERWOODS","assetType":"Nursing Facilities","dataYear":"2018","assetId":"923364","subcategory":"Health","detail":"https://classic.savi.org/SAVI/PopUps/AssetMoreInfo.aspx?AssetID=923364"}},{"type":"Feature","geometry":{"type":"Point","coordinates":[-86.07152363,39.78537877]},"properties":{"name":"ROSEWALK VILLAGE","assetType":"Nursing Facilities","dataYear":"2018","assetId":"922966","subcategory":"Health","detail":"https://classic.savi.org/SAVI/PopUps/AssetMoreInfo.aspx?AssetID=922966"}},{"type":"Feature","geometry":{"type":"Point","coordinates":[-86.11614317,39.79090007]},"properties":{"name":"RURAL HEALTH CARE CENTER","assetType":"Nursing Facilities","dataYear":"2018","assetId":"922844","subcategory":"Health","detail":"https://classic.savi.org/SAVI/PopUps/AssetMoreInfo.aspx?AssetID=922844"}},{"type":"Feature","geometry":{"type":"Point","coordinates":[-86.12224217,40.03978331]},"properties":{"name":"SANDERS GLEN","assetType":"Nursing Facilities","dataYear":"2018","assetId":"923738","subcategory":"Health","detail":"https://classic.savi.org/SAVI/PopUps/AssetMoreInfo.aspx?AssetID=923738"}},{"type":"Feature","geometry":{"type":"Point","coordinates":[-86.45912555,40.05692359]},"properties":{"name":"SIGNATURE HEALTHCARE AT PARKWOOD","assetType":"Nursing Facilities","dataYear":"2018","assetId":"924201","subcategory":"Health","detail":"https://classic.savi.org/SAVI/PopUps/AssetMoreInfo.aspx?AssetID=924201"}},{"type":"Feature","geometry":{"type":"Point","coordinates":[-86.08515022,39.64112927]},"properties":{"name":"SOUTHPOINTE HEALTHCARE CENTER","assetType":"Nursing Facilities","dataYear":"2018","assetId":"924854","subcategory":"Health","detail":"https://classic.savi.org/SAVI/PopUps/AssetMoreInfo.aspx?AssetID=924854"}},{"type":"Feature","geometry":{"type":"Point","coordinates":[-86.19837488,39.91275815]},"properties":{"name":"SPRING MILL MEADOWS","assetType":"Nursing Facilities","dataYear":"2018","assetId":"925270","subcategory":"Health","detail":"https://classic.savi.org/SAVI/PopUps/AssetMoreInfo.aspx?AssetID=925270"}},{"type":"Feature","geometry":{"type":"Point","coordinates":[-85.80216152,39.79339283]},"properties":{"name":"SPRINGHURST HEALTH CAMPUS","assetType":"Nursing Facilities","dataYear":"2018","assetId":"922906","subcategory":"Health","detail":"https://classic.savi.org/SAVI/PopUps/AssetMoreInfo.aspx?AssetID=922906"}},{"type":"Feature","geometry":{"type":"Point","coordinates":[-86.35370234,39.60955843]},"properties":{"name":"SPRINGS OF MOORESVILLE THE","assetType":"Nursing Facilities","dataYear":"2018","assetId":"924890","subcategory":"Health","detail":"https://classic.savi.org/SAVI/PopUps/AssetMoreInfo.aspx?AssetID=924890"}},{"type":"Feature","geometry":{"type":"Point","coordinates":[-86.20142875,39.91039322]},"properties":{"name":"ST AUGUSTINE HOME FOR THE AGED","assetType":"Nursing Facilities","dataYear":"2018","assetId":"923642","subcategory":"Health","detail":"https://classic.savi.org/SAVI/PopUps/AssetMoreInfo.aspx?AssetID=923642"}},{"type":"Feature","geometry":{"type":"Point","coordinates":[-86.10159744,39.7302499]},"properties":{"name":"ST PAUL HERMITAGE LLC","assetType":"Nursing Facilities","dataYear":"2018","assetId":"923139","subcategory":"Health","detail":"https://classic.savi.org/SAVI/PopUps/AssetMoreInfo.aspx?AssetID=923139"}},{"type":"Feature","geometry":{"type":"Point","coordinates":[-86.15715959,39.9111128]},"properties":{"name":"STONECREST OF MERIDIAN HILLS","assetType":"Nursing Facilities","dataYear":"2018","assetId":"922914","subcategory":"Health","detail":"https://classic.savi.org/SAVI/PopUps/AssetMoreInfo.aspx?AssetID=922914"}},{"type":"Feature","geometry":{"type":"Point","coordinates":[-85.9047628,39.77959059]},"properties":{"name":"SUGAR CREEK REHABILITATION AND CONVALESCENT CENTER","assetType":"Nursing Facilities","dataYear":"2018","assetId":"923047","subcategory":"Health","detail":"https://classic.savi.org/SAVI/PopUps/AssetMoreInfo.aspx?AssetID=923047"}},{"type":"Feature","geometry":{"type":"Point","coordinates":[-85.65556784,40.04628974]},"properties":{"name":"SUGAR FORK CROSSING","assetType":"Nursing Facilities","dataYear":"2018","assetId":"925049","subcategory":"Health","detail":"https://classic.savi.org/SAVI/PopUps/AssetMoreInfo.aspx?AssetID=925049"}},{"type":"Feature","geometry":{"type":"Point","coordinates":[-86.42017542,39.69022756]},"properties":{"name":"SUGAR GROVE SENIOR LIVING","assetType":"Nursing Facilities","dataYear":"2018","assetId":"924934","subcategory":"Health","detail":"https://classic.savi.org/SAVI/PopUps/AssetMoreInfo.aspx?AssetID=924934"}},{"type":"Feature","geometry":{"type":"Point","coordinates":[-86.79440211,39.51090638]},"properties":{"name":"SUMMERFIELD HEALTH CARE CENTER","assetType":"Nursing Facilities","dataYear":"2018","assetId":"924075","subcategory":"Health","detail":"https://classic.savi.org/SAVI/PopUps/AssetMoreInfo.aspx?AssetID=924075"}},{"type":"Feature","geometry":{"type":"Point","coordinates":[-85.64760364,40.33097401]},"properties":{"name":"SUMMIT CONVALESCENT CENTER","assetType":"Nursing Facilities","dataYear":"2018","assetId":"925135","subcategory":"Health","detail":"https://classic.savi.org/SAVI/PopUps/AssetMoreInfo.aspx?AssetID=925135"}},{"type":"Feature","geometry":{"type":"Point","coordinates":[-86.27292738,39.76387287]},"properties":{"name":"SUMMIT PLACE WEST","assetType":"Nursing Facilities","dataYear":"2018","assetId":"923819","subcategory":"Health","detail":"https://classic.savi.org/SAVI/PopUps/AssetMoreInfo.aspx?AssetID=923819"}},{"type":"Feature","geometry":{"type":"Point","coordinates":[-86.15633567,39.96743244]},"properties":{"name":"SUNRISE ON OLD MERIDIAN","assetType":"Nursing Facilities","dataYear":"2018","assetId":"924160","subcategory":"Health","detail":"https://classic.savi.org/SAVI/PopUps/AssetMoreInfo.aspx?AssetID=924160"}},{"type":"Feature","geometry":{"type":"Point","coordinates":[-86.34956405,39.78089355]},"properties":{"name":"TRADITIONS AT REAGAN PARK","assetType":"Nursing Facilities","dataYear":"2018","assetId":"924010","subcategory":"Health","detail":"https://classic.savi.org/SAVI/PopUps/AssetMoreInfo.aspx?AssetID=924010"}},{"type":"Feature","geometry":{"type":"Point","coordinates":[-86.11785987,39.89724145]},"properties":{"name":"TRADITIONS AT SOLANA","assetType":"Nursing Facilities","dataYear":"2018","assetId":"924003","subcategory":"Health","detail":"https://classic.savi.org/SAVI/PopUps/AssetMoreInfo.aspx?AssetID=924003"}},{"type":"Feature","geometry":{"type":"Point","coordinates":[-86.135463,39.63828739]},"properties":{"name":"UNIVERSITY HEIGHTS HEALTH AND LIVING COMMUNITY","assetType":"Nursing Facilities","dataYear":"2018","assetId":"924224","subcategory":"Health","detail":"https://classic.savi.org/SAVI/PopUps/AssetMoreInfo.aspx?AssetID=924224"}},{"type":"Feature","geometry":{"type":"Point","coordinates":[-85.67836337,40.1101323]},"properties":{"name":"VERMILLION PLACE","assetType":"Nursing Facilities","dataYear":"2018","assetId":"924883","subcategory":"Health","detail":"https://classic.savi.org/SAVI/PopUps/AssetMoreInfo.aspx?AssetID=924883"}},{"type":"Feature","geometry":{"type":"Point","coordinates":[-85.66757096,39.45680454]},"properties":{"name":"WALDRON HEALTH AND REHAB CENTER","assetType":"Nursing Facilities","dataYear":"2018","assetId":"922897","subcategory":"Health","detail":"https://classic.savi.org/SAVI/PopUps/AssetMoreInfo.aspx?AssetID=922897"}},{"type":"Feature","geometry":{"type":"Point","coordinates":[-85.775447,39.55757558]},"properties":{"name":"WALKER PLACE","assetType":"Nursing Facilities","dataYear":"2018","assetId":"924765","subcategory":"Health","detail":"https://classic.savi.org/SAVI/PopUps/AssetMoreInfo.aspx?AssetID=924765"}},{"type":"Feature","geometry":{"type":"Point","coordinates":[-86.30644646,39.73538976]},"properties":{"name":"WASHINGTON HEALTHCARE CENTER","assetType":"Nursing Facilities","dataYear":"2018","assetId":"922976","subcategory":"Health","detail":"https://classic.savi.org/SAVI/PopUps/AssetMoreInfo.aspx?AssetID=922976"}},{"type":"Feature","geometry":{"type":"Point","coordinates":[-86.84659112,39.61921698]},"properties":{"name":"WATERS OF GREENCASTLE THE","assetType":"Nursing Facilities","dataYear":"2018","assetId":"923817","subcategory":"Health","detail":"https://classic.savi.org/SAVI/PopUps/AssetMoreInfo.aspx?AssetID=923817"}},{"type":"Feature","geometry":{"type":"Point","coordinates":[-86.11949632,39.70999912]},"properties":{"name":"WATERS OF INDIANAPOLIS THE","assetType":"Nursing Facilities","dataYear":"2018","assetId":"922899","subcategory":"Health","detail":"https://classic.savi.org/SAVI/PopUps/AssetMoreInfo.aspx?AssetID=922899"}},{"type":"Feature","geometry":{"type":"Point","coordinates":[-86.43568019,40.01763231]},"properties":{"name":"WATERS OF LEBANON THE","assetType":"Nursing Facilities","dataYear":"2018","assetId":"925227","subcategory":"Health","detail":"https://classic.savi.org/SAVI/PopUps/AssetMoreInfo.aspx?AssetID=925227"}},{"type":"Feature","geometry":{"type":"Point","coordinates":[-86.43171725,39.4074756]},"properties":{"name":"WATERS OF MARTINSVILLE THE","assetType":"Nursing Facilities","dataYear":"2018","assetId":"923462","subcategory":"Health","detail":"https://classic.savi.org/SAVI/PopUps/AssetMoreInfo.aspx?AssetID=923462"}},{"type":"Feature","geometry":{"type":"Point","coordinates":[-86.33973625,39.74887038]},"properties":{"name":"WELLBROOKE OF AVON","assetType":"Nursing Facilities","dataYear":"2018","assetId":"924889","subcategory":"Health","detail":"https://classic.savi.org/SAVI/PopUps/AssetMoreInfo.aspx?AssetID=924889"}},{"type":"Feature","geometry":{"type":"Point","coordinates":[-86.15369932,39.96700504]},"properties":{"name":"WELLBROOKE OF CARMEL","assetType":"Nursing Facilities","dataYear":"2018","assetId":"924281","subcategory":"Health","detail":"https://classic.savi.org/SAVI/PopUps/AssetMoreInfo.aspx?AssetID=924281"}},{"type":"Feature","geometry":{"type":"Point","coordinates":[-86.14110709,40.05614556]},"properties":{"name":"WELLBROOKE OF WESTFIELD","assetType":"Nursing Facilities","dataYear":"2018","assetId":"924294","subcategory":"Health","detail":"https://classic.savi.org/SAVI/PopUps/AssetMoreInfo.aspx?AssetID=924294"}},{"type":"Feature","geometry":{"type":"Point","coordinates":[-86.14600116,39.66084825]},"properties":{"name":"WELLINGTON AT SOUTHPORT THE","assetType":"Nursing Facilities","dataYear":"2018","assetId":"923923","subcategory":"Health","detail":"https://classic.savi.org/SAVI/PopUps/AssetMoreInfo.aspx?AssetID=923923"}},{"type":"Feature","geometry":{"type":"Point","coordinates":[-85.97110124,39.87127552]},"properties":{"name":"WESTMINSTER VILLAGE NORTH","assetType":"Nursing Facilities","dataYear":"2018","assetId":"923051","subcategory":"Health","detail":"https://classic.savi.org/SAVI/PopUps/AssetMoreInfo.aspx?AssetID=923051"}},{"type":"Feature","geometry":{"type":"Point","coordinates":[-86.21635636,39.78559424]},"properties":{"name":"WESTPARK A WATERS COMMUNITY","assetType":"Nursing Facilities","dataYear":"2018","assetId":"922983","subcategory":"Health","detail":"https://classic.savi.org/SAVI/PopUps/AssetMoreInfo.aspx?AssetID=922983"}},{"type":"Feature","geometry":{"type":"Point","coordinates":[-86.31455657,39.77894846]},"properties":{"name":"WESTSIDE RETIREMENT VILLAGE","assetType":"Nursing Facilities","dataYear":"2018","assetId":"923972","subcategory":"Health","detail":"https://classic.savi.org/SAVI/PopUps/AssetMoreInfo.aspx?AssetID=923972"}},{"type":"Feature","geometry":{"type":"Point","coordinates":[-86.03872458,39.7885553]},"properties":{"name":"WILDWOOD HEALTHCARE CENTER","assetType":"Nursing Facilities","dataYear":"2018","assetId":"922832","subcategory":"Health","detail":"https://classic.savi.org/SAVI/PopUps/AssetMoreInfo.aspx?AssetID=922832"}},{"type":"Feature","geometry":{"type":"Point","coordinates":[-86.20835956,39.91273183]},"properties":{"name":"WILLOW LAKE PLACE","assetType":"Nursing Facilities","dataYear":"2018","assetId":"924713","subcategory":"Health","detail":"https://classic.savi.org/SAVI/PopUps/AssetMoreInfo.aspx?AssetID=924713"}},{"type":"Feature","geometry":{"type":"Point","coordinates":[-86.47344118,40.07674531]},"properties":{"name":"WITHAM EXTENDED CARE","assetType":"Nursing Facilities","dataYear":"2018","assetId":"922892","subcategory":"Health","detail":"https://classic.savi.org/SAVI/PopUps/AssetMoreInfo.aspx?AssetID=922892"}},{"type":"Feature","geometry":{"type":"Point","coordinates":[-86.1378032,39.98434474]},"properties":{"name":"WOODLAND TERRACE OF CARMEL","assetType":"Nursing Facilities","dataYear":"2018","assetId":"924705","subcategory":"Health","detail":"https://classic.savi.org/SAVI/PopUps/AssetMoreInfo.aspx?AssetID=924705"}},{"type":"Feature","geometry":{"type":"Point","coordinates":[-86.33022017,39.63698542]},"properties":{"name":"WORTHINGTON PLACE","assetType":"Nursing Facilities","dataYear":"2018","assetId":"923941","subcategory":"Health","detail":"https://classic.savi.org/SAVI/PopUps/AssetMoreInfo.aspx?AssetID=923941"}},{"type":"Feature","geometry":{"type":"Point","coordinates":[-86.27869701,39.94899671]},"properties":{"name":"ZIONSVILLE MEADOWS","assetType":"Nursing Facilities","dataYear":"2018","assetId":"923759","subcategory":"Health","detail":"https://classic.savi.org/SAVI/PopUps/AssetMoreInfo.aspx?AssetID=923759"}},{"type":"Feature","geometry":{"type":"Point","coordinates":[-86.46785508,40.04856147]},"properties":{"name":"Boone County Health Department","assetType":"Local Health Departments","dataYear":"2018","assetId":"924572","subcategory":"Health","detail":"https://classic.savi.org/SAVI/PopUps/AssetMoreInfo.aspx?AssetID=924572"}},{"type":"Feature","geometry":{"type":"Point","coordinates":[-86.24555014,39.20879249]},"properties":{"name":"Brown County Health Department","assetType":"Local Health Departments","dataYear":"2018","assetId":"924411","subcategory":"Health","detail":"https://classic.savi.org/SAVI/PopUps/AssetMoreInfo.aspx?AssetID=924411"}},{"type":"Feature","geometry":{"type":"Point","coordinates":[-85.9911682,40.04950113]},"properties":{"name":"Hamilton County Health Department","assetType":"Local Health Departments","dataYear":"2018","assetId":"924369","subcategory":"Health","detail":"https://classic.savi.org/SAVI/PopUps/AssetMoreInfo.aspx?AssetID=924369"}},{"type":"Feature","geometry":{"type":"Point","coordinates":[-85.76807668,39.78409316]},"properties":{"name":"Hancock County Health Department","assetType":"Local Health Departments","dataYear":"2018","assetId":"923305","subcategory":"Health","detail":"https://classic.savi.org/SAVI/PopUps/AssetMoreInfo.aspx?AssetID=923305"}},{"type":"Feature","geometry":{"type":"Point","coordinates":[-86.52322041,39.75700956]},"properties":{"name":"Hendricks County Health Department","assetType":"Local Health Departments","dataYear":"2018","assetId":"923395","subcategory":"Health","detail":"https://classic.savi.org/SAVI/PopUps/AssetMoreInfo.aspx?AssetID=923395"}},{"type":"Feature","geometry":{"type":"Point","coordinates":[-86.05599054,39.48012402]},"properties":{"name":"Johnson County Health Department","assetType":"Local Health Departments","dataYear":"2018","assetId":"923484","subcategory":"Health","detail":"https://classic.savi.org/SAVI/PopUps/AssetMoreInfo.aspx?AssetID=923484"}},{"type":"Feature","geometry":{"type":"Point","coordinates":[-85.67656845,40.10733476]},"properties":{"name":"Madison County Health Department","assetType":"Local Health Departments","dataYear":"2018","assetId":"922938","subcategory":"Health","detail":"https://classic.savi.org/SAVI/PopUps/AssetMoreInfo.aspx?AssetID=922938"}},{"type":"Feature","geometry":{"type":"Point","coordinates":[-86.11688823,39.82601137]},"properties":{"name":"Marion County Health Department","assetType":"Local Health Departments","dataYear":"2018","assetId":"923993","subcategory":"Health","detail":"https://classic.savi.org/SAVI/PopUps/AssetMoreInfo.aspx?AssetID=923993"}},{"type":"Feature","geometry":{"type":"Point","coordinates":[-86.42895695,39.42523923]},"properties":{"name":"Morgan County Health Department","assetType":"Local Health Departments","dataYear":"2018","assetId":"924535","subcategory":"Health","detail":"https://classic.savi.org/SAVI/PopUps/AssetMoreInfo.aspx?AssetID=924535"}},{"type":"Feature","geometry":{"type":"Point","coordinates":[-86.8460895,39.6221169]},"properties":{"name":"Putnam County Health Department","assetType":"Local Health Departments","dataYear":"2018","assetId":"923285","subcategory":"Health","detail":"https://classic.savi.org/SAVI/PopUps/AssetMoreInfo.aspx?AssetID=923285"}},{"type":"Feature","geometry":{"type":"Point","coordinates":[-85.75435263,39.51992966]},"properties":{"name":"Shelby County Health Department","assetType":"Local Health Departments","dataYear":"2018","assetId":"923410","subcategory":"Health","detail":"https://classic.savi.org/SAVI/PopUps/AssetMoreInfo.aspx?AssetID=923410"}},{"type":"Feature","geometry":{"type":"Point","coordinates":[-86.19506216,39.91187887]},"properties":{"name":"Peyton Manning Children s Hospital at St Vincent","assetType":"Children's Hospitals","dataYear":"2018","assetId":"923773","subcategory":"Health","detail":"https://classic.savi.org/SAVI/PopUps/AssetMoreInfo.aspx?AssetID=923773"}},{"type":"Feature","geometry":{"type":"Point","coordinates":[-86.07400004,39.78623803]},"properties":{"name":"COMMUNITY HOSPITAL EAST","assetType":"City / County Hospital","dataYear":"2014","assetId":"811246","subcategory":"Health","detail":"https://classic.savi.org/SAVI/PopUps/AssetMoreInfo.aspx?AssetID=811246"}},{"type":"Feature","geometry":{"type":"Point","coordinates":[-86.04010704,39.89992698]},"properties":{"name":"COMMUNITY HOSPITAL NORTH","assetType":"City / County Hospital","dataYear":"2014","assetId":"811247","subcategory":"Health","detail":"https://classic.savi.org/SAVI/PopUps/AssetMoreInfo.aspx?AssetID=811247"}},{"type":"Feature","geometry":{"type":"Point","coordinates":[-85.69192403,40.12881596]},"properties":{"name":"COMMUNITY HOSPITAL OF ANDERSON AND MADISON COUNTY","assetType":"City / County Hospital","dataYear":"2014","assetId":"811264","subcategory":"Health","detail":"https://classic.savi.org/SAVI/PopUps/AssetMoreInfo.aspx?AssetID=811264"}},{"type":"Feature","geometry":{"type":"Point","coordinates":[-86.13398601,39.63563801]},"properties":{"name":"COMMUNITY HOSPITAL SOUTH","assetType":"City / County Hospital","dataYear":"2014","assetId":"811248","subcategory":"Health","detail":"https://classic.savi.org/SAVI/PopUps/AssetMoreInfo.aspx?AssetID=811248"}},{"type":"Feature","geometry":{"type":"Point","coordinates":[-86.22346902,39.822067]},"properties":{"name":"COMMUNITY WESTVIEW HOSPITAL","assetType":"City / County Hospital","dataYear":"2014","assetId":"811249","subcategory":"Health","detail":"https://classic.savi.org/SAVI/PopUps/AssetMoreInfo.aspx?AssetID=811249"}},{"type":"Feature","geometry":{"type":"Point","coordinates":[-86.183863,39.778191]},"properties":{"name":"ESKENAZI HEALTH","assetType":"City / County Hospital","dataYear":"2014","assetId":"811251","subcategory":"Health","detail":"https://classic.savi.org/SAVI/PopUps/AssetMoreInfo.aspx?AssetID=811251"}},{"type":"Feature","geometry":{"type":"Point","coordinates":[-86.039785,39.90318896]},"properties":{"name":"FAIRBANKS","assetType":"City / County Hospital","dataYear":"2014","assetId":"811252","subcategory":"Health","detail":"https://classic.savi.org/SAVI/PopUps/AssetMoreInfo.aspx?AssetID=811252"}},{"type":"Feature","geometry":{"type":"Point","coordinates":[-86.15858404,39.96651096]},"properties":{"name":"FRANCISCAN ST FRANCIS HEALTH - CARMEL","assetType":"City / County Hospital","dataYear":"2014","assetId":"811250","subcategory":"Health","detail":"https://classic.savi.org/SAVI/PopUps/AssetMoreInfo.aspx?AssetID=811250"}},{"type":"Feature","geometry":{"type":"Point","coordinates":[-86.08243102,39.64894302]},"properties":{"name":"FRANCISCAN ST FRANCIS HEALTH - INDIANAPOLIS","assetType":"City / County Hospital","dataYear":"2014","assetId":"811253","subcategory":"Health","detail":"https://classic.savi.org/SAVI/PopUps/AssetMoreInfo.aspx?AssetID=811253"}},{"type":"Feature","geometry":{"type":"Point","coordinates":[-86.356306,39.60910603]},"properties":{"name":"FRANCISCAN ST FRANCIS HEALTH - MOORESVILLE","assetType":"City / County Hospital","dataYear":"2014","assetId":"811259","subcategory":"Health","detail":"https://classic.savi.org/SAVI/PopUps/AssetMoreInfo.aspx?AssetID=811259"}},{"type":"Feature","geometry":{"type":"Point","coordinates":[-85.76945501,39.795022]},"properties":{"name":"HANCOCK REGIONAL HOSPITAL","assetType":"City / County Hospital","dataYear":"2014","assetId":"811258","subcategory":"Health","detail":"https://classic.savi.org/SAVI/PopUps/AssetMoreInfo.aspx?AssetID=811258"}},{"type":"Feature","geometry":{"type":"Point","coordinates":[-86.50099597,39.76111401]},"properties":{"name":"HENDRICKS REGIONAL HEALTH","assetType":"City / County Hospital","dataYear":"2014","assetId":"811257","subcategory":"Health","detail":"https://classic.savi.org/SAVI/PopUps/AssetMoreInfo.aspx?AssetID=811257"}},{"type":"Feature","geometry":{"type":"Point","coordinates":[-86.04562004,39.90181296]},"properties":{"name":"INDIANA HEART HOSPITAL THE","assetType":"City / County Hospital","dataYear":"2014","assetId":"811265","subcategory":"Health","detail":"https://classic.savi.org/SAVI/PopUps/AssetMoreInfo.aspx?AssetID=811265"}},{"type":"Feature","geometry":{"type":"Point","coordinates":[-86.266319,39.90687797]},"properties":{"name":"INDIANA ORTHOPAEDIC HOSPITAL LLC","assetType":"City / County Hospital","dataYear":"2014","assetId":"811266","subcategory":"Health","detail":"https://classic.savi.org/SAVI/PopUps/AssetMoreInfo.aspx?AssetID=811266"}},{"type":"Feature","geometry":{"type":"Point","coordinates":[-86.16555196,39.7897323]},"properties":{"name":"INDIANA UNIVERSITY HEALTH","assetType":"City / County Hospital","dataYear":"2014","assetId":"811267","subcategory":"Health","detail":"https://classic.savi.org/SAVI/PopUps/AssetMoreInfo.aspx?AssetID=811267"}},{"type":"Feature","geometry":{"type":"Point","coordinates":[-86.40561995,39.42599404]},"properties":{"name":"INDIANA UNIVERSITY HEALTH MORGAN HOSPITAL INC","assetType":"City / County Hospital","dataYear":"2014","assetId":"811260","subcategory":"Health","detail":"https://classic.savi.org/SAVI/PopUps/AssetMoreInfo.aspx?AssetID=811260"}},{"type":"Feature","geometry":{"type":"Point","coordinates":[-86.15837403,39.95951897]},"properties":{"name":"INDIANA UNIVERSITY HEALTH NORTH HOSPITAL","assetType":"City / County Hospital","dataYear":"2014","assetId":"811255","subcategory":"Health","detail":"https://classic.savi.org/SAVI/PopUps/AssetMoreInfo.aspx?AssetID=811255"}},{"type":"Feature","geometry":{"type":"Point","coordinates":[-86.34055701,39.77905603]},"properties":{"name":"IU HEALTH WEST HOSPITAL","assetType":"City / County Hospital","dataYear":"2014","assetId":"811254","subcategory":"Health","detail":"https://classic.savi.org/SAVI/PopUps/AssetMoreInfo.aspx?AssetID=811254"}},{"type":"Feature","geometry":{"type":"Point","coordinates":[-86.07656902,39.48042505]},"properties":{"name":"JOHNSON MEMORIAL HOSPITAL","assetType":"City / County Hospital","dataYear":"2014","assetId":"811256","subcategory":"Health","detail":"https://classic.savi.org/SAVI/PopUps/AssetMoreInfo.aspx?AssetID=811256"}},{"type":"Feature","geometry":{"type":"Point","coordinates":[-86.19127002,39.78114102]},"properties":{"name":"KINDRED HOSPITAL INDIANAPOLIS","assetType":"City / County Hospital","dataYear":"2014","assetId":"811276","subcategory":"Health","detail":"https://classic.savi.org/SAVI/PopUps/AssetMoreInfo.aspx?AssetID=811276"}},{"type":"Feature","geometry":{"type":"Point","coordinates":[-86.07793002,39.62850401]},"properties":{"name":"KINDRED HOSPITAL- INDIANAPOLIS SOUTH","assetType":"City / County Hospital","dataYear":"2014","assetId":"811275","subcategory":"Health","detail":"https://classic.savi.org/SAVI/PopUps/AssetMoreInfo.aspx?AssetID=811275"}},{"type":"Feature","geometry":{"type":"Point","coordinates":[-85.78054402,39.52453803]},"properties":{"name":"MAJOR HOSPITAL","assetType":"City / County Hospital","dataYear":"2014","assetId":"811262","subcategory":"Health","detail":"https://classic.savi.org/SAVI/PopUps/AssetMoreInfo.aspx?AssetID=811262"}},{"type":"Feature","geometry":{"type":"Point","coordinates":[-86.84605998,39.62188601]},"properties":{"name":"PUTNAM COUNTY HOSPITAL","assetType":"City / County Hospital","dataYear":"2014","assetId":"811273","subcategory":"Health","detail":"https://classic.savi.org/SAVI/PopUps/AssetMoreInfo.aspx?AssetID=811273"}},{"type":"Feature","geometry":{"type":"Point","coordinates":[-86.02204002,40.04681598]},"properties":{"name":"RIVERVIEW HOSPITAL","assetType":"City / County Hospital","dataYear":"2014","assetId":"811268","subcategory":"Health","detail":"https://classic.savi.org/SAVI/PopUps/AssetMoreInfo.aspx?AssetID=811268"}},{"type":"Feature","geometry":{"type":"Point","coordinates":[-86.060543,39.901977]},"properties":{"name":"SELECT SPECIALTY HOSPITAL- INDIANAPOLIS","assetType":"City / County Hospital","dataYear":"2014","assetId":"811277","subcategory":"Health","detail":"https://classic.savi.org/SAVI/PopUps/AssetMoreInfo.aspx?AssetID=811277"}},{"type":"Feature","geometry":{"type":"Point","coordinates":[-85.68084602,40.09534697]},"properties":{"name":"ST VINCENT ANDERSON REGIONAL HOSPITAL INC","assetType":"City / County Hospital","dataYear":"2014","assetId":"811261","subcategory":"Health","detail":"https://classic.savi.org/SAVI/PopUps/AssetMoreInfo.aspx?AssetID=811261"}},{"type":"Feature","geometry":{"type":"Point","coordinates":[-86.14181603,39.98283597]},"properties":{"name":"ST VINCENT CARMEL HOSPITAL INC","assetType":"City / County Hospital","dataYear":"2014","assetId":"811270","subcategory":"Health","detail":"https://classic.savi.org/SAVI/PopUps/AssetMoreInfo.aspx?AssetID=811270"}},{"type":"Feature","geometry":{"type":"Point","coordinates":[-85.918961,39.99051]},"properties":{"name":"ST VINCENT FISHERS HOSPITAL INC","assetType":"City / County Hospital","dataYear":"2014","assetId":"811272","subcategory":"Health","detail":"https://classic.savi.org/SAVI/PopUps/AssetMoreInfo.aspx?AssetID=811272"}},{"type":"Feature","geometry":{"type":"Point","coordinates":[-86.15937603,39.94132398]},"properties":{"name":"ST VINCENT HEART CENTER OF INDIANA LLC","assetType":"City / County Hospital","dataYear":"2014","assetId":"811271","subcategory":"Health","detail":"https://classic.savi.org/SAVI/PopUps/AssetMoreInfo.aspx?AssetID=811271"}},{"type":"Feature","geometry":{"type":"Point","coordinates":[-86.19796001,39.91105997]},"properties":{"name":"ST VINCENT HOSPITAL & HEALTH SERVICES","assetType":"City / County Hospital","dataYear":"2014","assetId":"811269","subcategory":"Health","detail":"https://classic.savi.org/SAVI/PopUps/AssetMoreInfo.aspx?AssetID=811269"}},{"type":"Feature","geometry":{"type":"Point","coordinates":[-85.84434502,40.27581299]},"properties":{"name":"ST VINCENT MERCY HOSPITAL","assetType":"City / County Hospital","dataYear":"2014","assetId":"811274","subcategory":"Health","detail":"https://classic.savi.org/SAVI/PopUps/AssetMoreInfo.aspx?AssetID=811274"}},{"type":"Feature","geometry":{"type":"Point","coordinates":[-86.20356005,39.90150698]},"properties":{"name":"ST VINCENT SETON SPECIALTY HOSPITAL INDIANAPOLIS","assetType":"City / County Hospital","dataYear":"2014","assetId":"811278","subcategory":"Health","detail":"https://classic.savi.org/SAVI/PopUps/AssetMoreInfo.aspx?AssetID=811278"}},{"type":"Feature","geometry":{"type":"Point","coordinates":[-86.47470198,40.07648498]},"properties":{"name":"WITHAM HEALTH SERVICES","assetType":"City / County Hospital","dataYear":"2014","assetId":"811263","subcategory":"Health","detail":"https://classic.savi.org/SAVI/PopUps/AssetMoreInfo.aspx?AssetID=811263"}},{"type":"Feature","geometry":{"type":"Point","coordinates":[-86.018849,40.1691059]},"properties":{"name":"ARCADIA DEVELOPMENTAL CENTER","assetType":"Intermediate Care Facilities for the Mentally Retarded","dataYear":"2014","assetId":"811379","subcategory":"Health","detail":"https://classic.savi.org/SAVI/PopUps/AssetMoreInfo.aspx?AssetID=811379"}},{"type":"Feature","geometry":{"type":"Point","coordinates":[-86.220606,39.8344813]},"properties":{"name":"AWS","assetType":"Intermediate Care Facilities for the Mentally Retarded","dataYear":"2014","assetId":"811381","subcategory":"Health","detail":"https://classic.savi.org/SAVI/PopUps/AssetMoreInfo.aspx?AssetID=811381"}},{"type":"Feature","geometry":{"type":"Point","coordinates":[-86.031202,40.2178905]},"properties":{"name":"CAREY SERVICES INC","assetType":"Intermediate Care Facilities for the Mentally Retarded","dataYear":"2014","assetId":"811380","subcategory":"Health","detail":"https://classic.savi.org/SAVI/PopUps/AssetMoreInfo.aspx?AssetID=811380"}},{"type":"Feature","geometry":{"type":"Point","coordinates":[-86.021517,39.907542]},"properties":{"name":"COMMUNITY ALTERNATIVES- ADEPT","assetType":"Intermediate Care Facilities for the Mentally Retarded","dataYear":"2014","assetId":"811382","subcategory":"Health","detail":"https://classic.savi.org/SAVI/PopUps/AssetMoreInfo.aspx?AssetID=811382"}},{"type":"Feature","geometry":{"type":"Point","coordinates":[-86.028849,39.9092147]},"properties":{"name":"COMMUNITY ALTERNATIVES-ADEPT","assetType":"Intermediate Care Facilities for the Mentally Retarded","dataYear":"2014","assetId":"811387","subcategory":"Health","detail":"https://classic.savi.org/SAVI/PopUps/AssetMoreInfo.aspx?AssetID=811387"}},{"type":"Feature","geometry":{"type":"Point","coordinates":[-86.181061,39.9014166]},"properties":{"name":"COMMUNITY ALTERNATIVES-ADEPT","assetType":"Intermediate Care Facilities for the Mentally Retarded","dataYear":"2014","assetId":"811391","subcategory":"Health","detail":"https://classic.savi.org/SAVI/PopUps/AssetMoreInfo.aspx?AssetID=811391"}},{"type":"Feature","geometry":{"type":"Point","coordinates":[-86.182782,39.8810404]},"properties":{"name":"COMMUNITY ALTERNATIVES-ADEPT","assetType":"Intermediate Care Facilities for the Mentally Retarded","dataYear":"2014","assetId":"811385","subcategory":"Health","detail":"https://classic.savi.org/SAVI/PopUps/AssetMoreInfo.aspx?AssetID=811385"}},{"type":"Feature","geometry":{"type":"Point","coordinates":[-86.186467,39.8972148]},"properties":{"name":"COMMUNITY ALTERNATIVES-ADEPT","assetType":"Intermediate Care Facilities for the Mentally Retarded","dataYear":"2014","assetId":"811384","subcategory":"Health","detail":"https://classic.savi.org/SAVI/PopUps/AssetMoreInfo.aspx?AssetID=811384"}},{"type":"Feature","geometry":{"type":"Point","coordinates":[-86.063841,39.8998587]},"properties":{"name":"COMMUNITY ALTERNATIVES-ADEPT","assetType":"Intermediate Care Facilities for the Mentally Retarded","dataYear":"2014","assetId":"811386","subcategory":"Health","detail":"https://classic.savi.org/SAVI/PopUps/AssetMoreInfo.aspx?AssetID=811386"}},{"type":"Feature","geometry":{"type":"Point","coordinates":[-86.029283,39.9058823]},"properties":{"name":"COMMUNITY ALTERNATIVES-ADEPT","assetType":"Intermediate Care Facilities for the Mentally Retarded","dataYear":"2014","assetId":"811389","subcategory":"Health","detail":"https://classic.savi.org/SAVI/PopUps/AssetMoreInfo.aspx?AssetID=811389"}},{"type":"Feature","geometry":{"type":"Point","coordinates":[-86.035684,39.8985705]},"properties":{"name":"COMMUNITY ALTERNATIVES-ADEPT","assetType":"Intermediate Care Facilities for the Mentally Retarded","dataYear":"2014","assetId":"811390","subcategory":"Health","detail":"https://classic.savi.org/SAVI/PopUps/AssetMoreInfo.aspx?AssetID=811390"}},{"type":"Feature","geometry":{"type":"Point","coordinates":[-86.103849,39.8616373]},"properties":{"name":"COMMUNITY ALTERNATIVES-ADEPT","assetType":"Intermediate Care Facilities for the Mentally Retarded","dataYear":"2014","assetId":"811383","subcategory":"Health","detail":"https://classic.savi.org/SAVI/PopUps/AssetMoreInfo.aspx?AssetID=811383"}},{"type":"Feature","geometry":{"type":"Point","coordinates":[-86.180523,39.9053547]},"properties":{"name":"COMMUNITY ALTERNATIVES-ADEPT","assetType":"Intermediate Care Facilities for the Mentally Retarded","dataYear":"2014","assetId":"811388","subcategory":"Health","detail":"https://classic.savi.org/SAVI/PopUps/AssetMoreInfo.aspx?AssetID=811388"}},{"type":"Feature","geometry":{"type":"Point","coordinates":[-86.36521,39.7338933]},"properties":{"name":"DAMAR SERVICES INC--BRADFORD","assetType":"Intermediate Care Facilities for the Mentally Retarded","dataYear":"2014","assetId":"811424","subcategory":"Health","detail":"https://classic.savi.org/SAVI/PopUps/AssetMoreInfo.aspx?AssetID=811424"}},{"type":"Feature","geometry":{"type":"Point","coordinates":[-86.334132,39.6621688]},"properties":{"name":"DAMAR SERVICES INC--CAMBY RD","assetType":"Intermediate Care Facilities for the Mentally Retarded","dataYear":"2014","assetId":"811392","subcategory":"Health","detail":"https://classic.savi.org/SAVI/PopUps/AssetMoreInfo.aspx?AssetID=811392"}},{"type":"Feature","geometry":{"type":"Point","coordinates":[-86.258907,39.6928397]},"properties":{"name":"DAMAR SERVICES INC--EL CAMIN","assetType":"Intermediate Care Facilities for the Mentally Retarded","dataYear":"2014","assetId":"811393","subcategory":"Health","detail":"https://classic.savi.org/SAVI/PopUps/AssetMoreInfo.aspx?AssetID=811393"}},{"type":"Feature","geometry":{"type":"Point","coordinates":[-86.397337,39.704262]},"properties":{"name":"DAMAR SERVICES INC--MAIN ST","assetType":"Intermediate Care Facilities for the Mentally Retarded","dataYear":"2014","assetId":"811400","subcategory":"Health","detail":"https://classic.savi.org/SAVI/PopUps/AssetMoreInfo.aspx?AssetID=811400"}},{"type":"Feature","geometry":{"type":"Point","coordinates":[-85.655366,40.1070077]},"properties":{"name":"DEVELOPMENTAL SERVICE ALTERNATIVES INC","assetType":"Intermediate Care Facilities for the Mentally Retarded","dataYear":"2014","assetId":"811423","subcategory":"Health","detail":"https://classic.savi.org/SAVI/PopUps/AssetMoreInfo.aspx?AssetID=811423"}},{"type":"Feature","geometry":{"type":"Point","coordinates":[-85.691666,40.0791858]},"properties":{"name":"DEVELOPMENTAL SERVICE ALTERNATIVES INC","assetType":"Intermediate Care Facilities for the Mentally Retarded","dataYear":"2014","assetId":"811426","subcategory":"Health","detail":"https://classic.savi.org/SAVI/PopUps/AssetMoreInfo.aspx?AssetID=811426"}},{"type":"Feature","geometry":{"type":"Point","coordinates":[-85.729259,40.1109199]},"properties":{"name":"DEVELOPMENTAL SERVICE ALTERNATIVES INC","assetType":"Intermediate Care Facilities for the Mentally Retarded","dataYear":"2014","assetId":"811438","subcategory":"Health","detail":"https://classic.savi.org/SAVI/PopUps/AssetMoreInfo.aspx?AssetID=811438"}},{"type":"Feature","geometry":{"type":"Point","coordinates":[-85.999692,39.805222]},"properties":{"name":"DEVELOPMENTAL SERVICE ALTERNATIVES INC","assetType":"Intermediate Care Facilities for the Mentally Retarded","dataYear":"2014","assetId":"811397","subcategory":"Health","detail":"https://classic.savi.org/SAVI/PopUps/AssetMoreInfo.aspx?AssetID=811397"}},{"type":"Feature","geometry":{"type":"Point","coordinates":[-86.030593,39.7818467]},"properties":{"name":"DEVELOPMENTAL SERVICE ALTERNATIVES INC","assetType":"Intermediate Care Facilities for the Mentally Retarded","dataYear":"2014","assetId":"811398","subcategory":"Health","detail":"https://classic.savi.org/SAVI/PopUps/AssetMoreInfo.aspx?AssetID=811398"}},{"type":"Feature","geometry":{"type":"Point","coordinates":[-85.951297,39.7819171]},"properties":{"name":"DEVELOPMENTAL SERVICE ALTERNATIVES INC","assetType":"Intermediate Care Facilities for the Mentally Retarded","dataYear":"2014","assetId":"811394","subcategory":"Health","detail":"https://classic.savi.org/SAVI/PopUps/AssetMoreInfo.aspx?AssetID=811394"}},{"type":"Feature","geometry":{"type":"Point","coordinates":[-85.997232,39.824619]},"properties":{"name":"DEVELOPMENTAL SERVICE ALTERNATIVES INC","assetType":"Intermediate Care Facilities for the Mentally Retarded","dataYear":"2014","assetId":"811396","subcategory":"Health","detail":"https://classic.savi.org/SAVI/PopUps/AssetMoreInfo.aspx?AssetID=811396"}},{"type":"Feature","geometry":{"type":"Point","coordinates":[-85.913776,39.7600459]},"properties":{"name":"DEVELOPMENTAL SERVICE ALTERNATIVES INC","assetType":"Intermediate Care Facilities for the Mentally Retarded","dataYear":"2014","assetId":"811410","subcategory":"Health","detail":"https://classic.savi.org/SAVI/PopUps/AssetMoreInfo.aspx?AssetID=811410"}},{"type":"Feature","geometry":{"type":"Point","coordinates":[-85.797944,39.501946]},"properties":{"name":"DEVELOPMENTAL SERVICE ALTERNATIVES INC","assetType":"Intermediate Care Facilities for the Mentally Retarded","dataYear":"2014","assetId":"811405","subcategory":"Health","detail":"https://classic.savi.org/SAVI/PopUps/AssetMoreInfo.aspx?AssetID=811405"}},{"type":"Feature","geometry":{"type":"Point","coordinates":[-85.684142,40.1032999]},"properties":{"name":"DEVELOPMENTAL SERVICE ALTERNATIVES INC","assetType":"Intermediate Care Facilities for the Mentally Retarded","dataYear":"2014","assetId":"811425","subcategory":"Health","detail":"https://classic.savi.org/SAVI/PopUps/AssetMoreInfo.aspx?AssetID=811425"}},{"type":"Feature","geometry":{"type":"Point","coordinates":[-85.774908,39.7927979]},"properties":{"name":"DEVELOPMENTAL SERVICE ALTERNATIVES INC","assetType":"Intermediate Care Facilities for the Mentally Retarded","dataYear":"2014","assetId":"811411","subcategory":"Health","detail":"https://classic.savi.org/SAVI/PopUps/AssetMoreInfo.aspx?AssetID=811411"}},{"type":"Feature","geometry":{"type":"Point","coordinates":[-85.957634,39.781695]},"properties":{"name":"DEVELOPMENTAL SERVICE ALTERNATIVES INC","assetType":"Intermediate Care Facilities for the Mentally Retarded","dataYear":"2014","assetId":"811395","subcategory":"Health","detail":"https://classic.savi.org/SAVI/PopUps/AssetMoreInfo.aspx?AssetID=811395"}},{"type":"Feature","geometry":{"type":"Point","coordinates":[-85.772556,39.802707]},"properties":{"name":"DEVELOPMENTAL SERVICE ALTERNATIVES INC","assetType":"Intermediate Care Facilities for the Mentally Retarded","dataYear":"2014","assetId":"811404","subcategory":"Health","detail":"https://classic.savi.org/SAVI/PopUps/AssetMoreInfo.aspx?AssetID=811404"}},{"type":"Feature","geometry":{"type":"Point","coordinates":[-85.755906,39.47914]},"properties":{"name":"DEVELOPMENTAL SERVICE ALTERNATIVES INC","assetType":"Intermediate Care Facilities for the Mentally Retarded","dataYear":"2014","assetId":"811408","subcategory":"Health","detail":"https://classic.savi.org/SAVI/PopUps/AssetMoreInfo.aspx?AssetID=811408"}},{"type":"Feature","geometry":{"type":"Point","coordinates":[-85.708176,40.1201773]},"properties":{"name":"DEVELOPMENTAL SERVICE ALTERNATIVES INC","assetType":"Intermediate Care Facilities for the Mentally Retarded","dataYear":"2014","assetId":"811428","subcategory":"Health","detail":"https://classic.savi.org/SAVI/PopUps/AssetMoreInfo.aspx?AssetID=811428"}},{"type":"Feature","geometry":{"type":"Point","coordinates":[-86.096314,39.240926]},"properties":{"name":"DEVELOPMENTAL SERVICES INC","assetType":"Intermediate Care Facilities for the Mentally Retarded","dataYear":"2014","assetId":"811407","subcategory":"Health","detail":"https://classic.savi.org/SAVI/PopUps/AssetMoreInfo.aspx?AssetID=811407"}},{"type":"Feature","geometry":{"type":"Point","coordinates":[-86.195837,39.912617]},"properties":{"name":"GOLDEN LIVING CENTER-NORTH WILLOW","assetType":"Intermediate Care Facilities for the Mentally Retarded","dataYear":"2014","assetId":"811399","subcategory":"Health","detail":"https://classic.savi.org/SAVI/PopUps/AssetMoreInfo.aspx?AssetID=811399"}},{"type":"Feature","geometry":{"type":"Point","coordinates":[-85.647092,40.1205029]},"properties":{"name":"HOPEWELL CENTER INC","assetType":"Intermediate Care Facilities for the Mentally Retarded","dataYear":"2014","assetId":"811401","subcategory":"Health","detail":"https://classic.savi.org/SAVI/PopUps/AssetMoreInfo.aspx?AssetID=811401"}},{"type":"Feature","geometry":{"type":"Point","coordinates":[-85.722393,40.1112459]},"properties":{"name":"HOPEWELL CENTER INC","assetType":"Intermediate Care Facilities for the Mentally Retarded","dataYear":"2014","assetId":"811429","subcategory":"Health","detail":"https://classic.savi.org/SAVI/PopUps/AssetMoreInfo.aspx?AssetID=811429"}},{"type":"Feature","geometry":{"type":"Point","coordinates":[-85.717806,40.1081372]},"properties":{"name":"HOPEWELL CENTER INC","assetType":"Intermediate Care Facilities for the Mentally Retarded","dataYear":"2014","assetId":"811403","subcategory":"Health","detail":"https://classic.savi.org/SAVI/PopUps/AssetMoreInfo.aspx?AssetID=811403"}},{"type":"Feature","geometry":{"type":"Point","coordinates":[-86.522393,40.0466596]},"properties":{"name":"HOUSTON GROUP HOMES INC","assetType":"Intermediate Care Facilities for the Mentally Retarded","dataYear":"2014","assetId":"811432","subcategory":"Health","detail":"https://classic.savi.org/SAVI/PopUps/AssetMoreInfo.aspx?AssetID=811432"}},{"type":"Feature","geometry":{"type":"Point","coordinates":[-86.46791,40.0515499]},"properties":{"name":"HOUSTON GROUP HOMES INC","assetType":"Intermediate Care Facilities for the Mentally Retarded","dataYear":"2014","assetId":"811431","subcategory":"Health","detail":"https://classic.savi.org/SAVI/PopUps/AssetMoreInfo.aspx?AssetID=811431"}},{"type":"Feature","geometry":{"type":"Point","coordinates":[-86.22643,39.194187]},"properties":{"name":"LIFE DESIGNS INC","assetType":"Intermediate Care Facilities for the Mentally Retarded","dataYear":"2014","assetId":"811440","subcategory":"Health","detail":"https://classic.savi.org/SAVI/PopUps/AssetMoreInfo.aspx?AssetID=811440"}},{"type":"Feature","geometry":{"type":"Point","coordinates":[-86.140039,39.6086391]},"properties":{"name":"OCCAZIO INC","assetType":"Intermediate Care Facilities for the Mentally Retarded","dataYear":"2014","assetId":"811418","subcategory":"Health","detail":"https://classic.savi.org/SAVI/PopUps/AssetMoreInfo.aspx?AssetID=811418"}},{"type":"Feature","geometry":{"type":"Point","coordinates":[-85.609258,40.1141897]},"properties":{"name":"OCCAZIO INC","assetType":"Intermediate Care Facilities for the Mentally Retarded","dataYear":"2014","assetId":"811415","subcategory":"Health","detail":"https://classic.savi.org/SAVI/PopUps/AssetMoreInfo.aspx?AssetID=811415"}},{"type":"Feature","geometry":{"type":"Point","coordinates":[-86.166882,39.515862]},"properties":{"name":"OCCAZIO INC","assetType":"Intermediate Care Facilities for the Mentally Retarded","dataYear":"2014","assetId":"811417","subcategory":"Health","detail":"https://classic.savi.org/SAVI/PopUps/AssetMoreInfo.aspx?AssetID=811417"}},{"type":"Feature","geometry":{"type":"Point","coordinates":[-86.029306,39.4806548]},"properties":{"name":"OCCAZIO INC","assetType":"Intermediate Care Facilities for the Mentally Retarded","dataYear":"2014","assetId":"811420","subcategory":"Health","detail":"https://classic.savi.org/SAVI/PopUps/AssetMoreInfo.aspx?AssetID=811420"}},{"type":"Feature","geometry":{"type":"Point","coordinates":[-85.686098,40.1306047]},"properties":{"name":"OCCAZIO INC","assetType":"Intermediate Care Facilities for the Mentally Retarded","dataYear":"2014","assetId":"811409","subcategory":"Health","detail":"https://classic.savi.org/SAVI/PopUps/AssetMoreInfo.aspx?AssetID=811409"}},{"type":"Feature","geometry":{"type":"Point","coordinates":[-85.629366,40.1052152]},"properties":{"name":"OCCAZIO INC","assetType":"Intermediate Care Facilities for the Mentally Retarded","dataYear":"2014","assetId":"811421","subcategory":"Health","detail":"https://classic.savi.org/SAVI/PopUps/AssetMoreInfo.aspx?AssetID=811421"}},{"type":"Feature","geometry":{"type":"Point","coordinates":[-86.851356,39.6311998]},"properties":{"name":"PUTNAM COUNTY COMPREHENSIVE SERVICES INC","assetType":"Intermediate Care Facilities for the Mentally Retarded","dataYear":"2014","assetId":"811413","subcategory":"Health","detail":"https://classic.savi.org/SAVI/PopUps/AssetMoreInfo.aspx?AssetID=811413"}},{"type":"Feature","geometry":{"type":"Point","coordinates":[-86.842592,39.6370193]},"properties":{"name":"PUTNAM COUNTY COMPREHENSIVE SERVICES INC","assetType":"Intermediate Care Facilities for the Mentally Retarded","dataYear":"2014","assetId":"811402","subcategory":"Health","detail":"https://classic.savi.org/SAVI/PopUps/AssetMoreInfo.aspx?AssetID=811402"}},{"type":"Feature","geometry":{"type":"Point","coordinates":[-86.285084,39.7737811]},"properties":{"name":"REM- INDIANA INC","assetType":"Intermediate Care Facilities for the Mentally Retarded","dataYear":"2014","assetId":"811434","subcategory":"Health","detail":"https://classic.savi.org/SAVI/PopUps/AssetMoreInfo.aspx?AssetID=811434"}},{"type":"Feature","geometry":{"type":"Point","coordinates":[-86.256191,39.8275397]},"properties":{"name":"REM-INDIANA INC","assetType":"Intermediate Care Facilities for the Mentally Retarded","dataYear":"2014","assetId":"811436","subcategory":"Health","detail":"https://classic.savi.org/SAVI/PopUps/AssetMoreInfo.aspx?AssetID=811436"}},{"type":"Feature","geometry":{"type":"Point","coordinates":[-86.071492,39.8546001]},"properties":{"name":"REM-INDIANA INC","assetType":"Intermediate Care Facilities for the Mentally Retarded","dataYear":"2014","assetId":"811443","subcategory":"Health","detail":"https://classic.savi.org/SAVI/PopUps/AssetMoreInfo.aspx?AssetID=811443"}},{"type":"Feature","geometry":{"type":"Point","coordinates":[-86.231126,39.8448357]},"properties":{"name":"REM-INDIANA INC","assetType":"Intermediate Care Facilities for the Mentally Retarded","dataYear":"2014","assetId":"811444","subcategory":"Health","detail":"https://classic.savi.org/SAVI/PopUps/AssetMoreInfo.aspx?AssetID=811444"}},{"type":"Feature","geometry":{"type":"Point","coordinates":[-86.113539,39.86706]},"properties":{"name":"REM-INDIANA INC","assetType":"Intermediate Care Facilities for the Mentally Retarded","dataYear":"2014","assetId":"811451","subcategory":"Health","detail":"https://classic.savi.org/SAVI/PopUps/AssetMoreInfo.aspx?AssetID=811451"}},{"type":"Feature","geometry":{"type":"Point","coordinates":[-86.145164,39.9564486]},"properties":{"name":"REM-INDIANA INC","assetType":"Intermediate Care Facilities for the Mentally Retarded","dataYear":"2014","assetId":"811450","subcategory":"Health","detail":"https://classic.savi.org/SAVI/PopUps/AssetMoreInfo.aspx?AssetID=811450"}},{"type":"Feature","geometry":{"type":"Point","coordinates":[-86.095222,39.840253]},"properties":{"name":"REM-INDIANA INC","assetType":"Intermediate Care Facilities for the Mentally Retarded","dataYear":"2014","assetId":"811437","subcategory":"Health","detail":"https://classic.savi.org/SAVI/PopUps/AssetMoreInfo.aspx?AssetID=811437"}},{"type":"Feature","geometry":{"type":"Point","coordinates":[-86.15325,39.97147]},"properties":{"name":"REM-INDIANA INC","assetType":"Intermediate Care Facilities for the Mentally Retarded","dataYear":"2014","assetId":"811445","subcategory":"Health","detail":"https://classic.savi.org/SAVI/PopUps/AssetMoreInfo.aspx?AssetID=811445"}},{"type":"Feature","geometry":{"type":"Point","coordinates":[-85.971671,39.8057283]},"properties":{"name":"REM-INDIANA INC","assetType":"Intermediate Care Facilities for the Mentally Retarded","dataYear":"2014","assetId":"811435","subcategory":"Health","detail":"https://classic.savi.org/SAVI/PopUps/AssetMoreInfo.aspx?AssetID=811435"}},{"type":"Feature","geometry":{"type":"Point","coordinates":[-86.084143,39.8945295]},"properties":{"name":"REM-INDIANA INC","assetType":"Intermediate Care Facilities for the Mentally Retarded","dataYear":"2014","assetId":"811454","subcategory":"Health","detail":"https://classic.savi.org/SAVI/PopUps/AssetMoreInfo.aspx?AssetID=811454"}},{"type":"Feature","geometry":{"type":"Point","coordinates":[-86.089949,39.8827815]},"properties":{"name":"REM-INDIANA INC","assetType":"Intermediate Care Facilities for the Mentally Retarded","dataYear":"2014","assetId":"811453","subcategory":"Health","detail":"https://classic.savi.org/SAVI/PopUps/AssetMoreInfo.aspx?AssetID=811453"}},{"type":"Feature","geometry":{"type":"Point","coordinates":[-86.145855,39.9080424]},"properties":{"name":"REM-INDIANA INC","assetType":"Intermediate Care Facilities for the Mentally Retarded","dataYear":"2014","assetId":"811455","subcategory":"Health","detail":"https://classic.savi.org/SAVI/PopUps/AssetMoreInfo.aspx?AssetID=811455"}},{"type":"Feature","geometry":{"type":"Point","coordinates":[-86.187926,39.8917306]},"properties":{"name":"REM-INDIANA INC","assetType":"Intermediate Care Facilities for the Mentally Retarded","dataYear":"2014","assetId":"811447","subcategory":"Health","detail":"https://classic.savi.org/SAVI/PopUps/AssetMoreInfo.aspx?AssetID=811447"}},{"type":"Feature","geometry":{"type":"Point","coordinates":[-86.109819,39.9457906]},"properties":{"name":"REM-INDIANA INC","assetType":"Intermediate Care Facilities for the Mentally Retarded","dataYear":"2014","assetId":"811439","subcategory":"Health","detail":"https://classic.savi.org/SAVI/PopUps/AssetMoreInfo.aspx?AssetID=811439"}},{"type":"Feature","geometry":{"type":"Point","coordinates":[-86.098237,39.9415108]},"properties":{"name":"REM-INDIANA INC","assetType":"Intermediate Care Facilities for the Mentally Retarded","dataYear":"2014","assetId":"811433","subcategory":"Health","detail":"https://classic.savi.org/SAVI/PopUps/AssetMoreInfo.aspx?AssetID=811433"}},{"type":"Feature","geometry":{"type":"Point","coordinates":[-86.113539,39.86706]},"properties":{"name":"REM-INDIANA INC","assetType":"Intermediate Care Facilities for the Mentally Retarded","dataYear":"2014","assetId":"811441","subcategory":"Health","detail":"https://classic.savi.org/SAVI/PopUps/AssetMoreInfo.aspx?AssetID=811441"}},{"type":"Feature","geometry":{"type":"Point","coordinates":[-86.194503,39.8911935]},"properties":{"name":"REM-INDIANA INC","assetType":"Intermediate Care Facilities for the Mentally Retarded","dataYear":"2014","assetId":"811449","subcategory":"Health","detail":"https://classic.savi.org/SAVI/PopUps/AssetMoreInfo.aspx?AssetID=811449"}},{"type":"Feature","geometry":{"type":"Point","coordinates":[-86.208597,39.8170977]},"properties":{"name":"REM-INDIANA INC","assetType":"Intermediate Care Facilities for the Mentally Retarded","dataYear":"2014","assetId":"811456","subcategory":"Health","detail":"https://classic.savi.org/SAVI/PopUps/AssetMoreInfo.aspx?AssetID=811456"}},{"type":"Feature","geometry":{"type":"Point","coordinates":[-86.040248,39.8539729]},"properties":{"name":"REM-INDIANA INC","assetType":"Intermediate Care Facilities for the Mentally Retarded","dataYear":"2014","assetId":"811448","subcategory":"Health","detail":"https://classic.savi.org/SAVI/PopUps/AssetMoreInfo.aspx?AssetID=811448"}},{"type":"Feature","geometry":{"type":"Point","coordinates":[-86.070308,39.8720473]},"properties":{"name":"REM-INDIANA INC","assetType":"Intermediate Care Facilities for the Mentally Retarded","dataYear":"2014","assetId":"811452","subcategory":"Health","detail":"https://classic.savi.org/SAVI/PopUps/AssetMoreInfo.aspx?AssetID=811452"}},{"type":"Feature","geometry":{"type":"Point","coordinates":[-86.214733,39.8203106]},"properties":{"name":"REM-INDIANA INC","assetType":"Intermediate Care Facilities for the Mentally Retarded","dataYear":"2014","assetId":"811446","subcategory":"Health","detail":"https://classic.savi.org/SAVI/PopUps/AssetMoreInfo.aspx?AssetID=811446"}},{"type":"Feature","geometry":{"type":"Point","coordinates":[-86.13736,39.856728]},"properties":{"name":"REM-INDIANA INC","assetType":"Intermediate Care Facilities for the Mentally Retarded","dataYear":"2014","assetId":"811457","subcategory":"Health","detail":"https://classic.savi.org/SAVI/PopUps/AssetMoreInfo.aspx?AssetID=811457"}},{"type":"Feature","geometry":{"type":"Point","coordinates":[-86.566631,39.7605582]},"properties":{"name":"RESIDENTIAL CRF INC","assetType":"Intermediate Care Facilities for the Mentally Retarded","dataYear":"2014","assetId":"811430","subcategory":"Health","detail":"https://classic.savi.org/SAVI/PopUps/AssetMoreInfo.aspx?AssetID=811430"}},{"type":"Feature","geometry":{"type":"Point","coordinates":[-86.513994,39.7601535]},"properties":{"name":"RESIDENTIAL CRF INC","assetType":"Intermediate Care Facilities for the Mentally Retarded","dataYear":"2014","assetId":"811406","subcategory":"Health","detail":"https://classic.savi.org/SAVI/PopUps/AssetMoreInfo.aspx?AssetID=811406"}},{"type":"Feature","geometry":{"type":"Point","coordinates":[-85.899559,39.6391228]},"properties":{"name":"RESIDENTIAL CRF INC","assetType":"Intermediate Care Facilities for the Mentally Retarded","dataYear":"2014","assetId":"811412","subcategory":"Health","detail":"https://classic.savi.org/SAVI/PopUps/AssetMoreInfo.aspx?AssetID=811412"}},{"type":"Feature","geometry":{"type":"Point","coordinates":[-86.14591,39.9356562]},"properties":{"name":"ST VINCENT NEW HOPE INC","assetType":"Intermediate Care Facilities for the Mentally Retarded","dataYear":"2014","assetId":"811465","subcategory":"Health","detail":"https://classic.savi.org/SAVI/PopUps/AssetMoreInfo.aspx?AssetID=811465"}},{"type":"Feature","geometry":{"type":"Point","coordinates":[-86.171972,39.8866332]},"properties":{"name":"ST VINCENT NEW HOPE INC","assetType":"Intermediate Care Facilities for the Mentally Retarded","dataYear":"2014","assetId":"811464","subcategory":"Health","detail":"https://classic.savi.org/SAVI/PopUps/AssetMoreInfo.aspx?AssetID=811464"}},{"type":"Feature","geometry":{"type":"Point","coordinates":[-86.012208,40.0412007]},"properties":{"name":"ST VINCENT NEW HOPE INC","assetType":"Intermediate Care Facilities for the Mentally Retarded","dataYear":"2014","assetId":"811468","subcategory":"Health","detail":"https://classic.savi.org/SAVI/PopUps/AssetMoreInfo.aspx?AssetID=811468"}},{"type":"Feature","geometry":{"type":"Point","coordinates":[-86.313234,39.8916703]},"properties":{"name":"ST VINCENT NEW HOPE INC","assetType":"Intermediate Care Facilities for the Mentally Retarded","dataYear":"2014","assetId":"811463","subcategory":"Health","detail":"https://classic.savi.org/SAVI/PopUps/AssetMoreInfo.aspx?AssetID=811463"}},{"type":"Feature","geometry":{"type":"Point","coordinates":[-86.026112,40.2170811]},"properties":{"name":"ST VINCENT NEW HOPE INC","assetType":"Intermediate Care Facilities for the Mentally Retarded","dataYear":"2014","assetId":"811467","subcategory":"Health","detail":"https://classic.savi.org/SAVI/PopUps/AssetMoreInfo.aspx?AssetID=811467"}},{"type":"Feature","geometry":{"type":"Point","coordinates":[-86.180843,39.8657551]},"properties":{"name":"ST VINCENT NEW HOPE INC","assetType":"Intermediate Care Facilities for the Mentally Retarded","dataYear":"2014","assetId":"811458","subcategory":"Health","detail":"https://classic.savi.org/SAVI/PopUps/AssetMoreInfo.aspx?AssetID=811458"}},{"type":"Feature","geometry":{"type":"Point","coordinates":[-86.013914,39.9679475]},"properties":{"name":"ST VINCENT NEW HOPE INC","assetType":"Intermediate Care Facilities for the Mentally Retarded","dataYear":"2014","assetId":"811466","subcategory":"Health","detail":"https://classic.savi.org/SAVI/PopUps/AssetMoreInfo.aspx?AssetID=811466"}},{"type":"Feature","geometry":{"type":"Point","coordinates":[-86.21773,39.8421088]},"properties":{"name":"ST VINCENT NEW HOPE INC","assetType":"Intermediate Care Facilities for the Mentally Retarded","dataYear":"2014","assetId":"811460","subcategory":"Health","detail":"https://classic.savi.org/SAVI/PopUps/AssetMoreInfo.aspx?AssetID=811460"}},{"type":"Feature","geometry":{"type":"Point","coordinates":[-86.163392,39.9183329]},"properties":{"name":"ST VINCENT NEW HOPE INC","assetType":"Intermediate Care Facilities for the Mentally Retarded","dataYear":"2014","assetId":"811461","subcategory":"Health","detail":"https://classic.savi.org/SAVI/PopUps/AssetMoreInfo.aspx?AssetID=811461"}},{"type":"Feature","geometry":{"type":"Point","coordinates":[-86.22106,39.8527271]},"properties":{"name":"ST VINCENT NEW HOPE INC","assetType":"Intermediate Care Facilities for the Mentally Retarded","dataYear":"2014","assetId":"811459","subcategory":"Health","detail":"https://classic.savi.org/SAVI/PopUps/AssetMoreInfo.aspx?AssetID=811459"}},{"type":"Feature","geometry":{"type":"Point","coordinates":[-86.212149,39.8841632]},"properties":{"name":"ST VINCENT NEW HOPE INC","assetType":"Intermediate Care Facilities for the Mentally Retarded","dataYear":"2014","assetId":"811462","subcategory":"Health","detail":"https://classic.savi.org/SAVI/PopUps/AssetMoreInfo.aspx?AssetID=811462"}},{"type":"Feature","geometry":{"type":"Point","coordinates":[-85.761212,39.7998866]},"properties":{"name":"TANGRAM INC","assetType":"Intermediate Care Facilities for the Mentally Retarded","dataYear":"2014","assetId":"811414","subcategory":"Health","detail":"https://classic.savi.org/SAVI/PopUps/AssetMoreInfo.aspx?AssetID=811414"}},{"type":"Feature","geometry":{"type":"Point","coordinates":[-86.091414,39.6944178]},"properties":{"name":"TANGRAM INC","assetType":"Intermediate Care Facilities for the Mentally Retarded","dataYear":"2014","assetId":"811469","subcategory":"Health","detail":"https://classic.savi.org/SAVI/PopUps/AssetMoreInfo.aspx?AssetID=811469"}},{"type":"Feature","geometry":{"type":"Point","coordinates":[-85.753895,39.8055553]},"properties":{"name":"TANGRAM INC","assetType":"Intermediate Care Facilities for the Mentally Retarded","dataYear":"2014","assetId":"811419","subcategory":"Health","detail":"https://classic.savi.org/SAVI/PopUps/AssetMoreInfo.aspx?AssetID=811419"}},{"type":"Feature","geometry":{"type":"Point","coordinates":[-86.430064,39.4290706]},"properties":{"name":"TRANSITIONAL SERVICES SUB LLC","assetType":"Intermediate Care Facilities for the Mentally Retarded","dataYear":"2014","assetId":"811416","subcategory":"Health","detail":"https://classic.savi.org/SAVI/PopUps/AssetMoreInfo.aspx?AssetID=811416"}},{"type":"Feature","geometry":{"type":"Point","coordinates":[-86.528509,39.7567451]},"properties":{"name":"TRANSITIONAL SERVICES SUB LLC","assetType":"Intermediate Care Facilities for the Mentally Retarded","dataYear":"2014","assetId":"811422","subcategory":"Health","detail":"https://classic.savi.org/SAVI/PopUps/AssetMoreInfo.aspx?AssetID=811422"}},{"type":"Feature","geometry":{"type":"Point","coordinates":[-86.250222,39.7443126]},"properties":{"name":"TRANSITIONAL SERVICES SUB LLC","assetType":"Intermediate Care Facilities for the Mentally Retarded","dataYear":"2014","assetId":"811470","subcategory":"Health","detail":"https://classic.savi.org/SAVI/PopUps/AssetMoreInfo.aspx?AssetID=811470"}},{"type":"Feature","geometry":{"type":"Point","coordinates":[-86.234174,39.7534732]},"properties":{"name":"TRANSITIONAL SERVICES SUB LLC","assetType":"Intermediate Care Facilities for the Mentally Retarded","dataYear":"2014","assetId":"811471","subcategory":"Health","detail":"https://classic.savi.org/SAVI/PopUps/AssetMoreInfo.aspx?AssetID=811471"}},{"type":"Feature","geometry":{"type":"Point","coordinates":[-86.401077,39.8396222]},"properties":{"name":"TRANSITIONAL SERVICES SUB LLC","assetType":"Intermediate Care Facilities for the Mentally Retarded","dataYear":"2014","assetId":"811427","subcategory":"Health","detail":"https://classic.savi.org/SAVI/PopUps/AssetMoreInfo.aspx?AssetID=811427"}},{"type":"Feature","geometry":{"type":"Point","coordinates":[-86.128641,39.7233177]},"properties":{"name":"TRANSITIONAL SERVICES SUB LLC","assetType":"Intermediate Care Facilities for the Mentally Retarded","dataYear":"2014","assetId":"811472","subcategory":"Health","detail":"https://classic.savi.org/SAVI/PopUps/AssetMoreInfo.aspx?AssetID=811472"}},{"type":"Feature","geometry":{"type":"Point","coordinates":[-86.16548,39.8410206]},"properties":{"name":"TRANSITIONAL SERVICES SUB LLC","assetType":"Intermediate Care Facilities for the Mentally Retarded","dataYear":"2014","assetId":"811473","subcategory":"Health","detail":"https://classic.savi.org/SAVI/PopUps/AssetMoreInfo.aspx?AssetID=811473"}},{"type":"Feature","geometry":{"type":"Point","coordinates":[-86.265013,39.3710313]},"properties":{"name":"TRANSITIONAL SERVICES SUB LLC","assetType":"Intermediate Care Facilities for the Mentally Retarded","dataYear":"2014","assetId":"811442","subcategory":"Health","detail":"https://classic.savi.org/SAVI/PopUps/AssetMoreInfo.aspx?AssetID=811442"}},{"type":"Feature","geometry":{"type":"Point","coordinates":[-86.170601,39.6383148]},"properties":{"name":"VOCA CORPORATION OF INDIANA","assetType":"Intermediate Care Facilities for the Mentally Retarded","dataYear":"2014","assetId":"811475","subcategory":"Health","detail":"https://classic.savi.org/SAVI/PopUps/AssetMoreInfo.aspx?AssetID=811475"}},{"type":"Feature","geometry":{"type":"Point","coordinates":[-86.06614,39.8322702]},"properties":{"name":"VOCA CORPORATION OF INDIANA","assetType":"Intermediate Care Facilities for the Mentally Retarded","dataYear":"2014","assetId":"811480","subcategory":"Health","detail":"https://classic.savi.org/SAVI/PopUps/AssetMoreInfo.aspx?AssetID=811480"}},{"type":"Feature","geometry":{"type":"Point","coordinates":[-86.197351,39.82852]},"properties":{"name":"VOCA CORPORATION OF INDIANA","assetType":"Intermediate Care Facilities for the Mentally Retarded","dataYear":"2014","assetId":"811479","subcategory":"Health","detail":"https://classic.savi.org/SAVI/PopUps/AssetMoreInfo.aspx?AssetID=811479"}},{"type":"Feature","geometry":{"type":"Point","coordinates":[-86.036184,39.8133395]},"properties":{"name":"VOCA CORPORATION OF INDIANA","assetType":"Intermediate Care Facilities for the Mentally Retarded","dataYear":"2014","assetId":"811474","subcategory":"Health","detail":"https://classic.savi.org/SAVI/PopUps/AssetMoreInfo.aspx?AssetID=811474"}},{"type":"Feature","geometry":{"type":"Point","coordinates":[-86.067853,39.7850337]},"properties":{"name":"VOCA CORPORATION OF INDIANA","assetType":"Intermediate Care Facilities for the Mentally Retarded","dataYear":"2014","assetId":"811481","subcategory":"Health","detail":"https://classic.savi.org/SAVI/PopUps/AssetMoreInfo.aspx?AssetID=811481"}},{"type":"Feature","geometry":{"type":"Point","coordinates":[-86.082745,39.7675683]},"properties":{"name":"VOCA CORPORATION OF INDIANA","assetType":"Intermediate Care Facilities for the Mentally Retarded","dataYear":"2014","assetId":"811476","subcategory":"Health","detail":"https://classic.savi.org/SAVI/PopUps/AssetMoreInfo.aspx?AssetID=811476"}},{"type":"Feature","geometry":{"type":"Point","coordinates":[-86.111406,39.8469579]},"properties":{"name":"VOCA CORPORATION OF INDIANA","assetType":"Intermediate Care Facilities for the Mentally Retarded","dataYear":"2014","assetId":"811482","subcategory":"Health","detail":"https://classic.savi.org/SAVI/PopUps/AssetMoreInfo.aspx?AssetID=811482"}},{"type":"Feature","geometry":{"type":"Point","coordinates":[-86.052445,39.8873198]},"properties":{"name":"VOCA CORPORATION OF INDIANA","assetType":"Intermediate Care Facilities for the Mentally Retarded","dataYear":"2014","assetId":"811477","subcategory":"Health","detail":"https://classic.savi.org/SAVI/PopUps/AssetMoreInfo.aspx?AssetID=811477"}},{"type":"Feature","geometry":{"type":"Point","coordinates":[-86.110571,39.67151]},"properties":{"name":"VOCA CORPORATION OF INDIANA","assetType":"Intermediate Care Facilities for the Mentally Retarded","dataYear":"2014","assetId":"811478","subcategory":"Health","detail":"https://classic.savi.org/SAVI/PopUps/AssetMoreInfo.aspx?AssetID=811478"}},{"type":"Feature","geometry":{"type":"Point","coordinates":[-86.155515,39.9488673]},"properties":{"name":"WARNER TRANSITIONAL SERVICES LLC","assetType":"Intermediate Care Facilities for the Mentally Retarded","dataYear":"2014","assetId":"811483","subcategory":"Health","detail":"https://classic.savi.org/SAVI/PopUps/AssetMoreInfo.aspx?AssetID=811483"}},{"type":"Feature","geometry":{"type":"Point","coordinates":[-86.06049197,39.90210548]},"properties":{"name":"KINDRED HOSPITAL INDIANAPOLIS NORTH","assetType":"Long Term Care Facility","dataYear":"2018","assetId":"924539","subcategory":"Health","detail":"https://classic.savi.org/SAVI/PopUps/AssetMoreInfo.aspx?AssetID=924539"}},{"type":"Feature","geometry":{"type":"Point","coordinates":[-86.19147953,39.78151575]},"properties":{"name":"Kindred Hospital - Indianapolis","assetType":"Long Term Care Facility","dataYear":"2018","assetId":"923450","subcategory":"Health","detail":"https://classic.savi.org/SAVI/PopUps/AssetMoreInfo.aspx?AssetID=923450"}},{"type":"Feature","geometry":{"type":"Point","coordinates":[-86.20419183,39.90164481]},"properties":{"name":"St Vincent Seton Specialty Hospital - Indianapolis","assetType":"Long Term Care Facility","dataYear":"2018","assetId":"924793","subcategory":"Health","detail":"https://classic.savi.org/SAVI/PopUps/AssetMoreInfo.aspx?AssetID=924793"}},{"type":"Feature","geometry":{"type":"Point","coordinates":[-86.27311796,39.77827086]},"properties":{"name":"ASSURANCE HEALTH PSYCHIATRIC HOSPITAL","assetType":"Psychiatric Hospitals","dataYear":"2018","assetId":"923679","subcategory":"Health","detail":"https://classic.savi.org/SAVI/PopUps/AssetMoreInfo.aspx?AssetID=923679"}},{"type":"Feature","geometry":{"type":"Point","coordinates":[-85.72502407,40.03783193]},"properties":{"name":"ASSURANCE HEALTH PSYCHIATRIC HOSPITAL","assetType":"Psychiatric Hospitals","dataYear":"2018","assetId":"924911","subcategory":"Health","detail":"https://classic.savi.org/SAVI/PopUps/AssetMoreInfo.aspx?AssetID=924911"}},{"type":"Feature","geometry":{"type":"Point","coordinates":[-86.20299731,39.80390608]},"properties":{"name":"Larue D Carter Memorial Hospital","assetType":"Psychiatric Hospitals","dataYear":"2018","assetId":"923495","subcategory":"Health","detail":"https://classic.savi.org/SAVI/PopUps/AssetMoreInfo.aspx?AssetID=923495"}},{"type":"Feature","geometry":{"type":"Point","coordinates":[-86.27895003,39.82624742]},"properties":{"name":"NEUROPSYCHIATRIC HOSPITAL OF INDIANAPOLIS LLC","assetType":"Psychiatric Hospitals","dataYear":"2018","assetId":"922921","subcategory":"Health","detail":"https://classic.savi.org/SAVI/PopUps/AssetMoreInfo.aspx?AssetID=922921"}},{"type":"Feature","geometry":{"type":"Point","coordinates":[-86.04351079,39.8557599]},"properties":{"name":"Options Behavioral Health System","assetType":"Psychiatric Hospitals","dataYear":"2018","assetId":"923622","subcategory":"Health","detail":"https://classic.savi.org/SAVI/PopUps/AssetMoreInfo.aspx?AssetID=923622"}},{"type":"Feature","geometry":{"type":"Point","coordinates":[-86.19374706,39.90923726]},"properties":{"name":"St Vincent Stress Center","assetType":"Psychiatric Hospitals","dataYear":"2018","assetId":"924935","subcategory":"Health","detail":"https://classic.savi.org/SAVI/PopUps/AssetMoreInfo.aspx?AssetID=924935"}},{"type":"Feature","geometry":{"type":"Point","coordinates":[-86.08646607,39.61521634]},"properties":{"name":"Valle Vista Health System","assetType":"Psychiatric Hospitals","dataYear":"2018","assetId":"925218","subcategory":"Health","detail":"https://classic.savi.org/SAVI/PopUps/AssetMoreInfo.aspx?AssetID=925218"}},{"type":"Feature","geometry":{"type":"Point","coordinates":[-86.03827051,39.89913384]},"properties":{"name":"Community Health Network Rehabilitation Hospital","assetType":"Rehabilitation Hospitals","dataYear":"2018","assetId":"923502","subcategory":"Health","detail":"https://classic.savi.org/SAVI/PopUps/AssetMoreInfo.aspx?AssetID=923502"}},{"type":"Feature","geometry":{"type":"Point","coordinates":[-86.27975165,39.82902923]},"properties":{"name":"Rehabilitation Hospital of Indiana","assetType":"Rehabilitation Hospitals","dataYear":"2018","assetId":"923229","subcategory":"Health","detail":"https://classic.savi.org/SAVI/PopUps/AssetMoreInfo.aspx?AssetID=923229"}},{"type":"Feature","geometry":{"type":"Point","coordinates":[-86.18767217,39.77965326]},"properties":{"name":"Richard L Roudebush VA Medical Center","assetType":"Veteran's Administration Hospitals","dataYear":"2018","assetId":"930661","subcategory":"Health","detail":"https://classic.savi.org/SAVI/PopUps/AssetMoreInfo.aspx?AssetID=930661"}},{"type":"Feature","geometry":{"type":"Point","coordinates":[-85.9744,39.800665]},"properties":{"name":"AUTUMN GLEN ASSISTED LIVING COMMUNITY","assetType":"Nursing Homes","dataYear":"2013","assetId":"800768","subcategory":"Health","detail":"https://classic.savi.org/SAVI/PopUps/AssetMoreInfo.aspx?AssetID=800768"}},{"type":"Feature","geometry":{"type":"Point","coordinates":[-86.247135,39.84555]},"properties":{"name":"AUTUMN PARK ASSISTED LIVING COMMUNITY","assetType":"Nursing Homes","dataYear":"2013","assetId":"800767","subcategory":"Health","detail":"https://classic.savi.org/SAVI/PopUps/AssetMoreInfo.aspx?AssetID=800767"}},{"type":"Feature","geometry":{"type":"Point","coordinates":[-86.054181,39.91035]},"properties":{"name":"BERKSHIRE OF CASTLETON","assetType":"Nursing Homes","dataYear":"2013","assetId":"800777","subcategory":"Health","detail":"https://classic.savi.org/SAVI/PopUps/AssetMoreInfo.aspx?AssetID=800777"}},{"type":"Feature","geometry":{"type":"Point","coordinates":[-86.208376,39.91301]},"properties":{"name":"BROOKDALE PLACE AT WILLOW LAKE LLC","assetType":"Nursing Homes","dataYear":"2013","assetId":"800779","subcategory":"Health","detail":"https://classic.savi.org/SAVI/PopUps/AssetMoreInfo.aspx?AssetID=800779"}},{"type":"Feature","geometry":{"type":"Point","coordinates":[-86.083951,39.538057]},"properties":{"name":"CHRISTINA HOUSE","assetType":"Nursing Homes","dataYear":"2013","assetId":"800770","subcategory":"Health","detail":"https://classic.savi.org/SAVI/PopUps/AssetMoreInfo.aspx?AssetID=800770"}},{"type":"Feature","geometry":{"type":"Point","coordinates":[-86.160781,39.617835]},"properties":{"name":"COUNTRY CHARM RESIDENTIAL SENIOR COMMUNITY","assetType":"Nursing Homes","dataYear":"2013","assetId":"800782","subcategory":"Health","detail":"https://classic.savi.org/SAVI/PopUps/AssetMoreInfo.aspx?AssetID=800782"}},{"type":"Feature","geometry":{"type":"Point","coordinates":[-86.1522914,39.77559414]},"properties":{"name":"Children s Bureau - Group Homes","assetType":"Children's Residential Treatment Facilities","dataYear":"2007","assetId":"624802","subcategory":"Health","detail":"https://classic.savi.org/SAVI/PopUps/AssetMoreInfo.aspx?AssetID=624802"}},{"type":"Feature","geometry":{"type":"Point","coordinates":[-86.14936278,39.79608833]},"properties":{"name":"Children s Bureau - Secure Residential Care Retreat","assetType":"Children's Residential Treatment Facilities","dataYear":"2007","assetId":"623665","subcategory":"Health","detail":"https://classic.savi.org/SAVI/PopUps/AssetMoreInfo.aspx?AssetID=623665"}},{"type":"Feature","geometry":{"type":"Point","coordinates":[-86.29876376,39.67178473]},"properties":{"name":"Damar Services - Residential Services and Group Home Services","assetType":"Children's Residential Treatment Facilities","dataYear":"2007","assetId":"623827","subcategory":"Health","detail":"https://classic.savi.org/SAVI/PopUps/AssetMoreInfo.aspx?AssetID=623827"}},{"type":"Feature","geometry":{"type":"Point","coordinates":[-86.1522914,39.77559414]},"properties":{"name":"Garrard House Children s Bureau","assetType":"Children's Residential Treatment Facilities","dataYear":"2007","assetId":"624803","subcategory":"Health","detail":"https://classic.savi.org/SAVI/PopUps/AssetMoreInfo.aspx?AssetID=624803"}},{"type":"Feature","geometry":{"type":"Point","coordinates":[-86.073678,39.787962]},"properties":{"name":"Lutherwood Residential Treatment Ctr Lutheran Child & Family","assetType":"Children's Residential Treatment Facilities","dataYear":"2007","assetId":"623659","subcategory":"Health","detail":"https://classic.savi.org/SAVI/PopUps/AssetMoreInfo.aspx?AssetID=623659"}},{"type":"Feature","geometry":{"type":"Point","coordinates":[-86.216261,39.770798]},"properties":{"name":"Resolute - Residential Treatment Program","assetType":"Children's Residential Treatment Facilities","dataYear":"2007","assetId":"624461","subcategory":"Health","detail":"https://classic.savi.org/SAVI/PopUps/AssetMoreInfo.aspx?AssetID=624461"}},{"type":"Feature","geometry":{"type":"Point","coordinates":[-86.073678,39.787962]},"properties":{"name":"Trinity House Lutheran Child & Family","assetType":"Children's Residential Treatment Facilities","dataYear":"2007","assetId":"626320","subcategory":"Health","detail":"https://classic.savi.org/SAVI/PopUps/AssetMoreInfo.aspx?AssetID=626320"}},{"type":"Feature","geometry":{"type":"Point","coordinates":[-86.12088866,39.64491007]},"properties":{"name":"CMHC","assetType":"Community Mental Health Facilities","dataYear":"2018","assetId":"923722","subcategory":"Health","detail":"https://classic.savi.org/SAVI/PopUps/AssetMoreInfo.aspx?AssetID=923722"}},{"type":"Feature","geometry":{"type":"Point","coordinates":[-85.9982451,40.00415246]},"properties":{"name":"CMHC","assetType":"Community Mental Health Facilities","dataYear":"2018","assetId":"924218","subcategory":"Health","detail":"https://classic.savi.org/SAVI/PopUps/AssetMoreInfo.aspx?AssetID=924218"}},{"type":"Feature","geometry":{"type":"Point","coordinates":[-86.15788488,39.77905781]},"properties":{"name":"CMHC","assetType":"Community Mental Health Facilities","dataYear":"2018","assetId":"925031","subcategory":"Health","detail":"https://classic.savi.org/SAVI/PopUps/AssetMoreInfo.aspx?AssetID=925031"}},{"type":"Feature","geometry":{"type":"Point","coordinates":[-86.04720744,39.89624858]},"properties":{"name":"CMHC","assetType":"Community Mental Health Facilities","dataYear":"2018","assetId":"924682","subcategory":"Health","detail":"https://classic.savi.org/SAVI/PopUps/AssetMoreInfo.aspx?AssetID=924682"}},{"type":"Feature","geometry":{"type":"Point","coordinates":[-86.43714354,39.75776723]},"properties":{"name":"CMHC","assetType":"Community Mental Health Facilities","dataYear":"2018","assetId":"924827","subcategory":"Health","detail":"https://classic.savi.org/SAVI/PopUps/AssetMoreInfo.aspx?AssetID=924827"}},{"type":"Feature","geometry":{"type":"Point","coordinates":[-86.043127,39.900168]},"properties":{"name":"Behavioral Health Services - Inpatient Mental Health Care","assetType":"Inpatient Mental Health Services","dataYear":"2011","assetId":"692677","subcategory":"Health","detail":"https://classic.savi.org/SAVI/PopUps/AssetMoreInfo.aspx?AssetID=692677"}},{"type":"Feature","geometry":{"type":"Point","coordinates":[-86.47233056,40.05729667]},"properties":{"name":"Indiana United Methodist Children s Home - Temple Hall","assetType":"Inpatient Mental Health Services","dataYear":"2011","assetId":"692039","subcategory":"Health","detail":"https://classic.savi.org/SAVI/PopUps/AssetMoreInfo.aspx?AssetID=692039"}},{"type":"Feature","geometry":{"type":"Point","coordinates":[-86.20300835,39.80471393]},"properties":{"name":"Larue D Carter Memorial Hospital - Inpatient Mental Health","assetType":"Inpatient Mental Health Services","dataYear":"2011","assetId":"692493","subcategory":"Health","detail":"https://classic.savi.org/SAVI/PopUps/AssetMoreInfo.aspx?AssetID=692493"}},{"type":"Feature","geometry":{"type":"Point","coordinates":[-86.17599944,39.78084944]},"properties":{"name":"Midtown Mental Health Center - Inpatient Treatment","assetType":"Inpatient Mental Health Services","dataYear":"2011","assetId":"692967","subcategory":"Health","detail":"https://classic.savi.org/SAVI/PopUps/AssetMoreInfo.aspx?AssetID=692967"}},{"type":"Feature","geometry":{"type":"Point","coordinates":[-85.76807296,39.79463269]},"properties":{"name":"Reflections - Senior Mental Health Services Hancock Regional Hos","assetType":"Inpatient Mental Health Services","dataYear":"2011","assetId":"693188","subcategory":"Health","detail":"https://classic.savi.org/SAVI/PopUps/AssetMoreInfo.aspx?AssetID=693188"}},{"type":"Feature","geometry":{"type":"Point","coordinates":[-86.18689938,39.77964383]},"properties":{"name":"Roudebush VA Medical Center - Inpatient Mental Health Services","assetType":"Inpatient Mental Health Services","dataYear":"2011","assetId":"692101","subcategory":"Health","detail":"https://classic.savi.org/SAVI/PopUps/AssetMoreInfo.aspx?AssetID=692101"}},{"type":"Feature","geometry":{"type":"Point","coordinates":[-86.47459009,40.07472812]},"properties":{"name":"Transitions Senior Behavioral Health Unit Witham Hospital","assetType":"Inpatient Mental Health Services","dataYear":"2011","assetId":"693553","subcategory":"Health","detail":"https://classic.savi.org/SAVI/PopUps/AssetMoreInfo.aspx?AssetID=693553"}},{"type":"Feature","geometry":{"type":"Point","coordinates":[-86.15917106,39.78950725]},"properties":{"name":"MIDTOWN 1700 PLACE","assetType":"Mental Health Drop-In Centers","dataYear":"2013","assetId":"799702","subcategory":"Health","detail":"https://classic.savi.org/SAVI/PopUps/AssetMoreInfo.aspx?AssetID=799702"}},{"type":"Feature","geometry":{"type":"Point","coordinates":[-86.15358963,39.77012984]},"properties":{"name":"ADULT AND CHILD - EAST OHIO STREET","assetType":"Outpatient Mental Health Services","dataYear":"2018","assetId":"917223","subcategory":"Health","detail":"https://classic.savi.org/SAVI/PopUps/AssetMoreInfo.aspx?AssetID=917223"}},{"type":"Feature","geometry":{"type":"Point","coordinates":[-86.06733652,39.49579157]},"properties":{"name":"ADULT AND CHILD - FRANKLIN","assetType":"Outpatient Mental Health Services","dataYear":"2018","assetId":"917412","subcategory":"Health","detail":"https://classic.savi.org/SAVI/PopUps/AssetMoreInfo.aspx?AssetID=917412"}},{"type":"Feature","geometry":{"type":"Point","coordinates":[-86.12088866,39.64491007]},"properties":{"name":"ADULT AND CHILD - MADISON AVENUE","assetType":"Outpatient Mental Health Services","dataYear":"2018","assetId":"917346","subcategory":"Health","detail":"https://classic.savi.org/SAVI/PopUps/AssetMoreInfo.aspx?AssetID=917346"}},{"type":"Feature","geometry":{"type":"Point","coordinates":[-85.68229669,40.09583402]},"properties":{"name":"ASPIRE INDIANA - ANDERSON","assetType":"Outpatient Mental Health Services","dataYear":"2018","assetId":"917238","subcategory":"Health","detail":"https://classic.savi.org/SAVI/PopUps/AssetMoreInfo.aspx?AssetID=917238"}},{"type":"Feature","geometry":{"type":"Point","coordinates":[-86.13899502,39.98374275]},"properties":{"name":"ASPIRE INDIANA - CARMEL","assetType":"Outpatient Mental Health Services","dataYear":"2018","assetId":"917164","subcategory":"Health","detail":"https://classic.savi.org/SAVI/PopUps/AssetMoreInfo.aspx?AssetID=917164"}},{"type":"Feature","geometry":{"type":"Point","coordinates":[-86.12041071,39.84271932]},"properties":{"name":"ASPIRE INDIANA - INDIANAPOLIS","assetType":"Outpatient Mental Health Services","dataYear":"2018","assetId":"917155","subcategory":"Health","detail":"https://classic.savi.org/SAVI/PopUps/AssetMoreInfo.aspx?AssetID=917155"}},{"type":"Feature","geometry":{"type":"Point","coordinates":[-86.48687575,40.04879108]},"properties":{"name":"ASPIRE INDIANA - LEBANON","assetType":"Outpatient Mental Health Services","dataYear":"2018","assetId":"917163","subcategory":"Health","detail":"https://classic.savi.org/SAVI/PopUps/AssetMoreInfo.aspx?AssetID=917163"}},{"type":"Feature","geometry":{"type":"Point","coordinates":[-85.99376915,40.04869042]},"properties":{"name":"ASPIRE INDIANA - NOBLESVILLE","assetType":"Outpatient Mental Health Services","dataYear":"2018","assetId":"917231","subcategory":"Health","detail":"https://classic.savi.org/SAVI/PopUps/AssetMoreInfo.aspx?AssetID=917231"}},{"type":"Feature","geometry":{"type":"Point","coordinates":[-86.44161885,39.4037522]},"properties":{"name":"CENTERSTONE - MARTINSVILLE OUTPATIENT OFFICE","assetType":"Outpatient Mental Health Services","dataYear":"2018","assetId":"916945","subcategory":"Health","detail":"https://classic.savi.org/SAVI/PopUps/AssetMoreInfo.aspx?AssetID=916945"}},{"type":"Feature","geometry":{"type":"Point","coordinates":[-86.22685911,39.20773146]},"properties":{"name":"CENTERSTONE - NASHVILLE OUTPATIENT OFFICE","assetType":"Outpatient Mental Health Services","dataYear":"2018","assetId":"916886","subcategory":"Health","detail":"https://classic.savi.org/SAVI/PopUps/AssetMoreInfo.aspx?AssetID=916886"}},{"type":"Feature","geometry":{"type":"Point","coordinates":[-86.04722432,39.89628555]},"properties":{"name":"COMMUNITY BEHAVIORAL HEALTH - LAWRENCE TOWNSHIP","assetType":"Outpatient Mental Health Services","dataYear":"2018","assetId":"921280","subcategory":"Health","detail":"https://classic.savi.org/SAVI/PopUps/AssetMoreInfo.aspx?AssetID=921280"}},{"type":"Feature","geometry":{"type":"Point","coordinates":[-85.77213352,39.80378423]},"properties":{"name":"COMMUNITY BEHAVIORAL HEALTH HANCOCK COUNTY","assetType":"Outpatient Mental Health Services","dataYear":"2018","assetId":"921292","subcategory":"Health","detail":"https://classic.savi.org/SAVI/PopUps/AssetMoreInfo.aspx?AssetID=921292"}},{"type":"Feature","geometry":{"type":"Point","coordinates":[-85.65283593,40.08415418]},"properties":{"name":"COMMUNITY BEHAVIORAL HEALTH MADISON COUNTY","assetType":"Outpatient Mental Health Services","dataYear":"2018","assetId":"921449","subcategory":"Health","detail":"https://classic.savi.org/SAVI/PopUps/AssetMoreInfo.aspx?AssetID=921449"}},{"type":"Feature","geometry":{"type":"Point","coordinates":[-85.65283593,40.08415418]},"properties":{"name":"COMMUNITY BEHAVIORAL HEALTH MADISON COUNTY","assetType":"Outpatient Mental Health Services","dataYear":"2018","assetId":"918975","subcategory":"Health","detail":"https://classic.savi.org/SAVI/PopUps/AssetMoreInfo.aspx?AssetID=918975"}},{"type":"Feature","geometry":{"type":"Point","coordinates":[-85.776483,39.52194454]},"properties":{"name":"COMMUNITY BEHAVIORAL HEALTH SHELBY COUNTY","assetType":"Outpatient Mental Health Services","dataYear":"2018","assetId":"921512","subcategory":"Health","detail":"https://classic.savi.org/SAVI/PopUps/AssetMoreInfo.aspx?AssetID=921512"}},{"type":"Feature","geometry":{"type":"Point","coordinates":[-86.14014623,39.63583397]},"properties":{"name":"COMMUNITY BEHAVIORAL HEALTH SOUTHPOINTE","assetType":"Outpatient Mental Health Services","dataYear":"2018","assetId":"921502","subcategory":"Health","detail":"https://classic.savi.org/SAVI/PopUps/AssetMoreInfo.aspx?AssetID=921502"}},{"type":"Feature","geometry":{"type":"Point","coordinates":[-86.04562298,39.7955586]},"properties":{"name":"COMMUNITY HEALTH PAVILION SHADELAND","assetType":"Outpatient Mental Health Services","dataYear":"2018","assetId":"921441","subcategory":"Health","detail":"https://classic.savi.org/SAVI/PopUps/AssetMoreInfo.aspx?AssetID=921441"}},{"type":"Feature","geometry":{"type":"Point","coordinates":[-86.04562298,39.7955586]},"properties":{"name":"COMMUNITY HEALTH PAVILION SHADELAND","assetType":"Outpatient Mental Health Services","dataYear":"2018","assetId":"921359","subcategory":"Health","detail":"https://classic.savi.org/SAVI/PopUps/AssetMoreInfo.aspx?AssetID=921359"}},{"type":"Feature","geometry":{"type":"Point","coordinates":[-86.04838187,39.4810965]},"properties":{"name":"CREATIVE COUNSELING","assetType":"Outpatient Mental Health Services","dataYear":"2018","assetId":"918758","subcategory":"Health","detail":"https://classic.savi.org/SAVI/PopUps/AssetMoreInfo.aspx?AssetID=918758"}},{"type":"Feature","geometry":{"type":"Point","coordinates":[-86.40685552,39.76168598]},"properties":{"name":"CUMMINS BEHAVIORAL HEALTH SYSTEMS - AVON","assetType":"Outpatient Mental Health Services","dataYear":"2018","assetId":"920172","subcategory":"Health","detail":"https://classic.savi.org/SAVI/PopUps/AssetMoreInfo.aspx?AssetID=920172"}},{"type":"Feature","geometry":{"type":"Point","coordinates":[-86.85004955,39.61899858]},"properties":{"name":"CUMMINS BEHAVIORAL HEALTH SYSTEMS - GREENCASTLE","assetType":"Outpatient Mental Health Services","dataYear":"2018","assetId":"920233","subcategory":"Health","detail":"https://classic.savi.org/SAVI/PopUps/AssetMoreInfo.aspx?AssetID=920233"}},{"type":"Feature","geometry":{"type":"Point","coordinates":[-86.25713815,39.73214172]},"properties":{"name":"CUMMINS BEHAVIORAL HEALTH SYSTEMS - INDIANAPOLIS","assetType":"Outpatient Mental Health Services","dataYear":"2018","assetId":"920171","subcategory":"Health","detail":"https://classic.savi.org/SAVI/PopUps/AssetMoreInfo.aspx?AssetID=920171"}},{"type":"Feature","geometry":{"type":"Point","coordinates":[-86.45205511,40.02943395]},"properties":{"name":"CUMMINS BEHAVIORAL HEALTH SYSTEMS - LEBANON","assetType":"Outpatient Mental Health Services","dataYear":"2018","assetId":"920299","subcategory":"Health","detail":"https://classic.savi.org/SAVI/PopUps/AssetMoreInfo.aspx?AssetID=920299"}},{"type":"Feature","geometry":{"type":"Point","coordinates":[-86.13944954,39.76657632]},"properties":{"name":"HORIZON HOUSE","assetType":"Outpatient Mental Health Services","dataYear":"2018","assetId":"921938","subcategory":"Health","detail":"https://classic.savi.org/SAVI/PopUps/AssetMoreInfo.aspx?AssetID=921938"}},{"type":"Feature","geometry":{"type":"Point","coordinates":[-86.12041071,39.84271932]},"properties":{"name":"MERIDIAN HEALTH SERVICES - INDIANAPOLIS","assetType":"Outpatient Mental Health Services","dataYear":"2018","assetId":"920056","subcategory":"Health","detail":"https://classic.savi.org/SAVI/PopUps/AssetMoreInfo.aspx?AssetID=920056"}},{"type":"Feature","geometry":{"type":"Point","coordinates":[-86.15923122,39.78980593]},"properties":{"name":"MIDTOWN COMMUNITY MENTAL HEALTH - DR JAMES J WRIGHT CENTER","assetType":"Outpatient Mental Health Services","dataYear":"2018","assetId":"919455","subcategory":"Health","detail":"https://classic.savi.org/SAVI/PopUps/AssetMoreInfo.aspx?AssetID=919455"}},{"type":"Feature","geometry":{"type":"Point","coordinates":[-86.18300487,39.77744769]},"properties":{"name":"MIDTOWN COMMUNITY MENTAL HEALTH - ESKENAZI HEALTH","assetType":"Outpatient Mental Health Services","dataYear":"2018","assetId":"919458","subcategory":"Health","detail":"https://classic.savi.org/SAVI/PopUps/AssetMoreInfo.aspx?AssetID=919458"}},{"type":"Feature","geometry":{"type":"Point","coordinates":[-86.15049668,39.81727883]},"properties":{"name":"RAPHAEL HEALTH CENTER","assetType":"Outpatient Mental Health Services","dataYear":"2018","assetId":"917685","subcategory":"Health","detail":"https://classic.savi.org/SAVI/PopUps/AssetMoreInfo.aspx?AssetID=917685"}},{"type":"Feature","geometry":{"type":"Point","coordinates":[-86.08301233,39.61125377]},"properties":{"name":"SERENITY COUNSELING","assetType":"Outpatient Mental Health Services","dataYear":"2018","assetId":"918721","subcategory":"Health","detail":"https://classic.savi.org/SAVI/PopUps/AssetMoreInfo.aspx?AssetID=918721"}},{"type":"Feature","geometry":{"type":"Point","coordinates":[-86.40571157,39.7625219]},"properties":{"name":"CUMMINS BEHAVIORAL HEALTH SYSTEMS - AVON","assetType":"Residential Treatment Facilities","dataYear":"2012","assetId":"784922","subcategory":"Health","detail":"https://classic.savi.org/SAVI/PopUps/AssetMoreInfo.aspx?AssetID=784922"}},{"type":"Feature","geometry":{"type":"Point","coordinates":[-86.8491101,39.61888127]},"properties":{"name":"CUMMINS BEHAVIORAL HEALTH SYSTEMS - GREENCASTLE","assetType":"Residential Treatment Facilities","dataYear":"2012","assetId":"784923","subcategory":"Health","detail":"https://classic.savi.org/SAVI/PopUps/AssetMoreInfo.aspx?AssetID=784923"}},{"type":"Feature","geometry":{"type":"Point","coordinates":[-86.25010742,39.73250815]},"properties":{"name":"CUMMINS BEHAVIORAL HEALTH SYSTEMS - INDIANAPOLIS","assetType":"Residential Treatment Facilities","dataYear":"2012","assetId":"784924","subcategory":"Health","detail":"https://classic.savi.org/SAVI/PopUps/AssetMoreInfo.aspx?AssetID=784924"}},{"type":"Feature","geometry":{"type":"Point","coordinates":[-86.467945,40.039802]},"properties":{"name":"CUMMINS BEHAVIORAL HEALTH SYSTEMS - LEBANON","assetType":"Residential Treatment Facilities","dataYear":"2012","assetId":"784925","subcategory":"Health","detail":"https://classic.savi.org/SAVI/PopUps/AssetMoreInfo.aspx?AssetID=784925"}},{"type":"Feature","geometry":{"type":"Point","coordinates":[-86.0834926,39.616084]},"properties":{"name":"AMBULATORY SURGERY CENTER AT THE INDIANA EYE CLINI","assetType":"Ambulatory Surgery Centers","dataYear":"2018","assetId":"923788","subcategory":"Health","detail":"https://classic.savi.org/SAVI/PopUps/AssetMoreInfo.aspx?AssetID=923788"}},{"type":"Feature","geometry":{"type":"Point","coordinates":[-86.16172865,39.93676128]},"properties":{"name":"BELTWAY SURGERY CENTER SPRING MILL","assetType":"Ambulatory Surgery Centers","dataYear":"2018","assetId":"925082","subcategory":"Health","detail":"https://classic.savi.org/SAVI/PopUps/AssetMoreInfo.aspx?AssetID=925082"}},{"type":"Feature","geometry":{"type":"Point","coordinates":[-86.15467772,39.93178297]},"properties":{"name":"BELTWAY SURGERY CENTERS LLC","assetType":"Ambulatory Surgery Centers","dataYear":"2018","assetId":"924244","subcategory":"Health","detail":"https://classic.savi.org/SAVI/PopUps/AssetMoreInfo.aspx?AssetID=924244"}},{"type":"Feature","geometry":{"type":"Point","coordinates":[-86.16135496,39.79327162]},"properties":{"name":"CAPITOL STREET SURGERY CENTER","assetType":"Ambulatory Surgery Centers","dataYear":"2018","assetId":"924616","subcategory":"Health","detail":"https://classic.savi.org/SAVI/PopUps/AssetMoreInfo.aspx?AssetID=924616"}},{"type":"Feature","geometry":{"type":"Point","coordinates":[-86.14193563,39.98054964]},"properties":{"name":"CARMEL AMBULATORY SURGERY CENTER LLC THE","assetType":"Ambulatory Surgery Centers","dataYear":"2018","assetId":"925266","subcategory":"Health","detail":"https://classic.savi.org/SAVI/PopUps/AssetMoreInfo.aspx?AssetID=925266"}},{"type":"Feature","geometry":{"type":"Point","coordinates":[-86.16073784,39.95541951]},"properties":{"name":"CARMEL SPECIALTY SURGERY CENTER LLC","assetType":"Ambulatory Surgery Centers","dataYear":"2018","assetId":"923007","subcategory":"Health","detail":"https://classic.savi.org/SAVI/PopUps/AssetMoreInfo.aspx?AssetID=923007"}},{"type":"Feature","geometry":{"type":"Point","coordinates":[-86.09511095,39.63428278]},"properties":{"name":"CENTER FOR SOUTHSIDE SURGERY LLC","assetType":"Ambulatory Surgery Centers","dataYear":"2018","assetId":"924181","subcategory":"Health","detail":"https://classic.savi.org/SAVI/PopUps/AssetMoreInfo.aspx?AssetID=924181"}},{"type":"Feature","geometry":{"type":"Point","coordinates":[-86.15742275,39.91612814]},"properties":{"name":"CENTER FOR SPECIAL SURGERY LLC","assetType":"Ambulatory Surgery Centers","dataYear":"2018","assetId":"925197","subcategory":"Health","detail":"https://classic.savi.org/SAVI/PopUps/AssetMoreInfo.aspx?AssetID=925197"}},{"type":"Feature","geometry":{"type":"Point","coordinates":[-86.15850204,39.91870656]},"properties":{"name":"CENTRAL INDIANA SURGERY CENTER","assetType":"Ambulatory Surgery Centers","dataYear":"2018","assetId":"923906","subcategory":"Health","detail":"https://classic.savi.org/SAVI/PopUps/AssetMoreInfo.aspx?AssetID=923906"}},{"type":"Feature","geometry":{"type":"Point","coordinates":[-85.69735471,40.13038941]},"properties":{"name":"COMMUNITY DIGESTIVE CENTER ANDERSON","assetType":"Ambulatory Surgery Centers","dataYear":"2018","assetId":"923559","subcategory":"Health","detail":"https://classic.savi.org/SAVI/PopUps/AssetMoreInfo.aspx?AssetID=923559"}},{"type":"Feature","geometry":{"type":"Point","coordinates":[-86.07583377,39.78879616]},"properties":{"name":"COMMUNITY SURGERY CENTER EAST","assetType":"Ambulatory Surgery Centers","dataYear":"2018","assetId":"924587","subcategory":"Health","detail":"https://classic.savi.org/SAVI/PopUps/AssetMoreInfo.aspx?AssetID=924587"}},{"type":"Feature","geometry":{"type":"Point","coordinates":[-85.99637917,40.00123174]},"properties":{"name":"COMMUNITY SURGERY CENTER HAMILTON","assetType":"Ambulatory Surgery Centers","dataYear":"2018","assetId":"923257","subcategory":"Health","detail":"https://classic.savi.org/SAVI/PopUps/AssetMoreInfo.aspx?AssetID=923257"}},{"type":"Feature","geometry":{"type":"Point","coordinates":[-86.03945558,39.90109699]},"properties":{"name":"COMMUNITY SURGERY CENTER NORTH","assetType":"Ambulatory Surgery Centers","dataYear":"2018","assetId":"924422","subcategory":"Health","detail":"https://classic.savi.org/SAVI/PopUps/AssetMoreInfo.aspx?AssetID=924422"}},{"type":"Feature","geometry":{"type":"Point","coordinates":[-86.20213532,39.91415446]},"properties":{"name":"COMMUNITY SURGERY CENTER NORTHWEST","assetType":"Ambulatory Surgery Centers","dataYear":"2018","assetId":"924245","subcategory":"Health","detail":"https://classic.savi.org/SAVI/PopUps/AssetMoreInfo.aspx?AssetID=924245"}},{"type":"Feature","geometry":{"type":"Point","coordinates":[-86.13179338,39.63566935]},"properties":{"name":"COMMUNITY SURGERY CENTER SOUTH","assetType":"Ambulatory Surgery Centers","dataYear":"2018","assetId":"922928","subcategory":"Health","detail":"https://classic.savi.org/SAVI/PopUps/AssetMoreInfo.aspx?AssetID=922928"}},{"type":"Feature","geometry":{"type":"Point","coordinates":[-86.11846593,39.96080538]},"properties":{"name":"DIGESTIVE HEALTH CENTER","assetType":"Ambulatory Surgery Centers","dataYear":"2018","assetId":"924896","subcategory":"Health","detail":"https://classic.savi.org/SAVI/PopUps/AssetMoreInfo.aspx?AssetID=924896"}},{"type":"Feature","geometry":{"type":"Point","coordinates":[-86.28178943,39.82674012]},"properties":{"name":"EAGLE HIGHLANDS SURGERY CENTER","assetType":"Ambulatory Surgery Centers","dataYear":"2018","assetId":"923907","subcategory":"Health","detail":"https://classic.savi.org/SAVI/PopUps/AssetMoreInfo.aspx?AssetID=923907"}},{"type":"Feature","geometry":{"type":"Point","coordinates":[-85.99476195,39.77659189]},"properties":{"name":"EAST WASHINGTON SURGERY CENTER","assetType":"Ambulatory Surgery Centers","dataYear":"2018","assetId":"924021","subcategory":"Health","detail":"https://classic.savi.org/SAVI/PopUps/AssetMoreInfo.aspx?AssetID=924021"}},{"type":"Feature","geometry":{"type":"Point","coordinates":[-86.14193563,39.98054964]},"properties":{"name":"ENDOSCOPY CENTER LLC","assetType":"Ambulatory Surgery Centers","dataYear":"2018","assetId":"923037","subcategory":"Health","detail":"https://classic.savi.org/SAVI/PopUps/AssetMoreInfo.aspx?AssetID=923037"}},{"type":"Feature","geometry":{"type":"Point","coordinates":[-86.28967763,39.84646552]},"properties":{"name":"FRANCISCAN SURGERY CENTER LLC","assetType":"Ambulatory Surgery Centers","dataYear":"2018","assetId":"923373","subcategory":"Health","detail":"https://classic.savi.org/SAVI/PopUps/AssetMoreInfo.aspx?AssetID=923373"}},{"type":"Feature","geometry":{"type":"Point","coordinates":[-86.175669,39.77529036]},"properties":{"name":"GLEN LEHMAN ENDOSCOPY SUITE","assetType":"Ambulatory Surgery Centers","dataYear":"2018","assetId":"923925","subcategory":"Health","detail":"https://classic.savi.org/SAVI/PopUps/AssetMoreInfo.aspx?AssetID=923925"}},{"type":"Feature","geometry":{"type":"Point","coordinates":[-85.76789305,39.79426966]},"properties":{"name":"HANCOCK SURGERY CENTER","assetType":"Ambulatory Surgery Centers","dataYear":"2018","assetId":"923448","subcategory":"Health","detail":"https://classic.savi.org/SAVI/PopUps/AssetMoreInfo.aspx?AssetID=923448"}},{"type":"Feature","geometry":{"type":"Point","coordinates":[-86.34340501,39.77861608]},"properties":{"name":"INDIANA ENDOSCOPY CENTERS","assetType":"Ambulatory Surgery Centers","dataYear":"2018","assetId":"924750","subcategory":"Health","detail":"https://classic.savi.org/SAVI/PopUps/AssetMoreInfo.aspx?AssetID=924750"}},{"type":"Feature","geometry":{"type":"Point","coordinates":[-86.16517168,39.79039732]},"properties":{"name":"INDIANA ENDOSCOPY CENTERS","assetType":"Ambulatory Surgery Centers","dataYear":"2018","assetId":"924447","subcategory":"Health","detail":"https://classic.savi.org/SAVI/PopUps/AssetMoreInfo.aspx?AssetID=924447"}},{"type":"Feature","geometry":{"type":"Point","coordinates":[-86.19374669,39.91014767]},"properties":{"name":"INDIANA HAND TO SHOULDER BELTWAY SURGERY CENTER","assetType":"Ambulatory Surgery Centers","dataYear":"2018","assetId":"922995","subcategory":"Health","detail":"https://classic.savi.org/SAVI/PopUps/AssetMoreInfo.aspx?AssetID=922995"}},{"type":"Feature","geometry":{"type":"Point","coordinates":[-86.09070407,39.63495787]},"properties":{"name":"INDIANA SKIN CANCER AMBULATORY SURGICAL CENTER LLC","assetType":"Ambulatory Surgery Centers","dataYear":"2018","assetId":"924016","subcategory":"Health","detail":"https://classic.savi.org/SAVI/PopUps/AssetMoreInfo.aspx?AssetID=924016"}},{"type":"Feature","geometry":{"type":"Point","coordinates":[-86.02121604,39.85437133]},"properties":{"name":"INDIANAPOLIS ENDOSCOPY CENTER LLP","assetType":"Ambulatory Surgery Centers","dataYear":"2018","assetId":"925120","subcategory":"Health","detail":"https://classic.savi.org/SAVI/PopUps/AssetMoreInfo.aspx?AssetID=925120"}},{"type":"Feature","geometry":{"type":"Point","coordinates":[-86.16007387,39.94197939]},"properties":{"name":"MERIDIAN PLASTIC SURGERY CENTER","assetType":"Ambulatory Surgery Centers","dataYear":"2018","assetId":"924305","subcategory":"Health","detail":"https://classic.savi.org/SAVI/PopUps/AssetMoreInfo.aspx?AssetID=924305"}},{"type":"Feature","geometry":{"type":"Point","coordinates":[-86.1597511,39.63776981]},"properties":{"name":"MERIDIAN SOUTH SURGERY CENTER","assetType":"Ambulatory Surgery Centers","dataYear":"2018","assetId":"924664","subcategory":"Health","detail":"https://classic.savi.org/SAVI/PopUps/AssetMoreInfo.aspx?AssetID=924664"}},{"type":"Feature","geometry":{"type":"Point","coordinates":[-86.28091826,39.68687926]},"properties":{"name":"MIDWEST SPECIALTY SURGERY CENTER LLC","assetType":"Ambulatory Surgery Centers","dataYear":"2018","assetId":"924674","subcategory":"Health","detail":"https://classic.savi.org/SAVI/PopUps/AssetMoreInfo.aspx?AssetID=924674"}},{"type":"Feature","geometry":{"type":"Point","coordinates":[-86.35506715,39.60670703]},"properties":{"name":"MOORESVILLE ENDOSCOPY CENTER LLC","assetType":"Ambulatory Surgery Centers","dataYear":"2018","assetId":"924575","subcategory":"Health","detail":"https://classic.savi.org/SAVI/PopUps/AssetMoreInfo.aspx?AssetID=924575"}},{"type":"Feature","geometry":{"type":"Point","coordinates":[-86.198389,39.90641738]},"properties":{"name":"NAAB ROAD SURGERY CENTER LLC","assetType":"Ambulatory Surgery Centers","dataYear":"2018","assetId":"924549","subcategory":"Health","detail":"https://classic.savi.org/SAVI/PopUps/AssetMoreInfo.aspx?AssetID=924549"}},{"type":"Feature","geometry":{"type":"Point","coordinates":[-86.15339751,39.98048538]},"properties":{"name":"NORTH MERIDIAN SURGERY CENTER","assetType":"Ambulatory Surgery Centers","dataYear":"2018","assetId":"924747","subcategory":"Health","detail":"https://classic.savi.org/SAVI/PopUps/AssetMoreInfo.aspx?AssetID=924747"}},{"type":"Feature","geometry":{"type":"Point","coordinates":[-86.1993285,39.90986517]},"properties":{"name":"NORTHSIDE GASTROENTEROLOGY ENDOSCOPY CENTER LLC","assetType":"Ambulatory Surgery Centers","dataYear":"2018","assetId":"922969","subcategory":"Health","detail":"https://classic.savi.org/SAVI/PopUps/AssetMoreInfo.aspx?AssetID=922969"}},{"type":"Feature","geometry":{"type":"Point","coordinates":[-86.18009735,39.77739713]},"properties":{"name":"ROC SURGERY LLC","assetType":"Ambulatory Surgery Centers","dataYear":"2018","assetId":"925002","subcategory":"Health","detail":"https://classic.savi.org/SAVI/PopUps/AssetMoreInfo.aspx?AssetID=925002"}},{"type":"Feature","geometry":{"type":"Point","coordinates":[-85.9290354,39.98680898]},"properties":{"name":"SAXONY SURGERY CENTER","assetType":"Ambulatory Surgery Centers","dataYear":"2018","assetId":"923411","subcategory":"Health","detail":"https://classic.savi.org/SAVI/PopUps/AssetMoreInfo.aspx?AssetID=923411"}},{"type":"Feature","geometry":{"type":"Point","coordinates":[-86.16517168,39.79039732]},"properties":{"name":"SENATE STREET SURGERY CENTER LLC","assetType":"Ambulatory Surgery Centers","dataYear":"2018","assetId":"925117","subcategory":"Health","detail":"https://classic.savi.org/SAVI/PopUps/AssetMoreInfo.aspx?AssetID=925117"}},{"type":"Feature","geometry":{"type":"Point","coordinates":[-86.00603756,39.48504371]},"properties":{"name":"SOUTH CENTRAL SURGERY CENTER LLC","assetType":"Ambulatory Surgery Centers","dataYear":"2018","assetId":"923628","subcategory":"Health","detail":"https://classic.savi.org/SAVI/PopUps/AssetMoreInfo.aspx?AssetID=923628"}},{"type":"Feature","geometry":{"type":"Point","coordinates":[-86.08081811,39.64699602]},"properties":{"name":"SOUTH EMERSON SURGERY CENTER","assetType":"Ambulatory Surgery Centers","dataYear":"2018","assetId":"923045","subcategory":"Health","detail":"https://classic.savi.org/SAVI/PopUps/AssetMoreInfo.aspx?AssetID=923045"}},{"type":"Feature","geometry":{"type":"Point","coordinates":[-86.35506715,39.60670703]},"properties":{"name":"ST FRANCIS MOORESVILLE SURGERY CENTER LLC","assetType":"Ambulatory Surgery Centers","dataYear":"2018","assetId":"923641","subcategory":"Health","detail":"https://classic.savi.org/SAVI/PopUps/AssetMoreInfo.aspx?AssetID=923641"}},{"type":"Feature","geometry":{"type":"Point","coordinates":[-86.15919245,39.96701522]},"properties":{"name":"SURGERY CENTER OF CARMEL THE","assetType":"Ambulatory Surgery Centers","dataYear":"2018","assetId":"924432","subcategory":"Health","detail":"https://classic.savi.org/SAVI/PopUps/AssetMoreInfo.aspx?AssetID=924432"}},{"type":"Feature","geometry":{"type":"Point","coordinates":[-86.15716732,39.79202897]},"properties":{"name":"SURGERY CENTER OF EYE SPECIALISTS OF INDIANA","assetType":"Ambulatory Surgery Centers","dataYear":"2018","assetId":"924787","subcategory":"Health","detail":"https://classic.savi.org/SAVI/PopUps/AssetMoreInfo.aspx?AssetID=924787"}},{"type":"Feature","geometry":{"type":"Point","coordinates":[-86.19513584,39.9126055]},"properties":{"name":"SURGERY CENTER OF EYE SPECIALISTS OF INDIANA PC","assetType":"Ambulatory Surgery Centers","dataYear":"2018","assetId":"923754","subcategory":"Health","detail":"https://classic.savi.org/SAVI/PopUps/AssetMoreInfo.aspx?AssetID=923754"}},{"type":"Feature","geometry":{"type":"Point","coordinates":[-86.04706893,39.88911585]},"properties":{"name":"SURGERY CENTER PLUS","assetType":"Ambulatory Surgery Centers","dataYear":"2018","assetId":"924142","subcategory":"Health","detail":"https://classic.savi.org/SAVI/PopUps/AssetMoreInfo.aspx?AssetID=924142"}},{"type":"Feature","geometry":{"type":"Point","coordinates":[-86.15814558,39.9211519]},"properties":{"name":"SURGICAL CARE CENTER INC","assetType":"Ambulatory Surgery Centers","dataYear":"2018","assetId":"923186","subcategory":"Health","detail":"https://classic.savi.org/SAVI/PopUps/AssetMoreInfo.aspx?AssetID=923186"}},{"type":"Feature","geometry":{"type":"Point","coordinates":[-86.08913157,39.90469174]},"properties":{"name":"SYCAMORE SPRINGS SURGERY CENTER LLC","assetType":"Ambulatory Surgery Centers","dataYear":"2018","assetId":"924505","subcategory":"Health","detail":"https://classic.savi.org/SAVI/PopUps/AssetMoreInfo.aspx?AssetID=924505"}},{"type":"Feature","geometry":{"type":"Point","coordinates":[-86.08251886,39.65058419]},"properties":{"name":"THE ENDOSCOPY CENTER AT ST FRANCIS LLC","assetType":"Ambulatory Surgery Centers","dataYear":"2018","assetId":"924655","subcategory":"Health","detail":"https://classic.savi.org/SAVI/PopUps/AssetMoreInfo.aspx?AssetID=924655"}},{"type":"Feature","geometry":{"type":"Point","coordinates":[-85.7066854,40.1095738]},"properties":{"name":"ANIMAL PROTECTION LEAGUE","assetType":"Animal Shelters","dataYear":"2018","assetId":"920267","subcategory":"Health","detail":"https://classic.savi.org/SAVI/PopUps/AssetMoreInfo.aspx?AssetID=920267"}},{"type":"Feature","geometry":{"type":"Point","coordinates":[-85.76731234,39.7760763]},"properties":{"name":"GREENFIELD HANCOCK COUNTY ANIMAL MANAGEMENT","assetType":"Animal Shelters","dataYear":"2018","assetId":"919165","subcategory":"Health","detail":"https://classic.savi.org/SAVI/PopUps/AssetMoreInfo.aspx?AssetID=919165"}},{"type":"Feature","geometry":{"type":"Point","coordinates":[-86.50178354,39.75688601]},"properties":{"name":"HENDRICKS COUNTY ANIMAL CONTROL SHELTER","assetType":"Animal Shelters","dataYear":"2018","assetId":"922227","subcategory":"Health","detail":"https://classic.savi.org/SAVI/PopUps/AssetMoreInfo.aspx?AssetID=922227"}},{"type":"Feature","geometry":{"type":"Point","coordinates":[-86.00278671,40.03911443]},"properties":{"name":"HUMANE SOCIETY FOR HAMILTON COUNTY","assetType":"Animal Shelters","dataYear":"2018","assetId":"922250","subcategory":"Health","detail":"https://classic.savi.org/SAVI/PopUps/AssetMoreInfo.aspx?AssetID=922250"}},{"type":"Feature","geometry":{"type":"Point","coordinates":[-86.21594935,39.89786331]},"properties":{"name":"HUMANE SOCIETY OF INDIANAPOLIS","assetType":"Animal Shelters","dataYear":"2018","assetId":"918312","subcategory":"Health","detail":"https://classic.savi.org/SAVI/PopUps/AssetMoreInfo.aspx?AssetID=918312"}},{"type":"Feature","geometry":{"type":"Point","coordinates":[-86.18838444,39.72953397]},"properties":{"name":"INDIANAPOLIS ANIMAL CARE SERVICES","assetType":"Animal Shelters","dataYear":"2018","assetId":"919715","subcategory":"Health","detail":"https://classic.savi.org/SAVI/PopUps/AssetMoreInfo.aspx?AssetID=919715"}},{"type":"Feature","geometry":{"type":"Point","coordinates":[-86.05606314,39.50972067]},"properties":{"name":"JOHNSON COUNTY ANIMAL CONTROL","assetType":"Animal Shelters","dataYear":"2018","assetId":"921606","subcategory":"Health","detail":"https://classic.savi.org/SAVI/PopUps/AssetMoreInfo.aspx?AssetID=921606"}},{"type":"Feature","geometry":{"type":"Point","coordinates":[-86.43765809,39.4227302]},"properties":{"name":"MORGAN COUNTY HUMANE SOCIETY","assetType":"Animal Shelters","dataYear":"2018","assetId":"922275","subcategory":"Health","detail":"https://classic.savi.org/SAVI/PopUps/AssetMoreInfo.aspx?AssetID=922275"}},{"type":"Feature","geometry":{"type":"Point","coordinates":[-85.79471301,39.51774656]},"properties":{"name":"SHELBYVILLE-SHELBY COUNTY ANIMAL SHELTER","assetType":"Animal Shelters","dataYear":"2018","assetId":"917609","subcategory":"Health","detail":"https://classic.savi.org/SAVI/PopUps/AssetMoreInfo.aspx?AssetID=917609"}},{"type":"Feature","geometry":{"type":"Point","coordinates":[-85.67772387,40.10547877]},"properties":{"name":"ANDERSON ANIMAL CONTROL","assetType":"Animal Control","dataYear":"2018","assetId":"920268","subcategory":"Health","detail":"https://classic.savi.org/SAVI/PopUps/AssetMoreInfo.aspx?AssetID=920268"}},{"type":"Feature","geometry":{"type":"Point","coordinates":[-86.01634993,39.95973055]},"properties":{"name":"FISHERS POLICE DEPARTMENT","assetType":"Animal Control","dataYear":"2018","assetId":"921277","subcategory":"Health","detail":"https://classic.savi.org/SAVI/PopUps/AssetMoreInfo.aspx?AssetID=921277"}},{"type":"Feature","geometry":{"type":"Point","coordinates":[-85.76731234,39.7760763]},"properties":{"name":"GREENFIELD HANCOCK COUNTY ANIMAL MANAGEMENT","assetType":"Animal Control","dataYear":"2018","assetId":"919028","subcategory":"Health","detail":"https://classic.savi.org/SAVI/PopUps/AssetMoreInfo.aspx?AssetID=919028"}},{"type":"Feature","geometry":{"type":"Point","coordinates":[-85.99317714,40.05229276]},"properties":{"name":"HAMILTON COUNTY SHERIFF","assetType":"Animal Control","dataYear":"2018","assetId":"921995","subcategory":"Health","detail":"https://classic.savi.org/SAVI/PopUps/AssetMoreInfo.aspx?AssetID=921995"}},{"type":"Feature","geometry":{"type":"Point","coordinates":[-86.50178354,39.75688601]},"properties":{"name":"HENDRICKS COUNTY ANIMAL CONTROL SHELTER","assetType":"Animal Control","dataYear":"2018","assetId":"922226","subcategory":"Health","detail":"https://classic.savi.org/SAVI/PopUps/AssetMoreInfo.aspx?AssetID=922226"}},{"type":"Feature","geometry":{"type":"Point","coordinates":[-86.18838444,39.72953397]},"properties":{"name":"INDIANAPOLIS ANIMAL CARE SERVICES","assetType":"Animal Control","dataYear":"2018","assetId":"919714","subcategory":"Health","detail":"https://classic.savi.org/SAVI/PopUps/AssetMoreInfo.aspx?AssetID=919714"}},{"type":"Feature","geometry":{"type":"Point","coordinates":[-86.62417924,39.9244837]},"properties":{"name":"JAMESTOWN POLICE DEPARTMENT","assetType":"Animal Control","dataYear":"2018","assetId":"922073","subcategory":"Health","detail":"https://classic.savi.org/SAVI/PopUps/AssetMoreInfo.aspx?AssetID=922073"}},{"type":"Feature","geometry":{"type":"Point","coordinates":[-86.05606314,39.50972067]},"properties":{"name":"JOHNSON COUNTY ANIMAL CONTROL","assetType":"Animal Control","dataYear":"2018","assetId":"921440","subcategory":"Health","detail":"https://classic.savi.org/SAVI/PopUps/AssetMoreInfo.aspx?AssetID=921440"}},{"type":"Feature","geometry":{"type":"Point","coordinates":[-86.00995785,39.8622057]},"properties":{"name":"LAWRENCE ANIMAL CONTROL","assetType":"Animal Control","dataYear":"2018","assetId":"921587","subcategory":"Health","detail":"https://classic.savi.org/SAVI/PopUps/AssetMoreInfo.aspx?AssetID=921587"}},{"type":"Feature","geometry":{"type":"Point","coordinates":[-86.42695606,39.42617428]},"properties":{"name":"MARTINSVILLE POLICE DEPARTMENT","assetType":"Animal Control","dataYear":"2018","assetId":"922076","subcategory":"Health","detail":"https://classic.savi.org/SAVI/PopUps/AssetMoreInfo.aspx?AssetID=922076"}},{"type":"Feature","geometry":{"type":"Point","coordinates":[-86.37771313,39.61309379]},"properties":{"name":"MOORESVILLE METROPOLITAN POLICE DEPARTMENT","assetType":"Animal Control","dataYear":"2018","assetId":"917222","subcategory":"Health","detail":"https://classic.savi.org/SAVI/PopUps/AssetMoreInfo.aspx?AssetID=917222"}},{"type":"Feature","geometry":{"type":"Point","coordinates":[-86.43765809,39.4227302]},"properties":{"name":"MORGAN COUNTY HUMANE SOCIETY","assetType":"Animal Control","dataYear":"2018","assetId":"922276","subcategory":"Health","detail":"https://classic.savi.org/SAVI/PopUps/AssetMoreInfo.aspx?AssetID=922276"}},{"type":"Feature","geometry":{"type":"Point","coordinates":[-85.79471301,39.51774656]},"properties":{"name":"SHELBYVILLE-SHELBY COUNTY ANIMAL SHELTER","assetType":"Animal Control","dataYear":"2018","assetId":"917610","subcategory":"Health","detail":"https://classic.savi.org/SAVI/PopUps/AssetMoreInfo.aspx?AssetID=917610"}},{"type":"Feature","geometry":{"type":"Point","coordinates":[-86.250841,39.78492771]},"properties":{"name":"SPEEDWAY STREET DEPARTMENT","assetType":"Animal Control","dataYear":"2018","assetId":"921888","subcategory":"Health","detail":"https://classic.savi.org/SAVI/PopUps/AssetMoreInfo.aspx?AssetID=921888"}},{"type":"Feature","geometry":{"type":"Point","coordinates":[-86.24920099,39.75271605]},"properties":{"name":"AIRPORT ANIMAL EMERGENCY CENTER","assetType":"General Veterinary Services","dataYear":"2018","assetId":"925047","subcategory":"Health","detail":"https://classic.savi.org/SAVI/PopUps/AssetMoreInfo.aspx?AssetID=925047"}},{"type":"Feature","geometry":{"type":"Point","coordinates":[-86.0253642,39.77356523]},"properties":{"name":"ANIMAL MEDICAL CENTER - Indianapolis","assetType":"General Veterinary Services","dataYear":"2018","assetId":"924565","subcategory":"Health","detail":"https://classic.savi.org/SAVI/PopUps/AssetMoreInfo.aspx?AssetID=924565"}},{"type":"Feature","geometry":{"type":"Point","coordinates":[-86.23008092,39.92128757]},"properties":{"name":"AVIAN & EXOTIC ANIMAL VETERINARY CLINIC","assetType":"General Veterinary Services","dataYear":"2018","assetId":"924026","subcategory":"Health","detail":"https://classic.savi.org/SAVI/PopUps/AssetMoreInfo.aspx?AssetID=924026"}},{"type":"Feature","geometry":{"type":"Point","coordinates":[-86.21237559,39.6142358]},"properties":{"name":"Angel Animal Hospital","assetType":"General Veterinary Services","dataYear":"2018","assetId":"925084","subcategory":"Health","detail":"https://classic.savi.org/SAVI/PopUps/AssetMoreInfo.aspx?AssetID=925084"}},{"type":"Feature","geometry":{"type":"Point","coordinates":[-86.01135223,39.96310218]},"properties":{"name":"Antech Diagnostics","assetType":"General Veterinary Services","dataYear":"2018","assetId":"924938","subcategory":"Health","detail":"https://classic.savi.org/SAVI/PopUps/AssetMoreInfo.aspx?AssetID=924938"}},{"type":"Feature","geometry":{"type":"Point","coordinates":[-86.04984247,39.90606141]},"properties":{"name":"BEST FRIENDS ANIMAL CARE","assetType":"General Veterinary Services","dataYear":"2018","assetId":"924141","subcategory":"Health","detail":"https://classic.savi.org/SAVI/PopUps/AssetMoreInfo.aspx?AssetID=924141"}},{"type":"Feature","geometry":{"type":"Point","coordinates":[-86.46785508,40.04856147]},"properties":{"name":"BOONE COUNTY HEALTH DEPT","assetType":"General Veterinary Services","dataYear":"2018","assetId":"924585","subcategory":"Health","detail":"https://classic.savi.org/SAVI/PopUps/AssetMoreInfo.aspx?AssetID=924585"}},{"type":"Feature","geometry":{"type":"Point","coordinates":[-86.14741687,39.86893899]},"properties":{"name":"BROAD RIPPLE ANIMAL CLINIC","assetType":"General Veterinary Services","dataYear":"2018","assetId":"925081","subcategory":"Health","detail":"https://classic.savi.org/SAVI/PopUps/AssetMoreInfo.aspx?AssetID=925081"}},{"type":"Feature","geometry":{"type":"Point","coordinates":[-86.12623813,39.957761]},"properties":{"name":"COMPANION ANIMAL MED CENTER","assetType":"General Veterinary Services","dataYear":"2018","assetId":"923938","subcategory":"Health","detail":"https://classic.savi.org/SAVI/PopUps/AssetMoreInfo.aspx?AssetID=923938"}},{"type":"Feature","geometry":{"type":"Point","coordinates":[-86.06607041,39.81817261]},"properties":{"name":"Eastside Veterinarian Clinic","assetType":"General Veterinary Services","dataYear":"2018","assetId":"923646","subcategory":"Health","detail":"https://classic.savi.org/SAVI/PopUps/AssetMoreInfo.aspx?AssetID=923646"}},{"type":"Feature","geometry":{"type":"Point","coordinates":[-86.84904129,39.64385537]},"properties":{"name":"GREENCASTLE VETERINARY CLINIC","assetType":"General Veterinary Services","dataYear":"2018","assetId":"924709","subcategory":"Health","detail":"https://classic.savi.org/SAVI/PopUps/AssetMoreInfo.aspx?AssetID=924709"}},{"type":"Feature","geometry":{"type":"Point","coordinates":[-86.50178354,39.75688601]},"properties":{"name":"Hendricks Co Animal Control","assetType":"General Veterinary Services","dataYear":"2018","assetId":"924730","subcategory":"Health","detail":"https://classic.savi.org/SAVI/PopUps/AssetMoreInfo.aspx?AssetID=924730"}},{"type":"Feature","geometry":{"type":"Point","coordinates":[-86.21613263,39.89824224]},"properties":{"name":"Humane Society of Indianapolis","assetType":"General Veterinary Services","dataYear":"2018","assetId":"923854","subcategory":"Health","detail":"https://classic.savi.org/SAVI/PopUps/AssetMoreInfo.aspx?AssetID=923854"}},{"type":"Feature","geometry":{"type":"Point","coordinates":[-86.18700237,39.7291336]},"properties":{"name":"Indianapolis Animal Control","assetType":"General Veterinary Services","dataYear":"2018","assetId":"924079","subcategory":"Health","detail":"https://classic.savi.org/SAVI/PopUps/AssetMoreInfo.aspx?AssetID=924079"}},{"type":"Feature","geometry":{"type":"Point","coordinates":[-86.07423347,39.70140157]},"properties":{"name":"Indyvet","assetType":"General Veterinary Services","dataYear":"2018","assetId":"924503","subcategory":"Health","detail":"https://classic.savi.org/SAVI/PopUps/AssetMoreInfo.aspx?AssetID=924503"}},{"type":"Feature","geometry":{"type":"Point","coordinates":[-86.28031456,40.04187835]},"properties":{"name":"MCDAVITT VETERINARY CLINIC","assetType":"General Veterinary Services","dataYear":"2018","assetId":"924412","subcategory":"Health","detail":"https://classic.savi.org/SAVI/PopUps/AssetMoreInfo.aspx?AssetID=924412"}},{"type":"Feature","geometry":{"type":"Point","coordinates":[-85.89972701,39.72244689]},"properties":{"name":"NEW PALESTINE VETERINARY CLINIC","assetType":"General Veterinary Services","dataYear":"2018","assetId":"923086","subcategory":"Health","detail":"https://classic.savi.org/SAVI/PopUps/AssetMoreInfo.aspx?AssetID=923086"}},{"type":"Feature","geometry":{"type":"Point","coordinates":[-86.08967423,39.65056086]},"properties":{"name":"NOAHS STOP 11 ANIMAL HOSPITAL","assetType":"General Veterinary Services","dataYear":"2018","assetId":"924209","subcategory":"Health","detail":"https://classic.savi.org/SAVI/PopUps/AssetMoreInfo.aspx?AssetID=924209"}},{"type":"Feature","geometry":{"type":"Point","coordinates":[-86.26303693,39.85147314]},"properties":{"name":"PAW PATCH ANIMAL HOSPITAL - Lafayette Rd","assetType":"General Veterinary Services","dataYear":"2018","assetId":"924320","subcategory":"Health","detail":"https://classic.savi.org/SAVI/PopUps/AssetMoreInfo.aspx?AssetID=924320"}},{"type":"Feature","geometry":{"type":"Point","coordinates":[-85.68098635,40.06147855]},"properties":{"name":"SOUTH ANDERSON VETERINARY CLINIC","assetType":"General Veterinary Services","dataYear":"2018","assetId":"924070","subcategory":"Health","detail":"https://classic.savi.org/SAVI/PopUps/AssetMoreInfo.aspx?AssetID=924070"}},{"type":"Feature","geometry":{"type":"Point","coordinates":[-86.5632723,40.12671332]},"properties":{"name":"THORNTOWN VETERINARY CLINIC","assetType":"General Veterinary Services","dataYear":"2018","assetId":"924343","subcategory":"Health","detail":"https://classic.savi.org/SAVI/PopUps/AssetMoreInfo.aspx?AssetID=924343"}},{"type":"Feature","geometry":{"type":"Point","coordinates":[-86.03491249,39.92884798]},"properties":{"name":"VCA Advanced Veterinary Care Center","assetType":"General Veterinary Services","dataYear":"2018","assetId":"924080","subcategory":"Health","detail":"https://classic.savi.org/SAVI/PopUps/AssetMoreInfo.aspx?AssetID=924080"}},{"type":"Feature","geometry":{"type":"Point","coordinates":[-85.67261012,40.15377141]},"properties":{"name":"VCA NORTHWOOD ANIMAL HOSPITAL","assetType":"General Veterinary Services","dataYear":"2018","assetId":"923656","subcategory":"Health","detail":"https://classic.savi.org/SAVI/PopUps/AssetMoreInfo.aspx?AssetID=923656"}},{"type":"Feature","geometry":{"type":"Point","coordinates":[-86.00526217,40.00151998]},"properties":{"name":"VCA STONEY CREEK PET CLINIC","assetType":"General Veterinary Services","dataYear":"2018","assetId":"924764","subcategory":"Health","detail":"https://classic.savi.org/SAVI/PopUps/AssetMoreInfo.aspx?AssetID=924764"}},{"type":"Feature","geometry":{"type":"Point","coordinates":[-86.08359708,39.61182192]},"properties":{"name":"VCA Valle Vista Animal Hospital","assetType":"General Veterinary Services","dataYear":"2018","assetId":"923146","subcategory":"Health","detail":"https://classic.savi.org/SAVI/PopUps/AssetMoreInfo.aspx?AssetID=923146"}},{"type":"Feature","geometry":{"type":"Point","coordinates":[-86.12880487,40.00587323]},"properties":{"name":"VCA Village Park Animal Hospital","assetType":"General Veterinary Services","dataYear":"2018","assetId":"923219","subcategory":"Health","detail":"https://classic.savi.org/SAVI/PopUps/AssetMoreInfo.aspx?AssetID=923219"}},{"type":"Feature","geometry":{"type":"Point","coordinates":[-86.23131982,39.91232424]},"properties":{"name":"VCA W 86TH ST ANIMAL HOSPITAL","assetType":"General Veterinary Services","dataYear":"2018","assetId":"924617","subcategory":"Health","detail":"https://classic.savi.org/SAVI/PopUps/AssetMoreInfo.aspx?AssetID=924617"}},{"type":"Feature","geometry":{"type":"Point","coordinates":[-86.86558203,39.64697492]},"properties":{"name":"WEST CENTRAL VETERINARY SERVICES-GREENCASTLE","assetType":"General Veterinary Services","dataYear":"2018","assetId":"923549","subcategory":"Health","detail":"https://classic.savi.org/SAVI/PopUps/AssetMoreInfo.aspx?AssetID=923549"}},{"type":"Feature","geometry":{"type":"Point","coordinates":[-86.3787821,39.9613746]},"properties":{"name":"ZIONSVILLE COUNTRY VETERINARY CLINIC","assetType":"General Veterinary Services","dataYear":"2018","assetId":"924426","subcategory":"Health","detail":"https://classic.savi.org/SAVI/PopUps/AssetMoreInfo.aspx?AssetID=924426"}},{"type":"Feature","geometry":{"type":"Point","coordinates":[-86.132947,39.785001]},"properties":{"name":"FACE FOUNDATION AGAINST COMPANION ANIMAL EUTHANASIA","assetType":"Veterinary Neuter/Spay Services","dataYear":"2013","assetId":"796828","subcategory":"Health","detail":"https://classic.savi.org/SAVI/PopUps/AssetMoreInfo.aspx?AssetID=796828"}},{"type":"Feature","geometry":{"type":"Point","coordinates":[-86.46639,39.761793]},"properties":{"name":"HENDRICKS COUNTY HUMANE SOCIETY","assetType":"Veterinary Neuter/Spay Services","dataYear":"2013","assetId":"796749","subcategory":"Health","detail":"https://classic.savi.org/SAVI/PopUps/AssetMoreInfo.aspx?AssetID=796749"}},{"type":"Feature","geometry":{"type":"Point","coordinates":[-86.002775,40.039117]},"properties":{"name":"LOW COST SPAY NEUTER CLINIC","assetType":"Veterinary Neuter/Spay Services","dataYear":"2013","assetId":"797201","subcategory":"Health","detail":"https://classic.savi.org/SAVI/PopUps/AssetMoreInfo.aspx?AssetID=797201"}},{"type":"Feature","geometry":{"type":"Point","coordinates":[-85.79444176,39.51696519]},"properties":{"name":"SHELBYVILLE - SHELBY COUNTY ANIMAL SHELTER","assetType":"Veterinary Neuter/Spay Services","dataYear":"2013","assetId":"798860","subcategory":"Health","detail":"https://classic.savi.org/SAVI/PopUps/AssetMoreInfo.aspx?AssetID=798860"}},{"type":"Feature","geometry":{"type":"Point","coordinates":[-86.15688029,39.81847976]},"properties":{"name":"INDIANA BLOOD CENTER - INDIANAPOLIS","assetType":"Blood Banks","dataYear":"2017","assetId":"880428","subcategory":"Health","detail":"https://classic.savi.org/SAVI/PopUps/AssetMoreInfo.aspx?AssetID=880428"}},{"type":"Feature","geometry":{"type":"Point","coordinates":[-86.15688029,39.81847976]},"properties":{"name":"INDIANA BLOOD CENTER - INDIANAPOLIS","assetType":"Blood Banks","dataYear":"2017","assetId":"868012","subcategory":"Health","detail":"https://classic.savi.org/SAVI/PopUps/AssetMoreInfo.aspx?AssetID=868012"}},{"type":"Feature","geometry":{"type":"Point","coordinates":[-85.65336408,40.07943902]},"properties":{"name":"ANDERSON PLASMAPHEREIS CENTER","assetType":"Blood Supplies","dataYear":"2018","assetId":"923330","subcategory":"Health","detail":"https://classic.savi.org/SAVI/PopUps/AssetMoreInfo.aspx?AssetID=923330"}},{"type":"Feature","geometry":{"type":"Point","coordinates":[-86.08287239,39.63387673]},"properties":{"name":"BIOLIFE PLASMA SERVICES LP","assetType":"Blood Supplies","dataYear":"2018","assetId":"924292","subcategory":"Health","detail":"https://classic.savi.org/SAVI/PopUps/AssetMoreInfo.aspx?AssetID=924292"}},{"type":"Feature","geometry":{"type":"Point","coordinates":[-86.01061323,39.82262661]},"properties":{"name":"BIOMAT USA INC","assetType":"Blood Supplies","dataYear":"2018","assetId":"924909","subcategory":"Health","detail":"https://classic.savi.org/SAVI/PopUps/AssetMoreInfo.aspx?AssetID=924909"}},{"type":"Feature","geometry":{"type":"Point","coordinates":[-86.1619521,39.7745117]},"properties":{"name":"BIOMAT USA INC","assetType":"Blood Supplies","dataYear":"2018","assetId":"923165","subcategory":"Health","detail":"https://classic.savi.org/SAVI/PopUps/AssetMoreInfo.aspx?AssetID=923165"}},{"type":"Feature","geometry":{"type":"Point","coordinates":[-86.13226172,39.68053809]},"properties":{"name":"CSL PLASMA","assetType":"Blood Supplies","dataYear":"2018","assetId":"923125","subcategory":"Health","detail":"https://classic.savi.org/SAVI/PopUps/AssetMoreInfo.aspx?AssetID=923125"}},{"type":"Feature","geometry":{"type":"Point","coordinates":[-86.11792475,39.84035743]},"properties":{"name":"CSL PLASMA INC","assetType":"Blood Supplies","dataYear":"2018","assetId":"922846","subcategory":"Health","detail":"https://classic.savi.org/SAVI/PopUps/AssetMoreInfo.aspx?AssetID=922846"}},{"type":"Feature","geometry":{"type":"Point","coordinates":[-86.07248205,39.77094656]},"properties":{"name":"CSL PLASMA INC","assetType":"Blood Supplies","dataYear":"2018","assetId":"924135","subcategory":"Health","detail":"https://classic.savi.org/SAVI/PopUps/AssetMoreInfo.aspx?AssetID=924135"}},{"type":"Feature","geometry":{"type":"Point","coordinates":[-86.1569428,39.81849553]},"properties":{"name":"INDIANA BLOOD CENTER","assetType":"Blood Supplies","dataYear":"2018","assetId":"924818","subcategory":"Health","detail":"https://classic.savi.org/SAVI/PopUps/AssetMoreInfo.aspx?AssetID=924818"}},{"type":"Feature","geometry":{"type":"Point","coordinates":[-86.27211447,39.82910827]},"properties":{"name":"INDIANAPOLIS PLASMAPHEREIS CENTER","assetType":"Blood Supplies","dataYear":"2018","assetId":"924931","subcategory":"Health","detail":"https://classic.savi.org/SAVI/PopUps/AssetMoreInfo.aspx?AssetID=924931"}},{"type":"Feature","geometry":{"type":"Point","coordinates":[-86.01305248,39.77362665]},"properties":{"name":"OCTAPHARMA PLASMA INC","assetType":"Blood Supplies","dataYear":"2018","assetId":"925211","subcategory":"Health","detail":"https://classic.savi.org/SAVI/PopUps/AssetMoreInfo.aspx?AssetID=925211"}},{"type":"Feature","geometry":{"type":"Point","coordinates":[-86.14514219,39.70937642]},"properties":{"name":"SATURN BIOMEDICAL","assetType":"Blood Supplies","dataYear":"2018","assetId":"924370","subcategory":"Health","detail":"https://classic.savi.org/SAVI/PopUps/AssetMoreInfo.aspx?AssetID=924370"}},{"type":"Feature","geometry":{"type":"Point","coordinates":[-86.18144199,39.7771921]},"properties":{"name":"Indiana Lions Eye & Tissue Transplant Bank","assetType":"Eye Banks","dataYear":"2007","assetId":"624338","subcategory":"Health","detail":"https://classic.savi.org/SAVI/PopUps/AssetMoreInfo.aspx?AssetID=624338"}},{"type":"Feature","geometry":{"type":"Point","coordinates":[-86.22363705,39.82290107]},"properties":{"name":"INDIANA DONOR NETWORK","assetType":"Organ and Tissue Banks","dataYear":"2018","assetId":"924672","subcategory":"Health","detail":"https://classic.savi.org/SAVI/PopUps/AssetMoreInfo.aspx?AssetID=924672"}},{"type":"Feature","geometry":{"type":"Point","coordinates":[-86.17858356,39.77621084]},"properties":{"name":"IU School of Medicine - Anatomical Education Program","assetType":"Other Organ Banks","dataYear":"2007","assetId":"624088","subcategory":"Health","detail":"https://classic.savi.org/SAVI/PopUps/AssetMoreInfo.aspx?AssetID=624088"}},{"type":"Feature","geometry":{"type":"Point","coordinates":[-86.16429442,39.76903871]},"properties":{"name":"INDIANA DEPARTMENT OF ENVIRONMENTAL MANAGEMENT IDEM - CENTRAL OFFICE","assetType":"Air Pollution Control","dataYear":"2018","assetId":"906043","subcategory":"Health","detail":"https://classic.savi.org/SAVI/PopUps/AssetMoreInfo.aspx?AssetID=906043"}},{"type":"Feature","geometry":{"type":"Point","coordinates":[-86.15395154,39.78760885]},"properties":{"name":"Nature Conservancy The - Land Conservation","assetType":"Endangered Species Survival Programs","dataYear":"2007","assetId":"624769","subcategory":"Health","detail":"https://classic.savi.org/SAVI/PopUps/AssetMoreInfo.aspx?AssetID=624769"}},{"type":"Feature","geometry":{"type":"Point","coordinates":[-86.19433996,39.72683826]},"properties":{"name":"Environmental Services DPW","assetType":"Hazardous Materials Control","dataYear":"2011","assetId":"694643","subcategory":"Health","detail":"https://classic.savi.org/SAVI/PopUps/AssetMoreInfo.aspx?AssetID=694643"}},{"type":"Feature","geometry":{"type":"Point","coordinates":[-86.11685908,39.82601653]},"properties":{"name":"Marion County Health Department - Water Hazardous Material Mgt","assetType":"Hazardous Materials Control","dataYear":"2011","assetId":"692582","subcategory":"Health","detail":"https://classic.savi.org/SAVI/PopUps/AssetMoreInfo.aspx?AssetID=692582"}},{"type":"Feature","geometry":{"type":"Point","coordinates":[-86.11685908,39.82601653]},"properties":{"name":"Marion County Health Department - Water Hazardous Material Mgt","assetType":"Water Pollution Control","dataYear":"2007","assetId":"624499","subcategory":"Health","detail":"https://classic.savi.org/SAVI/PopUps/AssetMoreInfo.aspx?AssetID=624499"}},{"type":"Feature","geometry":{"type":"Point","coordinates":[-85.67758692,40.10836559]},"properties":{"name":"ANDERSON CITY OF","assetType":"Weed Abatement/Brush Control","dataYear":"2018","assetId":"920270","subcategory":"Health","detail":"https://classic.savi.org/SAVI/PopUps/AssetMoreInfo.aspx?AssetID=920270"}},{"type":"Feature","geometry":{"type":"Point","coordinates":[-86.02368331,40.17606135]},"properties":{"name":"ARCADIA TOWN OF","assetType":"Weed Abatement/Brush Control","dataYear":"2018","assetId":"919975","subcategory":"Health","detail":"https://classic.savi.org/SAVI/PopUps/AssetMoreInfo.aspx?AssetID=919975"}},{"type":"Feature","geometry":{"type":"Point","coordinates":[-86.40812386,39.76364233]},"properties":{"name":"AVON TOWN OF","assetType":"Weed Abatement/Brush Control","dataYear":"2018","assetId":"921237","subcategory":"Health","detail":"https://classic.savi.org/SAVI/PopUps/AssetMoreInfo.aspx?AssetID=921237"}},{"type":"Feature","geometry":{"type":"Point","coordinates":[-86.16827724,39.52139389]},"properties":{"name":"BARGERSVILLE TOWN OF","assetType":"Weed Abatement/Brush Control","dataYear":"2018","assetId":"920788","subcategory":"Health","detail":"https://classic.savi.org/SAVI/PopUps/AssetMoreInfo.aspx?AssetID=920788"}},{"type":"Feature","geometry":{"type":"Point","coordinates":[-86.09108388,39.72179211]},"properties":{"name":"BEECH GROVE CITY OF","assetType":"Weed Abatement/Brush Control","dataYear":"2018","assetId":"921830","subcategory":"Health","detail":"https://classic.savi.org/SAVI/PopUps/AssetMoreInfo.aspx?AssetID=921830"}},{"type":"Feature","geometry":{"type":"Point","coordinates":[-86.36996536,39.53884492]},"properties":{"name":"BROOKLYN TOWN OF","assetType":"Weed Abatement/Brush Control","dataYear":"2018","assetId":"921241","subcategory":"Health","detail":"https://classic.savi.org/SAVI/PopUps/AssetMoreInfo.aspx?AssetID=921241"}},{"type":"Feature","geometry":{"type":"Point","coordinates":[-86.39738757,39.84424019]},"properties":{"name":"BROWNSBURG TOWN OF","assetType":"Weed Abatement/Brush Control","dataYear":"2018","assetId":"921205","subcategory":"Health","detail":"https://classic.savi.org/SAVI/PopUps/AssetMoreInfo.aspx?AssetID=921205"}},{"type":"Feature","geometry":{"type":"Point","coordinates":[-86.12883968,39.96467929]},"properties":{"name":"CARMEL CITY OF","assetType":"Weed Abatement/Brush Control","dataYear":"2018","assetId":"921269","subcategory":"Health","detail":"https://classic.savi.org/SAVI/PopUps/AssetMoreInfo.aspx?AssetID=921269"}},{"type":"Feature","geometry":{"type":"Point","coordinates":[-86.00919174,40.13220434]},"properties":{"name":"CICERO TOWN OF","assetType":"Weed Abatement/Brush Control","dataYear":"2018","assetId":"917359","subcategory":"Health","detail":"https://classic.savi.org/SAVI/PopUps/AssetMoreInfo.aspx?AssetID=917359"}},{"type":"Feature","geometry":{"type":"Point","coordinates":[-86.52331973,39.68994127]},"properties":{"name":"CLAYTON TOWN OF","assetType":"Weed Abatement/Brush Control","dataYear":"2018","assetId":"922067","subcategory":"Health","detail":"https://classic.savi.org/SAVI/PopUps/AssetMoreInfo.aspx?AssetID=922067"}},{"type":"Feature","geometry":{"type":"Point","coordinates":[-85.96121373,39.77576102]},"properties":{"name":"CUMBERLAND TOWN OF","assetType":"Weed Abatement/Brush Control","dataYear":"2018","assetId":"921487","subcategory":"Health","detail":"https://classic.savi.org/SAVI/PopUps/AssetMoreInfo.aspx?AssetID=921487"}},{"type":"Feature","geometry":{"type":"Point","coordinates":[-86.52016202,39.76152325]},"properties":{"name":"DANVILLE TOWN OF","assetType":"Weed Abatement/Brush Control","dataYear":"2018","assetId":"921135","subcategory":"Health","detail":"https://classic.savi.org/SAVI/PopUps/AssetMoreInfo.aspx?AssetID=921135"}},{"type":"Feature","geometry":{"type":"Point","coordinates":[-85.96516639,39.35390549]},"properties":{"name":"EDINBURGH TOWN OF","assetType":"Weed Abatement/Brush Control","dataYear":"2018","assetId":"921416","subcategory":"Health","detail":"https://classic.savi.org/SAVI/PopUps/AssetMoreInfo.aspx?AssetID=921416"}},{"type":"Feature","geometry":{"type":"Point","coordinates":[-86.01709245,39.95871809]},"properties":{"name":"FISHERS CITY OF","assetType":"Weed Abatement/Brush Control","dataYear":"2018","assetId":"921332","subcategory":"Health","detail":"https://classic.savi.org/SAVI/PopUps/AssetMoreInfo.aspx?AssetID=921332"}},{"type":"Feature","geometry":{"type":"Point","coordinates":[-85.84069202,39.93483654]},"properties":{"name":"FORTVILLE TOWN OF","assetType":"Weed Abatement/Brush Control","dataYear":"2018","assetId":"921603","subcategory":"Health","detail":"https://classic.savi.org/SAVI/PopUps/AssetMoreInfo.aspx?AssetID=921603"}},{"type":"Feature","geometry":{"type":"Point","coordinates":[-86.05423494,39.47973587]},"properties":{"name":"FRANKLIN CITY OF","assetType":"Weed Abatement/Brush Control","dataYear":"2018","assetId":"921482","subcategory":"Health","detail":"https://classic.savi.org/SAVI/PopUps/AssetMoreInfo.aspx?AssetID=921482"}},{"type":"Feature","geometry":{"type":"Point","coordinates":[-86.86054791,39.64402395]},"properties":{"name":"GREENCASTLE CITY OF","assetType":"Weed Abatement/Brush Control","dataYear":"2018","assetId":"919904","subcategory":"Health","detail":"https://classic.savi.org/SAVI/PopUps/AssetMoreInfo.aspx?AssetID=919904"}},{"type":"Feature","geometry":{"type":"Point","coordinates":[-85.76957548,39.78500893]},"properties":{"name":"GREENFIELD CITY OF","assetType":"Weed Abatement/Brush Control","dataYear":"2018","assetId":"921425","subcategory":"Health","detail":"https://classic.savi.org/SAVI/PopUps/AssetMoreInfo.aspx?AssetID=921425"}},{"type":"Feature","geometry":{"type":"Point","coordinates":[-86.10999506,39.61261738]},"properties":{"name":"GREENWOOD CITY OF","assetType":"Weed Abatement/Brush Control","dataYear":"2018","assetId":"921402","subcategory":"Health","detail":"https://classic.savi.org/SAVI/PopUps/AssetMoreInfo.aspx?AssetID=921402"}},{"type":"Feature","geometry":{"type":"Point","coordinates":[-86.15487064,39.75143996]},"properties":{"name":"INDIANAPOLIS DEPARTMENT OF BUSINESS AND NEIGHBORHOOD SERVICES","assetType":"Weed Abatement/Brush Control","dataYear":"2018","assetId":"919609","subcategory":"Health","detail":"https://classic.savi.org/SAVI/PopUps/AssetMoreInfo.aspx?AssetID=919609"}},{"type":"Feature","geometry":{"type":"Point","coordinates":[-86.18158949,39.75153369]},"properties":{"name":"INDIANAPOLIS POWER AND LIGHT COMPANY IPL","assetType":"Weed Abatement/Brush Control","dataYear":"2018","assetId":"918120","subcategory":"Health","detail":"https://classic.savi.org/SAVI/PopUps/AssetMoreInfo.aspx?AssetID=918120"}},{"type":"Feature","geometry":{"type":"Point","coordinates":[-86.62417924,39.9244837]},"properties":{"name":"JAMESTOWN TOWN OF","assetType":"Weed Abatement/Brush Control","dataYear":"2018","assetId":"922088","subcategory":"Health","detail":"https://classic.savi.org/SAVI/PopUps/AssetMoreInfo.aspx?AssetID=922088"}},{"type":"Feature","geometry":{"type":"Point","coordinates":[-86.00995785,39.8622057]},"properties":{"name":"LAWRENCE CITY OF","assetType":"Weed Abatement/Brush Control","dataYear":"2018","assetId":"921589","subcategory":"Health","detail":"https://classic.savi.org/SAVI/PopUps/AssetMoreInfo.aspx?AssetID=921589"}},{"type":"Feature","geometry":{"type":"Point","coordinates":[-86.46793673,40.04487327]},"properties":{"name":"LEBANON CITY OF","assetType":"Weed Abatement/Brush Control","dataYear":"2018","assetId":"921217","subcategory":"Health","detail":"https://classic.savi.org/SAVI/PopUps/AssetMoreInfo.aspx?AssetID=921217"}},{"type":"Feature","geometry":{"type":"Point","coordinates":[-86.42695606,39.42617428]},"properties":{"name":"MARTINSVILLE CITY OF","assetType":"Weed Abatement/Brush Control","dataYear":"2018","assetId":"921174","subcategory":"Health","detail":"https://classic.savi.org/SAVI/PopUps/AssetMoreInfo.aspx?AssetID=921174"}},{"type":"Feature","geometry":{"type":"Point","coordinates":[-85.92429517,39.89957698]},"properties":{"name":"MCCORDSVILLE TOWN OF","assetType":"Weed Abatement/Brush Control","dataYear":"2018","assetId":"921489","subcategory":"Health","detail":"https://classic.savi.org/SAVI/PopUps/AssetMoreInfo.aspx?AssetID=921489"}},{"type":"Feature","geometry":{"type":"Point","coordinates":[-86.37439365,39.61187769]},"properties":{"name":"MOORESVILLE TOWN OF","assetType":"Weed Abatement/Brush Control","dataYear":"2018","assetId":"921409","subcategory":"Health","detail":"https://classic.savi.org/SAVI/PopUps/AssetMoreInfo.aspx?AssetID=921409"}},{"type":"Feature","geometry":{"type":"Point","coordinates":[-86.26219156,39.37145808]},"properties":{"name":"MORGANTOWN TOWN OF","assetType":"Weed Abatement/Brush Control","dataYear":"2018","assetId":"920552","subcategory":"Health","detail":"https://classic.savi.org/SAVI/PopUps/AssetMoreInfo.aspx?AssetID=920552"}},{"type":"Feature","geometry":{"type":"Point","coordinates":[-85.70497402,39.67551059]},"properties":{"name":"MORRISTOWN TOWN OF","assetType":"Weed Abatement/Brush Control","dataYear":"2018","assetId":"917180","subcategory":"Health","detail":"https://classic.savi.org/SAVI/PopUps/AssetMoreInfo.aspx?AssetID=917180"}},{"type":"Feature","geometry":{"type":"Point","coordinates":[-86.24398415,39.20755845]},"properties":{"name":"NASHVILLE TOWN OF","assetType":"Weed Abatement/Brush Control","dataYear":"2018","assetId":"917076","subcategory":"Health","detail":"https://classic.savi.org/SAVI/PopUps/AssetMoreInfo.aspx?AssetID=917076"}},{"type":"Feature","geometry":{"type":"Point","coordinates":[-85.886249,39.72079743]},"properties":{"name":"NEW PALESTINE TOWN OF","assetType":"Weed Abatement/Brush Control","dataYear":"2018","assetId":"921430","subcategory":"Health","detail":"https://classic.savi.org/SAVI/PopUps/AssetMoreInfo.aspx?AssetID=921430"}},{"type":"Feature","geometry":{"type":"Point","coordinates":[-86.08995862,39.56472699]},"properties":{"name":"NEW WHITELAND TOWN OF","assetType":"Weed Abatement/Brush Control","dataYear":"2018","assetId":"921394","subcategory":"Health","detail":"https://classic.savi.org/SAVI/PopUps/AssetMoreInfo.aspx?AssetID=921394"}},{"type":"Feature","geometry":{"type":"Point","coordinates":[-86.01207846,40.04534795]},"properties":{"name":"NOBLESVILLE CITY OF","assetType":"Weed Abatement/Brush Control","dataYear":"2018","assetId":"921260","subcategory":"Health","detail":"https://classic.savi.org/SAVI/PopUps/AssetMoreInfo.aspx?AssetID=921260"}},{"type":"Feature","geometry":{"type":"Point","coordinates":[-86.46817533,39.86473331]},"properties":{"name":"PITTSBORO TOWN OF","assetType":"Weed Abatement/Brush Control","dataYear":"2018","assetId":"922087","subcategory":"Health","detail":"https://classic.savi.org/SAVI/PopUps/AssetMoreInfo.aspx?AssetID=922087"}},{"type":"Feature","geometry":{"type":"Point","coordinates":[-86.40334584,39.70296105]},"properties":{"name":"PLAINFIELD TOWN OF","assetType":"Weed Abatement/Brush Control","dataYear":"2018","assetId":"921181","subcategory":"Health","detail":"https://classic.savi.org/SAVI/PopUps/AssetMoreInfo.aspx?AssetID=921181"}},{"type":"Feature","geometry":{"type":"Point","coordinates":[-86.10382654,39.35423199]},"properties":{"name":"PRINCE S LAKES TOWN OF","assetType":"Weed Abatement/Brush Control","dataYear":"2018","assetId":"921165","subcategory":"Health","detail":"https://classic.savi.org/SAVI/PopUps/AssetMoreInfo.aspx?AssetID=921165"}},{"type":"Feature","geometry":{"type":"Point","coordinates":[-85.77874002,39.52460656]},"properties":{"name":"SHELBYVILLE CITY OF","assetType":"Weed Abatement/Brush Control","dataYear":"2018","assetId":"921229","subcategory":"Health","detail":"https://classic.savi.org/SAVI/PopUps/AssetMoreInfo.aspx?AssetID=921229"}},{"type":"Feature","geometry":{"type":"Point","coordinates":[-86.22099017,40.13423676]},"properties":{"name":"SHERIDAN TOWN OF","assetType":"Weed Abatement/Brush Control","dataYear":"2018","assetId":"920819","subcategory":"Health","detail":"https://classic.savi.org/SAVI/PopUps/AssetMoreInfo.aspx?AssetID=920819"}},{"type":"Feature","geometry":{"type":"Point","coordinates":[-86.12115866,39.66627542]},"properties":{"name":"SOUTHPORT CITY OF","assetType":"Weed Abatement/Brush Control","dataYear":"2018","assetId":"921649","subcategory":"Health","detail":"https://classic.savi.org/SAVI/PopUps/AssetMoreInfo.aspx?AssetID=921649"}},{"type":"Feature","geometry":{"type":"Point","coordinates":[-86.25085354,39.78561722]},"properties":{"name":"SPEEDWAY TOWN OF","assetType":"Weed Abatement/Brush Control","dataYear":"2018","assetId":"921891","subcategory":"Health","detail":"https://classic.savi.org/SAVI/PopUps/AssetMoreInfo.aspx?AssetID=921891"}},{"type":"Feature","geometry":{"type":"Point","coordinates":[-86.11211075,40.03726608]},"properties":{"name":"WESTFIELD CITY OF","assetType":"Weed Abatement/Brush Control","dataYear":"2018","assetId":"921044","subcategory":"Health","detail":"https://classic.savi.org/SAVI/PopUps/AssetMoreInfo.aspx?AssetID=921044"}},{"type":"Feature","geometry":{"type":"Point","coordinates":[-86.0791905,39.54978337]},"properties":{"name":"WHITELAND TOWN OF","assetType":"Weed Abatement/Brush Control","dataYear":"2018","assetId":"920781","subcategory":"Health","detail":"https://classic.savi.org/SAVI/PopUps/AssetMoreInfo.aspx?AssetID=920781"}},{"type":"Feature","geometry":{"type":"Point","coordinates":[-86.27492318,39.95141992]},"properties":{"name":"ZIONSVILLE TOWN OF","assetType":"Weed Abatement/Brush Control","dataYear":"2018","assetId":"921372","subcategory":"Health","detail":"https://classic.savi.org/SAVI/PopUps/AssetMoreInfo.aspx?AssetID=921372"}},{"type":"Feature","geometry":{"type":"Point","coordinates":[-86.16543746,39.76736422]},"properties":{"name":"INDIANA DEPARTMENT OF NATURAL RESOURCES DNR","assetType":"Wildlife Conservation","dataYear":"2018","assetId":"918103","subcategory":"Health","detail":"https://classic.savi.org/SAVI/PopUps/AssetMoreInfo.aspx?AssetID=918103"}},{"type":"Feature","geometry":{"type":"Point","coordinates":[-86.240942,39.910229]},"properties":{"name":"Planned Parenthood - Georgetown at 86th Health Center","assetType":"Birth Control - Abortions","dataYear":"2011","assetId":"692997","subcategory":"Health","detail":"https://classic.savi.org/SAVI/PopUps/AssetMoreInfo.aspx?AssetID=692997"}},{"type":"Feature","geometry":{"type":"Point","coordinates":[-86.37886817,39.76101574]},"properties":{"name":"Planned Parenthood Avon Health Center","assetType":"Birth Control - Abortions","dataYear":"2011","assetId":"693141","subcategory":"Health","detail":"https://classic.savi.org/SAVI/PopUps/AssetMoreInfo.aspx?AssetID=693141"}},{"type":"Feature","geometry":{"type":"Point","coordinates":[-86.05789151,39.90387975]},"properties":{"name":"Planned Parenthood Castleton Health Center","assetType":"Birth Control - Abortions","dataYear":"2011","assetId":"693405","subcategory":"Health","detail":"https://classic.savi.org/SAVI/PopUps/AssetMoreInfo.aspx?AssetID=693405"}},{"type":"Feature","geometry":{"type":"Point","coordinates":[-86.00090428,39.77433492]},"properties":{"name":"Planned Parenthood Eastside Health Center","assetType":"Birth Control - Abortions","dataYear":"2011","assetId":"693414","subcategory":"Health","detail":"https://classic.savi.org/SAVI/PopUps/AssetMoreInfo.aspx?AssetID=693414"}},{"type":"Feature","geometry":{"type":"Point","coordinates":[-86.1572441,39.82391744]},"properties":{"name":"Planned Parenthood Midtown Health Center","assetType":"Birth Control - Abortions","dataYear":"2011","assetId":"691971","subcategory":"Health","detail":"https://classic.savi.org/SAVI/PopUps/AssetMoreInfo.aspx?AssetID=691971"}},{"type":"Feature","geometry":{"type":"Point","coordinates":[-86.14380391,39.70815868]},"properties":{"name":"Planned Parenthood Southside Clinic - Family Planning","assetType":"Birth Control - Abortions","dataYear":"2011","assetId":"693424","subcategory":"Health","detail":"https://classic.savi.org/SAVI/PopUps/AssetMoreInfo.aspx?AssetID=693424"}},{"type":"Feature","geometry":{"type":"Point","coordinates":[-86.17599944,39.78084944]},"properties":{"name":"Well Woman s Center - Wishard Health Services","assetType":"Birth Control - Abortions","dataYear":"2011","assetId":"692734","subcategory":"Health","detail":"https://classic.savi.org/SAVI/PopUps/AssetMoreInfo.aspx?AssetID=692734"}},{"type":"Feature","geometry":{"type":"Point","coordinates":[-86.1486209,39.77391818]},"properties":{"name":"Barton Annex Health Center Citizens Health","assetType":"Birth Control Counseling","dataYear":"2011","assetId":"696549","subcategory":"Health","detail":"https://classic.savi.org/SAVI/PopUps/AssetMoreInfo.aspx?AssetID=696549"}},{"type":"Feature","geometry":{"type":"Point","coordinates":[-86.47090367,40.05750599]},"properties":{"name":"Boone County Community Clinic","assetType":"Birth Control Counseling","dataYear":"2011","assetId":"696256","subcategory":"Health","detail":"https://classic.savi.org/SAVI/PopUps/AssetMoreInfo.aspx?AssetID=696256"}},{"type":"Feature","geometry":{"type":"Point","coordinates":[-86.14486302,39.78938982]},"properties":{"name":"Citizens Health Corporation - Health Clinic","assetType":"Birth Control Counseling","dataYear":"2011","assetId":"691759","subcategory":"Health","detail":"https://classic.savi.org/SAVI/PopUps/AssetMoreInfo.aspx?AssetID=691759"}},{"type":"Feature","geometry":{"type":"Point","coordinates":[-86.13992762,39.74777934]},"properties":{"name":"Cottage Corner Health Center Wishard Health Services","assetType":"Birth Control Counseling","dataYear":"2011","assetId":"692707","subcategory":"Health","detail":"https://classic.savi.org/SAVI/PopUps/AssetMoreInfo.aspx?AssetID=692707"}},{"type":"Feature","geometry":{"type":"Point","coordinates":[-86.10285034,39.82600205]},"properties":{"name":"Forest Manor Health Center Wishard Health Services","assetType":"Birth Control Counseling","dataYear":"2011","assetId":"692699","subcategory":"Health","detail":"https://classic.savi.org/SAVI/PopUps/AssetMoreInfo.aspx?AssetID=692699"}},{"type":"Feature","geometry":{"type":"Point","coordinates":[-86.00185267,39.82600609]},"properties":{"name":"Grassy Creek Health Center Wishard Health Services","assetType":"Birth Control Counseling","dataYear":"2011","assetId":"692991","subcategory":"Health","detail":"https://classic.savi.org/SAVI/PopUps/AssetMoreInfo.aspx?AssetID=692991"}},{"type":"Feature","geometry":{"type":"Point","coordinates":[-86.0644045,39.8037259]},"properties":{"name":"North Arlington Health Center Wishard Health Services","assetType":"Birth Control Counseling","dataYear":"2011","assetId":"692717","subcategory":"Health","detail":"https://classic.savi.org/SAVI/PopUps/AssetMoreInfo.aspx?AssetID=692717"}},{"type":"Feature","geometry":{"type":"Point","coordinates":[-86.37886817,39.76101574]},"properties":{"name":"Planned Parenthood Avon Health Center","assetType":"Birth Control Counseling","dataYear":"2011","assetId":"693140","subcategory":"Health","detail":"https://classic.savi.org/SAVI/PopUps/AssetMoreInfo.aspx?AssetID=693140"}},{"type":"Feature","geometry":{"type":"Point","coordinates":[-86.05789151,39.90387975]},"properties":{"name":"Planned Parenthood Castleton Health Center","assetType":"Birth Control Counseling","dataYear":"2011","assetId":"693406","subcategory":"Health","detail":"https://classic.savi.org/SAVI/PopUps/AssetMoreInfo.aspx?AssetID=693406"}},{"type":"Feature","geometry":{"type":"Point","coordinates":[-86.00090428,39.77433492]},"properties":{"name":"Planned Parenthood Eastside Health Center","assetType":"Birth Control Counseling","dataYear":"2011","assetId":"693413","subcategory":"Health","detail":"https://classic.savi.org/SAVI/PopUps/AssetMoreInfo.aspx?AssetID=693413"}},{"type":"Feature","geometry":{"type":"Point","coordinates":[-86.1572441,39.82391744]},"properties":{"name":"Planned Parenthood Midtown Health Center","assetType":"Birth Control Counseling","dataYear":"2011","assetId":"691977","subcategory":"Health","detail":"https://classic.savi.org/SAVI/PopUps/AssetMoreInfo.aspx?AssetID=691977"}},{"type":"Feature","geometry":{"type":"Point","coordinates":[-86.14380391,39.70815868]},"properties":{"name":"Planned Parenthood Southside Clinic - Family Planning","assetType":"Birth Control Counseling","dataYear":"2011","assetId":"693416","subcategory":"Health","detail":"https://classic.savi.org/SAVI/PopUps/AssetMoreInfo.aspx?AssetID=693416"}},{"type":"Feature","geometry":{"type":"Point","coordinates":[-86.02707955,40.04689834]},"properties":{"name":"Riverview Community Health Clinic Riverview Hospital","assetType":"Birth Control Counseling","dataYear":"2011","assetId":"691290","subcategory":"Health","detail":"https://classic.savi.org/SAVI/PopUps/AssetMoreInfo.aspx?AssetID=691290"}},{"type":"Feature","geometry":{"type":"Point","coordinates":[-86.2279762,39.8167417]},"properties":{"name":"Shalom Health Care Center","assetType":"Birth Control Counseling","dataYear":"2011","assetId":"693501","subcategory":"Health","detail":"https://classic.savi.org/SAVI/PopUps/AssetMoreInfo.aspx?AssetID=693501"}},{"type":"Feature","geometry":{"type":"Point","coordinates":[-86.20608372,39.77470244]},"properties":{"name":"Westside Health Center Wishard Health Services","assetType":"Birth Control Counseling","dataYear":"2011","assetId":"692726","subcategory":"Health","detail":"https://classic.savi.org/SAVI/PopUps/AssetMoreInfo.aspx?AssetID=692726"}},{"type":"Feature","geometry":{"type":"Point","coordinates":[-86.10285034,39.82600205]},"properties":{"name":"Forest Manor Health Center Wishard Health Services","assetType":"Contraception","dataYear":"2011","assetId":"692698","subcategory":"Health","detail":"https://classic.savi.org/SAVI/PopUps/AssetMoreInfo.aspx?AssetID=692698"}},{"type":"Feature","geometry":{"type":"Point","coordinates":[-86.00185267,39.82600609]},"properties":{"name":"Grassy Creek Health Center Wishard Health Services","assetType":"Contraception","dataYear":"2011","assetId":"692990","subcategory":"Health","detail":"https://classic.savi.org/SAVI/PopUps/AssetMoreInfo.aspx?AssetID=692990"}},{"type":"Feature","geometry":{"type":"Point","coordinates":[-86.0644045,39.8037259]},"properties":{"name":"North Arlington Health Center Wishard Health Services","assetType":"Contraception","dataYear":"2011","assetId":"692716","subcategory":"Health","detail":"https://classic.savi.org/SAVI/PopUps/AssetMoreInfo.aspx?AssetID=692716"}},{"type":"Feature","geometry":{"type":"Point","coordinates":[-86.37886817,39.76101574]},"properties":{"name":"Planned Parenthood Avon Health Center","assetType":"Contraception","dataYear":"2011","assetId":"693135","subcategory":"Health","detail":"https://classic.savi.org/SAVI/PopUps/AssetMoreInfo.aspx?AssetID=693135"}},{"type":"Feature","geometry":{"type":"Point","coordinates":[-86.05789151,39.90387975]},"properties":{"name":"Planned Parenthood Castleton Health Center","assetType":"Contraception","dataYear":"2011","assetId":"693404","subcategory":"Health","detail":"https://classic.savi.org/SAVI/PopUps/AssetMoreInfo.aspx?AssetID=693404"}},{"type":"Feature","geometry":{"type":"Point","coordinates":[-86.00090428,39.77433492]},"properties":{"name":"Planned Parenthood Eastside Health Center","assetType":"Contraception","dataYear":"2011","assetId":"693412","subcategory":"Health","detail":"https://classic.savi.org/SAVI/PopUps/AssetMoreInfo.aspx?AssetID=693412"}},{"type":"Feature","geometry":{"type":"Point","coordinates":[-86.1572441,39.82391744]},"properties":{"name":"Planned Parenthood Midtown Health Center","assetType":"Contraception","dataYear":"2011","assetId":"691976","subcategory":"Health","detail":"https://classic.savi.org/SAVI/PopUps/AssetMoreInfo.aspx?AssetID=691976"}},{"type":"Feature","geometry":{"type":"Point","coordinates":[-86.14380391,39.70815868]},"properties":{"name":"Planned Parenthood Southside Clinic - Family Planning","assetType":"Contraception","dataYear":"2011","assetId":"693423","subcategory":"Health","detail":"https://classic.savi.org/SAVI/PopUps/AssetMoreInfo.aspx?AssetID=693423"}},{"type":"Feature","geometry":{"type":"Point","coordinates":[-86.20608372,39.77470244]},"properties":{"name":"Westside Health Center Wishard Health Services","assetType":"Contraception","dataYear":"2011","assetId":"692727","subcategory":"Health","detail":"https://classic.savi.org/SAVI/PopUps/AssetMoreInfo.aspx?AssetID=692727"}},{"type":"Feature","geometry":{"type":"Point","coordinates":[-86.155596,39.807779]},"properties":{"name":"A C T I O N Health Center MCPHD","assetType":"Natural Family Planning","dataYear":"2011","assetId":"691476","subcategory":"Health","detail":"https://classic.savi.org/SAVI/PopUps/AssetMoreInfo.aspx?AssetID=691476"}},{"type":"Feature","geometry":{"type":"Point","coordinates":[-86.1486209,39.77391818]},"properties":{"name":"Barton Annex Health Center Citizens Health","assetType":"Natural Family Planning","dataYear":"2011","assetId":"696550","subcategory":"Health","detail":"https://classic.savi.org/SAVI/PopUps/AssetMoreInfo.aspx?AssetID=696550"}},{"type":"Feature","geometry":{"type":"Point","coordinates":[-86.14486302,39.78938982]},"properties":{"name":"Citizens Health Corporation - Health Clinic","assetType":"Natural Family Planning","dataYear":"2011","assetId":"691764","subcategory":"Health","detail":"https://classic.savi.org/SAVI/PopUps/AssetMoreInfo.aspx?AssetID=691764"}},{"type":"Feature","geometry":{"type":"Point","coordinates":[-86.13992762,39.74777934]},"properties":{"name":"Cottage Corner Health Center Wishard Health Services","assetType":"Natural Family Planning","dataYear":"2011","assetId":"692702","subcategory":"Health","detail":"https://classic.savi.org/SAVI/PopUps/AssetMoreInfo.aspx?AssetID=692702"}},{"type":"Feature","geometry":{"type":"Point","coordinates":[-86.11754529,39.64430758]},"properties":{"name":"Countyline Family Health Center WindRose","assetType":"Natural Family Planning","dataYear":"2011","assetId":"695762","subcategory":"Health","detail":"https://classic.savi.org/SAVI/PopUps/AssetMoreInfo.aspx?AssetID=695762"}},{"type":"Feature","geometry":{"type":"Point","coordinates":[-85.95280449,39.35420558]},"properties":{"name":"Edinburgh Family Health Center WindRose","assetType":"Natural Family Planning","dataYear":"2011","assetId":"694738","subcategory":"Health","detail":"https://classic.savi.org/SAVI/PopUps/AssetMoreInfo.aspx?AssetID=694738"}},{"type":"Feature","geometry":{"type":"Point","coordinates":[-86.10285034,39.82600205]},"properties":{"name":"Forest Manor Health Center Wishard Health Services","assetType":"Natural Family Planning","dataYear":"2011","assetId":"692697","subcategory":"Health","detail":"https://classic.savi.org/SAVI/PopUps/AssetMoreInfo.aspx?AssetID=692697"}},{"type":"Feature","geometry":{"type":"Point","coordinates":[-86.00185267,39.82600609]},"properties":{"name":"Grassy Creek Health Center Wishard Health Services","assetType":"Natural Family Planning","dataYear":"2011","assetId":"692993","subcategory":"Health","detail":"https://classic.savi.org/SAVI/PopUps/AssetMoreInfo.aspx?AssetID=692993"}},{"type":"Feature","geometry":{"type":"Point","coordinates":[-86.0644045,39.8037259]},"properties":{"name":"North Arlington Health Center Wishard Health Services","assetType":"Natural Family Planning","dataYear":"2011","assetId":"692720","subcategory":"Health","detail":"https://classic.savi.org/SAVI/PopUps/AssetMoreInfo.aspx?AssetID=692720"}},{"type":"Feature","geometry":{"type":"Point","coordinates":[-86.16140737,39.78874573]},"properties":{"name":"OB GYN Care Center HealthNt","assetType":"Natural Family Planning","dataYear":"2011","assetId":"696246","subcategory":"Health","detail":"https://classic.savi.org/SAVI/PopUps/AssetMoreInfo.aspx?AssetID=696246"}},{"type":"Feature","geometry":{"type":"Point","coordinates":[-86.50187222,39.76110533]},"properties":{"name":"Partners in Care OB GYN Hendricks Regional Health","assetType":"Natural Family Planning","dataYear":"2011","assetId":"692561","subcategory":"Health","detail":"https://classic.savi.org/SAVI/PopUps/AssetMoreInfo.aspx?AssetID=692561"}},{"type":"Feature","geometry":{"type":"Point","coordinates":[-86.37886817,39.76101574]},"properties":{"name":"Planned Parenthood Avon Health Center","assetType":"Natural Family Planning","dataYear":"2011","assetId":"693138","subcategory":"Health","detail":"https://classic.savi.org/SAVI/PopUps/AssetMoreInfo.aspx?AssetID=693138"}},{"type":"Feature","geometry":{"type":"Point","coordinates":[-86.05789151,39.90387975]},"properties":{"name":"Planned Parenthood Castleton Health Center","assetType":"Natural Family Planning","dataYear":"2011","assetId":"693403","subcategory":"Health","detail":"https://classic.savi.org/SAVI/PopUps/AssetMoreInfo.aspx?AssetID=693403"}},{"type":"Feature","geometry":{"type":"Point","coordinates":[-86.00090428,39.77433492]},"properties":{"name":"Planned Parenthood Eastside Health Center","assetType":"Natural Family Planning","dataYear":"2011","assetId":"693411","subcategory":"Health","detail":"https://classic.savi.org/SAVI/PopUps/AssetMoreInfo.aspx?AssetID=693411"}},{"type":"Feature","geometry":{"type":"Point","coordinates":[-86.1572441,39.82391744]},"properties":{"name":"Planned Parenthood Midtown Health Center","assetType":"Natural Family Planning","dataYear":"2011","assetId":"691975","subcategory":"Health","detail":"https://classic.savi.org/SAVI/PopUps/AssetMoreInfo.aspx?AssetID=691975"}},{"type":"Feature","geometry":{"type":"Point","coordinates":[-86.14380391,39.70815868]},"properties":{"name":"Planned Parenthood Southside Clinic - Family Planning","assetType":"Natural Family Planning","dataYear":"2011","assetId":"693426","subcategory":"Health","detail":"https://classic.savi.org/SAVI/PopUps/AssetMoreInfo.aspx?AssetID=693426"}},{"type":"Feature","geometry":{"type":"Point","coordinates":[-86.2279762,39.8167417]},"properties":{"name":"Shalom Health Care Center","assetType":"Natural Family Planning","dataYear":"2011","assetId":"693505","subcategory":"Health","detail":"https://classic.savi.org/SAVI/PopUps/AssetMoreInfo.aspx?AssetID=693505"}},{"type":"Feature","geometry":{"type":"Point","coordinates":[-86.139675,39.754796]},"properties":{"name":"Southeast Health Center OB GYN HealthNet","assetType":"Natural Family Planning","dataYear":"2011","assetId":"693017","subcategory":"Health","detail":"https://classic.savi.org/SAVI/PopUps/AssetMoreInfo.aspx?AssetID=693017"}},{"type":"Feature","geometry":{"type":"Point","coordinates":[-86.19827555,39.75121393]},"properties":{"name":"Southwest Health Center OB GYN HealthNet","assetType":"Natural Family Planning","dataYear":"2011","assetId":"692629","subcategory":"Health","detail":"https://classic.savi.org/SAVI/PopUps/AssetMoreInfo.aspx?AssetID=692629"}},{"type":"Feature","geometry":{"type":"Point","coordinates":[-86.159268,39.41144]},"properties":{"name":"Trafalgar Family Health Center WindRose","assetType":"Natural Family Planning","dataYear":"2011","assetId":"694743","subcategory":"Health","detail":"https://classic.savi.org/SAVI/PopUps/AssetMoreInfo.aspx?AssetID=694743"}},{"type":"Feature","geometry":{"type":"Point","coordinates":[-86.20608372,39.77470244]},"properties":{"name":"Westside Health Center Wishard Health Services","assetType":"Natural Family Planning","dataYear":"2011","assetId":"692728","subcategory":"Health","detail":"https://classic.savi.org/SAVI/PopUps/AssetMoreInfo.aspx?AssetID=692728"}},{"type":"Feature","geometry":{"type":"Point","coordinates":[-86.1780711,39.77815461]},"properties":{"name":"Wishard Health Services - OB GYN Clinic","assetType":"Natural Family Planning","dataYear":"2011","assetId":"693054","subcategory":"Health","detail":"https://classic.savi.org/SAVI/PopUps/AssetMoreInfo.aspx?AssetID=693054"}},{"type":"Feature","geometry":{"type":"Point","coordinates":[-86.15577276,39.80796388]},"properties":{"name":"ACTION HEALTH CENTER - MARION COUNTY PUBLIC HEALTH DEPARTMENT","assetType":"Other Family Planning","dataYear":"2018","assetId":"921714","subcategory":"Health","detail":"https://classic.savi.org/SAVI/PopUps/AssetMoreInfo.aspx?AssetID=921714"}},{"type":"Feature","geometry":{"type":"Point","coordinates":[-86.4903543,40.04438473]},"properties":{"name":"BOONE COUNTY DIVISION OF FAMILY RESOURCES","assetType":"Other Family Planning","dataYear":"2018","assetId":"919959","subcategory":"Health","detail":"https://classic.savi.org/SAVI/PopUps/AssetMoreInfo.aspx?AssetID=919959"}},{"type":"Feature","geometry":{"type":"Point","coordinates":[-86.46785508,40.04856147]},"properties":{"name":"BOONE COUNTY HEALTH DEPARTMENT","assetType":"Other Family Planning","dataYear":"2018","assetId":"919681","subcategory":"Health","detail":"https://classic.savi.org/SAVI/PopUps/AssetMoreInfo.aspx?AssetID=919681"}},{"type":"Feature","geometry":{"type":"Point","coordinates":[-86.47131878,40.05792428]},"properties":{"name":"BOONE COUNTY PREGNANCY CENTER","assetType":"Other Family Planning","dataYear":"2018","assetId":"920635","subcategory":"Health","detail":"https://classic.savi.org/SAVI/PopUps/AssetMoreInfo.aspx?AssetID=920635"}},{"type":"Feature","geometry":{"type":"Point","coordinates":[-86.2456641,39.20853166]},"properties":{"name":"BROWN COUNTY DIVISION OF FAMILY RESOURCES","assetType":"Other Family Planning","dataYear":"2018","assetId":"920064","subcategory":"Health","detail":"https://classic.savi.org/SAVI/PopUps/AssetMoreInfo.aspx?AssetID=920064"}},{"type":"Feature","geometry":{"type":"Point","coordinates":[-86.24555014,39.20879249]},"properties":{"name":"BROWN COUNTY HEALTH DEPARTMENT","assetType":"Other Family Planning","dataYear":"2018","assetId":"916927","subcategory":"Health","detail":"https://classic.savi.org/SAVI/PopUps/AssetMoreInfo.aspx?AssetID=916927"}},{"type":"Feature","geometry":{"type":"Point","coordinates":[-86.3620535,39.60513224]},"properties":{"name":"CARE NET PREGNANCY CENTERS OF CENTRAL INDIANA - MOORESVILLE","assetType":"Other Family Planning","dataYear":"2018","assetId":"921609","subcategory":"Health","detail":"https://classic.savi.org/SAVI/PopUps/AssetMoreInfo.aspx?AssetID=921609"}},{"type":"Feature","geometry":{"type":"Point","coordinates":[-86.07516032,39.55037995]},"properties":{"name":"CARE NET PREGNANCY CENTERS OF CENTRAL INDIANA - WHITELAND","assetType":"Other Family Planning","dataYear":"2018","assetId":"921658","subcategory":"Health","detail":"https://classic.savi.org/SAVI/PopUps/AssetMoreInfo.aspx?AssetID=921658"}},{"type":"Feature","geometry":{"type":"Point","coordinates":[-86.22147147,39.78761637]},"properties":{"name":"CLINIC FOR WOMEN","assetType":"Other Family Planning","dataYear":"2018","assetId":"920718","subcategory":"Health","detail":"https://classic.savi.org/SAVI/PopUps/AssetMoreInfo.aspx?AssetID=920718"}},{"type":"Feature","geometry":{"type":"Point","coordinates":[-85.69332463,40.13039225]},"properties":{"name":"COMMUNITY HOSPITAL ANDERSON - NEW GENERATIONS BIRTH PLACE","assetType":"Other Family Planning","dataYear":"2018","assetId":"919271","subcategory":"Health","detail":"https://classic.savi.org/SAVI/PopUps/AssetMoreInfo.aspx?AssetID=919271"}},{"type":"Feature","geometry":{"type":"Point","coordinates":[-86.13377625,39.76788668]},"properties":{"name":"DAMIEN CENTER","assetType":"Other Family Planning","dataYear":"2018","assetId":"919916","subcategory":"Health","detail":"https://classic.savi.org/SAVI/PopUps/AssetMoreInfo.aspx?AssetID=919916"}},{"type":"Feature","geometry":{"type":"Point","coordinates":[-86.15692077,39.81503262]},"properties":{"name":"DOWNTOWN PREGNANCY CENTER","assetType":"Other Family Planning","dataYear":"2018","assetId":"920644","subcategory":"Health","detail":"https://classic.savi.org/SAVI/PopUps/AssetMoreInfo.aspx?AssetID=920644"}},{"type":"Feature","geometry":{"type":"Point","coordinates":[-86.06380078,39.78201331]},"properties":{"name":"EAST PREGNANCY CENTER","assetType":"Other Family Planning","dataYear":"2018","assetId":"920515","subcategory":"Health","detail":"https://classic.savi.org/SAVI/PopUps/AssetMoreInfo.aspx?AssetID=920515"}},{"type":"Feature","geometry":{"type":"Point","coordinates":[-86.13994636,39.74821923]},"properties":{"name":"ESKENAZI HEALTH - COTTAGE CORNER CENTER","assetType":"Other Family Planning","dataYear":"2018","assetId":"922675","subcategory":"Health","detail":"https://classic.savi.org/SAVI/PopUps/AssetMoreInfo.aspx?AssetID=922675"}},{"type":"Feature","geometry":{"type":"Point","coordinates":[-86.00161822,39.82527041]},"properties":{"name":"ESKENAZI HEALTH - GRASSY CREEK CENTER","assetType":"Other Family Planning","dataYear":"2018","assetId":"922641","subcategory":"Health","detail":"https://classic.savi.org/SAVI/PopUps/AssetMoreInfo.aspx?AssetID=922641"}},{"type":"Feature","geometry":{"type":"Point","coordinates":[-86.20822639,39.88119655]},"properties":{"name":"ESKENAZI HEALTH - PECAR CENTER","assetType":"Other Family Planning","dataYear":"2018","assetId":"922453","subcategory":"Health","detail":"https://classic.savi.org/SAVI/PopUps/AssetMoreInfo.aspx?AssetID=922453"}},{"type":"Feature","geometry":{"type":"Point","coordinates":[-86.25753595,39.82364625]},"properties":{"name":"ESKENAZI HEALTH - WEST 38TH STREET","assetType":"Other Family Planning","dataYear":"2018","assetId":"922501","subcategory":"Health","detail":"https://classic.savi.org/SAVI/PopUps/AssetMoreInfo.aspx?AssetID=922501"}},{"type":"Feature","geometry":{"type":"Point","coordinates":[-86.12041071,39.84271932]},"properties":{"name":"ESKENAZI HEALTH - WILLOWBROOK FAMILY PLANNING CLINIC","assetType":"Other Family Planning","dataYear":"2018","assetId":"922449","subcategory":"Health","detail":"https://classic.savi.org/SAVI/PopUps/AssetMoreInfo.aspx?AssetID=922449"}},{"type":"Feature","geometry":{"type":"Point","coordinates":[-85.69195514,40.13278443]},"properties":{"name":"FIRST CHOICE FOR WOMEN -ANDERSON AND MADISON COUNTY","assetType":"Other Family Planning","dataYear":"2018","assetId":"919482","subcategory":"Health","detail":"https://classic.savi.org/SAVI/PopUps/AssetMoreInfo.aspx?AssetID=919482"}},{"type":"Feature","geometry":{"type":"Point","coordinates":[-86.11734835,39.76894691]},"properties":{"name":"GOOD NEWS HEALTH CLINIC","assetType":"Other Family Planning","dataYear":"2018","assetId":"918796","subcategory":"Health","detail":"https://classic.savi.org/SAVI/PopUps/AssetMoreInfo.aspx?AssetID=918796"}},{"type":"Feature","geometry":{"type":"Point","coordinates":[-86.0128125,40.03651889]},"properties":{"name":"HAMILTON COUNTY DIVISION OF FAMILY RESOURCES","assetType":"Other Family Planning","dataYear":"2018","assetId":"920088","subcategory":"Health","detail":"https://classic.savi.org/SAVI/PopUps/AssetMoreInfo.aspx?AssetID=920088"}},{"type":"Feature","geometry":{"type":"Point","coordinates":[-85.9911682,40.04950113]},"properties":{"name":"HAMILTON COUNTY HEALTH DEPARTMENT","assetType":"Other Family Planning","dataYear":"2018","assetId":"918694","subcategory":"Health","detail":"https://classic.savi.org/SAVI/PopUps/AssetMoreInfo.aspx?AssetID=918694"}},{"type":"Feature","geometry":{"type":"Point","coordinates":[-86.02594455,40.04864871]},"properties":{"name":"HAMILTON COUNTY PREGNANCY CENTER","assetType":"Other Family Planning","dataYear":"2018","assetId":"920640","subcategory":"Health","detail":"https://classic.savi.org/SAVI/PopUps/AssetMoreInfo.aspx?AssetID=920640"}},{"type":"Feature","geometry":{"type":"Point","coordinates":[-85.76848829,39.80995404]},"properties":{"name":"HANCOCK COUNTY DIVISION OF FAMILY RESOURCES","assetType":"Other Family Planning","dataYear":"2018","assetId":"920198","subcategory":"Health","detail":"https://classic.savi.org/SAVI/PopUps/AssetMoreInfo.aspx?AssetID=920198"}},{"type":"Feature","geometry":{"type":"Point","coordinates":[-86.16130212,39.78875691]},"properties":{"name":"HEALTHNET CARE MATERNAL-FETAL MEDICINE CENTER","assetType":"Other Family Planning","dataYear":"2018","assetId":"918639","subcategory":"Health","detail":"https://classic.savi.org/SAVI/PopUps/AssetMoreInfo.aspx?AssetID=918639"}},{"type":"Feature","geometry":{"type":"Point","coordinates":[-86.16130212,39.78875691]},"properties":{"name":"HEALTHNET CARE MATERNAL-FETAL MEDICINE CENTER","assetType":"Other Family Planning","dataYear":"2018","assetId":"918638","subcategory":"Health","detail":"https://classic.savi.org/SAVI/PopUps/AssetMoreInfo.aspx?AssetID=918638"}},{"type":"Feature","geometry":{"type":"Point","coordinates":[-86.01170847,39.82746745]},"properties":{"name":"HEALTHNET EASTSIDE HEALTH CENTER","assetType":"Other Family Planning","dataYear":"2018","assetId":"918450","subcategory":"Health","detail":"https://classic.savi.org/SAVI/PopUps/AssetMoreInfo.aspx?AssetID=918450"}},{"type":"Feature","geometry":{"type":"Point","coordinates":[-86.11976288,39.80829122]},"properties":{"name":"HEALTHNET MARTINDALE-BRIGHTWOOD HEALTH","assetType":"Other Family Planning","dataYear":"2018","assetId":"918641","subcategory":"Health","detail":"https://classic.savi.org/SAVI/PopUps/AssetMoreInfo.aspx?AssetID=918641"}},{"type":"Feature","geometry":{"type":"Point","coordinates":[-86.18766513,39.7513741]},"properties":{"name":"HEALTHNET SOUTHWEST HEALTH AND DENTAL CENTER","assetType":"Other Family Planning","dataYear":"2018","assetId":"918449","subcategory":"Health","detail":"https://classic.savi.org/SAVI/PopUps/AssetMoreInfo.aspx?AssetID=918449"}},{"type":"Feature","geometry":{"type":"Point","coordinates":[-86.36405978,39.71334001]},"properties":{"name":"HENDRICKS COUNTY DIVISION OF FAMILY RESOURCES","assetType":"Other Family Planning","dataYear":"2018","assetId":"920083","subcategory":"Health","detail":"https://classic.savi.org/SAVI/PopUps/AssetMoreInfo.aspx?AssetID=920083"}},{"type":"Feature","geometry":{"type":"Point","coordinates":[-86.50135798,39.76182864]},"properties":{"name":"HENDRICKS REGIONAL HEALTH","assetType":"Other Family Planning","dataYear":"2018","assetId":"918441","subcategory":"Health","detail":"https://classic.savi.org/SAVI/PopUps/AssetMoreInfo.aspx?AssetID=918441"}},{"type":"Feature","geometry":{"type":"Point","coordinates":[-85.69313,40.13000964]},"properties":{"name":"JANE PAULEY COMMUNITY HEALTH CENTER AT ANDERSON","assetType":"Other Family Planning","dataYear":"2018","assetId":"917366","subcategory":"Health","detail":"https://classic.savi.org/SAVI/PopUps/AssetMoreInfo.aspx?AssetID=917366"}},{"type":"Feature","geometry":{"type":"Point","coordinates":[-86.04562298,39.7955586]},"properties":{"name":"JANE PAULEY COMMUNITY HEALTH CENTER AT SHADELAND AVENUE","assetType":"Other Family Planning","dataYear":"2018","assetId":"917327","subcategory":"Health","detail":"https://classic.savi.org/SAVI/PopUps/AssetMoreInfo.aspx?AssetID=917327"}},{"type":"Feature","geometry":{"type":"Point","coordinates":[-86.02517117,39.48082336]},"properties":{"name":"JOHNSON COUNTY DIVISION OF FAMILY RESOURCES","assetType":"Other Family Planning","dataYear":"2018","assetId":"920148","subcategory":"Health","detail":"https://classic.savi.org/SAVI/PopUps/AssetMoreInfo.aspx?AssetID=920148"}},{"type":"Feature","geometry":{"type":"Point","coordinates":[-86.8460895,39.6221169]},"properties":{"name":"JOHNSON NICHOLS HEALTH CLINIC - GREENCASTLE","assetType":"Other Family Planning","dataYear":"2018","assetId":"920753","subcategory":"Health","detail":"https://classic.savi.org/SAVI/PopUps/AssetMoreInfo.aspx?AssetID=920753"}},{"type":"Feature","geometry":{"type":"Point","coordinates":[-85.77009907,39.80255164]},"properties":{"name":"LIFE CHOICES CARE CENTER OF GREENFIELD","assetType":"Other Family Planning","dataYear":"2018","assetId":"920779","subcategory":"Health","detail":"https://classic.savi.org/SAVI/PopUps/AssetMoreInfo.aspx?AssetID=920779"}},{"type":"Feature","geometry":{"type":"Point","coordinates":[-85.67588328,40.106611]},"properties":{"name":"MADISON COUNTY DIVISION OF FAMILY RESOURCES","assetType":"Other Family Planning","dataYear":"2018","assetId":"920065","subcategory":"Health","detail":"https://classic.savi.org/SAVI/PopUps/AssetMoreInfo.aspx?AssetID=920065"}},{"type":"Feature","geometry":{"type":"Point","coordinates":[-85.67656845,40.10733476]},"properties":{"name":"MADISON COUNTY HEALTH DEPARTMENT","assetType":"Other Family Planning","dataYear":"2018","assetId":"919940","subcategory":"Health","detail":"https://classic.savi.org/SAVI/PopUps/AssetMoreInfo.aspx?AssetID=919940"}},{"type":"Feature","geometry":{"type":"Point","coordinates":[-86.15692077,39.81503262]},"properties":{"name":"MARION COUNTY DIVISION OF FAMILY RESOURCES - CENTRAL","assetType":"Other Family Planning","dataYear":"2018","assetId":"920070","subcategory":"Health","detail":"https://classic.savi.org/SAVI/PopUps/AssetMoreInfo.aspx?AssetID=920070"}},{"type":"Feature","geometry":{"type":"Point","coordinates":[-86.06416279,39.78453312]},"properties":{"name":"MARION COUNTY DIVISION OF FAMILY RESOURCES - EAST","assetType":"Other Family Planning","dataYear":"2018","assetId":"919929","subcategory":"Health","detail":"https://classic.savi.org/SAVI/PopUps/AssetMoreInfo.aspx?AssetID=919929"}},{"type":"Feature","geometry":{"type":"Point","coordinates":[-86.11935686,39.86246524]},"properties":{"name":"MARION COUNTY DIVISION OF FAMILY RESOURCES - NORTH","assetType":"Other Family Planning","dataYear":"2018","assetId":"919934","subcategory":"Health","detail":"https://classic.savi.org/SAVI/PopUps/AssetMoreInfo.aspx?AssetID=919934"}},{"type":"Feature","geometry":{"type":"Point","coordinates":[-86.14336714,39.70922411]},"properties":{"name":"MARION COUNTY DIVISION OF FAMILY RESOURCES - SOUTH","assetType":"Other Family Planning","dataYear":"2018","assetId":"920191","subcategory":"Health","detail":"https://classic.savi.org/SAVI/PopUps/AssetMoreInfo.aspx?AssetID=920191"}},{"type":"Feature","geometry":{"type":"Point","coordinates":[-86.25689949,39.79541962]},"properties":{"name":"MARION COUNTY DIVISION OF FAMILY RESOURCES - WEST","assetType":"Other Family Planning","dataYear":"2018","assetId":"920075","subcategory":"Health","detail":"https://classic.savi.org/SAVI/PopUps/AssetMoreInfo.aspx?AssetID=920075"}},{"type":"Feature","geometry":{"type":"Point","coordinates":[-86.2687059,39.54496811]},"properties":{"name":"MORGAN COUNTY DIVISION OF FAMILY RESOURCES","assetType":"Other Family Planning","dataYear":"2018","assetId":"919954","subcategory":"Health","detail":"https://classic.savi.org/SAVI/PopUps/AssetMoreInfo.aspx?AssetID=919954"}},{"type":"Feature","geometry":{"type":"Point","coordinates":[-86.02796763,39.83628558]},"properties":{"name":"NORTHEAST PREGNANCY CENTER","assetType":"Other Family Planning","dataYear":"2018","assetId":"920519","subcategory":"Health","detail":"https://classic.savi.org/SAVI/PopUps/AssetMoreInfo.aspx?AssetID=920519"}},{"type":"Feature","geometry":{"type":"Point","coordinates":[-85.64738817,40.10573993]},"properties":{"name":"OPEN DOOR FAMILY PLANNING - ANDERSON","assetType":"Other Family Planning","dataYear":"2018","assetId":"919995","subcategory":"Health","detail":"https://classic.savi.org/SAVI/PopUps/AssetMoreInfo.aspx?AssetID=919995"}},{"type":"Feature","geometry":{"type":"Point","coordinates":[-86.12158629,39.78182044]},"properties":{"name":"PEOPLE S HEALTH CENTER","assetType":"Other Family Planning","dataYear":"2018","assetId":"918647","subcategory":"Health","detail":"https://classic.savi.org/SAVI/PopUps/AssetMoreInfo.aspx?AssetID=918647"}},{"type":"Feature","geometry":{"type":"Point","coordinates":[-86.15835047,39.76423399]},"properties":{"name":"PLANNED PARENTHOOD OF INDIANA AND KENTUCKY","assetType":"Other Family Planning","dataYear":"2018","assetId":"917917","subcategory":"Health","detail":"https://classic.savi.org/SAVI/PopUps/AssetMoreInfo.aspx?AssetID=917917"}},{"type":"Feature","geometry":{"type":"Point","coordinates":[-86.15835047,39.76423399]},"properties":{"name":"PLANNED PARENTHOOD OF INDIANA AND KENTUCKY","assetType":"Other Family Planning","dataYear":"2018","assetId":"917793","subcategory":"Health","detail":"https://classic.savi.org/SAVI/PopUps/AssetMoreInfo.aspx?AssetID=917793"}},{"type":"Feature","geometry":{"type":"Point","coordinates":[-86.83874337,39.64196476]},"properties":{"name":"PUTNAM COUNTY DIVISION OF FAMILY SERVICES","assetType":"Other Family Planning","dataYear":"2018","assetId":"919926","subcategory":"Health","detail":"https://classic.savi.org/SAVI/PopUps/AssetMoreInfo.aspx?AssetID=919926"}},{"type":"Feature","geometry":{"type":"Point","coordinates":[-85.68060525,40.0962344]},"properties":{"name":"SAINT VINCENT ANDERSON REGIONAL","assetType":"Other Family Planning","dataYear":"2018","assetId":"919206","subcategory":"Health","detail":"https://classic.savi.org/SAVI/PopUps/AssetMoreInfo.aspx?AssetID=919206"}},{"type":"Feature","geometry":{"type":"Point","coordinates":[-85.84373174,40.27550743]},"properties":{"name":"SAINT VINCENT MERCY","assetType":"Other Family Planning","dataYear":"2018","assetId":"919198","subcategory":"Health","detail":"https://classic.savi.org/SAVI/PopUps/AssetMoreInfo.aspx?AssetID=919198"}},{"type":"Feature","geometry":{"type":"Point","coordinates":[-85.74066902,39.51636058]},"properties":{"name":"SHELBY COUNTY DIVISION OF FAMILY RESOURCES","assetType":"Other Family Planning","dataYear":"2018","assetId":"919949","subcategory":"Health","detail":"https://classic.savi.org/SAVI/PopUps/AssetMoreInfo.aspx?AssetID=919949"}},{"type":"Feature","geometry":{"type":"Point","coordinates":[-86.14381061,39.70837177]},"properties":{"name":"SOUTH PREGNANCY CENTER","assetType":"Other Family Planning","dataYear":"2018","assetId":"920514","subcategory":"Health","detail":"https://classic.savi.org/SAVI/PopUps/AssetMoreInfo.aspx?AssetID=920514"}},{"type":"Feature","geometry":{"type":"Point","coordinates":[-86.14868911,39.99920968]},"properties":{"name":"TRINITY FREE CLINIC","assetType":"Other Family Planning","dataYear":"2018","assetId":"919437","subcategory":"Health","detail":"https://classic.savi.org/SAVI/PopUps/AssetMoreInfo.aspx?AssetID=919437"}},{"type":"Feature","geometry":{"type":"Point","coordinates":[-86.22142189,39.81077681]},"properties":{"name":"WEST PREGNANCY CENTER","assetType":"Other Family Planning","dataYear":"2018","assetId":"920641","subcategory":"Health","detail":"https://classic.savi.org/SAVI/PopUps/AssetMoreInfo.aspx?AssetID=920641"}},{"type":"Feature","geometry":{"type":"Point","coordinates":[-86.1373112,39.63643924]},"properties":{"name":"WINDROSE HEALTH NETWORK - COUNTYLINE CENTER","assetType":"Other Family Planning","dataYear":"2018","assetId":"920337","subcategory":"Health","detail":"https://classic.savi.org/SAVI/PopUps/AssetMoreInfo.aspx?AssetID=920337"}},{"type":"Feature","geometry":{"type":"Point","coordinates":[-86.15106322,39.68478844]},"properties":{"name":"WINDROSE HEALTH NETWORK - EPLER PARKE CENTER","assetType":"Other Family Planning","dataYear":"2018","assetId":"920524","subcategory":"Health","detail":"https://classic.savi.org/SAVI/PopUps/AssetMoreInfo.aspx?AssetID=920524"}},{"type":"Feature","geometry":{"type":"Point","coordinates":[-86.02743416,39.48126643]},"properties":{"name":"WINDROSE HEALTH NETWORK - FRANKLIN CENTER","assetType":"Other Family Planning","dataYear":"2018","assetId":"920528","subcategory":"Health","detail":"https://classic.savi.org/SAVI/PopUps/AssetMoreInfo.aspx?AssetID=920528"}},{"type":"Feature","geometry":{"type":"Point","coordinates":[-86.16011052,39.4109815]},"properties":{"name":"WINDROSE HEALTH NETWORK - TRAFALGAR CENTER","assetType":"Other Family Planning","dataYear":"2018","assetId":"920531","subcategory":"Health","detail":"https://classic.savi.org/SAVI/PopUps/AssetMoreInfo.aspx?AssetID=920531"}},{"type":"Feature","geometry":{"type":"Point","coordinates":[-86.24157344,39.91087395]},"properties":{"name":"WOMEN S CARE CENTER OF INDIANAPOLIS","assetType":"Other Family Planning","dataYear":"2018","assetId":"916938","subcategory":"Health","detail":"https://classic.savi.org/SAVI/PopUps/AssetMoreInfo.aspx?AssetID=916938"}},{"type":"Feature","geometry":{"type":"Point","coordinates":[-86.155596,39.807779]},"properties":{"name":"A C T I O N Health Center MCPHD","assetType":"Pregnancy Counseling","dataYear":"2011","assetId":"691474","subcategory":"Health","detail":"https://classic.savi.org/SAVI/PopUps/AssetMoreInfo.aspx?AssetID=691474"}},{"type":"Feature","geometry":{"type":"Point","coordinates":[-86.15740048,39.78580834]},"properties":{"name":"Birthline Pregnancy Counseling Office for Pro-Life Ministries","assetType":"Pregnancy Counseling","dataYear":"2011","assetId":"693546","subcategory":"Health","detail":"https://classic.savi.org/SAVI/PopUps/AssetMoreInfo.aspx?AssetID=693546"}},{"type":"Feature","geometry":{"type":"Point","coordinates":[-86.01369533,40.13155944]},"properties":{"name":"Birthright of Cicero","assetType":"Pregnancy Counseling","dataYear":"2011","assetId":"693579","subcategory":"Health","detail":"https://classic.savi.org/SAVI/PopUps/AssetMoreInfo.aspx?AssetID=693579"}},{"type":"Feature","geometry":{"type":"Point","coordinates":[-86.47121015,40.05820685]},"properties":{"name":"Boone County Pregnancy Center - Counseling Life Centers","assetType":"Pregnancy Counseling","dataYear":"2011","assetId":"692786","subcategory":"Health","detail":"https://classic.savi.org/SAVI/PopUps/AssetMoreInfo.aspx?AssetID=692786"}},{"type":"Feature","geometry":{"type":"Point","coordinates":[-86.3637705,39.60643107]},"properties":{"name":"Care Net Pregnancy Care Center of Morgan County","assetType":"Pregnancy Counseling","dataYear":"2011","assetId":"694383","subcategory":"Health","detail":"https://classic.savi.org/SAVI/PopUps/AssetMoreInfo.aspx?AssetID=694383"}},{"type":"Feature","geometry":{"type":"Point","coordinates":[-86.47459009,40.07472812]},"properties":{"name":"Child Birth Education Witham Health Services","assetType":"Pregnancy Counseling","dataYear":"2011","assetId":"694090","subcategory":"Health","detail":"https://classic.savi.org/SAVI/PopUps/AssetMoreInfo.aspx?AssetID=694090"}},{"type":"Feature","geometry":{"type":"Point","coordinates":[-86.11892414,39.82532417]},"properties":{"name":"Children s Bureau - Expectant Parent Services","assetType":"Pregnancy Counseling","dataYear":"2011","assetId":"693121","subcategory":"Health","detail":"https://classic.savi.org/SAVI/PopUps/AssetMoreInfo.aspx?AssetID=693121"}},{"type":"Feature","geometry":{"type":"Point","coordinates":[-86.20420285,39.78483884]},"properties":{"name":"Downtown Pregnancy Center-Pregnancy Life Centers","assetType":"Pregnancy Counseling","dataYear":"2011","assetId":"693602","subcategory":"Health","detail":"https://classic.savi.org/SAVI/PopUps/AssetMoreInfo.aspx?AssetID=693602"}},{"type":"Feature","geometry":{"type":"Point","coordinates":[-86.064096,39.781722]},"properties":{"name":"East Pregnancy Center-Pregnancy Counseling Life Centers","assetType":"Pregnancy Counseling","dataYear":"2011","assetId":"692784","subcategory":"Health","detail":"https://classic.savi.org/SAVI/PopUps/AssetMoreInfo.aspx?AssetID=692784"}},{"type":"Feature","geometry":{"type":"Point","coordinates":[-86.14990363,39.95925699]},"properties":{"name":"LDS Family Services - Birth Parent Services","assetType":"Pregnancy Counseling","dataYear":"2011","assetId":"692520","subcategory":"Health","detail":"https://classic.savi.org/SAVI/PopUps/AssetMoreInfo.aspx?AssetID=692520"}},{"type":"Feature","geometry":{"type":"Point","coordinates":[-86.155596,39.807779]},"properties":{"name":"P E A K Parenting Support Group MCPHD","assetType":"Pregnancy Counseling","dataYear":"2011","assetId":"695007","subcategory":"Health","detail":"https://classic.savi.org/SAVI/PopUps/AssetMoreInfo.aspx?AssetID=695007"}},{"type":"Feature","geometry":{"type":"Point","coordinates":[-86.37886817,39.76101574]},"properties":{"name":"Planned Parenthood Avon Health Center","assetType":"Pregnancy Counseling","dataYear":"2011","assetId":"693142","subcategory":"Health","detail":"https://classic.savi.org/SAVI/PopUps/AssetMoreInfo.aspx?AssetID=693142"}},{"type":"Feature","geometry":{"type":"Point","coordinates":[-86.05789151,39.90387975]},"properties":{"name":"Planned Parenthood Castleton Health Center","assetType":"Pregnancy Counseling","dataYear":"2011","assetId":"693402","subcategory":"Health","detail":"https://classic.savi.org/SAVI/PopUps/AssetMoreInfo.aspx?AssetID=693402"}},{"type":"Feature","geometry":{"type":"Point","coordinates":[-86.00090428,39.77433492]},"properties":{"name":"Planned Parenthood Eastside Health Center","assetType":"Pregnancy Counseling","dataYear":"2011","assetId":"693415","subcategory":"Health","detail":"https://classic.savi.org/SAVI/PopUps/AssetMoreInfo.aspx?AssetID=693415"}},{"type":"Feature","geometry":{"type":"Point","coordinates":[-86.1572441,39.82391744]},"properties":{"name":"Planned Parenthood Midtown Health Center","assetType":"Pregnancy Counseling","dataYear":"2011","assetId":"691978","subcategory":"Health","detail":"https://classic.savi.org/SAVI/PopUps/AssetMoreInfo.aspx?AssetID=691978"}},{"type":"Feature","geometry":{"type":"Point","coordinates":[-86.14380391,39.70815868]},"properties":{"name":"Planned Parenthood Southside Clinic - Family Planning","assetType":"Pregnancy Counseling","dataYear":"2011","assetId":"693422","subcategory":"Health","detail":"https://classic.savi.org/SAVI/PopUps/AssetMoreInfo.aspx?AssetID=693422"}},{"type":"Feature","geometry":{"type":"Point","coordinates":[-85.76538198,39.78504247]},"properties":{"name":"Pregnancy Care Center of Greenfield","assetType":"Pregnancy Counseling","dataYear":"2011","assetId":"694304","subcategory":"Health","detail":"https://classic.savi.org/SAVI/PopUps/AssetMoreInfo.aspx?AssetID=694304"}},{"type":"Feature","geometry":{"type":"Point","coordinates":[-86.14026168,39.912561]},"properties":{"name":"Right to Life of Indianapolis - Information and Education","assetType":"Pregnancy Counseling","dataYear":"2011","assetId":"692023","subcategory":"Health","detail":"https://classic.savi.org/SAVI/PopUps/AssetMoreInfo.aspx?AssetID=692023"}},{"type":"Feature","geometry":{"type":"Point","coordinates":[-86.14026168,39.912561]},"properties":{"name":"Right to Life of Indianapolis - Pregnancy Options","assetType":"Pregnancy Counseling","dataYear":"2011","assetId":"696283","subcategory":"Health","detail":"https://classic.savi.org/SAVI/PopUps/AssetMoreInfo.aspx?AssetID=696283"}},{"type":"Feature","geometry":{"type":"Point","coordinates":[-85.95555576,39.90462829]},"properties":{"name":"Saint Gianna Society of Saint Simon","assetType":"Pregnancy Counseling","dataYear":"2011","assetId":"696092","subcategory":"Health","detail":"https://classic.savi.org/SAVI/PopUps/AssetMoreInfo.aspx?AssetID=696092"}},{"type":"Feature","geometry":{"type":"Point","coordinates":[-86.2279762,39.8167417]},"properties":{"name":"Shalom Health Care Center","assetType":"Pregnancy Counseling","dataYear":"2011","assetId":"693497","subcategory":"Health","detail":"https://classic.savi.org/SAVI/PopUps/AssetMoreInfo.aspx?AssetID=693497"}},{"type":"Feature","geometry":{"type":"Point","coordinates":[-86.22138256,39.81057854]},"properties":{"name":"West Pregnancy Center-Pregnancy Counseling Life Centers","assetType":"Pregnancy Counseling","dataYear":"2011","assetId":"692782","subcategory":"Health","detail":"https://classic.savi.org/SAVI/PopUps/AssetMoreInfo.aspx?AssetID=692782"}},{"type":"Feature","geometry":{"type":"Point","coordinates":[-86.155596,39.807779]},"properties":{"name":"A C T I O N Health Center MCPHD","assetType":"Pregnancy Testing","dataYear":"2011","assetId":"691473","subcategory":"Health","detail":"https://classic.savi.org/SAVI/PopUps/AssetMoreInfo.aspx?AssetID=691473"}},{"type":"Feature","geometry":{"type":"Point","coordinates":[-86.10776747,39.73733875]},"properties":{"name":"Barrington Health Center HealthNet Community Health Centers","assetType":"Pregnancy Testing","dataYear":"2011","assetId":"692607","subcategory":"Health","detail":"https://classic.savi.org/SAVI/PopUps/AssetMoreInfo.aspx?AssetID=692607"}},{"type":"Feature","geometry":{"type":"Point","coordinates":[-86.1486209,39.77391818]},"properties":{"name":"Barton Annex Health Center Citizens Health","assetType":"Pregnancy Testing","dataYear":"2011","assetId":"696551","subcategory":"Health","detail":"https://classic.savi.org/SAVI/PopUps/AssetMoreInfo.aspx?AssetID=696551"}},{"type":"Feature","geometry":{"type":"Point","coordinates":[-86.01369533,40.13155944]},"properties":{"name":"Birthright of Cicero","assetType":"Pregnancy Testing","dataYear":"2011","assetId":"693580","subcategory":"Health","detail":"https://classic.savi.org/SAVI/PopUps/AssetMoreInfo.aspx?AssetID=693580"}},{"type":"Feature","geometry":{"type":"Point","coordinates":[-86.47121015,40.05820685]},"properties":{"name":"Boone County Pregnancy Center - Counseling Life Centers","assetType":"Pregnancy Testing","dataYear":"2011","assetId":"692787","subcategory":"Health","detail":"https://classic.savi.org/SAVI/PopUps/AssetMoreInfo.aspx?AssetID=692787"}},{"type":"Feature","geometry":{"type":"Point","coordinates":[-86.1391245,39.86966072]},"properties":{"name":"Broad Ripple Health Center Wishard Health Services","assetType":"Pregnancy Testing","dataYear":"2011","assetId":"694115","subcategory":"Health","detail":"https://classic.savi.org/SAVI/PopUps/AssetMoreInfo.aspx?AssetID=694115"}},{"type":"Feature","geometry":{"type":"Point","coordinates":[-86.3637705,39.60643107]},"properties":{"name":"Care Net Pregnancy Care Center of Morgan County","assetType":"Pregnancy Testing","dataYear":"2011","assetId":"694384","subcategory":"Health","detail":"https://classic.savi.org/SAVI/PopUps/AssetMoreInfo.aspx?AssetID=694384"}},{"type":"Feature","geometry":{"type":"Point","coordinates":[-86.04607472,39.88555594]},"properties":{"name":"Castleton Health Center Wishard Health Services","assetType":"Pregnancy Testing","dataYear":"2011","assetId":"694123","subcategory":"Health","detail":"https://classic.savi.org/SAVI/PopUps/AssetMoreInfo.aspx?AssetID=694123"}},{"type":"Feature","geometry":{"type":"Point","coordinates":[-86.14486302,39.78938982]},"properties":{"name":"Citizens Health Corporation - Health Clinic","assetType":"Pregnancy Testing","dataYear":"2011","assetId":"691767","subcategory":"Health","detail":"https://classic.savi.org/SAVI/PopUps/AssetMoreInfo.aspx?AssetID=691767"}},{"type":"Feature","geometry":{"type":"Point","coordinates":[-86.13992762,39.74777934]},"properties":{"name":"Cottage Corner Health Center Wishard Health Services","assetType":"Pregnancy Testing","dataYear":"2011","assetId":"692705","subcategory":"Health","detail":"https://classic.savi.org/SAVI/PopUps/AssetMoreInfo.aspx?AssetID=692705"}},{"type":"Feature","geometry":{"type":"Point","coordinates":[-86.20420285,39.78483884]},"properties":{"name":"Downtown Pregnancy Center-Pregnancy Life Centers","assetType":"Pregnancy Testing","dataYear":"2011","assetId":"693603","subcategory":"Health","detail":"https://classic.savi.org/SAVI/PopUps/AssetMoreInfo.aspx?AssetID=693603"}},{"type":"Feature","geometry":{"type":"Point","coordinates":[-86.27756923,39.82645421]},"properties":{"name":"Eagle Highland Health Center IU Group","assetType":"Pregnancy Testing","dataYear":"2011","assetId":"694119","subcategory":"Health","detail":"https://classic.savi.org/SAVI/PopUps/AssetMoreInfo.aspx?AssetID=694119"}},{"type":"Feature","geometry":{"type":"Point","coordinates":[-86.064096,39.781722]},"properties":{"name":"East Pregnancy Center-Pregnancy Counseling Life Centers","assetType":"Pregnancy Testing","dataYear":"2011","assetId":"692785","subcategory":"Health","detail":"https://classic.savi.org/SAVI/PopUps/AssetMoreInfo.aspx?AssetID=692785"}},{"type":"Feature","geometry":{"type":"Point","coordinates":[-86.10285034,39.82600205]},"properties":{"name":"Forest Manor Health Center Wishard Health Services","assetType":"Pregnancy Testing","dataYear":"2011","assetId":"692692","subcategory":"Health","detail":"https://classic.savi.org/SAVI/PopUps/AssetMoreInfo.aspx?AssetID=692692"}},{"type":"Feature","geometry":{"type":"Point","coordinates":[-86.00185267,39.82600609]},"properties":{"name":"Grassy Creek Health Center Wishard Health Services","assetType":"Pregnancy Testing","dataYear":"2011","assetId":"692985","subcategory":"Health","detail":"https://classic.savi.org/SAVI/PopUps/AssetMoreInfo.aspx?AssetID=692985"}},{"type":"Feature","geometry":{"type":"Point","coordinates":[-86.1215649,39.78180277]},"properties":{"name":"HealthNet Teen Clinic and Family Planning","assetType":"Pregnancy Testing","dataYear":"2011","assetId":"693885","subcategory":"Health","detail":"https://classic.savi.org/SAVI/PopUps/AssetMoreInfo.aspx?AssetID=693885"}},{"type":"Feature","geometry":{"type":"Point","coordinates":[-86.0644045,39.8037259]},"properties":{"name":"North Arlington Health Center Wishard Health Services","assetType":"Pregnancy Testing","dataYear":"2011","assetId":"692715","subcategory":"Health","detail":"https://classic.savi.org/SAVI/PopUps/AssetMoreInfo.aspx?AssetID=692715"}},{"type":"Feature","geometry":{"type":"Point","coordinates":[-86.1215649,39.78180277]},"properties":{"name":"People s Health Center HealthNet Community Health Centers","assetType":"Pregnancy Testing","dataYear":"2011","assetId":"692622","subcategory":"Health","detail":"https://classic.savi.org/SAVI/PopUps/AssetMoreInfo.aspx?AssetID=692622"}},{"type":"Feature","geometry":{"type":"Point","coordinates":[-86.37886817,39.76101574]},"properties":{"name":"Planned Parenthood Avon Health Center","assetType":"Pregnancy Testing","dataYear":"2011","assetId":"693137","subcategory":"Health","detail":"https://classic.savi.org/SAVI/PopUps/AssetMoreInfo.aspx?AssetID=693137"}},{"type":"Feature","geometry":{"type":"Point","coordinates":[-86.05789151,39.90387975]},"properties":{"name":"Planned Parenthood Castleton Health Center","assetType":"Pregnancy Testing","dataYear":"2011","assetId":"693398","subcategory":"Health","detail":"https://classic.savi.org/SAVI/PopUps/AssetMoreInfo.aspx?AssetID=693398"}},{"type":"Feature","geometry":{"type":"Point","coordinates":[-86.00090428,39.77433492]},"properties":{"name":"Planned Parenthood Eastside Health Center","assetType":"Pregnancy Testing","dataYear":"2011","assetId":"693407","subcategory":"Health","detail":"https://classic.savi.org/SAVI/PopUps/AssetMoreInfo.aspx?AssetID=693407"}},{"type":"Feature","geometry":{"type":"Point","coordinates":[-86.1572441,39.82391744]},"properties":{"name":"Planned Parenthood Midtown Health Center","assetType":"Pregnancy Testing","dataYear":"2011","assetId":"691970","subcategory":"Health","detail":"https://classic.savi.org/SAVI/PopUps/AssetMoreInfo.aspx?AssetID=691970"}},{"type":"Feature","geometry":{"type":"Point","coordinates":[-86.14380391,39.70815868]},"properties":{"name":"Planned Parenthood Southside Clinic - Family Planning","assetType":"Pregnancy Testing","dataYear":"2011","assetId":"693421","subcategory":"Health","detail":"https://classic.savi.org/SAVI/PopUps/AssetMoreInfo.aspx?AssetID=693421"}},{"type":"Feature","geometry":{"type":"Point","coordinates":[-85.76538198,39.78504247]},"properties":{"name":"Pregnancy Care Center of Greenfield","assetType":"Pregnancy Testing","dataYear":"2011","assetId":"694305","subcategory":"Health","detail":"https://classic.savi.org/SAVI/PopUps/AssetMoreInfo.aspx?AssetID=694305"}},{"type":"Feature","geometry":{"type":"Point","coordinates":[-86.1780711,39.77815461]},"properties":{"name":"Primary Care Center Wishard Health Services","assetType":"Pregnancy Testing","dataYear":"2011","assetId":"694127","subcategory":"Health","detail":"https://classic.savi.org/SAVI/PopUps/AssetMoreInfo.aspx?AssetID=694127"}},{"type":"Feature","geometry":{"type":"Point","coordinates":[-86.15083078,39.8174791]},"properties":{"name":"Raphael Family Life Center","assetType":"Pregnancy Testing","dataYear":"2011","assetId":"693718","subcategory":"Health","detail":"https://classic.savi.org/SAVI/PopUps/AssetMoreInfo.aspx?AssetID=693718"}},{"type":"Feature","geometry":{"type":"Point","coordinates":[-86.02707955,40.04689834]},"properties":{"name":"Riverview Community Health Clinic Riverview Hospital","assetType":"Pregnancy Testing","dataYear":"2011","assetId":"691289","subcategory":"Health","detail":"https://classic.savi.org/SAVI/PopUps/AssetMoreInfo.aspx?AssetID=691289"}},{"type":"Feature","geometry":{"type":"Point","coordinates":[-86.2279762,39.8167417]},"properties":{"name":"Shalom Health Care Center","assetType":"Pregnancy Testing","dataYear":"2011","assetId":"693500","subcategory":"Health","detail":"https://classic.savi.org/SAVI/PopUps/AssetMoreInfo.aspx?AssetID=693500"}},{"type":"Feature","geometry":{"type":"Point","coordinates":[-86.14592201,39.71129762]},"properties":{"name":"South District Health Office Marion County Public Health Dept","assetType":"Pregnancy Testing","dataYear":"2011","assetId":"693006","subcategory":"Health","detail":"https://classic.savi.org/SAVI/PopUps/AssetMoreInfo.aspx?AssetID=693006"}},{"type":"Feature","geometry":{"type":"Point","coordinates":[-86.139675,39.754796]},"properties":{"name":"Southeast Health Center HealthNet Community Health Centers","assetType":"Pregnancy Testing","dataYear":"2011","assetId":"692626","subcategory":"Health","detail":"https://classic.savi.org/SAVI/PopUps/AssetMoreInfo.aspx?AssetID=692626"}},{"type":"Feature","geometry":{"type":"Point","coordinates":[-86.19827555,39.75121393]},"properties":{"name":"Southwest Health Center HealthNet","assetType":"Pregnancy Testing","dataYear":"2011","assetId":"691478","subcategory":"Health","detail":"https://classic.savi.org/SAVI/PopUps/AssetMoreInfo.aspx?AssetID=691478"}},{"type":"Feature","geometry":{"type":"Point","coordinates":[-86.22138256,39.81057854]},"properties":{"name":"West Pregnancy Center-Pregnancy Counseling Life Centers","assetType":"Pregnancy Testing","dataYear":"2011","assetId":"692783","subcategory":"Health","detail":"https://classic.savi.org/SAVI/PopUps/AssetMoreInfo.aspx?AssetID=692783"}},{"type":"Feature","geometry":{"type":"Point","coordinates":[-86.20608372,39.77470244]},"properties":{"name":"Westside Health Center Wishard Health Services","assetType":"Pregnancy Testing","dataYear":"2011","assetId":"692729","subcategory":"Health","detail":"https://classic.savi.org/SAVI/PopUps/AssetMoreInfo.aspx?AssetID=692729"}},{"type":"Feature","geometry":{"type":"Point","coordinates":[-86.01369533,40.13155944]},"properties":{"name":"Birthright of Cicero","assetType":"Right To Life Counseling","dataYear":"2007","assetId":"625219","subcategory":"Health","detail":"https://classic.savi.org/SAVI/PopUps/AssetMoreInfo.aspx?AssetID=625219"}},{"type":"Feature","geometry":{"type":"Point","coordinates":[-86.15646724,39.80153609]},"properties":{"name":"Crisis Pregnancy Center of Indpls Downtown-Pregnancy Counseling","assetType":"Right To Life Counseling","dataYear":"2007","assetId":"625248","subcategory":"Health","detail":"https://classic.savi.org/SAVI/PopUps/AssetMoreInfo.aspx?AssetID=625248"}},{"type":"Feature","geometry":{"type":"Point","coordinates":[-86.064096,39.781722]},"properties":{"name":"Crisis Pregnancy Center of Indpls East - Pregnancy Counseling","assetType":"Right To Life Counseling","dataYear":"2007","assetId":"624887","subcategory":"Health","detail":"https://classic.savi.org/SAVI/PopUps/AssetMoreInfo.aspx?AssetID=624887"}},{"type":"Feature","geometry":{"type":"Point","coordinates":[-86.47121015,40.05820685]},"properties":{"name":"Crisis Pregnancy Center of Indpls Lebanon - Pregnancy Counseling","assetType":"Right To Life Counseling","dataYear":"2007","assetId":"624888","subcategory":"Health","detail":"https://classic.savi.org/SAVI/PopUps/AssetMoreInfo.aspx?AssetID=624888"}},{"type":"Feature","geometry":{"type":"Point","coordinates":[-86.12202621,39.8888477]},"properties":{"name":"Crisis Pregnancy Center of Indpls North - Pregnancy Counseling","assetType":"Right To Life Counseling","dataYear":"2007","assetId":"623817","subcategory":"Health","detail":"https://classic.savi.org/SAVI/PopUps/AssetMoreInfo.aspx?AssetID=623817"}},{"type":"Feature","geometry":{"type":"Point","coordinates":[-86.21767054,39.80667247]},"properties":{"name":"Crisis Pregnancy Center of Indpls West - Pregnancy Counseling","assetType":"Right To Life Counseling","dataYear":"2007","assetId":"624885","subcategory":"Health","detail":"https://classic.savi.org/SAVI/PopUps/AssetMoreInfo.aspx?AssetID=624885"}},{"type":"Feature","geometry":{"type":"Point","coordinates":[-86.2183202,39.91323384]},"properties":{"name":"LDS Family Services - Birth Parent Services","assetType":"Right To Life Counseling","dataYear":"2007","assetId":"624465","subcategory":"Health","detail":"https://classic.savi.org/SAVI/PopUps/AssetMoreInfo.aspx?AssetID=624465"}},{"type":"Feature","geometry":{"type":"Point","coordinates":[-86.15740048,39.78580834]},"properties":{"name":"Office for Pro-life Ministry","assetType":"Right To Life Counseling","dataYear":"2007","assetId":"625187","subcategory":"Health","detail":"https://classic.savi.org/SAVI/PopUps/AssetMoreInfo.aspx?AssetID=625187"}},{"type":"Feature","geometry":{"type":"Point","coordinates":[-86.161128,39.83997439]},"properties":{"name":"A Caring Place - Adult Day Services Catholic Charities Indpls","assetType":"Day Habilitation Programs","dataYear":"2011","assetId":"692793","subcategory":"Health","detail":"https://classic.savi.org/SAVI/PopUps/AssetMoreInfo.aspx?AssetID=692793"}},{"type":"Feature","geometry":{"type":"Point","coordinates":[-86.17428667,39.88218167]},"properties":{"name":"Adult Day Services Hooverwood","assetType":"Day Habilitation Programs","dataYear":"2011","assetId":"691899","subcategory":"Health","detail":"https://classic.savi.org/SAVI/PopUps/AssetMoreInfo.aspx?AssetID=691899"}},{"type":"Feature","geometry":{"type":"Point","coordinates":[-86.12127169,39.84315589]},"properties":{"name":"Easter Seals Crossroads - Adult Day Services","assetType":"Day Habilitation Programs","dataYear":"2011","assetId":"693997","subcategory":"Health","detail":"https://classic.savi.org/SAVI/PopUps/AssetMoreInfo.aspx?AssetID=693997"}},{"type":"Feature","geometry":{"type":"Point","coordinates":[-86.123322,39.78142]},"properties":{"name":"John H Boner Comm Ctr - Adult and Day Center","assetType":"Day Habilitation Programs","dataYear":"2011","assetId":"691355","subcategory":"Health","detail":"https://classic.savi.org/SAVI/PopUps/AssetMoreInfo.aspx?AssetID=691355"}},{"type":"Feature","geometry":{"type":"Point","coordinates":[-86.1263524,39.86869302]},"properties":{"name":"Joy s House","assetType":"Day Habilitation Programs","dataYear":"2011","assetId":"693575","subcategory":"Health","detail":"https://classic.savi.org/SAVI/PopUps/AssetMoreInfo.aspx?AssetID=693575"}},{"type":"Feature","geometry":{"type":"Point","coordinates":[-86.03226583,39.79634552]},"properties":{"name":"Noble of Indiana Noble East - Adult Services Day Program","assetType":"Day Habilitation Programs","dataYear":"2011","assetId":"693215","subcategory":"Health","detail":"https://classic.savi.org/SAVI/PopUps/AssetMoreInfo.aspx?AssetID=693215"}},{"type":"Feature","geometry":{"type":"Point","coordinates":[-86.14960913,39.96557877]},"properties":{"name":"Noble of Indiana Noble North - Adult Services Day Program","assetType":"Day Habilitation Programs","dataYear":"2011","assetId":"693157","subcategory":"Health","detail":"https://classic.savi.org/SAVI/PopUps/AssetMoreInfo.aspx?AssetID=693157"}},{"type":"Feature","geometry":{"type":"Point","coordinates":[-86.2160211,39.80172249]},"properties":{"name":"Noble of Indiana Noble West - Adult Services Day Program","assetType":"Day Habilitation Programs","dataYear":"2011","assetId":"693214","subcategory":"Health","detail":"https://classic.savi.org/SAVI/PopUps/AssetMoreInfo.aspx?AssetID=693214"}},{"type":"Feature","geometry":{"type":"Point","coordinates":[-85.76675933,39.77796611]},"properties":{"name":"Shares Inc Greenfield - Day Habilitation Living Skills Day Prog","assetType":"Day Habilitation Programs","dataYear":"2011","assetId":"693032","subcategory":"Health","detail":"https://classic.savi.org/SAVI/PopUps/AssetMoreInfo.aspx?AssetID=693032"}},{"type":"Feature","geometry":{"type":"Point","coordinates":[-85.78550474,39.51000791]},"properties":{"name":"Shares Inc Shelbyville - Day Habilitation Living Skills Day Prog","assetType":"Day Habilitation Programs","dataYear":"2011","assetId":"693031","subcategory":"Health","detail":"https://classic.savi.org/SAVI/PopUps/AssetMoreInfo.aspx?AssetID=693031"}},{"type":"Feature","geometry":{"type":"Point","coordinates":[-86.134258,39.66819216]},"properties":{"name":"Southport Adult Day Center - Adult Day Care","assetType":"Day Habilitation Programs","dataYear":"2011","assetId":"693381","subcategory":"Health","detail":"https://classic.savi.org/SAVI/PopUps/AssetMoreInfo.aspx?AssetID=693381"}},{"type":"Feature","geometry":{"type":"Point","coordinates":[-85.60146571,39.81553224]},"properties":{"name":"JACKSON TOWNSHIP TRUSTEE HANCOCK COUNTY","assetType":"Drug Prescriptions","dataYear":"2013","assetId":"798609","subcategory":"Health","detail":"https://classic.savi.org/SAVI/PopUps/AssetMoreInfo.aspx?AssetID=798609"}},{"type":"Feature","geometry":{"type":"Point","coordinates":[-86.0683552,39.52583683]},"properties":{"name":"JOHNSON COUNTY PRESCRIPTION PROGRAM","assetType":"Drug Prescriptions","dataYear":"2013","assetId":"796829","subcategory":"Health","detail":"https://classic.savi.org/SAVI/PopUps/AssetMoreInfo.aspx?AssetID=796829"}},{"type":"Feature","geometry":{"type":"Point","coordinates":[-86.15354535,39.7671013]},"properties":{"name":"MARION COUNTY AUDITOR","assetType":"Drug Prescriptions","dataYear":"2013","assetId":"796931","subcategory":"Health","detail":"https://classic.savi.org/SAVI/PopUps/AssetMoreInfo.aspx?AssetID=796931"}},{"type":"Feature","geometry":{"type":"Point","coordinates":[-86.18300487,39.77744769]},"properties":{"name":"ESKENAZI HEALTH","assetType":"Glasses/Contact Lenses","dataYear":"2018","assetId":"922683","subcategory":"Health","detail":"https://classic.savi.org/SAVI/PopUps/AssetMoreInfo.aspx?AssetID=922683"}},{"type":"Feature","geometry":{"type":"Point","coordinates":[-86.1653495,39.77488844]},"properties":{"name":"INDIANAPOLIS EYE CARE CENTER COMMUNITY OUTREACH","assetType":"Glasses/Contact Lenses","dataYear":"2018","assetId":"918123","subcategory":"Health","detail":"https://classic.savi.org/SAVI/PopUps/AssetMoreInfo.aspx?AssetID=918123"}},{"type":"Feature","geometry":{"type":"Point","coordinates":[-86.2204289,39.91491848]},"properties":{"name":"LIONS OF INDIANA","assetType":"Glasses/Contact Lenses","dataYear":"2018","assetId":"922100","subcategory":"Health","detail":"https://classic.savi.org/SAVI/PopUps/AssetMoreInfo.aspx?AssetID=922100"}},{"type":"Feature","geometry":{"type":"Point","coordinates":[-86.12127169,39.84315589]},"properties":{"name":"Easter Seals Crossroads - Assistive Technology Eval & Training","assetType":"Health Aid Assistance","dataYear":"2011","assetId":"691181","subcategory":"Health","detail":"https://classic.savi.org/SAVI/PopUps/AssetMoreInfo.aspx?AssetID=691181"}},{"type":"Feature","geometry":{"type":"Point","coordinates":[-86.2316365,39.88165583]},"properties":{"name":"Home Health Depot - Equipment","assetType":"Health Aid Assistance","dataYear":"2011","assetId":"691740","subcategory":"Health","detail":"https://classic.savi.org/SAVI/PopUps/AssetMoreInfo.aspx?AssetID=691740"}},{"type":"Feature","geometry":{"type":"Point","coordinates":[-86.12127169,39.84315589]},"properties":{"name":"INDATA Depot - Easter Seals Crossroads","assetType":"Health Aid Assistance","dataYear":"2011","assetId":"696693","subcategory":"Health","detail":"https://classic.savi.org/SAVI/PopUps/AssetMoreInfo.aspx?AssetID=696693"}},{"type":"Feature","geometry":{"type":"Point","coordinates":[-86.12247443,39.86577349]},"properties":{"name":"United Cerebral Palsy Assoc of Greater IN - Financial Assistance","assetType":"Health Aid Assistance","dataYear":"2011","assetId":"691549","subcategory":"Health","detail":"https://classic.savi.org/SAVI/PopUps/AssetMoreInfo.aspx?AssetID=691549"}},{"type":"Feature","geometry":{"type":"Point","coordinates":[-86.12091433,39.84286011]},"properties":{"name":"HEAR INDIANA","assetType":"Hearing Augmentation Aids","dataYear":"2018","assetId":"918445","subcategory":"Health","detail":"https://classic.savi.org/SAVI/PopUps/AssetMoreInfo.aspx?AssetID=918445"}},{"type":"Feature","geometry":{"type":"Point","coordinates":[-86.18009735,39.77739713]},"properties":{"name":"INDIANA LIONS SPEECH AND HEARING","assetType":"Hearing Augmentation Aids","dataYear":"2018","assetId":"922099","subcategory":"Health","detail":"https://classic.savi.org/SAVI/PopUps/AssetMoreInfo.aspx?AssetID=922099"}},{"type":"Feature","geometry":{"type":"Point","coordinates":[-86.26591873,39.89246389]},"properties":{"name":"INDIANA TELEPHONE RELAY ACCESS CORPORATION INTRAC","assetType":"Hearing Augmentation Aids","dataYear":"2018","assetId":"919504","subcategory":"Health","detail":"https://classic.savi.org/SAVI/PopUps/AssetMoreInfo.aspx?AssetID=919504"}},{"type":"Feature","geometry":{"type":"Point","coordinates":[-86.15704548,39.91980033]},"properties":{"name":"ALZHEIMER S ASSOCIATION GREATER INDIANA CHAPTER","assetType":"Medic Alert","dataYear":"2013","assetId":"797687","subcategory":"Health","detail":"https://classic.savi.org/SAVI/PopUps/AssetMoreInfo.aspx?AssetID=797687"}},{"type":"Feature","geometry":{"type":"Point","coordinates":[-85.77765215,39.52436829]},"properties":{"name":"Cancer Association of Shelby County","assetType":"Medical Equipment/Supplies","dataYear":"2019","assetId":"934103","subcategory":"Health","detail":"https://classic.savi.org/SAVI/PopUps/AssetMoreInfo.aspx?AssetID=934103"}},{"type":"Feature","geometry":{"type":"Point","coordinates":[-86.5019261,39.76763039]},"properties":{"name":"HENDRICKS COUNTY SENIOR SERVICES","assetType":"Mobility Aids","dataYear":"2018","assetId":"918571","subcategory":"Health","detail":"https://classic.savi.org/SAVI/PopUps/AssetMoreInfo.aspx?AssetID=918571"}},{"type":"Feature","geometry":{"type":"Point","coordinates":[-86.0437914,39.47245069]},"properties":{"name":"JOHNSON COUNTY SENIOR SERVICES","assetType":"Mobility Aids","dataYear":"2018","assetId":"917051","subcategory":"Health","detail":"https://classic.savi.org/SAVI/PopUps/AssetMoreInfo.aspx?AssetID=917051"}},{"type":"Feature","geometry":{"type":"Point","coordinates":[-86.22096951,39.92009202]},"properties":{"name":"NATIONAL MULTIPLE SCLEROSIS SOCIETY - INDIANA STATE CHAPTER","assetType":"Mobility Aids","dataYear":"2018","assetId":"918241","subcategory":"Health","detail":"https://classic.savi.org/SAVI/PopUps/AssetMoreInfo.aspx?AssetID=918241"}},{"type":"Feature","geometry":{"type":"Point","coordinates":[-86.13756301,39.76436201]},"properties":{"name":"SAINT VINCENT DE PAUL DISTRIBUTION CENTER","assetType":"Mobility Aids","dataYear":"2018","assetId":"917553","subcategory":"Health","detail":"https://classic.savi.org/SAVI/PopUps/AssetMoreInfo.aspx?AssetID=917553"}},{"type":"Feature","geometry":{"type":"Point","coordinates":[-86.26722214,39.86905403]},"properties":{"name":"UNITED CEREBRAL PALSY ASSOCIATION OF GREATER INDIANA","assetType":"Mobility Aids","dataYear":"2018","assetId":"916939","subcategory":"Health","detail":"https://classic.savi.org/SAVI/PopUps/AssetMoreInfo.aspx?AssetID=916939"}},{"type":"Feature","geometry":{"type":"Point","coordinates":[-85.99103116,39.96518545]},"properties":{"name":"Community Hospitals Indianapolis - Lifeline","assetType":"Personal Emergency Response Systems","dataYear":"2007","assetId":"625113","subcategory":"Health","detail":"https://classic.savi.org/SAVI/PopUps/AssetMoreInfo.aspx?AssetID=625113"}},{"type":"Feature","geometry":{"type":"Point","coordinates":[-85.77047434,39.80884608]},"properties":{"name":"Hancock Regional Hospital - Lifeline","assetType":"Personal Emergency Response Systems","dataYear":"2007","assetId":"623927","subcategory":"Health","detail":"https://classic.savi.org/SAVI/PopUps/AssetMoreInfo.aspx?AssetID=623927"}},{"type":"Feature","geometry":{"type":"Point","coordinates":[-86.13727069,39.84871096]},"properties":{"name":"Indiana Health Watch St Vincent Hospitals","assetType":"Personal Emergency Response Systems","dataYear":"2007","assetId":"624630","subcategory":"Health","detail":"https://classic.savi.org/SAVI/PopUps/AssetMoreInfo.aspx?AssetID=624630"}},{"type":"Feature","geometry":{"type":"Point","coordinates":[-86.10004999,39.72436605]},"properties":{"name":"St Francis Hospital Lifeline","assetType":"Personal Emergency Response Systems","dataYear":"2007","assetId":"625042","subcategory":"Health","detail":"https://classic.savi.org/SAVI/PopUps/AssetMoreInfo.aspx?AssetID=625042"}},{"type":"Feature","geometry":{"type":"Point","coordinates":[-86.22244937,39.82077333]},"properties":{"name":"WELL-LINE Westview Emergency Lifeline","assetType":"Personal Emergency Response Systems","dataYear":"2007","assetId":"624315","subcategory":"Health","detail":"https://classic.savi.org/SAVI/PopUps/AssetMoreInfo.aspx?AssetID=624315"}},{"type":"Feature","geometry":{"type":"Point","coordinates":[-86.47459009,40.07472812]},"properties":{"name":"Witham Memorial Hospital - Health Watch","assetType":"Personal Emergency Response Systems","dataYear":"2007","assetId":"624446","subcategory":"Health","detail":"https://classic.savi.org/SAVI/PopUps/AssetMoreInfo.aspx?AssetID=624446"}},{"type":"Feature","geometry":{"type":"Point","coordinates":[-86.15714524,39.79076719]},"properties":{"name":"LITTLE RED DOOR CANCER AGENCY","assetType":"Prosthetic Devices","dataYear":"2013","assetId":"796959","subcategory":"Health","detail":"https://classic.savi.org/SAVI/PopUps/AssetMoreInfo.aspx?AssetID=796959"}},{"type":"Feature","geometry":{"type":"Point","coordinates":[-86.17599944,39.78084944]},"properties":{"name":"WISHARD MEMORIAL HOSPITAL","assetType":"Prosthetic Devices","dataYear":"2013","assetId":"796515","subcategory":"Health","detail":"https://classic.savi.org/SAVI/PopUps/AssetMoreInfo.aspx?AssetID=796515"}},{"type":"Feature","geometry":{"type":"Point","coordinates":[-86.26478497,39.89228703]},"properties":{"name":"Relay Indiana Sprint TRS","assetType":"Telecommunication Relay Services Assistance","dataYear":"2006","assetId":"621125","subcategory":"Health","detail":"https://classic.savi.org/SAVI/PopUps/AssetMoreInfo.aspx?AssetID=621125"}},{"type":"Feature","geometry":{"type":"Point","coordinates":[-86.418779,39.427543]},"properties":{"name":"Coordinated Aging Services - Telephone Reassurance","assetType":"Telephone Reassurance","dataYear":"2007","assetId":"623838","subcategory":"Health","detail":"https://classic.savi.org/SAVI/PopUps/AssetMoreInfo.aspx?AssetID=623838"}},{"type":"Feature","geometry":{"type":"Point","coordinates":[-86.50192278,39.76763402]},"properties":{"name":"Hendricks County Senior Services - Telephone Reassurance","assetType":"Telephone Reassurance","dataYear":"2007","assetId":"624138","subcategory":"Health","detail":"https://classic.savi.org/SAVI/PopUps/AssetMoreInfo.aspx?AssetID=624138"}},{"type":"Feature","geometry":{"type":"Point","coordinates":[-86.073942,39.78766]},"properties":{"name":"Telecare - Telephone Reassurance Program","assetType":"Telephone Reassurance","dataYear":"2007","assetId":"624766","subcategory":"Health","detail":"https://classic.savi.org/SAVI/PopUps/AssetMoreInfo.aspx?AssetID=624766"}},{"type":"Feature","geometry":{"type":"Point","coordinates":[-86.10004999,39.72436605]},"properties":{"name":"VolunCare St Francis Hospital and Health Centers","assetType":"Telephone Reassurance","dataYear":"2007","assetId":"624631","subcategory":"Health","detail":"https://classic.savi.org/SAVI/PopUps/AssetMoreInfo.aspx?AssetID=624631"}},{"type":"Feature","geometry":{"type":"Point","coordinates":[-86.11685908,39.82601653]},"properties":{"name":"Marion County Health Department - Medical Information Carrier","assetType":"Vials Of Life","dataYear":"2007","assetId":"624751","subcategory":"Health","detail":"https://classic.savi.org/SAVI/PopUps/AssetMoreInfo.aspx?AssetID=624751"}},{"type":"Feature","geometry":{"type":"Point","coordinates":[-86.26118892,39.92498187]},"properties":{"name":"AMERICAN CANCER SOCIETY - CENTRAL INDIANA OFFICE","assetType":"Wigs","dataYear":"2018","assetId":"919138","subcategory":"Health","detail":"https://classic.savi.org/SAVI/PopUps/AssetMoreInfo.aspx?AssetID=919138"}},{"type":"Feature","geometry":{"type":"Point","coordinates":[-86.46829462,40.04390034]},"properties":{"name":"BOONE COUNTY CANCER SOCIETY","assetType":"Wigs","dataYear":"2018","assetId":"921785","subcategory":"Health","detail":"https://classic.savi.org/SAVI/PopUps/AssetMoreInfo.aspx?AssetID=921785"}},{"type":"Feature","geometry":{"type":"Point","coordinates":[-85.67899934,40.09612782]},"properties":{"name":"CANCER SERVICES OF EAST CENTRAL INDIANA - MADISON COUNTY","assetType":"Wigs","dataYear":"2018","assetId":"919967","subcategory":"Health","detail":"https://classic.savi.org/SAVI/PopUps/AssetMoreInfo.aspx?AssetID=919967"}},{"type":"Feature","geometry":{"type":"Point","coordinates":[-86.15716919,39.79078586]},"properties":{"name":"LITTLE RED DOOR CANCER AGENCY","assetType":"Wigs","dataYear":"2018","assetId":"921860","subcategory":"Health","detail":"https://classic.savi.org/SAVI/PopUps/AssetMoreInfo.aspx?AssetID=921860"}},{"type":"Feature","geometry":{"type":"Point","coordinates":[-86.12139154,39.9095346]},"properties":{"name":"AFFILIATED SERVICE PROVIDERS OF INDIANA INC ASPIN","assetType":"Health Insurance Counseling","dataYear":"2018","assetId":"918905","subcategory":"Health","detail":"https://classic.savi.org/SAVI/PopUps/AssetMoreInfo.aspx?AssetID=918905"}},{"type":"Feature","geometry":{"type":"Point","coordinates":[-85.69735471,40.13038941]},"properties":{"name":"COMMUNITY HEALTH NETWORK - ANDERSON","assetType":"Health Insurance Counseling","dataYear":"2018","assetId":"919032","subcategory":"Health","detail":"https://classic.savi.org/SAVI/PopUps/AssetMoreInfo.aspx?AssetID=919032"}},{"type":"Feature","geometry":{"type":"Point","coordinates":[-86.11426868,39.82522542]},"properties":{"name":"COVERING KIDS AND FAMILIES OF HEALTH AND HOSPITAL CORPORATION","assetType":"Health Insurance Counseling","dataYear":"2018","assetId":"918867","subcategory":"Health","detail":"https://classic.savi.org/SAVI/PopUps/AssetMoreInfo.aspx?AssetID=918867"}},{"type":"Feature","geometry":{"type":"Point","coordinates":[-86.18300487,39.77744769]},"properties":{"name":"ESKENAZI HEALTH","assetType":"Health Insurance Counseling","dataYear":"2018","assetId":"922680","subcategory":"Health","detail":"https://classic.savi.org/SAVI/PopUps/AssetMoreInfo.aspx?AssetID=922680"}},{"type":"Feature","geometry":{"type":"Point","coordinates":[-86.13994636,39.74821923]},"properties":{"name":"ESKENAZI HEALTH - COTTAGE CORNER CENTER","assetType":"Health Insurance Counseling","dataYear":"2018","assetId":"922661","subcategory":"Health","detail":"https://classic.savi.org/SAVI/PopUps/AssetMoreInfo.aspx?AssetID=922661"}},{"type":"Feature","geometry":{"type":"Point","coordinates":[-86.10288497,39.82659175]},"properties":{"name":"ESKENAZI HEALTH - FOREST MANOR CENTER","assetType":"Health Insurance Counseling","dataYear":"2018","assetId":"922646","subcategory":"Health","detail":"https://classic.savi.org/SAVI/PopUps/AssetMoreInfo.aspx?AssetID=922646"}},{"type":"Feature","geometry":{"type":"Point","coordinates":[-86.00161822,39.82527041]},"properties":{"name":"ESKENAZI HEALTH - GRASSY CREEK CENTER","assetType":"Health Insurance Counseling","dataYear":"2018","assetId":"922456","subcategory":"Health","detail":"https://classic.savi.org/SAVI/PopUps/AssetMoreInfo.aspx?AssetID=922456"}},{"type":"Feature","geometry":{"type":"Point","coordinates":[-86.20567397,39.77475795]},"properties":{"name":"ESKENAZI HEALTH - WESTSIDE CENTER","assetType":"Health Insurance Counseling","dataYear":"2018","assetId":"922649","subcategory":"Health","detail":"https://classic.savi.org/SAVI/PopUps/AssetMoreInfo.aspx?AssetID=922649"}},{"type":"Feature","geometry":{"type":"Point","coordinates":[-86.06376587,39.80381288]},"properties":{"name":"EZKENAZI HEALTH - NORTH ARLINGTON CENTER","assetType":"Health Insurance Counseling","dataYear":"2018","assetId":"922658","subcategory":"Health","detail":"https://classic.savi.org/SAVI/PopUps/AssetMoreInfo.aspx?AssetID=922658"}},{"type":"Feature","geometry":{"type":"Point","coordinates":[-86.15831983,39.76738603]},"properties":{"name":"INDIANA STATE DEPARTMENT OF HEALTH","assetType":"Health Insurance Counseling","dataYear":"2018","assetId":"918156","subcategory":"Health","detail":"https://classic.savi.org/SAVI/PopUps/AssetMoreInfo.aspx?AssetID=918156"}},{"type":"Feature","geometry":{"type":"Point","coordinates":[-86.01085332,39.81025859]},"properties":{"name":"JANE PAULEY COMMUNITY HEALTH CENTER AT POST ROAD","assetType":"Health Insurance Counseling","dataYear":"2018","assetId":"917573","subcategory":"Health","detail":"https://classic.savi.org/SAVI/PopUps/AssetMoreInfo.aspx?AssetID=917573"}},{"type":"Feature","geometry":{"type":"Point","coordinates":[-85.67422701,40.26283695]},"properties":{"name":"MADISON COUNTY COMMUNITY HEALTH CENTER -ALEXANDRIA","assetType":"Health Insurance Counseling","dataYear":"2018","assetId":"920122","subcategory":"Health","detail":"https://classic.savi.org/SAVI/PopUps/AssetMoreInfo.aspx?AssetID=920122"}},{"type":"Feature","geometry":{"type":"Point","coordinates":[-85.66976183,40.09988334]},"properties":{"name":"MADISON COUNTY COMMUNITY HEALTH CENTER -ANDERSON","assetType":"Health Insurance Counseling","dataYear":"2018","assetId":"920314","subcategory":"Health","detail":"https://classic.savi.org/SAVI/PopUps/AssetMoreInfo.aspx?AssetID=920314"}},{"type":"Feature","geometry":{"type":"Point","coordinates":[-85.84092422,40.27717189]},"properties":{"name":"MADISON COUNTY COMMUNITY HEALTH CENTER -ELWOOD","assetType":"Health Insurance Counseling","dataYear":"2018","assetId":"920308","subcategory":"Health","detail":"https://classic.savi.org/SAVI/PopUps/AssetMoreInfo.aspx?AssetID=920308"}},{"type":"Feature","geometry":{"type":"Point","coordinates":[-85.68060291,40.09497992]},"properties":{"name":"OPEN DOOR HEALTH SERVICES - ANDERSON","assetType":"Health Insurance Counseling","dataYear":"2018","assetId":"919989","subcategory":"Health","detail":"https://classic.savi.org/SAVI/PopUps/AssetMoreInfo.aspx?AssetID=919989"}},{"type":"Feature","geometry":{"type":"Point","coordinates":[-85.84373174,40.27550743]},"properties":{"name":"RURAL AND URBAN ACCESS TO HEALTH AT SAINT VINCENT MERCY","assetType":"Health Insurance Counseling","dataYear":"2018","assetId":"919373","subcategory":"Health","detail":"https://classic.savi.org/SAVI/PopUps/AssetMoreInfo.aspx?AssetID=919373"}},{"type":"Feature","geometry":{"type":"Point","coordinates":[-85.68060525,40.0962344]},"properties":{"name":"RURAL AND URBAN ACCESS TO HEALTH SAINT VINCENT ANDERSON REGIONAL","assetType":"Health Insurance Counseling","dataYear":"2018","assetId":"919379","subcategory":"Health","detail":"https://classic.savi.org/SAVI/PopUps/AssetMoreInfo.aspx?AssetID=919379"}},{"type":"Feature","geometry":{"type":"Point","coordinates":[-86.22962397,39.81755795]},"properties":{"name":"SHALOM HEALTH CARE CENTER","assetType":"Health Insurance Counseling","dataYear":"2018","assetId":"922043","subcategory":"Health","detail":"https://classic.savi.org/SAVI/PopUps/AssetMoreInfo.aspx?AssetID=922043"}},{"type":"Feature","geometry":{"type":"Point","coordinates":[-86.1373112,39.63643924]},"properties":{"name":"WINDROSE HEALTH NETWORK - COUNTYLINE CENTER","assetType":"Health Insurance Counseling","dataYear":"2018","assetId":"920420","subcategory":"Health","detail":"https://classic.savi.org/SAVI/PopUps/AssetMoreInfo.aspx?AssetID=920420"}},{"type":"Feature","geometry":{"type":"Point","coordinates":[-86.15106322,39.68478844]},"properties":{"name":"WINDROSE HEALTH NETWORK - EPLER PARKE CENTER","assetType":"Health Insurance Counseling","dataYear":"2018","assetId":"920650","subcategory":"Health","detail":"https://classic.savi.org/SAVI/PopUps/AssetMoreInfo.aspx?AssetID=920650"}},{"type":"Feature","geometry":{"type":"Point","coordinates":[-86.02743416,39.48126643]},"properties":{"name":"WINDROSE HEALTH NETWORK - FRANKLIN CENTER","assetType":"Health Insurance Counseling","dataYear":"2018","assetId":"920655","subcategory":"Health","detail":"https://classic.savi.org/SAVI/PopUps/AssetMoreInfo.aspx?AssetID=920655"}},{"type":"Feature","geometry":{"type":"Point","coordinates":[-86.16011052,39.4109815]},"properties":{"name":"WINDROSE HEALTH NETWORK - TRAFALGAR CENTER","assetType":"Health Insurance Counseling","dataYear":"2018","assetId":"920543","subcategory":"Health","detail":"https://classic.savi.org/SAVI/PopUps/AssetMoreInfo.aspx?AssetID=920543"}},{"type":"Feature","geometry":{"type":"Point","coordinates":[-86.1522914,39.77559414]},"properties":{"name":"Momentive Consumer Credit Counseling - Reverse Mortgage Counselin","assetType":"Home Equity Conversions","dataYear":"2007","assetId":"625022","subcategory":"Health","detail":"https://classic.savi.org/SAVI/PopUps/AssetMoreInfo.aspx?AssetID=625022"}},{"type":"Feature","geometry":{"type":"Point","coordinates":[-86.1522914,39.77559414]},"properties":{"name":"Apprisen - Housing Counseling","assetType":"Reverse Mortgage Programs","dataYear":"2011","assetId":"692600","subcategory":"Health","detail":"https://classic.savi.org/SAVI/PopUps/AssetMoreInfo.aspx?AssetID=692600"}},{"type":"Feature","geometry":{"type":"Point","coordinates":[-86.1522914,39.77559414]},"properties":{"name":"Apprisen - Reverse Mortgage Counseling","assetType":"Reverse Mortgage Programs","dataYear":"2011","assetId":"693322","subcategory":"Health","detail":"https://classic.savi.org/SAVI/PopUps/AssetMoreInfo.aspx?AssetID=693322"}},{"type":"Feature","geometry":{"type":"Point","coordinates":[-86.12090922,39.84285252]},"properties":{"name":"Easter Seals Crossroads","assetType":"Aging and Disability Resources","dataYear":"2016","assetId":"839471","subcategory":"Health","detail":"https://classic.savi.org/SAVI/PopUps/AssetMoreInfo.aspx?AssetID=839471"}},{"type":"Feature","geometry":{"type":"Point","coordinates":[-86.19068986,39.77461613]},"properties":{"name":"Goodwill Industries of Central Indiana Inc","assetType":"Aging and Disability Resources","dataYear":"2016","assetId":"839462","subcategory":"Health","detail":"https://classic.savi.org/SAVI/PopUps/AssetMoreInfo.aspx?AssetID=839462"}},{"type":"Feature","geometry":{"type":"Point","coordinates":[-86.031275,39.79496332]},"properties":{"name":"Noble","assetType":"Aging and Disability Resources","dataYear":"2016","assetId":"839417","subcategory":"Health","detail":"https://classic.savi.org/SAVI/PopUps/AssetMoreInfo.aspx?AssetID=839417"}},{"type":"Feature","geometry":{"type":"Point","coordinates":[-86.11781197,39.84724156]},"properties":{"name":"Tangram","assetType":"Aging and Disability Resources","dataYear":"2016","assetId":"839426","subcategory":"Health","detail":"https://classic.savi.org/SAVI/PopUps/AssetMoreInfo.aspx?AssetID=839426"}},{"type":"Feature","geometry":{"type":"Point","coordinates":[-86.47698626,40.04780791]},"properties":{"name":"The Arc of Greater Boone County","assetType":"Aging and Disability Resources","dataYear":"2016","assetId":"839496","subcategory":"Health","detail":"https://classic.savi.org/SAVI/PopUps/AssetMoreInfo.aspx?AssetID=839496"}},{"type":"Feature","geometry":{"type":"Point","coordinates":[-86.15651601,39.80439526]},"properties":{"name":"DOWN SYNDROME INDIANA","assetType":"Assistive Technology Provision Options","dataYear":"2013","assetId":"797489","subcategory":"Health","detail":"https://classic.savi.org/SAVI/PopUps/AssetMoreInfo.aspx?AssetID=797489"}},{"type":"Feature","geometry":{"type":"Point","coordinates":[-86.12088178,39.84265801]},"properties":{"name":"EASTER SEALS CROSSROADS - ASSISTIVE TECHNOLOGY CENTER","assetType":"Assistive Technology Provision Options","dataYear":"2013","assetId":"799927","subcategory":"Health","detail":"https://classic.savi.org/SAVI/PopUps/AssetMoreInfo.aspx?AssetID=799927"}},{"type":"Feature","geometry":{"type":"Point","coordinates":[-86.23167559,39.88134477]},"properties":{"name":"HOME HEALTH DEPOT - INDIANAPOLIS NORTHWEST SHOWROOM AND SERVICE C","assetType":"Assistive Technology Provision Options","dataYear":"2013","assetId":"799604","subcategory":"Health","detail":"https://classic.savi.org/SAVI/PopUps/AssetMoreInfo.aspx?AssetID=799604"}},{"type":"Feature","geometry":{"type":"Point","coordinates":[-86.1386855,39.65266404]},"properties":{"name":"HOME HEALTH DEPOT - INDIANAPOLIS SOUTH SHOWROOM","assetType":"Assistive Technology Provision Options","dataYear":"2013","assetId":"799733","subcategory":"Health","detail":"https://classic.savi.org/SAVI/PopUps/AssetMoreInfo.aspx?AssetID=799733"}},{"type":"Feature","geometry":{"type":"Point","coordinates":[-86.13096684,39.96532089]},"properties":{"name":"MUSCULAR DYSTROPHY FAMILY FOUNDATION","assetType":"Assistive Technology Provision Options","dataYear":"2013","assetId":"798010","subcategory":"Health","detail":"https://classic.savi.org/SAVI/PopUps/AssetMoreInfo.aspx?AssetID=798010"}},{"type":"Feature","geometry":{"type":"Point","coordinates":[-86.15607228,39.76862683]},"properties":{"name":"UNITED CEREBRAL PALSY ASSOCIATION OF GREATER INDIANA","assetType":"Assistive Technology Provision Options","dataYear":"2013","assetId":"799189","subcategory":"Health","detail":"https://classic.savi.org/SAVI/PopUps/AssetMoreInfo.aspx?AssetID=799189"}},{"type":"Feature","geometry":{"type":"Point","coordinates":[-86.062157,39.796403]},"properties":{"name":"Breast Feeding Support Services MCPHD","assetType":"Breast Feeding","dataYear":"2011","assetId":"694988","subcategory":"Health","detail":"https://classic.savi.org/SAVI/PopUps/AssetMoreInfo.aspx?AssetID=694988"}},{"type":"Feature","geometry":{"type":"Point","coordinates":[-86.043127,39.900168]},"properties":{"name":"Breastfeeding Mothers Support Group Community Health","assetType":"Breast Feeding","dataYear":"2011","assetId":"693485","subcategory":"Health","detail":"https://classic.savi.org/SAVI/PopUps/AssetMoreInfo.aspx?AssetID=693485"}},{"type":"Feature","geometry":{"type":"Point","coordinates":[-86.10004999,39.72436605]},"properties":{"name":"Childbirth Education St Francis Hospital","assetType":"Breast Feeding","dataYear":"2011","assetId":"693815","subcategory":"Health","detail":"https://classic.savi.org/SAVI/PopUps/AssetMoreInfo.aspx?AssetID=693815"}},{"type":"Feature","geometry":{"type":"Point","coordinates":[-86.07630306,39.47912144]},"properties":{"name":"Johnson Memorial Hospital - Education Services","assetType":"Breast Feeding","dataYear":"2011","assetId":"695015","subcategory":"Health","detail":"https://classic.savi.org/SAVI/PopUps/AssetMoreInfo.aspx?AssetID=695015"}},{"type":"Feature","geometry":{"type":"Point","coordinates":[-86.01158343,40.05439822]},"properties":{"name":"La Leche League - Support Groups Spanish","assetType":"Breast Feeding","dataYear":"2011","assetId":"696304","subcategory":"Health","detail":"https://classic.savi.org/SAVI/PopUps/AssetMoreInfo.aspx?AssetID=696304"}},{"type":"Feature","geometry":{"type":"Point","coordinates":[-86.14375368,39.98240847]},"properties":{"name":"La Leche League of Carmel - Breastfeeding Support Group","assetType":"Breast Feeding","dataYear":"2011","assetId":"695869","subcategory":"Health","detail":"https://classic.savi.org/SAVI/PopUps/AssetMoreInfo.aspx?AssetID=695869"}},{"type":"Feature","geometry":{"type":"Point","coordinates":[-86.04594009,39.90235508]},"properties":{"name":"La Leche League of Castleton - Breastfeeding Support Group","assetType":"Breast Feeding","dataYear":"2011","assetId":"695406","subcategory":"Health","detail":"https://classic.savi.org/SAVI/PopUps/AssetMoreInfo.aspx?AssetID=695406"}},{"type":"Feature","geometry":{"type":"Point","coordinates":[-86.10631168,39.6130618]},"properties":{"name":"La Leche League of Greenwood - Breastfeeding Support Groups","assetType":"Breast Feeding","dataYear":"2011","assetId":"695867","subcategory":"Health","detail":"https://classic.savi.org/SAVI/PopUps/AssetMoreInfo.aspx?AssetID=695867"}},{"type":"Feature","geometry":{"type":"Point","coordinates":[-86.37250126,39.69468359]},"properties":{"name":"La Leche League of West Indy - Breastfeeding Support Group","assetType":"Breast Feeding","dataYear":"2011","assetId":"695868","subcategory":"Health","detail":"https://classic.savi.org/SAVI/PopUps/AssetMoreInfo.aspx?AssetID=695868"}},{"type":"Feature","geometry":{"type":"Point","coordinates":[-86.19591796,39.9118661]},"properties":{"name":"Perinatal Support Services St Vincent Hospitals","assetType":"Breast Feeding","dataYear":"2011","assetId":"693635","subcategory":"Health","detail":"https://classic.savi.org/SAVI/PopUps/AssetMoreInfo.aspx?AssetID=693635"}},{"type":"Feature","geometry":{"type":"Point","coordinates":[-86.02393522,40.04691438]},"properties":{"name":"Riverview Hospital - Breastfeeding Support Group","assetType":"Breast Feeding","dataYear":"2011","assetId":"694012","subcategory":"Health","detail":"https://classic.savi.org/SAVI/PopUps/AssetMoreInfo.aspx?AssetID=694012"}},{"type":"Feature","geometry":{"type":"Point","coordinates":[-86.20289176,39.90360079]},"properties":{"name":"St Vincent s Women s Hospital - Childbirth Education Classes","assetType":"Breast Feeding","dataYear":"2011","assetId":"696441","subcategory":"Health","detail":"https://classic.savi.org/SAVI/PopUps/AssetMoreInfo.aspx?AssetID=696441"}},{"type":"Feature","geometry":{"type":"Point","coordinates":[-86.24157344,39.91087395]},"properties":{"name":"WOMEN S CARE CENTER OF INDIANAPOLIS","assetType":"Childbirth Education","dataYear":"2018","assetId":"916937","subcategory":"Health","detail":"https://classic.savi.org/SAVI/PopUps/AssetMoreInfo.aspx?AssetID=916937"}},{"type":"Feature","geometry":{"type":"Point","coordinates":[-86.01333308,40.04306389]},"properties":{"name":"PROMISING FUTURES OF CENTRAL INDIANA","assetType":"Maternity Homes","dataYear":"2013","assetId":"798153","subcategory":"Health","detail":"https://classic.savi.org/SAVI/PopUps/AssetMoreInfo.aspx?AssetID=798153"}},{"type":"Feature","geometry":{"type":"Point","coordinates":[-86.15083078,39.8174791]},"properties":{"name":"Raphael Family Life Center","assetType":"Other Maternal And Infant Care","dataYear":"2007","assetId":"625359","subcategory":"Health","detail":"https://classic.savi.org/SAVI/PopUps/AssetMoreInfo.aspx?AssetID=625359"}},{"type":"Feature","geometry":{"type":"Point","coordinates":[-86.0113447,40.05559127]},"properties":{"name":"B A B E and Beyond","assetType":"Other Maternal And Infant Care","dataYear":"2007","assetId":"626540","subcategory":"Health","detail":"https://classic.savi.org/SAVI/PopUps/AssetMoreInfo.aspx?AssetID=626540"}},{"type":"Feature","geometry":{"type":"Point","coordinates":[-86.130464,39.765666]},"properties":{"name":"Better Indy Babies HealthNet Community Health Centers","assetType":"Other Maternal And Infant Care","dataYear":"2007","assetId":"624483","subcategory":"Health","detail":"https://classic.savi.org/SAVI/PopUps/AssetMoreInfo.aspx?AssetID=624483"}},{"type":"Feature","geometry":{"type":"Point","coordinates":[-86.11892414,39.82532417]},"properties":{"name":"Children s Bureau - Teen Pregnancy Services","assetType":"Other Maternal And Infant Care","dataYear":"2007","assetId":"624900","subcategory":"Health","detail":"https://classic.savi.org/SAVI/PopUps/AssetMoreInfo.aspx?AssetID=624900"}},{"type":"Feature","geometry":{"type":"Point","coordinates":[-86.10275546,39.82603725]},"properties":{"name":"Great Beginnings Prenatal Care Coordination","assetType":"Other Maternal And Infant Care","dataYear":"2007","assetId":"624698","subcategory":"Health","detail":"https://classic.savi.org/SAVI/PopUps/AssetMoreInfo.aspx?AssetID=624698"}},{"type":"Feature","geometry":{"type":"Point","coordinates":[-86.130464,39.765666]},"properties":{"name":"Healthy Families HealthNet Community Health Centers","assetType":"Other Maternal And Infant Care","dataYear":"2007","assetId":"624482","subcategory":"Health","detail":"https://classic.savi.org/SAVI/PopUps/AssetMoreInfo.aspx?AssetID=624482"}},{"type":"Feature","geometry":{"type":"Point","coordinates":[-86.52369203,39.75711291]},"properties":{"name":"Healthy Families Hendricks County Health Department","assetType":"Other Maternal And Infant Care","dataYear":"2007","assetId":"624927","subcategory":"Health","detail":"https://classic.savi.org/SAVI/PopUps/AssetMoreInfo.aspx?AssetID=624927"}},{"type":"Feature","geometry":{"type":"Point","coordinates":[-86.12088675,39.84269767]},"properties":{"name":"Healthy Families Marion County Health Department","assetType":"Other Maternal And Infant Care","dataYear":"2007","assetId":"624928","subcategory":"Health","detail":"https://classic.savi.org/SAVI/PopUps/AssetMoreInfo.aspx?AssetID=624928"}},{"type":"Feature","geometry":{"type":"Point","coordinates":[-86.42760296,39.42797894]},"properties":{"name":"Healthy Families - Martinsville CARS Children s Division","assetType":"Other Maternal And Infant Care","dataYear":"2007","assetId":"623698","subcategory":"Health","detail":"https://classic.savi.org/SAVI/PopUps/AssetMoreInfo.aspx?AssetID=623698"}},{"type":"Feature","geometry":{"type":"Point","coordinates":[-86.01461122,40.03403715]},"properties":{"name":"Healthy Families of Hamilton County","assetType":"Other Maternal And Infant Care","dataYear":"2007","assetId":"624951","subcategory":"Health","detail":"https://classic.savi.org/SAVI/PopUps/AssetMoreInfo.aspx?AssetID=624951"}},{"type":"Feature","geometry":{"type":"Point","coordinates":[-85.76963372,39.78702755]},"properties":{"name":"Healthy Families Hancock County The Villages","assetType":"Other Maternal And Infant Care","dataYear":"2007","assetId":"626171","subcategory":"Health","detail":"https://classic.savi.org/SAVI/PopUps/AssetMoreInfo.aspx?AssetID=626171"}},{"type":"Feature","geometry":{"type":"Point","coordinates":[-85.77193071,39.50473762]},"properties":{"name":"Healthy Families Shelby County Family Services and Prevention","assetType":"Other Maternal And Infant Care","dataYear":"2007","assetId":"624929","subcategory":"Health","detail":"https://classic.savi.org/SAVI/PopUps/AssetMoreInfo.aspx?AssetID=624929"}},{"type":"Feature","geometry":{"type":"Point","coordinates":[-86.12108596,39.8299737]},"properties":{"name":"MCH - Maternal and Child Health BABE Marion Co Health Dept","assetType":"Other Maternal And Infant Care","dataYear":"2007","assetId":"624587","subcategory":"Health","detail":"https://classic.savi.org/SAVI/PopUps/AssetMoreInfo.aspx?AssetID=624587"}},{"type":"Feature","geometry":{"type":"Point","coordinates":[-86.2295592,39.81847066]},"properties":{"name":"MOM Project Healthy Families","assetType":"Other Maternal And Infant Care","dataYear":"2007","assetId":"624278","subcategory":"Health","detail":"https://classic.savi.org/SAVI/PopUps/AssetMoreInfo.aspx?AssetID=624278"}},{"type":"Feature","geometry":{"type":"Point","coordinates":[-86.155596,39.807779]},"properties":{"name":"Sisterfriend Marion County Health Department","assetType":"Other Maternal And Infant Care","dataYear":"2007","assetId":"624697","subcategory":"Health","detail":"https://classic.savi.org/SAVI/PopUps/AssetMoreInfo.aspx?AssetID=624697"}},{"type":"Feature","geometry":{"type":"Point","coordinates":[-86.12191535,39.84238843]},"properties":{"name":"Visiting Nurse Service - Maternal and Child Healthcare","assetType":"Other Maternal And Infant Care","dataYear":"2007","assetId":"624454","subcategory":"Health","detail":"https://classic.savi.org/SAVI/PopUps/AssetMoreInfo.aspx?AssetID=624454"}},{"type":"Feature","geometry":{"type":"Point","coordinates":[-86.16130212,39.78875691]},"properties":{"name":"HEALTHNET CARE MATERNAL-FETAL MEDICINE CENTER","assetType":"Prenatal Care","dataYear":"2018","assetId":"918636","subcategory":"Health","detail":"https://classic.savi.org/SAVI/PopUps/AssetMoreInfo.aspx?AssetID=918636"}},{"type":"Feature","geometry":{"type":"Point","coordinates":[-86.8460895,39.6221169]},"properties":{"name":"PUTNAM COUNTY HOSPITAL","assetType":"Prenatal Care","dataYear":"2018","assetId":"920648","subcategory":"Health","detail":"https://classic.savi.org/SAVI/PopUps/AssetMoreInfo.aspx?AssetID=920648"}},{"type":"Feature","geometry":{"type":"Point","coordinates":[-86.15106322,39.68478844]},"properties":{"name":"WINDROSE HEALTH NETWORK - EPLER PARKE CENTER","assetType":"Prenatal Care","dataYear":"2018","assetId":"920522","subcategory":"Health","detail":"https://classic.savi.org/SAVI/PopUps/AssetMoreInfo.aspx?AssetID=920522"}},{"type":"Feature","geometry":{"type":"Point","coordinates":[-86.46823567,40.04389031]},"properties":{"name":"BOONE COUNTY CANCER SOCIETY","assetType":"Medical Expense Assistance","dataYear":"2014","assetId":"827933","subcategory":"Health","detail":"https://classic.savi.org/SAVI/PopUps/AssetMoreInfo.aspx?AssetID=827933"}},{"type":"Feature","geometry":{"type":"Point","coordinates":[-85.77773719,39.52411214]},"properties":{"name":"CANCER ASSOCIATION OF SHELBY COUNTY","assetType":"Medical Expense Assistance","dataYear":"2014","assetId":"830769","subcategory":"Health","detail":"https://classic.savi.org/SAVI/PopUps/AssetMoreInfo.aspx?AssetID=830769"}},{"type":"Feature","geometry":{"type":"Point","coordinates":[-86.50192278,39.76763402]},"properties":{"name":"HENDRICKS COUNTY SENIOR SERVICES","assetType":"Medical Expense Assistance","dataYear":"2014","assetId":"830165","subcategory":"Health","detail":"https://classic.savi.org/SAVI/PopUps/AssetMoreInfo.aspx?AssetID=830165"}},{"type":"Feature","geometry":{"type":"Point","coordinates":[-86.052678,39.938518]},"properties":{"name":"J & B MEDICAL SUPPLY","assetType":"Medical Expense Assistance","dataYear":"2014","assetId":"829258","subcategory":"Health","detail":"https://classic.savi.org/SAVI/PopUps/AssetMoreInfo.aspx?AssetID=829258"}},{"type":"Feature","geometry":{"type":"Point","coordinates":[-86.0437503,39.47242273]},"properties":{"name":"JOHNSON COUNTY SENIOR SERVICES","assetType":"Medical Expense Assistance","dataYear":"2014","assetId":"831146","subcategory":"Health","detail":"https://classic.savi.org/SAVI/PopUps/AssetMoreInfo.aspx?AssetID=831146"}},{"type":"Feature","geometry":{"type":"Point","coordinates":[-86.15714524,39.79076719]},"properties":{"name":"LITTLE RED DOOR CANCER AGENCY","assetType":"Medical Expense Assistance","dataYear":"2014","assetId":"827741","subcategory":"Health","detail":"https://classic.savi.org/SAVI/PopUps/AssetMoreInfo.aspx?AssetID=827741"}},{"type":"Feature","geometry":{"type":"Point","coordinates":[-86.130969,39.965323]},"properties":{"name":"MUSCULAR DYSTROPHY FAMILY FOUNDATION","assetType":"Medical Expense Assistance","dataYear":"2014","assetId":"829856","subcategory":"Health","detail":"https://classic.savi.org/SAVI/PopUps/AssetMoreInfo.aspx?AssetID=829856"}},{"type":"Feature","geometry":{"type":"Point","coordinates":[-86.22245731,39.92044999]},"properties":{"name":"NATIONAL MULTIPLE SCLEROSIS SOCIETY - INDIANA STATE CHAPTER","assetType":"Medical Expense Assistance","dataYear":"2014","assetId":"830291","subcategory":"Health","detail":"https://classic.savi.org/SAVI/PopUps/AssetMoreInfo.aspx?AssetID=830291"}},{"type":"Feature","geometry":{"type":"Point","coordinates":[-85.671422,40.095546]},"properties":{"name":"OPERATION LOVE MINISTRIES","assetType":"Medical Expense Assistance","dataYear":"2014","assetId":"828664","subcategory":"Health","detail":"https://classic.savi.org/SAVI/PopUps/AssetMoreInfo.aspx?AssetID=828664"}},{"type":"Feature","geometry":{"type":"Point","coordinates":[-86.049333,39.896031]},"properties":{"name":"PARKINSON S AWARENESS ASSOCIATION OF CENTRAL INDIANA","assetType":"Medical Expense Assistance","dataYear":"2014","assetId":"830487","subcategory":"Health","detail":"https://classic.savi.org/SAVI/PopUps/AssetMoreInfo.aspx?AssetID=830487"}},{"type":"Feature","geometry":{"type":"Point","coordinates":[-86.864553,39.644891]},"properties":{"name":"PUTNAM COUNTY SENIOR CENTER","assetType":"Medical Expense Assistance","dataYear":"2014","assetId":"829442","subcategory":"Health","detail":"https://classic.savi.org/SAVI/PopUps/AssetMoreInfo.aspx?AssetID=829442"}},{"type":"Feature","geometry":{"type":"Point","coordinates":[-86.13791873,39.76460239]},"properties":{"name":"SAINT VINCENT DE PAUL DISTRIBUTION CENTER","assetType":"Medical Expense Assistance","dataYear":"2014","assetId":"831008","subcategory":"Health","detail":"https://classic.savi.org/SAVI/PopUps/AssetMoreInfo.aspx?AssetID=831008"}},{"type":"Feature","geometry":{"type":"Point","coordinates":[-85.77406091,39.52454825]},"properties":{"name":"SALVATION ARMY SHELBYVILLE","assetType":"Medical Expense Assistance","dataYear":"2014","assetId":"830763","subcategory":"Health","detail":"https://classic.savi.org/SAVI/PopUps/AssetMoreInfo.aspx?AssetID=830763"}},{"type":"Feature","geometry":{"type":"Point","coordinates":[-86.156966,39.797429]},"properties":{"name":"TIMMY GLOBAL HEALTH","assetType":"Medical Expense Assistance","dataYear":"2014","assetId":"828597","subcategory":"Health","detail":"https://classic.savi.org/SAVI/PopUps/AssetMoreInfo.aspx?AssetID=828597"}},{"type":"Feature","geometry":{"type":"Point","coordinates":[-86.15607228,39.76862683]},"properties":{"name":"UNITED CEREBRAL PALSY ASSOCIATION OF GREATER INDIANA","assetType":"Medical Expense Assistance","dataYear":"2014","assetId":"831168","subcategory":"Health","detail":"https://classic.savi.org/SAVI/PopUps/AssetMoreInfo.aspx?AssetID=831168"}},{"type":"Feature","geometry":{"type":"Point","coordinates":[-86.07395305,39.78767612]},"properties":{"name":"COMMUNITY HEALTH NETWORK","assetType":"Physician Referrals","dataYear":"2018","assetId":"921456","subcategory":"Health","detail":"https://classic.savi.org/SAVI/PopUps/AssetMoreInfo.aspx?AssetID=921456"}},{"type":"Feature","geometry":{"type":"Point","coordinates":[-86.0825234,39.6494511]},"properties":{"name":"FRANCISCAN HEALTH","assetType":"Physician Referrals","dataYear":"2018","assetId":"917335","subcategory":"Health","detail":"https://classic.savi.org/SAVI/PopUps/AssetMoreInfo.aspx?AssetID=917335"}},{"type":"Feature","geometry":{"type":"Point","coordinates":[-86.15717919,39.79152139]},"properties":{"name":"HEALTHNET HOMELESS INITIATIVE PROGRAM HIP","assetType":"Physician Referrals","dataYear":"2018","assetId":"918585","subcategory":"Health","detail":"https://classic.savi.org/SAVI/PopUps/AssetMoreInfo.aspx?AssetID=918585"}},{"type":"Feature","geometry":{"type":"Point","coordinates":[-86.16516741,39.78156238]},"properties":{"name":"INDIANA UNIVERSITY HEALTH","assetType":"Physician Referrals","dataYear":"2018","assetId":"922139","subcategory":"Health","detail":"https://classic.savi.org/SAVI/PopUps/AssetMoreInfo.aspx?AssetID=922139"}},{"type":"Feature","geometry":{"type":"Point","coordinates":[-86.11691736,39.82600084]},"properties":{"name":"MARION COUNTY PUBLIC HEALTH DEPARTMENT","assetType":"Physician Referrals","dataYear":"2018","assetId":"921545","subcategory":"Health","detail":"https://classic.savi.org/SAVI/PopUps/AssetMoreInfo.aspx?AssetID=921545"}},{"type":"Feature","geometry":{"type":"Point","coordinates":[-86.02303344,40.04528011]},"properties":{"name":"RIVERVIEW HEALTH","assetType":"Physician Referrals","dataYear":"2018","assetId":"917484","subcategory":"Health","detail":"https://classic.savi.org/SAVI/PopUps/AssetMoreInfo.aspx?AssetID=917484"}},{"type":"Feature","geometry":{"type":"Point","coordinates":[-85.68278156,40.09715577]},"properties":{"name":"Aspire Indiana","assetType":"AIDS Control","dataYear":"2018","assetId":"924555","subcategory":"Health","detail":"https://classic.savi.org/SAVI/PopUps/AssetMoreInfo.aspx?AssetID=924555"}},{"type":"Feature","geometry":{"type":"Point","coordinates":[-86.13377625,39.76788668]},"properties":{"name":"Damien Center","assetType":"AIDS Control","dataYear":"2018","assetId":"924253","subcategory":"Health","detail":"https://classic.savi.org/SAVI/PopUps/AssetMoreInfo.aspx?AssetID=924253"}},{"type":"Feature","geometry":{"type":"Point","coordinates":[-86.46785508,40.04856147]},"properties":{"name":"BOONE COUNTY HEALTH DEPARTMENT","assetType":"Communicable Disease Control","dataYear":"2018","assetId":"919780","subcategory":"Health","detail":"https://classic.savi.org/SAVI/PopUps/AssetMoreInfo.aspx?AssetID=919780"}},{"type":"Feature","geometry":{"type":"Point","coordinates":[-86.24555014,39.20879249]},"properties":{"name":"BROWN COUNTY HEALTH DEPARTMENT","assetType":"Communicable Disease Control","dataYear":"2018","assetId":"916986","subcategory":"Health","detail":"https://classic.savi.org/SAVI/PopUps/AssetMoreInfo.aspx?AssetID=916986"}},{"type":"Feature","geometry":{"type":"Point","coordinates":[-85.9911682,40.04950113]},"properties":{"name":"HAMILTON COUNTY HEALTH DEPARTMENT","assetType":"Communicable Disease Control","dataYear":"2018","assetId":"918693","subcategory":"Health","detail":"https://classic.savi.org/SAVI/PopUps/AssetMoreInfo.aspx?AssetID=918693"}},{"type":"Feature","geometry":{"type":"Point","coordinates":[-85.76807668,39.78409316]},"properties":{"name":"HANCOCK COUNTY HEALTH DEPARTMENT","assetType":"Communicable Disease Control","dataYear":"2018","assetId":"918470","subcategory":"Health","detail":"https://classic.savi.org/SAVI/PopUps/AssetMoreInfo.aspx?AssetID=918470"}},{"type":"Feature","geometry":{"type":"Point","coordinates":[-86.52322041,39.75700956]},"properties":{"name":"HENDRICKS COUNTY HEALTH DEPARTMENT","assetType":"Communicable Disease Control","dataYear":"2018","assetId":"918580","subcategory":"Health","detail":"https://classic.savi.org/SAVI/PopUps/AssetMoreInfo.aspx?AssetID=918580"}},{"type":"Feature","geometry":{"type":"Point","coordinates":[-86.05599054,39.48012402]},"properties":{"name":"JOHNSON COUNTY HEALTH DEPARTMENT","assetType":"Communicable Disease Control","dataYear":"2018","assetId":"917171","subcategory":"Health","detail":"https://classic.savi.org/SAVI/PopUps/AssetMoreInfo.aspx?AssetID=917171"}},{"type":"Feature","geometry":{"type":"Point","coordinates":[-85.67656845,40.10733476]},"properties":{"name":"MADISON COUNTY HEALTH DEPARTMENT","assetType":"Communicable Disease Control","dataYear":"2018","assetId":"919981","subcategory":"Health","detail":"https://classic.savi.org/SAVI/PopUps/AssetMoreInfo.aspx?AssetID=919981"}},{"type":"Feature","geometry":{"type":"Point","coordinates":[-86.11691736,39.82600084]},"properties":{"name":"MARION COUNTY PUBLIC HEALTH DEPARTMENT","assetType":"Communicable Disease Control","dataYear":"2018","assetId":"921622","subcategory":"Health","detail":"https://classic.savi.org/SAVI/PopUps/AssetMoreInfo.aspx?AssetID=921622"}},{"type":"Feature","geometry":{"type":"Point","coordinates":[-86.42895695,39.42523923]},"properties":{"name":"MORGAN COUNTY HEALTH DEPARTMENT","assetType":"Communicable Disease Control","dataYear":"2018","assetId":"919286","subcategory":"Health","detail":"https://classic.savi.org/SAVI/PopUps/AssetMoreInfo.aspx?AssetID=919286"}},{"type":"Feature","geometry":{"type":"Point","coordinates":[-86.8460895,39.6221169]},"properties":{"name":"PUTNAM COUNTY HEALTH DEPARTMENT","assetType":"Communicable Disease Control","dataYear":"2018","assetId":"920755","subcategory":"Health","detail":"https://classic.savi.org/SAVI/PopUps/AssetMoreInfo.aspx?AssetID=920755"}},{"type":"Feature","geometry":{"type":"Point","coordinates":[-86.46785508,40.04856147]},"properties":{"name":"BOONE COUNTY HEALTH DEPARTMENT","assetType":"Home Sanitation","dataYear":"2018","assetId":"919683","subcategory":"Health","detail":"https://classic.savi.org/SAVI/PopUps/AssetMoreInfo.aspx?AssetID=919683"}},{"type":"Feature","geometry":{"type":"Point","coordinates":[-86.24555014,39.20879249]},"properties":{"name":"BROWN COUNTY HEALTH DEPARTMENT","assetType":"Home Sanitation","dataYear":"2018","assetId":"916987","subcategory":"Health","detail":"https://classic.savi.org/SAVI/PopUps/AssetMoreInfo.aspx?AssetID=916987"}},{"type":"Feature","geometry":{"type":"Point","coordinates":[-85.9911682,40.04950113]},"properties":{"name":"HAMILTON COUNTY HEALTH DEPARTMENT","assetType":"Home Sanitation","dataYear":"2018","assetId":"918698","subcategory":"Health","detail":"https://classic.savi.org/SAVI/PopUps/AssetMoreInfo.aspx?AssetID=918698"}},{"type":"Feature","geometry":{"type":"Point","coordinates":[-85.76807668,39.78409316]},"properties":{"name":"HANCOCK COUNTY HEALTH DEPARTMENT","assetType":"Home Sanitation","dataYear":"2018","assetId":"918528","subcategory":"Health","detail":"https://classic.savi.org/SAVI/PopUps/AssetMoreInfo.aspx?AssetID=918528"}},{"type":"Feature","geometry":{"type":"Point","coordinates":[-86.52322041,39.75700956]},"properties":{"name":"HENDRICKS COUNTY HEALTH DEPARTMENT","assetType":"Home Sanitation","dataYear":"2018","assetId":"918576","subcategory":"Health","detail":"https://classic.savi.org/SAVI/PopUps/AssetMoreInfo.aspx?AssetID=918576"}},{"type":"Feature","geometry":{"type":"Point","coordinates":[-86.05599054,39.48012402]},"properties":{"name":"JOHNSON COUNTY HEALTH DEPARTMENT","assetType":"Home Sanitation","dataYear":"2018","assetId":"917172","subcategory":"Health","detail":"https://classic.savi.org/SAVI/PopUps/AssetMoreInfo.aspx?AssetID=917172"}},{"type":"Feature","geometry":{"type":"Point","coordinates":[-85.67656845,40.10733476]},"properties":{"name":"MADISON COUNTY HEALTH DEPARTMENT","assetType":"Home Sanitation","dataYear":"2018","assetId":"919939","subcategory":"Health","detail":"https://classic.savi.org/SAVI/PopUps/AssetMoreInfo.aspx?AssetID=919939"}},{"type":"Feature","geometry":{"type":"Point","coordinates":[-86.11691736,39.82600084]},"properties":{"name":"MARION COUNTY PUBLIC HEALTH DEPARTMENT","assetType":"Home Sanitation","dataYear":"2018","assetId":"921546","subcategory":"Health","detail":"https://classic.savi.org/SAVI/PopUps/AssetMoreInfo.aspx?AssetID=921546"}},{"type":"Feature","geometry":{"type":"Point","coordinates":[-86.42895695,39.42523923]},"properties":{"name":"MORGAN COUNTY HEALTH DEPARTMENT","assetType":"Home Sanitation","dataYear":"2018","assetId":"919158","subcategory":"Health","detail":"https://classic.savi.org/SAVI/PopUps/AssetMoreInfo.aspx?AssetID=919158"}},{"type":"Feature","geometry":{"type":"Point","coordinates":[-86.8460895,39.6221169]},"properties":{"name":"PUTNAM COUNTY HEALTH DEPARTMENT","assetType":"Home Sanitation","dataYear":"2018","assetId":"920814","subcategory":"Health","detail":"https://classic.savi.org/SAVI/PopUps/AssetMoreInfo.aspx?AssetID=920814"}},{"type":"Feature","geometry":{"type":"Point","coordinates":[-86.09914807,39.79608646]},"properties":{"name":"Marion County Health Department - Vector Borne Disease Prevention","assetType":"Mosquito Control","dataYear":"2007","assetId":"624498","subcategory":"Health","detail":"https://classic.savi.org/SAVI/PopUps/AssetMoreInfo.aspx?AssetID=624498"}},{"type":"Feature","geometry":{"type":"Point","coordinates":[-86.16543746,39.76736422]},"properties":{"name":"INDIANA DEPARTMENT OF LABOR","assetType":"Occupational Health And Safety","dataYear":"2018","assetId":"918088","subcategory":"Health","detail":"https://classic.savi.org/SAVI/PopUps/AssetMoreInfo.aspx?AssetID=918088"}},{"type":"Feature","geometry":{"type":"Point","coordinates":[-86.16543746,39.76736422]},"properties":{"name":"INDIANA DEPARTMENT OF LABOR","assetType":"Occupational Health And Safety","dataYear":"2018","assetId":"918087","subcategory":"Health","detail":"https://classic.savi.org/SAVI/PopUps/AssetMoreInfo.aspx?AssetID=918087"}},{"type":"Feature","geometry":{"type":"Point","coordinates":[-86.46869864,40.04856069]},"properties":{"name":"BOONE COUNTY HEALTH DEPARTMENT","assetType":"Pest Control","dataYear":"2013","assetId":"797582","subcategory":"Health","detail":"https://classic.savi.org/SAVI/PopUps/AssetMoreInfo.aspx?AssetID=797582"}},{"type":"Feature","geometry":{"type":"Point","coordinates":[-86.39897081,39.84086522]},"properties":{"name":"BROWNSBURG STREET DEPARTMENT","assetType":"Pest Control","dataYear":"2013","assetId":"799527","subcategory":"Health","detail":"https://classic.savi.org/SAVI/PopUps/AssetMoreInfo.aspx?AssetID=799527"}},{"type":"Feature","geometry":{"type":"Point","coordinates":[-86.02003156,40.12177206]},"properties":{"name":"CICERO STREET DEPARTMENT","assetType":"Pest Control","dataYear":"2013","assetId":"799751","subcategory":"Health","detail":"https://classic.savi.org/SAVI/PopUps/AssetMoreInfo.aspx?AssetID=799751"}},{"type":"Feature","geometry":{"type":"Point","coordinates":[-85.96153584,39.77614298]},"properties":{"name":"CUMBERLAND TOWN OF","assetType":"Pest Control","dataYear":"2013","assetId":"797261","subcategory":"Health","detail":"https://classic.savi.org/SAVI/PopUps/AssetMoreInfo.aspx?AssetID=797261"}},{"type":"Feature","geometry":{"type":"Point","coordinates":[-86.01679476,39.95809573]},"properties":{"name":"FISHERS TOWN OF","assetType":"Pest Control","dataYear":"2013","assetId":"797255","subcategory":"Health","detail":"https://classic.savi.org/SAVI/PopUps/AssetMoreInfo.aspx?AssetID=797255"}},{"type":"Feature","geometry":{"type":"Point","coordinates":[-86.102737,39.611457]},"properties":{"name":"GREENWOOD STREET DEPARTMENT","assetType":"Pest Control","dataYear":"2013","assetId":"799522","subcategory":"Health","detail":"https://classic.savi.org/SAVI/PopUps/AssetMoreInfo.aspx?AssetID=799522"}},{"type":"Feature","geometry":{"type":"Point","coordinates":[-85.99094261,40.04949289]},"properties":{"name":"HAMILTON COUNTY HEALTH DEPARTMENT","assetType":"Pest Control","dataYear":"2013","assetId":"798166","subcategory":"Health","detail":"https://classic.savi.org/SAVI/PopUps/AssetMoreInfo.aspx?AssetID=798166"}},{"type":"Feature","geometry":{"type":"Point","coordinates":[-85.768193,39.784293]},"properties":{"name":"HANCOCK COUNTY HEALTH DEPARTMENT","assetType":"Pest Control","dataYear":"2013","assetId":"798199","subcategory":"Health","detail":"https://classic.savi.org/SAVI/PopUps/AssetMoreInfo.aspx?AssetID=798199"}},{"type":"Feature","geometry":{"type":"Point","coordinates":[-86.52397961,39.75719247]},"properties":{"name":"HENDRICKS COUNTY HEALTH DEPARTMENT","assetType":"Pest Control","dataYear":"2013","assetId":"798316","subcategory":"Health","detail":"https://classic.savi.org/SAVI/PopUps/AssetMoreInfo.aspx?AssetID=798316"}},{"type":"Feature","geometry":{"type":"Point","coordinates":[-86.05585663,39.47969288]},"properties":{"name":"JOHNSON COUNTY HEALTH DEPARTMENT","assetType":"Pest Control","dataYear":"2013","assetId":"799117","subcategory":"Health","detail":"https://classic.savi.org/SAVI/PopUps/AssetMoreInfo.aspx?AssetID=799117"}},{"type":"Feature","geometry":{"type":"Point","coordinates":[-86.09884354,39.7959938]},"properties":{"name":"MARION COUNTY MOSQUITO CONTROL FACILITY","assetType":"Pest Control","dataYear":"2013","assetId":"800401","subcategory":"Health","detail":"https://classic.savi.org/SAVI/PopUps/AssetMoreInfo.aspx?AssetID=800401"}},{"type":"Feature","geometry":{"type":"Point","coordinates":[-86.19474405,39.77096202]},"properties":{"name":"MARION COUNTY PUBLIC HEALTH DEPARTMENT RODENT AND ENVIRONMENTAL","assetType":"Pest Control","dataYear":"2013","assetId":"800372","subcategory":"Health","detail":"https://classic.savi.org/SAVI/PopUps/AssetMoreInfo.aspx?AssetID=800372"}},{"type":"Feature","geometry":{"type":"Point","coordinates":[-86.37478222,39.6117917]},"properties":{"name":"MOORESVILLE TOWN OF","assetType":"Pest Control","dataYear":"2013","assetId":"797274","subcategory":"Health","detail":"https://classic.savi.org/SAVI/PopUps/AssetMoreInfo.aspx?AssetID=797274"}},{"type":"Feature","geometry":{"type":"Point","coordinates":[-85.70479349,39.6751764]},"properties":{"name":"MORRISTOWN TOWN OF","assetType":"Pest Control","dataYear":"2013","assetId":"799090","subcategory":"Health","detail":"https://classic.savi.org/SAVI/PopUps/AssetMoreInfo.aspx?AssetID=799090"}},{"type":"Feature","geometry":{"type":"Point","coordinates":[-86.09689282,39.55567694]},"properties":{"name":"NEW WHITELAND TOWN OF","assetType":"Pest Control","dataYear":"2013","assetId":"797283","subcategory":"Health","detail":"https://classic.savi.org/SAVI/PopUps/AssetMoreInfo.aspx?AssetID=797283"}},{"type":"Feature","geometry":{"type":"Point","coordinates":[-86.44421071,40.02546119]},"properties":{"name":"PURDUE EXTENSION - BOONE COUNTY","assetType":"Pest Control","dataYear":"2013","assetId":"798652","subcategory":"Health","detail":"https://classic.savi.org/SAVI/PopUps/AssetMoreInfo.aspx?AssetID=798652"}},{"type":"Feature","geometry":{"type":"Point","coordinates":[-85.99848822,40.03923019]},"properties":{"name":"PURDUE EXTENSION - HAMILTON COUNTY","assetType":"Pest Control","dataYear":"2013","assetId":"798660","subcategory":"Health","detail":"https://classic.savi.org/SAVI/PopUps/AssetMoreInfo.aspx?AssetID=798660"}},{"type":"Feature","geometry":{"type":"Point","coordinates":[-85.75583089,39.7932112]},"properties":{"name":"PURDUE EXTENSION - HANCOCK COUNTY","assetType":"Pest Control","dataYear":"2013","assetId":"798674","subcategory":"Health","detail":"https://classic.savi.org/SAVI/PopUps/AssetMoreInfo.aspx?AssetID=798674"}},{"type":"Feature","geometry":{"type":"Point","coordinates":[-86.48790769,39.76171399]},"properties":{"name":"PURDUE EXTENSION - HENDRICKS COUNTY","assetType":"Pest Control","dataYear":"2013","assetId":"798679","subcategory":"Health","detail":"https://classic.savi.org/SAVI/PopUps/AssetMoreInfo.aspx?AssetID=798679"}},{"type":"Feature","geometry":{"type":"Point","coordinates":[-86.06433963,39.48581693]},"properties":{"name":"PURDUE EXTENSION - JOHNSON COUNTY","assetType":"Pest Control","dataYear":"2013","assetId":"798684","subcategory":"Health","detail":"https://classic.savi.org/SAVI/PopUps/AssetMoreInfo.aspx?AssetID=798684"}},{"type":"Feature","geometry":{"type":"Point","coordinates":[-86.13695938,39.82559187]},"properties":{"name":"PURDUE EXTENSION - MARION COUNTY","assetType":"Pest Control","dataYear":"2013","assetId":"798705","subcategory":"Health","detail":"https://classic.savi.org/SAVI/PopUps/AssetMoreInfo.aspx?AssetID=798705"}},{"type":"Feature","geometry":{"type":"Point","coordinates":[-86.42867432,39.4251682]},"properties":{"name":"PURDUE EXTENSION - MORGAN COUNTY","assetType":"Pest Control","dataYear":"2013","assetId":"798712","subcategory":"Health","detail":"https://classic.savi.org/SAVI/PopUps/AssetMoreInfo.aspx?AssetID=798712"}},{"type":"Feature","geometry":{"type":"Point","coordinates":[-85.75408732,39.51993911]},"properties":{"name":"PURDUE EXTENSION - SHELBY COUNTY","assetType":"Pest Control","dataYear":"2013","assetId":"798716","subcategory":"Health","detail":"https://classic.savi.org/SAVI/PopUps/AssetMoreInfo.aspx?AssetID=798716"}},{"type":"Feature","geometry":{"type":"Point","coordinates":[-85.75408732,39.51993911]},"properties":{"name":"SHELBY COUNTY HEALTH DEPARTMENT","assetType":"Pest Control","dataYear":"2013","assetId":"798827","subcategory":"Health","detail":"https://classic.savi.org/SAVI/PopUps/AssetMoreInfo.aspx?AssetID=798827"}},{"type":"Feature","geometry":{"type":"Point","coordinates":[-85.67758692,40.10836559]},"properties":{"name":"ANDERSON CITY OF","assetType":"Public Health Inspection and Remediation","dataYear":"2018","assetId":"920046","subcategory":"Health","detail":"https://classic.savi.org/SAVI/PopUps/AssetMoreInfo.aspx?AssetID=920046"}},{"type":"Feature","geometry":{"type":"Point","coordinates":[-86.02368331,40.17606135]},"properties":{"name":"ARCADIA TOWN OF","assetType":"Public Health Inspection and Remediation","dataYear":"2018","assetId":"919973","subcategory":"Health","detail":"https://classic.savi.org/SAVI/PopUps/AssetMoreInfo.aspx?AssetID=919973"}},{"type":"Feature","geometry":{"type":"Point","coordinates":[-86.16827724,39.52139389]},"properties":{"name":"BARGERSVILLE TOWN OF","assetType":"Public Health Inspection and Remediation","dataYear":"2018","assetId":"920791","subcategory":"Health","detail":"https://classic.savi.org/SAVI/PopUps/AssetMoreInfo.aspx?AssetID=920791"}},{"type":"Feature","geometry":{"type":"Point","coordinates":[-86.09108388,39.72179211]},"properties":{"name":"BEECH GROVE CITY OF","assetType":"Public Health Inspection and Remediation","dataYear":"2018","assetId":"921828","subcategory":"Health","detail":"https://classic.savi.org/SAVI/PopUps/AssetMoreInfo.aspx?AssetID=921828"}},{"type":"Feature","geometry":{"type":"Point","coordinates":[-86.36996536,39.53884492]},"properties":{"name":"BROOKLYN TOWN OF","assetType":"Public Health Inspection and Remediation","dataYear":"2018","assetId":"921242","subcategory":"Health","detail":"https://classic.savi.org/SAVI/PopUps/AssetMoreInfo.aspx?AssetID=921242"}},{"type":"Feature","geometry":{"type":"Point","coordinates":[-86.12616742,39.97865661]},"properties":{"name":"CARMEL UTILITIES","assetType":"Public Health Inspection and Remediation","dataYear":"2018","assetId":"921337","subcategory":"Health","detail":"https://classic.savi.org/SAVI/PopUps/AssetMoreInfo.aspx?AssetID=921337"}},{"type":"Feature","geometry":{"type":"Point","coordinates":[-86.00919174,40.13220434]},"properties":{"name":"CICERO TOWN OF","assetType":"Public Health Inspection and Remediation","dataYear":"2018","assetId":"917315","subcategory":"Health","detail":"https://classic.savi.org/SAVI/PopUps/AssetMoreInfo.aspx?AssetID=917315"}},{"type":"Feature","geometry":{"type":"Point","coordinates":[-86.15813853,39.79396417]},"properties":{"name":"CITIZENS ENERGY GROUP","assetType":"Public Health Inspection and Remediation","dataYear":"2018","assetId":"921584","subcategory":"Health","detail":"https://classic.savi.org/SAVI/PopUps/AssetMoreInfo.aspx?AssetID=921584"}},{"type":"Feature","geometry":{"type":"Point","coordinates":[-86.52331973,39.68994127]},"properties":{"name":"CLAYTON TOWN OF","assetType":"Public Health Inspection and Remediation","dataYear":"2018","assetId":"922066","subcategory":"Health","detail":"https://classic.savi.org/SAVI/PopUps/AssetMoreInfo.aspx?AssetID=922066"}},{"type":"Feature","geometry":{"type":"Point","coordinates":[-86.67002668,39.68817283]},"properties":{"name":"COATESVILLE TOWN OF","assetType":"Public Health Inspection and Remediation","dataYear":"2018","assetId":"921203","subcategory":"Health","detail":"https://classic.savi.org/SAVI/PopUps/AssetMoreInfo.aspx?AssetID=921203"}},{"type":"Feature","geometry":{"type":"Point","coordinates":[-85.96121373,39.77576102]},"properties":{"name":"CUMBERLAND TOWN OF","assetType":"Public Health Inspection and Remediation","dataYear":"2018","assetId":"921251","subcategory":"Health","detail":"https://classic.savi.org/SAVI/PopUps/AssetMoreInfo.aspx?AssetID=921251"}},{"type":"Feature","geometry":{"type":"Point","coordinates":[-86.52016202,39.76152325]},"properties":{"name":"DANVILLE MUNICIPAL WATER AND SANITATION UTILITIES","assetType":"Public Health Inspection and Remediation","dataYear":"2018","assetId":"921134","subcategory":"Health","detail":"https://classic.savi.org/SAVI/PopUps/AssetMoreInfo.aspx?AssetID=921134"}},{"type":"Feature","geometry":{"type":"Point","coordinates":[-85.96516639,39.35390549]},"properties":{"name":"EDINBURGH TOWN OF","assetType":"Public Health Inspection and Remediation","dataYear":"2018","assetId":"921421","subcategory":"Health","detail":"https://classic.savi.org/SAVI/PopUps/AssetMoreInfo.aspx?AssetID=921421"}},{"type":"Feature","geometry":{"type":"Point","coordinates":[-86.01709245,39.95871809]},"properties":{"name":"FISHERS CITY OF","assetType":"Public Health Inspection and Remediation","dataYear":"2018","assetId":"921331","subcategory":"Health","detail":"https://classic.savi.org/SAVI/PopUps/AssetMoreInfo.aspx?AssetID=921331"}},{"type":"Feature","geometry":{"type":"Point","coordinates":[-85.84069202,39.93483654]},"properties":{"name":"FORTVILLE TOWN OF","assetType":"Public Health Inspection and Remediation","dataYear":"2018","assetId":"921601","subcategory":"Health","detail":"https://classic.savi.org/SAVI/PopUps/AssetMoreInfo.aspx?AssetID=921601"}},{"type":"Feature","geometry":{"type":"Point","coordinates":[-86.04083228,39.46845522]},"properties":{"name":"FRANKLIN DEPARTMENT OF PUBLIC WORKS","assetType":"Public Health Inspection and Remediation","dataYear":"2018","assetId":"921481","subcategory":"Health","detail":"https://classic.savi.org/SAVI/PopUps/AssetMoreInfo.aspx?AssetID=921481"}},{"type":"Feature","geometry":{"type":"Point","coordinates":[-86.86054791,39.64402395]},"properties":{"name":"GREENCASTLE CITY OF","assetType":"Public Health Inspection and Remediation","dataYear":"2018","assetId":"919901","subcategory":"Health","detail":"https://classic.savi.org/SAVI/PopUps/AssetMoreInfo.aspx?AssetID=919901"}},{"type":"Feature","geometry":{"type":"Point","coordinates":[-85.76731234,39.7760763]},"properties":{"name":"GREENFIELD WASTEWATER COLLECTION AND TREATMENT FACILITY","assetType":"Public Health Inspection and Remediation","dataYear":"2018","assetId":"921424","subcategory":"Health","detail":"https://classic.savi.org/SAVI/PopUps/AssetMoreInfo.aspx?AssetID=921424"}},{"type":"Feature","geometry":{"type":"Point","coordinates":[-86.03594507,39.96005119]},"properties":{"name":"HAMILTON SOUTHEASTERN UTILITIES","assetType":"Public Health Inspection and Remediation","dataYear":"2018","assetId":"922134","subcategory":"Health","detail":"https://classic.savi.org/SAVI/PopUps/AssetMoreInfo.aspx?AssetID=922134"}},{"type":"Feature","geometry":{"type":"Point","coordinates":[-86.62417924,39.9244837]},"properties":{"name":"JAMESTOWN TOWN OF","assetType":"Public Health Inspection and Remediation","dataYear":"2018","assetId":"922090","subcategory":"Health","detail":"https://classic.savi.org/SAVI/PopUps/AssetMoreInfo.aspx?AssetID=922090"}},{"type":"Feature","geometry":{"type":"Point","coordinates":[-86.00630502,39.85221507]},"properties":{"name":"LAWRENCE UTILITIES","assetType":"Public Health Inspection and Remediation","dataYear":"2018","assetId":"921585","subcategory":"Health","detail":"https://classic.savi.org/SAVI/PopUps/AssetMoreInfo.aspx?AssetID=921585"}},{"type":"Feature","geometry":{"type":"Point","coordinates":[-86.46793673,40.04487327]},"properties":{"name":"LEBANON CITY OF","assetType":"Public Health Inspection and Remediation","dataYear":"2018","assetId":"921145","subcategory":"Health","detail":"https://classic.savi.org/SAVI/PopUps/AssetMoreInfo.aspx?AssetID=921145"}},{"type":"Feature","geometry":{"type":"Point","coordinates":[-86.42642707,39.42630438]},"properties":{"name":"MARTINSVILLE WATER AND SEWER DEPARTMENT","assetType":"Public Health Inspection and Remediation","dataYear":"2018","assetId":"921246","subcategory":"Health","detail":"https://classic.savi.org/SAVI/PopUps/AssetMoreInfo.aspx?AssetID=921246"}},{"type":"Feature","geometry":{"type":"Point","coordinates":[-85.92429517,39.89957698]},"properties":{"name":"MCCORDSVILLE TOWN OF","assetType":"Public Health Inspection and Remediation","dataYear":"2018","assetId":"921490","subcategory":"Health","detail":"https://classic.savi.org/SAVI/PopUps/AssetMoreInfo.aspx?AssetID=921490"}},{"type":"Feature","geometry":{"type":"Point","coordinates":[-86.37439365,39.61187769]},"properties":{"name":"MOORESVILLE TOWN OF","assetType":"Public Health Inspection and Remediation","dataYear":"2018","assetId":"921408","subcategory":"Health","detail":"https://classic.savi.org/SAVI/PopUps/AssetMoreInfo.aspx?AssetID=921408"}},{"type":"Feature","geometry":{"type":"Point","coordinates":[-86.26219156,39.37145808]},"properties":{"name":"MORGANTOWN TOWN OF","assetType":"Public Health Inspection and Remediation","dataYear":"2018","assetId":"919998","subcategory":"Health","detail":"https://classic.savi.org/SAVI/PopUps/AssetMoreInfo.aspx?AssetID=919998"}},{"type":"Feature","geometry":{"type":"Point","coordinates":[-85.70497402,39.67551059]},"properties":{"name":"MORRISTOWN TOWN OF","assetType":"Public Health Inspection and Remediation","dataYear":"2018","assetId":"917183","subcategory":"Health","detail":"https://classic.savi.org/SAVI/PopUps/AssetMoreInfo.aspx?AssetID=917183"}},{"type":"Feature","geometry":{"type":"Point","coordinates":[-86.24398415,39.20755845]},"properties":{"name":"NASHVILLE TOWN OF","assetType":"Public Health Inspection and Remediation","dataYear":"2018","assetId":"917074","subcategory":"Health","detail":"https://classic.savi.org/SAVI/PopUps/AssetMoreInfo.aspx?AssetID=917074"}},{"type":"Feature","geometry":{"type":"Point","coordinates":[-86.08995862,39.56472699]},"properties":{"name":"NEW WHITELAND TOWN OF","assetType":"Public Health Inspection and Remediation","dataYear":"2018","assetId":"921239","subcategory":"Health","detail":"https://classic.savi.org/SAVI/PopUps/AssetMoreInfo.aspx?AssetID=921239"}},{"type":"Feature","geometry":{"type":"Point","coordinates":[-86.02152411,40.03820724]},"properties":{"name":"NOBLESVILLE WASTEWATER TREATMENT PLANT","assetType":"Public Health Inspection and Remediation","dataYear":"2018","assetId":"921256","subcategory":"Health","detail":"https://classic.savi.org/SAVI/PopUps/AssetMoreInfo.aspx?AssetID=921256"}},{"type":"Feature","geometry":{"type":"Point","coordinates":[-86.46817533,39.86473331]},"properties":{"name":"PITTSBORO TOWN OF","assetType":"Public Health Inspection and Remediation","dataYear":"2018","assetId":"922153","subcategory":"Health","detail":"https://classic.savi.org/SAVI/PopUps/AssetMoreInfo.aspx?AssetID=922153"}},{"type":"Feature","geometry":{"type":"Point","coordinates":[-86.40334584,39.70296105]},"properties":{"name":"PLAINFIELD TOWN OF","assetType":"Public Health Inspection and Remediation","dataYear":"2018","assetId":"921248","subcategory":"Health","detail":"https://classic.savi.org/SAVI/PopUps/AssetMoreInfo.aspx?AssetID=921248"}},{"type":"Feature","geometry":{"type":"Point","coordinates":[-86.10382654,39.35423199]},"properties":{"name":"PRINCE S LAKES TOWN OF","assetType":"Public Health Inspection and Remediation","dataYear":"2018","assetId":"921166","subcategory":"Health","detail":"https://classic.savi.org/SAVI/PopUps/AssetMoreInfo.aspx?AssetID=921166"}},{"type":"Feature","geometry":{"type":"Point","coordinates":[-86.10999506,39.61261738]},"properties":{"name":"SGREENWOOD SANITATION DEPARTMENT","assetType":"Public Health Inspection and Remediation","dataYear":"2018","assetId":"921398","subcategory":"Health","detail":"https://classic.savi.org/SAVI/PopUps/AssetMoreInfo.aspx?AssetID=921398"}},{"type":"Feature","geometry":{"type":"Point","coordinates":[-85.77874002,39.52460656]},"properties":{"name":"SHELBYVILLE CITY OF","assetType":"Public Health Inspection and Remediation","dataYear":"2018","assetId":"921233","subcategory":"Health","detail":"https://classic.savi.org/SAVI/PopUps/AssetMoreInfo.aspx?AssetID=921233"}},{"type":"Feature","geometry":{"type":"Point","coordinates":[-86.25085354,39.78561722]},"properties":{"name":"SPEEDWAY TOWN OF","assetType":"Public Health Inspection and Remediation","dataYear":"2018","assetId":"921895","subcategory":"Health","detail":"https://classic.savi.org/SAVI/PopUps/AssetMoreInfo.aspx?AssetID=921895"}},{"type":"Feature","geometry":{"type":"Point","coordinates":[-86.60594274,40.12965389]},"properties":{"name":"THORNTOWN UTILITIES AND STREET DEPARTMENT","assetType":"Public Health Inspection and Remediation","dataYear":"2018","assetId":"921127","subcategory":"Health","detail":"https://classic.savi.org/SAVI/PopUps/AssetMoreInfo.aspx?AssetID=921127"}},{"type":"Feature","geometry":{"type":"Point","coordinates":[-86.41368113,39.75919978]},"properties":{"name":"WEST CENTRAL CONSERVANCY DISTRICT WCCD","assetType":"Public Health Inspection and Remediation","dataYear":"2018","assetId":"918918","subcategory":"Health","detail":"https://classic.savi.org/SAVI/PopUps/AssetMoreInfo.aspx?AssetID=918918"}},{"type":"Feature","geometry":{"type":"Point","coordinates":[-86.0791905,39.54978337]},"properties":{"name":"WHITELAND TOWN OF","assetType":"Public Health Inspection and Remediation","dataYear":"2018","assetId":"920782","subcategory":"Health","detail":"https://classic.savi.org/SAVI/PopUps/AssetMoreInfo.aspx?AssetID=920782"}},{"type":"Feature","geometry":{"type":"Point","coordinates":[-86.27492318,39.95141992]},"properties":{"name":"ZIONSVILLE TOWN OF","assetType":"Public Health Inspection and Remediation","dataYear":"2018","assetId":"921307","subcategory":"Health","detail":"https://classic.savi.org/SAVI/PopUps/AssetMoreInfo.aspx?AssetID=921307"}},{"type":"Feature","geometry":{"type":"Point","coordinates":[-86.24554501,39.20878501]},"properties":{"name":"BROWN COUNTY HEALTH DEPARTMENT","assetType":"Public Health Nursing","dataYear":"2017","assetId":"863656","subcategory":"Health","detail":"https://classic.savi.org/SAVI/PopUps/AssetMoreInfo.aspx?AssetID=863656"}},{"type":"Feature","geometry":{"type":"Point","coordinates":[-86.24554501,39.20878501]},"properties":{"name":"BROWN COUNTY HEALTH DEPARTMENT","assetType":"Public Health Nursing","dataYear":"2017","assetId":"876477","subcategory":"Health","detail":"https://classic.savi.org/SAVI/PopUps/AssetMoreInfo.aspx?AssetID=876477"}},{"type":"Feature","geometry":{"type":"Point","coordinates":[-86.11685908,39.82601653]},"properties":{"name":"Back to School Family Day BTS 2007 MCHD","assetType":"Public Health Services","dataYear":"2007","assetId":"626122","subcategory":"Health","detail":"https://classic.savi.org/SAVI/PopUps/AssetMoreInfo.aspx?AssetID=626122"}},{"type":"Feature","geometry":{"type":"Point","coordinates":[-86.17599944,39.78084944]},"properties":{"name":"Hispanic Health Resources - Wishard Health Services HH","assetType":"Public Health Services","dataYear":"2007","assetId":"625478","subcategory":"Health","detail":"https://classic.savi.org/SAVI/PopUps/AssetMoreInfo.aspx?AssetID=625478"}},{"type":"Feature","geometry":{"type":"Point","coordinates":[-86.11685908,39.82601653]},"properties":{"name":"Marion County Health Department","assetType":"Public Health Services","dataYear":"2007","assetId":"626215","subcategory":"Health","detail":"https://classic.savi.org/SAVI/PopUps/AssetMoreInfo.aspx?AssetID=626215"}},{"type":"Feature","geometry":{"type":"Point","coordinates":[-86.04559791,39.80390652]},"properties":{"name":"Indiana Dept of Health - Indoor and Radiologic Health","assetType":"Radon Testing","dataYear":"2007","assetId":"624530","subcategory":"Health","detail":"https://classic.savi.org/SAVI/PopUps/AssetMoreInfo.aspx?AssetID=624530"}},{"type":"Feature","geometry":{"type":"Point","coordinates":[-86.46785508,40.04856147]},"properties":{"name":"BOONE COUNTY HEALTH DEPARTMENT","assetType":"Restaurant/Food Sanitation","dataYear":"2018","assetId":"919892","subcategory":"Health","detail":"https://classic.savi.org/SAVI/PopUps/AssetMoreInfo.aspx?AssetID=919892"}},{"type":"Feature","geometry":{"type":"Point","coordinates":[-86.24555014,39.20879249]},"properties":{"name":"BROWN COUNTY HEALTH DEPARTMENT","assetType":"Restaurant/Food Sanitation","dataYear":"2018","assetId":"916928","subcategory":"Health","detail":"https://classic.savi.org/SAVI/PopUps/AssetMoreInfo.aspx?AssetID=916928"}},{"type":"Feature","geometry":{"type":"Point","coordinates":[-85.9911682,40.04950113]},"properties":{"name":"HAMILTON COUNTY HEALTH DEPARTMENT","assetType":"Restaurant/Food Sanitation","dataYear":"2018","assetId":"918705","subcategory":"Health","detail":"https://classic.savi.org/SAVI/PopUps/AssetMoreInfo.aspx?AssetID=918705"}},{"type":"Feature","geometry":{"type":"Point","coordinates":[-85.76807668,39.78409316]},"properties":{"name":"HANCOCK COUNTY HEALTH DEPARTMENT","assetType":"Restaurant/Food Sanitation","dataYear":"2018","assetId":"918473","subcategory":"Health","detail":"https://classic.savi.org/SAVI/PopUps/AssetMoreInfo.aspx?AssetID=918473"}},{"type":"Feature","geometry":{"type":"Point","coordinates":[-86.52322041,39.75700956]},"properties":{"name":"HENDRICKS COUNTY HEALTH DEPARTMENT","assetType":"Restaurant/Food Sanitation","dataYear":"2018","assetId":"918304","subcategory":"Health","detail":"https://classic.savi.org/SAVI/PopUps/AssetMoreInfo.aspx?AssetID=918304"}},{"type":"Feature","geometry":{"type":"Point","coordinates":[-86.05599054,39.48012402]},"properties":{"name":"JOHNSON COUNTY HEALTH DEPARTMENT","assetType":"Restaurant/Food Sanitation","dataYear":"2018","assetId":"917260","subcategory":"Health","detail":"https://classic.savi.org/SAVI/PopUps/AssetMoreInfo.aspx?AssetID=917260"}},{"type":"Feature","geometry":{"type":"Point","coordinates":[-85.67656845,40.10733476]},"properties":{"name":"MADISON COUNTY HEALTH DEPARTMENT","assetType":"Restaurant/Food Sanitation","dataYear":"2018","assetId":"920259","subcategory":"Health","detail":"https://classic.savi.org/SAVI/PopUps/AssetMoreInfo.aspx?AssetID=920259"}},{"type":"Feature","geometry":{"type":"Point","coordinates":[-86.10288497,39.82659175]},"properties":{"name":"MARION COUNTY PUBLIC HEALTH DEPARTMENT - FOREST MANOR HEALTH CENTER","assetType":"Restaurant/Food Sanitation","dataYear":"2018","assetId":"921770","subcategory":"Health","detail":"https://classic.savi.org/SAVI/PopUps/AssetMoreInfo.aspx?AssetID=921770"}},{"type":"Feature","geometry":{"type":"Point","coordinates":[-86.42895695,39.42523923]},"properties":{"name":"MORGAN COUNTY HEALTH DEPARTMENT","assetType":"Restaurant/Food Sanitation","dataYear":"2018","assetId":"919290","subcategory":"Health","detail":"https://classic.savi.org/SAVI/PopUps/AssetMoreInfo.aspx?AssetID=919290"}},{"type":"Feature","geometry":{"type":"Point","coordinates":[-86.8460895,39.6221169]},"properties":{"name":"PUTNAM COUNTY HEALTH DEPARTMENT","assetType":"Restaurant/Food Sanitation","dataYear":"2018","assetId":"920759","subcategory":"Health","detail":"https://classic.savi.org/SAVI/PopUps/AssetMoreInfo.aspx?AssetID=920759"}},{"type":"Feature","geometry":{"type":"Point","coordinates":[-85.71599186,40.11069124]},"properties":{"name":"Anderson Water Pollution Control","assetType":"Tap Water Testing","dataYear":"2018","assetId":"923535","subcategory":"Health","detail":"https://classic.savi.org/SAVI/PopUps/AssetMoreInfo.aspx?AssetID=923535"}},{"type":"Feature","geometry":{"type":"Point","coordinates":[-85.71599186,40.11069124]},"properties":{"name":"Anderson Water Pollution Control","assetType":"Tap Water Testing","dataYear":"2018","assetId":"923893","subcategory":"Health","detail":"https://classic.savi.org/SAVI/PopUps/AssetMoreInfo.aspx?AssetID=923893"}},{"type":"Feature","geometry":{"type":"Point","coordinates":[-85.71599186,40.11069124]},"properties":{"name":"Anderson Water Pollution Control Utility","assetType":"Tap Water Testing","dataYear":"2018","assetId":"924362","subcategory":"Health","detail":"https://classic.savi.org/SAVI/PopUps/AssetMoreInfo.aspx?AssetID=924362"}},{"type":"Feature","geometry":{"type":"Point","coordinates":[-86.17773778,39.78882239]},"properties":{"name":"Citizens Energy Group","assetType":"Tap Water Testing","dataYear":"2018","assetId":"924285","subcategory":"Health","detail":"https://classic.savi.org/SAVI/PopUps/AssetMoreInfo.aspx?AssetID=924285"}},{"type":"Feature","geometry":{"type":"Point","coordinates":[-86.17773778,39.78882239]},"properties":{"name":"Citizens Water","assetType":"Tap Water Testing","dataYear":"2018","assetId":"924985","subcategory":"Health","detail":"https://classic.savi.org/SAVI/PopUps/AssetMoreInfo.aspx?AssetID=924985"}},{"type":"Feature","geometry":{"type":"Point","coordinates":[-86.17773778,39.78882239]},"properties":{"name":"Citizens Water","assetType":"Tap Water Testing","dataYear":"2018","assetId":"925269","subcategory":"Health","detail":"https://classic.savi.org/SAVI/PopUps/AssetMoreInfo.aspx?AssetID=925269"}},{"type":"Feature","geometry":{"type":"Point","coordinates":[-86.36339723,39.83582044]},"properties":{"name":"Delta Water Management Group Inc","assetType":"Tap Water Testing","dataYear":"2018","assetId":"924519","subcategory":"Health","detail":"https://classic.savi.org/SAVI/PopUps/AssetMoreInfo.aspx?AssetID=924519"}},{"type":"Feature","geometry":{"type":"Point","coordinates":[-86.36339723,39.83582044]},"properties":{"name":"Delta Water Management Group Inc","assetType":"Tap Water Testing","dataYear":"2018","assetId":"923989","subcategory":"Health","detail":"https://classic.savi.org/SAVI/PopUps/AssetMoreInfo.aspx?AssetID=923989"}},{"type":"Feature","geometry":{"type":"Point","coordinates":[-86.12660583,39.84749034]},"properties":{"name":"EMSL Analytical Inc","assetType":"Tap Water Testing","dataYear":"2018","assetId":"924531","subcategory":"Health","detail":"https://classic.savi.org/SAVI/PopUps/AssetMoreInfo.aspx?AssetID=924531"}},{"type":"Feature","geometry":{"type":"Point","coordinates":[-86.12660583,39.84749034]},"properties":{"name":"EMSL Analytical Inc","assetType":"Tap Water Testing","dataYear":"2018","assetId":"923301","subcategory":"Health","detail":"https://classic.savi.org/SAVI/PopUps/AssetMoreInfo.aspx?AssetID=923301"}},{"type":"Feature","geometry":{"type":"Point","coordinates":[-86.12660583,39.84749034]},"properties":{"name":"EMSL Analytical Inc","assetType":"Tap Water Testing","dataYear":"2018","assetId":"924089","subcategory":"Health","detail":"https://classic.savi.org/SAVI/PopUps/AssetMoreInfo.aspx?AssetID=924089"}},{"type":"Feature","geometry":{"type":"Point","coordinates":[-86.26232365,39.73608301]},"properties":{"name":"ESG Laboratories","assetType":"Tap Water Testing","dataYear":"2018","assetId":"923942","subcategory":"Health","detail":"https://classic.savi.org/SAVI/PopUps/AssetMoreInfo.aspx?AssetID=923942"}},{"type":"Feature","geometry":{"type":"Point","coordinates":[-86.26232365,39.73608301]},"properties":{"name":"ESG Laboratories","assetType":"Tap Water Testing","dataYear":"2018","assetId":"924858","subcategory":"Health","detail":"https://classic.savi.org/SAVI/PopUps/AssetMoreInfo.aspx?AssetID=924858"}},{"type":"Feature","geometry":{"type":"Point","coordinates":[-86.26232365,39.73608301]},"properties":{"name":"ESG Laboratories","assetType":"Tap Water Testing","dataYear":"2018","assetId":"923107","subcategory":"Health","detail":"https://classic.savi.org/SAVI/PopUps/AssetMoreInfo.aspx?AssetID=923107"}},{"type":"Feature","geometry":{"type":"Point","coordinates":[-86.3683382,39.76772529]},"properties":{"name":"Environmental Laboratories Inc - Avon","assetType":"Tap Water Testing","dataYear":"2018","assetId":"923527","subcategory":"Health","detail":"https://classic.savi.org/SAVI/PopUps/AssetMoreInfo.aspx?AssetID=923527"}},{"type":"Feature","geometry":{"type":"Point","coordinates":[-86.08599056,39.94033375]},"properties":{"name":"Environmental Laboratories Inc - Carmel","assetType":"Tap Water Testing","dataYear":"2018","assetId":"923683","subcategory":"Health","detail":"https://classic.savi.org/SAVI/PopUps/AssetMoreInfo.aspx?AssetID=923683"}},{"type":"Feature","geometry":{"type":"Point","coordinates":[-86.13698982,39.95008081]},"properties":{"name":"Environmental Laboratories Inc - Carmel","assetType":"Tap Water Testing","dataYear":"2018","assetId":"924821","subcategory":"Health","detail":"https://classic.savi.org/SAVI/PopUps/AssetMoreInfo.aspx?AssetID=924821"}},{"type":"Feature","geometry":{"type":"Point","coordinates":[-85.76820718,39.79521071]},"properties":{"name":"Hancock Water Laboratory","assetType":"Tap Water Testing","dataYear":"2018","assetId":"923419","subcategory":"Health","detail":"https://classic.savi.org/SAVI/PopUps/AssetMoreInfo.aspx?AssetID=923419"}},{"type":"Feature","geometry":{"type":"Point","coordinates":[-85.76820718,39.79521071]},"properties":{"name":"Hancock Water Laboratory","assetType":"Tap Water Testing","dataYear":"2018","assetId":"924018","subcategory":"Health","detail":"https://classic.savi.org/SAVI/PopUps/AssetMoreInfo.aspx?AssetID=924018"}},{"type":"Feature","geometry":{"type":"Point","coordinates":[-86.38412894,39.61253247]},"properties":{"name":"Indiana American Water Mooresville","assetType":"Tap Water Testing","dataYear":"2018","assetId":"924266","subcategory":"Health","detail":"https://classic.savi.org/SAVI/PopUps/AssetMoreInfo.aspx?AssetID=924266"}},{"type":"Feature","geometry":{"type":"Point","coordinates":[-86.38412894,39.61253247]},"properties":{"name":"Indiana American Water- Mooresville","assetType":"Tap Water Testing","dataYear":"2018","assetId":"924399","subcategory":"Health","detail":"https://classic.savi.org/SAVI/PopUps/AssetMoreInfo.aspx?AssetID=924399"}},{"type":"Feature","geometry":{"type":"Point","coordinates":[-86.01435028,40.04823392]},"properties":{"name":"Indiana American Water-Noblesville","assetType":"Tap Water Testing","dataYear":"2018","assetId":"925198","subcategory":"Health","detail":"https://classic.savi.org/SAVI/PopUps/AssetMoreInfo.aspx?AssetID=925198"}},{"type":"Feature","geometry":{"type":"Point","coordinates":[-86.00626554,40.00834021]},"properties":{"name":"Indiana American Water-Noblesville","assetType":"Tap Water Testing","dataYear":"2018","assetId":"923246","subcategory":"Health","detail":"https://classic.savi.org/SAVI/PopUps/AssetMoreInfo.aspx?AssetID=923246"}},{"type":"Feature","geometry":{"type":"Point","coordinates":[-85.782741,39.54807655]},"properties":{"name":"Indiana American Water-Shelbyville District","assetType":"Tap Water Testing","dataYear":"2018","assetId":"924190","subcategory":"Health","detail":"https://classic.savi.org/SAVI/PopUps/AssetMoreInfo.aspx?AssetID=924190"}},{"type":"Feature","geometry":{"type":"Point","coordinates":[-85.782741,39.54807655]},"properties":{"name":"Indiana American Water-Shelbyville District","assetType":"Tap Water Testing","dataYear":"2018","assetId":"922869","subcategory":"Health","detail":"https://classic.savi.org/SAVI/PopUps/AssetMoreInfo.aspx?AssetID=922869"}},{"type":"Feature","geometry":{"type":"Point","coordinates":[-86.16987422,39.78873551]},"properties":{"name":"Indiana State Department of Health Laboratory","assetType":"Tap Water Testing","dataYear":"2018","assetId":"924879","subcategory":"Health","detail":"https://classic.savi.org/SAVI/PopUps/AssetMoreInfo.aspx?AssetID=924879"}},{"type":"Feature","geometry":{"type":"Point","coordinates":[-86.09075993,39.58219498]},"properties":{"name":"Indiana-American Water - Greenwood","assetType":"Tap Water Testing","dataYear":"2018","assetId":"924119","subcategory":"Health","detail":"https://classic.savi.org/SAVI/PopUps/AssetMoreInfo.aspx?AssetID=924119"}},{"type":"Feature","geometry":{"type":"Point","coordinates":[-86.07887155,39.61726565]},"properties":{"name":"Indiana-American Water - Greenwood Laboratory","assetType":"Tap Water Testing","dataYear":"2018","assetId":"925021","subcategory":"Health","detail":"https://classic.savi.org/SAVI/PopUps/AssetMoreInfo.aspx?AssetID=925021"}},{"type":"Feature","geometry":{"type":"Point","coordinates":[-86.11688823,39.82601137]},"properties":{"name":"Marion CHD Laboratory","assetType":"Tap Water Testing","dataYear":"2018","assetId":"923609","subcategory":"Health","detail":"https://classic.savi.org/SAVI/PopUps/AssetMoreInfo.aspx?AssetID=923609"}},{"type":"Feature","geometry":{"type":"Point","coordinates":[-86.11688823,39.82601137]},"properties":{"name":"Marion CHD Laboratory","assetType":"Tap Water Testing","dataYear":"2018","assetId":"923485","subcategory":"Health","detail":"https://classic.savi.org/SAVI/PopUps/AssetMoreInfo.aspx?AssetID=923485"}},{"type":"Feature","geometry":{"type":"Point","coordinates":[-86.11688823,39.82601137]},"properties":{"name":"Marion County Health Department","assetType":"Tap Water Testing","dataYear":"2018","assetId":"923608","subcategory":"Health","detail":"https://classic.savi.org/SAVI/PopUps/AssetMoreInfo.aspx?AssetID=923608"}},{"type":"Feature","geometry":{"type":"Point","coordinates":[-86.2396379,39.87038028]},"properties":{"name":"Micro Air Inc","assetType":"Tap Water Testing","dataYear":"2018","assetId":"924754","subcategory":"Health","detail":"https://classic.savi.org/SAVI/PopUps/AssetMoreInfo.aspx?AssetID=924754"}},{"type":"Feature","geometry":{"type":"Point","coordinates":[-86.2396379,39.87038028]},"properties":{"name":"Micro Air Inc","assetType":"Tap Water Testing","dataYear":"2018","assetId":"924860","subcategory":"Health","detail":"https://classic.savi.org/SAVI/PopUps/AssetMoreInfo.aspx?AssetID=924860"}},{"type":"Feature","geometry":{"type":"Point","coordinates":[-86.47534088,39.58058773]},"properties":{"name":"Mold Diagnostics","assetType":"Tap Water Testing","dataYear":"2018","assetId":"925209","subcategory":"Health","detail":"https://classic.savi.org/SAVI/PopUps/AssetMoreInfo.aspx?AssetID=925209"}},{"type":"Feature","geometry":{"type":"Point","coordinates":[-86.47534088,39.58058773]},"properties":{"name":"Mold Diagnostics","assetType":"Tap Water Testing","dataYear":"2018","assetId":"925286","subcategory":"Health","detail":"https://classic.savi.org/SAVI/PopUps/AssetMoreInfo.aspx?AssetID=925286"}},{"type":"Feature","geometry":{"type":"Point","coordinates":[-86.25680246,39.89321416]},"properties":{"name":"Pace Analytical Services Inc","assetType":"Tap Water Testing","dataYear":"2018","assetId":"923279","subcategory":"Health","detail":"https://classic.savi.org/SAVI/PopUps/AssetMoreInfo.aspx?AssetID=923279"}},{"type":"Feature","geometry":{"type":"Point","coordinates":[-85.9972236,39.79605186]},"properties":{"name":"WALKER CAREER CENTER","assetType":"Audiological Evaluations","dataYear":"2018","assetId":"922468","subcategory":"Health","detail":"https://classic.savi.org/SAVI/PopUps/AssetMoreInfo.aspx?AssetID=922468"}},{"type":"Feature","geometry":{"type":"Point","coordinates":[-85.9972236,39.79605186]},"properties":{"name":"WALKER CAREER CENTER","assetType":"Audiological Evaluations","dataYear":"2018","assetId":"922469","subcategory":"Health","detail":"https://classic.savi.org/SAVI/PopUps/AssetMoreInfo.aspx?AssetID=922469"}},{"type":"Feature","geometry":{"type":"Point","coordinates":[-86.07825012,39.7705367]},"properties":{"name":"ACCESSABILITY CENTER FOR INDEPENDENT LIVING","assetType":"Centers for Independent Living","dataYear":"2013","assetId":"797870","subcategory":"Health","detail":"https://classic.savi.org/SAVI/PopUps/AssetMoreInfo.aspx?AssetID=797870"}},{"type":"Feature","geometry":{"type":"Point","coordinates":[-86.22021865,39.81477412]},"properties":{"name":"Champions of Central Indiana","assetType":"Companion Dogs","dataYear":"2007","assetId":"624475","subcategory":"Health","detail":"https://classic.savi.org/SAVI/PopUps/AssetMoreInfo.aspx?AssetID=624475"}},{"type":"Feature","geometry":{"type":"Point","coordinates":[-86.0782447,39.77051228]},"properties":{"name":"AccessABILITY - Independent Living Assistance","assetType":"Condition Specific Rehabilitation Services","dataYear":"2011","assetId":"691894","subcategory":"Health","detail":"https://classic.savi.org/SAVI/PopUps/AssetMoreInfo.aspx?AssetID=691894"}},{"type":"Feature","geometry":{"type":"Point","coordinates":[-86.0782447,39.77051228]},"properties":{"name":"AccessABILITY - Information and Referral","assetType":"Condition Specific Rehabilitation Services","dataYear":"2011","assetId":"691793","subcategory":"Health","detail":"https://classic.savi.org/SAVI/PopUps/AssetMoreInfo.aspx?AssetID=691793"}},{"type":"Feature","geometry":{"type":"Point","coordinates":[-86.12127169,39.84315589]},"properties":{"name":"Easter Seals Crossroads - Outpatient Medical Rehab","assetType":"Condition Specific Rehabilitation Services","dataYear":"2011","assetId":"691184","subcategory":"Health","detail":"https://classic.savi.org/SAVI/PopUps/AssetMoreInfo.aspx?AssetID=691184"}},{"type":"Feature","geometry":{"type":"Point","coordinates":[-86.082376,39.682163]},"properties":{"name":"Easter Seals Crossroads South - Children s Outpatient Med Rehab","assetType":"Condition Specific Rehabilitation Services","dataYear":"2011","assetId":"696696","subcategory":"Health","detail":"https://classic.savi.org/SAVI/PopUps/AssetMoreInfo.aspx?AssetID=696696"}},{"type":"Feature","geometry":{"type":"Point","coordinates":[-86.18991343,39.91196319]},"properties":{"name":"St Vincent Pediatric Rehabilitation Center","assetType":"Condition Specific Rehabilitation Services","dataYear":"2011","assetId":"696430","subcategory":"Health","detail":"https://classic.savi.org/SAVI/PopUps/AssetMoreInfo.aspx?AssetID=696430"}},{"type":"Feature","geometry":{"type":"Point","coordinates":[-86.04720788,39.89549686]},"properties":{"name":"Central Indiana First Steps DDRS","assetType":"Early Intervention For Developmentally Delayed","dataYear":"2011","assetId":"696702","subcategory":"Health","detail":"https://classic.savi.org/SAVI/PopUps/AssetMoreInfo.aspx?AssetID=696702"}},{"type":"Feature","geometry":{"type":"Point","coordinates":[-86.07860965,39.52558739]},"properties":{"name":"Gateway Services - Community-Based Developmental Therapy","assetType":"Early Intervention For Developmentally Delayed","dataYear":"2011","assetId":"692579","subcategory":"Health","detail":"https://classic.savi.org/SAVI/PopUps/AssetMoreInfo.aspx?AssetID=692579"}},{"type":"Feature","geometry":{"type":"Point","coordinates":[-86.13819148,39.83287129]},"properties":{"name":"Indiana School for the Deaf - Early Intervention Program","assetType":"Early Intervention For Developmentally Delayed","dataYear":"2011","assetId":"692041","subcategory":"Health","detail":"https://classic.savi.org/SAVI/PopUps/AssetMoreInfo.aspx?AssetID=692041"}},{"type":"Feature","geometry":{"type":"Point","coordinates":[-86.04566849,40.0433052]},"properties":{"name":"Janus First Steps Early Intervention","assetType":"Early Intervention For Developmentally Delayed","dataYear":"2011","assetId":"692972","subcategory":"Health","detail":"https://classic.savi.org/SAVI/PopUps/AssetMoreInfo.aspx?AssetID=692972"}},{"type":"Feature","geometry":{"type":"Point","coordinates":[-86.14619129,39.86489511]},"properties":{"name":"Noble of Indiana Children & Youth Services Broad Ripple","assetType":"Early Intervention For Developmentally Delayed","dataYear":"2011","assetId":"692545","subcategory":"Health","detail":"https://classic.savi.org/SAVI/PopUps/AssetMoreInfo.aspx?AssetID=692545"}},{"type":"Feature","geometry":{"type":"Point","coordinates":[-86.123322,39.78142]},"properties":{"name":"Parents as Teachers John H Boner","assetType":"Early Intervention For Developmentally Delayed","dataYear":"2011","assetId":"692942","subcategory":"Health","detail":"https://classic.savi.org/SAVI/PopUps/AssetMoreInfo.aspx?AssetID=692942"}},{"type":"Feature","geometry":{"type":"Point","coordinates":[-86.16770869,39.77954558]},"properties":{"name":"St Mary s Child Center - Diagnostic Clinic","assetType":"Early Intervention For Developmentally Delayed","dataYear":"2011","assetId":"691817","subcategory":"Health","detail":"https://classic.savi.org/SAVI/PopUps/AssetMoreInfo.aspx?AssetID=691817"}},{"type":"Feature","geometry":{"type":"Point","coordinates":[-85.773383,39.710405]},"properties":{"name":"Edelweiss Equine Assisted Therapy Center","assetType":"Equestrian Therapy","dataYear":"2007","assetId":"625962","subcategory":"Health","detail":"https://classic.savi.org/SAVI/PopUps/AssetMoreInfo.aspx?AssetID=625962"}},{"type":"Feature","geometry":{"type":"Point","coordinates":[-86.47617501,40.04740688]},"properties":{"name":"Arc Rehab Services - Personal and Community Services","assetType":"Independent Living Skills Training","dataYear":"2007","assetId":"624701","subcategory":"Health","detail":"https://classic.savi.org/SAVI/PopUps/AssetMoreInfo.aspx?AssetID=624701"}},{"type":"Feature","geometry":{"type":"Point","coordinates":[-86.12127169,39.84315589]},"properties":{"name":"Easter Seals Crossroads Rehab Ctr - Outpatient Medical Rehab","assetType":"Independent Living Skills Training","dataYear":"2007","assetId":"623508","subcategory":"Health","detail":"https://classic.savi.org/SAVI/PopUps/AssetMoreInfo.aspx?AssetID=623508"}},{"type":"Feature","geometry":{"type":"Point","coordinates":[-86.07860965,39.52558739]},"properties":{"name":"Gateway Services Johnson County ARC - Community Membership","assetType":"Independent Living Skills Training","dataYear":"2007","assetId":"623981","subcategory":"Health","detail":"https://classic.savi.org/SAVI/PopUps/AssetMoreInfo.aspx?AssetID=623981"}},{"type":"Feature","geometry":{"type":"Point","coordinates":[-86.18821434,39.80821061]},"properties":{"name":"IRCIL-Indpls Resource Ctr for Independence - Independent Living","assetType":"Independent Living Skills Training","dataYear":"2007","assetId":"623957","subcategory":"Health","detail":"https://classic.savi.org/SAVI/PopUps/AssetMoreInfo.aspx?AssetID=623957"}},{"type":"Feature","geometry":{"type":"Point","coordinates":[-86.04566849,40.0433052]},"properties":{"name":"Janus Developmental Services - Habilitation Training","assetType":"Independent Living Skills Training","dataYear":"2007","assetId":"624067","subcategory":"Health","detail":"https://classic.savi.org/SAVI/PopUps/AssetMoreInfo.aspx?AssetID=624067"}},{"type":"Feature","geometry":{"type":"Point","coordinates":[-86.03226583,39.79634552]},"properties":{"name":"Noble of Indiana Noble East - Adult Services Day Program","assetType":"Independent Living Skills Training","dataYear":"2007","assetId":"624936","subcategory":"Health","detail":"https://classic.savi.org/SAVI/PopUps/AssetMoreInfo.aspx?AssetID=624936"}},{"type":"Feature","geometry":{"type":"Point","coordinates":[-86.14960913,39.96557877]},"properties":{"name":"Noble of Indiana Noble North - Adult Services Day Program","assetType":"Independent Living Skills Training","dataYear":"2007","assetId":"624847","subcategory":"Health","detail":"https://classic.savi.org/SAVI/PopUps/AssetMoreInfo.aspx?AssetID=624847"}},{"type":"Feature","geometry":{"type":"Point","coordinates":[-86.2160211,39.80172249]},"properties":{"name":"Noble of Indiana Noble West - Adult Services Day Program","assetType":"Independent Living Skills Training","dataYear":"2007","assetId":"624935","subcategory":"Health","detail":"https://classic.savi.org/SAVI/PopUps/AssetMoreInfo.aspx?AssetID=624935"}},{"type":"Feature","geometry":{"type":"Point","coordinates":[-86.26264713,39.73552926]},"properties":{"name":"ADVANCED PHYSICAL THERAPY LLC","assetType":"Occupational Physical Therapy / Speech Pathology Services","dataYear":"2011","assetId":"746125","subcategory":"Health","detail":"https://classic.savi.org/SAVI/PopUps/AssetMoreInfo.aspx?AssetID=746125"}},{"type":"Feature","geometry":{"type":"Point","coordinates":[-85.67780333,40.11159513]},"properties":{"name":"COMFORT HEALTHCARE THERAPY LLC","assetType":"Occupational Physical Therapy / Speech Pathology Services","dataYear":"2011","assetId":"746115","subcategory":"Health","detail":"https://classic.savi.org/SAVI/PopUps/AssetMoreInfo.aspx?AssetID=746115"}},{"type":"Feature","geometry":{"type":"Point","coordinates":[-86.12080218,39.84319322]},"properties":{"name":"CROSSROADS REHABILITATION CENTER INC","assetType":"Occupational Physical Therapy / Speech Pathology Services","dataYear":"2011","assetId":"746123","subcategory":"Health","detail":"https://classic.savi.org/SAVI/PopUps/AssetMoreInfo.aspx?AssetID=746123"}},{"type":"Feature","geometry":{"type":"Point","coordinates":[-85.68056933,40.10394913]},"properties":{"name":"GATEWAY ASSOCIATION INC","assetType":"Occupational Physical Therapy / Speech Pathology Services","dataYear":"2011","assetId":"746114","subcategory":"Health","detail":"https://classic.savi.org/SAVI/PopUps/AssetMoreInfo.aspx?AssetID=746114"}},{"type":"Feature","geometry":{"type":"Point","coordinates":[-86.85028993,39.62911829]},"properties":{"name":"GREENCASTLE PHYSICAL THERAPY SPORTS MEDICINE","assetType":"Occupational Physical Therapy / Speech Pathology Services","dataYear":"2011","assetId":"746129","subcategory":"Health","detail":"https://classic.savi.org/SAVI/PopUps/AssetMoreInfo.aspx?AssetID=746129"}},{"type":"Feature","geometry":{"type":"Point","coordinates":[-86.19381515,39.9102022]},"properties":{"name":"HAND REHABILITATION CENTER OF INDIANA THE","assetType":"Occupational Physical Therapy / Speech Pathology Services","dataYear":"2011","assetId":"746126","subcategory":"Health","detail":"https://classic.savi.org/SAVI/PopUps/AssetMoreInfo.aspx?AssetID=746126"}},{"type":"Feature","geometry":{"type":"Point","coordinates":[-86.40524008,39.76269925]},"properties":{"name":"HTS OUTPATIENT THERAPY SERVICES","assetType":"Occupational Physical Therapy / Speech Pathology Services","dataYear":"2011","assetId":"746116","subcategory":"Health","detail":"https://classic.savi.org/SAVI/PopUps/AssetMoreInfo.aspx?AssetID=746116"}},{"type":"Feature","geometry":{"type":"Point","coordinates":[-86.28119912,39.82389423]},"properties":{"name":"INDIANAPOLIS PHYSICAL THERAPY AND SPORTS MEDICINE","assetType":"Occupational Physical Therapy / Speech Pathology Services","dataYear":"2011","assetId":"746122","subcategory":"Health","detail":"https://classic.savi.org/SAVI/PopUps/AssetMoreInfo.aspx?AssetID=746122"}},{"type":"Feature","geometry":{"type":"Point","coordinates":[-86.15750916,39.94178719]},"properties":{"name":"PHYSIOTHERAPY ASSOCIATES","assetType":"Occupational Physical Therapy / Speech Pathology Services","dataYear":"2011","assetId":"746119","subcategory":"Health","detail":"https://classic.savi.org/SAVI/PopUps/AssetMoreInfo.aspx?AssetID=746119"}},{"type":"Feature","geometry":{"type":"Point","coordinates":[-86.40524008,39.76269925]},"properties":{"name":"PHYSIOTHERAPY ASSOCIATES INC","assetType":"Occupational Physical Therapy / Speech Pathology Services","dataYear":"2011","assetId":"746117","subcategory":"Health","detail":"https://classic.savi.org/SAVI/PopUps/AssetMoreInfo.aspx?AssetID=746117"}},{"type":"Feature","geometry":{"type":"Point","coordinates":[-86.00061622,39.86281021]},"properties":{"name":"PREMIERE REHAB LLC","assetType":"Occupational Physical Therapy / Speech Pathology Services","dataYear":"2011","assetId":"746128","subcategory":"Health","detail":"https://classic.savi.org/SAVI/PopUps/AssetMoreInfo.aspx?AssetID=746128"}},{"type":"Feature","geometry":{"type":"Point","coordinates":[-86.28973112,39.84310722]},"properties":{"name":"SELECT PHYSICAL THERAPY","assetType":"Occupational Physical Therapy / Speech Pathology Services","dataYear":"2011","assetId":"746124","subcategory":"Health","detail":"https://classic.savi.org/SAVI/PopUps/AssetMoreInfo.aspx?AssetID=746124"}},{"type":"Feature","geometry":{"type":"Point","coordinates":[-86.3480131,39.76359525]},"properties":{"name":"SELECT PHYSICAL THERAPY","assetType":"Occupational Physical Therapy / Speech Pathology Services","dataYear":"2011","assetId":"746118","subcategory":"Health","detail":"https://classic.savi.org/SAVI/PopUps/AssetMoreInfo.aspx?AssetID=746118"}},{"type":"Feature","geometry":{"type":"Point","coordinates":[-86.0440842,39.78725724]},"properties":{"name":"SELECT PHYSICAL THERAPY","assetType":"Occupational Physical Therapy / Speech Pathology Services","dataYear":"2011","assetId":"746121","subcategory":"Health","detail":"https://classic.savi.org/SAVI/PopUps/AssetMoreInfo.aspx?AssetID=746121"}},{"type":"Feature","geometry":{"type":"Point","coordinates":[-86.14012217,39.63539129]},"properties":{"name":"SELECT PHYSICAL THERAPY","assetType":"Occupational Physical Therapy / Speech Pathology Services","dataYear":"2011","assetId":"746120","subcategory":"Health","detail":"https://classic.savi.org/SAVI/PopUps/AssetMoreInfo.aspx?AssetID=746120"}},{"type":"Feature","geometry":{"type":"Point","coordinates":[-86.07642919,39.48057934]},"properties":{"name":"SELECT PHYSICAL THERAPY","assetType":"Occupational Physical Therapy / Speech Pathology Services","dataYear":"2011","assetId":"746113","subcategory":"Health","detail":"https://classic.savi.org/SAVI/PopUps/AssetMoreInfo.aspx?AssetID=746113"}},{"type":"Feature","geometry":{"type":"Point","coordinates":[-86.15776816,39.91844019]},"properties":{"name":"SELECT PHYSICAL THERAPY HOLDINGS INC","assetType":"Occupational Physical Therapy / Speech Pathology Services","dataYear":"2011","assetId":"746127","subcategory":"Health","detail":"https://classic.savi.org/SAVI/PopUps/AssetMoreInfo.aspx?AssetID=746127"}},{"type":"Feature","geometry":{"type":"Point","coordinates":[-86.20294416,39.93202381]},"properties":{"name":"CHILDREN S THERAPLAY FOUNDATION","assetType":"Occupational Therapy","dataYear":"2013","assetId":"797920","subcategory":"Health","detail":"https://classic.savi.org/SAVI/PopUps/AssetMoreInfo.aspx?AssetID=797920"}},{"type":"Feature","geometry":{"type":"Point","coordinates":[-86.12088178,39.84265801]},"properties":{"name":"EASTER SEALS CROSSROADS","assetType":"Occupational Therapy","dataYear":"2013","assetId":"797468","subcategory":"Health","detail":"https://classic.savi.org/SAVI/PopUps/AssetMoreInfo.aspx?AssetID=797468"}},{"type":"Feature","geometry":{"type":"Point","coordinates":[-86.08237517,39.68216312]},"properties":{"name":"EASTER SEALS CROSSROADS - SOUTH","assetType":"Occupational Therapy","dataYear":"2013","assetId":"799821","subcategory":"Health","detail":"https://classic.savi.org/SAVI/PopUps/AssetMoreInfo.aspx?AssetID=799821"}},{"type":"Feature","geometry":{"type":"Point","coordinates":[-86.07809978,39.77065785]},"properties":{"name":"ACCESSABILITY CENTER FOR INDEPENDENT LIVING","assetType":"Orientation/Mobility Training","dataYear":"2018","assetId":"919214","subcategory":"Health","detail":"https://classic.savi.org/SAVI/PopUps/AssetMoreInfo.aspx?AssetID=919214"}},{"type":"Feature","geometry":{"type":"Point","coordinates":[-86.26071381,39.89921702]},"properties":{"name":"BOSMA ENTERPRISES","assetType":"Orientation/Mobility Training","dataYear":"2018","assetId":"919105","subcategory":"Health","detail":"https://classic.savi.org/SAVI/PopUps/AssetMoreInfo.aspx?AssetID=919105"}},{"type":"Feature","geometry":{"type":"Point","coordinates":[-86.12127169,39.84315589]},"properties":{"name":"Let s Write Easter Seals Crossroads Rehab Ctr","assetType":"Pediatric Occupational Therapy","dataYear":"2007","assetId":"625058","subcategory":"Health","detail":"https://classic.savi.org/SAVI/PopUps/AssetMoreInfo.aspx?AssetID=625058"}},{"type":"Feature","geometry":{"type":"Point","coordinates":[-86.20294416,39.93202381]},"properties":{"name":"CHILDREN S THERAPLAY FOUNDATION","assetType":"Physical Therapy","dataYear":"2013","assetId":"797919","subcategory":"Health","detail":"https://classic.savi.org/SAVI/PopUps/AssetMoreInfo.aspx?AssetID=797919"}},{"type":"Feature","geometry":{"type":"Point","coordinates":[-86.12088178,39.84265801]},"properties":{"name":"EASTER SEALS CROSSROADS","assetType":"Physical Therapy","dataYear":"2013","assetId":"797464","subcategory":"Health","detail":"https://classic.savi.org/SAVI/PopUps/AssetMoreInfo.aspx?AssetID=797464"}},{"type":"Feature","geometry":{"type":"Point","coordinates":[-86.08237517,39.68216312]},"properties":{"name":"EASTER SEALS CROSSROADS - SOUTH","assetType":"Physical Therapy","dataYear":"2013","assetId":"799823","subcategory":"Health","detail":"https://classic.savi.org/SAVI/PopUps/AssetMoreInfo.aspx?AssetID=799823"}},{"type":"Feature","geometry":{"type":"Point","coordinates":[-86.50465805,39.76723932]},"properties":{"name":"Sycamore Services Inc","assetType":"Rehabilitation/Habilitative Services","dataYear":"2016","assetId":"839427","subcategory":"Health","detail":"https://classic.savi.org/SAVI/PopUps/AssetMoreInfo.aspx?AssetID=839427"}},{"type":"Feature","geometry":{"type":"Point","coordinates":[-86.20167808,39.93333557]},"properties":{"name":"The Children s TherAplay Foundation Inc","assetType":"Rehabilitation/Habilitative Services","dataYear":"2016","assetId":"839480","subcategory":"Health","detail":"https://classic.savi.org/SAVI/PopUps/AssetMoreInfo.aspx?AssetID=839480"}},{"type":"Feature","geometry":{"type":"Point","coordinates":[-86.22021865,39.81477412]},"properties":{"name":"Champions of Central Indiana","assetType":"Service Animals","dataYear":"2011","assetId":"692539","subcategory":"Health","detail":"https://classic.savi.org/SAVI/PopUps/AssetMoreInfo.aspx?AssetID=692539"}},{"type":"Feature","geometry":{"type":"Point","coordinates":[-86.13819148,39.83287129]},"properties":{"name":"Indiana School for the Deaf - Evaluation and Assessment","assetType":"Speech And Hearing","dataYear":"2007","assetId":"624083","subcategory":"Health","detail":"https://classic.savi.org/SAVI/PopUps/AssetMoreInfo.aspx?AssetID=624083"}},{"type":"Feature","geometry":{"type":"Point","coordinates":[-86.12127169,39.84315589]},"properties":{"name":"Screening and Testing for Speech and Hearing Easter Seals","assetType":"Speech And Hearing","dataYear":"2007","assetId":"625239","subcategory":"Health","detail":"https://classic.savi.org/SAVI/PopUps/AssetMoreInfo.aspx?AssetID=625239"}},{"type":"Feature","geometry":{"type":"Point","coordinates":[-86.12088178,39.84265801]},"properties":{"name":"EASTER SEALS CROSSROADS","assetType":"Speech/Language Pathology","dataYear":"2013","assetId":"797465","subcategory":"Health","detail":"https://classic.savi.org/SAVI/PopUps/AssetMoreInfo.aspx?AssetID=797465"}},{"type":"Feature","geometry":{"type":"Point","coordinates":[-86.08237517,39.68216312]},"properties":{"name":"EASTER SEALS CROSSROADS - SOUTH","assetType":"Speech/Language Pathology","dataYear":"2013","assetId":"799820","subcategory":"Health","detail":"https://classic.savi.org/SAVI/PopUps/AssetMoreInfo.aspx?AssetID=799820"}},{"type":"Feature","geometry":{"type":"Point","coordinates":[-86.09222115,39.90498972]},"properties":{"name":"AGEILITY PHYSICAL THERAPY SOLUTIONS AT CLEARWATER","assetType":"Speech/Language Pathology","dataYear":"2018","assetId":"923174","subcategory":"Health","detail":"https://classic.savi.org/SAVI/PopUps/AssetMoreInfo.aspx?AssetID=923174"}},{"type":"Feature","geometry":{"type":"Point","coordinates":[-85.68893136,40.06201142]},"properties":{"name":"COMFORT HEALTHCARE THERAPY","assetType":"Speech/Language Pathology","dataYear":"2018","assetId":"925012","subcategory":"Health","detail":"https://classic.savi.org/SAVI/PopUps/AssetMoreInfo.aspx?AssetID=925012"}},{"type":"Feature","geometry":{"type":"Point","coordinates":[-86.12088285,39.84265699]},"properties":{"name":"EASTER SEALS CROSSROADS","assetType":"Speech/Language Pathology","dataYear":"2018","assetId":"922900","subcategory":"Health","detail":"https://classic.savi.org/SAVI/PopUps/AssetMoreInfo.aspx?AssetID=922900"}},{"type":"Feature","geometry":{"type":"Point","coordinates":[-86.20374819,39.97326363]},"properties":{"name":"GENESIS REHABILITATION SERVICES","assetType":"Speech/Language Pathology","dataYear":"2018","assetId":"925046","subcategory":"Health","detail":"https://classic.savi.org/SAVI/PopUps/AssetMoreInfo.aspx?AssetID=925046"}},{"type":"Feature","geometry":{"type":"Point","coordinates":[-86.19374669,39.91014767]},"properties":{"name":"HAND REHABILITATION CENTER OF INDIANA THE","assetType":"Speech/Language Pathology","dataYear":"2018","assetId":"924526","subcategory":"Health","detail":"https://classic.savi.org/SAVI/PopUps/AssetMoreInfo.aspx?AssetID=924526"}},{"type":"Feature","geometry":{"type":"Point","coordinates":[-86.1378032,39.98434474]},"properties":{"name":"HTS OUTPATIENT THERAPY SERVICES","assetType":"Speech/Language Pathology","dataYear":"2018","assetId":"923190","subcategory":"Health","detail":"https://classic.savi.org/SAVI/PopUps/AssetMoreInfo.aspx?AssetID=923190"}},{"type":"Feature","geometry":{"type":"Point","coordinates":[-86.16121041,39.61790036]},"properties":{"name":"LEGACY HEALTHCARE SERVICES INC","assetType":"Speech/Language Pathology","dataYear":"2018","assetId":"924187","subcategory":"Health","detail":"https://classic.savi.org/SAVI/PopUps/AssetMoreInfo.aspx?AssetID=924187"}},{"type":"Feature","geometry":{"type":"Point","coordinates":[-85.9750589,39.8660957]},"properties":{"name":"NEUROHOPE OF INDIANA INC","assetType":"Speech/Language Pathology","dataYear":"2018","assetId":"923054","subcategory":"Health","detail":"https://classic.savi.org/SAVI/PopUps/AssetMoreInfo.aspx?AssetID=923054"}},{"type":"Feature","geometry":{"type":"Point","coordinates":[-86.42545039,39.40895347]},"properties":{"name":"SELECT PHYSICAL THERAPY","assetType":"Speech/Language Pathology","dataYear":"2018","assetId":"923841","subcategory":"Health","detail":"https://classic.savi.org/SAVI/PopUps/AssetMoreInfo.aspx?AssetID=923841"}},{"type":"Feature","geometry":{"type":"Point","coordinates":[-86.28250777,39.82440087]},"properties":{"name":"SELECT PHYSICAL THERAPY","assetType":"Speech/Language Pathology","dataYear":"2018","assetId":"923772","subcategory":"Health","detail":"https://classic.savi.org/SAVI/PopUps/AssetMoreInfo.aspx?AssetID=923772"}},{"type":"Feature","geometry":{"type":"Point","coordinates":[-86.38427876,39.76310965]},"properties":{"name":"SELECT PHYSICAL THERAPY","assetType":"Speech/Language Pathology","dataYear":"2018","assetId":"922937","subcategory":"Health","detail":"https://classic.savi.org/SAVI/PopUps/AssetMoreInfo.aspx?AssetID=922937"}},{"type":"Feature","geometry":{"type":"Point","coordinates":[-86.04022283,39.48115219]},"properties":{"name":"SELECT PHYSICAL THERAPY","assetType":"Speech/Language Pathology","dataYear":"2018","assetId":"924489","subcategory":"Health","detail":"https://classic.savi.org/SAVI/PopUps/AssetMoreInfo.aspx?AssetID=924489"}},{"type":"Feature","geometry":{"type":"Point","coordinates":[-86.14014623,39.63583397]},"properties":{"name":"SELECT PHYSICAL THERAPY","assetType":"Speech/Language Pathology","dataYear":"2018","assetId":"923553","subcategory":"Health","detail":"https://classic.savi.org/SAVI/PopUps/AssetMoreInfo.aspx?AssetID=923553"}},{"type":"Feature","geometry":{"type":"Point","coordinates":[-86.15603495,39.91903437]},"properties":{"name":"SELECT PHYSICAL THERAPY HOLDINGS INC","assetType":"Speech/Language Pathology","dataYear":"2018","assetId":"924173","subcategory":"Health","detail":"https://classic.savi.org/SAVI/PopUps/AssetMoreInfo.aspx?AssetID=924173"}},{"type":"Feature","geometry":{"type":"Point","coordinates":[-86.21758428,39.80645222]},"properties":{"name":"MARION COUNTY PUBLIC HEALTH DEPARTMENT - EAGLEDALE PLAZA","assetType":"Blood Pressure Screening","dataYear":"2018","assetId":"921767","subcategory":"Health","detail":"https://classic.savi.org/SAVI/PopUps/AssetMoreInfo.aspx?AssetID=921767"}},{"type":"Feature","geometry":{"type":"Point","coordinates":[-86.11484612,39.82653297]},"properties":{"name":"MARION COUNTY PUBLIC HEALTH DEPARTMENT - MEADOWS DRIVE","assetType":"Blood Pressure Screening","dataYear":"2018","assetId":"921533","subcategory":"Health","detail":"https://classic.savi.org/SAVI/PopUps/AssetMoreInfo.aspx?AssetID=921533"}},{"type":"Feature","geometry":{"type":"Point","coordinates":[-86.06304808,39.79729547]},"properties":{"name":"MARION COUNTY PUBLIC HEALTH DEPARTMENT - NORTHEAST DISTRICT HEALTH OFFICE","assetType":"Blood Pressure Screening","dataYear":"2018","assetId":"921970","subcategory":"Health","detail":"https://classic.savi.org/SAVI/PopUps/AssetMoreInfo.aspx?AssetID=921970"}},{"type":"Feature","geometry":{"type":"Point","coordinates":[-86.21176237,39.88188392]},"properties":{"name":"MARION COUNTY PUBLIC HEALTH DEPARTMENT - NORTHWEST DISTRICT HEALTH OFFICE","assetType":"Blood Pressure Screening","dataYear":"2018","assetId":"921708","subcategory":"Health","detail":"https://classic.savi.org/SAVI/PopUps/AssetMoreInfo.aspx?AssetID=921708"}},{"type":"Feature","geometry":{"type":"Point","coordinates":[-86.14879931,39.71148142]},"properties":{"name":"MARION COUNTY PUBLIC HEALTH DEPARTMENT - SOUTH DISTRICT HEALTH OFFICE","assetType":"Blood Pressure Screening","dataYear":"2018","assetId":"921541","subcategory":"Health","detail":"https://classic.savi.org/SAVI/PopUps/AssetMoreInfo.aspx?AssetID=921541"}},{"type":"Feature","geometry":{"type":"Point","coordinates":[-86.42752742,39.44129927]},"properties":{"name":"MARTINSVILLE AREA SENIOR CENTER","assetType":"Blood Pressure Screening","dataYear":"2018","assetId":"920094","subcategory":"Health","detail":"https://classic.savi.org/SAVI/PopUps/AssetMoreInfo.aspx?AssetID=920094"}},{"type":"Feature","geometry":{"type":"Point","coordinates":[-86.42895695,39.42523923]},"properties":{"name":"MORGAN COUNTY HEALTH DEPARTMENT","assetType":"Blood Pressure Screening","dataYear":"2018","assetId":"919094","subcategory":"Health","detail":"https://classic.savi.org/SAVI/PopUps/AssetMoreInfo.aspx?AssetID=919094"}},{"type":"Feature","geometry":{"type":"Point","coordinates":[-85.68060291,40.09497992]},"properties":{"name":"OPEN DOOR HEALTH SERVICES - ANDERSON","assetType":"Blood Pressure Screening","dataYear":"2018","assetId":"919946","subcategory":"Health","detail":"https://classic.savi.org/SAVI/PopUps/AssetMoreInfo.aspx?AssetID=919946"}},{"type":"Feature","geometry":{"type":"Point","coordinates":[-86.15683314,39.81847339]},"properties":{"name":"HLA Laboratory Indiana Blood Center","assetType":"Blood Tests","dataYear":"2007","assetId":"624660","subcategory":"Health","detail":"https://classic.savi.org/SAVI/PopUps/AssetMoreInfo.aspx?AssetID=624660"}},{"type":"Feature","geometry":{"type":"Point","coordinates":[-86.15574742,39.77740999]},"properties":{"name":"GENNESARET DENTAL AND WELLNESS CENTER AT BLUE TRIANGLE RESIDENCE HALL","assetType":"Breast Examinations","dataYear":"2018","assetId":"919154","subcategory":"Health","detail":"https://classic.savi.org/SAVI/PopUps/AssetMoreInfo.aspx?AssetID=919154"}},{"type":"Feature","geometry":{"type":"Point","coordinates":[-86.01738762,40.13249821]},"properties":{"name":"HOPE FAMILY CARE CENTER","assetType":"Breast Examinations","dataYear":"2018","assetId":"920164","subcategory":"Health","detail":"https://classic.savi.org/SAVI/PopUps/AssetMoreInfo.aspx?AssetID=920164"}},{"type":"Feature","geometry":{"type":"Point","coordinates":[-86.15831983,39.76738603]},"properties":{"name":"INDIANA BREAST AND CERVICAL CANCER PROGRAM - CENTRAL REGION","assetType":"Breast Examinations","dataYear":"2018","assetId":"918078","subcategory":"Health","detail":"https://classic.savi.org/SAVI/PopUps/AssetMoreInfo.aspx?AssetID=918078"}},{"type":"Feature","geometry":{"type":"Point","coordinates":[-86.15835047,39.76423399]},"properties":{"name":"PLANNED PARENTHOOD OF INDIANA AND KENTUCKY","assetType":"Breast Examinations","dataYear":"2018","assetId":"917794","subcategory":"Health","detail":"https://classic.savi.org/SAVI/PopUps/AssetMoreInfo.aspx?AssetID=917794"}},{"type":"Feature","geometry":{"type":"Point","coordinates":[-85.68258336,40.09674467]},"properties":{"name":"SAINT VINCENT ANDERSON REGIONAL - CENTER FOR WELLNESS MEDICINE","assetType":"Breast Examinations","dataYear":"2018","assetId":"919128","subcategory":"Health","detail":"https://classic.savi.org/SAVI/PopUps/AssetMoreInfo.aspx?AssetID=919128"}},{"type":"Feature","geometry":{"type":"Point","coordinates":[-85.67967049,40.09723125]},"properties":{"name":"SAINT VINCENT ANDERSON REGIONAL - SAINT JOHN S CHILDREN S CLINIC","assetType":"Breast Examinations","dataYear":"2018","assetId":"919203","subcategory":"Health","detail":"https://classic.savi.org/SAVI/PopUps/AssetMoreInfo.aspx?AssetID=919203"}},{"type":"Feature","geometry":{"type":"Point","coordinates":[-86.26216356,39.85372395]},"properties":{"name":"SHALOM HEALTH CARE CENTER AT WEST 56TH STREET","assetType":"Breast Examinations","dataYear":"2018","assetId":"921948","subcategory":"Health","detail":"https://classic.savi.org/SAVI/PopUps/AssetMoreInfo.aspx?AssetID=921948"}},{"type":"Feature","geometry":{"type":"Point","coordinates":[-86.14868911,39.99920968]},"properties":{"name":"TRINITY FREE CLINIC","assetType":"Breast Examinations","dataYear":"2018","assetId":"919438","subcategory":"Health","detail":"https://classic.savi.org/SAVI/PopUps/AssetMoreInfo.aspx?AssetID=919438"}},{"type":"Feature","geometry":{"type":"Point","coordinates":[-86.18009735,39.77739713]},"properties":{"name":"RILEY HOSPITAL FOR CHILDREN AT INDIANA UNIVERSITY HEALTH","assetType":"Child Abuse Medical Evaluations","dataYear":"2018","assetId":"922054","subcategory":"Health","detail":"https://classic.savi.org/SAVI/PopUps/AssetMoreInfo.aspx?AssetID=922054"}},{"type":"Feature","geometry":{"type":"Point","coordinates":[-86.42895695,39.42523923]},"properties":{"name":"MORGAN COUNTY HEALTH DEPARTMENT","assetType":"Cholesterol/Triglycerides Tests","dataYear":"2018","assetId":"919162","subcategory":"Health","detail":"https://classic.savi.org/SAVI/PopUps/AssetMoreInfo.aspx?AssetID=919162"}},{"type":"Feature","geometry":{"type":"Point","coordinates":[-85.68060291,40.09497992]},"properties":{"name":"OPEN DOOR HEALTH SERVICES - ANDERSON","assetType":"Cholesterol/Triglycerides Tests","dataYear":"2018","assetId":"919948","subcategory":"Health","detail":"https://classic.savi.org/SAVI/PopUps/AssetMoreInfo.aspx?AssetID=919948"}},{"type":"Feature","geometry":{"type":"Point","coordinates":[-86.42752742,39.44129927]},"properties":{"name":"MARTINSVILLE AREA SENIOR CENTER","assetType":"Diabetes Screening","dataYear":"2018","assetId":"920211","subcategory":"Health","detail":"https://classic.savi.org/SAVI/PopUps/AssetMoreInfo.aspx?AssetID=920211"}},{"type":"Feature","geometry":{"type":"Point","coordinates":[-86.42895695,39.42523923]},"properties":{"name":"MORGAN COUNTY HEALTH DEPARTMENT","assetType":"Diabetes Screening","dataYear":"2018","assetId":"919161","subcategory":"Health","detail":"https://classic.savi.org/SAVI/PopUps/AssetMoreInfo.aspx?AssetID=919161"}},{"type":"Feature","geometry":{"type":"Point","coordinates":[-85.68060291,40.09497992]},"properties":{"name":"OPEN DOOR HEALTH SERVICES - ANDERSON","assetType":"Diabetes Screening","dataYear":"2018","assetId":"919947","subcategory":"Health","detail":"https://classic.savi.org/SAVI/PopUps/AssetMoreInfo.aspx?AssetID=919947"}},{"type":"Feature","geometry":{"type":"Point","coordinates":[-86.12091433,39.84286011]},"properties":{"name":"EASTER SEALS CROSSROADS - ASSISTIVE TECHNOLOGY CENTER","assetType":"Evaluation for Assistive Technology","dataYear":"2018","assetId":"920400","subcategory":"Health","detail":"https://classic.savi.org/SAVI/PopUps/AssetMoreInfo.aspx?AssetID=920400"}},{"type":"Feature","geometry":{"type":"Point","coordinates":[-86.15559598,39.80777917]},"properties":{"name":"ACTION HEALTH CENTER MARION COUNTY HEALTH DEPARTMENT","assetType":"General Physical Examinations","dataYear":"2013","assetId":"799252","subcategory":"Health","detail":"https://classic.savi.org/SAVI/PopUps/AssetMoreInfo.aspx?AssetID=799252"}},{"type":"Feature","geometry":{"type":"Point","coordinates":[-86.47091097,40.05750583]},"properties":{"name":"BOONE COUNTY COMMUNITY CLINIC","assetType":"General Physical Examinations","dataYear":"2013","assetId":"796733","subcategory":"Health","detail":"https://classic.savi.org/SAVI/PopUps/AssetMoreInfo.aspx?AssetID=796733"}},{"type":"Feature","geometry":{"type":"Point","coordinates":[-86.11756395,39.64437888]},"properties":{"name":"COUNTYLINE FAMILY HEALTH CENTER","assetType":"General Physical Examinations","dataYear":"2013","assetId":"799312","subcategory":"Health","detail":"https://classic.savi.org/SAVI/PopUps/AssetMoreInfo.aspx?AssetID=799312"}},{"type":"Feature","geometry":{"type":"Point","coordinates":[-85.95682548,39.35439445]},"properties":{"name":"EDINBURGH FAMILY HEALTH CENTER","assetType":"General Physical Examinations","dataYear":"2013","assetId":"799537","subcategory":"Health","detail":"https://classic.savi.org/SAVI/PopUps/AssetMoreInfo.aspx?AssetID=799537"}},{"type":"Feature","geometry":{"type":"Point","coordinates":[-86.12621337,40.0439486]},"properties":{"name":"HEART AND SOUL CLINIC","assetType":"General Physical Examinations","dataYear":"2013","assetId":"798849","subcategory":"Health","detail":"https://classic.savi.org/SAVI/PopUps/AssetMoreInfo.aspx?AssetID=798849"}},{"type":"Feature","geometry":{"type":"Point","coordinates":[-86.50102032,39.76081816]},"properties":{"name":"HENDRICKS REGIONAL HEALTH","assetType":"General Physical Examinations","dataYear":"2013","assetId":"798291","subcategory":"Health","detail":"https://classic.savi.org/SAVI/PopUps/AssetMoreInfo.aspx?AssetID=798291"}},{"type":"Feature","geometry":{"type":"Point","coordinates":[-86.0109764,39.8111921]},"properties":{"name":"JANE PAULEY COMMUNITY HEALTH CENTER","assetType":"General Physical Examinations","dataYear":"2013","assetId":"798962","subcategory":"Health","detail":"https://classic.savi.org/SAVI/PopUps/AssetMoreInfo.aspx?AssetID=798962"}},{"type":"Feature","geometry":{"type":"Point","coordinates":[-86.07515944,39.53541305]},"properties":{"name":"SAINT THOMAS MEDICAL CLINIC","assetType":"General Physical Examinations","dataYear":"2013","assetId":"799425","subcategory":"Health","detail":"https://classic.savi.org/SAVI/PopUps/AssetMoreInfo.aspx?AssetID=799425"}},{"type":"Feature","geometry":{"type":"Point","coordinates":[-86.227977,39.816742]},"properties":{"name":"SHALOM HEALTH CARE CENTER","assetType":"General Physical Examinations","dataYear":"2013","assetId":"796838","subcategory":"Health","detail":"https://classic.savi.org/SAVI/PopUps/AssetMoreInfo.aspx?AssetID=796838"}},{"type":"Feature","geometry":{"type":"Point","coordinates":[-85.75364725,39.51994854]},"properties":{"name":"SHELBY COMMUNITY HEALTH CENTER","assetType":"General Physical Examinations","dataYear":"2013","assetId":"798038","subcategory":"Health","detail":"https://classic.savi.org/SAVI/PopUps/AssetMoreInfo.aspx?AssetID=798038"}},{"type":"Feature","geometry":{"type":"Point","coordinates":[-86.159268,39.41144]},"properties":{"name":"TRAFALGAR FAMILY HEALTH CENTER","assetType":"General Physical Examinations","dataYear":"2013","assetId":"799818","subcategory":"Health","detail":"https://classic.savi.org/SAVI/PopUps/AssetMoreInfo.aspx?AssetID=799818"}},{"type":"Feature","geometry":{"type":"Point","coordinates":[-86.14725588,40.0001719]},"properties":{"name":"TRINITY FREE CLINIC - PEDIATRIC MEDICAL CLINIC","assetType":"General Physical Examinations","dataYear":"2013","assetId":"799339","subcategory":"Health","detail":"https://classic.savi.org/SAVI/PopUps/AssetMoreInfo.aspx?AssetID=799339"}},{"type":"Feature","geometry":{"type":"Point","coordinates":[-86.0739433,39.78651457]},"properties":{"name":"COMMUNITY HEALTH NETWORK - PROFESSIONAL BUILDING","assetType":"Geriatric Assessment","dataYear":"2018","assetId":"921347","subcategory":"Health","detail":"https://classic.savi.org/SAVI/PopUps/AssetMoreInfo.aspx?AssetID=921347"}},{"type":"Feature","geometry":{"type":"Point","coordinates":[-85.99697656,40.00014229]},"properties":{"name":"COMMUNITY HEALTH PAVILION NOBLESVILLE","assetType":"Geriatric Assessment","dataYear":"2018","assetId":"921296","subcategory":"Health","detail":"https://classic.savi.org/SAVI/PopUps/AssetMoreInfo.aspx?AssetID=921296"}},{"type":"Feature","geometry":{"type":"Point","coordinates":[-86.16130212,39.78875691]},"properties":{"name":"INDIANA UNIVERSITY HEALTH METHODIST MEDICAL TOWER","assetType":"Geriatric Assessment","dataYear":"2018","assetId":"921966","subcategory":"Health","detail":"https://classic.savi.org/SAVI/PopUps/AssetMoreInfo.aspx?AssetID=921966"}},{"type":"Feature","geometry":{"type":"Point","coordinates":[-86.16130212,39.78875691]},"properties":{"name":"INDIANA UNIVERSITY HEALTH METHODIST MEDICAL TOWER","assetType":"Geriatric Assessment","dataYear":"2018","assetId":"921967","subcategory":"Health","detail":"https://classic.savi.org/SAVI/PopUps/AssetMoreInfo.aspx?AssetID=921967"}},{"type":"Feature","geometry":{"type":"Point","coordinates":[-86.18754543,39.77962892]},"properties":{"name":"RICHARD L ROUDEBUSH VETERANS AFFAIRS MEDICAL CENTER VAMC","assetType":"Geriatric Assessment","dataYear":"2018","assetId":"917854","subcategory":"Health","detail":"https://classic.savi.org/SAVI/PopUps/AssetMoreInfo.aspx?AssetID=917854"}},{"type":"Feature","geometry":{"type":"Point","coordinates":[-86.42752742,39.44129927]},"properties":{"name":"MARTINSVILLE AREA SENIOR CENTER","assetType":"Hearing Screening","dataYear":"2018","assetId":"920096","subcategory":"Health","detail":"https://classic.savi.org/SAVI/PopUps/AssetMoreInfo.aspx?AssetID=920096"}},{"type":"Feature","geometry":{"type":"Point","coordinates":[-86.15577276,39.80796388]},"properties":{"name":"ACTION HEALTH CENTER - MARION COUNTY PUBLIC HEALTH DEPARTMENT","assetType":"HIV Testing","dataYear":"2018","assetId":"921543","subcategory":"Health","detail":"https://classic.savi.org/SAVI/PopUps/AssetMoreInfo.aspx?AssetID=921543"}},{"type":"Feature","geometry":{"type":"Point","coordinates":[-85.68258335,40.09583127]},"properties":{"name":"ASPIRE INDIANA - BOLIN BUILDING","assetType":"HIV Testing","dataYear":"2018","assetId":"917145","subcategory":"Health","detail":"https://classic.savi.org/SAVI/PopUps/AssetMoreInfo.aspx?AssetID=917145"}},{"type":"Feature","geometry":{"type":"Point","coordinates":[-85.68258335,40.09583127]},"properties":{"name":"Aspire Indiana - Anderson","assetType":"HIV Testing","dataYear":"2018","assetId":"923292","subcategory":"Health","detail":"https://classic.savi.org/SAVI/PopUps/AssetMoreInfo.aspx?AssetID=923292"}},{"type":"Feature","geometry":{"type":"Point","coordinates":[-86.18300061,39.77667288]},"properties":{"name":"BELL FLOWER CLINIC","assetType":"HIV Testing","dataYear":"2018","assetId":"921774","subcategory":"Health","detail":"https://classic.savi.org/SAVI/PopUps/AssetMoreInfo.aspx?AssetID=921774"}},{"type":"Feature","geometry":{"type":"Point","coordinates":[-86.46785508,40.04856147]},"properties":{"name":"BOONE COUNTY HEALTH DEPARTMENT","assetType":"HIV Testing","dataYear":"2018","assetId":"919682","subcategory":"Health","detail":"https://classic.savi.org/SAVI/PopUps/AssetMoreInfo.aspx?AssetID=919682"}},{"type":"Feature","geometry":{"type":"Point","coordinates":[-86.1566934,39.823284]},"properties":{"name":"Brothers United","assetType":"HIV Testing","dataYear":"2018","assetId":"923327","subcategory":"Health","detail":"https://classic.savi.org/SAVI/PopUps/AssetMoreInfo.aspx?AssetID=923327"}},{"type":"Feature","geometry":{"type":"Point","coordinates":[-86.13377625,39.76788668]},"properties":{"name":"DAMIEN CENTER","assetType":"HIV Testing","dataYear":"2018","assetId":"919795","subcategory":"Health","detail":"https://classic.savi.org/SAVI/PopUps/AssetMoreInfo.aspx?AssetID=919795"}},{"type":"Feature","geometry":{"type":"Point","coordinates":[-86.00845389,39.82618452]},"properties":{"name":"DAMIEN CENTER TESTING SITE - WALGREENS","assetType":"HIV Testing","dataYear":"2018","assetId":"919802","subcategory":"Health","detail":"https://classic.savi.org/SAVI/PopUps/AssetMoreInfo.aspx?AssetID=919802"}},{"type":"Feature","geometry":{"type":"Point","coordinates":[-86.13377625,39.76788668]},"properties":{"name":"Damien Center","assetType":"HIV Testing","dataYear":"2018","assetId":"925228","subcategory":"Health","detail":"https://classic.savi.org/SAVI/PopUps/AssetMoreInfo.aspx?AssetID=925228"}},{"type":"Feature","geometry":{"type":"Point","coordinates":[-85.9911682,40.04950113]},"properties":{"name":"HAMILTON COUNTY HEALTH DEPARTMENT","assetType":"HIV Testing","dataYear":"2018","assetId":"918688","subcategory":"Health","detail":"https://classic.savi.org/SAVI/PopUps/AssetMoreInfo.aspx?AssetID=918688"}},{"type":"Feature","geometry":{"type":"Point","coordinates":[-86.21613954,39.80167269]},"properties":{"name":"HARBOR LIGHT CENTER THE SALVATION ARMY","assetType":"HIV Testing","dataYear":"2018","assetId":"918669","subcategory":"Health","detail":"https://classic.savi.org/SAVI/PopUps/AssetMoreInfo.aspx?AssetID=918669"}},{"type":"Feature","geometry":{"type":"Point","coordinates":[-86.52322041,39.75700956]},"properties":{"name":"HENDRICKS COUNTY HEALTH DEPARTMENT","assetType":"HIV Testing","dataYear":"2018","assetId":"918573","subcategory":"Health","detail":"https://classic.savi.org/SAVI/PopUps/AssetMoreInfo.aspx?AssetID=918573"}},{"type":"Feature","geometry":{"type":"Point","coordinates":[-86.16130212,39.78875691]},"properties":{"name":"INDIANA UNIVERSITY HEALTH METHODIST MEDICAL TOWER","assetType":"HIV Testing","dataYear":"2018","assetId":"921969","subcategory":"Health","detail":"https://classic.savi.org/SAVI/PopUps/AssetMoreInfo.aspx?AssetID=921969"}},{"type":"Feature","geometry":{"type":"Point","coordinates":[-86.16964748,39.7776688]},"properties":{"name":"INDIANAPOLIS URBAN LEAGUE","assetType":"HIV Testing","dataYear":"2018","assetId":"921956","subcategory":"Health","detail":"https://classic.savi.org/SAVI/PopUps/AssetMoreInfo.aspx?AssetID=921956"}},{"type":"Feature","geometry":{"type":"Point","coordinates":[-86.8460895,39.6221169]},"properties":{"name":"JOHNSON NICHOLS HEALTH CLINIC - GREENCASTLE","assetType":"HIV Testing","dataYear":"2018","assetId":"920752","subcategory":"Health","detail":"https://classic.savi.org/SAVI/PopUps/AssetMoreInfo.aspx?AssetID=920752"}},{"type":"Feature","geometry":{"type":"Point","coordinates":[-85.67656845,40.10733476]},"properties":{"name":"MADISON COUNTY HEALTH DEPARTMENT","assetType":"HIV Testing","dataYear":"2018","assetId":"919941","subcategory":"Health","detail":"https://classic.savi.org/SAVI/PopUps/AssetMoreInfo.aspx?AssetID=919941"}},{"type":"Feature","geometry":{"type":"Point","coordinates":[-86.11371344,39.82509542]},"properties":{"name":"MARION COUNTY PUBLIC HEALTH DEPARTMENT - SUBSTANCE USE OUTREACH SERVICES","assetType":"HIV Testing","dataYear":"2018","assetId":"921529","subcategory":"Health","detail":"https://classic.savi.org/SAVI/PopUps/AssetMoreInfo.aspx?AssetID=921529"}},{"type":"Feature","geometry":{"type":"Point","coordinates":[-85.67656845,40.10733476]},"properties":{"name":"Madison County Health Department","assetType":"HIV Testing","dataYear":"2018","assetId":"925204","subcategory":"Health","detail":"https://classic.savi.org/SAVI/PopUps/AssetMoreInfo.aspx?AssetID=925204"}},{"type":"Feature","geometry":{"type":"Point","coordinates":[-86.11371344,39.82509542]},"properties":{"name":"Marion County Public Health Department","assetType":"HIV Testing","dataYear":"2018","assetId":"922975","subcategory":"Health","detail":"https://classic.savi.org/SAVI/PopUps/AssetMoreInfo.aspx?AssetID=922975"}},{"type":"Feature","geometry":{"type":"Point","coordinates":[-85.64738817,40.10573993]},"properties":{"name":"OPEN DOOR FAMILY PLANNING - ANDERSON","assetType":"HIV Testing","dataYear":"2018","assetId":"919996","subcategory":"Health","detail":"https://classic.savi.org/SAVI/PopUps/AssetMoreInfo.aspx?AssetID=919996"}},{"type":"Feature","geometry":{"type":"Point","coordinates":[-86.12158629,39.78182044]},"properties":{"name":"PEOPLE S HEALTH CENTER","assetType":"HIV Testing","dataYear":"2018","assetId":"918646","subcategory":"Health","detail":"https://classic.savi.org/SAVI/PopUps/AssetMoreInfo.aspx?AssetID=918646"}},{"type":"Feature","geometry":{"type":"Point","coordinates":[-86.15835047,39.76423399]},"properties":{"name":"PLANNED PARENTHOOD OF INDIANA AND KENTUCKY","assetType":"HIV Testing","dataYear":"2018","assetId":"917792","subcategory":"Health","detail":"https://classic.savi.org/SAVI/PopUps/AssetMoreInfo.aspx?AssetID=917792"}},{"type":"Feature","geometry":{"type":"Point","coordinates":[-86.15788488,39.77905781]},"properties":{"name":"STEP UP SERVICES TRAINING EDUCATION AND PREVENTION","assetType":"HIV Testing","dataYear":"2018","assetId":"920877","subcategory":"Health","detail":"https://classic.savi.org/SAVI/PopUps/AssetMoreInfo.aspx?AssetID=920877"}},{"type":"Feature","geometry":{"type":"Point","coordinates":[-86.24555014,39.20879249]},"properties":{"name":"BROWN COUNTY HEALTH DEPARTMENT","assetType":"Lead Poisoning Screening","dataYear":"2018","assetId":"917082","subcategory":"Health","detail":"https://classic.savi.org/SAVI/PopUps/AssetMoreInfo.aspx?AssetID=917082"}},{"type":"Feature","geometry":{"type":"Point","coordinates":[-85.9911682,40.04950113]},"properties":{"name":"HAMILTON COUNTY HEALTH DEPARTMENT","assetType":"Lead Poisoning Screening","dataYear":"2018","assetId":"918696","subcategory":"Health","detail":"https://classic.savi.org/SAVI/PopUps/AssetMoreInfo.aspx?AssetID=918696"}},{"type":"Feature","geometry":{"type":"Point","coordinates":[-85.76807668,39.78409316]},"properties":{"name":"HANCOCK COUNTY HEALTH DEPARTMENT","assetType":"Lead Poisoning Screening","dataYear":"2018","assetId":"918471","subcategory":"Health","detail":"https://classic.savi.org/SAVI/PopUps/AssetMoreInfo.aspx?AssetID=918471"}},{"type":"Feature","geometry":{"type":"Point","coordinates":[-86.52322041,39.75700956]},"properties":{"name":"HENDRICKS COUNTY HEALTH DEPARTMENT","assetType":"Lead Poisoning Screening","dataYear":"2018","assetId":"918415","subcategory":"Health","detail":"https://classic.savi.org/SAVI/PopUps/AssetMoreInfo.aspx?AssetID=918415"}},{"type":"Feature","geometry":{"type":"Point","coordinates":[-86.05599054,39.48012402]},"properties":{"name":"JOHNSON COUNTY HEALTH DEPARTMENT","assetType":"Lead Poisoning Screening","dataYear":"2018","assetId":"917262","subcategory":"Health","detail":"https://classic.savi.org/SAVI/PopUps/AssetMoreInfo.aspx?AssetID=917262"}},{"type":"Feature","geometry":{"type":"Point","coordinates":[-85.67656845,40.10733476]},"properties":{"name":"MADISON COUNTY HEALTH DEPARTMENT","assetType":"Lead Poisoning Screening","dataYear":"2018","assetId":"919983","subcategory":"Health","detail":"https://classic.savi.org/SAVI/PopUps/AssetMoreInfo.aspx?AssetID=919983"}},{"type":"Feature","geometry":{"type":"Point","coordinates":[-86.11484612,39.82653297]},"properties":{"name":"MARION COUNTY PUBLIC HEALTH DEPARTMENT - MEADOWS DRIVE","assetType":"Lead Poisoning Screening","dataYear":"2018","assetId":"921530","subcategory":"Health","detail":"https://classic.savi.org/SAVI/PopUps/AssetMoreInfo.aspx?AssetID=921530"}},{"type":"Feature","geometry":{"type":"Point","coordinates":[-86.42895695,39.42523923]},"properties":{"name":"MORGAN COUNTY HEALTH DEPARTMENT","assetType":"Lead Poisoning Screening","dataYear":"2018","assetId":"919160","subcategory":"Health","detail":"https://classic.savi.org/SAVI/PopUps/AssetMoreInfo.aspx?AssetID=919160"}},{"type":"Feature","geometry":{"type":"Point","coordinates":[-86.15574742,39.77740999]},"properties":{"name":"GENNESARET DENTAL AND WELLNESS CENTER AT BLUE TRIANGLE RESIDENCE HALL","assetType":"Mammograms","dataYear":"2018","assetId":"919093","subcategory":"Health","detail":"https://classic.savi.org/SAVI/PopUps/AssetMoreInfo.aspx?AssetID=919093"}},{"type":"Feature","geometry":{"type":"Point","coordinates":[-85.76820718,39.79521071]},"properties":{"name":"HANCOCK REGIONAL HOSPITAL","assetType":"Mammograms","dataYear":"2018","assetId":"918672","subcategory":"Health","detail":"https://classic.savi.org/SAVI/PopUps/AssetMoreInfo.aspx?AssetID=918672"}},{"type":"Feature","geometry":{"type":"Point","coordinates":[-85.67967049,40.09723125]},"properties":{"name":"SAINT VINCENT ANDERSON REGIONAL - SAINT JOHN S CHILDREN S CLINIC","assetType":"Mammograms","dataYear":"2018","assetId":"919202","subcategory":"Health","detail":"https://classic.savi.org/SAVI/PopUps/AssetMoreInfo.aspx?AssetID=919202"}},{"type":"Feature","geometry":{"type":"Point","coordinates":[-86.15695166,39.8184794]},"properties":{"name":"INDIANA BLOOD CENTER - INDIANAPOLIS","assetType":"Paternity/Maternity Establishment","dataYear":"2018","assetId":"922346","subcategory":"Health","detail":"https://classic.savi.org/SAVI/PopUps/AssetMoreInfo.aspx?AssetID=922346"}},{"type":"Feature","geometry":{"type":"Point","coordinates":[-86.15577276,39.80796388]},"properties":{"name":"ACTION HEALTH CENTER - MARION COUNTY PUBLIC HEALTH DEPARTMENT","assetType":"Sexually Transmitted Disease Screening","dataYear":"2018","assetId":"921713","subcategory":"Health","detail":"https://classic.savi.org/SAVI/PopUps/AssetMoreInfo.aspx?AssetID=921713"}},{"type":"Feature","geometry":{"type":"Point","coordinates":[-86.18300061,39.77667288]},"properties":{"name":"BELL FLOWER CLINIC","assetType":"Sexually Transmitted Disease Screening","dataYear":"2018","assetId":"921973","subcategory":"Health","detail":"https://classic.savi.org/SAVI/PopUps/AssetMoreInfo.aspx?AssetID=921973"}},{"type":"Feature","geometry":{"type":"Point","coordinates":[-86.46785508,40.04856147]},"properties":{"name":"BOONE COUNTY HEALTH DEPARTMENT","assetType":"Sexually Transmitted Disease Screening","dataYear":"2018","assetId":"924677","subcategory":"Health","detail":"https://classic.savi.org/SAVI/PopUps/AssetMoreInfo.aspx?AssetID=924677"}},{"type":"Feature","geometry":{"type":"Point","coordinates":[-86.46785508,40.04856147]},"properties":{"name":"BOONE COUNTY HEALTH DEPARTMENT","assetType":"Sexually Transmitted Disease Screening","dataYear":"2018","assetId":"919895","subcategory":"Health","detail":"https://classic.savi.org/SAVI/PopUps/AssetMoreInfo.aspx?AssetID=919895"}},{"type":"Feature","geometry":{"type":"Point","coordinates":[-86.18302061,39.77609011]},"properties":{"name":"Bell Flower Clinic","assetType":"Sexually Transmitted Disease Screening","dataYear":"2018","assetId":"922843","subcategory":"Health","detail":"https://classic.savi.org/SAVI/PopUps/AssetMoreInfo.aspx?AssetID=922843"}},{"type":"Feature","geometry":{"type":"Point","coordinates":[-86.46785508,40.04856147]},"properties":{"name":"Boone County Health Department","assetType":"Sexually Transmitted Disease Screening","dataYear":"2018","assetId":"924054","subcategory":"Health","detail":"https://classic.savi.org/SAVI/PopUps/AssetMoreInfo.aspx?AssetID=924054"}},{"type":"Feature","geometry":{"type":"Point","coordinates":[-86.13377625,39.76788668]},"properties":{"name":"DAMIEN CENTER","assetType":"Sexually Transmitted Disease Screening","dataYear":"2018","assetId":"919796","subcategory":"Health","detail":"https://classic.savi.org/SAVI/PopUps/AssetMoreInfo.aspx?AssetID=919796"}},{"type":"Feature","geometry":{"type":"Point","coordinates":[-86.13994636,39.74821923]},"properties":{"name":"ESKENAZI HEALTH - COTTAGE CORNER CENTER","assetType":"Sexually Transmitted Disease Screening","dataYear":"2018","assetId":"922674","subcategory":"Health","detail":"https://classic.savi.org/SAVI/PopUps/AssetMoreInfo.aspx?AssetID=922674"}},{"type":"Feature","geometry":{"type":"Point","coordinates":[-86.00161822,39.82527041]},"properties":{"name":"ESKENAZI HEALTH - GRASSY CREEK CENTER","assetType":"Sexually Transmitted Disease Screening","dataYear":"2018","assetId":"922640","subcategory":"Health","detail":"https://classic.savi.org/SAVI/PopUps/AssetMoreInfo.aspx?AssetID=922640"}},{"type":"Feature","geometry":{"type":"Point","coordinates":[-86.20822639,39.88119655]},"properties":{"name":"ESKENAZI HEALTH - PECAR CENTER","assetType":"Sexually Transmitted Disease Screening","dataYear":"2018","assetId":"922452","subcategory":"Health","detail":"https://classic.savi.org/SAVI/PopUps/AssetMoreInfo.aspx?AssetID=922452"}},{"type":"Feature","geometry":{"type":"Point","coordinates":[-86.25753595,39.82364625]},"properties":{"name":"ESKENAZI HEALTH - WEST 38TH STREET","assetType":"Sexually Transmitted Disease Screening","dataYear":"2018","assetId":"922412","subcategory":"Health","detail":"https://classic.savi.org/SAVI/PopUps/AssetMoreInfo.aspx?AssetID=922412"}},{"type":"Feature","geometry":{"type":"Point","coordinates":[-86.12041071,39.84271932]},"properties":{"name":"ESKENAZI HEALTH - WILLOWBROOK FAMILY PLANNING CLINIC","assetType":"Sexually Transmitted Disease Screening","dataYear":"2018","assetId":"922448","subcategory":"Health","detail":"https://classic.savi.org/SAVI/PopUps/AssetMoreInfo.aspx?AssetID=922448"}},{"type":"Feature","geometry":{"type":"Point","coordinates":[-85.9911682,40.04950113]},"properties":{"name":"HAMILTON COUNTY HEALTH DEPARTMENT","assetType":"Sexually Transmitted Disease Screening","dataYear":"2018","assetId":"918701","subcategory":"Health","detail":"https://classic.savi.org/SAVI/PopUps/AssetMoreInfo.aspx?AssetID=918701"}},{"type":"Feature","geometry":{"type":"Point","coordinates":[-86.52322041,39.75700956]},"properties":{"name":"HENDRICKS COUNTY HEALTH DEPARTMENT","assetType":"Sexually Transmitted Disease Screening","dataYear":"2018","assetId":"918357","subcategory":"Health","detail":"https://classic.savi.org/SAVI/PopUps/AssetMoreInfo.aspx?AssetID=918357"}},{"type":"Feature","geometry":{"type":"Point","coordinates":[-86.52322041,39.75700956]},"properties":{"name":"Hendricks County Health Department","assetType":"Sexually Transmitted Disease Screening","dataYear":"2018","assetId":"923629","subcategory":"Health","detail":"https://classic.savi.org/SAVI/PopUps/AssetMoreInfo.aspx?AssetID=923629"}},{"type":"Feature","geometry":{"type":"Point","coordinates":[-86.16964748,39.7776688]},"properties":{"name":"INDIANAPOLIS URBAN LEAGUE","assetType":"Sexually Transmitted Disease Screening","dataYear":"2018","assetId":"922167","subcategory":"Health","detail":"https://classic.savi.org/SAVI/PopUps/AssetMoreInfo.aspx?AssetID=922167"}},{"type":"Feature","geometry":{"type":"Point","coordinates":[-86.8460895,39.6221169]},"properties":{"name":"JOHNSON NICHOLS HEALTH CLINIC - GREENCASTLE","assetType":"Sexually Transmitted Disease Screening","dataYear":"2018","assetId":"920806","subcategory":"Health","detail":"https://classic.savi.org/SAVI/PopUps/AssetMoreInfo.aspx?AssetID=920806"}},{"type":"Feature","geometry":{"type":"Point","coordinates":[-86.84438747,39.63365157]},"properties":{"name":"Johnson Nichols Health Center","assetType":"Sexually Transmitted Disease Screening","dataYear":"2018","assetId":"924099","subcategory":"Health","detail":"https://classic.savi.org/SAVI/PopUps/AssetMoreInfo.aspx?AssetID=924099"}},{"type":"Feature","geometry":{"type":"Point","coordinates":[-85.67656845,40.10733476]},"properties":{"name":"MADISON COUNTY HEALTH DEPARTMENT","assetType":"Sexually Transmitted Disease Screening","dataYear":"2018","assetId":"919943","subcategory":"Health","detail":"https://classic.savi.org/SAVI/PopUps/AssetMoreInfo.aspx?AssetID=919943"}},{"type":"Feature","geometry":{"type":"Point","coordinates":[-85.67656845,40.10733476]},"properties":{"name":"MADISON COUNTY HEALTH DEPARTMENT","assetType":"Sexually Transmitted Disease Screening","dataYear":"2018","assetId":"924763","subcategory":"Health","detail":"https://classic.savi.org/SAVI/PopUps/AssetMoreInfo.aspx?AssetID=924763"}},{"type":"Feature","geometry":{"type":"Point","coordinates":[-86.11371344,39.82509542]},"properties":{"name":"MARION COUNTY PUBLIC HEALTH DEPARTMENT - SUBSTANCE USE OUTREACH SERVICES","assetType":"Sexually Transmitted Disease Screening","dataYear":"2018","assetId":"921528","subcategory":"Health","detail":"https://classic.savi.org/SAVI/PopUps/AssetMoreInfo.aspx?AssetID=921528"}},{"type":"Feature","geometry":{"type":"Point","coordinates":[-85.67656845,40.10733476]},"properties":{"name":"Madison County Health Department","assetType":"Sexually Transmitted Disease Screening","dataYear":"2018","assetId":"924341","subcategory":"Health","detail":"https://classic.savi.org/SAVI/PopUps/AssetMoreInfo.aspx?AssetID=924341"}},{"type":"Feature","geometry":{"type":"Point","coordinates":[-86.18302061,39.77609011]},"properties":{"name":"Marion County Health Department Bell Flower STD Clinic","assetType":"Sexually Transmitted Disease Screening","dataYear":"2018","assetId":"924417","subcategory":"Health","detail":"https://classic.savi.org/SAVI/PopUps/AssetMoreInfo.aspx?AssetID=924417"}},{"type":"Feature","geometry":{"type":"Point","coordinates":[-85.64738817,40.10573993]},"properties":{"name":"OPEN DOOR FAMILY PLANNING - ANDERSON","assetType":"Sexually Transmitted Disease Screening","dataYear":"2018","assetId":"919994","subcategory":"Health","detail":"https://classic.savi.org/SAVI/PopUps/AssetMoreInfo.aspx?AssetID=919994"}},{"type":"Feature","geometry":{"type":"Point","coordinates":[-85.64738817,40.10573993]},"properties":{"name":"OPEN DOOR FAMILY PLANNING ANDERSON","assetType":"Sexually Transmitted Disease Screening","dataYear":"2018","assetId":"923558","subcategory":"Health","detail":"https://classic.savi.org/SAVI/PopUps/AssetMoreInfo.aspx?AssetID=923558"}},{"type":"Feature","geometry":{"type":"Point","coordinates":[-86.12158629,39.78182044]},"properties":{"name":"PEOPLE S HEALTH CENTER","assetType":"Sexually Transmitted Disease Screening","dataYear":"2018","assetId":"918645","subcategory":"Health","detail":"https://classic.savi.org/SAVI/PopUps/AssetMoreInfo.aspx?AssetID=918645"}},{"type":"Feature","geometry":{"type":"Point","coordinates":[-86.12158629,39.78182044]},"properties":{"name":"PEOPLE S HEALTH CENTER","assetType":"Sexually Transmitted Disease Screening","dataYear":"2018","assetId":"923849","subcategory":"Health","detail":"https://classic.savi.org/SAVI/PopUps/AssetMoreInfo.aspx?AssetID=923849"}},{"type":"Feature","geometry":{"type":"Point","coordinates":[-86.15835047,39.76423399]},"properties":{"name":"PLANNED PARENTHOOD OF INDIANA AND KENTUCKY","assetType":"Sexually Transmitted Disease Screening","dataYear":"2018","assetId":"917789","subcategory":"Health","detail":"https://classic.savi.org/SAVI/PopUps/AssetMoreInfo.aspx?AssetID=917789"}},{"type":"Feature","geometry":{"type":"Point","coordinates":[-86.15577276,39.80796388]},"properties":{"name":"ACTION HEALTH CENTER - MARION COUNTY PUBLIC HEALTH DEPARTMENT","assetType":"Sickle Cell Screening","dataYear":"2018","assetId":"921617","subcategory":"Health","detail":"https://classic.savi.org/SAVI/PopUps/AssetMoreInfo.aspx?AssetID=921617"}},{"type":"Feature","geometry":{"type":"Point","coordinates":[-86.1653495,39.77488844]},"properties":{"name":"INDIANAPOLIS EYE CARE CENTER COMMUNITY OUTREACH","assetType":"Vision Screening","dataYear":"2018","assetId":"918122","subcategory":"Health","detail":"https://classic.savi.org/SAVI/PopUps/AssetMoreInfo.aspx?AssetID=918122"}},{"type":"Feature","geometry":{"type":"Point","coordinates":[-86.14868911,39.99920968]},"properties":{"name":"TRINITY FREE CLINIC","assetType":"Vision Screening","dataYear":"2018","assetId":"919525","subcategory":"Health","detail":"https://classic.savi.org/SAVI/PopUps/AssetMoreInfo.aspx?AssetID=919525"}},{"type":"Feature","geometry":{"type":"Point","coordinates":[-86.15576761,39.80795636]},"properties":{"name":"ACTION HEALTH CENTER - MARION COUNTY PUBLIC HEALTH DEPARTMENT","assetType":"Well Baby Care","dataYear":"2017","assetId":"867178","subcategory":"Health","detail":"https://classic.savi.org/SAVI/PopUps/AssetMoreInfo.aspx?AssetID=867178"}},{"type":"Feature","geometry":{"type":"Point","coordinates":[-86.15576761,39.80795636]},"properties":{"name":"ACTION HEALTH CENTER - MARION COUNTY PUBLIC HEALTH DEPARTMENT","assetType":"Well Baby Care","dataYear":"2017","assetId":"881532","subcategory":"Health","detail":"https://classic.savi.org/SAVI/PopUps/AssetMoreInfo.aspx?AssetID=881532"}},{"type":"Feature","geometry":{"type":"Point","coordinates":[-86.15669094,39.82335335]},"properties":{"name":"AFRICAN CENTER","assetType":"Aids Treatment","dataYear":"2013","assetId":"797478","subcategory":"Health","detail":"https://classic.savi.org/SAVI/PopUps/AssetMoreInfo.aspx?AssetID=797478"}},{"type":"Feature","geometry":{"type":"Point","coordinates":[-86.1612755,39.7887357]},"properties":{"name":"INDIANA UNIVERSITY HEALTH - METHODIST MEDICAL TOWER INN","assetType":"Aids Treatment","dataYear":"2013","assetId":"800172","subcategory":"Health","detail":"https://classic.savi.org/SAVI/PopUps/AssetMoreInfo.aspx?AssetID=800172"}},{"type":"Feature","geometry":{"type":"Point","coordinates":[-86.18046646,39.77988268]},"properties":{"name":"WISHARD INFECTIOUS DISEASE CLINIC","assetType":"Aids Treatment","dataYear":"2013","assetId":"800258","subcategory":"Health","detail":"https://classic.savi.org/SAVI/PopUps/AssetMoreInfo.aspx?AssetID=800258"}},{"type":"Feature","geometry":{"type":"Point","coordinates":[-86.12127169,39.84315589]},"properties":{"name":"Easter Seals Crossroads Rehab Ctr - Cerebral Palsy Clinic Adults","assetType":"Cerebral Palsy Treatment","dataYear":"2007","assetId":"624940","subcategory":"Health","detail":"https://classic.savi.org/SAVI/PopUps/AssetMoreInfo.aspx?AssetID=624940"}},{"type":"Feature","geometry":{"type":"Point","coordinates":[-86.04730589,39.79597985]},"properties":{"name":"ALIVIO MEDICAL CENTER","assetType":"Dental Care","dataYear":"2018","assetId":"919104","subcategory":"Health","detail":"https://classic.savi.org/SAVI/PopUps/AssetMoreInfo.aspx?AssetID=919104"}},{"type":"Feature","geometry":{"type":"Point","coordinates":[-86.13994636,39.74821923]},"properties":{"name":"ESKENAZI HEALTH - COTTAGE CORNER CENTER","assetType":"Dental Care","dataYear":"2018","assetId":"922672","subcategory":"Health","detail":"https://classic.savi.org/SAVI/PopUps/AssetMoreInfo.aspx?AssetID=922672"}},{"type":"Feature","geometry":{"type":"Point","coordinates":[-86.00161822,39.82527041]},"properties":{"name":"ESKENAZI HEALTH - GRASSY CREEK CENTER","assetType":"Dental Care","dataYear":"2018","assetId":"922455","subcategory":"Health","detail":"https://classic.savi.org/SAVI/PopUps/AssetMoreInfo.aspx?AssetID=922455"}},{"type":"Feature","geometry":{"type":"Point","coordinates":[-86.25753595,39.82364625]},"properties":{"name":"ESKENAZI HEALTH - WEST 38TH STREET","assetType":"Dental Care","dataYear":"2018","assetId":"922441","subcategory":"Health","detail":"https://classic.savi.org/SAVI/PopUps/AssetMoreInfo.aspx?AssetID=922441"}},{"type":"Feature","geometry":{"type":"Point","coordinates":[-86.14490674,39.78940655]},"properties":{"name":"ESKENAZI HEALTH DENTAL CENTER","assetType":"Dental Care","dataYear":"2018","assetId":"922406","subcategory":"Health","detail":"https://classic.savi.org/SAVI/PopUps/AssetMoreInfo.aspx?AssetID=922406"}},{"type":"Feature","geometry":{"type":"Point","coordinates":[-86.15574742,39.77740999]},"properties":{"name":"GENNESARET DENTAL AND WELLNESS CENTER AT BLUE TRIANGLE RESIDENCE HALL","assetType":"Dental Care","dataYear":"2018","assetId":"919155","subcategory":"Health","detail":"https://classic.savi.org/SAVI/PopUps/AssetMoreInfo.aspx?AssetID=919155"}},{"type":"Feature","geometry":{"type":"Point","coordinates":[-86.10783338,39.7373667]},"properties":{"name":"HEALTHNET BARRINGTON HEALTH AND DENTAL CENTER","assetType":"Dental Care","dataYear":"2018","assetId":"918597","subcategory":"Health","detail":"https://classic.savi.org/SAVI/PopUps/AssetMoreInfo.aspx?AssetID=918597"}},{"type":"Feature","geometry":{"type":"Point","coordinates":[-86.16130212,39.78875691]},"properties":{"name":"HEALTHNET PEDIATRIC AND ADOLESCENT CARE CENTER","assetType":"Dental Care","dataYear":"2018","assetId":"918448","subcategory":"Health","detail":"https://classic.savi.org/SAVI/PopUps/AssetMoreInfo.aspx?AssetID=918448"}},{"type":"Feature","geometry":{"type":"Point","coordinates":[-86.13933304,39.75459711]},"properties":{"name":"HEALTHNET SOUTHEAST HEALTH AND DENTAL CENTER","assetType":"Dental Care","dataYear":"2018","assetId":"918652","subcategory":"Health","detail":"https://classic.savi.org/SAVI/PopUps/AssetMoreInfo.aspx?AssetID=918652"}},{"type":"Feature","geometry":{"type":"Point","coordinates":[-86.18766513,39.7513741]},"properties":{"name":"HEALTHNET SOUTHWEST HEALTH AND DENTAL CENTER","assetType":"Dental Care","dataYear":"2018","assetId":"918368","subcategory":"Health","detail":"https://classic.savi.org/SAVI/PopUps/AssetMoreInfo.aspx?AssetID=918368"}},{"type":"Feature","geometry":{"type":"Point","coordinates":[-86.13898973,40.03958433]},"properties":{"name":"HEART AND SOUL CLINIC","assetType":"Dental Care","dataYear":"2018","assetId":"917620","subcategory":"Health","detail":"https://classic.savi.org/SAVI/PopUps/AssetMoreInfo.aspx?AssetID=917620"}},{"type":"Feature","geometry":{"type":"Point","coordinates":[-86.01738762,40.13249821]},"properties":{"name":"HOPE FAMILY CARE CENTER","assetType":"Dental Care","dataYear":"2018","assetId":"920165","subcategory":"Health","detail":"https://classic.savi.org/SAVI/PopUps/AssetMoreInfo.aspx?AssetID=920165"}},{"type":"Feature","geometry":{"type":"Point","coordinates":[-86.12158629,39.78182044]},"properties":{"name":"INDIANA UNIVERSITY DENTAL STUDENT OUTREACH","assetType":"Dental Care","dataYear":"2018","assetId":"921466","subcategory":"Health","detail":"https://classic.savi.org/SAVI/PopUps/AssetMoreInfo.aspx?AssetID=921466"}},{"type":"Feature","geometry":{"type":"Point","coordinates":[-86.18002555,39.77400375]},"properties":{"name":"INDIANA UNIVERSITY SCHOOL OF DENTISTRY","assetType":"Dental Care","dataYear":"2018","assetId":"918337","subcategory":"Health","detail":"https://classic.savi.org/SAVI/PopUps/AssetMoreInfo.aspx?AssetID=918337"}},{"type":"Feature","geometry":{"type":"Point","coordinates":[-86.18002555,39.77400375]},"properties":{"name":"INDIANA UNIVERSITY SCHOOL OF DENTISTRY","assetType":"Dental Care","dataYear":"2018","assetId":"918233","subcategory":"Health","detail":"https://classic.savi.org/SAVI/PopUps/AssetMoreInfo.aspx?AssetID=918233"}},{"type":"Feature","geometry":{"type":"Point","coordinates":[-85.6800958,40.06240773]},"properties":{"name":"IVY TECH COMMUNITY COLLEGE - ANDERSON DENTAL CLINIC","assetType":"Dental Care","dataYear":"2018","assetId":"918884","subcategory":"Health","detail":"https://classic.savi.org/SAVI/PopUps/AssetMoreInfo.aspx?AssetID=918884"}},{"type":"Feature","geometry":{"type":"Point","coordinates":[-86.07751973,39.78836]},"properties":{"name":"JANE PAULEY COMMUNITY HEALTH CENTER AT 16TH STREET","assetType":"Dental Care","dataYear":"2018","assetId":"917368","subcategory":"Health","detail":"https://classic.savi.org/SAVI/PopUps/AssetMoreInfo.aspx?AssetID=917368"}},{"type":"Feature","geometry":{"type":"Point","coordinates":[-85.9972236,39.79605186]},"properties":{"name":"JANE PAULEY COMMUNITY HEALTH CENTER DENTAL CLINIC","assetType":"Dental Care","dataYear":"2018","assetId":"917326","subcategory":"Health","detail":"https://classic.savi.org/SAVI/PopUps/AssetMoreInfo.aspx?AssetID=917326"}},{"type":"Feature","geometry":{"type":"Point","coordinates":[-85.68615527,40.07353994]},"properties":{"name":"JANE PAULEY COMMUNITY HEALTH CENTER DENTAL CLINIC","assetType":"Dental Care","dataYear":"2018","assetId":"917365","subcategory":"Health","detail":"https://classic.savi.org/SAVI/PopUps/AssetMoreInfo.aspx?AssetID=917365"}},{"type":"Feature","geometry":{"type":"Point","coordinates":[-85.66976183,40.09988334]},"properties":{"name":"MADISON COUNTY COMMUNITY HEALTH CENTER -ANDERSON","assetType":"Dental Care","dataYear":"2018","assetId":"920311","subcategory":"Health","detail":"https://classic.savi.org/SAVI/PopUps/AssetMoreInfo.aspx?AssetID=920311"}},{"type":"Feature","geometry":{"type":"Point","coordinates":[-85.84092422,40.27717189]},"properties":{"name":"MADISON COUNTY COMMUNITY HEALTH CENTER -ELWOOD","assetType":"Dental Care","dataYear":"2018","assetId":"920272","subcategory":"Health","detail":"https://classic.savi.org/SAVI/PopUps/AssetMoreInfo.aspx?AssetID=920272"}},{"type":"Feature","geometry":{"type":"Point","coordinates":[-86.17178708,39.80552985]},"properties":{"name":"MARION COUNTY PUBLIC HEALTH DEPARTMENT - BLACKBURN HEALTH CENTER","assetType":"Dental Care","dataYear":"2018","assetId":"921613","subcategory":"Health","detail":"https://classic.savi.org/SAVI/PopUps/AssetMoreInfo.aspx?AssetID=921613"}},{"type":"Feature","geometry":{"type":"Point","coordinates":[-86.10288497,39.82659175]},"properties":{"name":"MARION COUNTY PUBLIC HEALTH DEPARTMENT - FOREST MANOR HEALTH CENTER","assetType":"Dental Care","dataYear":"2018","assetId":"921705","subcategory":"Health","detail":"https://classic.savi.org/SAVI/PopUps/AssetMoreInfo.aspx?AssetID=921705"}},{"type":"Feature","geometry":{"type":"Point","coordinates":[-86.06304808,39.79729547]},"properties":{"name":"MARION COUNTY PUBLIC HEALTH DEPARTMENT - NORTHEAST DISTRICT HEALTH OFFICE","assetType":"Dental Care","dataYear":"2018","assetId":"921971","subcategory":"Health","detail":"https://classic.savi.org/SAVI/PopUps/AssetMoreInfo.aspx?AssetID=921971"}},{"type":"Feature","geometry":{"type":"Point","coordinates":[-86.21176237,39.88188392]},"properties":{"name":"MARION COUNTY PUBLIC HEALTH DEPARTMENT - NORTHWEST DISTRICT HEALTH OFFICE","assetType":"Dental Care","dataYear":"2018","assetId":"921706","subcategory":"Health","detail":"https://classic.savi.org/SAVI/PopUps/AssetMoreInfo.aspx?AssetID=921706"}},{"type":"Feature","geometry":{"type":"Point","coordinates":[-86.12158629,39.78182044]},"properties":{"name":"PEOPLE S HEALTH CENTER","assetType":"Dental Care","dataYear":"2018","assetId":"918643","subcategory":"Health","detail":"https://classic.savi.org/SAVI/PopUps/AssetMoreInfo.aspx?AssetID=918643"}},{"type":"Feature","geometry":{"type":"Point","coordinates":[-86.15049668,39.81727883]},"properties":{"name":"RAPHAEL HEALTH CENTER","assetType":"Dental Care","dataYear":"2018","assetId":"917687","subcategory":"Health","detail":"https://classic.savi.org/SAVI/PopUps/AssetMoreInfo.aspx?AssetID=917687"}},{"type":"Feature","geometry":{"type":"Point","coordinates":[-86.47211975,40.05783545]},"properties":{"name":"RIGGS HEALTH BOONE COUNTY","assetType":"Dental Care","dataYear":"2018","assetId":"922278","subcategory":"Health","detail":"https://classic.savi.org/SAVI/PopUps/AssetMoreInfo.aspx?AssetID=922278"}},{"type":"Feature","geometry":{"type":"Point","coordinates":[-86.14868911,39.99920968]},"properties":{"name":"TRINITY FREE CLINIC","assetType":"Dental Care","dataYear":"2018","assetId":"919526","subcategory":"Health","detail":"https://classic.savi.org/SAVI/PopUps/AssetMoreInfo.aspx?AssetID=919526"}},{"type":"Feature","geometry":{"type":"Point","coordinates":[-86.22043078,40.1369393]},"properties":{"name":"ADAMS TOWNSHIP TRUSTEE HAMILTON COUNTY","assetType":"Diabetes Drug Prescriptions","dataYear":"2018","assetId":"918538","subcategory":"Health","detail":"https://classic.savi.org/SAVI/PopUps/AssetMoreInfo.aspx?AssetID=918538"}},{"type":"Feature","geometry":{"type":"Point","coordinates":[-85.65404433,39.99248624]},"properties":{"name":"ADAMS TOWNSHIP TRUSTEE MADISON COUNTY","assetType":"Diabetes Drug Prescriptions","dataYear":"2018","assetId":"920009","subcategory":"Health","detail":"https://classic.savi.org/SAVI/PopUps/AssetMoreInfo.aspx?AssetID=920009"}},{"type":"Feature","geometry":{"type":"Point","coordinates":[-86.58560197,39.52107037]},"properties":{"name":"ADAMS TOWNSHIP TRUSTEE MORGAN COUNTY","assetType":"Diabetes Drug Prescriptions","dataYear":"2018","assetId":"918349","subcategory":"Health","detail":"https://classic.savi.org/SAVI/PopUps/AssetMoreInfo.aspx?AssetID=918349"}},{"type":"Feature","geometry":{"type":"Point","coordinates":[-85.774411,39.51964958]},"properties":{"name":"ADDISON TOWNSHIP TRUSTEE SHELBY COUNTY","assetType":"Diabetes Drug Prescriptions","dataYear":"2018","assetId":"920028","subcategory":"Health","detail":"https://classic.savi.org/SAVI/PopUps/AssetMoreInfo.aspx?AssetID=920028"}},{"type":"Feature","geometry":{"type":"Point","coordinates":[-85.69186383,40.0876172]},"properties":{"name":"ANDERSON TOWNSHIP TRUSTEE MADISON COUNTY","assetType":"Diabetes Drug Prescriptions","dataYear":"2018","assetId":"920598","subcategory":"Health","detail":"https://classic.savi.org/SAVI/PopUps/AssetMoreInfo.aspx?AssetID=920598"}},{"type":"Feature","geometry":{"type":"Point","coordinates":[-86.59015368,39.46594941]},"properties":{"name":"ASHLAND TOWNSHIP TRUSTEE MORGAN COUNTY","assetType":"Diabetes Drug Prescriptions","dataYear":"2018","assetId":"917872","subcategory":"Health","detail":"https://classic.savi.org/SAVI/PopUps/AssetMoreInfo.aspx?AssetID=917872"}},{"type":"Feature","geometry":{"type":"Point","coordinates":[-86.53976457,39.36099715]},"properties":{"name":"BAKER TOWNSHIP TRUSTEE MORGAN COUNTY","assetType":"Diabetes Drug Prescriptions","dataYear":"2018","assetId":"918030","subcategory":"Health","detail":"https://classic.savi.org/SAVI/PopUps/AssetMoreInfo.aspx?AssetID=918030"}},{"type":"Feature","geometry":{"type":"Point","coordinates":[-85.67692841,39.77189764]},"properties":{"name":"BLUE RIVER TOWNSHIP TRUSTEE HANCOCK COUNTY","assetType":"Diabetes Drug Prescriptions","dataYear":"2018","assetId":"922590","subcategory":"Health","detail":"https://classic.savi.org/SAVI/PopUps/AssetMoreInfo.aspx?AssetID=922590"}},{"type":"Feature","geometry":{"type":"Point","coordinates":[-85.96678325,39.35439477]},"properties":{"name":"BLUE RIVER TOWNSHIP TRUSTEE JOHNSON COUNTY","assetType":"Diabetes Drug Prescriptions","dataYear":"2018","assetId":"922435","subcategory":"Health","detail":"https://classic.savi.org/SAVI/PopUps/AssetMoreInfo.aspx?AssetID=922435"}},{"type":"Feature","geometry":{"type":"Point","coordinates":[-85.74290931,40.37568005]},"properties":{"name":"BOONE TOWNSHIP TRUSTEE MADISON COUNTY","assetType":"Diabetes Drug Prescriptions","dataYear":"2018","assetId":"920417","subcategory":"Health","detail":"https://classic.savi.org/SAVI/PopUps/AssetMoreInfo.aspx?AssetID=920417"}},{"type":"Feature","geometry":{"type":"Point","coordinates":[-86.39294095,39.90907004]},"properties":{"name":"BROWN TOWNSHIP TRUSTEE HENDRICKS COUNTY","assetType":"Diabetes Drug Prescriptions","dataYear":"2018","assetId":"917982","subcategory":"Health","detail":"https://classic.savi.org/SAVI/PopUps/AssetMoreInfo.aspx?AssetID=917982"}},{"type":"Feature","geometry":{"type":"Point","coordinates":[-86.36192889,39.6195823]},"properties":{"name":"BROWN TOWNSHIP TRUSTEE MORGAN COUNTY","assetType":"Diabetes Drug Prescriptions","dataYear":"2018","assetId":"917997","subcategory":"Health","detail":"https://classic.savi.org/SAVI/PopUps/AssetMoreInfo.aspx?AssetID=917997"}},{"type":"Feature","geometry":{"type":"Point","coordinates":[-85.90476499,39.84593559]},"properties":{"name":"BUCK CREEK TOWNSHIP TRUSTEE HANCOCK COUNTY","assetType":"Diabetes Drug Prescriptions","dataYear":"2018","assetId":"917711","subcategory":"Health","detail":"https://classic.savi.org/SAVI/PopUps/AssetMoreInfo.aspx?AssetID=917711"}},{"type":"Feature","geometry":{"type":"Point","coordinates":[-86.47085009,40.05665059]},"properties":{"name":"CENTER TOWNSHIP TRUSTEE BOONE COUNTY","assetType":"Diabetes Drug Prescriptions","dataYear":"2018","assetId":"922398","subcategory":"Health","detail":"https://classic.savi.org/SAVI/PopUps/AssetMoreInfo.aspx?AssetID=922398"}},{"type":"Feature","geometry":{"type":"Point","coordinates":[-85.77210611,39.80356082]},"properties":{"name":"CENTER TOWNSHIP TRUSTEE HANCOCK COUNTY","assetType":"Diabetes Drug Prescriptions","dataYear":"2018","assetId":"922389","subcategory":"Health","detail":"https://classic.savi.org/SAVI/PopUps/AssetMoreInfo.aspx?AssetID=922389"}},{"type":"Feature","geometry":{"type":"Point","coordinates":[-86.52411116,39.75972715]},"properties":{"name":"CENTER TOWNSHIP TRUSTEE HENDRICKS COUNTY","assetType":"Diabetes Drug Prescriptions","dataYear":"2018","assetId":"922365","subcategory":"Health","detail":"https://classic.savi.org/SAVI/PopUps/AssetMoreInfo.aspx?AssetID=922365"}},{"type":"Feature","geometry":{"type":"Point","coordinates":[-86.14313087,39.7788428]},"properties":{"name":"CENTER TOWNSHIP TRUSTEE MARION COUNTY","assetType":"Diabetes Drug Prescriptions","dataYear":"2018","assetId":"922418","subcategory":"Health","detail":"https://classic.savi.org/SAVI/PopUps/AssetMoreInfo.aspx?AssetID=922418"}},{"type":"Feature","geometry":{"type":"Point","coordinates":[-85.98146777,39.61091717]},"properties":{"name":"CLARK TOWNSHIP TRUSTEE JOHNSON COUNTY","assetType":"Diabetes Drug Prescriptions","dataYear":"2018","assetId":"921799","subcategory":"Health","detail":"https://classic.savi.org/SAVI/PopUps/AssetMoreInfo.aspx?AssetID=921799"}},{"type":"Feature","geometry":{"type":"Point","coordinates":[-86.14561577,39.94343504]},"properties":{"name":"CLAY TOWNSHIP TRUSTEE HAMILTON COUNTY","assetType":"Diabetes Drug Prescriptions","dataYear":"2018","assetId":"921787","subcategory":"Health","detail":"https://classic.savi.org/SAVI/PopUps/AssetMoreInfo.aspx?AssetID=921787"}},{"type":"Feature","geometry":{"type":"Point","coordinates":[-86.3590723,39.51288294]},"properties":{"name":"CLAY TOWNSHIP TRUSTEE MORGAN COUNTY","assetType":"Diabetes Drug Prescriptions","dataYear":"2018","assetId":"921562","subcategory":"Health","detail":"https://classic.savi.org/SAVI/PopUps/AssetMoreInfo.aspx?AssetID=921562"}},{"type":"Feature","geometry":{"type":"Point","coordinates":[-86.42274444,40.12257272]},"properties":{"name":"CLINTON TOWNSHIP TRUSTEE BOONE COUNTY","assetType":"Diabetes Drug Prescriptions","dataYear":"2018","assetId":"921729","subcategory":"Health","detail":"https://classic.savi.org/SAVI/PopUps/AssetMoreInfo.aspx?AssetID=921729"}},{"type":"Feature","geometry":{"type":"Point","coordinates":[-86.95747213,39.73385877]},"properties":{"name":"CLINTON TOWNSHIP TRUSTEE PUTNAM COUNTY","assetType":"Diabetes Drug Prescriptions","dataYear":"2018","assetId":"921107","subcategory":"Health","detail":"https://classic.savi.org/SAVI/PopUps/AssetMoreInfo.aspx?AssetID=921107"}},{"type":"Feature","geometry":{"type":"Point","coordinates":[-86.79275698,39.51380749]},"properties":{"name":"CLOVERDALE TOWNSHIP TRUSTEE PUTNAM COUNTY","assetType":"Diabetes Drug Prescriptions","dataYear":"2018","assetId":"920930","subcategory":"Health","detail":"https://classic.savi.org/SAVI/PopUps/AssetMoreInfo.aspx?AssetID=920930"}},{"type":"Feature","geometry":{"type":"Point","coordinates":[-86.27005454,39.68567771]},"properties":{"name":"DECATUR TOWNSHIP TRUSTEE MARION COUNTY","assetType":"Diabetes Drug Prescriptions","dataYear":"2018","assetId":"919883","subcategory":"Health","detail":"https://classic.savi.org/SAVI/PopUps/AssetMoreInfo.aspx?AssetID=919883"}},{"type":"Feature","geometry":{"type":"Point","coordinates":[-86.00936241,39.97911534]},"properties":{"name":"DELAWARE TOWNSHIP TRUSTEE HAMILTON COUNTY","assetType":"Diabetes Drug Prescriptions","dataYear":"2018","assetId":"919670","subcategory":"Health","detail":"https://classic.savi.org/SAVI/PopUps/AssetMoreInfo.aspx?AssetID=919670"}},{"type":"Feature","geometry":{"type":"Point","coordinates":[-85.81359755,40.30680295]},"properties":{"name":"DUCK CREEK TOWNSHIP TRUSTEE MADISON COUNTY","assetType":"Diabetes Drug Prescriptions","dataYear":"2018","assetId":"920379","subcategory":"Health","detail":"https://classic.savi.org/SAVI/PopUps/AssetMoreInfo.aspx?AssetID=920379"}},{"type":"Feature","geometry":{"type":"Point","coordinates":[-86.60917955,39.85579118]},"properties":{"name":"EEL RIVER TOWNSHIP TRUSTEE HENDRICKS COUNTY","assetType":"Diabetes Drug Prescriptions","dataYear":"2018","assetId":"919587","subcategory":"Health","detail":"https://classic.savi.org/SAVI/PopUps/AssetMoreInfo.aspx?AssetID=919587"}},{"type":"Feature","geometry":{"type":"Point","coordinates":[-85.9427756,39.95733092]},"properties":{"name":"FALL CREEK TOWNSHIP TRUSTEE HAMILTON COUNTY","assetType":"Diabetes Drug Prescriptions","dataYear":"2018","assetId":"919627","subcategory":"Health","detail":"https://classic.savi.org/SAVI/PopUps/AssetMoreInfo.aspx?AssetID=919627"}},{"type":"Feature","geometry":{"type":"Point","coordinates":[-85.74535234,40.002336]},"properties":{"name":"FALL CREEK TOWNSHIP TRUSTEE MADISON COUNTY","assetType":"Diabetes Drug Prescriptions","dataYear":"2018","assetId":"920590","subcategory":"Health","detail":"https://classic.savi.org/SAVI/PopUps/AssetMoreInfo.aspx?AssetID=920590"}},{"type":"Feature","geometry":{"type":"Point","coordinates":[-86.74851429,39.76137225]},"properties":{"name":"FLOYD TOWNSHIP TRUSTEE PUTNAM COUNTY","assetType":"Diabetes Drug Prescriptions","dataYear":"2018","assetId":"920923","subcategory":"Health","detail":"https://classic.savi.org/SAVI/PopUps/AssetMoreInfo.aspx?AssetID=920923"}},{"type":"Feature","geometry":{"type":"Point","coordinates":[-86.59336074,39.63094378]},"properties":{"name":"FRANKLIN TOWNSHIP TRUSTEE HENDRICKS COUNTY","assetType":"Diabetes Drug Prescriptions","dataYear":"2018","assetId":"919191","subcategory":"Health","detail":"https://classic.savi.org/SAVI/PopUps/AssetMoreInfo.aspx?AssetID=919191"}},{"type":"Feature","geometry":{"type":"Point","coordinates":[-86.06344638,39.49333622]},"properties":{"name":"FRANKLIN TOWNSHIP TRUSTEE JOHNSON COUNTY","assetType":"Diabetes Drug Prescriptions","dataYear":"2018","assetId":"919182","subcategory":"Health","detail":"https://classic.savi.org/SAVI/PopUps/AssetMoreInfo.aspx?AssetID=919182"}},{"type":"Feature","geometry":{"type":"Point","coordinates":[-86.06339326,39.67761024]},"properties":{"name":"FRANKLIN TOWNSHIP TRUSTEE MARION COUNTY","assetType":"Diabetes Drug Prescriptions","dataYear":"2018","assetId":"919356","subcategory":"Health","detail":"https://classic.savi.org/SAVI/PopUps/AssetMoreInfo.aspx?AssetID=919356"}},{"type":"Feature","geometry":{"type":"Point","coordinates":[-86.85209404,39.78100438]},"properties":{"name":"FRANKLIN TOWNSHIP TRUSTEE PUTNAM COUNTY","assetType":"Diabetes Drug Prescriptions","dataYear":"2018","assetId":"921092","subcategory":"Health","detail":"https://classic.savi.org/SAVI/PopUps/AssetMoreInfo.aspx?AssetID=921092"}},{"type":"Feature","geometry":{"type":"Point","coordinates":[-85.7056509,39.87256909]},"properties":{"name":"GREEN TOWNSHIP TRUSTEE HANCOCK COUNTY","assetType":"Diabetes Drug Prescriptions","dataYear":"2018","assetId":"918743","subcategory":"Health","detail":"https://classic.savi.org/SAVI/PopUps/AssetMoreInfo.aspx?AssetID=918743"}},{"type":"Feature","geometry":{"type":"Point","coordinates":[-85.80616994,39.95697613]},"properties":{"name":"GREEN TOWNSHIP TRUSTEE MADISON COUNTY","assetType":"Diabetes Drug Prescriptions","dataYear":"2018","assetId":"920730","subcategory":"Health","detail":"https://classic.savi.org/SAVI/PopUps/AssetMoreInfo.aspx?AssetID=920730"}},{"type":"Feature","geometry":{"type":"Point","coordinates":[-86.33770312,39.45087194]},"properties":{"name":"GREEN TOWNSHIP TRUSTEE MORGAN COUNTY","assetType":"Diabetes Drug Prescriptions","dataYear":"2018","assetId":"918733","subcategory":"Health","detail":"https://classic.savi.org/SAVI/PopUps/AssetMoreInfo.aspx?AssetID=918733"}},{"type":"Feature","geometry":{"type":"Point","coordinates":[-86.85343139,39.63713965]},"properties":{"name":"GREENCASTLE TOWNSHIP TRUSTEE PUTNAM COUNTY","assetType":"Diabetes Drug Prescriptions","dataYear":"2018","assetId":"921084","subcategory":"Health","detail":"https://classic.savi.org/SAVI/PopUps/AssetMoreInfo.aspx?AssetID=921084"}},{"type":"Feature","geometry":{"type":"Point","coordinates":[-86.39099182,39.68236612]},"properties":{"name":"GUILFORD TOWNSHIP TRUSTEE HENDRICKS COUNTY","assetType":"Diabetes Drug Prescriptions","dataYear":"2018","assetId":"918822","subcategory":"Health","detail":"https://classic.savi.org/SAVI/PopUps/AssetMoreInfo.aspx?AssetID=918822"}},{"type":"Feature","geometry":{"type":"Point","coordinates":[-86.11341411,39.31461451]},"properties":{"name":"HAMBLEN TOWNSHIP TRUSTEE BROWN COUNTY","assetType":"Diabetes Drug Prescriptions","dataYear":"2018","assetId":"916978","subcategory":"Health","detail":"https://classic.savi.org/SAVI/PopUps/AssetMoreInfo.aspx?AssetID=916978"}},{"type":"Feature","geometry":{"type":"Point","coordinates":[-85.72113402,39.65080359]},"properties":{"name":"HANOVER TOWNSHIP TRUSTEE SHELBY COUNTY","assetType":"Diabetes Drug Prescriptions","dataYear":"2018","assetId":"918460","subcategory":"Health","detail":"https://classic.savi.org/SAVI/PopUps/AssetMoreInfo.aspx?AssetID=918460"}},{"type":"Feature","geometry":{"type":"Point","coordinates":[-86.50821683,39.96447177]},"properties":{"name":"HARRISON TOWNSHIP TRUSTEE BOONE COUNTY","assetType":"Diabetes Drug Prescriptions","dataYear":"2018","assetId":"918657","subcategory":"Health","detail":"https://classic.savi.org/SAVI/PopUps/AssetMoreInfo.aspx?AssetID=918657"}},{"type":"Feature","geometry":{"type":"Point","coordinates":[-86.27492948,39.52680434]},"properties":{"name":"HARRISON TOWNSHIP TRUSTEE MORGAN COUNTY","assetType":"Diabetes Drug Prescriptions","dataYear":"2018","assetId":"918381","subcategory":"Health","detail":"https://classic.savi.org/SAVI/PopUps/AssetMoreInfo.aspx?AssetID=918381"}},{"type":"Feature","geometry":{"type":"Point","coordinates":[-85.93951506,39.43988051]},"properties":{"name":"HENDRICKS TOWNSHIP TRUSTEE SHELBY COUNTY","assetType":"Diabetes Drug Prescriptions","dataYear":"2018","assetId":"918568","subcategory":"Health","detail":"https://classic.savi.org/SAVI/PopUps/AssetMoreInfo.aspx?AssetID=918568"}},{"type":"Feature","geometry":{"type":"Point","coordinates":[-86.18230398,39.38131195]},"properties":{"name":"HENSLEY TOWNSHIP TRUSTEE JOHNSON COUNTY","assetType":"Diabetes Drug Prescriptions","dataYear":"2018","assetId":"918405","subcategory":"Health","detail":"https://classic.savi.org/SAVI/PopUps/AssetMoreInfo.aspx?AssetID=918405"}},{"type":"Feature","geometry":{"type":"Point","coordinates":[-86.58306293,39.9950641]},"properties":{"name":"JACKSON TOWNSHIP TRUSTEE BOONE COUNTY","assetType":"Diabetes Drug Prescriptions","dataYear":"2018","assetId":"917989","subcategory":"Health","detail":"https://classic.savi.org/SAVI/PopUps/AssetMoreInfo.aspx?AssetID=917989"}},{"type":"Feature","geometry":{"type":"Point","coordinates":[-86.28781116,39.2495565]},"properties":{"name":"JACKSON TOWNSHIP TRUSTEE BROWN COUNTY","assetType":"Diabetes Drug Prescriptions","dataYear":"2018","assetId":"917042","subcategory":"Health","detail":"https://classic.savi.org/SAVI/PopUps/AssetMoreInfo.aspx?AssetID=917042"}},{"type":"Feature","geometry":{"type":"Point","coordinates":[-86.02828584,40.17626673]},"properties":{"name":"JACKSON TOWNSHIP TRUSTEE HAMILTON COUNTY","assetType":"Diabetes Drug Prescriptions","dataYear":"2018","assetId":"917749","subcategory":"Health","detail":"https://classic.savi.org/SAVI/PopUps/AssetMoreInfo.aspx?AssetID=917749"}},{"type":"Feature","geometry":{"type":"Point","coordinates":[-85.60301518,39.81597274]},"properties":{"name":"JACKSON TOWNSHIP TRUSTEE HANCOCK COUNTY","assetType":"Diabetes Drug Prescriptions","dataYear":"2018","assetId":"917915","subcategory":"Health","detail":"https://classic.savi.org/SAVI/PopUps/AssetMoreInfo.aspx?AssetID=917915"}},{"type":"Feature","geometry":{"type":"Point","coordinates":[-85.8346258,40.13784922]},"properties":{"name":"JACKSON TOWNSHIP TRUSTEE MADISON COUNTY","assetType":"Diabetes Drug Prescriptions","dataYear":"2018","assetId":"920370","subcategory":"Health","detail":"https://classic.savi.org/SAVI/PopUps/AssetMoreInfo.aspx?AssetID=920370"}},{"type":"Feature","geometry":{"type":"Point","coordinates":[-86.31296642,39.35202934]},"properties":{"name":"JACKSON TOWNSHIP TRUSTEE MORGAN COUNTY","assetType":"Diabetes Drug Prescriptions","dataYear":"2018","assetId":"917709","subcategory":"Health","detail":"https://classic.savi.org/SAVI/PopUps/AssetMoreInfo.aspx?AssetID=917709"}},{"type":"Feature","geometry":{"type":"Point","coordinates":[-86.70608396,39.81985034]},"properties":{"name":"JACKSON TOWNSHIP TRUSTEE PUTNAM COUNTY","assetType":"Diabetes Drug Prescriptions","dataYear":"2018","assetId":"920913","subcategory":"Health","detail":"https://classic.savi.org/SAVI/PopUps/AssetMoreInfo.aspx?AssetID=920913"}},{"type":"Feature","geometry":{"type":"Point","coordinates":[-86.62433374,40.02434205]},"properties":{"name":"JEFFERSON TOWNSHIP TRUSTEE BOONE COUNTY","assetType":"Diabetes Drug Prescriptions","dataYear":"2018","assetId":"917547","subcategory":"Health","detail":"https://classic.savi.org/SAVI/PopUps/AssetMoreInfo.aspx?AssetID=917547"}},{"type":"Feature","geometry":{"type":"Point","coordinates":[-86.49324278,39.41198592]},"properties":{"name":"JEFFERSON TOWNSHIP TRUSTEE MORGAN COUNTY","assetType":"Diabetes Drug Prescriptions","dataYear":"2018","assetId":"917541","subcategory":"Health","detail":"https://classic.savi.org/SAVI/PopUps/AssetMoreInfo.aspx?AssetID=917541"}},{"type":"Feature","geometry":{"type":"Point","coordinates":[-86.70185497,39.57054813]},"properties":{"name":"JEFFERSON TOWNSHIP TRUSTEE PUTNAM COUNTY","assetType":"Diabetes Drug Prescriptions","dataYear":"2018","assetId":"921080","subcategory":"Health","detail":"https://classic.savi.org/SAVI/PopUps/AssetMoreInfo.aspx?AssetID=921080"}},{"type":"Feature","geometry":{"type":"Point","coordinates":[-86.525004,39.61456226]},"properties":{"name":"LIBERTY TOWNSHIP TRUSTEE HENDRICKS COUNTY","assetType":"Diabetes Drug Prescriptions","dataYear":"2018","assetId":"921947","subcategory":"Health","detail":"https://classic.savi.org/SAVI/PopUps/AssetMoreInfo.aspx?AssetID=921947"}},{"type":"Feature","geometry":{"type":"Point","coordinates":[-85.63663898,39.48364154]},"properties":{"name":"LIBERTY TOWNSHIP TRUSTEE SHELBY COUNTY","assetType":"Diabetes Drug Prescriptions","dataYear":"2018","assetId":"922116","subcategory":"Health","detail":"https://classic.savi.org/SAVI/PopUps/AssetMoreInfo.aspx?AssetID=922116"}},{"type":"Feature","geometry":{"type":"Point","coordinates":[-86.39673959,39.84266459]},"properties":{"name":"LINCOLN TOWNSHIP TRUSTEE HENDRICKS COUNTY","assetType":"Diabetes Drug Prescriptions","dataYear":"2018","assetId":"922016","subcategory":"Health","detail":"https://classic.savi.org/SAVI/PopUps/AssetMoreInfo.aspx?AssetID=922016"}},{"type":"Feature","geometry":{"type":"Point","coordinates":[-86.29689292,39.61795335]},"properties":{"name":"MADISON TOWNSHIP TRUSTEE MORGAN COUNTY","assetType":"Diabetes Drug Prescriptions","dataYear":"2018","assetId":"921637","subcategory":"Health","detail":"https://classic.savi.org/SAVI/PopUps/AssetMoreInfo.aspx?AssetID=921637"}},{"type":"Feature","geometry":{"type":"Point","coordinates":[-86.99653205,39.67905323]},"properties":{"name":"MADISON TOWNSHIP TRUSTEE PUTNAM COUNTY","assetType":"Diabetes Drug Prescriptions","dataYear":"2018","assetId":"921101","subcategory":"Health","detail":"https://classic.savi.org/SAVI/PopUps/AssetMoreInfo.aspx?AssetID=921101"}},{"type":"Feature","geometry":{"type":"Point","coordinates":[-86.66406574,39.77589127]},"properties":{"name":"MARION TOWNSHIP TRUSTEE HENDRICKS COUNTY","assetType":"Diabetes Drug Prescriptions","dataYear":"2018","assetId":"920290","subcategory":"Health","detail":"https://classic.savi.org/SAVI/PopUps/AssetMoreInfo.aspx?AssetID=920290"}},{"type":"Feature","geometry":{"type":"Point","coordinates":[-86.79046198,39.65241794]},"properties":{"name":"MARION TOWNSHIP TRUSTEE PUTNAM COUNTY","assetType":"Diabetes Drug Prescriptions","dataYear":"2018","assetId":"920840","subcategory":"Health","detail":"https://classic.savi.org/SAVI/PopUps/AssetMoreInfo.aspx?AssetID=920840"}},{"type":"Feature","geometry":{"type":"Point","coordinates":[-85.77666802,39.56499556]},"properties":{"name":"MARION TOWNSHIP TRUSTEE SHELBY COUNTY","assetType":"Diabetes Drug Prescriptions","dataYear":"2018","assetId":"920266","subcategory":"Health","detail":"https://classic.savi.org/SAVI/PopUps/AssetMoreInfo.aspx?AssetID=920266"}},{"type":"Feature","geometry":{"type":"Point","coordinates":[-86.45852281,39.86146427]},"properties":{"name":"MIDDLE TOWNSHIP TRUSTEE HENDRICKS COUNTY","assetType":"Diabetes Drug Prescriptions","dataYear":"2018","assetId":"919464","subcategory":"Health","detail":"https://classic.savi.org/SAVI/PopUps/AssetMoreInfo.aspx?AssetID=919464"}},{"type":"Feature","geometry":{"type":"Point","coordinates":[-85.67605191,40.26192931]},"properties":{"name":"MONROE TOWNSHIP TRUSTEE MADISON COUNTY","assetType":"Diabetes Drug Prescriptions","dataYear":"2018","assetId":"920360","subcategory":"Health","detail":"https://classic.savi.org/SAVI/PopUps/AssetMoreInfo.aspx?AssetID=920360"}},{"type":"Feature","geometry":{"type":"Point","coordinates":[-86.54167184,39.57131861]},"properties":{"name":"MONROE TOWNSHIP TRUSTEE MORGAN COUNTY","assetType":"Diabetes Drug Prescriptions","dataYear":"2018","assetId":"919364","subcategory":"Health","detail":"https://classic.savi.org/SAVI/PopUps/AssetMoreInfo.aspx?AssetID=919364"}},{"type":"Feature","geometry":{"type":"Point","coordinates":[-85.63126795,39.43076653]},"properties":{"name":"NOBLE TOWNSHIP TRUSTEE SHELBY COUNTY","assetType":"Diabetes Drug Prescriptions","dataYear":"2018","assetId":"918094","subcategory":"Health","detail":"https://classic.savi.org/SAVI/PopUps/AssetMoreInfo.aspx?AssetID=918094"}},{"type":"Feature","geometry":{"type":"Point","coordinates":[-86.0142319,40.04246142]},"properties":{"name":"NOBLESVILLE TOWNSHIP TRUSTEE HAMILTON COUNTY","assetType":"Diabetes Drug Prescriptions","dataYear":"2018","assetId":"918266","subcategory":"Health","detail":"https://classic.savi.org/SAVI/PopUps/AssetMoreInfo.aspx?AssetID=918266"}},{"type":"Feature","geometry":{"type":"Point","coordinates":[-86.13853386,39.69444995]},"properties":{"name":"PERRY TOWNSHIP TRUSTEE MARION COUNTY","assetType":"Diabetes Drug Prescriptions","dataYear":"2018","assetId":"917928","subcategory":"Health","detail":"https://classic.savi.org/SAVI/PopUps/AssetMoreInfo.aspx?AssetID=917928"}},{"type":"Feature","geometry":{"type":"Point","coordinates":[-86.26238428,39.85453838]},"properties":{"name":"PIKE TOWNSHIP TRUSTEE MARION COUNTY","assetType":"Diabetes Drug Prescriptions","dataYear":"2018","assetId":"917800","subcategory":"Health","detail":"https://classic.savi.org/SAVI/PopUps/AssetMoreInfo.aspx?AssetID=917800"}},{"type":"Feature","geometry":{"type":"Point","coordinates":[-85.84206768,40.27559682]},"properties":{"name":"PIPE CREEK TOWNSHIP TRUSTEE MADISON COUNTY","assetType":"Diabetes Drug Prescriptions","dataYear":"2018","assetId":"920622","subcategory":"Health","detail":"https://classic.savi.org/SAVI/PopUps/AssetMoreInfo.aspx?AssetID=920622"}},{"type":"Feature","geometry":{"type":"Point","coordinates":[-85.60831539,40.18993185]},"properties":{"name":"RICHLAND TOWNSHIP TRUSTEE MADISON COUNTY","assetType":"Diabetes Drug Prescriptions","dataYear":"2018","assetId":"920558","subcategory":"Health","detail":"https://classic.savi.org/SAVI/PopUps/AssetMoreInfo.aspx?AssetID=920558"}},{"type":"Feature","geometry":{"type":"Point","coordinates":[-86.98121607,39.86149884]},"properties":{"name":"RUSSELL TOWNSHIP TRUSTEE PUTNAM COUNTY","assetType":"Diabetes Drug Prescriptions","dataYear":"2018","assetId":"921066","subcategory":"Health","detail":"https://classic.savi.org/SAVI/PopUps/AssetMoreInfo.aspx?AssetID=921066"}},{"type":"Feature","geometry":{"type":"Point","coordinates":[-85.73148601,39.45707656]},"properties":{"name":"SHELBY TOWNSHIP TRUSTEE SHELBY COUNTY","assetType":"Diabetes Drug Prescriptions","dataYear":"2018","assetId":"917612","subcategory":"Health","detail":"https://classic.savi.org/SAVI/PopUps/AssetMoreInfo.aspx?AssetID=917612"}},{"type":"Feature","geometry":{"type":"Point","coordinates":[-85.84831659,40.06845181]},"properties":{"name":"STONY CREEK TOWNSHIP TRUSTEE MADISON COUNTY","assetType":"Diabetes Drug Prescriptions","dataYear":"2018","assetId":"920349","subcategory":"Health","detail":"https://classic.savi.org/SAVI/PopUps/AssetMoreInfo.aspx?AssetID=920349"}},{"type":"Feature","geometry":{"type":"Point","coordinates":[-86.60970462,40.12974715]},"properties":{"name":"SUGAR CREEK TOWNSHIP TRUSTEE BOONE COUNTY","assetType":"Diabetes Drug Prescriptions","dataYear":"2018","assetId":"917438","subcategory":"Health","detail":"https://classic.savi.org/SAVI/PopUps/AssetMoreInfo.aspx?AssetID=917438"}},{"type":"Feature","geometry":{"type":"Point","coordinates":[-85.91319152,39.73389397]},"properties":{"name":"SUGAR CREEK TOWNSHIP TRUSTEE HANCOCK COUNTY","assetType":"Diabetes Drug Prescriptions","dataYear":"2018","assetId":"917372","subcategory":"Health","detail":"https://classic.savi.org/SAVI/PopUps/AssetMoreInfo.aspx?AssetID=917372"}},{"type":"Feature","geometry":{"type":"Point","coordinates":[-85.93068407,39.55049257]},"properties":{"name":"SUGAR CREEK TOWNSHIP TRUSTEE SHELBY COUNTY","assetType":"Diabetes Drug Prescriptions","dataYear":"2018","assetId":"917190","subcategory":"Health","detail":"https://classic.savi.org/SAVI/PopUps/AssetMoreInfo.aspx?AssetID=917190"}},{"type":"Feature","geometry":{"type":"Point","coordinates":[-86.54314085,39.88469476]},"properties":{"name":"UNION TOWNSHIP TRUSTEE HENDRICKS COUNTY","assetType":"Diabetes Drug Prescriptions","dataYear":"2018","assetId":"917004","subcategory":"Health","detail":"https://classic.savi.org/SAVI/PopUps/AssetMoreInfo.aspx?AssetID=917004"}},{"type":"Feature","geometry":{"type":"Point","coordinates":[-86.16447633,39.46193135]},"properties":{"name":"UNION TOWNSHIP TRUSTEE JOHNSON COUNTY","assetType":"Diabetes Drug Prescriptions","dataYear":"2018","assetId":"917049","subcategory":"Health","detail":"https://classic.savi.org/SAVI/PopUps/AssetMoreInfo.aspx?AssetID=917049"}},{"type":"Feature","geometry":{"type":"Point","coordinates":[-85.62176391,40.1209244]},"properties":{"name":"UNION TOWNSHIP TRUSTEE MADISON COUNTY","assetType":"Diabetes Drug Prescriptions","dataYear":"2018","assetId":"920342","subcategory":"Health","detail":"https://classic.savi.org/SAVI/PopUps/AssetMoreInfo.aspx?AssetID=920342"}},{"type":"Feature","geometry":{"type":"Point","coordinates":[-85.63724599,39.57183058]},"properties":{"name":"UNION TOWNSHIP TRUSTEE SHELBY COUNTY","assetType":"Diabetes Drug Prescriptions","dataYear":"2018","assetId":"917129","subcategory":"Health","detail":"https://classic.savi.org/SAVI/PopUps/AssetMoreInfo.aspx?AssetID=917129"}},{"type":"Feature","geometry":{"type":"Point","coordinates":[-86.14347708,39.12668447]},"properties":{"name":"VAN BUREN TOWNSHIP TRUSTEE BROWN COUNTY","assetType":"Diabetes Drug Prescriptions","dataYear":"2018","assetId":"917037","subcategory":"Health","detail":"https://classic.savi.org/SAVI/PopUps/AssetMoreInfo.aspx?AssetID=917037"}},{"type":"Feature","geometry":{"type":"Point","coordinates":[-85.74404601,39.66913659]},"properties":{"name":"VAN BUREN TOWNSHIP TRUSTEE SHELBY COUNTY","assetType":"Diabetes Drug Prescriptions","dataYear":"2018","assetId":"922663","subcategory":"Health","detail":"https://classic.savi.org/SAVI/PopUps/AssetMoreInfo.aspx?AssetID=922663"}},{"type":"Feature","geometry":{"type":"Point","coordinates":[-85.85646521,39.92796225]},"properties":{"name":"VERNON TOWNSHIP TRUSTEE HANCOCK COUNTY","assetType":"Diabetes Drug Prescriptions","dataYear":"2018","assetId":"922510","subcategory":"Health","detail":"https://classic.savi.org/SAVI/PopUps/AssetMoreInfo.aspx?AssetID=922510"}},{"type":"Feature","geometry":{"type":"Point","coordinates":[-86.81952471,39.59939565]},"properties":{"name":"WARREN TOWNSHIP TRUSTEE PUTNAM COUNTY","assetType":"Diabetes Drug Prescriptions","dataYear":"2018","assetId":"921060","subcategory":"Health","detail":"https://classic.savi.org/SAVI/PopUps/AssetMoreInfo.aspx?AssetID=921060"}},{"type":"Feature","geometry":{"type":"Point","coordinates":[-86.56342846,40.13318676]},"properties":{"name":"WASHINGTON TOWNSHIP TRUSTEE BOONE COUNTY","assetType":"Diabetes Drug Prescriptions","dataYear":"2018","assetId":"922828","subcategory":"Health","detail":"https://classic.savi.org/SAVI/PopUps/AssetMoreInfo.aspx?AssetID=922828"}},{"type":"Feature","geometry":{"type":"Point","coordinates":[-86.2437373,39.2064405]},"properties":{"name":"WASHINGTON TOWNSHIP TRUSTEE BROWN COUNTY","assetType":"Diabetes Drug Prescriptions","dataYear":"2018","assetId":"917027","subcategory":"Health","detail":"https://classic.savi.org/SAVI/PopUps/AssetMoreInfo.aspx?AssetID=917027"}},{"type":"Feature","geometry":{"type":"Point","coordinates":[-86.13001059,40.00532333]},"properties":{"name":"WASHINGTON TOWNSHIP TRUSTEE HAMILTON COUNTY","assetType":"Diabetes Drug Prescriptions","dataYear":"2018","assetId":"922825","subcategory":"Health","detail":"https://classic.savi.org/SAVI/PopUps/AssetMoreInfo.aspx?AssetID=922825"}},{"type":"Feature","geometry":{"type":"Point","coordinates":[-86.3866421,39.76133098]},"properties":{"name":"WASHINGTON TOWNSHIP TRUSTEE HENDRICKS COUNTY","assetType":"Diabetes Drug Prescriptions","dataYear":"2018","assetId":"922796","subcategory":"Health","detail":"https://classic.savi.org/SAVI/PopUps/AssetMoreInfo.aspx?AssetID=922796"}},{"type":"Feature","geometry":{"type":"Point","coordinates":[-86.43058849,39.42760589]},"properties":{"name":"WASHINGTON TOWNSHIP TRUSTEE MORGAN COUNTY","assetType":"Diabetes Drug Prescriptions","dataYear":"2018","assetId":"922786","subcategory":"Health","detail":"https://classic.savi.org/SAVI/PopUps/AssetMoreInfo.aspx?AssetID=922786"}},{"type":"Feature","geometry":{"type":"Point","coordinates":[-86.99324931,39.5106066]},"properties":{"name":"WASHINGTON TOWNSHIP TRUSTEE PUTNAM COUNTY","assetType":"Diabetes Drug Prescriptions","dataYear":"2018","assetId":"920775","subcategory":"Health","detail":"https://classic.savi.org/SAVI/PopUps/AssetMoreInfo.aspx?AssetID=920775"}},{"type":"Feature","geometry":{"type":"Point","coordinates":[-85.827034,39.40805555]},"properties":{"name":"WASHINGTON TOWNSHIP TRUSTEE SHELBY COUNTY","assetType":"Diabetes Drug Prescriptions","dataYear":"2018","assetId":"922762","subcategory":"Health","detail":"https://classic.savi.org/SAVI/PopUps/AssetMoreInfo.aspx?AssetID=922762"}},{"type":"Feature","geometry":{"type":"Point","coordinates":[-85.93821887,40.05050669]},"properties":{"name":"WAYNE TOWNSHIP TRUSTEE HAMILTON COUNTY","assetType":"Diabetes Drug Prescriptions","dataYear":"2018","assetId":"922753","subcategory":"Health","detail":"https://classic.savi.org/SAVI/PopUps/AssetMoreInfo.aspx?AssetID=922753"}},{"type":"Feature","geometry":{"type":"Point","coordinates":[-85.94058855,40.16133247]},"properties":{"name":"WHITE RIVER TOWNSHIP TRUSTEE HAMILTON COUNTY","assetType":"Diabetes Drug Prescriptions","dataYear":"2018","assetId":"922715","subcategory":"Health","detail":"https://classic.savi.org/SAVI/PopUps/AssetMoreInfo.aspx?AssetID=922715"}},{"type":"Feature","geometry":{"type":"Point","coordinates":[-86.19677766,39.57247862]},"properties":{"name":"WHITE RIVER TOWNSHIP TRUSTEE JOHNSON COUNTY","assetType":"Diabetes Drug Prescriptions","dataYear":"2018","assetId":"922701","subcategory":"Health","detail":"https://classic.savi.org/SAVI/PopUps/AssetMoreInfo.aspx?AssetID=922701"}},{"type":"Feature","geometry":{"type":"Point","coordinates":[-86.27492318,39.95141992]},"properties":{"name":"ZIONSVILLE PUBLIC ASSISTANCE OFFICE","assetType":"Diabetes Drug Prescriptions","dataYear":"2018","assetId":"921142","subcategory":"Health","detail":"https://classic.savi.org/SAVI/PopUps/AssetMoreInfo.aspx?AssetID=921142"}},{"type":"Feature","geometry":{"type":"Point","coordinates":[-86.08251203,39.65036172]},"properties":{"name":"Diabetes Center St Francis Hospital and Health Centers","assetType":"Diabetes Treatment","dataYear":"2007","assetId":"626008","subcategory":"Health","detail":"https://classic.savi.org/SAVI/PopUps/AssetMoreInfo.aspx?AssetID=626008"}},{"type":"Feature","geometry":{"type":"Point","coordinates":[-86.22042557,40.13693168]},"properties":{"name":"ADAMS TOWNSHIP TRUSTEE HAMILTON COUNTY","assetType":"Drug Prescriptions","dataYear":"2016","assetId":"852648","subcategory":"Health","detail":"https://classic.savi.org/SAVI/PopUps/AssetMoreInfo.aspx?AssetID=852648"}},{"type":"Feature","geometry":{"type":"Point","coordinates":[-86.22042557,40.13693168]},"properties":{"name":"ADAMS TOWNSHIP TRUSTEE HAMILTON COUNTY","assetType":"Drug Prescriptions","dataYear":"2016","assetId":"872300","subcategory":"Health","detail":"https://classic.savi.org/SAVI/PopUps/AssetMoreInfo.aspx?AssetID=872300"}},{"type":"Feature","geometry":{"type":"Point","coordinates":[-86.22042557,40.13693168]},"properties":{"name":"ADAMS TOWNSHIP TRUSTEE HAMILTON COUNTY","assetType":"Drug Prescriptions","dataYear":"2016","assetId":"841124","subcategory":"Health","detail":"https://classic.savi.org/SAVI/PopUps/AssetMoreInfo.aspx?AssetID=841124"}},{"type":"Feature","geometry":{"type":"Point","coordinates":[-85.65403932,39.9924786]},"properties":{"name":"ADAMS TOWNSHIP TRUSTEE MADISON COUNTY","assetType":"Drug Prescriptions","dataYear":"2016","assetId":"874079","subcategory":"Health","detail":"https://classic.savi.org/SAVI/PopUps/AssetMoreInfo.aspx?AssetID=874079"}},{"type":"Feature","geometry":{"type":"Point","coordinates":[-85.65403932,39.9924786]},"properties":{"name":"ADAMS TOWNSHIP TRUSTEE MADISON COUNTY","assetType":"Drug Prescriptions","dataYear":"2016","assetId":"843906","subcategory":"Health","detail":"https://classic.savi.org/SAVI/PopUps/AssetMoreInfo.aspx?AssetID=843906"}},{"type":"Feature","geometry":{"type":"Point","coordinates":[-85.65403932,39.9924786]},"properties":{"name":"ADAMS TOWNSHIP TRUSTEE MADISON COUNTY","assetType":"Drug Prescriptions","dataYear":"2016","assetId":"856025","subcategory":"Health","detail":"https://classic.savi.org/SAVI/PopUps/AssetMoreInfo.aspx?AssetID=856025"}},{"type":"Feature","geometry":{"type":"Point","coordinates":[-85.77440602,39.51964202]},"properties":{"name":"ADDISON TOWNSHIP TRUSTEE SHELBY COUNTY","assetType":"Drug Prescriptions","dataYear":"2016","assetId":"855950","subcategory":"Health","detail":"https://classic.savi.org/SAVI/PopUps/AssetMoreInfo.aspx?AssetID=855950"}},{"type":"Feature","geometry":{"type":"Point","coordinates":[-85.77440602,39.51964202]},"properties":{"name":"ADDISON TOWNSHIP TRUSTEE SHELBY COUNTY","assetType":"Drug Prescriptions","dataYear":"2016","assetId":"843923","subcategory":"Health","detail":"https://classic.savi.org/SAVI/PopUps/AssetMoreInfo.aspx?AssetID=843923"}},{"type":"Feature","geometry":{"type":"Point","coordinates":[-85.77440602,39.51964202]},"properties":{"name":"ADDISON TOWNSHIP TRUSTEE SHELBY COUNTY","assetType":"Drug Prescriptions","dataYear":"2016","assetId":"874004","subcategory":"Health","detail":"https://classic.savi.org/SAVI/PopUps/AssetMoreInfo.aspx?AssetID=874004"}},{"type":"Feature","geometry":{"type":"Point","coordinates":[-85.67697853,40.10193207]},"properties":{"name":"ANDERSON TOWNSHIP TRUSTEE MADISON COUNTY","assetType":"Drug Prescriptions","dataYear":"2016","assetId":"856018","subcategory":"Health","detail":"https://classic.savi.org/SAVI/PopUps/AssetMoreInfo.aspx?AssetID=856018"}},{"type":"Feature","geometry":{"type":"Point","coordinates":[-85.67697853,40.10193207]},"properties":{"name":"ANDERSON TOWNSHIP TRUSTEE MADISON COUNTY","assetType":"Drug Prescriptions","dataYear":"2016","assetId":"874072","subcategory":"Health","detail":"https://classic.savi.org/SAVI/PopUps/AssetMoreInfo.aspx?AssetID=874072"}},{"type":"Feature","geometry":{"type":"Point","coordinates":[-85.67697853,40.10193207]},"properties":{"name":"ANDERSON TOWNSHIP TRUSTEE MADISON COUNTY","assetType":"Drug Prescriptions","dataYear":"2016","assetId":"843892","subcategory":"Health","detail":"https://classic.savi.org/SAVI/PopUps/AssetMoreInfo.aspx?AssetID=843892"}},{"type":"Feature","geometry":{"type":"Point","coordinates":[-86.59014845,39.4659419]},"properties":{"name":"ASHLAND TOWNSHIP TRUSTEE MORGAN COUNTY","assetType":"Drug Prescriptions","dataYear":"2016","assetId":"840592","subcategory":"Health","detail":"https://classic.savi.org/SAVI/PopUps/AssetMoreInfo.aspx?AssetID=840592"}},{"type":"Feature","geometry":{"type":"Point","coordinates":[-86.59014845,39.4659419]},"properties":{"name":"ASHLAND TOWNSHIP TRUSTEE MORGAN COUNTY","assetType":"Drug Prescriptions","dataYear":"2016","assetId":"870050","subcategory":"Health","detail":"https://classic.savi.org/SAVI/PopUps/AssetMoreInfo.aspx?AssetID=870050"}},{"type":"Feature","geometry":{"type":"Point","coordinates":[-86.59014845,39.4659419]},"properties":{"name":"ASHLAND TOWNSHIP TRUSTEE MORGAN COUNTY","assetType":"Drug Prescriptions","dataYear":"2016","assetId":"852295","subcategory":"Health","detail":"https://classic.savi.org/SAVI/PopUps/AssetMoreInfo.aspx?AssetID=852295"}},{"type":"Feature","geometry":{"type":"Point","coordinates":[-85.6769234,39.77189004]},"properties":{"name":"BLUE RIVER TOWNSHIP TRUSTEE HANCOCK COUNTY","assetType":"Drug Prescriptions","dataYear":"2016","assetId":"876259","subcategory":"Health","detail":"https://classic.savi.org/SAVI/PopUps/AssetMoreInfo.aspx?AssetID=876259"}},{"type":"Feature","geometry":{"type":"Point","coordinates":[-85.6769234,39.77189004]},"properties":{"name":"BLUE RIVER TOWNSHIP TRUSTEE HANCOCK COUNTY","assetType":"Drug Prescriptions","dataYear":"2016","assetId":"858331","subcategory":"Health","detail":"https://classic.savi.org/SAVI/PopUps/AssetMoreInfo.aspx?AssetID=858331"}},{"type":"Feature","geometry":{"type":"Point","coordinates":[-85.6769234,39.77189004]},"properties":{"name":"BLUE RIVER TOWNSHIP TRUSTEE HANCOCK COUNTY","assetType":"Drug Prescriptions","dataYear":"2016","assetId":"843123","subcategory":"Health","detail":"https://classic.savi.org/SAVI/PopUps/AssetMoreInfo.aspx?AssetID=843123"}},{"type":"Feature","geometry":{"type":"Point","coordinates":[-85.96556953,39.35354537]},"properties":{"name":"BLUE RIVER TOWNSHIP TRUSTEE JOHNSON COUNTY","assetType":"Drug Prescriptions","dataYear":"2016","assetId":"875858","subcategory":"Health","detail":"https://classic.savi.org/SAVI/PopUps/AssetMoreInfo.aspx?AssetID=875858"}},{"type":"Feature","geometry":{"type":"Point","coordinates":[-85.96556953,39.35354537]},"properties":{"name":"BLUE RIVER TOWNSHIP TRUSTEE JOHNSON COUNTY","assetType":"Drug Prescriptions","dataYear":"2016","assetId":"857930","subcategory":"Health","detail":"https://classic.savi.org/SAVI/PopUps/AssetMoreInfo.aspx?AssetID=857930"}},{"type":"Feature","geometry":{"type":"Point","coordinates":[-85.96556953,39.35354537]},"properties":{"name":"BLUE RIVER TOWNSHIP TRUSTEE JOHNSON COUNTY","assetType":"Drug Prescriptions","dataYear":"2016","assetId":"844865","subcategory":"Health","detail":"https://classic.savi.org/SAVI/PopUps/AssetMoreInfo.aspx?AssetID=844865"}},{"type":"Feature","geometry":{"type":"Point","coordinates":[-85.74290426,40.3756724]},"properties":{"name":"BOONE TOWNSHIP TRUSTEE MADISON COUNTY","assetType":"Drug Prescriptions","dataYear":"2016","assetId":"855936","subcategory":"Health","detail":"https://classic.savi.org/SAVI/PopUps/AssetMoreInfo.aspx?AssetID=855936"}},{"type":"Feature","geometry":{"type":"Point","coordinates":[-85.74290426,40.3756724]},"properties":{"name":"BOONE TOWNSHIP TRUSTEE MADISON COUNTY","assetType":"Drug Prescriptions","dataYear":"2016","assetId":"873990","subcategory":"Health","detail":"https://classic.savi.org/SAVI/PopUps/AssetMoreInfo.aspx?AssetID=873990"}},{"type":"Feature","geometry":{"type":"Point","coordinates":[-85.74290426,40.3756724]},"properties":{"name":"BOONE TOWNSHIP TRUSTEE MADISON COUNTY","assetType":"Drug Prescriptions","dataYear":"2016","assetId":"843877","subcategory":"Health","detail":"https://classic.savi.org/SAVI/PopUps/AssetMoreInfo.aspx?AssetID=843877"}},{"type":"Feature","geometry":{"type":"Point","coordinates":[-86.39344072,39.90870295]},"properties":{"name":"BROWN TOWNSHIP TRUSTEE HENDRICKS COUNTY","assetType":"Drug Prescriptions","dataYear":"2016","assetId":"852242","subcategory":"Health","detail":"https://classic.savi.org/SAVI/PopUps/AssetMoreInfo.aspx?AssetID=852242"}},{"type":"Feature","geometry":{"type":"Point","coordinates":[-86.39344072,39.90870295]},"properties":{"name":"BROWN TOWNSHIP TRUSTEE HENDRICKS COUNTY","assetType":"Drug Prescriptions","dataYear":"2016","assetId":"840747","subcategory":"Health","detail":"https://classic.savi.org/SAVI/PopUps/AssetMoreInfo.aspx?AssetID=840747"}},{"type":"Feature","geometry":{"type":"Point","coordinates":[-86.39344072,39.90870295]},"properties":{"name":"BROWN TOWNSHIP TRUSTEE HENDRICKS COUNTY","assetType":"Drug Prescriptions","dataYear":"2016","assetId":"869997","subcategory":"Health","detail":"https://classic.savi.org/SAVI/PopUps/AssetMoreInfo.aspx?AssetID=869997"}},{"type":"Feature","geometry":{"type":"Point","coordinates":[-86.36192369,39.61957477]},"properties":{"name":"BROWN TOWNSHIP TRUSTEE MORGAN COUNTY","assetType":"Drug Prescriptions","dataYear":"2016","assetId":"840778","subcategory":"Health","detail":"https://classic.savi.org/SAVI/PopUps/AssetMoreInfo.aspx?AssetID=840778"}},{"type":"Feature","geometry":{"type":"Point","coordinates":[-86.36192369,39.61957477]},"properties":{"name":"BROWN TOWNSHIP TRUSTEE MORGAN COUNTY","assetType":"Drug Prescriptions","dataYear":"2016","assetId":"852261","subcategory":"Health","detail":"https://classic.savi.org/SAVI/PopUps/AssetMoreInfo.aspx?AssetID=852261"}},{"type":"Feature","geometry":{"type":"Point","coordinates":[-86.36192369,39.61957477]},"properties":{"name":"BROWN TOWNSHIP TRUSTEE MORGAN COUNTY","assetType":"Drug Prescriptions","dataYear":"2016","assetId":"870016","subcategory":"Health","detail":"https://classic.savi.org/SAVI/PopUps/AssetMoreInfo.aspx?AssetID=870016"}},{"type":"Feature","geometry":{"type":"Point","coordinates":[-85.90476499,39.84593559]},"properties":{"name":"BUCK CREEK TOWNSHIP TRUSTEE HANCOCK COUNTY","assetType":"Drug Prescriptions","dataYear":"2016","assetId":"871875","subcategory":"Health","detail":"https://classic.savi.org/SAVI/PopUps/AssetMoreInfo.aspx?AssetID=871875"}},{"type":"Feature","geometry":{"type":"Point","coordinates":[-85.90476499,39.84593559]},"properties":{"name":"BUCK CREEK TOWNSHIP TRUSTEE HANCOCK COUNTY","assetType":"Drug Prescriptions","dataYear":"2016","assetId":"853776","subcategory":"Health","detail":"https://classic.savi.org/SAVI/PopUps/AssetMoreInfo.aspx?AssetID=853776"}},{"type":"Feature","geometry":{"type":"Point","coordinates":[-85.90476499,39.84593559]},"properties":{"name":"BUCK CREEK TOWNSHIP TRUSTEE HANCOCK COUNTY","assetType":"Drug Prescriptions","dataYear":"2016","assetId":"840496","subcategory":"Health","detail":"https://classic.savi.org/SAVI/PopUps/AssetMoreInfo.aspx?AssetID=840496"}},{"type":"Feature","geometry":{"type":"Point","coordinates":[-86.47083119,40.05655853]},"properties":{"name":"CENTER TOWNSHIP TRUSTEE BOONE COUNTY","assetType":"Drug Prescriptions","dataYear":"2016","assetId":"875937","subcategory":"Health","detail":"https://classic.savi.org/SAVI/PopUps/AssetMoreInfo.aspx?AssetID=875937"}},{"type":"Feature","geometry":{"type":"Point","coordinates":[-86.47083119,40.05655853]},"properties":{"name":"CENTER TOWNSHIP TRUSTEE BOONE COUNTY","assetType":"Drug Prescriptions","dataYear":"2016","assetId":"858009","subcategory":"Health","detail":"https://classic.savi.org/SAVI/PopUps/AssetMoreInfo.aspx?AssetID=858009"}},{"type":"Feature","geometry":{"type":"Point","coordinates":[-86.47083119,40.05655853]},"properties":{"name":"CENTER TOWNSHIP TRUSTEE BOONE COUNTY","assetType":"Drug Prescriptions","dataYear":"2016","assetId":"844901","subcategory":"Health","detail":"https://classic.savi.org/SAVI/PopUps/AssetMoreInfo.aspx?AssetID=844901"}},{"type":"Feature","geometry":{"type":"Point","coordinates":[-85.77210111,39.80355328]},"properties":{"name":"CENTER TOWNSHIP TRUSTEE HANCOCK COUNTY","assetType":"Drug Prescriptions","dataYear":"2016","assetId":"844880","subcategory":"Health","detail":"https://classic.savi.org/SAVI/PopUps/AssetMoreInfo.aspx?AssetID=844880"}},{"type":"Feature","geometry":{"type":"Point","coordinates":[-85.77210111,39.80355328]},"properties":{"name":"CENTER TOWNSHIP TRUSTEE HANCOCK COUNTY","assetType":"Drug Prescriptions","dataYear":"2016","assetId":"875924","subcategory":"Health","detail":"https://classic.savi.org/SAVI/PopUps/AssetMoreInfo.aspx?AssetID=875924"}},{"type":"Feature","geometry":{"type":"Point","coordinates":[-85.77210111,39.80355328]},"properties":{"name":"CENTER TOWNSHIP TRUSTEE HANCOCK COUNTY","assetType":"Drug Prescriptions","dataYear":"2016","assetId":"857996","subcategory":"Health","detail":"https://classic.savi.org/SAVI/PopUps/AssetMoreInfo.aspx?AssetID=857996"}},{"type":"Feature","geometry":{"type":"Point","coordinates":[-86.52377084,39.75972425]},"properties":{"name":"CENTER TOWNSHIP TRUSTEE HENDRICKS COUNTY","assetType":"Drug Prescriptions","dataYear":"2016","assetId":"875846","subcategory":"Health","detail":"https://classic.savi.org/SAVI/PopUps/AssetMoreInfo.aspx?AssetID=875846"}},{"type":"Feature","geometry":{"type":"Point","coordinates":[-86.52377084,39.75972425]},"properties":{"name":"CENTER TOWNSHIP TRUSTEE HENDRICKS COUNTY","assetType":"Drug Prescriptions","dataYear":"2016","assetId":"844837","subcategory":"Health","detail":"https://classic.savi.org/SAVI/PopUps/AssetMoreInfo.aspx?AssetID=844837"}},{"type":"Feature","geometry":{"type":"Point","coordinates":[-86.52377084,39.75972425]},"properties":{"name":"CENTER TOWNSHIP TRUSTEE HENDRICKS COUNTY","assetType":"Drug Prescriptions","dataYear":"2016","assetId":"857918","subcategory":"Health","detail":"https://classic.savi.org/SAVI/PopUps/AssetMoreInfo.aspx?AssetID=857918"}},{"type":"Feature","geometry":{"type":"Point","coordinates":[-86.14312572,39.77883526]},"properties":{"name":"CENTER TOWNSHIP TRUSTEE MARION COUNTY","assetType":"Drug Prescriptions","dataYear":"2016","assetId":"844825","subcategory":"Health","detail":"https://classic.savi.org/SAVI/PopUps/AssetMoreInfo.aspx?AssetID=844825"}},{"type":"Feature","geometry":{"type":"Point","coordinates":[-86.14312572,39.77883526]},"properties":{"name":"CENTER TOWNSHIP TRUSTEE MARION COUNTY","assetType":"Drug Prescriptions","dataYear":"2016","assetId":"857912","subcategory":"Health","detail":"https://classic.savi.org/SAVI/PopUps/AssetMoreInfo.aspx?AssetID=857912"}},{"type":"Feature","geometry":{"type":"Point","coordinates":[-86.14312572,39.77883526]},"properties":{"name":"CENTER TOWNSHIP TRUSTEE MARION COUNTY","assetType":"Drug Prescriptions","dataYear":"2016","assetId":"875840","subcategory":"Health","detail":"https://classic.savi.org/SAVI/PopUps/AssetMoreInfo.aspx?AssetID=875840"}},{"type":"Feature","geometry":{"type":"Point","coordinates":[-85.98146269,39.6109096]},"properties":{"name":"CLARK TOWNSHIP TRUSTEE JOHNSON COUNTY","assetType":"Drug Prescriptions","dataYear":"2016","assetId":"857280","subcategory":"Health","detail":"https://classic.savi.org/SAVI/PopUps/AssetMoreInfo.aspx?AssetID=857280"}},{"type":"Feature","geometry":{"type":"Point","coordinates":[-85.98146269,39.6109096]},"properties":{"name":"CLARK TOWNSHIP TRUSTEE JOHNSON COUNTY","assetType":"Drug Prescriptions","dataYear":"2016","assetId":"875208","subcategory":"Health","detail":"https://classic.savi.org/SAVI/PopUps/AssetMoreInfo.aspx?AssetID=875208"}},{"type":"Feature","geometry":{"type":"Point","coordinates":[-85.98146269,39.6109096]},"properties":{"name":"CLARK TOWNSHIP TRUSTEE JOHNSON COUNTY","assetType":"Drug Prescriptions","dataYear":"2016","assetId":"844402","subcategory":"Health","detail":"https://classic.savi.org/SAVI/PopUps/AssetMoreInfo.aspx?AssetID=844402"}},{"type":"Feature","geometry":{"type":"Point","coordinates":[-86.14561063,39.94342744]},"properties":{"name":"CLAY TOWNSHIP TRUSTEE HAMILTON COUNTY","assetType":"Drug Prescriptions","dataYear":"2016","assetId":"857269","subcategory":"Health","detail":"https://classic.savi.org/SAVI/PopUps/AssetMoreInfo.aspx?AssetID=857269"}},{"type":"Feature","geometry":{"type":"Point","coordinates":[-86.14561063,39.94342744]},"properties":{"name":"CLAY TOWNSHIP TRUSTEE HAMILTON COUNTY","assetType":"Drug Prescriptions","dataYear":"2016","assetId":"875197","subcategory":"Health","detail":"https://classic.savi.org/SAVI/PopUps/AssetMoreInfo.aspx?AssetID=875197"}},{"type":"Feature","geometry":{"type":"Point","coordinates":[-86.14561063,39.94342744]},"properties":{"name":"CLAY TOWNSHIP TRUSTEE HAMILTON COUNTY","assetType":"Drug Prescriptions","dataYear":"2016","assetId":"844315","subcategory":"Health","detail":"https://classic.savi.org/SAVI/PopUps/AssetMoreInfo.aspx?AssetID=844315"}},{"type":"Feature","geometry":{"type":"Point","coordinates":[-86.3590716,39.51286948]},"properties":{"name":"CLAY TOWNSHIP TRUSTEE MORGAN COUNTY","assetType":"Drug Prescriptions","dataYear":"2016","assetId":"842749","subcategory":"Health","detail":"https://classic.savi.org/SAVI/PopUps/AssetMoreInfo.aspx?AssetID=842749"}},{"type":"Feature","geometry":{"type":"Point","coordinates":[-86.3590716,39.51286948]},"properties":{"name":"CLAY TOWNSHIP TRUSTEE MORGAN COUNTY","assetType":"Drug Prescriptions","dataYear":"2016","assetId":"874993","subcategory":"Health","detail":"https://classic.savi.org/SAVI/PopUps/AssetMoreInfo.aspx?AssetID=874993"}},{"type":"Feature","geometry":{"type":"Point","coordinates":[-86.3590716,39.51286948]},"properties":{"name":"CLAY TOWNSHIP TRUSTEE MORGAN COUNTY","assetType":"Drug Prescriptions","dataYear":"2016","assetId":"857065","subcategory":"Health","detail":"https://classic.savi.org/SAVI/PopUps/AssetMoreInfo.aspx?AssetID=857065"}},{"type":"Feature","geometry":{"type":"Point","coordinates":[-86.42273922,40.12256513]},"properties":{"name":"CLINTON TOWNSHIP TRUSTEE BOONE COUNTY","assetType":"Drug Prescriptions","dataYear":"2016","assetId":"857254","subcategory":"Health","detail":"https://classic.savi.org/SAVI/PopUps/AssetMoreInfo.aspx?AssetID=857254"}},{"type":"Feature","geometry":{"type":"Point","coordinates":[-86.42273922,40.12256513]},"properties":{"name":"CLINTON TOWNSHIP TRUSTEE BOONE COUNTY","assetType":"Drug Prescriptions","dataYear":"2016","assetId":"844307","subcategory":"Health","detail":"https://classic.savi.org/SAVI/PopUps/AssetMoreInfo.aspx?AssetID=844307"}},{"type":"Feature","geometry":{"type":"Point","coordinates":[-86.42273922,40.12256513]},"properties":{"name":"CLINTON TOWNSHIP TRUSTEE BOONE COUNTY","assetType":"Drug Prescriptions","dataYear":"2016","assetId":"875182","subcategory":"Health","detail":"https://classic.savi.org/SAVI/PopUps/AssetMoreInfo.aspx?AssetID=875182"}},{"type":"Feature","geometry":{"type":"Point","coordinates":[-86.95746678,39.73385122]},"properties":{"name":"CLINTON TOWNSHIP TRUSTEE PUTNAM COUNTY","assetType":"Drug Prescriptions","dataYear":"2016","assetId":"874603","subcategory":"Health","detail":"https://classic.savi.org/SAVI/PopUps/AssetMoreInfo.aspx?AssetID=874603"}},{"type":"Feature","geometry":{"type":"Point","coordinates":[-86.95746678,39.73385122]},"properties":{"name":"CLINTON TOWNSHIP TRUSTEE PUTNAM COUNTY","assetType":"Drug Prescriptions","dataYear":"2016","assetId":"842315","subcategory":"Health","detail":"https://classic.savi.org/SAVI/PopUps/AssetMoreInfo.aspx?AssetID=842315"}},{"type":"Feature","geometry":{"type":"Point","coordinates":[-86.95746678,39.73385122]},"properties":{"name":"CLINTON TOWNSHIP TRUSTEE PUTNAM COUNTY","assetType":"Drug Prescriptions","dataYear":"2016","assetId":"856583","subcategory":"Health","detail":"https://classic.savi.org/SAVI/PopUps/AssetMoreInfo.aspx?AssetID=856583"}},{"type":"Feature","geometry":{"type":"Point","coordinates":[-86.79272787,39.51346503]},"properties":{"name":"CLOVERDALE TOWNSHIP TRUSTEE PUTNAM COUNTY","assetType":"Drug Prescriptions","dataYear":"2016","assetId":"874397","subcategory":"Health","detail":"https://classic.savi.org/SAVI/PopUps/AssetMoreInfo.aspx?AssetID=874397"}},{"type":"Feature","geometry":{"type":"Point","coordinates":[-86.79272787,39.51346503]},"properties":{"name":"CLOVERDALE TOWNSHIP TRUSTEE PUTNAM COUNTY","assetType":"Drug Prescriptions","dataYear":"2016","assetId":"842470","subcategory":"Health","detail":"https://classic.savi.org/SAVI/PopUps/AssetMoreInfo.aspx?AssetID=842470"}},{"type":"Feature","geometry":{"type":"Point","coordinates":[-86.79272787,39.51346503]},"properties":{"name":"CLOVERDALE TOWNSHIP TRUSTEE PUTNAM COUNTY","assetType":"Drug Prescriptions","dataYear":"2016","assetId":"856377","subcategory":"Health","detail":"https://classic.savi.org/SAVI/PopUps/AssetMoreInfo.aspx?AssetID=856377"}},{"type":"Feature","geometry":{"type":"Point","coordinates":[-86.27004939,39.68567018]},"properties":{"name":"DECATUR TOWNSHIP TRUSTEE MARION COUNTY","assetType":"Drug Prescriptions","dataYear":"2016","assetId":"843552","subcategory":"Health","detail":"https://classic.savi.org/SAVI/PopUps/AssetMoreInfo.aspx?AssetID=843552"}},{"type":"Feature","geometry":{"type":"Point","coordinates":[-86.27004939,39.68567018]},"properties":{"name":"DECATUR TOWNSHIP TRUSTEE MARION COUNTY","assetType":"Drug Prescriptions","dataYear":"2016","assetId":"873336","subcategory":"Health","detail":"https://classic.savi.org/SAVI/PopUps/AssetMoreInfo.aspx?AssetID=873336"}},{"type":"Feature","geometry":{"type":"Point","coordinates":[-86.27004939,39.68567018]},"properties":{"name":"DECATUR TOWNSHIP TRUSTEE MARION COUNTY","assetType":"Drug Prescriptions","dataYear":"2016","assetId":"855263","subcategory":"Health","detail":"https://classic.savi.org/SAVI/PopUps/AssetMoreInfo.aspx?AssetID=855263"}},{"type":"Feature","geometry":{"type":"Point","coordinates":[-86.00935727,39.97910773]},"properties":{"name":"DELAWARE TOWNSHIP TRUSTEE HAMILTON COUNTY","assetType":"Drug Prescriptions","dataYear":"2016","assetId":"873155","subcategory":"Health","detail":"https://classic.savi.org/SAVI/PopUps/AssetMoreInfo.aspx?AssetID=873155"}},{"type":"Feature","geometry":{"type":"Point","coordinates":[-86.00935727,39.97910773]},"properties":{"name":"DELAWARE TOWNSHIP TRUSTEE HAMILTON COUNTY","assetType":"Drug Prescriptions","dataYear":"2016","assetId":"852893","subcategory":"Health","detail":"https://classic.savi.org/SAVI/PopUps/AssetMoreInfo.aspx?AssetID=852893"}},{"type":"Feature","geometry":{"type":"Point","coordinates":[-86.00935727,39.97910773]},"properties":{"name":"DELAWARE TOWNSHIP TRUSTEE HAMILTON COUNTY","assetType":"Drug Prescriptions","dataYear":"2016","assetId":"843537","subcategory":"Health","detail":"https://classic.savi.org/SAVI/PopUps/AssetMoreInfo.aspx?AssetID=843537"}},{"type":"Feature","geometry":{"type":"Point","coordinates":[-85.81359249,40.30679531]},"properties":{"name":"DUCK CREEK TOWNSHIP TRUSTEE MADISON COUNTY","assetType":"Drug Prescriptions","dataYear":"2016","assetId":"873982","subcategory":"Health","detail":"https://classic.savi.org/SAVI/PopUps/AssetMoreInfo.aspx?AssetID=873982"}},{"type":"Feature","geometry":{"type":"Point","coordinates":[-85.81359249,40.30679531]},"properties":{"name":"DUCK CREEK TOWNSHIP TRUSTEE MADISON COUNTY","assetType":"Drug Prescriptions","dataYear":"2016","assetId":"842142","subcategory":"Health","detail":"https://classic.savi.org/SAVI/PopUps/AssetMoreInfo.aspx?AssetID=842142"}},{"type":"Feature","geometry":{"type":"Point","coordinates":[-85.81359249,40.30679531]},"properties":{"name":"DUCK CREEK TOWNSHIP TRUSTEE MADISON COUNTY","assetType":"Drug Prescriptions","dataYear":"2016","assetId":"855928","subcategory":"Health","detail":"https://classic.savi.org/SAVI/PopUps/AssetMoreInfo.aspx?AssetID=855928"}},{"type":"Feature","geometry":{"type":"Point","coordinates":[-86.6091743,39.85578365]},"properties":{"name":"EEL RIVER TOWNSHIP TRUSTEE HENDRICKS COUNTY","assetType":"Drug Prescriptions","dataYear":"2016","assetId":"855013","subcategory":"Health","detail":"https://classic.savi.org/SAVI/PopUps/AssetMoreInfo.aspx?AssetID=855013"}},{"type":"Feature","geometry":{"type":"Point","coordinates":[-86.6091743,39.85578365]},"properties":{"name":"EEL RIVER TOWNSHIP TRUSTEE HENDRICKS COUNTY","assetType":"Drug Prescriptions","dataYear":"2016","assetId":"873082","subcategory":"Health","detail":"https://classic.savi.org/SAVI/PopUps/AssetMoreInfo.aspx?AssetID=873082"}},{"type":"Feature","geometry":{"type":"Point","coordinates":[-86.64418604,39.86123396]},"properties":{"name":"EEL RIVER TOWNSHIP TRUSTEE HENDRICKS COUNTY","assetType":"Drug Prescriptions","dataYear":"2016","assetId":"841804","subcategory":"Health","detail":"https://classic.savi.org/SAVI/PopUps/AssetMoreInfo.aspx?AssetID=841804"}},{"type":"Feature","geometry":{"type":"Point","coordinates":[-85.94277051,39.95732334]},"properties":{"name":"FALL CREEK TOWNSHIP TRUSTEE HAMILTON COUNTY","assetType":"Drug Prescriptions","dataYear":"2016","assetId":"854924","subcategory":"Health","detail":"https://classic.savi.org/SAVI/PopUps/AssetMoreInfo.aspx?AssetID=854924"}},{"type":"Feature","geometry":{"type":"Point","coordinates":[-85.94277051,39.95732334]},"properties":{"name":"FALL CREEK TOWNSHIP TRUSTEE HAMILTON COUNTY","assetType":"Drug Prescriptions","dataYear":"2016","assetId":"870574","subcategory":"Health","detail":"https://classic.savi.org/SAVI/PopUps/AssetMoreInfo.aspx?AssetID=870574"}},{"type":"Feature","geometry":{"type":"Point","coordinates":[-85.94277051,39.95732334]},"properties":{"name":"FALL CREEK TOWNSHIP TRUSTEE HAMILTON COUNTY","assetType":"Drug Prescriptions","dataYear":"2016","assetId":"841780","subcategory":"Health","detail":"https://classic.savi.org/SAVI/PopUps/AssetMoreInfo.aspx?AssetID=841780"}},{"type":"Feature","geometry":{"type":"Point","coordinates":[-85.74534732,40.00232838]},"properties":{"name":"FALL CREEK TOWNSHIP TRUSTEE MADISON COUNTY","assetType":"Drug Prescriptions","dataYear":"2016","assetId":"874064","subcategory":"Health","detail":"https://classic.savi.org/SAVI/PopUps/AssetMoreInfo.aspx?AssetID=874064"}},{"type":"Feature","geometry":{"type":"Point","coordinates":[-85.74534732,40.00232838]},"properties":{"name":"FALL CREEK TOWNSHIP TRUSTEE MADISON COUNTY","assetType":"Drug Prescriptions","dataYear":"2016","assetId":"842104","subcategory":"Health","detail":"https://classic.savi.org/SAVI/PopUps/AssetMoreInfo.aspx?AssetID=842104"}},{"type":"Feature","geometry":{"type":"Point","coordinates":[-85.74534732,40.00232838]},"properties":{"name":"FALL CREEK TOWNSHIP TRUSTEE MADISON COUNTY","assetType":"Drug Prescriptions","dataYear":"2016","assetId":"856010","subcategory":"Health","detail":"https://classic.savi.org/SAVI/PopUps/AssetMoreInfo.aspx?AssetID=856010"}},{"type":"Feature","geometry":{"type":"Point","coordinates":[-86.74850903,39.76136471]},"properties":{"name":"FLOYD TOWNSHIP TRUSTEE PUTNAM COUNTY","assetType":"Drug Prescriptions","dataYear":"2016","assetId":"842455","subcategory":"Health","detail":"https://classic.savi.org/SAVI/PopUps/AssetMoreInfo.aspx?AssetID=842455"}},{"type":"Feature","geometry":{"type":"Point","coordinates":[-86.74850903,39.76136471]},"properties":{"name":"FLOYD TOWNSHIP TRUSTEE PUTNAM COUNTY","assetType":"Drug Prescriptions","dataYear":"2016","assetId":"874389","subcategory":"Health","detail":"https://classic.savi.org/SAVI/PopUps/AssetMoreInfo.aspx?AssetID=874389"}},{"type":"Feature","geometry":{"type":"Point","coordinates":[-86.74850903,39.76136471]},"properties":{"name":"FLOYD TOWNSHIP TRUSTEE PUTNAM COUNTY","assetType":"Drug Prescriptions","dataYear":"2016","assetId":"856369","subcategory":"Health","detail":"https://classic.savi.org/SAVI/PopUps/AssetMoreInfo.aspx?AssetID=856369"}},{"type":"Feature","geometry":{"type":"Point","coordinates":[-86.59335554,39.63093625]},"properties":{"name":"FRANKLIN TOWNSHIP TRUSTEE HENDRICKS COUNTY","assetType":"Drug Prescriptions","dataYear":"2016","assetId":"854616","subcategory":"Health","detail":"https://classic.savi.org/SAVI/PopUps/AssetMoreInfo.aspx?AssetID=854616"}},{"type":"Feature","geometry":{"type":"Point","coordinates":[-86.59335554,39.63093625]},"properties":{"name":"FRANKLIN TOWNSHIP TRUSTEE HENDRICKS COUNTY","assetType":"Drug Prescriptions","dataYear":"2016","assetId":"843206","subcategory":"Health","detail":"https://classic.savi.org/SAVI/PopUps/AssetMoreInfo.aspx?AssetID=843206"}},{"type":"Feature","geometry":{"type":"Point","coordinates":[-86.59335554,39.63093625]},"properties":{"name":"FRANKLIN TOWNSHIP TRUSTEE HENDRICKS COUNTY","assetType":"Drug Prescriptions","dataYear":"2016","assetId":"872827","subcategory":"Health","detail":"https://classic.savi.org/SAVI/PopUps/AssetMoreInfo.aspx?AssetID=872827"}},{"type":"Feature","geometry":{"type":"Point","coordinates":[-86.06344128,39.4933287]},"properties":{"name":"FRANKLIN TOWNSHIP TRUSTEE JOHNSON COUNTY","assetType":"Drug Prescriptions","dataYear":"2016","assetId":"852729","subcategory":"Health","detail":"https://classic.savi.org/SAVI/PopUps/AssetMoreInfo.aspx?AssetID=852729"}},{"type":"Feature","geometry":{"type":"Point","coordinates":[-86.06344128,39.4933287]},"properties":{"name":"FRANKLIN TOWNSHIP TRUSTEE JOHNSON COUNTY","assetType":"Drug Prescriptions","dataYear":"2016","assetId":"841584","subcategory":"Health","detail":"https://classic.savi.org/SAVI/PopUps/AssetMoreInfo.aspx?AssetID=841584"}},{"type":"Feature","geometry":{"type":"Point","coordinates":[-86.06344128,39.4933287]},"properties":{"name":"FRANKLIN TOWNSHIP TRUSTEE JOHNSON COUNTY","assetType":"Drug Prescriptions","dataYear":"2016","assetId":"870396","subcategory":"Health","detail":"https://classic.savi.org/SAVI/PopUps/AssetMoreInfo.aspx?AssetID=870396"}},{"type":"Feature","geometry":{"type":"Point","coordinates":[-86.06338817,39.6776027]},"properties":{"name":"FRANKLIN TOWNSHIP TRUSTEE MARION COUNTY","assetType":"Drug Prescriptions","dataYear":"2016","assetId":"870388","subcategory":"Health","detail":"https://classic.savi.org/SAVI/PopUps/AssetMoreInfo.aspx?AssetID=870388"}},{"type":"Feature","geometry":{"type":"Point","coordinates":[-86.06338817,39.6776027]},"properties":{"name":"FRANKLIN TOWNSHIP TRUSTEE MARION COUNTY","assetType":"Drug Prescriptions","dataYear":"2016","assetId":"843129","subcategory":"Health","detail":"https://classic.savi.org/SAVI/PopUps/AssetMoreInfo.aspx?AssetID=843129"}},{"type":"Feature","geometry":{"type":"Point","coordinates":[-86.06338817,39.6776027]},"properties":{"name":"FRANKLIN TOWNSHIP TRUSTEE MARION COUNTY","assetType":"Drug Prescriptions","dataYear":"2016","assetId":"852721","subcategory":"Health","detail":"https://classic.savi.org/SAVI/PopUps/AssetMoreInfo.aspx?AssetID=852721"}},{"type":"Feature","geometry":{"type":"Point","coordinates":[-86.85208873,39.78099689]},"properties":{"name":"FRANKLIN TOWNSHIP TRUSTEE PUTNAM COUNTY","assetType":"Drug Prescriptions","dataYear":"2016","assetId":"844284","subcategory":"Health","detail":"https://classic.savi.org/SAVI/PopUps/AssetMoreInfo.aspx?AssetID=844284"}},{"type":"Feature","geometry":{"type":"Point","coordinates":[-86.85208873,39.78099689]},"properties":{"name":"FRANKLIN TOWNSHIP TRUSTEE PUTNAM COUNTY","assetType":"Drug Prescriptions","dataYear":"2016","assetId":"874596","subcategory":"Health","detail":"https://classic.savi.org/SAVI/PopUps/AssetMoreInfo.aspx?AssetID=874596"}},{"type":"Feature","geometry":{"type":"Point","coordinates":[-86.85208873,39.78099689]},"properties":{"name":"FRANKLIN TOWNSHIP TRUSTEE PUTNAM COUNTY","assetType":"Drug Prescriptions","dataYear":"2016","assetId":"856576","subcategory":"Health","detail":"https://classic.savi.org/SAVI/PopUps/AssetMoreInfo.aspx?AssetID=856576"}},{"type":"Feature","geometry":{"type":"Point","coordinates":[-85.7056509,39.87256909]},"properties":{"name":"GREEN TOWNSHIP TRUSTEE HANCOCK COUNTY","assetType":"Drug Prescriptions","dataYear":"2016","assetId":"852637","subcategory":"Health","detail":"https://classic.savi.org/SAVI/PopUps/AssetMoreInfo.aspx?AssetID=852637"}},{"type":"Feature","geometry":{"type":"Point","coordinates":[-85.7056509,39.87256909]},"properties":{"name":"GREEN TOWNSHIP TRUSTEE HANCOCK COUNTY","assetType":"Drug Prescriptions","dataYear":"2016","assetId":"872289","subcategory":"Health","detail":"https://classic.savi.org/SAVI/PopUps/AssetMoreInfo.aspx?AssetID=872289"}},{"type":"Feature","geometry":{"type":"Point","coordinates":[-85.7056509,39.87256909]},"properties":{"name":"GREEN TOWNSHIP TRUSTEE HANCOCK COUNTY","assetType":"Drug Prescriptions","dataYear":"2016","assetId":"841462","subcategory":"Health","detail":"https://classic.savi.org/SAVI/PopUps/AssetMoreInfo.aspx?AssetID=841462"}},{"type":"Feature","geometry":{"type":"Point","coordinates":[-85.80616994,39.95697613]},"properties":{"name":"GREEN TOWNSHIP TRUSTEE MADISON COUNTY","assetType":"Drug Prescriptions","dataYear":"2016","assetId":"843864","subcategory":"Health","detail":"https://classic.savi.org/SAVI/PopUps/AssetMoreInfo.aspx?AssetID=843864"}},{"type":"Feature","geometry":{"type":"Point","coordinates":[-85.80616994,39.95697613]},"properties":{"name":"GREEN TOWNSHIP TRUSTEE MADISON COUNTY","assetType":"Drug Prescriptions","dataYear":"2016","assetId":"856002","subcategory":"Health","detail":"https://classic.savi.org/SAVI/PopUps/AssetMoreInfo.aspx?AssetID=856002"}},{"type":"Feature","geometry":{"type":"Point","coordinates":[-85.80616994,39.95697613]},"properties":{"name":"GREEN TOWNSHIP TRUSTEE MADISON COUNTY","assetType":"Drug Prescriptions","dataYear":"2016","assetId":"874056","subcategory":"Health","detail":"https://classic.savi.org/SAVI/PopUps/AssetMoreInfo.aspx?AssetID=874056"}},{"type":"Feature","geometry":{"type":"Point","coordinates":[-86.33769795,39.45086441]},"properties":{"name":"GREEN TOWNSHIP TRUSTEE MORGAN COUNTY","assetType":"Drug Prescriptions","dataYear":"2016","assetId":"841444","subcategory":"Health","detail":"https://classic.savi.org/SAVI/PopUps/AssetMoreInfo.aspx?AssetID=841444"}},{"type":"Feature","geometry":{"type":"Point","coordinates":[-86.33769795,39.45086441]},"properties":{"name":"GREEN TOWNSHIP TRUSTEE MORGAN COUNTY","assetType":"Drug Prescriptions","dataYear":"2016","assetId":"852626","subcategory":"Health","detail":"https://classic.savi.org/SAVI/PopUps/AssetMoreInfo.aspx?AssetID=852626"}},{"type":"Feature","geometry":{"type":"Point","coordinates":[-86.33769795,39.45086441]},"properties":{"name":"GREEN TOWNSHIP TRUSTEE MORGAN COUNTY","assetType":"Drug Prescriptions","dataYear":"2016","assetId":"872278","subcategory":"Health","detail":"https://classic.savi.org/SAVI/PopUps/AssetMoreInfo.aspx?AssetID=872278"}},{"type":"Feature","geometry":{"type":"Point","coordinates":[-86.85249569,39.63712852]},"properties":{"name":"GREENCASTLE TOWNSHIP TRUSTEE PUTNAM COUNTY","assetType":"Drug Prescriptions","dataYear":"2016","assetId":"874588","subcategory":"Health","detail":"https://classic.savi.org/SAVI/PopUps/AssetMoreInfo.aspx?AssetID=874588"}},{"type":"Feature","geometry":{"type":"Point","coordinates":[-86.85249569,39.63712852]},"properties":{"name":"GREENCASTLE TOWNSHIP TRUSTEE PUTNAM COUNTY","assetType":"Drug Prescriptions","dataYear":"2016","assetId":"844269","subcategory":"Health","detail":"https://classic.savi.org/SAVI/PopUps/AssetMoreInfo.aspx?AssetID=844269"}},{"type":"Feature","geometry":{"type":"Point","coordinates":[-86.85249569,39.63712852]},"properties":{"name":"GREENCASTLE TOWNSHIP TRUSTEE PUTNAM COUNTY","assetType":"Drug Prescriptions","dataYear":"2016","assetId":"856568","subcategory":"Health","detail":"https://classic.savi.org/SAVI/PopUps/AssetMoreInfo.aspx?AssetID=856568"}},{"type":"Feature","geometry":{"type":"Point","coordinates":[-86.39098661,39.68235859]},"properties":{"name":"GUILFORD TOWNSHIP TRUSTEE HENDRICKS COUNTY","assetType":"Drug Prescriptions","dataYear":"2016","assetId":"841407","subcategory":"Health","detail":"https://classic.savi.org/SAVI/PopUps/AssetMoreInfo.aspx?AssetID=841407"}},{"type":"Feature","geometry":{"type":"Point","coordinates":[-86.39098661,39.68235859]},"properties":{"name":"GUILFORD TOWNSHIP TRUSTEE HENDRICKS COUNTY","assetType":"Drug Prescriptions","dataYear":"2016","assetId":"854261","subcategory":"Health","detail":"https://classic.savi.org/SAVI/PopUps/AssetMoreInfo.aspx?AssetID=854261"}},{"type":"Feature","geometry":{"type":"Point","coordinates":[-86.39098661,39.68235859]},"properties":{"name":"GUILFORD TOWNSHIP TRUSTEE HENDRICKS COUNTY","assetType":"Drug Prescriptions","dataYear":"2016","assetId":"872448","subcategory":"Health","detail":"https://classic.savi.org/SAVI/PopUps/AssetMoreInfo.aspx?AssetID=872448"}},{"type":"Feature","geometry":{"type":"Point","coordinates":[-85.72112901,39.65079601]},"properties":{"name":"HANOVER TOWNSHIP TRUSTEE SHELBY COUNTY","assetType":"Drug Prescriptions","dataYear":"2016","assetId":"852587","subcategory":"Health","detail":"https://classic.savi.org/SAVI/PopUps/AssetMoreInfo.aspx?AssetID=852587"}},{"type":"Feature","geometry":{"type":"Point","coordinates":[-85.72112901,39.65079601]},"properties":{"name":"HANOVER TOWNSHIP TRUSTEE SHELBY COUNTY","assetType":"Drug Prescriptions","dataYear":"2016","assetId":"870336","subcategory":"Health","detail":"https://classic.savi.org/SAVI/PopUps/AssetMoreInfo.aspx?AssetID=870336"}},{"type":"Feature","geometry":{"type":"Point","coordinates":[-85.72112901,39.65079601]},"properties":{"name":"HANOVER TOWNSHIP TRUSTEE SHELBY COUNTY","assetType":"Drug Prescriptions","dataYear":"2016","assetId":"841211","subcategory":"Health","detail":"https://classic.savi.org/SAVI/PopUps/AssetMoreInfo.aspx?AssetID=841211"}},{"type":"Feature","geometry":{"type":"Point","coordinates":[-86.50821161,39.9644642]},"properties":{"name":"HARRISON TOWNSHIP TRUSTEE BOONE COUNTY","assetType":"Drug Prescriptions","dataYear":"2016","assetId":"841264","subcategory":"Health","detail":"https://classic.savi.org/SAVI/PopUps/AssetMoreInfo.aspx?AssetID=841264"}},{"type":"Feature","geometry":{"type":"Point","coordinates":[-86.50821161,39.9644642]},"properties":{"name":"HARRISON TOWNSHIP TRUSTEE BOONE COUNTY","assetType":"Drug Prescriptions","dataYear":"2016","assetId":"852550","subcategory":"Health","detail":"https://classic.savi.org/SAVI/PopUps/AssetMoreInfo.aspx?AssetID=852550"}},{"type":"Feature","geometry":{"type":"Point","coordinates":[-86.50821161,39.9644642]},"properties":{"name":"HARRISON TOWNSHIP TRUSTEE BOONE COUNTY","assetType":"Drug Prescriptions","dataYear":"2016","assetId":"870325","subcategory":"Health","detail":"https://classic.savi.org/SAVI/PopUps/AssetMoreInfo.aspx?AssetID=870325"}},{"type":"Feature","geometry":{"type":"Point","coordinates":[-86.25261537,39.55669564]},"properties":{"name":"HARRISON TOWNSHIP TRUSTEE MORGAN COUNTY","assetType":"Drug Prescriptions","dataYear":"2016","assetId":"841357","subcategory":"Health","detail":"https://classic.savi.org/SAVI/PopUps/AssetMoreInfo.aspx?AssetID=841357"}},{"type":"Feature","geometry":{"type":"Point","coordinates":[-86.25261537,39.55669564]},"properties":{"name":"HARRISON TOWNSHIP TRUSTEE MORGAN COUNTY","assetType":"Drug Prescriptions","dataYear":"2016","assetId":"870318","subcategory":"Health","detail":"https://classic.savi.org/SAVI/PopUps/AssetMoreInfo.aspx?AssetID=870318"}},{"type":"Feature","geometry":{"type":"Point","coordinates":[-86.25261537,39.55669564]},"properties":{"name":"HARRISON TOWNSHIP TRUSTEE MORGAN COUNTY","assetType":"Drug Prescriptions","dataYear":"2016","assetId":"852543","subcategory":"Health","detail":"https://classic.savi.org/SAVI/PopUps/AssetMoreInfo.aspx?AssetID=852543"}},{"type":"Feature","geometry":{"type":"Point","coordinates":[-85.93951001,39.43987302]},"properties":{"name":"HENDRICKS TOWNSHIP TRUSTEE SHELBY COUNTY","assetType":"Drug Prescriptions","dataYear":"2016","assetId":"841062","subcategory":"Health","detail":"https://classic.savi.org/SAVI/PopUps/AssetMoreInfo.aspx?AssetID=841062"}},{"type":"Feature","geometry":{"type":"Point","coordinates":[-85.93951001,39.43987302]},"properties":{"name":"HENDRICKS TOWNSHIP TRUSTEE SHELBY COUNTY","assetType":"Drug Prescriptions","dataYear":"2016","assetId":"872078","subcategory":"Health","detail":"https://classic.savi.org/SAVI/PopUps/AssetMoreInfo.aspx?AssetID=872078"}},{"type":"Feature","geometry":{"type":"Point","coordinates":[-85.93951001,39.43987302]},"properties":{"name":"HENDRICKS TOWNSHIP TRUSTEE SHELBY COUNTY","assetType":"Drug Prescriptions","dataYear":"2016","assetId":"853999","subcategory":"Health","detail":"https://classic.savi.org/SAVI/PopUps/AssetMoreInfo.aspx?AssetID=853999"}},{"type":"Feature","geometry":{"type":"Point","coordinates":[-86.18230398,39.38131195]},"properties":{"name":"HENSLEY TOWNSHIP TRUSTEE JOHNSON COUNTY","assetType":"Drug Prescriptions","dataYear":"2016","assetId":"853991","subcategory":"Health","detail":"https://classic.savi.org/SAVI/PopUps/AssetMoreInfo.aspx?AssetID=853991"}},{"type":"Feature","geometry":{"type":"Point","coordinates":[-86.18230398,39.38131195]},"properties":{"name":"HENSLEY TOWNSHIP TRUSTEE JOHNSON COUNTY","assetType":"Drug Prescriptions","dataYear":"2016","assetId":"872070","subcategory":"Health","detail":"https://classic.savi.org/SAVI/PopUps/AssetMoreInfo.aspx?AssetID=872070"}},{"type":"Feature","geometry":{"type":"Point","coordinates":[-86.18230398,39.38131195]},"properties":{"name":"HENSLEY TOWNSHIP TRUSTEE JOHNSON COUNTY","assetType":"Drug Prescriptions","dataYear":"2016","assetId":"840954","subcategory":"Health","detail":"https://classic.savi.org/SAVI/PopUps/AssetMoreInfo.aspx?AssetID=840954"}},{"type":"Feature","geometry":{"type":"Point","coordinates":[-86.58305766,39.99505655]},"properties":{"name":"JACKSON TOWNSHIP TRUSTEE BOONE COUNTY","assetType":"Drug Prescriptions","dataYear":"2016","assetId":"853693","subcategory":"Health","detail":"https://classic.savi.org/SAVI/PopUps/AssetMoreInfo.aspx?AssetID=853693"}},{"type":"Feature","geometry":{"type":"Point","coordinates":[-86.58305766,39.99505655]},"properties":{"name":"JACKSON TOWNSHIP TRUSTEE BOONE COUNTY","assetType":"Drug Prescriptions","dataYear":"2016","assetId":"871792","subcategory":"Health","detail":"https://classic.savi.org/SAVI/PopUps/AssetMoreInfo.aspx?AssetID=871792"}},{"type":"Feature","geometry":{"type":"Point","coordinates":[-86.58305766,39.99505655]},"properties":{"name":"JACKSON TOWNSHIP TRUSTEE BOONE COUNTY","assetType":"Drug Prescriptions","dataYear":"2016","assetId":"840526","subcategory":"Health","detail":"https://classic.savi.org/SAVI/PopUps/AssetMoreInfo.aspx?AssetID=840526"}},{"type":"Feature","geometry":{"type":"Point","coordinates":[-86.0282807,40.17625911]},"properties":{"name":"JACKSON TOWNSHIP TRUSTEE HAMILTON COUNTY","assetType":"Drug Prescriptions","dataYear":"2016","assetId":"870100","subcategory":"Health","detail":"https://classic.savi.org/SAVI/PopUps/AssetMoreInfo.aspx?AssetID=870100"}},{"type":"Feature","geometry":{"type":"Point","coordinates":[-86.0282807,40.17625911]},"properties":{"name":"JACKSON TOWNSHIP TRUSTEE HAMILTON COUNTY","assetType":"Drug Prescriptions","dataYear":"2016","assetId":"840410","subcategory":"Health","detail":"https://classic.savi.org/SAVI/PopUps/AssetMoreInfo.aspx?AssetID=840410"}},{"type":"Feature","geometry":{"type":"Point","coordinates":[-86.0282807,40.17625911]},"properties":{"name":"JACKSON TOWNSHIP TRUSTEE HAMILTON COUNTY","assetType":"Drug Prescriptions","dataYear":"2016","assetId":"852345","subcategory":"Health","detail":"https://classic.savi.org/SAVI/PopUps/AssetMoreInfo.aspx?AssetID=852345"}},{"type":"Feature","geometry":{"type":"Point","coordinates":[-85.60301019,39.81596514]},"properties":{"name":"JACKSON TOWNSHIP TRUSTEE HANCOCK COUNTY","assetType":"Drug Prescriptions","dataYear":"2016","assetId":"870091","subcategory":"Health","detail":"https://classic.savi.org/SAVI/PopUps/AssetMoreInfo.aspx?AssetID=870091"}},{"type":"Feature","geometry":{"type":"Point","coordinates":[-85.60301019,39.81596514]},"properties":{"name":"JACKSON TOWNSHIP TRUSTEE HANCOCK COUNTY","assetType":"Drug Prescriptions","dataYear":"2016","assetId":"840506","subcategory":"Health","detail":"https://classic.savi.org/SAVI/PopUps/AssetMoreInfo.aspx?AssetID=840506"}},{"type":"Feature","geometry":{"type":"Point","coordinates":[-85.60301019,39.81596514]},"properties":{"name":"JACKSON TOWNSHIP TRUSTEE HANCOCK COUNTY","assetType":"Drug Prescriptions","dataYear":"2016","assetId":"852336","subcategory":"Health","detail":"https://classic.savi.org/SAVI/PopUps/AssetMoreInfo.aspx?AssetID=852336"}},{"type":"Feature","geometry":{"type":"Point","coordinates":[-85.83462071,40.13784157]},"properties":{"name":"JACKSON TOWNSHIP TRUSTEE MADISON COUNTY","assetType":"Drug Prescriptions","dataYear":"2016","assetId":"843847","subcategory":"Health","detail":"https://classic.savi.org/SAVI/PopUps/AssetMoreInfo.aspx?AssetID=843847"}},{"type":"Feature","geometry":{"type":"Point","coordinates":[-85.83462071,40.13784157]},"properties":{"name":"JACKSON TOWNSHIP TRUSTEE MADISON COUNTY","assetType":"Drug Prescriptions","dataYear":"2016","assetId":"873974","subcategory":"Health","detail":"https://classic.savi.org/SAVI/PopUps/AssetMoreInfo.aspx?AssetID=873974"}},{"type":"Feature","geometry":{"type":"Point","coordinates":[-85.83462071,40.13784157]},"properties":{"name":"JACKSON TOWNSHIP TRUSTEE MADISON COUNTY","assetType":"Drug Prescriptions","dataYear":"2016","assetId":"855920","subcategory":"Health","detail":"https://classic.savi.org/SAVI/PopUps/AssetMoreInfo.aspx?AssetID=855920"}},{"type":"Feature","geometry":{"type":"Point","coordinates":[-86.31296127,39.35202184]},"properties":{"name":"JACKSON TOWNSHIP TRUSTEE MORGAN COUNTY","assetType":"Drug Prescriptions","dataYear":"2016","assetId":"852321","subcategory":"Health","detail":"https://classic.savi.org/SAVI/PopUps/AssetMoreInfo.aspx?AssetID=852321"}},{"type":"Feature","geometry":{"type":"Point","coordinates":[-86.31296127,39.35202184]},"properties":{"name":"JACKSON TOWNSHIP TRUSTEE MORGAN COUNTY","assetType":"Drug Prescriptions","dataYear":"2016","assetId":"840674","subcategory":"Health","detail":"https://classic.savi.org/SAVI/PopUps/AssetMoreInfo.aspx?AssetID=840674"}},{"type":"Feature","geometry":{"type":"Point","coordinates":[-86.31296127,39.35202184]},"properties":{"name":"JACKSON TOWNSHIP TRUSTEE MORGAN COUNTY","assetType":"Drug Prescriptions","dataYear":"2016","assetId":"870076","subcategory":"Health","detail":"https://classic.savi.org/SAVI/PopUps/AssetMoreInfo.aspx?AssetID=870076"}},{"type":"Feature","geometry":{"type":"Point","coordinates":[-86.75281237,39.79277813]},"properties":{"name":"JACKSON TOWNSHIP TRUSTEE PUTNAM COUNTY","assetType":"Drug Prescriptions","dataYear":"2016","assetId":"842441","subcategory":"Health","detail":"https://classic.savi.org/SAVI/PopUps/AssetMoreInfo.aspx?AssetID=842441"}},{"type":"Feature","geometry":{"type":"Point","coordinates":[-86.75281237,39.79277813]},"properties":{"name":"JACKSON TOWNSHIP TRUSTEE PUTNAM COUNTY","assetType":"Drug Prescriptions","dataYear":"2016","assetId":"856360","subcategory":"Health","detail":"https://classic.savi.org/SAVI/PopUps/AssetMoreInfo.aspx?AssetID=856360"}},{"type":"Feature","geometry":{"type":"Point","coordinates":[-86.75281237,39.79277813]},"properties":{"name":"JACKSON TOWNSHIP TRUSTEE PUTNAM COUNTY","assetType":"Drug Prescriptions","dataYear":"2016","assetId":"874380","subcategory":"Health","detail":"https://classic.savi.org/SAVI/PopUps/AssetMoreInfo.aspx?AssetID=874380"}},{"type":"Feature","geometry":{"type":"Point","coordinates":[-85.89305412,39.42615044]},"properties":{"name":"JACKSON TOWNSHIP TRUSTEE SHELBY COUNTY","assetType":"Drug Prescriptions","dataYear":"2016","assetId":"853754","subcategory":"Health","detail":"https://classic.savi.org/SAVI/PopUps/AssetMoreInfo.aspx?AssetID=853754"}},{"type":"Feature","geometry":{"type":"Point","coordinates":[-85.89305412,39.42615044]},"properties":{"name":"JACKSON TOWNSHIP TRUSTEE SHELBY COUNTY","assetType":"Drug Prescriptions","dataYear":"2016","assetId":"871853","subcategory":"Health","detail":"https://classic.savi.org/SAVI/PopUps/AssetMoreInfo.aspx?AssetID=871853"}},{"type":"Feature","geometry":{"type":"Point","coordinates":[-85.89305412,39.42615044]},"properties":{"name":"JACKSON TOWNSHIP TRUSTEE SHELBY COUNTY","assetType":"Drug Prescriptions","dataYear":"2016","assetId":"840649","subcategory":"Health","detail":"https://classic.savi.org/SAVI/PopUps/AssetMoreInfo.aspx?AssetID=840649"}},{"type":"Feature","geometry":{"type":"Point","coordinates":[-86.62432849,40.02433446]},"properties":{"name":"JEFFERSON TOWNSHIP TRUSTEE BOONE COUNTY","assetType":"Drug Prescriptions","dataYear":"2016","assetId":"840170","subcategory":"Health","detail":"https://classic.savi.org/SAVI/PopUps/AssetMoreInfo.aspx?AssetID=840170"}},{"type":"Feature","geometry":{"type":"Point","coordinates":[-86.62432849,40.02433446]},"properties":{"name":"JEFFERSON TOWNSHIP TRUSTEE BOONE COUNTY","assetType":"Drug Prescriptions","dataYear":"2016","assetId":"853728","subcategory":"Health","detail":"https://classic.savi.org/SAVI/PopUps/AssetMoreInfo.aspx?AssetID=853728"}},{"type":"Feature","geometry":{"type":"Point","coordinates":[-86.62432849,40.02433446]},"properties":{"name":"JEFFERSON TOWNSHIP TRUSTEE BOONE COUNTY","assetType":"Drug Prescriptions","dataYear":"2016","assetId":"871827","subcategory":"Health","detail":"https://classic.savi.org/SAVI/PopUps/AssetMoreInfo.aspx?AssetID=871827"}},{"type":"Feature","geometry":{"type":"Point","coordinates":[-86.47331063,39.42505048]},"properties":{"name":"JEFFERSON TOWNSHIP TRUSTEE MORGAN COUNTY","assetType":"Drug Prescriptions","dataYear":"2016","assetId":"840362","subcategory":"Health","detail":"https://classic.savi.org/SAVI/PopUps/AssetMoreInfo.aspx?AssetID=840362"}},{"type":"Feature","geometry":{"type":"Point","coordinates":[-86.47319642,39.42530746]},"properties":{"name":"JEFFERSON TOWNSHIP TRUSTEE MORGAN COUNTY","assetType":"Drug Prescriptions","dataYear":"2016","assetId":"853578","subcategory":"Health","detail":"https://classic.savi.org/SAVI/PopUps/AssetMoreInfo.aspx?AssetID=853578"}},{"type":"Feature","geometry":{"type":"Point","coordinates":[-86.47319642,39.42530746]},"properties":{"name":"JEFFERSON TOWNSHIP TRUSTEE MORGAN COUNTY","assetType":"Drug Prescriptions","dataYear":"2016","assetId":"871677","subcategory":"Health","detail":"https://classic.savi.org/SAVI/PopUps/AssetMoreInfo.aspx?AssetID=871677"}},{"type":"Feature","geometry":{"type":"Point","coordinates":[-86.70184972,39.57054064]},"properties":{"name":"JEFFERSON TOWNSHIP TRUSTEE PUTNAM COUNTY","assetType":"Drug Prescriptions","dataYear":"2016","assetId":"856352","subcategory":"Health","detail":"https://classic.savi.org/SAVI/PopUps/AssetMoreInfo.aspx?AssetID=856352"}},{"type":"Feature","geometry":{"type":"Point","coordinates":[-86.70184972,39.57054064]},"properties":{"name":"JEFFERSON TOWNSHIP TRUSTEE PUTNAM COUNTY","assetType":"Drug Prescriptions","dataYear":"2016","assetId":"842426","subcategory":"Health","detail":"https://classic.savi.org/SAVI/PopUps/AssetMoreInfo.aspx?AssetID=842426"}},{"type":"Feature","geometry":{"type":"Point","coordinates":[-86.70184972,39.57054064]},"properties":{"name":"JEFFERSON TOWNSHIP TRUSTEE PUTNAM COUNTY","assetType":"Drug Prescriptions","dataYear":"2016","assetId":"874372","subcategory":"Health","detail":"https://classic.savi.org/SAVI/PopUps/AssetMoreInfo.aspx?AssetID=874372"}},{"type":"Feature","geometry":{"type":"Point","coordinates":[-85.6914468,40.15322826]},"properties":{"name":"LAFAYETTE TOWNSHIP TRUSTEE MADISON COUNTY","assetType":"Drug Prescriptions","dataYear":"2016","assetId":"873899","subcategory":"Health","detail":"https://classic.savi.org/SAVI/PopUps/AssetMoreInfo.aspx?AssetID=873899"}},{"type":"Feature","geometry":{"type":"Point","coordinates":[-85.6914468,40.15322826]},"properties":{"name":"LAFAYETTE TOWNSHIP TRUSTEE MADISON COUNTY","assetType":"Drug Prescriptions","dataYear":"2016","assetId":"855845","subcategory":"Health","detail":"https://classic.savi.org/SAVI/PopUps/AssetMoreInfo.aspx?AssetID=855845"}},{"type":"Feature","geometry":{"type":"Point","coordinates":[-85.6914468,40.15322826]},"properties":{"name":"LAFAYETTE TOWNSHIP TRUSTEE MADISON COUNTY","assetType":"Drug Prescriptions","dataYear":"2016","assetId":"842090","subcategory":"Health","detail":"https://classic.savi.org/SAVI/PopUps/AssetMoreInfo.aspx?AssetID=842090"}},{"type":"Feature","geometry":{"type":"Point","coordinates":[-86.02488629,39.83863493]},"properties":{"name":"LAWRENCE TOWNSHIP TRUSTEE MARION COUNTY","assetType":"Drug Prescriptions","dataYear":"2016","assetId":"842916","subcategory":"Health","detail":"https://classic.savi.org/SAVI/PopUps/AssetMoreInfo.aspx?AssetID=842916"}},{"type":"Feature","geometry":{"type":"Point","coordinates":[-86.02488629,39.83863493]},"properties":{"name":"LAWRENCE TOWNSHIP TRUSTEE MARION COUNTY","assetType":"Drug Prescriptions","dataYear":"2016","assetId":"875742","subcategory":"Health","detail":"https://classic.savi.org/SAVI/PopUps/AssetMoreInfo.aspx?AssetID=875742"}},{"type":"Feature","geometry":{"type":"Point","coordinates":[-86.02488629,39.83863493]},"properties":{"name":"LAWRENCE TOWNSHIP TRUSTEE MARION COUNTY","assetType":"Drug Prescriptions","dataYear":"2016","assetId":"857814","subcategory":"Health","detail":"https://classic.savi.org/SAVI/PopUps/AssetMoreInfo.aspx?AssetID=857814"}},{"type":"Feature","geometry":{"type":"Point","coordinates":[-86.52499879,39.61455472]},"properties":{"name":"LIBERTY TOWNSHIP TRUSTEE HENDRICKS COUNTY","assetType":"Drug Prescriptions","dataYear":"2016","assetId":"875567","subcategory":"Health","detail":"https://classic.savi.org/SAVI/PopUps/AssetMoreInfo.aspx?AssetID=875567"}},{"type":"Feature","geometry":{"type":"Point","coordinates":[-86.52499879,39.61455472]},"properties":{"name":"LIBERTY TOWNSHIP TRUSTEE HENDRICKS COUNTY","assetType":"Drug Prescriptions","dataYear":"2016","assetId":"857639","subcategory":"Health","detail":"https://classic.savi.org/SAVI/PopUps/AssetMoreInfo.aspx?AssetID=857639"}},{"type":"Feature","geometry":{"type":"Point","coordinates":[-86.52499879,39.61455472]},"properties":{"name":"LIBERTY TOWNSHIP TRUSTEE HENDRICKS COUNTY","assetType":"Drug Prescriptions","dataYear":"2016","assetId":"842885","subcategory":"Health","detail":"https://classic.savi.org/SAVI/PopUps/AssetMoreInfo.aspx?AssetID=842885"}},{"type":"Feature","geometry":{"type":"Point","coordinates":[-85.63663401,39.483634]},"properties":{"name":"LIBERTY TOWNSHIP TRUSTEE SHELBY COUNTY","assetType":"Drug Prescriptions","dataYear":"2016","assetId":"857516","subcategory":"Health","detail":"https://classic.savi.org/SAVI/PopUps/AssetMoreInfo.aspx?AssetID=857516"}},{"type":"Feature","geometry":{"type":"Point","coordinates":[-85.63663401,39.483634]},"properties":{"name":"LIBERTY TOWNSHIP TRUSTEE SHELBY COUNTY","assetType":"Drug Prescriptions","dataYear":"2016","assetId":"844570","subcategory":"Health","detail":"https://classic.savi.org/SAVI/PopUps/AssetMoreInfo.aspx?AssetID=844570"}},{"type":"Feature","geometry":{"type":"Point","coordinates":[-85.63663401,39.483634]},"properties":{"name":"LIBERTY TOWNSHIP TRUSTEE SHELBY COUNTY","assetType":"Drug Prescriptions","dataYear":"2016","assetId":"875444","subcategory":"Health","detail":"https://classic.savi.org/SAVI/PopUps/AssetMoreInfo.aspx?AssetID=875444"}},{"type":"Feature","geometry":{"type":"Point","coordinates":[-86.39673438,39.84265704]},"properties":{"name":"LINCOLN TOWNSHIP TRUSTEE HENDRICKS COUNTY","assetType":"Drug Prescriptions","dataYear":"2016","assetId":"875416","subcategory":"Health","detail":"https://classic.savi.org/SAVI/PopUps/AssetMoreInfo.aspx?AssetID=875416"}},{"type":"Feature","geometry":{"type":"Point","coordinates":[-86.39673438,39.84265704]},"properties":{"name":"LINCOLN TOWNSHIP TRUSTEE HENDRICKS COUNTY","assetType":"Drug Prescriptions","dataYear":"2016","assetId":"844553","subcategory":"Health","detail":"https://classic.savi.org/SAVI/PopUps/AssetMoreInfo.aspx?AssetID=844553"}},{"type":"Feature","geometry":{"type":"Point","coordinates":[-86.39673438,39.84265704]},"properties":{"name":"LINCOLN TOWNSHIP TRUSTEE HENDRICKS COUNTY","assetType":"Drug Prescriptions","dataYear":"2016","assetId":"857488","subcategory":"Health","detail":"https://classic.savi.org/SAVI/PopUps/AssetMoreInfo.aspx?AssetID=857488"}},{"type":"Feature","geometry":{"type":"Point","coordinates":[-86.29688775,39.6179458]},"properties":{"name":"MADISON TOWNSHIP TRUSTEE MORGAN COUNTY","assetType":"Drug Prescriptions","dataYear":"2016","assetId":"875028","subcategory":"Health","detail":"https://classic.savi.org/SAVI/PopUps/AssetMoreInfo.aspx?AssetID=875028"}},{"type":"Feature","geometry":{"type":"Point","coordinates":[-86.29688775,39.6179458]},"properties":{"name":"MADISON TOWNSHIP TRUSTEE MORGAN COUNTY","assetType":"Drug Prescriptions","dataYear":"2016","assetId":"844423","subcategory":"Health","detail":"https://classic.savi.org/SAVI/PopUps/AssetMoreInfo.aspx?AssetID=844423"}},{"type":"Feature","geometry":{"type":"Point","coordinates":[-86.29688775,39.6179458]},"properties":{"name":"MADISON TOWNSHIP TRUSTEE MORGAN COUNTY","assetType":"Drug Prescriptions","dataYear":"2016","assetId":"857100","subcategory":"Health","detail":"https://classic.savi.org/SAVI/PopUps/AssetMoreInfo.aspx?AssetID=857100"}},{"type":"Feature","geometry":{"type":"Point","coordinates":[-86.99652669,39.67904573]},"properties":{"name":"MADISON TOWNSHIP TRUSTEE PUTNAM COUNTY","assetType":"Drug Prescriptions","dataYear":"2016","assetId":"844255","subcategory":"Health","detail":"https://classic.savi.org/SAVI/PopUps/AssetMoreInfo.aspx?AssetID=844255"}},{"type":"Feature","geometry":{"type":"Point","coordinates":[-86.99652669,39.67904573]},"properties":{"name":"MADISON TOWNSHIP TRUSTEE PUTNAM COUNTY","assetType":"Drug Prescriptions","dataYear":"2016","assetId":"874580","subcategory":"Health","detail":"https://classic.savi.org/SAVI/PopUps/AssetMoreInfo.aspx?AssetID=874580"}},{"type":"Feature","geometry":{"type":"Point","coordinates":[-86.99652669,39.67904573]},"properties":{"name":"MADISON TOWNSHIP TRUSTEE PUTNAM COUNTY","assetType":"Drug Prescriptions","dataYear":"2016","assetId":"856560","subcategory":"Health","detail":"https://classic.savi.org/SAVI/PopUps/AssetMoreInfo.aspx?AssetID=856560"}},{"type":"Feature","geometry":{"type":"Point","coordinates":[-86.24293891,40.12909556]},"properties":{"name":"MARION TOWNSHIP TRUSTEE BOONE COUNTY","assetType":"Drug Prescriptions","dataYear":"2016","assetId":"855806","subcategory":"Health","detail":"https://classic.savi.org/SAVI/PopUps/AssetMoreInfo.aspx?AssetID=855806"}},{"type":"Feature","geometry":{"type":"Point","coordinates":[-86.24293891,40.12909556]},"properties":{"name":"MARION TOWNSHIP TRUSTEE BOONE COUNTY","assetType":"Drug Prescriptions","dataYear":"2016","assetId":"873860","subcategory":"Health","detail":"https://classic.savi.org/SAVI/PopUps/AssetMoreInfo.aspx?AssetID=873860"}},{"type":"Feature","geometry":{"type":"Point","coordinates":[-86.24293891,40.12909556]},"properties":{"name":"MARION TOWNSHIP TRUSTEE BOONE COUNTY","assetType":"Drug Prescriptions","dataYear":"2016","assetId":"843788","subcategory":"Health","detail":"https://classic.savi.org/SAVI/PopUps/AssetMoreInfo.aspx?AssetID=843788"}},{"type":"Feature","geometry":{"type":"Point","coordinates":[-86.66423918,39.77570965]},"properties":{"name":"MARION TOWNSHIP TRUSTEE HENDRICKS COUNTY","assetType":"Drug Prescriptions","dataYear":"2016","assetId":"873780","subcategory":"Health","detail":"https://classic.savi.org/SAVI/PopUps/AssetMoreInfo.aspx?AssetID=873780"}},{"type":"Feature","geometry":{"type":"Point","coordinates":[-86.66423918,39.77570965]},"properties":{"name":"MARION TOWNSHIP TRUSTEE HENDRICKS COUNTY","assetType":"Drug Prescriptions","dataYear":"2016","assetId":"842247","subcategory":"Health","detail":"https://classic.savi.org/SAVI/PopUps/AssetMoreInfo.aspx?AssetID=842247"}},{"type":"Feature","geometry":{"type":"Point","coordinates":[-86.66423918,39.77570965]},"properties":{"name":"MARION TOWNSHIP TRUSTEE HENDRICKS COUNTY","assetType":"Drug Prescriptions","dataYear":"2016","assetId":"855726","subcategory":"Health","detail":"https://classic.savi.org/SAVI/PopUps/AssetMoreInfo.aspx?AssetID=855726"}},{"type":"Feature","geometry":{"type":"Point","coordinates":[-86.7904567,39.6524104]},"properties":{"name":"MARION TOWNSHIP TRUSTEE PUTNAM COUNTY","assetType":"Drug Prescriptions","dataYear":"2016","assetId":"874500","subcategory":"Health","detail":"https://classic.savi.org/SAVI/PopUps/AssetMoreInfo.aspx?AssetID=874500"}},{"type":"Feature","geometry":{"type":"Point","coordinates":[-86.7904567,39.6524104]},"properties":{"name":"MARION TOWNSHIP TRUSTEE PUTNAM COUNTY","assetType":"Drug Prescriptions","dataYear":"2016","assetId":"856480","subcategory":"Health","detail":"https://classic.savi.org/SAVI/PopUps/AssetMoreInfo.aspx?AssetID=856480"}},{"type":"Feature","geometry":{"type":"Point","coordinates":[-86.7904567,39.6524104]},"properties":{"name":"MARION TOWNSHIP TRUSTEE PUTNAM COUNTY","assetType":"Drug Prescriptions","dataYear":"2016","assetId":"844241","subcategory":"Health","detail":"https://classic.savi.org/SAVI/PopUps/AssetMoreInfo.aspx?AssetID=844241"}},{"type":"Feature","geometry":{"type":"Point","coordinates":[-85.77666301,39.56498802]},"properties":{"name":"MARION TOWNSHIP TRUSTEE SHELBY COUNTY","assetType":"Drug Prescriptions","dataYear":"2016","assetId":"842218","subcategory":"Health","detail":"https://classic.savi.org/SAVI/PopUps/AssetMoreInfo.aspx?AssetID=842218"}},{"type":"Feature","geometry":{"type":"Point","coordinates":[-85.77666301,39.56498802]},"properties":{"name":"MARION TOWNSHIP TRUSTEE SHELBY COUNTY","assetType":"Drug Prescriptions","dataYear":"2016","assetId":"873549","subcategory":"Health","detail":"https://classic.savi.org/SAVI/PopUps/AssetMoreInfo.aspx?AssetID=873549"}},{"type":"Feature","geometry":{"type":"Point","coordinates":[-85.77666301,39.56498802]},"properties":{"name":"MARION TOWNSHIP TRUSTEE SHELBY COUNTY","assetType":"Drug Prescriptions","dataYear":"2016","assetId":"855476","subcategory":"Health","detail":"https://classic.savi.org/SAVI/PopUps/AssetMoreInfo.aspx?AssetID=855476"}},{"type":"Feature","geometry":{"type":"Point","coordinates":[-86.45851758,39.86145673]},"properties":{"name":"MIDDLE TOWNSHIP TRUSTEE HENDRICKS COUNTY","assetType":"Drug Prescriptions","dataYear":"2016","assetId":"841633","subcategory":"Health","detail":"https://classic.savi.org/SAVI/PopUps/AssetMoreInfo.aspx?AssetID=841633"}},{"type":"Feature","geometry":{"type":"Point","coordinates":[-86.45851758,39.86145673]},"properties":{"name":"MIDDLE TOWNSHIP TRUSTEE HENDRICKS COUNTY","assetType":"Drug Prescriptions","dataYear":"2016","assetId":"854521","subcategory":"Health","detail":"https://classic.savi.org/SAVI/PopUps/AssetMoreInfo.aspx?AssetID=854521"}},{"type":"Feature","geometry":{"type":"Point","coordinates":[-86.45851758,39.86145673]},"properties":{"name":"MIDDLE TOWNSHIP TRUSTEE HENDRICKS COUNTY","assetType":"Drug Prescriptions","dataYear":"2016","assetId":"872708","subcategory":"Health","detail":"https://classic.savi.org/SAVI/PopUps/AssetMoreInfo.aspx?AssetID=872708"}},{"type":"Feature","geometry":{"type":"Point","coordinates":[-85.67586715,40.26284165]},"properties":{"name":"MONROE TOWNSHIP TRUSTEE MADISON COUNTY","assetType":"Drug Prescriptions","dataYear":"2016","assetId":"873890","subcategory":"Health","detail":"https://classic.savi.org/SAVI/PopUps/AssetMoreInfo.aspx?AssetID=873890"}},{"type":"Feature","geometry":{"type":"Point","coordinates":[-85.67586715,40.26284165]},"properties":{"name":"MONROE TOWNSHIP TRUSTEE MADISON COUNTY","assetType":"Drug Prescriptions","dataYear":"2016","assetId":"855836","subcategory":"Health","detail":"https://classic.savi.org/SAVI/PopUps/AssetMoreInfo.aspx?AssetID=855836"}},{"type":"Feature","geometry":{"type":"Point","coordinates":[-85.67586715,40.26284165]},"properties":{"name":"MONROE TOWNSHIP TRUSTEE MADISON COUNTY","assetType":"Drug Prescriptions","dataYear":"2016","assetId":"842075","subcategory":"Health","detail":"https://classic.savi.org/SAVI/PopUps/AssetMoreInfo.aspx?AssetID=842075"}},{"type":"Feature","geometry":{"type":"Point","coordinates":[-86.54166663,39.57131109]},"properties":{"name":"MONROE TOWNSHIP TRUSTEE MORGAN COUNTY","assetType":"Drug Prescriptions","dataYear":"2016","assetId":"843221","subcategory":"Health","detail":"https://classic.savi.org/SAVI/PopUps/AssetMoreInfo.aspx?AssetID=843221"}},{"type":"Feature","geometry":{"type":"Point","coordinates":[-86.54166663,39.57131109]},"properties":{"name":"MONROE TOWNSHIP TRUSTEE MORGAN COUNTY","assetType":"Drug Prescriptions","dataYear":"2016","assetId":"872613","subcategory":"Health","detail":"https://classic.savi.org/SAVI/PopUps/AssetMoreInfo.aspx?AssetID=872613"}},{"type":"Feature","geometry":{"type":"Point","coordinates":[-86.54166663,39.57131109]},"properties":{"name":"MONROE TOWNSHIP TRUSTEE MORGAN COUNTY","assetType":"Drug Prescriptions","dataYear":"2016","assetId":"854426","subcategory":"Health","detail":"https://classic.savi.org/SAVI/PopUps/AssetMoreInfo.aspx?AssetID=854426"}},{"type":"Feature","geometry":{"type":"Point","coordinates":[-86.8100926,39.75910594]},"properties":{"name":"MONROE TOWNSHIP TRUSTEE PUTNAM COUNTY","assetType":"Drug Prescriptions","dataYear":"2016","assetId":"856345","subcategory":"Health","detail":"https://classic.savi.org/SAVI/PopUps/AssetMoreInfo.aspx?AssetID=856345"}},{"type":"Feature","geometry":{"type":"Point","coordinates":[-86.8100926,39.75910594]},"properties":{"name":"MONROE TOWNSHIP TRUSTEE PUTNAM COUNTY","assetType":"Drug Prescriptions","dataYear":"2016","assetId":"874365","subcategory":"Health","detail":"https://classic.savi.org/SAVI/PopUps/AssetMoreInfo.aspx?AssetID=874365"}},{"type":"Feature","geometry":{"type":"Point","coordinates":[-86.8100926,39.75910594]},"properties":{"name":"MONROE TOWNSHIP TRUSTEE PUTNAM COUNTY","assetType":"Drug Prescriptions","dataYear":"2016","assetId":"844229","subcategory":"Health","detail":"https://classic.savi.org/SAVI/PopUps/AssetMoreInfo.aspx?AssetID=844229"}},{"type":"Feature","geometry":{"type":"Point","coordinates":[-85.91160301,39.643212]},"properties":{"name":"MORAL TOWNSHIP TRUSTEE SHELBY COUNTY","assetType":"Drug Prescriptions","dataYear":"2016","assetId":"854469","subcategory":"Health","detail":"https://classic.savi.org/SAVI/PopUps/AssetMoreInfo.aspx?AssetID=854469"}},{"type":"Feature","geometry":{"type":"Point","coordinates":[-85.91160301,39.643212]},"properties":{"name":"MORAL TOWNSHIP TRUSTEE SHELBY COUNTY","assetType":"Drug Prescriptions","dataYear":"2016","assetId":"843166","subcategory":"Health","detail":"https://classic.savi.org/SAVI/PopUps/AssetMoreInfo.aspx?AssetID=843166"}},{"type":"Feature","geometry":{"type":"Point","coordinates":[-85.91160301,39.643212]},"properties":{"name":"MORAL TOWNSHIP TRUSTEE SHELBY COUNTY","assetType":"Drug Prescriptions","dataYear":"2016","assetId":"872656","subcategory":"Health","detail":"https://classic.savi.org/SAVI/PopUps/AssetMoreInfo.aspx?AssetID=872656"}},{"type":"Feature","geometry":{"type":"Point","coordinates":[-86.05738835,39.48063311]},"properties":{"name":"NEEDHAM TOWNSHIP TRUSTEE JOHNSON COUNTY","assetType":"Drug Prescriptions","dataYear":"2016","assetId":"841081","subcategory":"Health","detail":"https://classic.savi.org/SAVI/PopUps/AssetMoreInfo.aspx?AssetID=841081"}},{"type":"Feature","geometry":{"type":"Point","coordinates":[-85.63125288,39.43097142]},"properties":{"name":"NOBLE TOWNSHIP TRUSTEE SHELBY COUNTY","assetType":"Drug Prescriptions","dataYear":"2016","assetId":"870177","subcategory":"Health","detail":"https://classic.savi.org/SAVI/PopUps/AssetMoreInfo.aspx?AssetID=870177"}},{"type":"Feature","geometry":{"type":"Point","coordinates":[-85.63125288,39.43097142]},"properties":{"name":"NOBLE TOWNSHIP TRUSTEE SHELBY COUNTY","assetType":"Drug Prescriptions","dataYear":"2016","assetId":"840889","subcategory":"Health","detail":"https://classic.savi.org/SAVI/PopUps/AssetMoreInfo.aspx?AssetID=840889"}},{"type":"Feature","geometry":{"type":"Point","coordinates":[-85.63125288,39.43097142]},"properties":{"name":"NOBLE TOWNSHIP TRUSTEE SHELBY COUNTY","assetType":"Drug Prescriptions","dataYear":"2016","assetId":"852378","subcategory":"Health","detail":"https://classic.savi.org/SAVI/PopUps/AssetMoreInfo.aspx?AssetID=852378"}},{"type":"Feature","geometry":{"type":"Point","coordinates":[-86.01422677,40.04245384]},"properties":{"name":"NOBLESVILLE TOWNSHIP TRUSTEE HAMILTON COUNTY","assetType":"Drug Prescriptions","dataYear":"2016","assetId":"871924","subcategory":"Health","detail":"https://classic.savi.org/SAVI/PopUps/AssetMoreInfo.aspx?AssetID=871924"}},{"type":"Feature","geometry":{"type":"Point","coordinates":[-86.01422677,40.04245384]},"properties":{"name":"NOBLESVILLE TOWNSHIP TRUSTEE HAMILTON COUNTY","assetType":"Drug Prescriptions","dataYear":"2016","assetId":"853825","subcategory":"Health","detail":"https://classic.savi.org/SAVI/PopUps/AssetMoreInfo.aspx?AssetID=853825"}},{"type":"Feature","geometry":{"type":"Point","coordinates":[-86.01422677,40.04245384]},"properties":{"name":"NOBLESVILLE TOWNSHIP TRUSTEE HAMILTON COUNTY","assetType":"Drug Prescriptions","dataYear":"2016","assetId":"840611","subcategory":"Health","detail":"https://classic.savi.org/SAVI/PopUps/AssetMoreInfo.aspx?AssetID=840611"}},{"type":"Feature","geometry":{"type":"Point","coordinates":[-86.13852871,39.6944424]},"properties":{"name":"PERRY TOWNSHIP TRUSTEE MARION COUNTY","assetType":"Drug Prescriptions","dataYear":"2016","assetId":"840706","subcategory":"Health","detail":"https://classic.savi.org/SAVI/PopUps/AssetMoreInfo.aspx?AssetID=840706"}},{"type":"Feature","geometry":{"type":"Point","coordinates":[-86.13852871,39.6944424]},"properties":{"name":"PERRY TOWNSHIP TRUSTEE MARION COUNTY","assetType":"Drug Prescriptions","dataYear":"2016","assetId":"870111","subcategory":"Health","detail":"https://classic.savi.org/SAVI/PopUps/AssetMoreInfo.aspx?AssetID=870111"}},{"type":"Feature","geometry":{"type":"Point","coordinates":[-86.13852871,39.6944424]},"properties":{"name":"PERRY TOWNSHIP TRUSTEE MARION COUNTY","assetType":"Drug Prescriptions","dataYear":"2016","assetId":"852356","subcategory":"Health","detail":"https://classic.savi.org/SAVI/PopUps/AssetMoreInfo.aspx?AssetID=852356"}},{"type":"Feature","geometry":{"type":"Point","coordinates":[-86.26237909,39.85453084]},"properties":{"name":"PIKE TOWNSHIP TRUSTEE MARION COUNTY","assetType":"Drug Prescriptions","dataYear":"2016","assetId":"853679","subcategory":"Health","detail":"https://classic.savi.org/SAVI/PopUps/AssetMoreInfo.aspx?AssetID=853679"}},{"type":"Feature","geometry":{"type":"Point","coordinates":[-86.26237909,39.85453084]},"properties":{"name":"PIKE TOWNSHIP TRUSTEE MARION COUNTY","assetType":"Drug Prescriptions","dataYear":"2016","assetId":"840519","subcategory":"Health","detail":"https://classic.savi.org/SAVI/PopUps/AssetMoreInfo.aspx?AssetID=840519"}},{"type":"Feature","geometry":{"type":"Point","coordinates":[-86.26237909,39.85453084]},"properties":{"name":"PIKE TOWNSHIP TRUSTEE MARION COUNTY","assetType":"Drug Prescriptions","dataYear":"2016","assetId":"871778","subcategory":"Health","detail":"https://classic.savi.org/SAVI/PopUps/AssetMoreInfo.aspx?AssetID=871778"}},{"type":"Feature","geometry":{"type":"Point","coordinates":[-85.84206258,40.27558918]},"properties":{"name":"PIPE CREEK TOWNSHIP TRUSTEE MADISON COUNTY","assetType":"Drug Prescriptions","dataYear":"2016","assetId":"873882","subcategory":"Health","detail":"https://classic.savi.org/SAVI/PopUps/AssetMoreInfo.aspx?AssetID=873882"}},{"type":"Feature","geometry":{"type":"Point","coordinates":[-85.84206258,40.27558918]},"properties":{"name":"PIPE CREEK TOWNSHIP TRUSTEE MADISON COUNTY","assetType":"Drug Prescriptions","dataYear":"2016","assetId":"855828","subcategory":"Health","detail":"https://classic.savi.org/SAVI/PopUps/AssetMoreInfo.aspx?AssetID=855828"}},{"type":"Feature","geometry":{"type":"Point","coordinates":[-85.84206258,40.27558918]},"properties":{"name":"PIPE CREEK TOWNSHIP TRUSTEE MADISON COUNTY","assetType":"Drug Prescriptions","dataYear":"2016","assetId":"843835","subcategory":"Health","detail":"https://classic.savi.org/SAVI/PopUps/AssetMoreInfo.aspx?AssetID=843835"}},{"type":"Feature","geometry":{"type":"Point","coordinates":[-86.07877966,39.55099102]},"properties":{"name":"PLEASANT TOWNSHIP TRUSTEE JOHNSON COUNTY","assetType":"Drug Prescriptions","dataYear":"2016","assetId":"871760","subcategory":"Health","detail":"https://classic.savi.org/SAVI/PopUps/AssetMoreInfo.aspx?AssetID=871760"}},{"type":"Feature","geometry":{"type":"Point","coordinates":[-86.07877966,39.55099102]},"properties":{"name":"PLEASANT TOWNSHIP TRUSTEE JOHNSON COUNTY","assetType":"Drug Prescriptions","dataYear":"2016","assetId":"853661","subcategory":"Health","detail":"https://classic.savi.org/SAVI/PopUps/AssetMoreInfo.aspx?AssetID=853661"}},{"type":"Feature","geometry":{"type":"Point","coordinates":[-86.07877966,39.55099102]},"properties":{"name":"PLEASANT TOWNSHIP TRUSTEE JOHNSON COUNTY","assetType":"Drug Prescriptions","dataYear":"2016","assetId":"840480","subcategory":"Health","detail":"https://classic.savi.org/SAVI/PopUps/AssetMoreInfo.aspx?AssetID=840480"}},{"type":"Feature","geometry":{"type":"Point","coordinates":[-85.60831036,40.1899242]},"properties":{"name":"RICHLAND TOWNSHIP TRUSTEE MADISON COUNTY","assetType":"Drug Prescriptions","dataYear":"2016","assetId":"842160","subcategory":"Health","detail":"https://classic.savi.org/SAVI/PopUps/AssetMoreInfo.aspx?AssetID=842160"}},{"type":"Feature","geometry":{"type":"Point","coordinates":[-85.60831036,40.1899242]},"properties":{"name":"RICHLAND TOWNSHIP TRUSTEE MADISON COUNTY","assetType":"Drug Prescriptions","dataYear":"2016","assetId":"852940","subcategory":"Health","detail":"https://classic.savi.org/SAVI/PopUps/AssetMoreInfo.aspx?AssetID=852940"}},{"type":"Feature","geometry":{"type":"Point","coordinates":[-85.60831036,40.1899242]},"properties":{"name":"RICHLAND TOWNSHIP TRUSTEE MADISON COUNTY","assetType":"Drug Prescriptions","dataYear":"2016","assetId":"870721","subcategory":"Health","detail":"https://classic.savi.org/SAVI/PopUps/AssetMoreInfo.aspx?AssetID=870721"}},{"type":"Feature","geometry":{"type":"Point","coordinates":[-86.91999693,39.82233269]},"properties":{"name":"RUSSELL TOWNSHIP TRUSTEE PUTNAM COUNTY","assetType":"Drug Prescriptions","dataYear":"2016","assetId":"844213","subcategory":"Health","detail":"https://classic.savi.org/SAVI/PopUps/AssetMoreInfo.aspx?AssetID=844213"}},{"type":"Feature","geometry":{"type":"Point","coordinates":[-86.91999693,39.82233269]},"properties":{"name":"RUSSELL TOWNSHIP TRUSTEE PUTNAM COUNTY","assetType":"Drug Prescriptions","dataYear":"2016","assetId":"874356","subcategory":"Health","detail":"https://classic.savi.org/SAVI/PopUps/AssetMoreInfo.aspx?AssetID=874356"}},{"type":"Feature","geometry":{"type":"Point","coordinates":[-86.91999693,39.82233269]},"properties":{"name":"RUSSELL TOWNSHIP TRUSTEE PUTNAM COUNTY","assetType":"Drug Prescriptions","dataYear":"2016","assetId":"856336","subcategory":"Health","detail":"https://classic.savi.org/SAVI/PopUps/AssetMoreInfo.aspx?AssetID=856336"}},{"type":"Feature","geometry":{"type":"Point","coordinates":[-85.73148101,39.45706902]},"properties":{"name":"SHELBY TOWNSHIP TRUSTEE SHELBY COUNTY","assetType":"Drug Prescriptions","dataYear":"2016","assetId":"852203","subcategory":"Health","detail":"https://classic.savi.org/SAVI/PopUps/AssetMoreInfo.aspx?AssetID=852203"}},{"type":"Feature","geometry":{"type":"Point","coordinates":[-85.73148101,39.45706902]},"properties":{"name":"SHELBY TOWNSHIP TRUSTEE SHELBY COUNTY","assetType":"Drug Prescriptions","dataYear":"2016","assetId":"871655","subcategory":"Health","detail":"https://classic.savi.org/SAVI/PopUps/AssetMoreInfo.aspx?AssetID=871655"}},{"type":"Feature","geometry":{"type":"Point","coordinates":[-85.73148101,39.45706902]},"properties":{"name":"SHELBY TOWNSHIP TRUSTEE SHELBY COUNTY","assetType":"Drug Prescriptions","dataYear":"2016","assetId":"840125","subcategory":"Health","detail":"https://classic.savi.org/SAVI/PopUps/AssetMoreInfo.aspx?AssetID=840125"}},{"type":"Feature","geometry":{"type":"Point","coordinates":[-85.84902838,40.06753209]},"properties":{"name":"STONY CREEK TOWNSHIP TRUSTEE MADISON COUNTY","assetType":"Drug Prescriptions","dataYear":"2016","assetId":"842063","subcategory":"Health","detail":"https://classic.savi.org/SAVI/PopUps/AssetMoreInfo.aspx?AssetID=842063"}},{"type":"Feature","geometry":{"type":"Point","coordinates":[-85.84902838,40.06753209]},"properties":{"name":"STONY CREEK TOWNSHIP TRUSTEE MADISON COUNTY","assetType":"Drug Prescriptions","dataYear":"2016","assetId":"870713","subcategory":"Health","detail":"https://classic.savi.org/SAVI/PopUps/AssetMoreInfo.aspx?AssetID=870713"}},{"type":"Feature","geometry":{"type":"Point","coordinates":[-85.84902838,40.06753209]},"properties":{"name":"STONY CREEK TOWNSHIP TRUSTEE MADISON COUNTY","assetType":"Drug Prescriptions","dataYear":"2016","assetId":"852932","subcategory":"Health","detail":"https://classic.savi.org/SAVI/PopUps/AssetMoreInfo.aspx?AssetID=852932"}},{"type":"Feature","geometry":{"type":"Point","coordinates":[-86.60954187,40.12539063]},"properties":{"name":"SUGAR CREEK TOWNSHIP TRUSTEE BOONE COUNTY","assetType":"Drug Prescriptions","dataYear":"2016","assetId":"871203","subcategory":"Health","detail":"https://classic.savi.org/SAVI/PopUps/AssetMoreInfo.aspx?AssetID=871203"}},{"type":"Feature","geometry":{"type":"Point","coordinates":[-86.60954187,40.12539063]},"properties":{"name":"SUGAR CREEK TOWNSHIP TRUSTEE BOONE COUNTY","assetType":"Drug Prescriptions","dataYear":"2016","assetId":"852090","subcategory":"Health","detail":"https://classic.savi.org/SAVI/PopUps/AssetMoreInfo.aspx?AssetID=852090"}},{"type":"Feature","geometry":{"type":"Point","coordinates":[-86.60954187,40.12539063]},"properties":{"name":"SUGAR CREEK TOWNSHIP TRUSTEE BOONE COUNTY","assetType":"Drug Prescriptions","dataYear":"2016","assetId":"839976","subcategory":"Health","detail":"https://classic.savi.org/SAVI/PopUps/AssetMoreInfo.aspx?AssetID=839976"}},{"type":"Feature","geometry":{"type":"Point","coordinates":[-85.91371932,39.7333878]},"properties":{"name":"SUGAR CREEK TOWNSHIP TRUSTEE HANCOCK COUNTY","assetType":"Drug Prescriptions","dataYear":"2016","assetId":"871100","subcategory":"Health","detail":"https://classic.savi.org/SAVI/PopUps/AssetMoreInfo.aspx?AssetID=871100"}},{"type":"Feature","geometry":{"type":"Point","coordinates":[-85.91371932,39.7333878]},"properties":{"name":"SUGAR CREEK TOWNSHIP TRUSTEE HANCOCK COUNTY","assetType":"Drug Prescriptions","dataYear":"2016","assetId":"839777","subcategory":"Health","detail":"https://classic.savi.org/SAVI/PopUps/AssetMoreInfo.aspx?AssetID=839777"}},{"type":"Feature","geometry":{"type":"Point","coordinates":[-85.91371932,39.7333878]},"properties":{"name":"SUGAR CREEK TOWNSHIP TRUSTEE HANCOCK COUNTY","assetType":"Drug Prescriptions","dataYear":"2016","assetId":"853131","subcategory":"Health","detail":"https://classic.savi.org/SAVI/PopUps/AssetMoreInfo.aspx?AssetID=853131"}},{"type":"Feature","geometry":{"type":"Point","coordinates":[-85.92910201,39.55159201]},"properties":{"name":"SUGAR CREEK TOWNSHIP TRUSTEE SHELBY COUNTY","assetType":"Drug Prescriptions","dataYear":"2016","assetId":"871027","subcategory":"Health","detail":"https://classic.savi.org/SAVI/PopUps/AssetMoreInfo.aspx?AssetID=871027"}},{"type":"Feature","geometry":{"type":"Point","coordinates":[-85.92910201,39.55159201]},"properties":{"name":"SUGAR CREEK TOWNSHIP TRUSTEE SHELBY COUNTY","assetType":"Drug Prescriptions","dataYear":"2016","assetId":"852031","subcategory":"Health","detail":"https://classic.savi.org/SAVI/PopUps/AssetMoreInfo.aspx?AssetID=852031"}},{"type":"Feature","geometry":{"type":"Point","coordinates":[-85.92910201,39.55159201]},"properties":{"name":"SUGAR CREEK TOWNSHIP TRUSTEE SHELBY COUNTY","assetType":"Drug Prescriptions","dataYear":"2016","assetId":"839675","subcategory":"Health","detail":"https://classic.savi.org/SAVI/PopUps/AssetMoreInfo.aspx?AssetID=839675"}},{"type":"Feature","geometry":{"type":"Point","coordinates":[-86.5431356,39.88468724]},"properties":{"name":"UNION TOWNSHIP TRUSTEE HENDRICKS COUNTY","assetType":"Drug Prescriptions","dataYear":"2016","assetId":"839655","subcategory":"Health","detail":"https://classic.savi.org/SAVI/PopUps/AssetMoreInfo.aspx?AssetID=839655"}},{"type":"Feature","geometry":{"type":"Point","coordinates":[-86.5431356,39.88468724]},"properties":{"name":"UNION TOWNSHIP TRUSTEE HENDRICKS COUNTY","assetType":"Drug Prescriptions","dataYear":"2016","assetId":"853122","subcategory":"Health","detail":"https://classic.savi.org/SAVI/PopUps/AssetMoreInfo.aspx?AssetID=853122"}},{"type":"Feature","geometry":{"type":"Point","coordinates":[-86.5431356,39.88468724]},"properties":{"name":"UNION TOWNSHIP TRUSTEE HENDRICKS COUNTY","assetType":"Drug Prescriptions","dataYear":"2016","assetId":"871091","subcategory":"Health","detail":"https://classic.savi.org/SAVI/PopUps/AssetMoreInfo.aspx?AssetID=871091"}},{"type":"Feature","geometry":{"type":"Point","coordinates":[-86.16448132,39.46162981]},"properties":{"name":"UNION TOWNSHIP TRUSTEE JOHNSON COUNTY","assetType":"Drug Prescriptions","dataYear":"2016","assetId":"839868","subcategory":"Health","detail":"https://classic.savi.org/SAVI/PopUps/AssetMoreInfo.aspx?AssetID=839868"}},{"type":"Feature","geometry":{"type":"Point","coordinates":[-86.16448132,39.46162981]},"properties":{"name":"UNION TOWNSHIP TRUSTEE JOHNSON COUNTY","assetType":"Drug Prescriptions","dataYear":"2016","assetId":"871085","subcategory":"Health","detail":"https://classic.savi.org/SAVI/PopUps/AssetMoreInfo.aspx?AssetID=871085"}},{"type":"Feature","geometry":{"type":"Point","coordinates":[-86.16448132,39.46162981]},"properties":{"name":"UNION TOWNSHIP TRUSTEE JOHNSON COUNTY","assetType":"Drug Prescriptions","dataYear":"2016","assetId":"853116","subcategory":"Health","detail":"https://classic.savi.org/SAVI/PopUps/AssetMoreInfo.aspx?AssetID=853116"}},{"type":"Feature","geometry":{"type":"Point","coordinates":[-85.6217589,40.12091674]},"properties":{"name":"UNION TOWNSHIP TRUSTEE MADISON COUNTY","assetType":"Drug Prescriptions","dataYear":"2016","assetId":"855821","subcategory":"Health","detail":"https://classic.savi.org/SAVI/PopUps/AssetMoreInfo.aspx?AssetID=855821"}},{"type":"Feature","geometry":{"type":"Point","coordinates":[-85.6217589,40.12091674]},"properties":{"name":"UNION TOWNSHIP TRUSTEE MADISON COUNTY","assetType":"Drug Prescriptions","dataYear":"2016","assetId":"843814","subcategory":"Health","detail":"https://classic.savi.org/SAVI/PopUps/AssetMoreInfo.aspx?AssetID=843814"}},{"type":"Feature","geometry":{"type":"Point","coordinates":[-85.6217589,40.12091674]},"properties":{"name":"UNION TOWNSHIP TRUSTEE MADISON COUNTY","assetType":"Drug Prescriptions","dataYear":"2016","assetId":"873875","subcategory":"Health","detail":"https://classic.savi.org/SAVI/PopUps/AssetMoreInfo.aspx?AssetID=873875"}},{"type":"Feature","geometry":{"type":"Point","coordinates":[-85.637241,39.57182301]},"properties":{"name":"UNION TOWNSHIP TRUSTEE SHELBY COUNTY","assetType":"Drug Prescriptions","dataYear":"2016","assetId":"853109","subcategory":"Health","detail":"https://classic.savi.org/SAVI/PopUps/AssetMoreInfo.aspx?AssetID=853109"}},{"type":"Feature","geometry":{"type":"Point","coordinates":[-85.637241,39.57182301]},"properties":{"name":"UNION TOWNSHIP TRUSTEE SHELBY COUNTY","assetType":"Drug Prescriptions","dataYear":"2016","assetId":"839725","subcategory":"Health","detail":"https://classic.savi.org/SAVI/PopUps/AssetMoreInfo.aspx?AssetID=839725"}},{"type":"Feature","geometry":{"type":"Point","coordinates":[-85.637241,39.57182301]},"properties":{"name":"UNION TOWNSHIP TRUSTEE SHELBY COUNTY","assetType":"Drug Prescriptions","dataYear":"2016","assetId":"871078","subcategory":"Health","detail":"https://classic.savi.org/SAVI/PopUps/AssetMoreInfo.aspx?AssetID=871078"}},{"type":"Feature","geometry":{"type":"Point","coordinates":[-85.64349377,40.33807243]},"properties":{"name":"VAN BUREN TOWNSHIP TRUSTEE MADISON COUNTY","assetType":"Drug Prescriptions","dataYear":"2016","assetId":"842136","subcategory":"Health","detail":"https://classic.savi.org/SAVI/PopUps/AssetMoreInfo.aspx?AssetID=842136"}},{"type":"Feature","geometry":{"type":"Point","coordinates":[-85.64349377,40.33807243]},"properties":{"name":"VAN BUREN TOWNSHIP TRUSTEE MADISON COUNTY","assetType":"Drug Prescriptions","dataYear":"2016","assetId":"873867","subcategory":"Health","detail":"https://classic.savi.org/SAVI/PopUps/AssetMoreInfo.aspx?AssetID=873867"}},{"type":"Feature","geometry":{"type":"Point","coordinates":[-85.64349377,40.33807243]},"properties":{"name":"VAN BUREN TOWNSHIP TRUSTEE MADISON COUNTY","assetType":"Drug Prescriptions","dataYear":"2016","assetId":"855813","subcategory":"Health","detail":"https://classic.savi.org/SAVI/PopUps/AssetMoreInfo.aspx?AssetID=855813"}},{"type":"Feature","geometry":{"type":"Point","coordinates":[-85.744041,39.669129]},"properties":{"name":"VAN BUREN TOWNSHIP TRUSTEE SHELBY COUNTY","assetType":"Drug Prescriptions","dataYear":"2016","assetId":"843108","subcategory":"Health","detail":"https://classic.savi.org/SAVI/PopUps/AssetMoreInfo.aspx?AssetID=843108"}},{"type":"Feature","geometry":{"type":"Point","coordinates":[-85.744041,39.669129]},"properties":{"name":"VAN BUREN TOWNSHIP TRUSTEE SHELBY COUNTY","assetType":"Drug Prescriptions","dataYear":"2016","assetId":"858315","subcategory":"Health","detail":"https://classic.savi.org/SAVI/PopUps/AssetMoreInfo.aspx?AssetID=858315"}},{"type":"Feature","geometry":{"type":"Point","coordinates":[-85.744041,39.669129]},"properties":{"name":"VAN BUREN TOWNSHIP TRUSTEE SHELBY COUNTY","assetType":"Drug Prescriptions","dataYear":"2016","assetId":"876243","subcategory":"Health","detail":"https://classic.savi.org/SAVI/PopUps/AssetMoreInfo.aspx?AssetID=876243"}},{"type":"Feature","geometry":{"type":"Point","coordinates":[-85.84991704,39.93401262]},"properties":{"name":"VERNON TOWNSHIP TRUSTEE HANCOCK COUNTY","assetType":"Drug Prescriptions","dataYear":"2016","assetId":"843094","subcategory":"Health","detail":"https://classic.savi.org/SAVI/PopUps/AssetMoreInfo.aspx?AssetID=843094"}},{"type":"Feature","geometry":{"type":"Point","coordinates":[-85.84991704,39.93401262]},"properties":{"name":"VERNON TOWNSHIP TRUSTEE HANCOCK COUNTY","assetType":"Drug Prescriptions","dataYear":"2016","assetId":"876228","subcategory":"Health","detail":"https://classic.savi.org/SAVI/PopUps/AssetMoreInfo.aspx?AssetID=876228"}},{"type":"Feature","geometry":{"type":"Point","coordinates":[-85.84991704,39.93401262]},"properties":{"name":"VERNON TOWNSHIP TRUSTEE HANCOCK COUNTY","assetType":"Drug Prescriptions","dataYear":"2016","assetId":"858300","subcategory":"Health","detail":"https://classic.savi.org/SAVI/PopUps/AssetMoreInfo.aspx?AssetID=858300"}},{"type":"Feature","geometry":{"type":"Point","coordinates":[-86.00785246,39.77914121]},"properties":{"name":"WARREN TOWNSHIP TRUSTEE MARION COUNTY","assetType":"Drug Prescriptions","dataYear":"2016","assetId":"876205","subcategory":"Health","detail":"https://classic.savi.org/SAVI/PopUps/AssetMoreInfo.aspx?AssetID=876205"}},{"type":"Feature","geometry":{"type":"Point","coordinates":[-86.00785246,39.77914121]},"properties":{"name":"WARREN TOWNSHIP TRUSTEE MARION COUNTY","assetType":"Drug Prescriptions","dataYear":"2016","assetId":"858277","subcategory":"Health","detail":"https://classic.savi.org/SAVI/PopUps/AssetMoreInfo.aspx?AssetID=858277"}},{"type":"Feature","geometry":{"type":"Point","coordinates":[-86.00785246,39.77914121]},"properties":{"name":"WARREN TOWNSHIP TRUSTEE MARION COUNTY","assetType":"Drug Prescriptions","dataYear":"2016","assetId":"843059","subcategory":"Health","detail":"https://classic.savi.org/SAVI/PopUps/AssetMoreInfo.aspx?AssetID=843059"}},{"type":"Feature","geometry":{"type":"Point","coordinates":[-86.81951943,39.59938815]},"properties":{"name":"WARREN TOWNSHIP TRUSTEE PUTNAM COUNTY","assetType":"Drug Prescriptions","dataYear":"2016","assetId":"844199","subcategory":"Health","detail":"https://classic.savi.org/SAVI/PopUps/AssetMoreInfo.aspx?AssetID=844199"}},{"type":"Feature","geometry":{"type":"Point","coordinates":[-86.81951943,39.59938815]},"properties":{"name":"WARREN TOWNSHIP TRUSTEE PUTNAM COUNTY","assetType":"Drug Prescriptions","dataYear":"2016","assetId":"856472","subcategory":"Health","detail":"https://classic.savi.org/SAVI/PopUps/AssetMoreInfo.aspx?AssetID=856472"}},{"type":"Feature","geometry":{"type":"Point","coordinates":[-86.81951943,39.59938815]},"properties":{"name":"WARREN TOWNSHIP TRUSTEE PUTNAM COUNTY","assetType":"Drug Prescriptions","dataYear":"2016","assetId":"874492","subcategory":"Health","detail":"https://classic.savi.org/SAVI/PopUps/AssetMoreInfo.aspx?AssetID=874492"}},{"type":"Feature","geometry":{"type":"Point","coordinates":[-86.56342319,40.13317915]},"properties":{"name":"WASHINGTON TOWNSHIP TRUSTEE BOONE COUNTY","assetType":"Drug Prescriptions","dataYear":"2016","assetId":"858205","subcategory":"Health","detail":"https://classic.savi.org/SAVI/PopUps/AssetMoreInfo.aspx?AssetID=858205"}},{"type":"Feature","geometry":{"type":"Point","coordinates":[-86.56342319,40.13317915]},"properties":{"name":"WASHINGTON TOWNSHIP TRUSTEE BOONE COUNTY","assetType":"Drug Prescriptions","dataYear":"2016","assetId":"843038","subcategory":"Health","detail":"https://classic.savi.org/SAVI/PopUps/AssetMoreInfo.aspx?AssetID=843038"}},{"type":"Feature","geometry":{"type":"Point","coordinates":[-86.56342319,40.13317915]},"properties":{"name":"WASHINGTON TOWNSHIP TRUSTEE BOONE COUNTY","assetType":"Drug Prescriptions","dataYear":"2016","assetId":"876133","subcategory":"Health","detail":"https://classic.savi.org/SAVI/PopUps/AssetMoreInfo.aspx?AssetID=876133"}},{"type":"Feature","geometry":{"type":"Point","coordinates":[-86.13000542,40.00531573]},"properties":{"name":"WASHINGTON TOWNSHIP TRUSTEE HAMILTON COUNTY","assetType":"Drug Prescriptions","dataYear":"2016","assetId":"858259","subcategory":"Health","detail":"https://classic.savi.org/SAVI/PopUps/AssetMoreInfo.aspx?AssetID=858259"}},{"type":"Feature","geometry":{"type":"Point","coordinates":[-86.13000542,40.00531573]},"properties":{"name":"WASHINGTON TOWNSHIP TRUSTEE HAMILTON COUNTY","assetType":"Drug Prescriptions","dataYear":"2016","assetId":"845045","subcategory":"Health","detail":"https://classic.savi.org/SAVI/PopUps/AssetMoreInfo.aspx?AssetID=845045"}},{"type":"Feature","geometry":{"type":"Point","coordinates":[-86.13000542,40.00531573]},"properties":{"name":"WASHINGTON TOWNSHIP TRUSTEE HAMILTON COUNTY","assetType":"Drug Prescriptions","dataYear":"2016","assetId":"876187","subcategory":"Health","detail":"https://classic.savi.org/SAVI/PopUps/AssetMoreInfo.aspx?AssetID=876187"}},{"type":"Feature","geometry":{"type":"Point","coordinates":[-86.38663686,39.76132339]},"properties":{"name":"WASHINGTON TOWNSHIP TRUSTEE HENDRICKS COUNTY","assetType":"Drug Prescriptions","dataYear":"2016","assetId":"845032","subcategory":"Health","detail":"https://classic.savi.org/SAVI/PopUps/AssetMoreInfo.aspx?AssetID=845032"}},{"type":"Feature","geometry":{"type":"Point","coordinates":[-86.38663686,39.76132339]},"properties":{"name":"WASHINGTON TOWNSHIP TRUSTEE HENDRICKS COUNTY","assetType":"Drug Prescriptions","dataYear":"2016","assetId":"858189","subcategory":"Health","detail":"https://classic.savi.org/SAVI/PopUps/AssetMoreInfo.aspx?AssetID=858189"}},{"type":"Feature","geometry":{"type":"Point","coordinates":[-86.38663686,39.76132339]},"properties":{"name":"WASHINGTON TOWNSHIP TRUSTEE HENDRICKS COUNTY","assetType":"Drug Prescriptions","dataYear":"2016","assetId":"876117","subcategory":"Health","detail":"https://classic.savi.org/SAVI/PopUps/AssetMoreInfo.aspx?AssetID=876117"}},{"type":"Feature","geometry":{"type":"Point","coordinates":[-86.12639155,39.84924889]},"properties":{"name":"WASHINGTON TOWNSHIP TRUSTEE MARION COUNTY","assetType":"Drug Prescriptions","dataYear":"2016","assetId":"845015","subcategory":"Health","detail":"https://classic.savi.org/SAVI/PopUps/AssetMoreInfo.aspx?AssetID=845015"}},{"type":"Feature","geometry":{"type":"Point","coordinates":[-86.12639155,39.84924889]},"properties":{"name":"WASHINGTON TOWNSHIP TRUSTEE MARION COUNTY","assetType":"Drug Prescriptions","dataYear":"2016","assetId":"876107","subcategory":"Health","detail":"https://classic.savi.org/SAVI/PopUps/AssetMoreInfo.aspx?AssetID=876107"}},{"type":"Feature","geometry":{"type":"Point","coordinates":[-86.12639155,39.84924889]},"properties":{"name":"WASHINGTON TOWNSHIP TRUSTEE MARION COUNTY","assetType":"Drug Prescriptions","dataYear":"2016","assetId":"858179","subcategory":"Health","detail":"https://classic.savi.org/SAVI/PopUps/AssetMoreInfo.aspx?AssetID=858179"}},{"type":"Feature","geometry":{"type":"Point","coordinates":[-86.43058334,39.4275984]},"properties":{"name":"WASHINGTON TOWNSHIP TRUSTEE MORGAN COUNTY","assetType":"Drug Prescriptions","dataYear":"2016","assetId":"845000","subcategory":"Health","detail":"https://classic.savi.org/SAVI/PopUps/AssetMoreInfo.aspx?AssetID=845000"}},{"type":"Feature","geometry":{"type":"Point","coordinates":[-86.43058334,39.4275984]},"properties":{"name":"WASHINGTON TOWNSHIP TRUSTEE MORGAN COUNTY","assetType":"Drug Prescriptions","dataYear":"2016","assetId":"876099","subcategory":"Health","detail":"https://classic.savi.org/SAVI/PopUps/AssetMoreInfo.aspx?AssetID=876099"}},{"type":"Feature","geometry":{"type":"Point","coordinates":[-86.43058334,39.4275984]},"properties":{"name":"WASHINGTON TOWNSHIP TRUSTEE MORGAN COUNTY","assetType":"Drug Prescriptions","dataYear":"2016","assetId":"858171","subcategory":"Health","detail":"https://classic.savi.org/SAVI/PopUps/AssetMoreInfo.aspx?AssetID=858171"}},{"type":"Feature","geometry":{"type":"Point","coordinates":[-86.99883368,39.48483949]},"properties":{"name":"WASHINGTON TOWNSHIP TRUSTEE PUTNAM COUNTY","assetType":"Drug Prescriptions","dataYear":"2016","assetId":"874483","subcategory":"Health","detail":"https://classic.savi.org/SAVI/PopUps/AssetMoreInfo.aspx?AssetID=874483"}},{"type":"Feature","geometry":{"type":"Point","coordinates":[-86.99883368,39.48483949]},"properties":{"name":"WASHINGTON TOWNSHIP TRUSTEE PUTNAM COUNTY","assetType":"Drug Prescriptions","dataYear":"2016","assetId":"856463","subcategory":"Health","detail":"https://classic.savi.org/SAVI/PopUps/AssetMoreInfo.aspx?AssetID=856463"}},{"type":"Feature","geometry":{"type":"Point","coordinates":[-86.99883368,39.48483949]},"properties":{"name":"WASHINGTON TOWNSHIP TRUSTEE PUTNAM COUNTY","assetType":"Drug Prescriptions","dataYear":"2016","assetId":"844049","subcategory":"Health","detail":"https://classic.savi.org/SAVI/PopUps/AssetMoreInfo.aspx?AssetID=844049"}},{"type":"Feature","geometry":{"type":"Point","coordinates":[-85.82702901,39.40804801]},"properties":{"name":"WASHINGTON TOWNSHIP TRUSTEE SHELBY COUNTY","assetType":"Drug Prescriptions","dataYear":"2016","assetId":"858163","subcategory":"Health","detail":"https://classic.savi.org/SAVI/PopUps/AssetMoreInfo.aspx?AssetID=858163"}},{"type":"Feature","geometry":{"type":"Point","coordinates":[-85.82702901,39.40804801]},"properties":{"name":"WASHINGTON TOWNSHIP TRUSTEE SHELBY COUNTY","assetType":"Drug Prescriptions","dataYear":"2016","assetId":"844986","subcategory":"Health","detail":"https://classic.savi.org/SAVI/PopUps/AssetMoreInfo.aspx?AssetID=844986"}},{"type":"Feature","geometry":{"type":"Point","coordinates":[-85.82702901,39.40804801]},"properties":{"name":"WASHINGTON TOWNSHIP TRUSTEE SHELBY COUNTY","assetType":"Drug Prescriptions","dataYear":"2016","assetId":"876091","subcategory":"Health","detail":"https://classic.savi.org/SAVI/PopUps/AssetMoreInfo.aspx?AssetID=876091"}},{"type":"Feature","geometry":{"type":"Point","coordinates":[-85.94419754,40.04983706]},"properties":{"name":"WAYNE TOWNSHIP TRUSTEE HAMILTON COUNTY","assetType":"Drug Prescriptions","dataYear":"2016","assetId":"858155","subcategory":"Health","detail":"https://classic.savi.org/SAVI/PopUps/AssetMoreInfo.aspx?AssetID=858155"}},{"type":"Feature","geometry":{"type":"Point","coordinates":[-85.94419754,40.04983706]},"properties":{"name":"WAYNE TOWNSHIP TRUSTEE HAMILTON COUNTY","assetType":"Drug Prescriptions","dataYear":"2016","assetId":"876083","subcategory":"Health","detail":"https://classic.savi.org/SAVI/PopUps/AssetMoreInfo.aspx?AssetID=876083"}},{"type":"Feature","geometry":{"type":"Point","coordinates":[-86.25254601,39.75201919]},"properties":{"name":"WAYNE TOWNSHIP TRUSTEE MARION COUNTY","assetType":"Drug Prescriptions","dataYear":"2016","assetId":"844971","subcategory":"Health","detail":"https://classic.savi.org/SAVI/PopUps/AssetMoreInfo.aspx?AssetID=844971"}},{"type":"Feature","geometry":{"type":"Point","coordinates":[-86.25254601,39.75201919]},"properties":{"name":"WAYNE TOWNSHIP TRUSTEE MARION COUNTY","assetType":"Drug Prescriptions","dataYear":"2016","assetId":"876075","subcategory":"Health","detail":"https://classic.savi.org/SAVI/PopUps/AssetMoreInfo.aspx?AssetID=876075"}},{"type":"Feature","geometry":{"type":"Point","coordinates":[-86.25254601,39.75201919]},"properties":{"name":"WAYNE TOWNSHIP TRUSTEE MARION COUNTY","assetType":"Drug Prescriptions","dataYear":"2016","assetId":"858147","subcategory":"Health","detail":"https://classic.savi.org/SAVI/PopUps/AssetMoreInfo.aspx?AssetID=858147"}},{"type":"Feature","geometry":{"type":"Point","coordinates":[-85.94058344,40.16132485]},"properties":{"name":"WHITE RIVER TOWNSHIP TRUSTEE HAMILTON COUNTY","assetType":"Drug Prescriptions","dataYear":"2016","assetId":"876055","subcategory":"Health","detail":"https://classic.savi.org/SAVI/PopUps/AssetMoreInfo.aspx?AssetID=876055"}},{"type":"Feature","geometry":{"type":"Point","coordinates":[-85.94058344,40.16132485]},"properties":{"name":"WHITE RIVER TOWNSHIP TRUSTEE HAMILTON COUNTY","assetType":"Drug Prescriptions","dataYear":"2016","assetId":"858127","subcategory":"Health","detail":"https://classic.savi.org/SAVI/PopUps/AssetMoreInfo.aspx?AssetID=858127"}},{"type":"Feature","geometry":{"type":"Point","coordinates":[-85.94058344,40.16132485]},"properties":{"name":"WHITE RIVER TOWNSHIP TRUSTEE HAMILTON COUNTY","assetType":"Drug Prescriptions","dataYear":"2016","assetId":"843027","subcategory":"Health","detail":"https://classic.savi.org/SAVI/PopUps/AssetMoreInfo.aspx?AssetID=843027"}},{"type":"Feature","geometry":{"type":"Point","coordinates":[-86.19676128,39.57233216]},"properties":{"name":"WHITE RIVER TOWNSHIP TRUSTEE JOHNSON COUNTY","assetType":"Drug Prescriptions","dataYear":"2016","assetId":"858118","subcategory":"Health","detail":"https://classic.savi.org/SAVI/PopUps/AssetMoreInfo.aspx?AssetID=858118"}},{"type":"Feature","geometry":{"type":"Point","coordinates":[-86.19676128,39.57233216]},"properties":{"name":"WHITE RIVER TOWNSHIP TRUSTEE JOHNSON COUNTY","assetType":"Drug Prescriptions","dataYear":"2016","assetId":"876046","subcategory":"Health","detail":"https://classic.savi.org/SAVI/PopUps/AssetMoreInfo.aspx?AssetID=876046"}},{"type":"Feature","geometry":{"type":"Point","coordinates":[-86.19676128,39.57233216]},"properties":{"name":"WHITE RIVER TOWNSHIP TRUSTEE JOHNSON COUNTY","assetType":"Drug Prescriptions","dataYear":"2016","assetId":"843011","subcategory":"Health","detail":"https://classic.savi.org/SAVI/PopUps/AssetMoreInfo.aspx?AssetID=843011"}},{"type":"Feature","geometry":{"type":"Point","coordinates":[-86.27491801,39.95141235]},"properties":{"name":"ZIONSVILLE PUBLIC ASSISTANCE OFFICE","assetType":"Drug Prescriptions","dataYear":"2016","assetId":"856555","subcategory":"Health","detail":"https://classic.savi.org/SAVI/PopUps/AssetMoreInfo.aspx?AssetID=856555"}},{"type":"Feature","geometry":{"type":"Point","coordinates":[-86.27491801,39.95141235]},"properties":{"name":"ZIONSVILLE PUBLIC ASSISTANCE OFFICE","assetType":"Drug Prescriptions","dataYear":"2016","assetId":"874575","subcategory":"Health","detail":"https://classic.savi.org/SAVI/PopUps/AssetMoreInfo.aspx?AssetID=874575"}},{"type":"Feature","geometry":{"type":"Point","coordinates":[-86.27491801,39.95141235]},"properties":{"name":"ZIONSVILLE PUBLIC ASSISTANCE OFFICE","assetType":"Drug Prescriptions","dataYear":"2016","assetId":"842358","subcategory":"Health","detail":"https://classic.savi.org/SAVI/PopUps/AssetMoreInfo.aspx?AssetID=842358"}},{"type":"Feature","geometry":{"type":"Point","coordinates":[-86.18300487,39.77744769]},"properties":{"name":"ESKENAZI HEALTH","assetType":"Eye Care","dataYear":"2018","assetId":"922684","subcategory":"Health","detail":"https://classic.savi.org/SAVI/PopUps/AssetMoreInfo.aspx?AssetID=922684"}},{"type":"Feature","geometry":{"type":"Point","coordinates":[-86.10783338,39.7373667]},"properties":{"name":"HEALTHNET BARRINGTON HEALTH AND DENTAL CENTER","assetType":"Eye Care","dataYear":"2018","assetId":"918599","subcategory":"Health","detail":"https://classic.savi.org/SAVI/PopUps/AssetMoreInfo.aspx?AssetID=918599"}},{"type":"Feature","geometry":{"type":"Point","coordinates":[-86.11976288,39.80829122]},"properties":{"name":"HEALTHNET MARTINDALE-BRIGHTWOOD HEALTH","assetType":"Eye Care","dataYear":"2018","assetId":"918642","subcategory":"Health","detail":"https://classic.savi.org/SAVI/PopUps/AssetMoreInfo.aspx?AssetID=918642"}},{"type":"Feature","geometry":{"type":"Point","coordinates":[-86.13933304,39.75459711]},"properties":{"name":"HEALTHNET SOUTHEAST HEALTH AND DENTAL CENTER","assetType":"Eye Care","dataYear":"2018","assetId":"918592","subcategory":"Health","detail":"https://classic.savi.org/SAVI/PopUps/AssetMoreInfo.aspx?AssetID=918592"}},{"type":"Feature","geometry":{"type":"Point","coordinates":[-86.18766513,39.7513741]},"properties":{"name":"HEALTHNET SOUTHWEST HEALTH AND DENTAL CENTER","assetType":"Eye Care","dataYear":"2018","assetId":"918370","subcategory":"Health","detail":"https://classic.savi.org/SAVI/PopUps/AssetMoreInfo.aspx?AssetID=918370"}},{"type":"Feature","geometry":{"type":"Point","coordinates":[-86.1653495,39.77488844]},"properties":{"name":"INDIANAPOLIS EYE CARE CENTER COMMUNITY OUTREACH","assetType":"Eye Care","dataYear":"2018","assetId":"918124","subcategory":"Health","detail":"https://classic.savi.org/SAVI/PopUps/AssetMoreInfo.aspx?AssetID=918124"}},{"type":"Feature","geometry":{"type":"Point","coordinates":[-86.12158629,39.78182044]},"properties":{"name":"PEOPLE S HEALTH CENTER","assetType":"Eye Care","dataYear":"2018","assetId":"918591","subcategory":"Health","detail":"https://classic.savi.org/SAVI/PopUps/AssetMoreInfo.aspx?AssetID=918591"}},{"type":"Feature","geometry":{"type":"Point","coordinates":[-86.10783338,39.7373667]},"properties":{"name":"Barrington Health Center","assetType":"Family and Community Medicine","dataYear":"2018","assetId":"924043","subcategory":"Health","detail":"https://classic.savi.org/SAVI/PopUps/AssetMoreInfo.aspx?AssetID=924043"}},{"type":"Feature","geometry":{"type":"Point","coordinates":[-86.47176649,40.05783376]},"properties":{"name":"Boone County Community Clinic","assetType":"Family and Community Medicine","dataYear":"2018","assetId":"924100","subcategory":"Health","detail":"https://classic.savi.org/SAVI/PopUps/AssetMoreInfo.aspx?AssetID=924100"}},{"type":"Feature","geometry":{"type":"Point","coordinates":[-86.47211975,40.05783545]},"properties":{"name":"Boone County Community Clinic","assetType":"Family and Community Medicine","dataYear":"2018","assetId":"923061","subcategory":"Health","detail":"https://classic.savi.org/SAVI/PopUps/AssetMoreInfo.aspx?AssetID=923061"}},{"type":"Feature","geometry":{"type":"Point","coordinates":[-86.16127756,39.78873305]},"properties":{"name":"Care Center at the Towers","assetType":"Family and Community Medicine","dataYear":"2018","assetId":"923774","subcategory":"Health","detail":"https://classic.savi.org/SAVI/PopUps/AssetMoreInfo.aspx?AssetID=923774"}},{"type":"Feature","geometry":{"type":"Point","coordinates":[-86.01170847,39.82746745]},"properties":{"name":"Eastside Health Center","assetType":"Family and Community Medicine","dataYear":"2018","assetId":"924459","subcategory":"Health","detail":"https://classic.savi.org/SAVI/PopUps/AssetMoreInfo.aspx?AssetID=924459"}},{"type":"Feature","geometry":{"type":"Point","coordinates":[-86.14489272,39.78957378]},"properties":{"name":"Eskenazi Health Center 1650 College Avenue","assetType":"Family and Community Medicine","dataYear":"2018","assetId":"924846","subcategory":"Health","detail":"https://classic.savi.org/SAVI/PopUps/AssetMoreInfo.aspx?AssetID=924846"}},{"type":"Feature","geometry":{"type":"Point","coordinates":[-85.76797617,39.79009681]},"properties":{"name":"Eskenazi Health Center Barton Annex","assetType":"Family and Community Medicine","dataYear":"2018","assetId":"924321","subcategory":"Health","detail":"https://classic.savi.org/SAVI/PopUps/AssetMoreInfo.aspx?AssetID=924321"}},{"type":"Feature","geometry":{"type":"Point","coordinates":[-86.17178708,39.80552985]},"properties":{"name":"Eskenazi Health Center Blackburn","assetType":"Family and Community Medicine","dataYear":"2018","assetId":"923203","subcategory":"Health","detail":"https://classic.savi.org/SAVI/PopUps/AssetMoreInfo.aspx?AssetID=923203"}},{"type":"Feature","geometry":{"type":"Point","coordinates":[-86.14009831,39.74778985]},"properties":{"name":"Eskenazi Health Center Cottage Corner","assetType":"Family and Community Medicine","dataYear":"2018","assetId":"923694","subcategory":"Health","detail":"https://classic.savi.org/SAVI/PopUps/AssetMoreInfo.aspx?AssetID=923694"}},{"type":"Feature","geometry":{"type":"Point","coordinates":[-86.10286914,39.82650641]},"properties":{"name":"Eskenazi Health Center Forest Manor","assetType":"Family and Community Medicine","dataYear":"2018","assetId":"923838","subcategory":"Health","detail":"https://classic.savi.org/SAVI/PopUps/AssetMoreInfo.aspx?AssetID=923838"}},{"type":"Feature","geometry":{"type":"Point","coordinates":[-86.00161822,39.82527041]},"properties":{"name":"Eskenazi Health Center Grassy Creek","assetType":"Family and Community Medicine","dataYear":"2018","assetId":"924342","subcategory":"Health","detail":"https://classic.savi.org/SAVI/PopUps/AssetMoreInfo.aspx?AssetID=924342"}},{"type":"Feature","geometry":{"type":"Point","coordinates":[-86.06376587,39.80381288]},"properties":{"name":"Eskenazi Health Center North Arlington","assetType":"Family and Community Medicine","dataYear":"2018","assetId":"924688","subcategory":"Health","detail":"https://classic.savi.org/SAVI/PopUps/AssetMoreInfo.aspx?AssetID=924688"}},{"type":"Feature","geometry":{"type":"Point","coordinates":[-86.21176237,39.88188392]},"properties":{"name":"Eskenazi Health Center Pecar","assetType":"Family and Community Medicine","dataYear":"2018","assetId":"923640","subcategory":"Health","detail":"https://classic.savi.org/SAVI/PopUps/AssetMoreInfo.aspx?AssetID=923640"}},{"type":"Feature","geometry":{"type":"Point","coordinates":[-86.18302418,39.77762562]},"properties":{"name":"Eskenazi Health Center Primary Care","assetType":"Family and Community Medicine","dataYear":"2018","assetId":"924427","subcategory":"Health","detail":"https://classic.savi.org/SAVI/PopUps/AssetMoreInfo.aspx?AssetID=924427"}},{"type":"Feature","geometry":{"type":"Point","coordinates":[-86.20587725,39.77469101]},"properties":{"name":"Eskenazi Health Center Westside","assetType":"Family and Community Medicine","dataYear":"2018","assetId":"923584","subcategory":"Health","detail":"https://classic.savi.org/SAVI/PopUps/AssetMoreInfo.aspx?AssetID=923584"}},{"type":"Feature","geometry":{"type":"Point","coordinates":[-86.21762267,39.80644579]},"properties":{"name":"Eskenazi Health Eagledale","assetType":"Family and Community Medicine","dataYear":"2018","assetId":"923567","subcategory":"Health","detail":"https://classic.savi.org/SAVI/PopUps/AssetMoreInfo.aspx?AssetID=923567"}},{"type":"Feature","geometry":{"type":"Point","coordinates":[-86.0939709,39.78133035]},"properties":{"name":"Eskenazi Health Linwood","assetType":"Family and Community Medicine","dataYear":"2018","assetId":"924980","subcategory":"Health","detail":"https://classic.savi.org/SAVI/PopUps/AssetMoreInfo.aspx?AssetID=924980"}},{"type":"Feature","geometry":{"type":"Point","coordinates":[-86.25740533,39.82361033]},"properties":{"name":"Eskenazi Health West 38th St","assetType":"Family and Community Medicine","dataYear":"2018","assetId":"922992","subcategory":"Health","detail":"https://classic.savi.org/SAVI/PopUps/AssetMoreInfo.aspx?AssetID=922992"}},{"type":"Feature","geometry":{"type":"Point","coordinates":[-86.01158953,40.05439647]},"properties":{"name":"HAMILTON COUNTY WIC PROGRAM","assetType":"Family and Community Medicine","dataYear":"2018","assetId":"923392","subcategory":"Health","detail":"https://classic.savi.org/SAVI/PopUps/AssetMoreInfo.aspx?AssetID=923392"}},{"type":"Feature","geometry":{"type":"Point","coordinates":[-86.1497061,39.77240977]},"properties":{"name":"Learning Well Inc","assetType":"Family and Community Medicine","dataYear":"2018","assetId":"924293","subcategory":"Health","detail":"https://classic.savi.org/SAVI/PopUps/AssetMoreInfo.aspx?AssetID=924293"}},{"type":"Feature","geometry":{"type":"Point","coordinates":[-86.11976288,39.80829122]},"properties":{"name":"Martindale Brightwood Community Health Center","assetType":"Family and Community Medicine","dataYear":"2018","assetId":"925066","subcategory":"Health","detail":"https://classic.savi.org/SAVI/PopUps/AssetMoreInfo.aspx?AssetID=925066"}},{"type":"Feature","geometry":{"type":"Point","coordinates":[-86.11511119,39.82809566]},"properties":{"name":"Northeast Health Center","assetType":"Family and Community Medicine","dataYear":"2018","assetId":"923630","subcategory":"Health","detail":"https://classic.savi.org/SAVI/PopUps/AssetMoreInfo.aspx?AssetID=923630"}},{"type":"Feature","geometry":{"type":"Point","coordinates":[-86.18067759,39.80982647]},"properties":{"name":"Northwest Health Center","assetType":"Family and Community Medicine","dataYear":"2018","assetId":"924212","subcategory":"Health","detail":"https://classic.savi.org/SAVI/PopUps/AssetMoreInfo.aspx?AssetID=924212"}},{"type":"Feature","geometry":{"type":"Point","coordinates":[-85.64738817,40.10573993]},"properties":{"name":"Open Door Family Planning Clinic","assetType":"Family and Community Medicine","dataYear":"2018","assetId":"923195","subcategory":"Health","detail":"https://classic.savi.org/SAVI/PopUps/AssetMoreInfo.aspx?AssetID=923195"}},{"type":"Feature","geometry":{"type":"Point","coordinates":[-85.68030667,40.09721445]},"properties":{"name":"Open Door Health Services - Anderson II","assetType":"Family and Community Medicine","dataYear":"2018","assetId":"924287","subcategory":"Health","detail":"https://classic.savi.org/SAVI/PopUps/AssetMoreInfo.aspx?AssetID=924287"}},{"type":"Feature","geometry":{"type":"Point","coordinates":[-85.68060291,40.09497992]},"properties":{"name":"Open Door Health Services - Anderson Primary Care","assetType":"Family and Community Medicine","dataYear":"2018","assetId":"924907","subcategory":"Health","detail":"https://classic.savi.org/SAVI/PopUps/AssetMoreInfo.aspx?AssetID=924907"}},{"type":"Feature","geometry":{"type":"Point","coordinates":[-86.12158629,39.78182044]},"properties":{"name":"Peoples Health Center","assetType":"Family and Community Medicine","dataYear":"2018","assetId":"925176","subcategory":"Health","detail":"https://classic.savi.org/SAVI/PopUps/AssetMoreInfo.aspx?AssetID=925176"}},{"type":"Feature","geometry":{"type":"Point","coordinates":[-86.15049668,39.81727883]},"properties":{"name":"RAPHAEL HEALTH CENTER","assetType":"Family and Community Medicine","dataYear":"2018","assetId":"924606","subcategory":"Health","detail":"https://classic.savi.org/SAVI/PopUps/AssetMoreInfo.aspx?AssetID=924606"}},{"type":"Feature","geometry":{"type":"Point","coordinates":[-86.22962397,39.81755795]},"properties":{"name":"SHALOM PRIMARY CARE CENTER","assetType":"Family and Community Medicine","dataYear":"2018","assetId":"925231","subcategory":"Health","detail":"https://classic.savi.org/SAVI/PopUps/AssetMoreInfo.aspx?AssetID=925231"}},{"type":"Feature","geometry":{"type":"Point","coordinates":[-86.26216356,39.85372395]},"properties":{"name":"Shalom 56th Street - New Access Point","assetType":"Family and Community Medicine","dataYear":"2018","assetId":"923096","subcategory":"Health","detail":"https://classic.savi.org/SAVI/PopUps/AssetMoreInfo.aspx?AssetID=923096"}},{"type":"Feature","geometry":{"type":"Point","coordinates":[-86.13933304,39.75459711]},"properties":{"name":"Southeast Health Center","assetType":"Family and Community Medicine","dataYear":"2018","assetId":"924304","subcategory":"Health","detail":"https://classic.savi.org/SAVI/PopUps/AssetMoreInfo.aspx?AssetID=924304"}},{"type":"Feature","geometry":{"type":"Point","coordinates":[-86.18814314,39.75134969]},"properties":{"name":"Southwest Health Center","assetType":"Family and Community Medicine","dataYear":"2018","assetId":"924891","subcategory":"Health","detail":"https://classic.savi.org/SAVI/PopUps/AssetMoreInfo.aspx?AssetID=924891"}},{"type":"Feature","geometry":{"type":"Point","coordinates":[-86.15310488,39.73008179]},"properties":{"name":"St Francis Neighborhood Health Center at Garfield park","assetType":"Family and Community Medicine","dataYear":"2018","assetId":"924944","subcategory":"Health","detail":"https://classic.savi.org/SAVI/PopUps/AssetMoreInfo.aspx?AssetID=924944"}},{"type":"Feature","geometry":{"type":"Point","coordinates":[-86.26509914,39.77810737]},"properties":{"name":"West Health Center","assetType":"Family and Community Medicine","dataYear":"2018","assetId":"923238","subcategory":"Health","detail":"https://classic.savi.org/SAVI/PopUps/AssetMoreInfo.aspx?AssetID=923238"}},{"type":"Feature","geometry":{"type":"Point","coordinates":[-86.1373112,39.63643924]},"properties":{"name":"Windrose Health Network - Countyline","assetType":"Family and Community Medicine","dataYear":"2018","assetId":"925022","subcategory":"Health","detail":"https://classic.savi.org/SAVI/PopUps/AssetMoreInfo.aspx?AssetID=925022"}},{"type":"Feature","geometry":{"type":"Point","coordinates":[-86.15106322,39.68478844]},"properties":{"name":"Windrose Health Network - Epler Parke","assetType":"Family and Community Medicine","dataYear":"2018","assetId":"923420","subcategory":"Health","detail":"https://classic.savi.org/SAVI/PopUps/AssetMoreInfo.aspx?AssetID=923420"}},{"type":"Feature","geometry":{"type":"Point","coordinates":[-86.02743416,39.48126643]},"properties":{"name":"Windrose Health Network - Franklin","assetType":"Family and Community Medicine","dataYear":"2018","assetId":"923143","subcategory":"Health","detail":"https://classic.savi.org/SAVI/PopUps/AssetMoreInfo.aspx?AssetID=923143"}},{"type":"Feature","geometry":{"type":"Point","coordinates":[-86.16011052,39.4109815]},"properties":{"name":"Windrose Health Network - Trafalgar","assetType":"Family and Community Medicine","dataYear":"2018","assetId":"924122","subcategory":"Health","detail":"https://classic.savi.org/SAVI/PopUps/AssetMoreInfo.aspx?AssetID=924122"}},{"type":"Feature","geometry":{"type":"Point","coordinates":[-86.46785508,40.04856147]},"properties":{"name":"BOONE COUNTY HEALTH DEPARTMENT","assetType":"Flu Shots","dataYear":"2018","assetId":"919779","subcategory":"Health","detail":"https://classic.savi.org/SAVI/PopUps/AssetMoreInfo.aspx?AssetID=919779"}},{"type":"Feature","geometry":{"type":"Point","coordinates":[-86.24555014,39.20879249]},"properties":{"name":"BROWN COUNTY HEALTH DEPARTMENT","assetType":"Flu Shots","dataYear":"2018","assetId":"916926","subcategory":"Health","detail":"https://classic.savi.org/SAVI/PopUps/AssetMoreInfo.aspx?AssetID=916926"}},{"type":"Feature","geometry":{"type":"Point","coordinates":[-85.9911682,40.04950113]},"properties":{"name":"HAMILTON COUNTY HEALTH DEPARTMENT","assetType":"Flu Shots","dataYear":"2018","assetId":"918632","subcategory":"Health","detail":"https://classic.savi.org/SAVI/PopUps/AssetMoreInfo.aspx?AssetID=918632"}},{"type":"Feature","geometry":{"type":"Point","coordinates":[-85.76807668,39.78409316]},"properties":{"name":"HANCOCK COUNTY HEALTH DEPARTMENT","assetType":"Flu Shots","dataYear":"2018","assetId":"918525","subcategory":"Health","detail":"https://classic.savi.org/SAVI/PopUps/AssetMoreInfo.aspx?AssetID=918525"}},{"type":"Feature","geometry":{"type":"Point","coordinates":[-86.52322041,39.75700956]},"properties":{"name":"HENDRICKS COUNTY HEALTH DEPARTMENT","assetType":"Flu Shots","dataYear":"2018","assetId":"918306","subcategory":"Health","detail":"https://classic.savi.org/SAVI/PopUps/AssetMoreInfo.aspx?AssetID=918306"}},{"type":"Feature","geometry":{"type":"Point","coordinates":[-86.52322041,39.75700956]},"properties":{"name":"HENDRICKS COUNTY HEALTH DEPARTMENT","assetType":"Flu Shots","dataYear":"2018","assetId":"918416","subcategory":"Health","detail":"https://classic.savi.org/SAVI/PopUps/AssetMoreInfo.aspx?AssetID=918416"}},{"type":"Feature","geometry":{"type":"Point","coordinates":[-86.05599054,39.48012402]},"properties":{"name":"JOHNSON COUNTY HEALTH DEPARTMENT","assetType":"Flu Shots","dataYear":"2018","assetId":"917259","subcategory":"Health","detail":"https://classic.savi.org/SAVI/PopUps/AssetMoreInfo.aspx?AssetID=917259"}},{"type":"Feature","geometry":{"type":"Point","coordinates":[-85.67656845,40.10733476]},"properties":{"name":"MADISON COUNTY HEALTH DEPARTMENT","assetType":"Flu Shots","dataYear":"2018","assetId":"919977","subcategory":"Health","detail":"https://classic.savi.org/SAVI/PopUps/AssetMoreInfo.aspx?AssetID=919977"}},{"type":"Feature","geometry":{"type":"Point","coordinates":[-86.21758428,39.80645222]},"properties":{"name":"MARION COUNTY PUBLIC HEALTH DEPARTMENT - EAGLEDALE PLAZA","assetType":"Flu Shots","dataYear":"2018","assetId":"921764","subcategory":"Health","detail":"https://classic.savi.org/SAVI/PopUps/AssetMoreInfo.aspx?AssetID=921764"}},{"type":"Feature","geometry":{"type":"Point","coordinates":[-86.11484612,39.82653297]},"properties":{"name":"MARION COUNTY PUBLIC HEALTH DEPARTMENT - MEADOWS DRIVE","assetType":"Flu Shots","dataYear":"2018","assetId":"921535","subcategory":"Health","detail":"https://classic.savi.org/SAVI/PopUps/AssetMoreInfo.aspx?AssetID=921535"}},{"type":"Feature","geometry":{"type":"Point","coordinates":[-86.06304808,39.79729547]},"properties":{"name":"MARION COUNTY PUBLIC HEALTH DEPARTMENT - NORTHEAST DISTRICT HEALTH OFFICE","assetType":"Flu Shots","dataYear":"2018","assetId":"921771","subcategory":"Health","detail":"https://classic.savi.org/SAVI/PopUps/AssetMoreInfo.aspx?AssetID=921771"}},{"type":"Feature","geometry":{"type":"Point","coordinates":[-86.21176237,39.88188392]},"properties":{"name":"MARION COUNTY PUBLIC HEALTH DEPARTMENT - NORTHWEST DISTRICT HEALTH OFFICE","assetType":"Flu Shots","dataYear":"2018","assetId":"921711","subcategory":"Health","detail":"https://classic.savi.org/SAVI/PopUps/AssetMoreInfo.aspx?AssetID=921711"}},{"type":"Feature","geometry":{"type":"Point","coordinates":[-86.14879931,39.71148142]},"properties":{"name":"MARION COUNTY PUBLIC HEALTH DEPARTMENT - SOUTH DISTRICT HEALTH OFFICE","assetType":"Flu Shots","dataYear":"2018","assetId":"921539","subcategory":"Health","detail":"https://classic.savi.org/SAVI/PopUps/AssetMoreInfo.aspx?AssetID=921539"}},{"type":"Feature","geometry":{"type":"Point","coordinates":[-86.8460895,39.6221169]},"properties":{"name":"PUTNAM COUNTY HEALTH DEPARTMENT","assetType":"Flu Shots","dataYear":"2018","assetId":"920809","subcategory":"Health","detail":"https://classic.savi.org/SAVI/PopUps/AssetMoreInfo.aspx?AssetID=920809"}},{"type":"Feature","geometry":{"type":"Point","coordinates":[-86.8460895,39.6221169]},"properties":{"name":"PUTNAM COUNTY HEALTH DEPARTMENT","assetType":"Flu Shots","dataYear":"2018","assetId":"920807","subcategory":"Health","detail":"https://classic.savi.org/SAVI/PopUps/AssetMoreInfo.aspx?AssetID=920807"}},{"type":"Feature","geometry":{"type":"Point","coordinates":[-86.1210413,39.6660675]},"properties":{"name":"Perry Senior Citizens Services - Home Health Aides","assetType":"Home Health Aides","dataYear":"2007","assetId":"623890","subcategory":"Health","detail":"https://classic.savi.org/SAVI/PopUps/AssetMoreInfo.aspx?AssetID=623890"}},{"type":"Feature","geometry":{"type":"Point","coordinates":[-86.12298623,39.86590085]},"properties":{"name":"1ST CARE HOME HEALTH SERVICES","assetType":"Home Health Care","dataYear":"2018","assetId":"922988","subcategory":"Health","detail":"https://classic.savi.org/SAVI/PopUps/AssetMoreInfo.aspx?AssetID=922988"}},{"type":"Feature","geometry":{"type":"Point","coordinates":[-86.11993082,39.85335857]},"properties":{"name":"1ST PRIORITY HEALTHCARE INC","assetType":"Home Health Care","dataYear":"2018","assetId":"923970","subcategory":"Health","detail":"https://classic.savi.org/SAVI/PopUps/AssetMoreInfo.aspx?AssetID=923970"}},{"type":"Feature","geometry":{"type":"Point","coordinates":[-86.23144883,39.91430244]},"properties":{"name":"4U HOME HEALTH INC","assetType":"Home Health Care","dataYear":"2018","assetId":"924364","subcategory":"Health","detail":"https://classic.savi.org/SAVI/PopUps/AssetMoreInfo.aspx?AssetID=924364"}},{"type":"Feature","geometry":{"type":"Point","coordinates":[-85.69664243,40.06191826]},"properties":{"name":"ABOVE & BEYOND HOMECARE INC","assetType":"Home Health Care","dataYear":"2018","assetId":"924082","subcategory":"Health","detail":"https://classic.savi.org/SAVI/PopUps/AssetMoreInfo.aspx?AssetID=924082"}},{"type":"Feature","geometry":{"type":"Point","coordinates":[-86.2989891,39.84350445]},"properties":{"name":"ABUNDANT HOME HEALTHCARE","assetType":"Home Health Care","dataYear":"2018","assetId":"924030","subcategory":"Health","detail":"https://classic.savi.org/SAVI/PopUps/AssetMoreInfo.aspx?AssetID=924030"}},{"type":"Feature","geometry":{"type":"Point","coordinates":[-86.32267169,39.72499154]},"properties":{"name":"ACCREDO HEALTH GROUP INC","assetType":"Home Health Care","dataYear":"2018","assetId":"922926","subcategory":"Health","detail":"https://classic.savi.org/SAVI/PopUps/AssetMoreInfo.aspx?AssetID=922926"}},{"type":"Feature","geometry":{"type":"Point","coordinates":[-86.07947289,39.87026505]},"properties":{"name":"ACME HEALTH SERVICE INC","assetType":"Home Health Care","dataYear":"2018","assetId":"923109","subcategory":"Health","detail":"https://classic.savi.org/SAVI/PopUps/AssetMoreInfo.aspx?AssetID=923109"}},{"type":"Feature","geometry":{"type":"Point","coordinates":[-86.03204757,39.93272944]},"properties":{"name":"ADAPTIVE NURSING AND HEALTHCARE SERVICES INC","assetType":"Home Health Care","dataYear":"2018","assetId":"925064","subcategory":"Health","detail":"https://classic.savi.org/SAVI/PopUps/AssetMoreInfo.aspx?AssetID=925064"}},{"type":"Feature","geometry":{"type":"Point","coordinates":[-85.71750071,40.05683613]},"properties":{"name":"ADMIRAL HOME HEALTH","assetType":"Home Health Care","dataYear":"2018","assetId":"924239","subcategory":"Health","detail":"https://classic.savi.org/SAVI/PopUps/AssetMoreInfo.aspx?AssetID=924239"}},{"type":"Feature","geometry":{"type":"Point","coordinates":[-86.15752063,39.92035557]},"properties":{"name":"ADVOCATES HOME HEALTH CARE LLC","assetType":"Home Health Care","dataYear":"2018","assetId":"925242","subcategory":"Health","detail":"https://classic.savi.org/SAVI/PopUps/AssetMoreInfo.aspx?AssetID=925242"}},{"type":"Feature","geometry":{"type":"Point","coordinates":[-86.02084336,39.9412306]},"properties":{"name":"AGING & DISABLED HOME HEALTH CARE LLC","assetType":"Home Health Care","dataYear":"2018","assetId":"923686","subcategory":"Health","detail":"https://classic.savi.org/SAVI/PopUps/AssetMoreInfo.aspx?AssetID=923686"}},{"type":"Feature","geometry":{"type":"Point","coordinates":[-86.14522273,39.92791969]},"properties":{"name":"ALLIANCE HOME CARE","assetType":"Home Health Care","dataYear":"2018","assetId":"925244","subcategory":"Health","detail":"https://classic.savi.org/SAVI/PopUps/AssetMoreInfo.aspx?AssetID=925244"}},{"type":"Feature","geometry":{"type":"Point","coordinates":[-86.14522273,39.92791969]},"properties":{"name":"ALLIANCE HOME HEALTH SERVICES INC","assetType":"Home Health Care","dataYear":"2018","assetId":"923848","subcategory":"Health","detail":"https://classic.savi.org/SAVI/PopUps/AssetMoreInfo.aspx?AssetID=923848"}},{"type":"Feature","geometry":{"type":"Point","coordinates":[-86.24796714,39.83301621]},"properties":{"name":"ALLIED HOME CARE","assetType":"Home Health Care","dataYear":"2018","assetId":"923099","subcategory":"Health","detail":"https://classic.savi.org/SAVI/PopUps/AssetMoreInfo.aspx?AssetID=923099"}},{"type":"Feature","geometry":{"type":"Point","coordinates":[-86.24201439,39.89742345]},"properties":{"name":"AM - PM HOME HEALTH SERVICES LLC","assetType":"Home Health Care","dataYear":"2018","assetId":"923011","subcategory":"Health","detail":"https://classic.savi.org/SAVI/PopUps/AssetMoreInfo.aspx?AssetID=923011"}},{"type":"Feature","geometry":{"type":"Point","coordinates":[-86.06159493,39.49201547]},"properties":{"name":"AMERICARE HOME HEALTH SERVICES","assetType":"Home Health Care","dataYear":"2018","assetId":"924335","subcategory":"Health","detail":"https://classic.savi.org/SAVI/PopUps/AssetMoreInfo.aspx?AssetID=924335"}},{"type":"Feature","geometry":{"type":"Point","coordinates":[-86.06159493,39.49201547]},"properties":{"name":"AMERICARE PLUS INC","assetType":"Home Health Care","dataYear":"2018","assetId":"923528","subcategory":"Health","detail":"https://classic.savi.org/SAVI/PopUps/AssetMoreInfo.aspx?AssetID=923528"}},{"type":"Feature","geometry":{"type":"Point","coordinates":[-85.67907405,40.10493435]},"properties":{"name":"ANGELS CARE HOME HEALTH","assetType":"Home Health Care","dataYear":"2018","assetId":"924666","subcategory":"Health","detail":"https://classic.savi.org/SAVI/PopUps/AssetMoreInfo.aspx?AssetID=924666"}},{"type":"Feature","geometry":{"type":"Point","coordinates":[-86.12585478,39.84735]},"properties":{"name":"ANOINTED TOUCH HOME HEALTH LLC","assetType":"Home Health Care","dataYear":"2018","assetId":"923637","subcategory":"Health","detail":"https://classic.savi.org/SAVI/PopUps/AssetMoreInfo.aspx?AssetID=923637"}},{"type":"Feature","geometry":{"type":"Point","coordinates":[-86.05468398,39.90460421]},"properties":{"name":"AT HOME HEALTH SERVICES LLC","assetType":"Home Health Care","dataYear":"2018","assetId":"923616","subcategory":"Health","detail":"https://classic.savi.org/SAVI/PopUps/AssetMoreInfo.aspx?AssetID=923616"}},{"type":"Feature","geometry":{"type":"Point","coordinates":[-85.68157861,40.10823624]},"properties":{"name":"AT HOME SPECIALIZED SENIOR CARE","assetType":"Home Health Care","dataYear":"2018","assetId":"924880","subcategory":"Health","detail":"https://classic.savi.org/SAVI/PopUps/AssetMoreInfo.aspx?AssetID=924880"}},{"type":"Feature","geometry":{"type":"Point","coordinates":[-86.14932993,39.69037404]},"properties":{"name":"ATTENTIVE HOME HEALTHCARE LLC","assetType":"Home Health Care","dataYear":"2018","assetId":"923187","subcategory":"Health","detail":"https://classic.savi.org/SAVI/PopUps/AssetMoreInfo.aspx?AssetID=923187"}},{"type":"Feature","geometry":{"type":"Point","coordinates":[-86.26288715,39.73158575]},"properties":{"name":"BAYADA PEDIATRICS","assetType":"Home Health Care","dataYear":"2018","assetId":"924035","subcategory":"Health","detail":"https://classic.savi.org/SAVI/PopUps/AssetMoreInfo.aspx?AssetID=924035"}},{"type":"Feature","geometry":{"type":"Point","coordinates":[-86.04707757,39.89497624]},"properties":{"name":"BEEWELL INC","assetType":"Home Health Care","dataYear":"2018","assetId":"924012","subcategory":"Health","detail":"https://classic.savi.org/SAVI/PopUps/AssetMoreInfo.aspx?AssetID=924012"}},{"type":"Feature","geometry":{"type":"Point","coordinates":[-86.06931572,39.7063099]},"properties":{"name":"BEST CHOICE HOME CARE","assetType":"Home Health Care","dataYear":"2018","assetId":"925033","subcategory":"Health","detail":"https://classic.savi.org/SAVI/PopUps/AssetMoreInfo.aspx?AssetID=925033"}},{"type":"Feature","geometry":{"type":"Point","coordinates":[-86.15863952,39.92305437]},"properties":{"name":"BRIGHTSTAR HEALTHCARE","assetType":"Home Health Care","dataYear":"2018","assetId":"923533","subcategory":"Health","detail":"https://classic.savi.org/SAVI/PopUps/AssetMoreInfo.aspx?AssetID=923533"}},{"type":"Feature","geometry":{"type":"Point","coordinates":[-86.26710991,39.88663409]},"properties":{"name":"BRIOVARX INFUSION SERVICES 305 LLC","assetType":"Home Health Care","dataYear":"2018","assetId":"923999","subcategory":"Health","detail":"https://classic.savi.org/SAVI/PopUps/AssetMoreInfo.aspx?AssetID=923999"}},{"type":"Feature","geometry":{"type":"Point","coordinates":[-86.25365844,39.86733703]},"properties":{"name":"BROOKDALE HOME HEALTH INDIANAPOLIS","assetType":"Home Health Care","dataYear":"2018","assetId":"924847","subcategory":"Health","detail":"https://classic.savi.org/SAVI/PopUps/AssetMoreInfo.aspx?AssetID=924847"}},{"type":"Feature","geometry":{"type":"Point","coordinates":[-85.67673654,40.14163975]},"properties":{"name":"CARE FORCE ONE INC","assetType":"Home Health Care","dataYear":"2018","assetId":"923868","subcategory":"Health","detail":"https://classic.savi.org/SAVI/PopUps/AssetMoreInfo.aspx?AssetID=923868"}},{"type":"Feature","geometry":{"type":"Point","coordinates":[-85.68893136,40.06201142]},"properties":{"name":"CARE PLUS HOMEHEALTH CARE INC","assetType":"Home Health Care","dataYear":"2018","assetId":"924702","subcategory":"Health","detail":"https://classic.savi.org/SAVI/PopUps/AssetMoreInfo.aspx?AssetID=924702"}},{"type":"Feature","geometry":{"type":"Point","coordinates":[-86.05944569,39.6426239]},"properties":{"name":"CARE4U HOME HEALTH SERVICES INC","assetType":"Home Health Care","dataYear":"2018","assetId":"922920","subcategory":"Health","detail":"https://classic.savi.org/SAVI/PopUps/AssetMoreInfo.aspx?AssetID=922920"}},{"type":"Feature","geometry":{"type":"Point","coordinates":[-86.15220953,39.81985021]},"properties":{"name":"CAREGIVERS INC","assetType":"Home Health Care","dataYear":"2018","assetId":"923075","subcategory":"Health","detail":"https://classic.savi.org/SAVI/PopUps/AssetMoreInfo.aspx?AssetID=923075"}},{"type":"Feature","geometry":{"type":"Point","coordinates":[-86.07186502,39.88325031]},"properties":{"name":"CENTRAL HOME HEALTH SERVICES INC","assetType":"Home Health Care","dataYear":"2018","assetId":"924650","subcategory":"Health","detail":"https://classic.savi.org/SAVI/PopUps/AssetMoreInfo.aspx?AssetID=924650"}},{"type":"Feature","geometry":{"type":"Point","coordinates":[-86.29032437,39.77536843]},"properties":{"name":"CHANGES HOME HEALTH CARE LLC","assetType":"Home Health Care","dataYear":"2018","assetId":"923104","subcategory":"Health","detail":"https://classic.savi.org/SAVI/PopUps/AssetMoreInfo.aspx?AssetID=923104"}},{"type":"Feature","geometry":{"type":"Point","coordinates":[-85.60250728,40.11211392]},"properties":{"name":"CJ S ABUNDANT CARE","assetType":"Home Health Care","dataYear":"2018","assetId":"924086","subcategory":"Health","detail":"https://classic.savi.org/SAVI/PopUps/AssetMoreInfo.aspx?AssetID=924086"}},{"type":"Feature","geometry":{"type":"Point","coordinates":[-86.1565281,39.9203779]},"properties":{"name":"COMFORCARE HOME HEALTH","assetType":"Home Health Care","dataYear":"2018","assetId":"923468","subcategory":"Health","detail":"https://classic.savi.org/SAVI/PopUps/AssetMoreInfo.aspx?AssetID=923468"}},{"type":"Feature","geometry":{"type":"Point","coordinates":[-85.99320346,39.96592638]},"properties":{"name":"COMMUNITY HOME HEALTH","assetType":"Home Health Care","dataYear":"2018","assetId":"924943","subcategory":"Health","detail":"https://classic.savi.org/SAVI/PopUps/AssetMoreInfo.aspx?AssetID=924943"}},{"type":"Feature","geometry":{"type":"Point","coordinates":[-86.14580467,39.9590959]},"properties":{"name":"CORAM CVS SPECIALTY INFUSION SERVICES","assetType":"Home Health Care","dataYear":"2018","assetId":"922887","subcategory":"Health","detail":"https://classic.savi.org/SAVI/PopUps/AssetMoreInfo.aspx?AssetID=922887"}},{"type":"Feature","geometry":{"type":"Point","coordinates":[-86.37466885,39.61006336]},"properties":{"name":"CORNERSTONE HOME HEALTHCARE","assetType":"Home Health Care","dataYear":"2018","assetId":"923748","subcategory":"Health","detail":"https://classic.savi.org/SAVI/PopUps/AssetMoreInfo.aspx?AssetID=923748"}},{"type":"Feature","geometry":{"type":"Point","coordinates":[-86.25046561,39.73307046]},"properties":{"name":"D-BEST HOME CARE","assetType":"Home Health Care","dataYear":"2018","assetId":"923476","subcategory":"Health","detail":"https://classic.savi.org/SAVI/PopUps/AssetMoreInfo.aspx?AssetID=923476"}},{"type":"Feature","geometry":{"type":"Point","coordinates":[-86.15863624,39.97895485]},"properties":{"name":"DIPLOMAT SPECIALTY INFUSION GROUP","assetType":"Home Health Care","dataYear":"2018","assetId":"923801","subcategory":"Health","detail":"https://classic.savi.org/SAVI/PopUps/AssetMoreInfo.aspx?AssetID=923801"}},{"type":"Feature","geometry":{"type":"Point","coordinates":[-86.1163054,39.9633886]},"properties":{"name":"ELITE HOME REHAB AND HEALTHCARE CORP","assetType":"Home Health Care","dataYear":"2018","assetId":"924282","subcategory":"Health","detail":"https://classic.savi.org/SAVI/PopUps/AssetMoreInfo.aspx?AssetID=924282"}},{"type":"Feature","geometry":{"type":"Point","coordinates":[-86.27644189,39.80248202]},"properties":{"name":"EPIC HEALTH SERVICES","assetType":"Home Health Care","dataYear":"2018","assetId":"924295","subcategory":"Health","detail":"https://classic.savi.org/SAVI/PopUps/AssetMoreInfo.aspx?AssetID=924295"}},{"type":"Feature","geometry":{"type":"Point","coordinates":[-86.47031933,40.03914059]},"properties":{"name":"EXCEL HOME HEALTH CARE LLC","assetType":"Home Health Care","dataYear":"2018","assetId":"923124","subcategory":"Health","detail":"https://classic.savi.org/SAVI/PopUps/AssetMoreInfo.aspx?AssetID=923124"}},{"type":"Feature","geometry":{"type":"Point","coordinates":[-86.28175259,39.82583839]},"properties":{"name":"FIRST HORIZON HOME HEALTH CARE LLC","assetType":"Home Health Care","dataYear":"2018","assetId":"924437","subcategory":"Health","detail":"https://classic.savi.org/SAVI/PopUps/AssetMoreInfo.aspx?AssetID=924437"}},{"type":"Feature","geometry":{"type":"Point","coordinates":[-86.15051331,39.67044078]},"properties":{"name":"FIVE STAR HOME HEALTH INC","assetType":"Home Health Care","dataYear":"2018","assetId":"923018","subcategory":"Health","detail":"https://classic.savi.org/SAVI/PopUps/AssetMoreInfo.aspx?AssetID=923018"}},{"type":"Feature","geometry":{"type":"Point","coordinates":[-86.14328253,39.91143071]},"properties":{"name":"FOSTER HEALTHCARE","assetType":"Home Health Care","dataYear":"2018","assetId":"925088","subcategory":"Health","detail":"https://classic.savi.org/SAVI/PopUps/AssetMoreInfo.aspx?AssetID=925088"}},{"type":"Feature","geometry":{"type":"Point","coordinates":[-86.09739693,39.72355966]},"properties":{"name":"FRANCISCAN HOME CARE","assetType":"Home Health Care","dataYear":"2018","assetId":"925288","subcategory":"Health","detail":"https://classic.savi.org/SAVI/PopUps/AssetMoreInfo.aspx?AssetID=925288"}},{"type":"Feature","geometry":{"type":"Point","coordinates":[-86.09739693,39.72355966]},"properties":{"name":"FRANCISCAN VNS HOME CARE INC","assetType":"Home Health Care","dataYear":"2018","assetId":"924799","subcategory":"Health","detail":"https://classic.savi.org/SAVI/PopUps/AssetMoreInfo.aspx?AssetID=924799"}},{"type":"Feature","geometry":{"type":"Point","coordinates":[-86.15078072,39.70745374]},"properties":{"name":"FREEDOM HOME CARE LLC","assetType":"Home Health Care","dataYear":"2018","assetId":"923974","subcategory":"Health","detail":"https://classic.savi.org/SAVI/PopUps/AssetMoreInfo.aspx?AssetID=923974"}},{"type":"Feature","geometry":{"type":"Point","coordinates":[-86.04112551,39.79570848]},"properties":{"name":"FREEDOM HOME HEALTH OF INDIANA LLC","assetType":"Home Health Care","dataYear":"2018","assetId":"924451","subcategory":"Health","detail":"https://classic.savi.org/SAVI/PopUps/AssetMoreInfo.aspx?AssetID=924451"}},{"type":"Feature","geometry":{"type":"Point","coordinates":[-86.15892774,39.59233612]},"properties":{"name":"GOLDEN AGE HOME HEALTH CARE LLC","assetType":"Home Health Care","dataYear":"2018","assetId":"925246","subcategory":"Health","detail":"https://classic.savi.org/SAVI/PopUps/AssetMoreInfo.aspx?AssetID=925246"}},{"type":"Feature","geometry":{"type":"Point","coordinates":[-86.21435135,39.89302521]},"properties":{"name":"GOLDEN HEART HEALTH SERVICES LLC","assetType":"Home Health Care","dataYear":"2018","assetId":"923359","subcategory":"Health","detail":"https://classic.savi.org/SAVI/PopUps/AssetMoreInfo.aspx?AssetID=923359"}},{"type":"Feature","geometry":{"type":"Point","coordinates":[-86.07402672,39.90382291]},"properties":{"name":"GREAT CARE HOME HEALTH INC","assetType":"Home Health Care","dataYear":"2018","assetId":"923215","subcategory":"Health","detail":"https://classic.savi.org/SAVI/PopUps/AssetMoreInfo.aspx?AssetID=923215"}},{"type":"Feature","geometry":{"type":"Point","coordinates":[-86.0332239,39.77134961]},"properties":{"name":"HEAL AT HOME LLC","assetType":"Home Health Care","dataYear":"2018","assetId":"923659","subcategory":"Health","detail":"https://classic.savi.org/SAVI/PopUps/AssetMoreInfo.aspx?AssetID=923659"}},{"type":"Feature","geometry":{"type":"Point","coordinates":[-85.67630234,40.10732522]},"properties":{"name":"HEALING HANDS HOME HEALTH LLC","assetType":"Home Health Care","dataYear":"2018","assetId":"922860","subcategory":"Health","detail":"https://classic.savi.org/SAVI/PopUps/AssetMoreInfo.aspx?AssetID=922860"}},{"type":"Feature","geometry":{"type":"Point","coordinates":[-86.2558265,39.91042614]},"properties":{"name":"HEALTH AT HOME","assetType":"Home Health Care","dataYear":"2018","assetId":"924862","subcategory":"Health","detail":"https://classic.savi.org/SAVI/PopUps/AssetMoreInfo.aspx?AssetID=924862"}},{"type":"Feature","geometry":{"type":"Point","coordinates":[-85.84122614,40.25509911]},"properties":{"name":"HEAVEN SENT HOME HEALTH CARE LLC","assetType":"Home Health Care","dataYear":"2018","assetId":"923015","subcategory":"Health","detail":"https://classic.savi.org/SAVI/PopUps/AssetMoreInfo.aspx?AssetID=923015"}},{"type":"Feature","geometry":{"type":"Point","coordinates":[-86.27767424,39.82643493]},"properties":{"name":"HELP AT HOME SKILLED CARE","assetType":"Home Health Care","dataYear":"2018","assetId":"924158","subcategory":"Health","detail":"https://classic.savi.org/SAVI/PopUps/AssetMoreInfo.aspx?AssetID=924158"}},{"type":"Feature","geometry":{"type":"Point","coordinates":[-86.44032409,39.40541885]},"properties":{"name":"HERITAGE HOME HEALTH SERVICES LLC","assetType":"Home Health Care","dataYear":"2018","assetId":"924545","subcategory":"Health","detail":"https://classic.savi.org/SAVI/PopUps/AssetMoreInfo.aspx?AssetID=924545"}},{"type":"Feature","geometry":{"type":"Point","coordinates":[-85.95143513,39.77768137]},"properties":{"name":"HOME CARE WITH A HEART INC","assetType":"Home Health Care","dataYear":"2018","assetId":"923031","subcategory":"Health","detail":"https://classic.savi.org/SAVI/PopUps/AssetMoreInfo.aspx?AssetID=923031"}},{"type":"Feature","geometry":{"type":"Point","coordinates":[-86.43710744,39.75976906]},"properties":{"name":"HOME HEALTH CARE SOLUTIONS LLC","assetType":"Home Health Care","dataYear":"2018","assetId":"924806","subcategory":"Health","detail":"https://classic.savi.org/SAVI/PopUps/AssetMoreInfo.aspx?AssetID=924806"}},{"type":"Feature","geometry":{"type":"Point","coordinates":[-86.21428014,39.8926353]},"properties":{"name":"HOME SERVICES UNLIMITED INC","assetType":"Home Health Care","dataYear":"2018","assetId":"923077","subcategory":"Health","detail":"https://classic.savi.org/SAVI/PopUps/AssetMoreInfo.aspx?AssetID=923077"}},{"type":"Feature","geometry":{"type":"Point","coordinates":[-85.67075716,40.06229561]},"properties":{"name":"HOOSIER HOMECARE SERVICES LLC","assetType":"Home Health Care","dataYear":"2018","assetId":"923954","subcategory":"Health","detail":"https://classic.savi.org/SAVI/PopUps/AssetMoreInfo.aspx?AssetID=923954"}},{"type":"Feature","geometry":{"type":"Point","coordinates":[-86.0920761,39.35473973]},"properties":{"name":"INDEPENDENCE HOME HEALTH LLC","assetType":"Home Health Care","dataYear":"2018","assetId":"924825","subcategory":"Health","detail":"https://classic.savi.org/SAVI/PopUps/AssetMoreInfo.aspx?AssetID=924825"}},{"type":"Feature","geometry":{"type":"Point","coordinates":[-86.04449565,39.47253621]},"properties":{"name":"INDIANA MASONIC HOME INC","assetType":"Home Health Care","dataYear":"2018","assetId":"922915","subcategory":"Health","detail":"https://classic.savi.org/SAVI/PopUps/AssetMoreInfo.aspx?AssetID=922915"}},{"type":"Feature","geometry":{"type":"Point","coordinates":[-86.15771141,39.7804623]},"properties":{"name":"INDIANA UNIVERSITY HEALTH HOME CARE","assetType":"Home Health Care","dataYear":"2018","assetId":"923415","subcategory":"Health","detail":"https://classic.savi.org/SAVI/PopUps/AssetMoreInfo.aspx?AssetID=923415"}},{"type":"Feature","geometry":{"type":"Point","coordinates":[-86.14858724,39.68850641]},"properties":{"name":"INTERIM HEALTHCARE OF INDIANAPOLIS","assetType":"Home Health Care","dataYear":"2018","assetId":"924195","subcategory":"Health","detail":"https://classic.savi.org/SAVI/PopUps/AssetMoreInfo.aspx?AssetID=924195"}},{"type":"Feature","geometry":{"type":"Point","coordinates":[-86.43710744,39.75976906]},"properties":{"name":"INTREPID USA HEALTHCARE SERVICES","assetType":"Home Health Care","dataYear":"2018","assetId":"924564","subcategory":"Health","detail":"https://classic.savi.org/SAVI/PopUps/AssetMoreInfo.aspx?AssetID=924564"}},{"type":"Feature","geometry":{"type":"Point","coordinates":[-86.04094839,39.48095779]},"properties":{"name":"JOHNSON MEMORIAL HOME CARE SERVICES","assetType":"Home Health Care","dataYear":"2018","assetId":"922834","subcategory":"Health","detail":"https://classic.savi.org/SAVI/PopUps/AssetMoreInfo.aspx?AssetID=922834"}},{"type":"Feature","geometry":{"type":"Point","coordinates":[-86.11658368,39.92645599]},"properties":{"name":"JOY HEALTH SERVICES LLC","assetType":"Home Health Care","dataYear":"2018","assetId":"923876","subcategory":"Health","detail":"https://classic.savi.org/SAVI/PopUps/AssetMoreInfo.aspx?AssetID=923876"}},{"type":"Feature","geometry":{"type":"Point","coordinates":[-86.43710744,39.75976906]},"properties":{"name":"KINDRED AT HOME","assetType":"Home Health Care","dataYear":"2018","assetId":"923875","subcategory":"Health","detail":"https://classic.savi.org/SAVI/PopUps/AssetMoreInfo.aspx?AssetID=923875"}},{"type":"Feature","geometry":{"type":"Point","coordinates":[-86.07593274,39.91437469]},"properties":{"name":"KINDRED AT HOME","assetType":"Home Health Care","dataYear":"2018","assetId":"924640","subcategory":"Health","detail":"https://classic.savi.org/SAVI/PopUps/AssetMoreInfo.aspx?AssetID=924640"}},{"type":"Feature","geometry":{"type":"Point","coordinates":[-85.67476927,40.07615876]},"properties":{"name":"KMG HOMECARE UNLIMITED LLC","assetType":"Home Health Care","dataYear":"2018","assetId":"923505","subcategory":"Health","detail":"https://classic.savi.org/SAVI/PopUps/AssetMoreInfo.aspx?AssetID=923505"}},{"type":"Feature","geometry":{"type":"Point","coordinates":[-86.26026402,39.85063592]},"properties":{"name":"LARRIS-IFY HOME CARE","assetType":"Home Health Care","dataYear":"2018","assetId":"924392","subcategory":"Health","detail":"https://classic.savi.org/SAVI/PopUps/AssetMoreInfo.aspx?AssetID=924392"}},{"type":"Feature","geometry":{"type":"Point","coordinates":[-86.24271714,39.20739449]},"properties":{"name":"LIFE CARE MEDICAL SOLUTIONS INC","assetType":"Home Health Care","dataYear":"2018","assetId":"923145","subcategory":"Health","detail":"https://classic.savi.org/SAVI/PopUps/AssetMoreInfo.aspx?AssetID=923145"}},{"type":"Feature","geometry":{"type":"Point","coordinates":[-86.11781095,39.85463745]},"properties":{"name":"LIFE S TOUCH HOME HEALTH INC","assetType":"Home Health Care","dataYear":"2018","assetId":"924428","subcategory":"Health","detail":"https://classic.savi.org/SAVI/PopUps/AssetMoreInfo.aspx?AssetID=924428"}},{"type":"Feature","geometry":{"type":"Point","coordinates":[-85.60157428,40.11335913]},"properties":{"name":"LIFESTYLES HOMECARE LLC","assetType":"Home Health Care","dataYear":"2018","assetId":"924484","subcategory":"Health","detail":"https://classic.savi.org/SAVI/PopUps/AssetMoreInfo.aspx?AssetID=924484"}},{"type":"Feature","geometry":{"type":"Point","coordinates":[-86.22931555,39.91394143]},"properties":{"name":"LINCARE INC","assetType":"Home Health Care","dataYear":"2018","assetId":"924865","subcategory":"Health","detail":"https://classic.savi.org/SAVI/PopUps/AssetMoreInfo.aspx?AssetID=924865"}},{"type":"Feature","geometry":{"type":"Point","coordinates":[-85.77782802,39.54802754]},"properties":{"name":"MAJOR HOME CARE","assetType":"Home Health Care","dataYear":"2018","assetId":"923965","subcategory":"Health","detail":"https://classic.savi.org/SAVI/PopUps/AssetMoreInfo.aspx?AssetID=923965"}},{"type":"Feature","geometry":{"type":"Point","coordinates":[-86.27815501,39.80420866]},"properties":{"name":"MASTER S TOUCH HOME CARE LLC THE","assetType":"Home Health Care","dataYear":"2018","assetId":"923902","subcategory":"Health","detail":"https://classic.savi.org/SAVI/PopUps/AssetMoreInfo.aspx?AssetID=923902"}},{"type":"Feature","geometry":{"type":"Point","coordinates":[-86.05516554,39.90463249]},"properties":{"name":"MAXIM HEALTHCARE SERVICES INC","assetType":"Home Health Care","dataYear":"2018","assetId":"924163","subcategory":"Health","detail":"https://classic.savi.org/SAVI/PopUps/AssetMoreInfo.aspx?AssetID=924163"}},{"type":"Feature","geometry":{"type":"Point","coordinates":[-85.77336403,39.51070855]},"properties":{"name":"MY CARE AT HOME HOME HEALTH CARE SERVICES LLC","assetType":"Home Health Care","dataYear":"2018","assetId":"923713","subcategory":"Health","detail":"https://classic.savi.org/SAVI/PopUps/AssetMoreInfo.aspx?AssetID=923713"}},{"type":"Feature","geometry":{"type":"Point","coordinates":[-86.12741749,39.96523466]},"properties":{"name":"NIGHTINGALE HOME HEALTHCARE INC","assetType":"Home Health Care","dataYear":"2018","assetId":"924223","subcategory":"Health","detail":"https://classic.savi.org/SAVI/PopUps/AssetMoreInfo.aspx?AssetID=924223"}},{"type":"Feature","geometry":{"type":"Point","coordinates":[-86.15655883,39.91744167]},"properties":{"name":"NURSES AND MORE INC","assetType":"Home Health Care","dataYear":"2018","assetId":"923168","subcategory":"Health","detail":"https://classic.savi.org/SAVI/PopUps/AssetMoreInfo.aspx?AssetID=923168"}},{"type":"Feature","geometry":{"type":"Point","coordinates":[-86.14945189,39.96946198]},"properties":{"name":"OPTION CARE","assetType":"Home Health Care","dataYear":"2018","assetId":"925016","subcategory":"Health","detail":"https://classic.savi.org/SAVI/PopUps/AssetMoreInfo.aspx?AssetID=925016"}},{"type":"Feature","geometry":{"type":"Point","coordinates":[-86.05468398,39.90460421]},"properties":{"name":"OPTUM WOMEN S AND CHILDREN S HEALTH LLC","assetType":"Home Health Care","dataYear":"2018","assetId":"923837","subcategory":"Health","detail":"https://classic.savi.org/SAVI/PopUps/AssetMoreInfo.aspx?AssetID=923837"}},{"type":"Feature","geometry":{"type":"Point","coordinates":[-86.03512584,39.91690277]},"properties":{"name":"PARADIGM LIVING CONCEPTS","assetType":"Home Health Care","dataYear":"2018","assetId":"925230","subcategory":"Health","detail":"https://classic.savi.org/SAVI/PopUps/AssetMoreInfo.aspx?AssetID=925230"}},{"type":"Feature","geometry":{"type":"Point","coordinates":[-86.22096951,39.92009202]},"properties":{"name":"PEDIATRIC NURSING SPECIALISTS OF INDIANA","assetType":"Home Health Care","dataYear":"2018","assetId":"924134","subcategory":"Health","detail":"https://classic.savi.org/SAVI/PopUps/AssetMoreInfo.aspx?AssetID=924134"}},{"type":"Feature","geometry":{"type":"Point","coordinates":[-86.08252769,39.61666651]},"properties":{"name":"PENTEC HEALTH INC","assetType":"Home Health Care","dataYear":"2018","assetId":"923977","subcategory":"Health","detail":"https://classic.savi.org/SAVI/PopUps/AssetMoreInfo.aspx?AssetID=923977"}},{"type":"Feature","geometry":{"type":"Point","coordinates":[-86.25365844,39.86733703]},"properties":{"name":"PERSONALIZED LIVING AT ROBIN RUN","assetType":"Home Health Care","dataYear":"2018","assetId":"924665","subcategory":"Health","detail":"https://classic.savi.org/SAVI/PopUps/AssetMoreInfo.aspx?AssetID=924665"}},{"type":"Feature","geometry":{"type":"Point","coordinates":[-86.22183504,39.91879168]},"properties":{"name":"PINNACLE SENIOR CARE","assetType":"Home Health Care","dataYear":"2018","assetId":"923537","subcategory":"Health","detail":"https://classic.savi.org/SAVI/PopUps/AssetMoreInfo.aspx?AssetID=923537"}},{"type":"Feature","geometry":{"type":"Point","coordinates":[-86.02604714,39.68319291]},"properties":{"name":"PREFERRED HOME HEALTH CARE INC","assetType":"Home Health Care","dataYear":"2018","assetId":"923723","subcategory":"Health","detail":"https://classic.savi.org/SAVI/PopUps/AssetMoreInfo.aspx?AssetID=923723"}},{"type":"Feature","geometry":{"type":"Point","coordinates":[-86.15906866,39.95434776]},"properties":{"name":"PREMIER HOME HEALTH INDIANA LLC","assetType":"Home Health Care","dataYear":"2018","assetId":"924933","subcategory":"Health","detail":"https://classic.savi.org/SAVI/PopUps/AssetMoreInfo.aspx?AssetID=924933"}},{"type":"Feature","geometry":{"type":"Point","coordinates":[-86.10690834,39.92357669]},"properties":{"name":"PREMIER HOMECARE OF INDIANA","assetType":"Home Health Care","dataYear":"2018","assetId":"923770","subcategory":"Health","detail":"https://classic.savi.org/SAVI/PopUps/AssetMoreInfo.aspx?AssetID=923770"}},{"type":"Feature","geometry":{"type":"Point","coordinates":[-86.04207873,39.91771344]},"properties":{"name":"PROGRESSIVE NURSING SERVICES","assetType":"Home Health Care","dataYear":"2018","assetId":"923095","subcategory":"Health","detail":"https://classic.savi.org/SAVI/PopUps/AssetMoreInfo.aspx?AssetID=923095"}},{"type":"Feature","geometry":{"type":"Point","coordinates":[-86.15767477,39.92377601]},"properties":{"name":"PURE HOME HEALTH CARE LLC","assetType":"Home Health Care","dataYear":"2018","assetId":"923651","subcategory":"Health","detail":"https://classic.savi.org/SAVI/PopUps/AssetMoreInfo.aspx?AssetID=923651"}},{"type":"Feature","geometry":{"type":"Point","coordinates":[-86.00656795,39.85310478]},"properties":{"name":"PURPOSE HOME HEALTH","assetType":"Home Health Care","dataYear":"2018","assetId":"924651","subcategory":"Health","detail":"https://classic.savi.org/SAVI/PopUps/AssetMoreInfo.aspx?AssetID=924651"}},{"type":"Feature","geometry":{"type":"Point","coordinates":[-86.30306308,39.80937529]},"properties":{"name":"QUALITY HOME CARE INC","assetType":"Home Health Care","dataYear":"2018","assetId":"922955","subcategory":"Health","detail":"https://classic.savi.org/SAVI/PopUps/AssetMoreInfo.aspx?AssetID=922955"}},{"type":"Feature","geometry":{"type":"Point","coordinates":[-86.02635974,39.79734923]},"properties":{"name":"RELIABLE HOME HEALTHCARE SERVICES","assetType":"Home Health Care","dataYear":"2018","assetId":"924631","subcategory":"Health","detail":"https://classic.savi.org/SAVI/PopUps/AssetMoreInfo.aspx?AssetID=924631"}},{"type":"Feature","geometry":{"type":"Point","coordinates":[-86.02272254,40.04855377]},"properties":{"name":"RELIANT AT HOME LTD","assetType":"Home Health Care","dataYear":"2018","assetId":"923341","subcategory":"Health","detail":"https://classic.savi.org/SAVI/PopUps/AssetMoreInfo.aspx?AssetID=923341"}},{"type":"Feature","geometry":{"type":"Point","coordinates":[-85.67886311,40.1266108]},"properties":{"name":"RIGHT AT HOME INC","assetType":"Home Health Care","dataYear":"2018","assetId":"923217","subcategory":"Health","detail":"https://classic.savi.org/SAVI/PopUps/AssetMoreInfo.aspx?AssetID=923217"}},{"type":"Feature","geometry":{"type":"Point","coordinates":[-86.12712382,40.04360274]},"properties":{"name":"SELECT HOME HEALTH SERVICES INC","assetType":"Home Health Care","dataYear":"2018","assetId":"924238","subcategory":"Health","detail":"https://classic.savi.org/SAVI/PopUps/AssetMoreInfo.aspx?AssetID=924238"}},{"type":"Feature","geometry":{"type":"Point","coordinates":[-86.02904236,40.0464838]},"properties":{"name":"SIMPLY HOME HEALTH LLC","assetType":"Home Health Care","dataYear":"2018","assetId":"924667","subcategory":"Health","detail":"https://classic.savi.org/SAVI/PopUps/AssetMoreInfo.aspx?AssetID=924667"}},{"type":"Feature","geometry":{"type":"Point","coordinates":[-85.68060525,40.0962344]},"properties":{"name":"ST VINCENT HOME HEALTH - ANDERSON","assetType":"Home Health Care","dataYear":"2018","assetId":"922895","subcategory":"Health","detail":"https://classic.savi.org/SAVI/PopUps/AssetMoreInfo.aspx?AssetID=922895"}},{"type":"Feature","geometry":{"type":"Point","coordinates":[-86.22712216,39.9093057]},"properties":{"name":"ST VINCENT HOME HEALTH - INDIANAPOLIS","assetType":"Home Health Care","dataYear":"2018","assetId":"924352","subcategory":"Health","detail":"https://classic.savi.org/SAVI/PopUps/AssetMoreInfo.aspx?AssetID=924352"}},{"type":"Feature","geometry":{"type":"Point","coordinates":[-85.92720618,39.99714032]},"properties":{"name":"SUBURBAN HOME HEALTH LLC","assetType":"Home Health Care","dataYear":"2018","assetId":"924115","subcategory":"Health","detail":"https://classic.savi.org/SAVI/PopUps/AssetMoreInfo.aspx?AssetID=924115"}},{"type":"Feature","geometry":{"type":"Point","coordinates":[-86.07947289,39.87039972]},"properties":{"name":"TENDERCARE HOME HEALTH SERVICES INC","assetType":"Home Health Care","dataYear":"2018","assetId":"922837","subcategory":"Health","detail":"https://classic.savi.org/SAVI/PopUps/AssetMoreInfo.aspx?AssetID=922837"}},{"type":"Feature","geometry":{"type":"Point","coordinates":[-86.07593274,39.91437469]},"properties":{"name":"TOGETHER HOMECARE","assetType":"Home Health Care","dataYear":"2018","assetId":"922947","subcategory":"Health","detail":"https://classic.savi.org/SAVI/PopUps/AssetMoreInfo.aspx?AssetID=922947"}},{"type":"Feature","geometry":{"type":"Point","coordinates":[-86.09403096,39.63425353]},"properties":{"name":"TOGETHER HOMECARE","assetType":"Home Health Care","dataYear":"2018","assetId":"924310","subcategory":"Health","detail":"https://classic.savi.org/SAVI/PopUps/AssetMoreInfo.aspx?AssetID=924310"}},{"type":"Feature","geometry":{"type":"Point","coordinates":[-86.04746698,39.78080525]},"properties":{"name":"TOUCH OF LOVE HOME HEALTH CARE INC","assetType":"Home Health Care","dataYear":"2018","assetId":"924940","subcategory":"Health","detail":"https://classic.savi.org/SAVI/PopUps/AssetMoreInfo.aspx?AssetID=924940"}},{"type":"Feature","geometry":{"type":"Point","coordinates":[-86.04627291,39.88553978]},"properties":{"name":"UNITED HOME HEALTHCARE INC","assetType":"Home Health Care","dataYear":"2018","assetId":"923546","subcategory":"Health","detail":"https://classic.savi.org/SAVI/PopUps/AssetMoreInfo.aspx?AssetID=923546"}},{"type":"Feature","geometry":{"type":"Point","coordinates":[-86.83956661,39.61470666]},"properties":{"name":"VISITING ANGELS HOME HEALTHCARE","assetType":"Home Health Care","dataYear":"2018","assetId":"925096","subcategory":"Health","detail":"https://classic.savi.org/SAVI/PopUps/AssetMoreInfo.aspx?AssetID=925096"}},{"type":"Feature","geometry":{"type":"Point","coordinates":[-86.01947039,39.66622732]},"properties":{"name":"FRANCISCAN SENIOR HEALTH AND WELLNESS -INDIANAPOLIS","assetType":"Home Nursing","dataYear":"2018","assetId":"917581","subcategory":"Health","detail":"https://classic.savi.org/SAVI/PopUps/AssetMoreInfo.aspx?AssetID=917581"}},{"type":"Feature","geometry":{"type":"Point","coordinates":[-86.1191951,39.8441344]},"properties":{"name":"ABBIE HUNT BRYCE HOME","assetType":"Hospice Care","dataYear":"2018","assetId":"919688","subcategory":"Health","detail":"https://classic.savi.org/SAVI/PopUps/AssetMoreInfo.aspx?AssetID=919688"}},{"type":"Feature","geometry":{"type":"Point","coordinates":[-86.14857311,39.67276211]},"properties":{"name":"ALPHA HOSPICE LLC","assetType":"Hospice Care","dataYear":"2018","assetId":"924041","subcategory":"Health","detail":"https://classic.savi.org/SAVI/PopUps/AssetMoreInfo.aspx?AssetID=924041"}},{"type":"Feature","geometry":{"type":"Point","coordinates":[-86.06159493,39.49201547]},"properties":{"name":"AMERICARE HOSPICE","assetType":"Hospice Care","dataYear":"2018","assetId":"924711","subcategory":"Health","detail":"https://classic.savi.org/SAVI/PopUps/AssetMoreInfo.aspx?AssetID=924711"}},{"type":"Feature","geometry":{"type":"Point","coordinates":[-86.22181344,39.91698045]},"properties":{"name":"ASERACARE HOSPICE","assetType":"Hospice Care","dataYear":"2018","assetId":"924852","subcategory":"Health","detail":"https://classic.savi.org/SAVI/PopUps/AssetMoreInfo.aspx?AssetID=924852"}},{"type":"Feature","geometry":{"type":"Point","coordinates":[-86.25365844,39.86733703]},"properties":{"name":"BROOKDALE HOSPICE","assetType":"Hospice Care","dataYear":"2018","assetId":"924460","subcategory":"Health","detail":"https://classic.savi.org/SAVI/PopUps/AssetMoreInfo.aspx?AssetID=924460"}},{"type":"Feature","geometry":{"type":"Point","coordinates":[-86.12298623,39.86590085]},"properties":{"name":"CARE HOSPICE SERVICES LLC","assetType":"Hospice Care","dataYear":"2018","assetId":"925259","subcategory":"Health","detail":"https://classic.savi.org/SAVI/PopUps/AssetMoreInfo.aspx?AssetID=925259"}},{"type":"Feature","geometry":{"type":"Point","coordinates":[-85.99320346,39.96592638]},"properties":{"name":"COMMUNITY HOME HEALTH","assetType":"Hospice Care","dataYear":"2018","assetId":"924770","subcategory":"Health","detail":"https://classic.savi.org/SAVI/PopUps/AssetMoreInfo.aspx?AssetID=924770"}},{"type":"Feature","geometry":{"type":"Point","coordinates":[-86.07656891,39.64632823]},"properties":{"name":"FRANCISCAN HOSPICE CARE","assetType":"Hospice Care","dataYear":"2018","assetId":"923063","subcategory":"Health","detail":"https://classic.savi.org/SAVI/PopUps/AssetMoreInfo.aspx?AssetID=923063"}},{"type":"Feature","geometry":{"type":"Point","coordinates":[-86.04112551,39.79570848]},"properties":{"name":"FREEDOM HOSPICE LLC","assetType":"Hospice Care","dataYear":"2018","assetId":"925102","subcategory":"Health","detail":"https://classic.savi.org/SAVI/PopUps/AssetMoreInfo.aspx?AssetID=925102"}},{"type":"Feature","geometry":{"type":"Point","coordinates":[-86.37995242,39.71156173]},"properties":{"name":"GREAT LAKES CARING","assetType":"Hospice Care","dataYear":"2018","assetId":"924081","subcategory":"Health","detail":"https://classic.savi.org/SAVI/PopUps/AssetMoreInfo.aspx?AssetID=924081"}},{"type":"Feature","geometry":{"type":"Point","coordinates":[-85.76820718,39.79521071]},"properties":{"name":"HANCOCK REGIONAL HOSPICE","assetType":"Hospice Care","dataYear":"2018","assetId":"924461","subcategory":"Health","detail":"https://classic.savi.org/SAVI/PopUps/AssetMoreInfo.aspx?AssetID=924461"}},{"type":"Feature","geometry":{"type":"Point","coordinates":[-86.50024948,39.76356203]},"properties":{"name":"HEART TO HEART HOSPICE OF INDIANAPOLIS LLC","assetType":"Hospice Care","dataYear":"2018","assetId":"924077","subcategory":"Health","detail":"https://classic.savi.org/SAVI/PopUps/AssetMoreInfo.aspx?AssetID=924077"}},{"type":"Feature","geometry":{"type":"Point","coordinates":[-86.14240528,39.91103772]},"properties":{"name":"HEARTLAND HOSPICE SERVICES","assetType":"Hospice Care","dataYear":"2018","assetId":"925276","subcategory":"Health","detail":"https://classic.savi.org/SAVI/PopUps/AssetMoreInfo.aspx?AssetID=925276"}},{"type":"Feature","geometry":{"type":"Point","coordinates":[-86.10690834,39.92357669]},"properties":{"name":"HOSPICE GROUP THE","assetType":"Hospice Care","dataYear":"2018","assetId":"925208","subcategory":"Health","detail":"https://classic.savi.org/SAVI/PopUps/AssetMoreInfo.aspx?AssetID=925208"}},{"type":"Feature","geometry":{"type":"Point","coordinates":[-86.15831983,39.76738603]},"properties":{"name":"INDIANA STATE DEPARTMENT OF HEALTH","assetType":"Hospice Care","dataYear":"2018","assetId":"918161","subcategory":"Health","detail":"https://classic.savi.org/SAVI/PopUps/AssetMoreInfo.aspx?AssetID=918161"}},{"type":"Feature","geometry":{"type":"Point","coordinates":[-86.15771141,39.7804623]},"properties":{"name":"INDIANA UNIVERSITY HEALTH HOSPICE","assetType":"Hospice Care","dataYear":"2018","assetId":"923919","subcategory":"Health","detail":"https://classic.savi.org/SAVI/PopUps/AssetMoreInfo.aspx?AssetID=923919"}},{"type":"Feature","geometry":{"type":"Point","coordinates":[-86.21795969,39.91286531]},"properties":{"name":"INTREPID USA HOSPICE","assetType":"Hospice Care","dataYear":"2018","assetId":"923619","subcategory":"Health","detail":"https://classic.savi.org/SAVI/PopUps/AssetMoreInfo.aspx?AssetID=923619"}},{"type":"Feature","geometry":{"type":"Point","coordinates":[-86.15106322,39.68478844]},"properties":{"name":"KINDRED HOSPICE","assetType":"Hospice Care","dataYear":"2018","assetId":"925167","subcategory":"Health","detail":"https://classic.savi.org/SAVI/PopUps/AssetMoreInfo.aspx?AssetID=925167"}},{"type":"Feature","geometry":{"type":"Point","coordinates":[-86.40256025,39.76263346]},"properties":{"name":"KINDRED HOSPICE","assetType":"Hospice Care","dataYear":"2018","assetId":"922929","subcategory":"Health","detail":"https://classic.savi.org/SAVI/PopUps/AssetMoreInfo.aspx?AssetID=922929"}},{"type":"Feature","geometry":{"type":"Point","coordinates":[-86.03036479,39.93223028]},"properties":{"name":"KINDRED HOSPICE","assetType":"Hospice Care","dataYear":"2018","assetId":"923310","subcategory":"Health","detail":"https://classic.savi.org/SAVI/PopUps/AssetMoreInfo.aspx?AssetID=923310"}},{"type":"Feature","geometry":{"type":"Point","coordinates":[-86.1044553,40.03101677]},"properties":{"name":"LIFE S JOURNEY OF AVON LLC","assetType":"Hospice Care","dataYear":"2018","assetId":"924336","subcategory":"Health","detail":"https://classic.savi.org/SAVI/PopUps/AssetMoreInfo.aspx?AssetID=924336"}},{"type":"Feature","geometry":{"type":"Point","coordinates":[-86.03512584,39.91690277]},"properties":{"name":"PARADIGM LIVING CONCEPTS","assetType":"Hospice Care","dataYear":"2018","assetId":"925121","subcategory":"Health","detail":"https://classic.savi.org/SAVI/PopUps/AssetMoreInfo.aspx?AssetID=925121"}},{"type":"Feature","geometry":{"type":"Point","coordinates":[-86.15906866,39.95434776]},"properties":{"name":"PREMIER HOSPICE & PALLIATIVE CARE - INDIANA LLC","assetType":"Hospice Care","dataYear":"2018","assetId":"924737","subcategory":"Health","detail":"https://classic.savi.org/SAVI/PopUps/AssetMoreInfo.aspx?AssetID=924737"}},{"type":"Feature","geometry":{"type":"Point","coordinates":[-86.27644189,39.80248202]},"properties":{"name":"SEASONS HOSPICE & PALLIATIVE CARE OF INDIANA LLC","assetType":"Hospice Care","dataYear":"2018","assetId":"923452","subcategory":"Health","detail":"https://classic.savi.org/SAVI/PopUps/AssetMoreInfo.aspx?AssetID=923452"}},{"type":"Feature","geometry":{"type":"Point","coordinates":[-86.27692278,39.82645548]},"properties":{"name":"SOUTHERNCARE INDIANAPOLIS","assetType":"Hospice Care","dataYear":"2018","assetId":"925287","subcategory":"Health","detail":"https://classic.savi.org/SAVI/PopUps/AssetMoreInfo.aspx?AssetID=925287"}},{"type":"Feature","geometry":{"type":"Point","coordinates":[-85.68060525,40.0962344]},"properties":{"name":"ST VINCENT HOSPICE - ANDERSON","assetType":"Hospice Care","dataYear":"2018","assetId":"923614","subcategory":"Health","detail":"https://classic.savi.org/SAVI/PopUps/AssetMoreInfo.aspx?AssetID=923614"}},{"type":"Feature","geometry":{"type":"Point","coordinates":[-86.22712216,39.9093057]},"properties":{"name":"ST VINCENT HOSPICE - INDIANAPOLIS","assetType":"Hospice Care","dataYear":"2018","assetId":"923929","subcategory":"Health","detail":"https://classic.savi.org/SAVI/PopUps/AssetMoreInfo.aspx?AssetID=923929"}},{"type":"Feature","geometry":{"type":"Point","coordinates":[-86.1145744,39.9090203]},"properties":{"name":"TRANSITIONS INDIANA LLC","assetType":"Hospice Care","dataYear":"2018","assetId":"924480","subcategory":"Health","detail":"https://classic.savi.org/SAVI/PopUps/AssetMoreInfo.aspx?AssetID=924480"}},{"type":"Feature","geometry":{"type":"Point","coordinates":[-85.98765504,39.78231407]},"properties":{"name":"Community Hospitals Indpls - Comprehensive Health Clinic","assetType":"Hospital-Based Outpatient Services","dataYear":"2005","assetId":"617239","subcategory":"Health","detail":"https://classic.savi.org/SAVI/PopUps/AssetMoreInfo.aspx?AssetID=617239"}},{"type":"Feature","geometry":{"type":"Point","coordinates":[-86.17876005,39.77737181]},"properties":{"name":"Children s Specialized Services and Cerebral Palsy Treatment","assetType":"Hospital-Based Services","dataYear":"2011","assetId":"692412","subcategory":"Health","detail":"https://classic.savi.org/SAVI/PopUps/AssetMoreInfo.aspx?AssetID=692412"}},{"type":"Feature","geometry":{"type":"Point","coordinates":[-85.69334441,40.13048747]},"properties":{"name":"Community Hospital Anderson","assetType":"Hospital-Based Services","dataYear":"2011","assetId":"696561","subcategory":"Health","detail":"https://classic.savi.org/SAVI/PopUps/AssetMoreInfo.aspx?AssetID=696561"}},{"type":"Feature","geometry":{"type":"Point","coordinates":[-86.073942,39.78766]},"properties":{"name":"Community Hospital East Community Health","assetType":"Hospital-Based Services","dataYear":"2011","assetId":"692864","subcategory":"Health","detail":"https://classic.savi.org/SAVI/PopUps/AssetMoreInfo.aspx?AssetID=692864"}},{"type":"Feature","geometry":{"type":"Point","coordinates":[-86.043127,39.900168]},"properties":{"name":"Community Hospital North Community Health","assetType":"Hospital-Based Services","dataYear":"2011","assetId":"692865","subcategory":"Health","detail":"https://classic.savi.org/SAVI/PopUps/AssetMoreInfo.aspx?AssetID=692865"}},{"type":"Feature","geometry":{"type":"Point","coordinates":[-85.76807296,39.79463269]},"properties":{"name":"Hancock Regional Hospital - Public Hospital","assetType":"Hospital-Based Services","dataYear":"2011","assetId":"692511","subcategory":"Health","detail":"https://classic.savi.org/SAVI/PopUps/AssetMoreInfo.aspx?AssetID=692511"}},{"type":"Feature","geometry":{"type":"Point","coordinates":[-86.50187222,39.76110533]},"properties":{"name":"Hendricks Regional Health - Public Hospital","assetType":"Hospital-Based Services","dataYear":"2011","assetId":"691863","subcategory":"Health","detail":"https://classic.savi.org/SAVI/PopUps/AssetMoreInfo.aspx?AssetID=691863"}},{"type":"Feature","geometry":{"type":"Point","coordinates":[-86.04539137,39.90336681]},"properties":{"name":"Indiana Heart Hospital Community Health","assetType":"Hospital-Based Services","dataYear":"2011","assetId":"695398","subcategory":"Health","detail":"https://classic.savi.org/SAVI/PopUps/AssetMoreInfo.aspx?AssetID=695398"}},{"type":"Feature","geometry":{"type":"Point","coordinates":[-86.16518215,39.79041065]},"properties":{"name":"Indiana University Health Methodist Hospital","assetType":"Hospital-Based Services","dataYear":"2011","assetId":"696461","subcategory":"Health","detail":"https://classic.savi.org/SAVI/PopUps/AssetMoreInfo.aspx?AssetID=696461"}},{"type":"Feature","geometry":{"type":"Point","coordinates":[-86.1756245,39.77527678]},"properties":{"name":"Indiana University Hospital","assetType":"Hospital-Based Services","dataYear":"2011","assetId":"696478","subcategory":"Health","detail":"https://classic.savi.org/SAVI/PopUps/AssetMoreInfo.aspx?AssetID=696478"}},{"type":"Feature","geometry":{"type":"Point","coordinates":[-86.07630306,39.47912144]},"properties":{"name":"Johnson Memorial Hospital - Public Hospital","assetType":"Hospital-Based Services","dataYear":"2011","assetId":"691919","subcategory":"Health","detail":"https://classic.savi.org/SAVI/PopUps/AssetMoreInfo.aspx?AssetID=691919"}},{"type":"Feature","geometry":{"type":"Point","coordinates":[-85.78047109,39.52455754]},"properties":{"name":"Major Hospital - Public Hospital","assetType":"Hospital-Based Services","dataYear":"2011","assetId":"691540","subcategory":"Health","detail":"https://classic.savi.org/SAVI/PopUps/AssetMoreInfo.aspx?AssetID=691540"}},{"type":"Feature","geometry":{"type":"Point","coordinates":[-86.35934486,39.60947095]},"properties":{"name":"Mooresville After Hours Clinic St Francis Hospital","assetType":"Hospital-Based Services","dataYear":"2011","assetId":"696414","subcategory":"Health","detail":"https://classic.savi.org/SAVI/PopUps/AssetMoreInfo.aspx?AssetID=696414"}},{"type":"Feature","geometry":{"type":"Point","coordinates":[-86.4081683,39.42170055]},"properties":{"name":"Morgan Hospital and Medical Center - Public Hospital","assetType":"Hospital-Based Services","dataYear":"2011","assetId":"691963","subcategory":"Health","detail":"https://classic.savi.org/SAVI/PopUps/AssetMoreInfo.aspx?AssetID=691963"}},{"type":"Feature","geometry":{"type":"Point","coordinates":[-86.20289176,39.90360079]},"properties":{"name":"Nurse Advice Line for Women St Vincent Health","assetType":"Hospital-Based Services","dataYear":"2011","assetId":"696443","subcategory":"Health","detail":"https://classic.savi.org/SAVI/PopUps/AssetMoreInfo.aspx?AssetID=696443"}},{"type":"Feature","geometry":{"type":"Point","coordinates":[-86.27733557,39.83005549]},"properties":{"name":"Rehabilitation Hospital of Indiana","assetType":"Hospital-Based Services","dataYear":"2011","assetId":"692411","subcategory":"Health","detail":"https://classic.savi.org/SAVI/PopUps/AssetMoreInfo.aspx?AssetID=692411"}},{"type":"Feature","geometry":{"type":"Point","coordinates":[-86.17876005,39.77737181]},"properties":{"name":"Riley Hospital for Children","assetType":"Hospital-Based Services","dataYear":"2011","assetId":"694221","subcategory":"Health","detail":"https://classic.savi.org/SAVI/PopUps/AssetMoreInfo.aspx?AssetID=694221"}},{"type":"Feature","geometry":{"type":"Point","coordinates":[-86.17876005,39.77737181]},"properties":{"name":"Riley Hospital for Children - Child Life Services and Therapy","assetType":"Hospital-Based Services","dataYear":"2011","assetId":"694757","subcategory":"Health","detail":"https://classic.savi.org/SAVI/PopUps/AssetMoreInfo.aspx?AssetID=694757"}},{"type":"Feature","geometry":{"type":"Point","coordinates":[-86.02393522,40.04691438]},"properties":{"name":"Riverview Hospital","assetType":"Hospital-Based Services","dataYear":"2011","assetId":"695065","subcategory":"Health","detail":"https://classic.savi.org/SAVI/PopUps/AssetMoreInfo.aspx?AssetID=695065"}},{"type":"Feature","geometry":{"type":"Point","coordinates":[-86.18689938,39.77964383]},"properties":{"name":"Roudebush VA Medical Center - Inpatient Health Services","assetType":"Hospital-Based Services","dataYear":"2011","assetId":"692098","subcategory":"Health","detail":"https://classic.savi.org/SAVI/PopUps/AssetMoreInfo.aspx?AssetID=692098"}},{"type":"Feature","geometry":{"type":"Point","coordinates":[-86.15060573,39.77411279]},"properties":{"name":"Shriners Hospitals for Children","assetType":"Hospital-Based Services","dataYear":"2011","assetId":"691626","subcategory":"Health","detail":"https://classic.savi.org/SAVI/PopUps/AssetMoreInfo.aspx?AssetID=691626"}},{"type":"Feature","geometry":{"type":"Point","coordinates":[-86.10004999,39.72436605]},"properties":{"name":"St Francis Hospital and Health Centers - Beech Grove","assetType":"Hospital-Based Services","dataYear":"2011","assetId":"692414","subcategory":"Health","detail":"https://classic.savi.org/SAVI/PopUps/AssetMoreInfo.aspx?AssetID=692414"}},{"type":"Feature","geometry":{"type":"Point","coordinates":[-86.07938143,39.64841255]},"properties":{"name":"St Francis Hospital and Health Centers Indianapolis","assetType":"Hospital-Based Services","dataYear":"2011","assetId":"694083","subcategory":"Health","detail":"https://classic.savi.org/SAVI/PopUps/AssetMoreInfo.aspx?AssetID=694083"}},{"type":"Feature","geometry":{"type":"Point","coordinates":[-86.14375753,39.98241787]},"properties":{"name":"St Vincent Carmel Hospital","assetType":"Hospital-Based Services","dataYear":"2011","assetId":"696423","subcategory":"Health","detail":"https://classic.savi.org/SAVI/PopUps/AssetMoreInfo.aspx?AssetID=696423"}},{"type":"Feature","geometry":{"type":"Point","coordinates":[-86.19591796,39.9118661]},"properties":{"name":"St Vincent Indianapolis Hospital St Vincent Health","assetType":"Hospital-Based Services","dataYear":"2011","assetId":"695324","subcategory":"Health","detail":"https://classic.savi.org/SAVI/PopUps/AssetMoreInfo.aspx?AssetID=695324"}},{"type":"Feature","geometry":{"type":"Point","coordinates":[-86.18991343,39.91196319]},"properties":{"name":"St Vincent Pediatric Rehabilitation Center","assetType":"Hospital-Based Services","dataYear":"2011","assetId":"696431","subcategory":"Health","detail":"https://classic.savi.org/SAVI/PopUps/AssetMoreInfo.aspx?AssetID=696431"}},{"type":"Feature","geometry":{"type":"Point","coordinates":[-86.19837673,39.9058492]},"properties":{"name":"St Vincent Primary Care Center","assetType":"Hospital-Based Services","dataYear":"2011","assetId":"696432","subcategory":"Health","detail":"https://classic.savi.org/SAVI/PopUps/AssetMoreInfo.aspx?AssetID=696432"}},{"type":"Feature","geometry":{"type":"Point","coordinates":[-86.20289176,39.90360079]},"properties":{"name":"St Vincent Women s Hospital","assetType":"Hospital-Based Services","dataYear":"2011","assetId":"696448","subcategory":"Health","detail":"https://classic.savi.org/SAVI/PopUps/AssetMoreInfo.aspx?AssetID=696448"}},{"type":"Feature","geometry":{"type":"Point","coordinates":[-86.22244937,39.82077333]},"properties":{"name":"Westview Hospital","assetType":"Hospital-Based Services","dataYear":"2011","assetId":"692353","subcategory":"Health","detail":"https://classic.savi.org/SAVI/PopUps/AssetMoreInfo.aspx?AssetID=692353"}},{"type":"Feature","geometry":{"type":"Point","coordinates":[-86.17599944,39.78084944]},"properties":{"name":"Wishard Health Services - Public Hospital","assetType":"Hospital-Based Services","dataYear":"2011","assetId":"691428","subcategory":"Health","detail":"https://classic.savi.org/SAVI/PopUps/AssetMoreInfo.aspx?AssetID=691428"}},{"type":"Feature","geometry":{"type":"Point","coordinates":[-86.47459009,40.07472812]},"properties":{"name":"Witham Memorial Hospital - Public Hospital","assetType":"Hospital-Based Services","dataYear":"2011","assetId":"692355","subcategory":"Health","detail":"https://classic.savi.org/SAVI/PopUps/AssetMoreInfo.aspx?AssetID=692355"}},{"type":"Feature","geometry":{"type":"Point","coordinates":[-85.9183153,39.98243711]},"properties":{"name":"ACCENT PEDIATRICS","assetType":"Immunizations","dataYear":"2018","assetId":"922954","subcategory":"Health","detail":"https://classic.savi.org/SAVI/PopUps/AssetMoreInfo.aspx?AssetID=922954"}},{"type":"Feature","geometry":{"type":"Point","coordinates":[-86.15577276,39.80796388]},"properties":{"name":"ACTION HEALTH CENTER - MARION COUNTY PUBLIC HEALTH DEPARTMENT","assetType":"Immunizations","dataYear":"2018","assetId":"921619","subcategory":"Health","detail":"https://classic.savi.org/SAVI/PopUps/AssetMoreInfo.aspx?AssetID=921619"}},{"type":"Feature","geometry":{"type":"Point","coordinates":[-86.06733652,39.49579157]},"properties":{"name":"ADULT AND CHILD - FRANKLIN","assetType":"Immunizations","dataYear":"2018","assetId":"917207","subcategory":"Health","detail":"https://classic.savi.org/SAVI/PopUps/AssetMoreInfo.aspx?AssetID=917207"}},{"type":"Feature","geometry":{"type":"Point","coordinates":[-86.06733652,39.49579157]},"properties":{"name":"ADULT AND CHILD - FRANKLIN","assetType":"Immunizations","dataYear":"2018","assetId":"917410","subcategory":"Health","detail":"https://classic.savi.org/SAVI/PopUps/AssetMoreInfo.aspx?AssetID=917410"}},{"type":"Feature","geometry":{"type":"Point","coordinates":[-85.96784684,39.35414978]},"properties":{"name":"AHN - EDINBURGH","assetType":"Immunizations","dataYear":"2018","assetId":"924797","subcategory":"Health","detail":"https://classic.savi.org/SAVI/PopUps/AssetMoreInfo.aspx?AssetID=924797"}},{"type":"Feature","geometry":{"type":"Point","coordinates":[-85.67001548,40.24004706]},"properties":{"name":"ALEXANDRIA MEDICAL ARTS","assetType":"Immunizations","dataYear":"2018","assetId":"924449","subcategory":"Health","detail":"https://classic.savi.org/SAVI/PopUps/AssetMoreInfo.aspx?AssetID=924449"}},{"type":"Feature","geometry":{"type":"Point","coordinates":[-86.04760702,39.79564964]},"properties":{"name":"ALIVIO MEDICAL CENTER","assetType":"Immunizations","dataYear":"2018","assetId":"923896","subcategory":"Health","detail":"https://classic.savi.org/SAVI/PopUps/AssetMoreInfo.aspx?AssetID=923896"}},{"type":"Feature","geometry":{"type":"Point","coordinates":[-86.03601219,39.48105253]},"properties":{"name":"AMERICAN HEALTH NETWORK - FRANKLIN","assetType":"Immunizations","dataYear":"2018","assetId":"924908","subcategory":"Health","detail":"https://classic.savi.org/SAVI/PopUps/AssetMoreInfo.aspx?AssetID=924908"}},{"type":"Feature","geometry":{"type":"Point","coordinates":[-86.34340501,39.77861608]},"properties":{"name":"AMERICAN HEALTH NTWK - AVON","assetType":"Immunizations","dataYear":"2018","assetId":"923808","subcategory":"Health","detail":"https://classic.savi.org/SAVI/PopUps/AssetMoreInfo.aspx?AssetID=923808"}},{"type":"Feature","geometry":{"type":"Point","coordinates":[-86.09041288,39.56471464]},"properties":{"name":"AMERICAN HEALTH NTWK - NEW WHITELAN","assetType":"Immunizations","dataYear":"2018","assetId":"924766","subcategory":"Health","detail":"https://classic.savi.org/SAVI/PopUps/AssetMoreInfo.aspx?AssetID=924766"}},{"type":"Feature","geometry":{"type":"Point","coordinates":[-86.3734674,39.69133471]},"properties":{"name":"AMERICAN HEALTH NTWK - PLAINFIELD","assetType":"Immunizations","dataYear":"2018","assetId":"924409","subcategory":"Health","detail":"https://classic.savi.org/SAVI/PopUps/AssetMoreInfo.aspx?AssetID=924409"}},{"type":"Feature","geometry":{"type":"Point","coordinates":[-85.69735471,40.13038941]},"properties":{"name":"ANDERSON FAMILY HEALTH SPECIALISTS","assetType":"Immunizations","dataYear":"2018","assetId":"922857","subcategory":"Health","detail":"https://classic.savi.org/SAVI/PopUps/AssetMoreInfo.aspx?AssetID=922857"}},{"type":"Feature","geometry":{"type":"Point","coordinates":[-85.68096296,40.09409034]},"properties":{"name":"ANDERSON FAMILY PRACTICE","assetType":"Immunizations","dataYear":"2018","assetId":"923531","subcategory":"Health","detail":"https://classic.savi.org/SAVI/PopUps/AssetMoreInfo.aspx?AssetID=923531"}},{"type":"Feature","geometry":{"type":"Point","coordinates":[-85.91877736,39.72660117]},"properties":{"name":"ARBOR LANE FAMILY PRACTICE","assetType":"Immunizations","dataYear":"2018","assetId":"924632","subcategory":"Health","detail":"https://classic.savi.org/SAVI/PopUps/AssetMoreInfo.aspx?AssetID=924632"}},{"type":"Feature","geometry":{"type":"Point","coordinates":[-86.39346194,39.7614546]},"properties":{"name":"AVON PEDIATRICS","assetType":"Immunizations","dataYear":"2018","assetId":"924318","subcategory":"Health","detail":"https://classic.savi.org/SAVI/PopUps/AssetMoreInfo.aspx?AssetID=924318"}},{"type":"Feature","geometry":{"type":"Point","coordinates":[-85.69312329,40.13000964]},"properties":{"name":"BEAHM","assetType":"Immunizations","dataYear":"2018","assetId":"925134","subcategory":"Health","detail":"https://classic.savi.org/SAVI/PopUps/AssetMoreInfo.aspx?AssetID=925134"}},{"type":"Feature","geometry":{"type":"Point","coordinates":[-86.10615586,39.7252639]},"properties":{"name":"BEECH GROVE FAMILY PHYSICIANS","assetType":"Immunizations","dataYear":"2018","assetId":"923600","subcategory":"Health","detail":"https://classic.savi.org/SAVI/PopUps/AssetMoreInfo.aspx?AssetID=923600"}},{"type":"Feature","geometry":{"type":"Point","coordinates":[-86.17178708,39.80552985]},"properties":{"name":"BLACKBURN COMMUNITY HEALTH CENTER","assetType":"Immunizations","dataYear":"2018","assetId":"924298","subcategory":"Health","detail":"https://classic.savi.org/SAVI/PopUps/AssetMoreInfo.aspx?AssetID=924298"}},{"type":"Feature","geometry":{"type":"Point","coordinates":[-86.46785508,40.04856147]},"properties":{"name":"BOONE COUNTY HEALTH DEPARTMENT","assetType":"Immunizations","dataYear":"2018","assetId":"919896","subcategory":"Health","detail":"https://classic.savi.org/SAVI/PopUps/AssetMoreInfo.aspx?AssetID=919896"}},{"type":"Feature","geometry":{"type":"Point","coordinates":[-86.46785508,40.04856147]},"properties":{"name":"BOONE COUNTY HEALTH DEPARTMENT","assetType":"Immunizations","dataYear":"2018","assetId":"919679","subcategory":"Health","detail":"https://classic.savi.org/SAVI/PopUps/AssetMoreInfo.aspx?AssetID=919679"}},{"type":"Feature","geometry":{"type":"Point","coordinates":[-86.46785508,40.04856147]},"properties":{"name":"BOONE COUNTY HEALTH DEPARTMENT","assetType":"Immunizations","dataYear":"2018","assetId":"919680","subcategory":"Health","detail":"https://classic.savi.org/SAVI/PopUps/AssetMoreInfo.aspx?AssetID=919680"}},{"type":"Feature","geometry":{"type":"Point","coordinates":[-86.46785508,40.04856147]},"properties":{"name":"BOONE COUNTY HEALTH DEPT","assetType":"Immunizations","dataYear":"2018","assetId":"923248","subcategory":"Health","detail":"https://classic.savi.org/SAVI/PopUps/AssetMoreInfo.aspx?AssetID=923248"}},{"type":"Feature","geometry":{"type":"Point","coordinates":[-85.69169866,40.10285915]},"properties":{"name":"BRIDGES CAMPBELL & WOODALL INC","assetType":"Immunizations","dataYear":"2018","assetId":"924670","subcategory":"Health","detail":"https://classic.savi.org/SAVI/PopUps/AssetMoreInfo.aspx?AssetID=924670"}},{"type":"Feature","geometry":{"type":"Point","coordinates":[-86.13919996,39.86884353]},"properties":{"name":"BROAD RIPPLE COMMUNITY PHYSICIANS","assetType":"Immunizations","dataYear":"2018","assetId":"922927","subcategory":"Health","detail":"https://classic.savi.org/SAVI/PopUps/AssetMoreInfo.aspx?AssetID=922927"}},{"type":"Feature","geometry":{"type":"Point","coordinates":[-85.67407794,40.15094477]},"properties":{"name":"BROADWAY FAMILY MEDICINE","assetType":"Immunizations","dataYear":"2018","assetId":"923249","subcategory":"Health","detail":"https://classic.savi.org/SAVI/PopUps/AssetMoreInfo.aspx?AssetID=923249"}},{"type":"Feature","geometry":{"type":"Point","coordinates":[-86.26682503,39.88666266]},"properties":{"name":"BROWN","assetType":"Immunizations","dataYear":"2018","assetId":"923100","subcategory":"Health","detail":"https://classic.savi.org/SAVI/PopUps/AssetMoreInfo.aspx?AssetID=923100"}},{"type":"Feature","geometry":{"type":"Point","coordinates":[-86.24555014,39.20879249]},"properties":{"name":"BROWN COUNTY HEALTH DEPARTMENT","assetType":"Immunizations","dataYear":"2018","assetId":"916925","subcategory":"Health","detail":"https://classic.savi.org/SAVI/PopUps/AssetMoreInfo.aspx?AssetID=916925"}},{"type":"Feature","geometry":{"type":"Point","coordinates":[-86.24555014,39.20879249]},"properties":{"name":"BROWN COUNTY HEALTH DEPARTMENT","assetType":"Immunizations","dataYear":"2018","assetId":"916924","subcategory":"Health","detail":"https://classic.savi.org/SAVI/PopUps/AssetMoreInfo.aspx?AssetID=916924"}},{"type":"Feature","geometry":{"type":"Point","coordinates":[-86.24555014,39.20879249]},"properties":{"name":"BROWN COUNTY HEALTH DEPARTMENT","assetType":"Immunizations","dataYear":"2018","assetId":"916922","subcategory":"Health","detail":"https://classic.savi.org/SAVI/PopUps/AssetMoreInfo.aspx?AssetID=916922"}},{"type":"Feature","geometry":{"type":"Point","coordinates":[-86.24555014,39.20879249]},"properties":{"name":"BROWN COUNTY HEALTH DEPT","assetType":"Immunizations","dataYear":"2018","assetId":"924547","subcategory":"Health","detail":"https://classic.savi.org/SAVI/PopUps/AssetMoreInfo.aspx?AssetID=924547"}},{"type":"Feature","geometry":{"type":"Point","coordinates":[-86.04801286,39.92635722]},"properties":{"name":"CASTLETON FAMILY PHYSICIANS","assetType":"Immunizations","dataYear":"2018","assetId":"923712","subcategory":"Health","detail":"https://classic.savi.org/SAVI/PopUps/AssetMoreInfo.aspx?AssetID=923712"}},{"type":"Feature","geometry":{"type":"Point","coordinates":[-86.03545232,39.90574153]},"properties":{"name":"CASTLETON PEDIATRICS","assetType":"Immunizations","dataYear":"2018","assetId":"923413","subcategory":"Health","detail":"https://classic.savi.org/SAVI/PopUps/AssetMoreInfo.aspx?AssetID=923413"}},{"type":"Feature","geometry":{"type":"Point","coordinates":[-86.16289971,39.61859805]},"properties":{"name":"CENTER GROVE FAMILY MEDICINE","assetType":"Immunizations","dataYear":"2018","assetId":"925105","subcategory":"Health","detail":"https://classic.savi.org/SAVI/PopUps/AssetMoreInfo.aspx?AssetID=925105"}},{"type":"Feature","geometry":{"type":"Point","coordinates":[-85.60950756,40.11375688]},"properties":{"name":"CHESTERFIELD HEALTH CENTER","assetType":"Immunizations","dataYear":"2018","assetId":"924522","subcategory":"Health","detail":"https://classic.savi.org/SAVI/PopUps/AssetMoreInfo.aspx?AssetID=924522"}},{"type":"Feature","geometry":{"type":"Point","coordinates":[-85.98753533,39.78300298]},"properties":{"name":"CIRCLE CITY PEDIATRICS","assetType":"Immunizations","dataYear":"2018","assetId":"924728","subcategory":"Health","detail":"https://classic.savi.org/SAVI/PopUps/AssetMoreInfo.aspx?AssetID=924728"}},{"type":"Feature","geometry":{"type":"Point","coordinates":[-86.14489272,39.78957378]},"properties":{"name":"CITIZENS HEALTH CENTER","assetType":"Immunizations","dataYear":"2018","assetId":"923784","subcategory":"Health","detail":"https://classic.savi.org/SAVI/PopUps/AssetMoreInfo.aspx?AssetID=923784"}},{"type":"Feature","geometry":{"type":"Point","coordinates":[-86.11335369,39.62449874]},"properties":{"name":"CLOWN PEDIATRICS","assetType":"Immunizations","dataYear":"2018","assetId":"924404","subcategory":"Health","detail":"https://classic.savi.org/SAVI/PopUps/AssetMoreInfo.aspx?AssetID=924404"}},{"type":"Feature","geometry":{"type":"Point","coordinates":[-85.69312329,40.13000964]},"properties":{"name":"COMMUNITY ANDERSON PEDIATRIC","assetType":"Immunizations","dataYear":"2018","assetId":"924583","subcategory":"Health","detail":"https://classic.savi.org/SAVI/PopUps/AssetMoreInfo.aspx?AssetID=924583"}},{"type":"Feature","geometry":{"type":"Point","coordinates":[-86.00853641,39.79066087]},"properties":{"name":"COMMUNITY EAST FAMILY MEDICINE","assetType":"Immunizations","dataYear":"2018","assetId":"924968","subcategory":"Health","detail":"https://classic.savi.org/SAVI/PopUps/AssetMoreInfo.aspx?AssetID=924968"}},{"type":"Feature","geometry":{"type":"Point","coordinates":[-86.0739627,39.78763739]},"properties":{"name":"COMMUNITY HOSPITAL EAST","assetType":"Immunizations","dataYear":"2018","assetId":"923357","subcategory":"Health","detail":"https://classic.savi.org/SAVI/PopUps/AssetMoreInfo.aspx?AssetID=923357"}},{"type":"Feature","geometry":{"type":"Point","coordinates":[-86.04323874,39.90035733]},"properties":{"name":"COMMUNITY HOSPITAL NORTH","assetType":"Immunizations","dataYear":"2018","assetId":"923908","subcategory":"Health","detail":"https://classic.savi.org/SAVI/PopUps/AssetMoreInfo.aspx?AssetID=923908"}},{"type":"Feature","geometry":{"type":"Point","coordinates":[-86.13252062,39.6371186]},"properties":{"name":"COMMUNITY HOSPITAL SOUTH","assetType":"Immunizations","dataYear":"2018","assetId":"925148","subcategory":"Health","detail":"https://classic.savi.org/SAVI/PopUps/AssetMoreInfo.aspx?AssetID=925148"}},{"type":"Feature","geometry":{"type":"Point","coordinates":[-86.00859511,39.78797322]},"properties":{"name":"COMMUNITY PEDIATRICS","assetType":"Immunizations","dataYear":"2018","assetId":"923487","subcategory":"Health","detail":"https://classic.savi.org/SAVI/PopUps/AssetMoreInfo.aspx?AssetID=923487"}},{"type":"Feature","geometry":{"type":"Point","coordinates":[-85.99697656,40.00014229]},"properties":{"name":"COMMUNITY PHYSICIANS OF NOBLESVILLE","assetType":"Immunizations","dataYear":"2018","assetId":"924222","subcategory":"Health","detail":"https://classic.savi.org/SAVI/PopUps/AssetMoreInfo.aspx?AssetID=924222"}},{"type":"Feature","geometry":{"type":"Point","coordinates":[-86.39407778,39.86912719]},"properties":{"name":"COMPLEMENTARY FAMILY MEDICAL CARE","assetType":"Immunizations","dataYear":"2018","assetId":"923116","subcategory":"Health","detail":"https://classic.savi.org/SAVI/PopUps/AssetMoreInfo.aspx?AssetID=923116"}},{"type":"Feature","geometry":{"type":"Point","coordinates":[-86.15603495,39.91903437]},"properties":{"name":"CORNERSTONE FAMILY PHYSICIANS","assetType":"Immunizations","dataYear":"2018","assetId":"924045","subcategory":"Health","detail":"https://classic.savi.org/SAVI/PopUps/AssetMoreInfo.aspx?AssetID=924045"}},{"type":"Feature","geometry":{"type":"Point","coordinates":[-86.0978518,39.63586613]},"properties":{"name":"COUNTY LINE MEDICAL PAVILION","assetType":"Immunizations","dataYear":"2018","assetId":"924615","subcategory":"Health","detail":"https://classic.savi.org/SAVI/PopUps/AssetMoreInfo.aspx?AssetID=924615"}},{"type":"Feature","geometry":{"type":"Point","coordinates":[-86.08936586,39.63553012]},"properties":{"name":"COUNTY LINE PEDIATRICS","assetType":"Immunizations","dataYear":"2018","assetId":"924620","subcategory":"Health","detail":"https://classic.savi.org/SAVI/PopUps/AssetMoreInfo.aspx?AssetID=924620"}},{"type":"Feature","geometry":{"type":"Point","coordinates":[-86.11756807,39.64437529]},"properties":{"name":"COUNTYLINE FAMILY HEALTH CENTER","assetType":"Immunizations","dataYear":"2018","assetId":"925025","subcategory":"Health","detail":"https://classic.savi.org/SAVI/PopUps/AssetMoreInfo.aspx?AssetID=925025"}},{"type":"Feature","geometry":{"type":"Point","coordinates":[-85.68030667,40.0971755]},"properties":{"name":"CROCKETT","assetType":"Immunizations","dataYear":"2018","assetId":"923618","subcategory":"Health","detail":"https://classic.savi.org/SAVI/PopUps/AssetMoreInfo.aspx?AssetID=923618"}},{"type":"Feature","geometry":{"type":"Point","coordinates":[-85.99420524,39.95523364]},"properties":{"name":"CUMBERLAND CROSSING FAMILY PHYS","assetType":"Immunizations","dataYear":"2018","assetId":"923043","subcategory":"Health","detail":"https://classic.savi.org/SAVI/PopUps/AssetMoreInfo.aspx?AssetID=923043"}},{"type":"Feature","geometry":{"type":"Point","coordinates":[-85.95007581,39.77731465]},"properties":{"name":"CUMBERLAND FAMILY MEDICINE","assetType":"Immunizations","dataYear":"2018","assetId":"924569","subcategory":"Health","detail":"https://classic.savi.org/SAVI/PopUps/AssetMoreInfo.aspx?AssetID=924569"}},{"type":"Feature","geometry":{"type":"Point","coordinates":[-85.99626448,39.95653511]},"properties":{"name":"CUMBERLAND PEDIATRIC","assetType":"Immunizations","dataYear":"2018","assetId":"923583","subcategory":"Health","detail":"https://classic.savi.org/SAVI/PopUps/AssetMoreInfo.aspx?AssetID=923583"}},{"type":"Feature","geometry":{"type":"Point","coordinates":[-86.50274163,39.76145473]},"properties":{"name":"DANVILLE PEDIATRICS","assetType":"Immunizations","dataYear":"2018","assetId":"923189","subcategory":"Health","detail":"https://classic.savi.org/SAVI/PopUps/AssetMoreInfo.aspx?AssetID=923189"}},{"type":"Feature","geometry":{"type":"Point","coordinates":[-86.16319271,39.79608495]},"properties":{"name":"DAY NURSERY ASSOCIATION","assetType":"Immunizations","dataYear":"2018","assetId":"923507","subcategory":"Health","detail":"https://classic.savi.org/SAVI/PopUps/AssetMoreInfo.aspx?AssetID=923507"}},{"type":"Feature","geometry":{"type":"Point","coordinates":[-86.06416735,39.78557329]},"properties":{"name":"DR PAUL WILSON & DR JUDITH VAHLE","assetType":"Immunizations","dataYear":"2018","assetId":"923595","subcategory":"Health","detail":"https://classic.savi.org/SAVI/PopUps/AssetMoreInfo.aspx?AssetID=923595"}},{"type":"Feature","geometry":{"type":"Point","coordinates":[-86.15691933,39.81494676]},"properties":{"name":"DR SEGUN RASAKI MD LLC","assetType":"Immunizations","dataYear":"2018","assetId":"922987","subcategory":"Health","detail":"https://classic.savi.org/SAVI/PopUps/AssetMoreInfo.aspx?AssetID=922987"}},{"type":"Feature","geometry":{"type":"Point","coordinates":[-86.21762267,39.80644579]},"properties":{"name":"EAGLEDALE HEALTH CENTER","assetType":"Immunizations","dataYear":"2018","assetId":"924832","subcategory":"Health","detail":"https://classic.savi.org/SAVI/PopUps/AssetMoreInfo.aspx?AssetID=924832"}},{"type":"Feature","geometry":{"type":"Point","coordinates":[-86.06525608,39.80981157]},"properties":{"name":"EASTSIDE MEDICAL CENTER","assetType":"Immunizations","dataYear":"2018","assetId":"924995","subcategory":"Health","detail":"https://classic.savi.org/SAVI/PopUps/AssetMoreInfo.aspx?AssetID=924995"}},{"type":"Feature","geometry":{"type":"Point","coordinates":[-85.95449285,39.35446494]},"properties":{"name":"EDINBURGH FAMILY HEALTH CENTER","assetType":"Immunizations","dataYear":"2018","assetId":"924949","subcategory":"Health","detail":"https://classic.savi.org/SAVI/PopUps/AssetMoreInfo.aspx?AssetID=924949"}},{"type":"Feature","geometry":{"type":"Point","coordinates":[-86.27767424,39.82643493]},"properties":{"name":"EISENHUT","assetType":"Immunizations","dataYear":"2018","assetId":"924881","subcategory":"Health","detail":"https://classic.savi.org/SAVI/PopUps/AssetMoreInfo.aspx?AssetID=924881"}},{"type":"Feature","geometry":{"type":"Point","coordinates":[-85.99907855,39.86330864]},"properties":{"name":"FALL CREEK FAMILY MEDICINE","assetType":"Immunizations","dataYear":"2018","assetId":"924069","subcategory":"Health","detail":"https://classic.savi.org/SAVI/PopUps/AssetMoreInfo.aspx?AssetID=924069"}},{"type":"Feature","geometry":{"type":"Point","coordinates":[-85.98753533,39.78300298]},"properties":{"name":"FAMILY MEDICINE CENTER","assetType":"Immunizations","dataYear":"2018","assetId":"924888","subcategory":"Health","detail":"https://classic.savi.org/SAVI/PopUps/AssetMoreInfo.aspx?AssetID=924888"}},{"type":"Feature","geometry":{"type":"Point","coordinates":[-86.79593107,39.51176965]},"properties":{"name":"FAMILY MEDICINE OF CLOVERDALE","assetType":"Immunizations","dataYear":"2018","assetId":"923833","subcategory":"Health","detail":"https://classic.savi.org/SAVI/PopUps/AssetMoreInfo.aspx?AssetID=923833"}},{"type":"Feature","geometry":{"type":"Point","coordinates":[-85.77902605,39.80497764]},"properties":{"name":"FAMILY MEDICINE OF GREENFIELD","assetType":"Immunizations","dataYear":"2018","assetId":"925034","subcategory":"Health","detail":"https://classic.savi.org/SAVI/PopUps/AssetMoreInfo.aspx?AssetID=925034"}},{"type":"Feature","geometry":{"type":"Point","coordinates":[-86.09594291,39.56478228]},"properties":{"name":"FAMILY PHYS JOHNSON CO - WHITELAND","assetType":"Immunizations","dataYear":"2018","assetId":"923057","subcategory":"Health","detail":"https://classic.savi.org/SAVI/PopUps/AssetMoreInfo.aspx?AssetID=923057"}},{"type":"Feature","geometry":{"type":"Point","coordinates":[-86.07824671,39.47984772]},"properties":{"name":"FAMILY PHYSCIANS OF JOHNSON COUNTY","assetType":"Immunizations","dataYear":"2018","assetId":"923657","subcategory":"Health","detail":"https://classic.savi.org/SAVI/PopUps/AssetMoreInfo.aspx?AssetID=923657"}},{"type":"Feature","geometry":{"type":"Point","coordinates":[-85.68096296,40.09409034]},"properties":{"name":"FAMILY PHYSICIANS OF ANDERSON","assetType":"Immunizations","dataYear":"2018","assetId":"923714","subcategory":"Health","detail":"https://classic.savi.org/SAVI/PopUps/AssetMoreInfo.aspx?AssetID=923714"}},{"type":"Feature","geometry":{"type":"Point","coordinates":[-86.15859299,39.57724396]},"properties":{"name":"FAMILY PHYSICIANS OF JOHNSON COUNTY","assetType":"Immunizations","dataYear":"2018","assetId":"923926","subcategory":"Health","detail":"https://classic.savi.org/SAVI/PopUps/AssetMoreInfo.aspx?AssetID=923926"}},{"type":"Feature","geometry":{"type":"Point","coordinates":[-85.83662495,40.26293273]},"properties":{"name":"FAMILY PRACTICE ASSOCIATES","assetType":"Immunizations","dataYear":"2018","assetId":"924319","subcategory":"Health","detail":"https://classic.savi.org/SAVI/PopUps/AssetMoreInfo.aspx?AssetID=924319"}},{"type":"Feature","geometry":{"type":"Point","coordinates":[-85.98753533,39.78300298]},"properties":{"name":"FELKINS & METZLER FAMILY PRACTICE","assetType":"Immunizations","dataYear":"2018","assetId":"923424","subcategory":"Health","detail":"https://classic.savi.org/SAVI/PopUps/AssetMoreInfo.aspx?AssetID=923424"}},{"type":"Feature","geometry":{"type":"Point","coordinates":[-86.00149507,39.97715671]},"properties":{"name":"FISHERS FAMILY CARE","assetType":"Immunizations","dataYear":"2018","assetId":"923934","subcategory":"Health","detail":"https://classic.savi.org/SAVI/PopUps/AssetMoreInfo.aspx?AssetID=923934"}},{"type":"Feature","geometry":{"type":"Point","coordinates":[-86.04369477,39.95562708]},"properties":{"name":"FISHERS PEDIATRICS","assetType":"Immunizations","dataYear":"2018","assetId":"923984","subcategory":"Health","detail":"https://classic.savi.org/SAVI/PopUps/AssetMoreInfo.aspx?AssetID=923984"}},{"type":"Feature","geometry":{"type":"Point","coordinates":[-85.99841205,39.999939]},"properties":{"name":"FISHERS PEDIATRICS - RMA","assetType":"Immunizations","dataYear":"2018","assetId":"923338","subcategory":"Health","detail":"https://classic.savi.org/SAVI/PopUps/AssetMoreInfo.aspx?AssetID=923338"}},{"type":"Feature","geometry":{"type":"Point","coordinates":[-85.84170786,39.93575773]},"properties":{"name":"FORTVILLE COMMUNITY MEDICINE","assetType":"Immunizations","dataYear":"2018","assetId":"923347","subcategory":"Health","detail":"https://classic.savi.org/SAVI/PopUps/AssetMoreInfo.aspx?AssetID=923347"}},{"type":"Feature","geometry":{"type":"Point","coordinates":[-86.04094839,39.48095779]},"properties":{"name":"FRANKLIN PEDIATRICS","assetType":"Immunizations","dataYear":"2018","assetId":"924656","subcategory":"Health","detail":"https://classic.savi.org/SAVI/PopUps/AssetMoreInfo.aspx?AssetID=924656"}},{"type":"Feature","geometry":{"type":"Point","coordinates":[-86.01947039,39.66622732]},"properties":{"name":"FRANKLIN TWP FAMILY MEDICINE","assetType":"Immunizations","dataYear":"2018","assetId":"925080","subcategory":"Health","detail":"https://classic.savi.org/SAVI/PopUps/AssetMoreInfo.aspx?AssetID=925080"}},{"type":"Feature","geometry":{"type":"Point","coordinates":[-86.2028539,39.90318449]},"properties":{"name":"GARY M HALBERSTADT DO","assetType":"Immunizations","dataYear":"2018","assetId":"924796","subcategory":"Health","detail":"https://classic.savi.org/SAVI/PopUps/AssetMoreInfo.aspx?AssetID=924796"}},{"type":"Feature","geometry":{"type":"Point","coordinates":[-85.95729294,39.90409537]},"properties":{"name":"GEIST FAMILY MED & PEDS","assetType":"Immunizations","dataYear":"2018","assetId":"925089","subcategory":"Health","detail":"https://classic.savi.org/SAVI/PopUps/AssetMoreInfo.aspx?AssetID=925089"}},{"type":"Feature","geometry":{"type":"Point","coordinates":[-86.11863303,39.86300504]},"properties":{"name":"GLENDALE FAMILY MEDICINE","assetType":"Immunizations","dataYear":"2018","assetId":"924994","subcategory":"Health","detail":"https://classic.savi.org/SAVI/PopUps/AssetMoreInfo.aspx?AssetID=924994"}},{"type":"Feature","geometry":{"type":"Point","coordinates":[-86.11734835,39.76894691]},"properties":{"name":"GOOD SAMARITAN HEALTH CLINIC","assetType":"Immunizations","dataYear":"2018","assetId":"924885","subcategory":"Health","detail":"https://classic.savi.org/SAVI/PopUps/AssetMoreInfo.aspx?AssetID=924885"}},{"type":"Feature","geometry":{"type":"Point","coordinates":[-86.14014623,39.63583397]},"properties":{"name":"GREENWOOD PEDIATRICS","assetType":"Immunizations","dataYear":"2018","assetId":"924360","subcategory":"Health","detail":"https://classic.savi.org/SAVI/PopUps/AssetMoreInfo.aspx?AssetID=924360"}},{"type":"Feature","geometry":{"type":"Point","coordinates":[-86.15943855,39.62011974]},"properties":{"name":"GREENWOOD PEDS & INTERNAL MED","assetType":"Immunizations","dataYear":"2018","assetId":"923216","subcategory":"Health","detail":"https://classic.savi.org/SAVI/PopUps/AssetMoreInfo.aspx?AssetID=923216"}},{"type":"Feature","geometry":{"type":"Point","coordinates":[-86.10930999,39.61086508]},"properties":{"name":"GREENWOOD PHYSICIANS ASSOCIATES","assetType":"Immunizations","dataYear":"2018","assetId":"923669","subcategory":"Health","detail":"https://classic.savi.org/SAVI/PopUps/AssetMoreInfo.aspx?AssetID=923669"}},{"type":"Feature","geometry":{"type":"Point","coordinates":[-85.9911682,40.04950113]},"properties":{"name":"HAMILTON COUNTY HEALTH DEPARTMENT","assetType":"Immunizations","dataYear":"2018","assetId":"918633","subcategory":"Health","detail":"https://classic.savi.org/SAVI/PopUps/AssetMoreInfo.aspx?AssetID=918633"}},{"type":"Feature","geometry":{"type":"Point","coordinates":[-85.9911682,40.04950113]},"properties":{"name":"HAMILTON COUNTY HEALTH DEPARTMENT","assetType":"Immunizations","dataYear":"2018","assetId":"918697","subcategory":"Health","detail":"https://classic.savi.org/SAVI/PopUps/AssetMoreInfo.aspx?AssetID=918697"}},{"type":"Feature","geometry":{"type":"Point","coordinates":[-85.9911682,40.04950113]},"properties":{"name":"HAMILTON COUNTY HEALTH DEPT","assetType":"Immunizations","dataYear":"2018","assetId":"923460","subcategory":"Health","detail":"https://classic.savi.org/SAVI/PopUps/AssetMoreInfo.aspx?AssetID=923460"}},{"type":"Feature","geometry":{"type":"Point","coordinates":[-85.76807668,39.78409316]},"properties":{"name":"HANCOCK COUNTY HEALTH DEPARTMENT","assetType":"Immunizations","dataYear":"2018","assetId":"918529","subcategory":"Health","detail":"https://classic.savi.org/SAVI/PopUps/AssetMoreInfo.aspx?AssetID=918529"}},{"type":"Feature","geometry":{"type":"Point","coordinates":[-85.76807668,39.78409316]},"properties":{"name":"HANCOCK COUNTY HEALTH DEPARTMENT","assetType":"Immunizations","dataYear":"2018","assetId":"918474","subcategory":"Health","detail":"https://classic.savi.org/SAVI/PopUps/AssetMoreInfo.aspx?AssetID=918474"}},{"type":"Feature","geometry":{"type":"Point","coordinates":[-85.76807668,39.78409316]},"properties":{"name":"HANCOCK COUNTY HEALTH DEPARTMENT","assetType":"Immunizations","dataYear":"2018","assetId":"918681","subcategory":"Health","detail":"https://classic.savi.org/SAVI/PopUps/AssetMoreInfo.aspx?AssetID=918681"}},{"type":"Feature","geometry":{"type":"Point","coordinates":[-85.76807668,39.78409316]},"properties":{"name":"HANCOCK COUNTY HEALTH DEPT","assetType":"Immunizations","dataYear":"2018","assetId":"923149","subcategory":"Health","detail":"https://classic.savi.org/SAVI/PopUps/AssetMoreInfo.aspx?AssetID=923149"}},{"type":"Feature","geometry":{"type":"Point","coordinates":[-85.7717526,39.79997756]},"properties":{"name":"HANCOCK FAMILY PRACTICE","assetType":"Immunizations","dataYear":"2018","assetId":"925245","subcategory":"Health","detail":"https://classic.savi.org/SAVI/PopUps/AssetMoreInfo.aspx?AssetID=925245"}},{"type":"Feature","geometry":{"type":"Point","coordinates":[-85.76577626,39.79414199]},"properties":{"name":"HANCOCK PEDIATRICS","assetType":"Immunizations","dataYear":"2018","assetId":"923976","subcategory":"Health","detail":"https://classic.savi.org/SAVI/PopUps/AssetMoreInfo.aspx?AssetID=923976"}},{"type":"Feature","geometry":{"type":"Point","coordinates":[-86.02122438,39.76108672]},"properties":{"name":"HAWTHORNE COMM WELLNESS CTR","assetType":"Immunizations","dataYear":"2018","assetId":"924898","subcategory":"Health","detail":"https://classic.savi.org/SAVI/PopUps/AssetMoreInfo.aspx?AssetID=924898"}},{"type":"Feature","geometry":{"type":"Point","coordinates":[-86.10783338,39.7373667]},"properties":{"name":"HEALTHNET - BARRINGTON HLTH CTR","assetType":"Immunizations","dataYear":"2018","assetId":"925020","subcategory":"Health","detail":"https://classic.savi.org/SAVI/PopUps/AssetMoreInfo.aspx?AssetID=925020"}},{"type":"Feature","geometry":{"type":"Point","coordinates":[-86.01170847,39.82746745]},"properties":{"name":"HEALTHNET - EASTSIDE HEALTH CENTER","assetType":"Immunizations","dataYear":"2018","assetId":"924289","subcategory":"Health","detail":"https://classic.savi.org/SAVI/PopUps/AssetMoreInfo.aspx?AssetID=924289"}},{"type":"Feature","geometry":{"type":"Point","coordinates":[-86.15716003,39.79140818]},"properties":{"name":"HEALTHNET - HOMELESS INITIATIVE","assetType":"Immunizations","dataYear":"2018","assetId":"923405","subcategory":"Health","detail":"https://classic.savi.org/SAVI/PopUps/AssetMoreInfo.aspx?AssetID=923405"}},{"type":"Feature","geometry":{"type":"Point","coordinates":[-86.11976288,39.80829122]},"properties":{"name":"HEALTHNET - MARTINDALE-BRIGHTWOOD H","assetType":"Immunizations","dataYear":"2018","assetId":"924756","subcategory":"Health","detail":"https://classic.savi.org/SAVI/PopUps/AssetMoreInfo.aspx?AssetID=924756"}},{"type":"Feature","geometry":{"type":"Point","coordinates":[-86.12158629,39.78182044]},"properties":{"name":"HEALTHNET - PEOPLE S HEALTH CTR","assetType":"Immunizations","dataYear":"2018","assetId":"924817","subcategory":"Health","detail":"https://classic.savi.org/SAVI/PopUps/AssetMoreInfo.aspx?AssetID=924817"}},{"type":"Feature","geometry":{"type":"Point","coordinates":[-86.12158629,39.78182044]},"properties":{"name":"HEALTHNET - PEOPLE S TEEN CLINIC","assetType":"Immunizations","dataYear":"2018","assetId":"924150","subcategory":"Health","detail":"https://classic.savi.org/SAVI/PopUps/AssetMoreInfo.aspx?AssetID=924150"}},{"type":"Feature","geometry":{"type":"Point","coordinates":[-86.13933304,39.75459711]},"properties":{"name":"HEALTHNET - SOUTHEAST HEALTH CTR","assetType":"Immunizations","dataYear":"2018","assetId":"924234","subcategory":"Health","detail":"https://classic.savi.org/SAVI/PopUps/AssetMoreInfo.aspx?AssetID=924234"}},{"type":"Feature","geometry":{"type":"Point","coordinates":[-86.18814314,39.75134969]},"properties":{"name":"HEALTHNET - SOUTHWEST HEALTH CTR","assetType":"Immunizations","dataYear":"2018","assetId":"923042","subcategory":"Health","detail":"https://classic.savi.org/SAVI/PopUps/AssetMoreInfo.aspx?AssetID=923042"}},{"type":"Feature","geometry":{"type":"Point","coordinates":[-86.16127756,39.78873305]},"properties":{"name":"HEALTHNET PEDIATRIC & ADOLESCENT","assetType":"Immunizations","dataYear":"2018","assetId":"924025","subcategory":"Health","detail":"https://classic.savi.org/SAVI/PopUps/AssetMoreInfo.aspx?AssetID=924025"}},{"type":"Feature","geometry":{"type":"Point","coordinates":[-86.13898973,40.03958433]},"properties":{"name":"HEART AND SOUL CLINIC","assetType":"Immunizations","dataYear":"2018","assetId":"917621","subcategory":"Health","detail":"https://classic.savi.org/SAVI/PopUps/AssetMoreInfo.aspx?AssetID=917621"}},{"type":"Feature","geometry":{"type":"Point","coordinates":[-86.33208301,39.63726137]},"properties":{"name":"HEARTLAND CROSSING PEDIATRICS","assetType":"Immunizations","dataYear":"2018","assetId":"924910","subcategory":"Health","detail":"https://classic.savi.org/SAVI/PopUps/AssetMoreInfo.aspx?AssetID=924910"}},{"type":"Feature","geometry":{"type":"Point","coordinates":[-86.52322041,39.75700956]},"properties":{"name":"HENDRICKS COUNTY HEALTH DEPARTMENT","assetType":"Immunizations","dataYear":"2018","assetId":"918574","subcategory":"Health","detail":"https://classic.savi.org/SAVI/PopUps/AssetMoreInfo.aspx?AssetID=918574"}},{"type":"Feature","geometry":{"type":"Point","coordinates":[-86.52322041,39.75700956]},"properties":{"name":"HENDRICKS COUNTY HEALTH DEPARTMENT","assetType":"Immunizations","dataYear":"2018","assetId":"918581","subcategory":"Health","detail":"https://classic.savi.org/SAVI/PopUps/AssetMoreInfo.aspx?AssetID=918581"}},{"type":"Feature","geometry":{"type":"Point","coordinates":[-86.52322041,39.75700956]},"properties":{"name":"HENDRICKS COUNTY HEALTH DEPARTMENT","assetType":"Immunizations","dataYear":"2018","assetId":"918417","subcategory":"Health","detail":"https://classic.savi.org/SAVI/PopUps/AssetMoreInfo.aspx?AssetID=918417"}},{"type":"Feature","geometry":{"type":"Point","coordinates":[-86.52322041,39.75700956]},"properties":{"name":"HENDRICKS COUNTY HEALTH DEPT","assetType":"Immunizations","dataYear":"2018","assetId":"924398","subcategory":"Health","detail":"https://classic.savi.org/SAVI/PopUps/AssetMoreInfo.aspx?AssetID=924398"}},{"type":"Feature","geometry":{"type":"Point","coordinates":[-86.37727635,39.76456074]},"properties":{"name":"HENDRICKS PEDIATRICS","assetType":"Immunizations","dataYear":"2018","assetId":"924458","subcategory":"Health","detail":"https://classic.savi.org/SAVI/PopUps/AssetMoreInfo.aspx?AssetID=924458"}},{"type":"Feature","geometry":{"type":"Point","coordinates":[-86.50135798,39.76182864]},"properties":{"name":"HENDRICKS REGIONAL HOSPITAL","assetType":"Immunizations","dataYear":"2018","assetId":"924722","subcategory":"Health","detail":"https://classic.savi.org/SAVI/PopUps/AssetMoreInfo.aspx?AssetID=924722"}},{"type":"Feature","geometry":{"type":"Point","coordinates":[-86.15892774,39.59233612]},"properties":{"name":"HONEY GROVE FAMILY MEDICINE","assetType":"Immunizations","dataYear":"2018","assetId":"925008","subcategory":"Health","detail":"https://classic.savi.org/SAVI/PopUps/AssetMoreInfo.aspx?AssetID=925008"}},{"type":"Feature","geometry":{"type":"Point","coordinates":[-86.08485394,39.76912986]},"properties":{"name":"HOWE WELLNESS CENTER","assetType":"Immunizations","dataYear":"2018","assetId":"924892","subcategory":"Health","detail":"https://classic.savi.org/SAVI/PopUps/AssetMoreInfo.aspx?AssetID=924892"}},{"type":"Feature","geometry":{"type":"Point","coordinates":[-86.15358963,39.77012984]},"properties":{"name":"INDEPENDENCE JOB CORPS CENTER","assetType":"Immunizations","dataYear":"2018","assetId":"923611","subcategory":"Health","detail":"https://classic.savi.org/SAVI/PopUps/AssetMoreInfo.aspx?AssetID=923611"}},{"type":"Feature","geometry":{"type":"Point","coordinates":[-86.15857018,39.63842416]},"properties":{"name":"INDIANA CLINIC PEDIATRICS SOUTH","assetType":"Immunizations","dataYear":"2018","assetId":"923497","subcategory":"Health","detail":"https://classic.savi.org/SAVI/PopUps/AssetMoreInfo.aspx?AssetID=923497"}},{"type":"Feature","geometry":{"type":"Point","coordinates":[-86.19403295,39.90925472]},"properties":{"name":"INDIANA HEMOPHILIA & THROMBOSIS CTR","assetType":"Immunizations","dataYear":"2018","assetId":"923745","subcategory":"Health","detail":"https://classic.savi.org/SAVI/PopUps/AssetMoreInfo.aspx?AssetID=923745"}},{"type":"Feature","geometry":{"type":"Point","coordinates":[-86.28898274,39.80064487]},"properties":{"name":"INDIANA WOMEN S PRISON","assetType":"Immunizations","dataYear":"2018","assetId":"923351","subcategory":"Health","detail":"https://classic.savi.org/SAVI/PopUps/AssetMoreInfo.aspx?AssetID=923351"}},{"type":"Feature","geometry":{"type":"Point","coordinates":[-86.28121217,39.82527598]},"properties":{"name":"INDIANAPOLIS INDEPENDENT PEDS","assetType":"Immunizations","dataYear":"2018","assetId":"925177","subcategory":"Health","detail":"https://classic.savi.org/SAVI/PopUps/AssetMoreInfo.aspx?AssetID=925177"}},{"type":"Feature","geometry":{"type":"Point","coordinates":[-86.14508275,39.81077649]},"properties":{"name":"INDY CARE FAMILY MEDICINE PC","assetType":"Immunizations","dataYear":"2018","assetId":"925143","subcategory":"Health","detail":"https://classic.savi.org/SAVI/PopUps/AssetMoreInfo.aspx?AssetID=925143"}},{"type":"Feature","geometry":{"type":"Point","coordinates":[-86.24166188,39.83694766]},"properties":{"name":"IU HEALTH INTERNAL MED & PEDS","assetType":"Immunizations","dataYear":"2018","assetId":"924421","subcategory":"Health","detail":"https://classic.savi.org/SAVI/PopUps/AssetMoreInfo.aspx?AssetID=924421"}},{"type":"Feature","geometry":{"type":"Point","coordinates":[-86.35639901,39.62405577]},"properties":{"name":"IU HEALTH MOORESVILLE PHIYSICIANS","assetType":"Immunizations","dataYear":"2018","assetId":"923379","subcategory":"Health","detail":"https://classic.savi.org/SAVI/PopUps/AssetMoreInfo.aspx?AssetID=923379"}},{"type":"Feature","geometry":{"type":"Point","coordinates":[-86.15857018,39.63842416]},"properties":{"name":"IU HEALTH PHYSICIANS - FAMILY MED S","assetType":"Immunizations","dataYear":"2018","assetId":"922953","subcategory":"Health","detail":"https://classic.savi.org/SAVI/PopUps/AssetMoreInfo.aspx?AssetID=922953"}},{"type":"Feature","geometry":{"type":"Point","coordinates":[-85.99468236,39.77484346]},"properties":{"name":"IU HEALTH PHYSICIANS PEDIATRICS","assetType":"Immunizations","dataYear":"2018","assetId":"923661","subcategory":"Health","detail":"https://classic.savi.org/SAVI/PopUps/AssetMoreInfo.aspx?AssetID=923661"}},{"type":"Feature","geometry":{"type":"Point","coordinates":[-86.40487536,39.42758878]},"properties":{"name":"IU HLTH MORGAN PHYS - MARTINSVILLE","assetType":"Immunizations","dataYear":"2018","assetId":"923223","subcategory":"Health","detail":"https://classic.savi.org/SAVI/PopUps/AssetMoreInfo.aspx?AssetID=923223"}},{"type":"Feature","geometry":{"type":"Point","coordinates":[-86.2807578,39.82676187]},"properties":{"name":"IU HLTH PHYS - PC - EAGLE HIGHLANDS","assetType":"Immunizations","dataYear":"2018","assetId":"924015","subcategory":"Health","detail":"https://classic.savi.org/SAVI/PopUps/AssetMoreInfo.aspx?AssetID=924015"}},{"type":"Feature","geometry":{"type":"Point","coordinates":[-86.15106322,39.68478844]},"properties":{"name":"IU HLTH PHYS - PC - EPLER PARKE","assetType":"Immunizations","dataYear":"2018","assetId":"923108","subcategory":"Health","detail":"https://classic.savi.org/SAVI/PopUps/AssetMoreInfo.aspx?AssetID=923108"}},{"type":"Feature","geometry":{"type":"Point","coordinates":[-86.1195278,39.86789707]},"properties":{"name":"IU HLTH PHYS - PC - GLENDALE","assetType":"Immunizations","dataYear":"2018","assetId":"922885","subcategory":"Health","detail":"https://classic.savi.org/SAVI/PopUps/AssetMoreInfo.aspx?AssetID=922885"}},{"type":"Feature","geometry":{"type":"Point","coordinates":[-86.34340501,39.77861608]},"properties":{"name":"IU HLTH PHYS - PC - IU HEALTH WEST","assetType":"Immunizations","dataYear":"2018","assetId":"923506","subcategory":"Health","detail":"https://classic.savi.org/SAVI/PopUps/AssetMoreInfo.aspx?AssetID=923506"}},{"type":"Feature","geometry":{"type":"Point","coordinates":[-86.355271,39.6254218]},"properties":{"name":"IU HLTH PHYS - PC - MOORESVILLE","assetType":"Immunizations","dataYear":"2018","assetId":"924920","subcategory":"Health","detail":"https://classic.savi.org/SAVI/PopUps/AssetMoreInfo.aspx?AssetID=924920"}},{"type":"Feature","geometry":{"type":"Point","coordinates":[-86.175669,39.77529036]},"properties":{"name":"IU HLTH PHYS - PRIMARY CARE","assetType":"Immunizations","dataYear":"2018","assetId":"923605","subcategory":"Health","detail":"https://classic.savi.org/SAVI/PopUps/AssetMoreInfo.aspx?AssetID=923605"}},{"type":"Feature","geometry":{"type":"Point","coordinates":[-86.355271,39.6254218]},"properties":{"name":"IU HLTH PHYS PEDS MOORESVILLE","assetType":"Immunizations","dataYear":"2018","assetId":"925085","subcategory":"Health","detail":"https://classic.savi.org/SAVI/PopUps/AssetMoreInfo.aspx?AssetID=925085"}},{"type":"Feature","geometry":{"type":"Point","coordinates":[-86.14844787,39.96668445]},"properties":{"name":"IUHP - FAMILY MEDICINE CARMEL","assetType":"Immunizations","dataYear":"2018","assetId":"923085","subcategory":"Health","detail":"https://classic.savi.org/SAVI/PopUps/AssetMoreInfo.aspx?AssetID=923085"}},{"type":"Feature","geometry":{"type":"Point","coordinates":[-85.9290354,39.98680898]},"properties":{"name":"IUHP INTERNAL MED & PEDS - SAXONY H","assetType":"Immunizations","dataYear":"2018","assetId":"924856","subcategory":"Health","detail":"https://classic.savi.org/SAVI/PopUps/AssetMoreInfo.aspx?AssetID=924856"}},{"type":"Feature","geometry":{"type":"Point","coordinates":[-86.24166188,39.83694766]},"properties":{"name":"IUHP Peds Georgetown - INDIANA CLIN","assetType":"Immunizations","dataYear":"2018","assetId":"925065","subcategory":"Health","detail":"https://classic.savi.org/SAVI/PopUps/AssetMoreInfo.aspx?AssetID=925065"}},{"type":"Feature","geometry":{"type":"Point","coordinates":[-86.1382137,39.86942651]},"properties":{"name":"IUMG - BROADRIPPLE HIGH TEEN CARE","assetType":"Immunizations","dataYear":"2018","assetId":"924648","subcategory":"Health","detail":"https://classic.savi.org/SAVI/PopUps/AssetMoreInfo.aspx?AssetID=924648"}},{"type":"Feature","geometry":{"type":"Point","coordinates":[-86.14009831,39.74778985]},"properties":{"name":"IUMG - COTTAGE CORNER","assetType":"Immunizations","dataYear":"2018","assetId":"924708","subcategory":"Health","detail":"https://classic.savi.org/SAVI/PopUps/AssetMoreInfo.aspx?AssetID=924708"}},{"type":"Feature","geometry":{"type":"Point","coordinates":[-86.16316404,39.78722537]},"properties":{"name":"IUMG - FAMILY PRACTICE","assetType":"Immunizations","dataYear":"2018","assetId":"923164","subcategory":"Health","detail":"https://classic.savi.org/SAVI/PopUps/AssetMoreInfo.aspx?AssetID=923164"}},{"type":"Feature","geometry":{"type":"Point","coordinates":[-86.10286914,39.82650641]},"properties":{"name":"IUMG - FOREST MANOR HLTH CTR","assetType":"Immunizations","dataYear":"2018","assetId":"923680","subcategory":"Health","detail":"https://classic.savi.org/SAVI/PopUps/AssetMoreInfo.aspx?AssetID=923680"}},{"type":"Feature","geometry":{"type":"Point","coordinates":[-86.00161822,39.82527041]},"properties":{"name":"IUMG - GRASSY CREEK CHC","assetType":"Immunizations","dataYear":"2018","assetId":"924714","subcategory":"Health","detail":"https://classic.savi.org/SAVI/PopUps/AssetMoreInfo.aspx?AssetID=924714"}},{"type":"Feature","geometry":{"type":"Point","coordinates":[-86.18009735,39.77739713]},"properties":{"name":"IUMG - RILEY GENERAL PEDIATRICS","assetType":"Immunizations","dataYear":"2018","assetId":"925010","subcategory":"Health","detail":"https://classic.savi.org/SAVI/PopUps/AssetMoreInfo.aspx?AssetID=925010"}},{"type":"Feature","geometry":{"type":"Point","coordinates":[-86.15663336,39.81453389]},"properties":{"name":"JAMESON","assetType":"Immunizations","dataYear":"2018","assetId":"925139","subcategory":"Health","detail":"https://classic.savi.org/SAVI/PopUps/AssetMoreInfo.aspx?AssetID=925139"}},{"type":"Feature","geometry":{"type":"Point","coordinates":[-86.01085332,39.81025859]},"properties":{"name":"JANE PAULEY COMMUNITY HEALTH CENTER","assetType":"Immunizations","dataYear":"2018","assetId":"923695","subcategory":"Health","detail":"https://classic.savi.org/SAVI/PopUps/AssetMoreInfo.aspx?AssetID=923695"}},{"type":"Feature","geometry":{"type":"Point","coordinates":[-86.07751973,39.78836]},"properties":{"name":"JANE PAULEY COMMUNITY HEALTH CENTER AT 16TH STREET","assetType":"Immunizations","dataYear":"2018","assetId":"917379","subcategory":"Health","detail":"https://classic.savi.org/SAVI/PopUps/AssetMoreInfo.aspx?AssetID=917379"}},{"type":"Feature","geometry":{"type":"Point","coordinates":[-86.07751973,39.78836]},"properties":{"name":"JANE PAULEY COMMUNITY HEALTH CENTER AT 16TH STREET","assetType":"Immunizations","dataYear":"2018","assetId":"917377","subcategory":"Health","detail":"https://classic.savi.org/SAVI/PopUps/AssetMoreInfo.aspx?AssetID=917377"}},{"type":"Feature","geometry":{"type":"Point","coordinates":[-85.69313,40.13000964]},"properties":{"name":"JANE PAULEY COMMUNITY HEALTH CENTER AT ANDERSON","assetType":"Immunizations","dataYear":"2018","assetId":"917324","subcategory":"Health","detail":"https://classic.savi.org/SAVI/PopUps/AssetMoreInfo.aspx?AssetID=917324"}},{"type":"Feature","geometry":{"type":"Point","coordinates":[-85.69313,40.13000964]},"properties":{"name":"JANE PAULEY COMMUNITY HEALTH CENTER AT ANDERSON","assetType":"Immunizations","dataYear":"2018","assetId":"917367","subcategory":"Health","detail":"https://classic.savi.org/SAVI/PopUps/AssetMoreInfo.aspx?AssetID=917367"}},{"type":"Feature","geometry":{"type":"Point","coordinates":[-86.01085332,39.81025859]},"properties":{"name":"JANE PAULEY COMMUNITY HEALTH CENTER AT POST ROAD","assetType":"Immunizations","dataYear":"2018","assetId":"917474","subcategory":"Health","detail":"https://classic.savi.org/SAVI/PopUps/AssetMoreInfo.aspx?AssetID=917474"}},{"type":"Feature","geometry":{"type":"Point","coordinates":[-86.01085332,39.81025859]},"properties":{"name":"JANE PAULEY COMMUNITY HEALTH CENTER AT POST ROAD","assetType":"Immunizations","dataYear":"2018","assetId":"917576","subcategory":"Health","detail":"https://classic.savi.org/SAVI/PopUps/AssetMoreInfo.aspx?AssetID=917576"}},{"type":"Feature","geometry":{"type":"Point","coordinates":[-86.04562298,39.7955586]},"properties":{"name":"JANE PAULEY COMMUNITY HEALTH CENTER AT SHADELAND AVENUE","assetType":"Immunizations","dataYear":"2018","assetId":"917473","subcategory":"Health","detail":"https://classic.savi.org/SAVI/PopUps/AssetMoreInfo.aspx?AssetID=917473"}},{"type":"Feature","geometry":{"type":"Point","coordinates":[-86.04562298,39.7955586]},"properties":{"name":"JANE PAULEY COMMUNITY HEALTH CENTER AT SHADELAND AVENUE","assetType":"Immunizations","dataYear":"2018","assetId":"917328","subcategory":"Health","detail":"https://classic.savi.org/SAVI/PopUps/AssetMoreInfo.aspx?AssetID=917328"}},{"type":"Feature","geometry":{"type":"Point","coordinates":[-85.67520779,40.26251253]},"properties":{"name":"JANE PAULEY COMMUNITY HEALTH CLINIC AT ALEXANDRIA","assetType":"Immunizations","dataYear":"2018","assetId":"917364","subcategory":"Health","detail":"https://classic.savi.org/SAVI/PopUps/AssetMoreInfo.aspx?AssetID=917364"}},{"type":"Feature","geometry":{"type":"Point","coordinates":[-85.67520779,40.26251253]},"properties":{"name":"JANE PAULEY COMMUNITY HEALTH CLINIC AT ALEXANDRIA","assetType":"Immunizations","dataYear":"2018","assetId":"917363","subcategory":"Health","detail":"https://classic.savi.org/SAVI/PopUps/AssetMoreInfo.aspx?AssetID=917363"}},{"type":"Feature","geometry":{"type":"Point","coordinates":[-85.76896986,39.79808537]},"properties":{"name":"JANE PAULEY COMMUNITY HEALTH CLINIC AT GREENFIELD","assetType":"Immunizations","dataYear":"2018","assetId":"917321","subcategory":"Health","detail":"https://classic.savi.org/SAVI/PopUps/AssetMoreInfo.aspx?AssetID=917321"}},{"type":"Feature","geometry":{"type":"Point","coordinates":[-85.76896986,39.79808537]},"properties":{"name":"JANE PAULEY COMMUNITY HEALTH CLINIC AT GREENFIELD","assetType":"Immunizations","dataYear":"2018","assetId":"917319","subcategory":"Health","detail":"https://classic.savi.org/SAVI/PopUps/AssetMoreInfo.aspx?AssetID=917319"}},{"type":"Feature","geometry":{"type":"Point","coordinates":[-86.12088866,39.64491007]},"properties":{"name":"JANE PAULEY COMMUNITY HEALTH CLINIC AT MADISON AVENUE","assetType":"Immunizations","dataYear":"2018","assetId":"917318","subcategory":"Health","detail":"https://classic.savi.org/SAVI/PopUps/AssetMoreInfo.aspx?AssetID=917318"}},{"type":"Feature","geometry":{"type":"Point","coordinates":[-86.12088866,39.64491007]},"properties":{"name":"JANE PAULEY COMMUNITY HEALTH CLINIC AT MADISON AVENUE","assetType":"Immunizations","dataYear":"2018","assetId":"917317","subcategory":"Health","detail":"https://classic.savi.org/SAVI/PopUps/AssetMoreInfo.aspx?AssetID=917317"}},{"type":"Feature","geometry":{"type":"Point","coordinates":[-86.13919996,39.86884353]},"properties":{"name":"JANICE BILBY MD","assetType":"Immunizations","dataYear":"2018","assetId":"925069","subcategory":"Health","detail":"https://classic.savi.org/SAVI/PopUps/AssetMoreInfo.aspx?AssetID=925069"}},{"type":"Feature","geometry":{"type":"Point","coordinates":[-86.15663336,39.81453389]},"properties":{"name":"JOHN YOUNG MD INC","assetType":"Immunizations","dataYear":"2018","assetId":"923336","subcategory":"Health","detail":"https://classic.savi.org/SAVI/PopUps/AssetMoreInfo.aspx?AssetID=923336"}},{"type":"Feature","geometry":{"type":"Point","coordinates":[-86.05599054,39.48012402]},"properties":{"name":"JOHNSON COUNTY HEALTH DEPARTMENT","assetType":"Immunizations","dataYear":"2018","assetId":"917175","subcategory":"Health","detail":"https://classic.savi.org/SAVI/PopUps/AssetMoreInfo.aspx?AssetID=917175"}},{"type":"Feature","geometry":{"type":"Point","coordinates":[-86.05599054,39.48012402]},"properties":{"name":"JOHNSON COUNTY HEALTH DEPARTMENT","assetType":"Immunizations","dataYear":"2018","assetId":"917257","subcategory":"Health","detail":"https://classic.savi.org/SAVI/PopUps/AssetMoreInfo.aspx?AssetID=917257"}},{"type":"Feature","geometry":{"type":"Point","coordinates":[-86.05599054,39.48012402]},"properties":{"name":"JOHNSON COUNTY HEALTH DEPARTMENT","assetType":"Immunizations","dataYear":"2018","assetId":"917174","subcategory":"Health","detail":"https://classic.savi.org/SAVI/PopUps/AssetMoreInfo.aspx?AssetID=917174"}},{"type":"Feature","geometry":{"type":"Point","coordinates":[-86.05599054,39.48012402]},"properties":{"name":"JOHNSON COUNTY HEALTH DEPT","assetType":"Immunizations","dataYear":"2018","assetId":"923287","subcategory":"Health","detail":"https://classic.savi.org/SAVI/PopUps/AssetMoreInfo.aspx?AssetID=923287"}},{"type":"Feature","geometry":{"type":"Point","coordinates":[-86.03949799,39.48083898]},"properties":{"name":"JOHNSON MEMORIAL HOSPITAL","assetType":"Immunizations","dataYear":"2018","assetId":"923270","subcategory":"Health","detail":"https://classic.savi.org/SAVI/PopUps/AssetMoreInfo.aspx?AssetID=923270"}},{"type":"Feature","geometry":{"type":"Point","coordinates":[-86.84438747,39.63365157]},"properties":{"name":"JOHNSON NICHOLS HEALTH CLINIC - MCH","assetType":"Immunizations","dataYear":"2018","assetId":"924822","subcategory":"Health","detail":"https://classic.savi.org/SAVI/PopUps/AssetMoreInfo.aspx?AssetID=924822"}},{"type":"Feature","geometry":{"type":"Point","coordinates":[-86.12037098,39.8021156]},"properties":{"name":"JUVENILE DETENTION CTR - WISHARD","assetType":"Immunizations","dataYear":"2018","assetId":"923214","subcategory":"Health","detail":"https://classic.savi.org/SAVI/PopUps/AssetMoreInfo.aspx?AssetID=923214"}},{"type":"Feature","geometry":{"type":"Point","coordinates":[-86.35919129,39.60789667]},"properties":{"name":"KENDRICK FAMILY PRACTICE","assetType":"Immunizations","dataYear":"2018","assetId":"923909","subcategory":"Health","detail":"https://classic.savi.org/SAVI/PopUps/AssetMoreInfo.aspx?AssetID=923909"}},{"type":"Feature","geometry":{"type":"Point","coordinates":[-86.16218036,39.61889814]},"properties":{"name":"KIDD PEDIATRICS","assetType":"Immunizations","dataYear":"2018","assetId":"924206","subcategory":"Health","detail":"https://classic.savi.org/SAVI/PopUps/AssetMoreInfo.aspx?AssetID=924206"}},{"type":"Feature","geometry":{"type":"Point","coordinates":[-85.69312329,40.13000964]},"properties":{"name":"KIDS PLUS - MATERNAL CHILD HEALTH","assetType":"Immunizations","dataYear":"2018","assetId":"924237","subcategory":"Health","detail":"https://classic.savi.org/SAVI/PopUps/AssetMoreInfo.aspx?AssetID=924237"}},{"type":"Feature","geometry":{"type":"Point","coordinates":[-85.8494749,40.07638768]},"properties":{"name":"LAPEL MEDICAL ARTS","assetType":"Immunizations","dataYear":"2018","assetId":"923153","subcategory":"Health","detail":"https://classic.savi.org/SAVI/PopUps/AssetMoreInfo.aspx?AssetID=923153"}},{"type":"Feature","geometry":{"type":"Point","coordinates":[-86.05017219,39.8491253]},"properties":{"name":"LAWRENCE COMMUNITY WELLNESS CENTER","assetType":"Immunizations","dataYear":"2018","assetId":"923202","subcategory":"Health","detail":"https://classic.savi.org/SAVI/PopUps/AssetMoreInfo.aspx?AssetID=923202"}},{"type":"Feature","geometry":{"type":"Point","coordinates":[-86.01842615,39.85444766]},"properties":{"name":"LAWRENCE FAMILY CARE & PEDIATRICS","assetType":"Immunizations","dataYear":"2018","assetId":"924085","subcategory":"Health","detail":"https://classic.savi.org/SAVI/PopUps/AssetMoreInfo.aspx?AssetID=924085"}},{"type":"Feature","geometry":{"type":"Point","coordinates":[-86.47175624,40.0608903]},"properties":{"name":"LEBANON PEDIATRICS","assetType":"Immunizations","dataYear":"2018","assetId":"923663","subcategory":"Health","detail":"https://classic.savi.org/SAVI/PopUps/AssetMoreInfo.aspx?AssetID=923663"}},{"type":"Feature","geometry":{"type":"Point","coordinates":[-86.0939709,39.78133035]},"properties":{"name":"LINWOOD HEALTH CTR","assetType":"Immunizations","dataYear":"2018","assetId":"923882","subcategory":"Health","detail":"https://classic.savi.org/SAVI/PopUps/AssetMoreInfo.aspx?AssetID=923882"}},{"type":"Feature","geometry":{"type":"Point","coordinates":[-86.07367732,39.78796451]},"properties":{"name":"LUTHERAN CHILD &FAMILY SERVICES","assetType":"Immunizations","dataYear":"2018","assetId":"924987","subcategory":"Health","detail":"https://classic.savi.org/SAVI/PopUps/AssetMoreInfo.aspx?AssetID=924987"}},{"type":"Feature","geometry":{"type":"Point","coordinates":[-86.11938246,39.63930233]},"properties":{"name":"MADISON AVE FAMILY PRACTICE","assetType":"Immunizations","dataYear":"2018","assetId":"923148","subcategory":"Health","detail":"https://classic.savi.org/SAVI/PopUps/AssetMoreInfo.aspx?AssetID=923148"}},{"type":"Feature","geometry":{"type":"Point","coordinates":[-85.66976183,40.09988334]},"properties":{"name":"MADISON CO COMMUNITY HLTH CTR","assetType":"Immunizations","dataYear":"2018","assetId":"924947","subcategory":"Health","detail":"https://classic.savi.org/SAVI/PopUps/AssetMoreInfo.aspx?AssetID=924947"}},{"type":"Feature","geometry":{"type":"Point","coordinates":[-85.67656845,40.10733476]},"properties":{"name":"MADISON COUNTY HEALTH DEPARTMENT","assetType":"Immunizations","dataYear":"2018","assetId":"919982","subcategory":"Health","detail":"https://classic.savi.org/SAVI/PopUps/AssetMoreInfo.aspx?AssetID=919982"}},{"type":"Feature","geometry":{"type":"Point","coordinates":[-85.67656845,40.10733476]},"properties":{"name":"MADISON COUNTY HEALTH DEPARTMENT","assetType":"Immunizations","dataYear":"2018","assetId":"919979","subcategory":"Health","detail":"https://classic.savi.org/SAVI/PopUps/AssetMoreInfo.aspx?AssetID=919979"}},{"type":"Feature","geometry":{"type":"Point","coordinates":[-85.67656845,40.10733476]},"properties":{"name":"MADISON COUNTY HEALTH DEPARTMENT","assetType":"Immunizations","dataYear":"2018","assetId":"920256","subcategory":"Health","detail":"https://classic.savi.org/SAVI/PopUps/AssetMoreInfo.aspx?AssetID=920256"}},{"type":"Feature","geometry":{"type":"Point","coordinates":[-85.67656845,40.10733476]},"properties":{"name":"MADISON COUNTY HEALTH DEPT","assetType":"Immunizations","dataYear":"2018","assetId":"924172","subcategory":"Health","detail":"https://classic.savi.org/SAVI/PopUps/AssetMoreInfo.aspx?AssetID=924172"}},{"type":"Feature","geometry":{"type":"Point","coordinates":[-85.77782802,39.54802754]},"properties":{"name":"MAJOR PEDIATRICS","assetType":"Immunizations","dataYear":"2018","assetId":"924186","subcategory":"Health","detail":"https://classic.savi.org/SAVI/PopUps/AssetMoreInfo.aspx?AssetID=924186"}},{"type":"Feature","geometry":{"type":"Point","coordinates":[-86.15405055,39.81732516]},"properties":{"name":"MAPLETON MEDICAL CENTER INC","assetType":"Immunizations","dataYear":"2018","assetId":"924159","subcategory":"Health","detail":"https://classic.savi.org/SAVI/PopUps/AssetMoreInfo.aspx?AssetID=924159"}},{"type":"Feature","geometry":{"type":"Point","coordinates":[-86.11829536,39.65068143]},"properties":{"name":"MARION COUNTY HEALTH DEPARTMENT - STOP 11 CLINIC","assetType":"Immunizations","dataYear":"2018","assetId":"921616","subcategory":"Health","detail":"https://classic.savi.org/SAVI/PopUps/AssetMoreInfo.aspx?AssetID=921616"}},{"type":"Feature","geometry":{"type":"Point","coordinates":[-86.11829536,39.65068143]},"properties":{"name":"MARION COUNTY HEALTH DEPARTMENT - STOP 11 CLINIC","assetType":"Immunizations","dataYear":"2018","assetId":"921614","subcategory":"Health","detail":"https://classic.savi.org/SAVI/PopUps/AssetMoreInfo.aspx?AssetID=921614"}},{"type":"Feature","geometry":{"type":"Point","coordinates":[-86.21758428,39.80645222]},"properties":{"name":"MARION COUNTY PUBLIC HEALTH DEPARTMENT - EAGLEDALE PLAZA","assetType":"Immunizations","dataYear":"2018","assetId":"921766","subcategory":"Health","detail":"https://classic.savi.org/SAVI/PopUps/AssetMoreInfo.aspx?AssetID=921766"}},{"type":"Feature","geometry":{"type":"Point","coordinates":[-86.21758428,39.80645222]},"properties":{"name":"MARION COUNTY PUBLIC HEALTH DEPARTMENT - EAGLEDALE PLAZA","assetType":"Immunizations","dataYear":"2018","assetId":"921768","subcategory":"Health","detail":"https://classic.savi.org/SAVI/PopUps/AssetMoreInfo.aspx?AssetID=921768"}},{"type":"Feature","geometry":{"type":"Point","coordinates":[-86.11484612,39.82653297]},"properties":{"name":"MARION COUNTY PUBLIC HEALTH DEPARTMENT - MEADOWS DRIVE","assetType":"Immunizations","dataYear":"2018","assetId":"921531","subcategory":"Health","detail":"https://classic.savi.org/SAVI/PopUps/AssetMoreInfo.aspx?AssetID=921531"}},{"type":"Feature","geometry":{"type":"Point","coordinates":[-86.11484612,39.82653297]},"properties":{"name":"MARION COUNTY PUBLIC HEALTH DEPARTMENT - MEADOWS DRIVE","assetType":"Immunizations","dataYear":"2018","assetId":"921534","subcategory":"Health","detail":"https://classic.savi.org/SAVI/PopUps/AssetMoreInfo.aspx?AssetID=921534"}},{"type":"Feature","geometry":{"type":"Point","coordinates":[-86.06304808,39.79729547]},"properties":{"name":"MARION COUNTY PUBLIC HEALTH DEPARTMENT - NORTHEAST DISTRICT HEALTH OFFICE","assetType":"Immunizations","dataYear":"2018","assetId":"921972","subcategory":"Health","detail":"https://classic.savi.org/SAVI/PopUps/AssetMoreInfo.aspx?AssetID=921972"}},{"type":"Feature","geometry":{"type":"Point","coordinates":[-86.06304808,39.79729547]},"properties":{"name":"MARION COUNTY PUBLIC HEALTH DEPARTMENT - NORTHEAST DISTRICT HEALTH OFFICE","assetType":"Immunizations","dataYear":"2018","assetId":"921772","subcategory":"Health","detail":"https://classic.savi.org/SAVI/PopUps/AssetMoreInfo.aspx?AssetID=921772"}},{"type":"Feature","geometry":{"type":"Point","coordinates":[-86.21176237,39.88188392]},"properties":{"name":"MARION COUNTY PUBLIC HEALTH DEPARTMENT - NORTHWEST DISTRICT HEALTH OFFICE","assetType":"Immunizations","dataYear":"2018","assetId":"921710","subcategory":"Health","detail":"https://classic.savi.org/SAVI/PopUps/AssetMoreInfo.aspx?AssetID=921710"}},{"type":"Feature","geometry":{"type":"Point","coordinates":[-86.21176237,39.88188392]},"properties":{"name":"MARION COUNTY PUBLIC HEALTH DEPARTMENT - NORTHWEST DISTRICT HEALTH OFFICE","assetType":"Immunizations","dataYear":"2018","assetId":"921707","subcategory":"Health","detail":"https://classic.savi.org/SAVI/PopUps/AssetMoreInfo.aspx?AssetID=921707"}},{"type":"Feature","geometry":{"type":"Point","coordinates":[-86.14879931,39.71148142]},"properties":{"name":"MARION COUNTY PUBLIC HEALTH DEPARTMENT - SOUTH DISTRICT HEALTH OFFICE","assetType":"Immunizations","dataYear":"2018","assetId":"921612","subcategory":"Health","detail":"https://classic.savi.org/SAVI/PopUps/AssetMoreInfo.aspx?AssetID=921612"}},{"type":"Feature","geometry":{"type":"Point","coordinates":[-86.14879931,39.71148142]},"properties":{"name":"MARION COUNTY PUBLIC HEALTH DEPARTMENT - SOUTH DISTRICT HEALTH OFFICE","assetType":"Immunizations","dataYear":"2018","assetId":"921540","subcategory":"Health","detail":"https://classic.savi.org/SAVI/PopUps/AssetMoreInfo.aspx?AssetID=921540"}},{"type":"Feature","geometry":{"type":"Point","coordinates":[-86.11688823,39.82601137]},"properties":{"name":"MARION COUNTY PUBLIC HEALTH DEPT","assetType":"Immunizations","dataYear":"2018","assetId":"923430","subcategory":"Health","detail":"https://classic.savi.org/SAVI/PopUps/AssetMoreInfo.aspx?AssetID=923430"}},{"type":"Feature","geometry":{"type":"Point","coordinates":[-86.15664761,39.81708312]},"properties":{"name":"MARTIN","assetType":"Immunizations","dataYear":"2018","assetId":"923905","subcategory":"Health","detail":"https://classic.savi.org/SAVI/PopUps/AssetMoreInfo.aspx?AssetID=923905"}},{"type":"Feature","geometry":{"type":"Point","coordinates":[-86.40487536,39.42758878]},"properties":{"name":"MARTINSVILLE PEDIATRICS & ALLERGY","assetType":"Immunizations","dataYear":"2018","assetId":"924183","subcategory":"Health","detail":"https://classic.savi.org/SAVI/PopUps/AssetMoreInfo.aspx?AssetID=924183"}},{"type":"Feature","geometry":{"type":"Point","coordinates":[-85.68060291,40.09497992]},"properties":{"name":"MEDICAL ARTS BUILDING","assetType":"Immunizations","dataYear":"2018","assetId":"924339","subcategory":"Health","detail":"https://classic.savi.org/SAVI/PopUps/AssetMoreInfo.aspx?AssetID=924339"}},{"type":"Feature","geometry":{"type":"Point","coordinates":[-86.1566934,39.823284]},"properties":{"name":"MIHEL CHO MD","assetType":"Immunizations","dataYear":"2018","assetId":"925261","subcategory":"Health","detail":"https://classic.savi.org/SAVI/PopUps/AssetMoreInfo.aspx?AssetID=925261"}},{"type":"Feature","geometry":{"type":"Point","coordinates":[-86.35919129,39.60789667]},"properties":{"name":"MOORESVILLE FAMILY CARE","assetType":"Immunizations","dataYear":"2018","assetId":"923639","subcategory":"Health","detail":"https://classic.savi.org/SAVI/PopUps/AssetMoreInfo.aspx?AssetID=923639"}},{"type":"Feature","geometry":{"type":"Point","coordinates":[-86.42895695,39.42523923]},"properties":{"name":"MORGAN COUNTY HEALTH DEPARTMENT","assetType":"Immunizations","dataYear":"2018","assetId":"919095","subcategory":"Health","detail":"https://classic.savi.org/SAVI/PopUps/AssetMoreInfo.aspx?AssetID=919095"}},{"type":"Feature","geometry":{"type":"Point","coordinates":[-86.42895695,39.42523923]},"properties":{"name":"MORGAN COUNTY HEALTH DEPARTMENT","assetType":"Immunizations","dataYear":"2018","assetId":"919289","subcategory":"Health","detail":"https://classic.savi.org/SAVI/PopUps/AssetMoreInfo.aspx?AssetID=919289"}},{"type":"Feature","geometry":{"type":"Point","coordinates":[-86.42895695,39.42523923]},"properties":{"name":"MORGAN COUNTY HEALTH DEPT","assetType":"Immunizations","dataYear":"2018","assetId":"923033","subcategory":"Health","detail":"https://classic.savi.org/SAVI/PopUps/AssetMoreInfo.aspx?AssetID=923033"}},{"type":"Feature","geometry":{"type":"Point","coordinates":[-86.26467128,39.37117936]},"properties":{"name":"MORGANTOWN MEDICAL CLINIC","assetType":"Immunizations","dataYear":"2018","assetId":"923404","subcategory":"Health","detail":"https://classic.savi.org/SAVI/PopUps/AssetMoreInfo.aspx?AssetID=923404"}},{"type":"Feature","geometry":{"type":"Point","coordinates":[-85.697059,39.6728146]},"properties":{"name":"MORRISTOWN - GREENFIELD FAM MED","assetType":"Immunizations","dataYear":"2018","assetId":"923719","subcategory":"Health","detail":"https://classic.savi.org/SAVI/PopUps/AssetMoreInfo.aspx?AssetID=923719"}},{"type":"Feature","geometry":{"type":"Point","coordinates":[-85.84092422,40.27717189]},"properties":{"name":"N MADISON CO COMM HLTH CTR","assetType":"Immunizations","dataYear":"2018","assetId":"923806","subcategory":"Health","detail":"https://classic.savi.org/SAVI/PopUps/AssetMoreInfo.aspx?AssetID=923806"}},{"type":"Feature","geometry":{"type":"Point","coordinates":[-86.2403541,39.19921147]},"properties":{"name":"NASHVILLE FAMILY MEDICINE","assetType":"Immunizations","dataYear":"2018","assetId":"924214","subcategory":"Health","detail":"https://classic.savi.org/SAVI/PopUps/AssetMoreInfo.aspx?AssetID=924214"}},{"type":"Feature","geometry":{"type":"Point","coordinates":[-86.15664583,39.96272424]},"properties":{"name":"NEW HORIZON PEDIATRICS","assetType":"Immunizations","dataYear":"2018","assetId":"924546","subcategory":"Health","detail":"https://classic.savi.org/SAVI/PopUps/AssetMoreInfo.aspx?AssetID=924546"}},{"type":"Feature","geometry":{"type":"Point","coordinates":[-85.93953517,39.73104137]},"properties":{"name":"NEW PALESTINE FAMILY MEDICINE","assetType":"Immunizations","dataYear":"2018","assetId":"923536","subcategory":"Health","detail":"https://classic.savi.org/SAVI/PopUps/AssetMoreInfo.aspx?AssetID=923536"}},{"type":"Feature","geometry":{"type":"Point","coordinates":[-86.03268219,40.04538782]},"properties":{"name":"NOBLESVILLE PEDIATRICS","assetType":"Immunizations","dataYear":"2018","assetId":"923597","subcategory":"Health","detail":"https://classic.savi.org/SAVI/PopUps/AssetMoreInfo.aspx?AssetID=923597"}},{"type":"Feature","geometry":{"type":"Point","coordinates":[-86.06376587,39.80381288]},"properties":{"name":"NORTH ARLINGTON HEALTH CENTER","assetType":"Immunizations","dataYear":"2018","assetId":"924780","subcategory":"Health","detail":"https://classic.savi.org/SAVI/PopUps/AssetMoreInfo.aspx?AssetID=924780"}},{"type":"Feature","geometry":{"type":"Point","coordinates":[-86.80640058,39.76164641]},"properties":{"name":"NORTH PUTNAM FAMILY HEALTH CARE","assetType":"Immunizations","dataYear":"2018","assetId":"923337","subcategory":"Health","detail":"https://classic.savi.org/SAVI/PopUps/AssetMoreInfo.aspx?AssetID=923337"}},{"type":"Feature","geometry":{"type":"Point","coordinates":[-86.04802789,39.89624072]},"properties":{"name":"NORTHEAST FAMILY PHYSICIANS","assetType":"Immunizations","dataYear":"2018","assetId":"923403","subcategory":"Health","detail":"https://classic.savi.org/SAVI/PopUps/AssetMoreInfo.aspx?AssetID=923403"}},{"type":"Feature","geometry":{"type":"Point","coordinates":[-86.03971321,39.90584809]},"properties":{"name":"NORTHSIDE FAMILY CARE","assetType":"Immunizations","dataYear":"2018","assetId":"922980","subcategory":"Health","detail":"https://classic.savi.org/SAVI/PopUps/AssetMoreInfo.aspx?AssetID=922980"}},{"type":"Feature","geometry":{"type":"Point","coordinates":[-86.15927051,39.56282882]},"properties":{"name":"OLD SCHOOLHOUSE PEDIATRICS","assetType":"Immunizations","dataYear":"2018","assetId":"923867","subcategory":"Health","detail":"https://classic.savi.org/SAVI/PopUps/AssetMoreInfo.aspx?AssetID=923867"}},{"type":"Feature","geometry":{"type":"Point","coordinates":[-85.9183153,39.98243711]},"properties":{"name":"OLIO ROAD FAMILY CARE","assetType":"Immunizations","dataYear":"2018","assetId":"923592","subcategory":"Health","detail":"https://classic.savi.org/SAVI/PopUps/AssetMoreInfo.aspx?AssetID=923592"}},{"type":"Feature","geometry":{"type":"Point","coordinates":[-85.69312329,40.13000964]},"properties":{"name":"PATEL","assetType":"Immunizations","dataYear":"2018","assetId":"925109","subcategory":"Health","detail":"https://classic.savi.org/SAVI/PopUps/AssetMoreInfo.aspx?AssetID=925109"}},{"type":"Feature","geometry":{"type":"Point","coordinates":[-86.21176237,39.88188392]},"properties":{"name":"PECAR HEALTH CENTER IU MED","assetType":"Immunizations","dataYear":"2018","assetId":"923706","subcategory":"Health","detail":"https://classic.savi.org/SAVI/PopUps/AssetMoreInfo.aspx?AssetID=923706"}},{"type":"Feature","geometry":{"type":"Point","coordinates":[-86.1215783,39.60411229]},"properties":{"name":"PEDIATRIC ASSOCIATES OF GREENWOOD","assetType":"Immunizations","dataYear":"2018","assetId":"924866","subcategory":"Health","detail":"https://classic.savi.org/SAVI/PopUps/AssetMoreInfo.aspx?AssetID=924866"}},{"type":"Feature","geometry":{"type":"Point","coordinates":[-85.76938088,40.00235706]},"properties":{"name":"PENDLETON FAMILY PRACTICE","assetType":"Immunizations","dataYear":"2018","assetId":"924581","subcategory":"Health","detail":"https://classic.savi.org/SAVI/PopUps/AssetMoreInfo.aspx?AssetID=924581"}},{"type":"Feature","geometry":{"type":"Point","coordinates":[-85.73343862,40.00555428]},"properties":{"name":"PENDLETON HEALTH CARE","assetType":"Immunizations","dataYear":"2018","assetId":"923456","subcategory":"Health","detail":"https://classic.savi.org/SAVI/PopUps/AssetMoreInfo.aspx?AssetID=923456"}},{"type":"Feature","geometry":{"type":"Point","coordinates":[-85.77680189,39.97041372]},"properties":{"name":"PENDLETON JUVENILE CORRECTIONAL","assetType":"Immunizations","dataYear":"2018","assetId":"923658","subcategory":"Health","detail":"https://classic.savi.org/SAVI/PopUps/AssetMoreInfo.aspx?AssetID=923658"}},{"type":"Feature","geometry":{"type":"Point","coordinates":[-85.74448056,39.98645855]},"properties":{"name":"PENDLETON MEDICAL GROUP","assetType":"Immunizations","dataYear":"2018","assetId":"925124","subcategory":"Health","detail":"https://classic.savi.org/SAVI/PopUps/AssetMoreInfo.aspx?AssetID=925124"}},{"type":"Feature","geometry":{"type":"Point","coordinates":[-86.27767424,39.82643493]},"properties":{"name":"PENNY KALLMYER MD","assetType":"Immunizations","dataYear":"2018","assetId":"924639","subcategory":"Health","detail":"https://classic.savi.org/SAVI/PopUps/AssetMoreInfo.aspx?AssetID=924639"}},{"type":"Feature","geometry":{"type":"Point","coordinates":[-86.37988638,39.71223786]},"properties":{"name":"PLAINFIELD FAMILY MEDICINE","assetType":"Immunizations","dataYear":"2018","assetId":"923156","subcategory":"Health","detail":"https://classic.savi.org/SAVI/PopUps/AssetMoreInfo.aspx?AssetID=923156"}},{"type":"Feature","geometry":{"type":"Point","coordinates":[-86.37988638,39.71223786]},"properties":{"name":"PLAINFIELD SPORTS & FAMILY MEDICINE","assetType":"Immunizations","dataYear":"2018","assetId":"924775","subcategory":"Health","detail":"https://classic.savi.org/SAVI/PopUps/AssetMoreInfo.aspx?AssetID=924775"}},{"type":"Feature","geometry":{"type":"Point","coordinates":[-86.05781072,39.90403061]},"properties":{"name":"PLANNED PARENTHOOD - CASTLETON","assetType":"Immunizations","dataYear":"2018","assetId":"924895","subcategory":"Health","detail":"https://classic.savi.org/SAVI/PopUps/AssetMoreInfo.aspx?AssetID=924895"}},{"type":"Feature","geometry":{"type":"Point","coordinates":[-86.15698249,39.82390702]},"properties":{"name":"PLANNED PARENTHOOD OF INDIANA","assetType":"Immunizations","dataYear":"2018","assetId":"924875","subcategory":"Health","detail":"https://classic.savi.org/SAVI/PopUps/AssetMoreInfo.aspx?AssetID=924875"}},{"type":"Feature","geometry":{"type":"Point","coordinates":[-86.15835047,39.76423399]},"properties":{"name":"PLANNED PARENTHOOD OF INDIANA AND KENTUCKY","assetType":"Immunizations","dataYear":"2018","assetId":"917791","subcategory":"Health","detail":"https://classic.savi.org/SAVI/PopUps/AssetMoreInfo.aspx?AssetID=917791"}},{"type":"Feature","geometry":{"type":"Point","coordinates":[-86.04565274,39.7955378]},"properties":{"name":"PLUM CREEK FAMILY MEDICINE","assetType":"Immunizations","dataYear":"2018","assetId":"923755","subcategory":"Health","detail":"https://classic.savi.org/SAVI/PopUps/AssetMoreInfo.aspx?AssetID=923755"}},{"type":"Feature","geometry":{"type":"Point","coordinates":[-86.00970093,39.78650575]},"properties":{"name":"POST ROAD FAMILY MEDICINE","assetType":"Immunizations","dataYear":"2018","assetId":"924133","subcategory":"Health","detail":"https://classic.savi.org/SAVI/PopUps/AssetMoreInfo.aspx?AssetID=924133"}},{"type":"Feature","geometry":{"type":"Point","coordinates":[-86.8460895,39.6221169]},"properties":{"name":"PUTNAM COUNTY HEALTH DEPARTMENT","assetType":"Immunizations","dataYear":"2018","assetId":"920813","subcategory":"Health","detail":"https://classic.savi.org/SAVI/PopUps/AssetMoreInfo.aspx?AssetID=920813"}},{"type":"Feature","geometry":{"type":"Point","coordinates":[-86.8460895,39.6221169]},"properties":{"name":"PUTNAM COUNTY HEALTH DEPARTMENT","assetType":"Immunizations","dataYear":"2018","assetId":"920758","subcategory":"Health","detail":"https://classic.savi.org/SAVI/PopUps/AssetMoreInfo.aspx?AssetID=920758"}},{"type":"Feature","geometry":{"type":"Point","coordinates":[-86.8460895,39.6221169]},"properties":{"name":"PUTNAM COUNTY HEALTH DEPARTMENT","assetType":"Immunizations","dataYear":"2018","assetId":"920810","subcategory":"Health","detail":"https://classic.savi.org/SAVI/PopUps/AssetMoreInfo.aspx?AssetID=920810"}},{"type":"Feature","geometry":{"type":"Point","coordinates":[-86.8460895,39.6221169]},"properties":{"name":"PUTNAM COUNTY HEALTH DEPARTMENT","assetType":"Immunizations","dataYear":"2018","assetId":"920808","subcategory":"Health","detail":"https://classic.savi.org/SAVI/PopUps/AssetMoreInfo.aspx?AssetID=920808"}},{"type":"Feature","geometry":{"type":"Point","coordinates":[-86.8460895,39.6221169]},"properties":{"name":"PUTNAM COUNTY HEALTH DEPT","assetType":"Immunizations","dataYear":"2018","assetId":"924208","subcategory":"Health","detail":"https://classic.savi.org/SAVI/PopUps/AssetMoreInfo.aspx?AssetID=924208"}},{"type":"Feature","geometry":{"type":"Point","coordinates":[-86.8460895,39.6221169]},"properties":{"name":"PUTNAM PEDIATRICS & INTERNAL MEDICI","assetType":"Immunizations","dataYear":"2018","assetId":"924144","subcategory":"Health","detail":"https://classic.savi.org/SAVI/PopUps/AssetMoreInfo.aspx?AssetID=924144"}},{"type":"Feature","geometry":{"type":"Point","coordinates":[-86.15049668,39.81727883]},"properties":{"name":"RAPHAEL HEALTH CENTER - MCH","assetType":"Immunizations","dataYear":"2018","assetId":"923224","subcategory":"Health","detail":"https://classic.savi.org/SAVI/PopUps/AssetMoreInfo.aspx?AssetID=923224"}},{"type":"Feature","geometry":{"type":"Point","coordinates":[-85.68060291,40.09497992]},"properties":{"name":"RAY","assetType":"Immunizations","dataYear":"2018","assetId":"923914","subcategory":"Health","detail":"https://classic.savi.org/SAVI/PopUps/AssetMoreInfo.aspx?AssetID=923914"}},{"type":"Feature","geometry":{"type":"Point","coordinates":[-86.16098528,39.95978418]},"properties":{"name":"RIVIERA PEDIATRICS","assetType":"Immunizations","dataYear":"2018","assetId":"925061","subcategory":"Health","detail":"https://classic.savi.org/SAVI/PopUps/AssetMoreInfo.aspx?AssetID=925061"}},{"type":"Feature","geometry":{"type":"Point","coordinates":[-86.24381179,39.8298208]},"properties":{"name":"RIVIERA PEDIATRICS","assetType":"Immunizations","dataYear":"2018","assetId":"924638","subcategory":"Health","detail":"https://classic.savi.org/SAVI/PopUps/AssetMoreInfo.aspx?AssetID=924638"}},{"type":"Feature","geometry":{"type":"Point","coordinates":[-86.09940988,39.66574321]},"properties":{"name":"RJ ROBINSON MEDICAL CORP","assetType":"Immunizations","dataYear":"2018","assetId":"924850","subcategory":"Health","detail":"https://classic.savi.org/SAVI/PopUps/AssetMoreInfo.aspx?AssetID=924850"}},{"type":"Feature","geometry":{"type":"Point","coordinates":[-86.28894736,39.76599019]},"properties":{"name":"ROCKVILLE PLAZA FAM PHYSICIANS","assetType":"Immunizations","dataYear":"2018","assetId":"924805","subcategory":"Health","detail":"https://classic.savi.org/SAVI/PopUps/AssetMoreInfo.aspx?AssetID=924805"}},{"type":"Feature","geometry":{"type":"Point","coordinates":[-86.00913646,39.78489059]},"properties":{"name":"ROUHANA","assetType":"Immunizations","dataYear":"2018","assetId":"924188","subcategory":"Health","detail":"https://classic.savi.org/SAVI/PopUps/AssetMoreInfo.aspx?AssetID=924188"}},{"type":"Feature","geometry":{"type":"Point","coordinates":[-86.00893094,39.71843831]},"properties":{"name":"RULEY","assetType":"Immunizations","dataYear":"2018","assetId":"923151","subcategory":"Health","detail":"https://classic.savi.org/SAVI/PopUps/AssetMoreInfo.aspx?AssetID=923151"}},{"type":"Feature","geometry":{"type":"Point","coordinates":[-85.67967049,40.09723125]},"properties":{"name":"SAINT VINCENT ANDERSON REGIONAL - SAINT JOHN S CHILDREN S CLINIC","assetType":"Immunizations","dataYear":"2018","assetId":"919205","subcategory":"Health","detail":"https://classic.savi.org/SAVI/PopUps/AssetMoreInfo.aspx?AssetID=919205"}},{"type":"Feature","geometry":{"type":"Point","coordinates":[-86.1993285,39.90986517]},"properties":{"name":"SCHWARTZ","assetType":"Immunizations","dataYear":"2018","assetId":"924063","subcategory":"Health","detail":"https://classic.savi.org/SAVI/PopUps/AssetMoreInfo.aspx?AssetID=924063"}},{"type":"Feature","geometry":{"type":"Point","coordinates":[-86.08259445,39.63241689]},"properties":{"name":"SFMG - SOUTHEAST FAMILY MEDICINE","assetType":"Immunizations","dataYear":"2018","assetId":"924042","subcategory":"Health","detail":"https://classic.savi.org/SAVI/PopUps/AssetMoreInfo.aspx?AssetID=924042"}},{"type":"Feature","geometry":{"type":"Point","coordinates":[-86.04565274,39.7955378]},"properties":{"name":"SHADELAND FAMILY CARE CENTER","assetType":"Immunizations","dataYear":"2018","assetId":"923866","subcategory":"Health","detail":"https://classic.savi.org/SAVI/PopUps/AssetMoreInfo.aspx?AssetID=923866"}},{"type":"Feature","geometry":{"type":"Point","coordinates":[-86.23380372,39.81079946]},"properties":{"name":"SHALOM HEALTH CARE - FARRINGTON ELE","assetType":"Immunizations","dataYear":"2018","assetId":"923861","subcategory":"Health","detail":"https://classic.savi.org/SAVI/PopUps/AssetMoreInfo.aspx?AssetID=923861"}},{"type":"Feature","geometry":{"type":"Point","coordinates":[-86.25699521,39.81631629]},"properties":{"name":"SHALOM HEALTH CARE - NORTHWEST HS","assetType":"Immunizations","dataYear":"2018","assetId":"924020","subcategory":"Health","detail":"https://classic.savi.org/SAVI/PopUps/AssetMoreInfo.aspx?AssetID=924020"}},{"type":"Feature","geometry":{"type":"Point","coordinates":[-86.22962397,39.81755795]},"properties":{"name":"SHALOM HEALTH CARE CENTER","assetType":"Immunizations","dataYear":"2018","assetId":"924090","subcategory":"Health","detail":"https://classic.savi.org/SAVI/PopUps/AssetMoreInfo.aspx?AssetID=924090"}},{"type":"Feature","geometry":{"type":"Point","coordinates":[-86.22962397,39.81755795]},"properties":{"name":"SHALOM HEALTH CARE CENTER","assetType":"Immunizations","dataYear":"2018","assetId":"921951","subcategory":"Health","detail":"https://classic.savi.org/SAVI/PopUps/AssetMoreInfo.aspx?AssetID=921951"}},{"type":"Feature","geometry":{"type":"Point","coordinates":[-86.22962397,39.81755795]},"properties":{"name":"SHALOM HEALTH CARE CENTER","assetType":"Immunizations","dataYear":"2018","assetId":"921950","subcategory":"Health","detail":"https://classic.savi.org/SAVI/PopUps/AssetMoreInfo.aspx?AssetID=921950"}},{"type":"Feature","geometry":{"type":"Point","coordinates":[-86.26216356,39.85372395]},"properties":{"name":"SHALOM HEALTH CARE CENTER AT WEST 56TH STREET","assetType":"Immunizations","dataYear":"2018","assetId":"922120","subcategory":"Health","detail":"https://classic.savi.org/SAVI/PopUps/AssetMoreInfo.aspx?AssetID=922120"}},{"type":"Feature","geometry":{"type":"Point","coordinates":[-86.26216356,39.85372395]},"properties":{"name":"SHALOM HEALTH CARE CENTER AT WEST 56TH STREET","assetType":"Immunizations","dataYear":"2018","assetId":"921949","subcategory":"Health","detail":"https://classic.savi.org/SAVI/PopUps/AssetMoreInfo.aspx?AssetID=921949"}},{"type":"Feature","geometry":{"type":"Point","coordinates":[-86.26183865,39.82282519]},"properties":{"name":"SHALOM HLTHCARE CTR -STEPHEN FOSTER","assetType":"Immunizations","dataYear":"2018","assetId":"923521","subcategory":"Health","detail":"https://classic.savi.org/SAVI/PopUps/AssetMoreInfo.aspx?AssetID=923521"}},{"type":"Feature","geometry":{"type":"Point","coordinates":[-85.75435263,39.51992966]},"properties":{"name":"SHELBY COUNTY HEALTH DEPT","assetType":"Immunizations","dataYear":"2018","assetId":"923356","subcategory":"Health","detail":"https://classic.savi.org/SAVI/PopUps/AssetMoreInfo.aspx?AssetID=923356"}},{"type":"Feature","geometry":{"type":"Point","coordinates":[-85.793172,39.50576954]},"properties":{"name":"SHELBYVILLE CNTRL SCHOOLS WLLNS CTR","assetType":"Immunizations","dataYear":"2018","assetId":"923237","subcategory":"Health","detail":"https://classic.savi.org/SAVI/PopUps/AssetMoreInfo.aspx?AssetID=923237"}},{"type":"Feature","geometry":{"type":"Point","coordinates":[-86.21281515,40.13028027]},"properties":{"name":"SHERIDAN FAMILY PHYSICIANS","assetType":"Immunizations","dataYear":"2018","assetId":"923052","subcategory":"Health","detail":"https://classic.savi.org/SAVI/PopUps/AssetMoreInfo.aspx?AssetID=923052"}},{"type":"Feature","geometry":{"type":"Point","coordinates":[-86.15228424,39.78089568]},"properties":{"name":"SIMMONS","assetType":"Immunizations","dataYear":"2018","assetId":"923644","subcategory":"Health","detail":"https://classic.savi.org/SAVI/PopUps/AssetMoreInfo.aspx?AssetID=923644"}},{"type":"Feature","geometry":{"type":"Point","coordinates":[-85.69312329,40.13000964]},"properties":{"name":"SOUCHET","assetType":"Immunizations","dataYear":"2018","assetId":"923290","subcategory":"Health","detail":"https://classic.savi.org/SAVI/PopUps/AssetMoreInfo.aspx?AssetID=923290"}},{"type":"Feature","geometry":{"type":"Point","coordinates":[-86.0714979,39.65092723]},"properties":{"name":"SOUTH INDY FAMILY PRACTICE","assetType":"Immunizations","dataYear":"2018","assetId":"924128","subcategory":"Health","detail":"https://classic.savi.org/SAVI/PopUps/AssetMoreInfo.aspx?AssetID=924128"}},{"type":"Feature","geometry":{"type":"Point","coordinates":[-86.08183554,39.65304]},"properties":{"name":"SOUTHPORT FAMILY & SPORTS MED","assetType":"Immunizations","dataYear":"2018","assetId":"924051","subcategory":"Health","detail":"https://classic.savi.org/SAVI/PopUps/AssetMoreInfo.aspx?AssetID=924051"}},{"type":"Feature","geometry":{"type":"Point","coordinates":[-86.08467242,39.65333552]},"properties":{"name":"SOUTHSIDE PEDIATRICS","assetType":"Immunizations","dataYear":"2018","assetId":"923354","subcategory":"Health","detail":"https://classic.savi.org/SAVI/PopUps/AssetMoreInfo.aspx?AssetID=923354"}},{"type":"Feature","geometry":{"type":"Point","coordinates":[-86.24117106,39.78551683]},"properties":{"name":"SPEEDWAY FAMILY PHYSICIANS & PEDS","assetType":"Immunizations","dataYear":"2018","assetId":"923870","subcategory":"Health","detail":"https://classic.savi.org/SAVI/PopUps/AssetMoreInfo.aspx?AssetID=923870"}},{"type":"Feature","geometry":{"type":"Point","coordinates":[-85.93791644,39.95823905]},"properties":{"name":"SPN - BROOK SCHOOL RD","assetType":"Immunizations","dataYear":"2018","assetId":"924274","subcategory":"Health","detail":"https://classic.savi.org/SAVI/PopUps/AssetMoreInfo.aspx?AssetID=924274"}},{"type":"Feature","geometry":{"type":"Point","coordinates":[-86.07939563,39.65245504]},"properties":{"name":"ST FRANCIS FAMILY MEDICAL CENTER","assetType":"Immunizations","dataYear":"2018","assetId":"925213","subcategory":"Health","detail":"https://classic.savi.org/SAVI/PopUps/AssetMoreInfo.aspx?AssetID=925213"}},{"type":"Feature","geometry":{"type":"Point","coordinates":[-86.15310488,39.73008179]},"properties":{"name":"ST FRANCIS NEIGHBORHOOD HEALTH CTR","assetType":"Immunizations","dataYear":"2018","assetId":"923118","subcategory":"Health","detail":"https://classic.savi.org/SAVI/PopUps/AssetMoreInfo.aspx?AssetID=923118"}},{"type":"Feature","geometry":{"type":"Point","coordinates":[-86.08249763,39.64896429]},"properties":{"name":"ST FRANCIS PEDIATRIC SPECIALTY","assetType":"Immunizations","dataYear":"2018","assetId":"925267","subcategory":"Health","detail":"https://classic.savi.org/SAVI/PopUps/AssetMoreInfo.aspx?AssetID=925267"}},{"type":"Feature","geometry":{"type":"Point","coordinates":[-86.14703692,39.66455106]},"properties":{"name":"ST FRANCIS SOUTH 31 FAMILY CARE","assetType":"Immunizations","dataYear":"2018","assetId":"924924","subcategory":"Health","detail":"https://classic.savi.org/SAVI/PopUps/AssetMoreInfo.aspx?AssetID=924924"}},{"type":"Feature","geometry":{"type":"Point","coordinates":[-86.08936586,39.63553012]},"properties":{"name":"ST FRANCIS TRAVEL MEDICINE","assetType":"Immunizations","dataYear":"2018","assetId":"923648","subcategory":"Health","detail":"https://classic.savi.org/SAVI/PopUps/AssetMoreInfo.aspx?AssetID=923648"}},{"type":"Feature","geometry":{"type":"Point","coordinates":[-85.67967049,40.09723125]},"properties":{"name":"ST JOHN CHILDREN S CLINIC","assetType":"Immunizations","dataYear":"2018","assetId":"923283","subcategory":"Health","detail":"https://classic.savi.org/SAVI/PopUps/AssetMoreInfo.aspx?AssetID=923283"}},{"type":"Feature","geometry":{"type":"Point","coordinates":[-86.23952398,39.85206416]},"properties":{"name":"ST MARY ADULT MEDICINE","assetType":"Immunizations","dataYear":"2018","assetId":"924301","subcategory":"Health","detail":"https://classic.savi.org/SAVI/PopUps/AssetMoreInfo.aspx?AssetID=924301"}},{"type":"Feature","geometry":{"type":"Point","coordinates":[-85.67899934,40.09612782]},"properties":{"name":"ST VINCENT - ANDERSON","assetType":"Immunizations","dataYear":"2018","assetId":"923433","subcategory":"Health","detail":"https://classic.savi.org/SAVI/PopUps/AssetMoreInfo.aspx?AssetID=923433"}},{"type":"Feature","geometry":{"type":"Point","coordinates":[-86.1993719,39.90821421]},"properties":{"name":"ST VINCENT FAM MED RESIDENCY CLINIC","assetType":"Immunizations","dataYear":"2018","assetId":"923573","subcategory":"Health","detail":"https://classic.savi.org/SAVI/PopUps/AssetMoreInfo.aspx?AssetID=923573"}},{"type":"Feature","geometry":{"type":"Point","coordinates":[-86.07346206,40.04419491]},"properties":{"name":"ST VINCENT MED GRP - NOBLESVILLE WE","assetType":"Immunizations","dataYear":"2018","assetId":"924273","subcategory":"Health","detail":"https://classic.savi.org/SAVI/PopUps/AssetMoreInfo.aspx?AssetID=924273"}},{"type":"Feature","geometry":{"type":"Point","coordinates":[-85.91671231,39.98931697]},"properties":{"name":"ST VINCENT MEDICAL CENTER NORTHEAST","assetType":"Immunizations","dataYear":"2018","assetId":"923555","subcategory":"Health","detail":"https://classic.savi.org/SAVI/PopUps/AssetMoreInfo.aspx?AssetID=923555"}},{"type":"Feature","geometry":{"type":"Point","coordinates":[-86.1993719,39.90821421]},"properties":{"name":"ST VINCENT PEDS PRIMARY CARE CTR","assetType":"Immunizations","dataYear":"2018","assetId":"923435","subcategory":"Health","detail":"https://classic.savi.org/SAVI/PopUps/AssetMoreInfo.aspx?AssetID=923435"}},{"type":"Feature","geometry":{"type":"Point","coordinates":[-86.38363014,39.85420136]},"properties":{"name":"ST VINCENT PHYS NTWK - BROWNSBURG","assetType":"Immunizations","dataYear":"2018","assetId":"924642","subcategory":"Health","detail":"https://classic.savi.org/SAVI/PopUps/AssetMoreInfo.aspx?AssetID=924642"}},{"type":"Feature","geometry":{"type":"Point","coordinates":[-86.15920973,39.97017923]},"properties":{"name":"ST VINCENT PHYS NTWK - CARMEL","assetType":"Immunizations","dataYear":"2018","assetId":"924601","subcategory":"Health","detail":"https://classic.savi.org/SAVI/PopUps/AssetMoreInfo.aspx?AssetID=924601"}},{"type":"Feature","geometry":{"type":"Point","coordinates":[-85.68096296,40.09409034]},"properties":{"name":"ST VINCENT PHYS NTWK - DR HECKARD","assetType":"Immunizations","dataYear":"2018","assetId":"925183","subcategory":"Health","detail":"https://classic.savi.org/SAVI/PopUps/AssetMoreInfo.aspx?AssetID=925183"}},{"type":"Feature","geometry":{"type":"Point","coordinates":[-86.19374706,39.90951658]},"properties":{"name":"ST VINCENT PHYS NTWK - HARCOURT RD","assetType":"Immunizations","dataYear":"2018","assetId":"924380","subcategory":"Health","detail":"https://classic.savi.org/SAVI/PopUps/AssetMoreInfo.aspx?AssetID=924380"}},{"type":"Feature","geometry":{"type":"Point","coordinates":[-86.23758606,39.94432698]},"properties":{"name":"ST VINCENT PHYS NTWK - ZIONSVILLE","assetType":"Immunizations","dataYear":"2018","assetId":"923883","subcategory":"Health","detail":"https://classic.savi.org/SAVI/PopUps/AssetMoreInfo.aspx?AssetID=923883"}},{"type":"Feature","geometry":{"type":"Point","coordinates":[-86.12063302,39.96010532]},"properties":{"name":"ST VINCENT PHYS NTWK CENTRALCARMEL","assetType":"Immunizations","dataYear":"2018","assetId":"923660","subcategory":"Health","detail":"https://classic.savi.org/SAVI/PopUps/AssetMoreInfo.aspx?AssetID=923660"}},{"type":"Feature","geometry":{"type":"Point","coordinates":[-85.65197208,40.06455754]},"properties":{"name":"ST VINCENT PHYSN NETWORK - ANDERSON","assetType":"Immunizations","dataYear":"2018","assetId":"924506","subcategory":"Health","detail":"https://classic.savi.org/SAVI/PopUps/AssetMoreInfo.aspx?AssetID=924506"}},{"type":"Feature","geometry":{"type":"Point","coordinates":[-85.6705195,40.24150028]},"properties":{"name":"ST VINCENT MED GROUP - ALLEXANDRIA","assetType":"Immunizations","dataYear":"2018","assetId":"923516","subcategory":"Health","detail":"https://classic.savi.org/SAVI/PopUps/AssetMoreInfo.aspx?AssetID=923516"}},{"type":"Feature","geometry":{"type":"Point","coordinates":[-86.84896931,39.61942648]},"properties":{"name":"ST VINCENT PHYSICIAN NETWORK - PUT","assetType":"Immunizations","dataYear":"2018","assetId":"924955","subcategory":"Health","detail":"https://classic.savi.org/SAVI/PopUps/AssetMoreInfo.aspx?AssetID=924955"}},{"type":"Feature","geometry":{"type":"Point","coordinates":[-86.19843137,39.90764368]},"properties":{"name":"STEIN","assetType":"Immunizations","dataYear":"2018","assetId":"923514","subcategory":"Health","detail":"https://classic.savi.org/SAVI/PopUps/AssetMoreInfo.aspx?AssetID=923514"}},{"type":"Feature","geometry":{"type":"Point","coordinates":[-85.84185981,40.27515963]},"properties":{"name":"SVMG - MERCY FAMILY PRACTICE","assetType":"Immunizations","dataYear":"2018","assetId":"924415","subcategory":"Health","detail":"https://classic.savi.org/SAVI/PopUps/AssetMoreInfo.aspx?AssetID=924415"}},{"type":"Feature","geometry":{"type":"Point","coordinates":[-86.04247722,39.95291192]},"properties":{"name":"SVPN - ALLISONVILLE SOUTH","assetType":"Immunizations","dataYear":"2018","assetId":"924140","subcategory":"Health","detail":"https://classic.savi.org/SAVI/PopUps/AssetMoreInfo.aspx?AssetID=924140"}},{"type":"Feature","geometry":{"type":"Point","coordinates":[-86.2028539,39.90318449]},"properties":{"name":"St-Vincent Medical Group - Township","assetType":"Immunizations","dataYear":"2018","assetId":"923901","subcategory":"Health","detail":"https://classic.savi.org/SAVI/PopUps/AssetMoreInfo.aspx?AssetID=923901"}},{"type":"Feature","geometry":{"type":"Point","coordinates":[-86.29252483,39.67580684]},"properties":{"name":"THOMAS","assetType":"Immunizations","dataYear":"2018","assetId":"923826","subcategory":"Health","detail":"https://classic.savi.org/SAVI/PopUps/AssetMoreInfo.aspx?AssetID=923826"}},{"type":"Feature","geometry":{"type":"Point","coordinates":[-86.16011052,39.4109815]},"properties":{"name":"TRAFALGAR FAMILY HEALTH CENTER","assetType":"Immunizations","dataYear":"2018","assetId":"923401","subcategory":"Health","detail":"https://classic.savi.org/SAVI/PopUps/AssetMoreInfo.aspx?AssetID=923401"}},{"type":"Feature","geometry":{"type":"Point","coordinates":[-86.14868911,39.99920968]},"properties":{"name":"TRINITY FREE CLINIC","assetType":"Immunizations","dataYear":"2018","assetId":"919528","subcategory":"Health","detail":"https://classic.savi.org/SAVI/PopUps/AssetMoreInfo.aspx?AssetID=919528"}},{"type":"Feature","geometry":{"type":"Point","coordinates":[-86.14868911,39.99920968]},"properties":{"name":"TRINITY FREE CLINIC","assetType":"Immunizations","dataYear":"2018","assetId":"924982","subcategory":"Health","detail":"https://classic.savi.org/SAVI/PopUps/AssetMoreInfo.aspx?AssetID=924982"}},{"type":"Feature","geometry":{"type":"Point","coordinates":[-86.00913646,39.78489059]},"properties":{"name":"URMILA SINGH MD PEDIATRICS","assetType":"Immunizations","dataYear":"2018","assetId":"924192","subcategory":"Health","detail":"https://classic.savi.org/SAVI/PopUps/AssetMoreInfo.aspx?AssetID=924192"}},{"type":"Feature","geometry":{"type":"Point","coordinates":[-86.12129118,39.84173144]},"properties":{"name":"VISITING NURSE SERVICE INC","assetType":"Immunizations","dataYear":"2018","assetId":"923881","subcategory":"Health","detail":"https://classic.savi.org/SAVI/PopUps/AssetMoreInfo.aspx?AssetID=923881"}},{"type":"Feature","geometry":{"type":"Point","coordinates":[-86.12213068,40.04289581]},"properties":{"name":"WESTFIELD MEDICAL","assetType":"Immunizations","dataYear":"2018","assetId":"924813","subcategory":"Health","detail":"https://classic.savi.org/SAVI/PopUps/AssetMoreInfo.aspx?AssetID=924813"}},{"type":"Feature","geometry":{"type":"Point","coordinates":[-86.1373112,39.63643924]},"properties":{"name":"WINDROSE HEALTH NETWORK - COUNTYLINE CENTER","assetType":"Immunizations","dataYear":"2018","assetId":"920339","subcategory":"Health","detail":"https://classic.savi.org/SAVI/PopUps/AssetMoreInfo.aspx?AssetID=920339"}},{"type":"Feature","geometry":{"type":"Point","coordinates":[-86.1373112,39.63643924]},"properties":{"name":"WINDROSE HEALTH NETWORK - COUNTYLINE CENTER","assetType":"Immunizations","dataYear":"2018","assetId":"920338","subcategory":"Health","detail":"https://classic.savi.org/SAVI/PopUps/AssetMoreInfo.aspx?AssetID=920338"}},{"type":"Feature","geometry":{"type":"Point","coordinates":[-86.15106322,39.68478844]},"properties":{"name":"WINDROSE HEALTH NETWORK - EPLER PARKE CENTER","assetType":"Immunizations","dataYear":"2018","assetId":"920527","subcategory":"Health","detail":"https://classic.savi.org/SAVI/PopUps/AssetMoreInfo.aspx?AssetID=920527"}},{"type":"Feature","geometry":{"type":"Point","coordinates":[-86.15106322,39.68478844]},"properties":{"name":"WINDROSE HEALTH NETWORK - EPLER PARKE CENTER","assetType":"Immunizations","dataYear":"2018","assetId":"920526","subcategory":"Health","detail":"https://classic.savi.org/SAVI/PopUps/AssetMoreInfo.aspx?AssetID=920526"}},{"type":"Feature","geometry":{"type":"Point","coordinates":[-86.02743416,39.48126643]},"properties":{"name":"WINDROSE HEALTH NETWORK - FRANKLIN CENTER","assetType":"Immunizations","dataYear":"2018","assetId":"920653","subcategory":"Health","detail":"https://classic.savi.org/SAVI/PopUps/AssetMoreInfo.aspx?AssetID=920653"}},{"type":"Feature","geometry":{"type":"Point","coordinates":[-86.02743416,39.48126643]},"properties":{"name":"WINDROSE HEALTH NETWORK - FRANKLIN CENTER","assetType":"Immunizations","dataYear":"2018","assetId":"920654","subcategory":"Health","detail":"https://classic.savi.org/SAVI/PopUps/AssetMoreInfo.aspx?AssetID=920654"}},{"type":"Feature","geometry":{"type":"Point","coordinates":[-86.16011052,39.4109815]},"properties":{"name":"WINDROSE HEALTH NETWORK - TRAFALGAR CENTER","assetType":"Immunizations","dataYear":"2018","assetId":"920335","subcategory":"Health","detail":"https://classic.savi.org/SAVI/PopUps/AssetMoreInfo.aspx?AssetID=920335"}},{"type":"Feature","geometry":{"type":"Point","coordinates":[-86.16011052,39.4109815]},"properties":{"name":"WINDROSE HEALTH NETWORK - TRAFALGAR CENTER","assetType":"Immunizations","dataYear":"2018","assetId":"920336","subcategory":"Health","detail":"https://classic.savi.org/SAVI/PopUps/AssetMoreInfo.aspx?AssetID=920336"}},{"type":"Feature","geometry":{"type":"Point","coordinates":[-86.17634199,39.78084]},"properties":{"name":"WISHARD HEALTH SERVICES - PHARMACY","assetType":"Immunizations","dataYear":"2018","assetId":"924299","subcategory":"Health","detail":"https://classic.savi.org/SAVI/PopUps/AssetMoreInfo.aspx?AssetID=924299"}},{"type":"Feature","geometry":{"type":"Point","coordinates":[-86.17575036,39.77911507]},"properties":{"name":"WISHARD PEDIATRIC CLINIC","assetType":"Immunizations","dataYear":"2018","assetId":"925226","subcategory":"Health","detail":"https://classic.savi.org/SAVI/PopUps/AssetMoreInfo.aspx?AssetID=925226"}},{"type":"Feature","geometry":{"type":"Point","coordinates":[-86.17575036,39.77911507]},"properties":{"name":"WISHARD PRIMARY CARE","assetType":"Immunizations","dataYear":"2018","assetId":"923827","subcategory":"Health","detail":"https://classic.savi.org/SAVI/PopUps/AssetMoreInfo.aspx?AssetID=923827"}},{"type":"Feature","geometry":{"type":"Point","coordinates":[-86.20587725,39.77469101]},"properties":{"name":"WISHARD WESTSIDE CLINIC","assetType":"Immunizations","dataYear":"2018","assetId":"923087","subcategory":"Health","detail":"https://classic.savi.org/SAVI/PopUps/AssetMoreInfo.aspx?AssetID=923087"}},{"type":"Feature","geometry":{"type":"Point","coordinates":[-86.47541476,40.07839311]},"properties":{"name":"WITHAM FAMILY PRACTICE","assetType":"Immunizations","dataYear":"2018","assetId":"924690","subcategory":"Health","detail":"https://classic.savi.org/SAVI/PopUps/AssetMoreInfo.aspx?AssetID=924690"}},{"type":"Feature","geometry":{"type":"Point","coordinates":[-86.60724332,40.13047525]},"properties":{"name":"WITHAM HEALTH SVCS THORNTOWN","assetType":"Immunizations","dataYear":"2018","assetId":"924235","subcategory":"Health","detail":"https://classic.savi.org/SAVI/PopUps/AssetMoreInfo.aspx?AssetID=924235"}},{"type":"Feature","geometry":{"type":"Point","coordinates":[-86.47344118,40.07674531]},"properties":{"name":"WITHAM HOSPITAL","assetType":"Immunizations","dataYear":"2018","assetId":"923447","subcategory":"Health","detail":"https://classic.savi.org/SAVI/PopUps/AssetMoreInfo.aspx?AssetID=923447"}},{"type":"Feature","geometry":{"type":"Point","coordinates":[-86.47541476,40.07839311]},"properties":{"name":"WITHAM PEDIATRICS","assetType":"Immunizations","dataYear":"2018","assetId":"924050","subcategory":"Health","detail":"https://classic.savi.org/SAVI/PopUps/AssetMoreInfo.aspx?AssetID=924050"}},{"type":"Feature","geometry":{"type":"Point","coordinates":[-86.34054455,39.95060054]},"properties":{"name":"WITHAM PEDIATRICS OF ANSON","assetType":"Immunizations","dataYear":"2018","assetId":"924154","subcategory":"Health","detail":"https://classic.savi.org/SAVI/PopUps/AssetMoreInfo.aspx?AssetID=924154"}},{"type":"Feature","geometry":{"type":"Point","coordinates":[-86.1613023,39.79090761]},"properties":{"name":"YANCY","assetType":"Immunizations","dataYear":"2018","assetId":"924475","subcategory":"Health","detail":"https://classic.savi.org/SAVI/PopUps/AssetMoreInfo.aspx?AssetID=924475"}},{"type":"Feature","geometry":{"type":"Point","coordinates":[-86.28482842,39.95014963]},"properties":{"name":"ZIONSVILLE PEDIATRICS","assetType":"Immunizations","dataYear":"2018","assetId":"924652","subcategory":"Health","detail":"https://classic.savi.org/SAVI/PopUps/AssetMoreInfo.aspx?AssetID=924652"}},{"type":"Feature","geometry":{"type":"Point","coordinates":[-86.07851946,39.97216162]},"properties":{"name":"Angel Flight Indiana","assetType":"Mercy Flights","dataYear":"2007","assetId":"623525","subcategory":"Health","detail":"https://classic.savi.org/SAVI/PopUps/AssetMoreInfo.aspx?AssetID=623525"}},{"type":"Feature","geometry":{"type":"Point","coordinates":[-86.121151,39.88867385]},"properties":{"name":"AFC Doctors Express","assetType":"Mobile Health Care","dataYear":"2018","assetId":"923957","subcategory":"Health","detail":"https://classic.savi.org/SAVI/PopUps/AssetMoreInfo.aspx?AssetID=923957"}},{"type":"Feature","geometry":{"type":"Point","coordinates":[-85.97342732,39.86271057]},"properties":{"name":"AFC Doctors Express Urgent Care","assetType":"Mobile Health Care","dataYear":"2018","assetId":"923751","subcategory":"Health","detail":"https://classic.savi.org/SAVI/PopUps/AssetMoreInfo.aspx?AssetID=923751"}},{"type":"Feature","geometry":{"type":"Point","coordinates":[-85.96575458,39.35443424]},"properties":{"name":"Access One Medical","assetType":"Mobile Health Care","dataYear":"2018","assetId":"924528","subcategory":"Health","detail":"https://classic.savi.org/SAVI/PopUps/AssetMoreInfo.aspx?AssetID=924528"}},{"type":"Feature","geometry":{"type":"Point","coordinates":[-85.68096296,40.09409034]},"properties":{"name":"Anderson Family Practice","assetType":"Mobile Health Care","dataYear":"2018","assetId":"924073","subcategory":"Health","detail":"https://classic.savi.org/SAVI/PopUps/AssetMoreInfo.aspx?AssetID=924073"}},{"type":"Feature","geometry":{"type":"Point","coordinates":[-86.1821187,39.77765405]},"properties":{"name":"Center for Global Health","assetType":"Mobile Health Care","dataYear":"2018","assetId":"923427","subcategory":"Health","detail":"https://classic.savi.org/SAVI/PopUps/AssetMoreInfo.aspx?AssetID=923427"}},{"type":"Feature","geometry":{"type":"Point","coordinates":[-86.1566934,39.823284]},"properties":{"name":"Cho Pediatrics Near Downtown","assetType":"Mobile Health Care","dataYear":"2018","assetId":"925111","subcategory":"Health","detail":"https://classic.savi.org/SAVI/PopUps/AssetMoreInfo.aspx?AssetID=925111"}},{"type":"Feature","geometry":{"type":"Point","coordinates":[-86.48041658,39.76160397]},"properties":{"name":"Comprehensive Infectious Disease of Indiana","assetType":"Mobile Health Care","dataYear":"2018","assetId":"924735","subcategory":"Health","detail":"https://classic.savi.org/SAVI/PopUps/AssetMoreInfo.aspx?AssetID=924735"}},{"type":"Feature","geometry":{"type":"Point","coordinates":[-86.2598807,39.88749963]},"properties":{"name":"Concentra Urgent Care","assetType":"Mobile Health Care","dataYear":"2018","assetId":"924997","subcategory":"Health","detail":"https://classic.savi.org/SAVI/PopUps/AssetMoreInfo.aspx?AssetID=924997"}},{"type":"Feature","geometry":{"type":"Point","coordinates":[-86.30971492,39.78024775]},"properties":{"name":"Diamond Medical Services W","assetType":"Mobile Health Care","dataYear":"2018","assetId":"924541","subcategory":"Health","detail":"https://classic.savi.org/SAVI/PopUps/AssetMoreInfo.aspx?AssetID=924541"}},{"type":"Feature","geometry":{"type":"Point","coordinates":[-86.03894545,39.90525747]},"properties":{"name":"Dr Aziz Pharmacy NE","assetType":"Mobile Health Care","dataYear":"2018","assetId":"924529","subcategory":"Health","detail":"https://classic.savi.org/SAVI/PopUps/AssetMoreInfo.aspx?AssetID=924529"}},{"type":"Feature","geometry":{"type":"Point","coordinates":[-86.04207806,39.89977961]},"properties":{"name":"Dr Renita A Brown NE Community North Hospital","assetType":"Mobile Health Care","dataYear":"2018","assetId":"923963","subcategory":"Health","detail":"https://classic.savi.org/SAVI/PopUps/AssetMoreInfo.aspx?AssetID=923963"}},{"type":"Feature","geometry":{"type":"Point","coordinates":[-86.18708681,39.74459453]},"properties":{"name":"Eli Lilly & Co Employee Health Services","assetType":"Mobile Health Care","dataYear":"2018","assetId":"923915","subcategory":"Health","detail":"https://classic.savi.org/SAVI/PopUps/AssetMoreInfo.aspx?AssetID=923915"}},{"type":"Feature","geometry":{"type":"Point","coordinates":[-86.15467388,39.7583578]},"properties":{"name":"Eli Lilly & Co Employee Health Services","assetType":"Mobile Health Care","dataYear":"2018","assetId":"922896","subcategory":"Health","detail":"https://classic.savi.org/SAVI/PopUps/AssetMoreInfo.aspx?AssetID=922896"}},{"type":"Feature","geometry":{"type":"Point","coordinates":[-86.15717919,39.79152139]},"properties":{"name":"HEALTHNET HOMELESS INITIATIVE PROGRAM HIP","assetType":"Mobile Health Care","dataYear":"2018","assetId":"918586","subcategory":"Health","detail":"https://classic.savi.org/SAVI/PopUps/AssetMoreInfo.aspx?AssetID=918586"}},{"type":"Feature","geometry":{"type":"Point","coordinates":[-86.40582718,39.42487984]},"properties":{"name":"IU Health Morgan","assetType":"Mobile Health Care","dataYear":"2018","assetId":"923251","subcategory":"Health","detail":"https://classic.savi.org/SAVI/PopUps/AssetMoreInfo.aspx?AssetID=923251"}},{"type":"Feature","geometry":{"type":"Point","coordinates":[-86.16316404,39.78722537]},"properties":{"name":"IUHP PMC Methodist Downtown","assetType":"Mobile Health Care","dataYear":"2018","assetId":"924501","subcategory":"Health","detail":"https://classic.savi.org/SAVI/PopUps/AssetMoreInfo.aspx?AssetID=924501"}},{"type":"Feature","geometry":{"type":"Point","coordinates":[-86.18065892,39.7753796]},"properties":{"name":"IUPUI Health Services","assetType":"Mobile Health Care","dataYear":"2018","assetId":"924970","subcategory":"Health","detail":"https://classic.savi.org/SAVI/PopUps/AssetMoreInfo.aspx?AssetID=924970"}},{"type":"Feature","geometry":{"type":"Point","coordinates":[-86.15669494,39.95352678]},"properties":{"name":"Indiana Travel Medicine","assetType":"Mobile Health Care","dataYear":"2018","assetId":"924405","subcategory":"Health","detail":"https://classic.savi.org/SAVI/PopUps/AssetMoreInfo.aspx?AssetID=924405"}},{"type":"Feature","geometry":{"type":"Point","coordinates":[-86.27473422,39.94918156]},"properties":{"name":"Jama Gail Edwards MD","assetType":"Mobile Health Care","dataYear":"2018","assetId":"923003","subcategory":"Health","detail":"https://classic.savi.org/SAVI/PopUps/AssetMoreInfo.aspx?AssetID=923003"}},{"type":"Feature","geometry":{"type":"Point","coordinates":[-86.15825763,39.65111352]},"properties":{"name":"MEDICAL DIAGNOSTIC SERVICES INC","assetType":"Mobile Health Care","dataYear":"2018","assetId":"922936","subcategory":"Health","detail":"https://classic.savi.org/SAVI/PopUps/AssetMoreInfo.aspx?AssetID=922936"}},{"type":"Feature","geometry":{"type":"Point","coordinates":[-86.15691933,39.81494676]},"properties":{"name":"MERIDIAN RADIOLOGY","assetType":"Mobile Health Care","dataYear":"2018","assetId":"924693","subcategory":"Health","detail":"https://classic.savi.org/SAVI/PopUps/AssetMoreInfo.aspx?AssetID=924693"}},{"type":"Feature","geometry":{"type":"Point","coordinates":[-86.3788514,39.71006208]},"properties":{"name":"MOBILEX USA","assetType":"Mobile Health Care","dataYear":"2018","assetId":"922996","subcategory":"Health","detail":"https://classic.savi.org/SAVI/PopUps/AssetMoreInfo.aspx?AssetID=922996"}},{"type":"Feature","geometry":{"type":"Point","coordinates":[-85.65197208,40.06455754]},"properties":{"name":"Med One Urgent Care & Occupational Medicine","assetType":"Mobile Health Care","dataYear":"2018","assetId":"925075","subcategory":"Health","detail":"https://classic.savi.org/SAVI/PopUps/AssetMoreInfo.aspx?AssetID=925075"}},{"type":"Feature","geometry":{"type":"Point","coordinates":[-86.175669,39.77529036]},"properties":{"name":"Medical Diagnostic Clinic Infectious Disease","assetType":"Mobile Health Care","dataYear":"2018","assetId":"924609","subcategory":"Health","detail":"https://classic.savi.org/SAVI/PopUps/AssetMoreInfo.aspx?AssetID=924609"}},{"type":"Feature","geometry":{"type":"Point","coordinates":[-86.14049864,39.91429836]},"properties":{"name":"Passport Health","assetType":"Mobile Health Care","dataYear":"2018","assetId":"923199","subcategory":"Health","detail":"https://classic.savi.org/SAVI/PopUps/AssetMoreInfo.aspx?AssetID=923199"}},{"type":"Feature","geometry":{"type":"Point","coordinates":[-86.14719721,39.6761313]},"properties":{"name":"Passport Health","assetType":"Mobile Health Care","dataYear":"2018","assetId":"922866","subcategory":"Health","detail":"https://classic.savi.org/SAVI/PopUps/AssetMoreInfo.aspx?AssetID=922866"}},{"type":"Feature","geometry":{"type":"Point","coordinates":[-86.04247722,39.95291192]},"properties":{"name":"Public Safety Medical","assetType":"Mobile Health Care","dataYear":"2018","assetId":"923690","subcategory":"Health","detail":"https://classic.savi.org/SAVI/PopUps/AssetMoreInfo.aspx?AssetID=923690"}},{"type":"Feature","geometry":{"type":"Point","coordinates":[-86.15161201,39.7712796]},"properties":{"name":"Public Safety Medical Downtown","assetType":"Mobile Health Care","dataYear":"2018","assetId":"923509","subcategory":"Health","detail":"https://classic.savi.org/SAVI/PopUps/AssetMoreInfo.aspx?AssetID=923509"}},{"type":"Feature","geometry":{"type":"Point","coordinates":[-86.30113216,39.67707896]},"properties":{"name":"Southwest-Concentra Medical Center SW","assetType":"Mobile Health Care","dataYear":"2018","assetId":"924176","subcategory":"Health","detail":"https://classic.savi.org/SAVI/PopUps/AssetMoreInfo.aspx?AssetID=924176"}},{"type":"Feature","geometry":{"type":"Point","coordinates":[-86.08936586,39.63553012]},"properties":{"name":"St Francis Working Well","assetType":"Mobile Health Care","dataYear":"2018","assetId":"923530","subcategory":"Health","detail":"https://classic.savi.org/SAVI/PopUps/AssetMoreInfo.aspx?AssetID=923530"}},{"type":"Feature","geometry":{"type":"Point","coordinates":[-86.01389105,40.12119692]},"properties":{"name":"The Medicine Shoppe","assetType":"Mobile Health Care","dataYear":"2018","assetId":"925155","subcategory":"Health","detail":"https://classic.savi.org/SAVI/PopUps/AssetMoreInfo.aspx?AssetID=925155"}},{"type":"Feature","geometry":{"type":"Point","coordinates":[-86.198386,39.90612963]},"properties":{"name":"Travelers Medical and Immunization Services NW","assetType":"Mobile Health Care","dataYear":"2018","assetId":"923632","subcategory":"Health","detail":"https://classic.savi.org/SAVI/PopUps/AssetMoreInfo.aspx?AssetID=923632"}},{"type":"Feature","geometry":{"type":"Point","coordinates":[-86.25624923,39.7352962]},"properties":{"name":"U S Healthworks","assetType":"Mobile Health Care","dataYear":"2018","assetId":"923539","subcategory":"Health","detail":"https://classic.savi.org/SAVI/PopUps/AssetMoreInfo.aspx?AssetID=923539"}},{"type":"Feature","geometry":{"type":"Point","coordinates":[-86.15769583,39.78776983]},"properties":{"name":"Walgreens Drug Store Downtown","assetType":"Mobile Health Care","dataYear":"2018","assetId":"923850","subcategory":"Health","detail":"https://classic.savi.org/SAVI/PopUps/AssetMoreInfo.aspx?AssetID=923850"}},{"type":"Feature","geometry":{"type":"Point","coordinates":[-86.15664583,39.96272424]},"properties":{"name":"Wesley & Hodges Internal Medicine","assetType":"Mobile Health Care","dataYear":"2018","assetId":"924260","subcategory":"Health","detail":"https://classic.savi.org/SAVI/PopUps/AssetMoreInfo.aspx?AssetID=924260"}},{"type":"Feature","geometry":{"type":"Point","coordinates":[-86.17634199,39.78084]},"properties":{"name":"Wishard Occupational Health Downtown","assetType":"Mobile Health Care","dataYear":"2018","assetId":"923871","subcategory":"Health","detail":"https://classic.savi.org/SAVI/PopUps/AssetMoreInfo.aspx?AssetID=923871"}},{"type":"Feature","geometry":{"type":"Point","coordinates":[-86.47481487,40.07569316]},"properties":{"name":"Witham Health Services","assetType":"Mobile Health Care","dataYear":"2018","assetId":"925032","subcategory":"Health","detail":"https://classic.savi.org/SAVI/PopUps/AssetMoreInfo.aspx?AssetID=925032"}},{"type":"Feature","geometry":{"type":"Point","coordinates":[-86.1940328,39.90925716]},"properties":{"name":"MUSCULAR DYSTROPHY FAMILY FOUNDATION - CHILDREN S CLINIC","assetType":"Muscular Dystrophy Treatment","dataYear":"2014","assetId":"829858","subcategory":"Health","detail":"https://classic.savi.org/SAVI/PopUps/AssetMoreInfo.aspx?AssetID=829858"}},{"type":"Feature","geometry":{"type":"Point","coordinates":[-86.15577276,39.80796388]},"properties":{"name":"ACTION HEALTH CENTER - MARION COUNTY PUBLIC HEALTH DEPARTMENT","assetType":"Obstetrics/Gynecology","dataYear":"2018","assetId":"921542","subcategory":"Health","detail":"https://classic.savi.org/SAVI/PopUps/AssetMoreInfo.aspx?AssetID=921542"}},{"type":"Feature","geometry":{"type":"Point","coordinates":[-86.13994636,39.74821923]},"properties":{"name":"ESKENAZI HEALTH - COTTAGE CORNER CENTER","assetType":"Obstetrics/Gynecology","dataYear":"2018","assetId":"922671","subcategory":"Health","detail":"https://classic.savi.org/SAVI/PopUps/AssetMoreInfo.aspx?AssetID=922671"}},{"type":"Feature","geometry":{"type":"Point","coordinates":[-86.00161822,39.82527041]},"properties":{"name":"ESKENAZI HEALTH - GRASSY CREEK CENTER","assetType":"Obstetrics/Gynecology","dataYear":"2018","assetId":"922638","subcategory":"Health","detail":"https://classic.savi.org/SAVI/PopUps/AssetMoreInfo.aspx?AssetID=922638"}},{"type":"Feature","geometry":{"type":"Point","coordinates":[-86.20822639,39.88119655]},"properties":{"name":"ESKENAZI HEALTH - PECAR CENTER","assetType":"Obstetrics/Gynecology","dataYear":"2018","assetId":"922454","subcategory":"Health","detail":"https://classic.savi.org/SAVI/PopUps/AssetMoreInfo.aspx?AssetID=922454"}},{"type":"Feature","geometry":{"type":"Point","coordinates":[-86.25753595,39.82364625]},"properties":{"name":"ESKENAZI HEALTH - WEST 38TH STREET","assetType":"Obstetrics/Gynecology","dataYear":"2018","assetId":"922413","subcategory":"Health","detail":"https://classic.savi.org/SAVI/PopUps/AssetMoreInfo.aspx?AssetID=922413"}},{"type":"Feature","geometry":{"type":"Point","coordinates":[-86.12041071,39.84271932]},"properties":{"name":"ESKENAZI HEALTH - WILLOWBROOK FAMILY PLANNING CLINIC","assetType":"Obstetrics/Gynecology","dataYear":"2018","assetId":"922446","subcategory":"Health","detail":"https://classic.savi.org/SAVI/PopUps/AssetMoreInfo.aspx?AssetID=922446"}},{"type":"Feature","geometry":{"type":"Point","coordinates":[-86.10783338,39.7373667]},"properties":{"name":"HEALTHNET BARRINGTON HEALTH AND DENTAL CENTER","assetType":"Obstetrics/Gynecology","dataYear":"2018","assetId":"918598","subcategory":"Health","detail":"https://classic.savi.org/SAVI/PopUps/AssetMoreInfo.aspx?AssetID=918598"}},{"type":"Feature","geometry":{"type":"Point","coordinates":[-86.16130212,39.78875691]},"properties":{"name":"HEALTHNET CARE MATERNAL-FETAL MEDICINE CENTER","assetType":"Obstetrics/Gynecology","dataYear":"2018","assetId":"918637","subcategory":"Health","detail":"https://classic.savi.org/SAVI/PopUps/AssetMoreInfo.aspx?AssetID=918637"}},{"type":"Feature","geometry":{"type":"Point","coordinates":[-86.11976288,39.80829122]},"properties":{"name":"HEALTHNET MARTINDALE-BRIGHTWOOD HEALTH","assetType":"Obstetrics/Gynecology","dataYear":"2018","assetId":"918584","subcategory":"Health","detail":"https://classic.savi.org/SAVI/PopUps/AssetMoreInfo.aspx?AssetID=918584"}},{"type":"Feature","geometry":{"type":"Point","coordinates":[-86.11511119,39.82809566]},"properties":{"name":"HEALTHNET NORTHEAST HEALTH CENTER","assetType":"Obstetrics/Gynecology","dataYear":"2018","assetId":"918363","subcategory":"Health","detail":"https://classic.savi.org/SAVI/PopUps/AssetMoreInfo.aspx?AssetID=918363"}},{"type":"Feature","geometry":{"type":"Point","coordinates":[-86.13933304,39.75459711]},"properties":{"name":"HEALTHNET SOUTHEAST HEALTH AND DENTAL CENTER","assetType":"Obstetrics/Gynecology","dataYear":"2018","assetId":"918593","subcategory":"Health","detail":"https://classic.savi.org/SAVI/PopUps/AssetMoreInfo.aspx?AssetID=918593"}},{"type":"Feature","geometry":{"type":"Point","coordinates":[-86.18766513,39.7513741]},"properties":{"name":"HEALTHNET SOUTHWEST HEALTH AND DENTAL CENTER","assetType":"Obstetrics/Gynecology","dataYear":"2018","assetId":"918369","subcategory":"Health","detail":"https://classic.savi.org/SAVI/PopUps/AssetMoreInfo.aspx?AssetID=918369"}},{"type":"Feature","geometry":{"type":"Point","coordinates":[-86.26509914,39.77810737]},"properties":{"name":"HEALTHNET WEST HEALTH CENTER","assetType":"Obstetrics/Gynecology","dataYear":"2018","assetId":"918453","subcategory":"Health","detail":"https://classic.savi.org/SAVI/PopUps/AssetMoreInfo.aspx?AssetID=918453"}},{"type":"Feature","geometry":{"type":"Point","coordinates":[-86.50135798,39.76182864]},"properties":{"name":"HENDRICKS REGIONAL HEALTH","assetType":"Obstetrics/Gynecology","dataYear":"2018","assetId":"918442","subcategory":"Health","detail":"https://classic.savi.org/SAVI/PopUps/AssetMoreInfo.aspx?AssetID=918442"}},{"type":"Feature","geometry":{"type":"Point","coordinates":[-85.69313,40.13000964]},"properties":{"name":"JANE PAULEY COMMUNITY HEALTH CENTER AT ANDERSON","assetType":"Obstetrics/Gynecology","dataYear":"2018","assetId":"917322","subcategory":"Health","detail":"https://classic.savi.org/SAVI/PopUps/AssetMoreInfo.aspx?AssetID=917322"}},{"type":"Feature","geometry":{"type":"Point","coordinates":[-86.04562298,39.7955586]},"properties":{"name":"JANE PAULEY COMMUNITY HEALTH CENTER AT SHADELAND AVENUE","assetType":"Obstetrics/Gynecology","dataYear":"2018","assetId":"917471","subcategory":"Health","detail":"https://classic.savi.org/SAVI/PopUps/AssetMoreInfo.aspx?AssetID=917471"}},{"type":"Feature","geometry":{"type":"Point","coordinates":[-86.8460895,39.6221169]},"properties":{"name":"JOHNSON NICHOLS HEALTH CLINIC - GREENCASTLE","assetType":"Obstetrics/Gynecology","dataYear":"2018","assetId":"920751","subcategory":"Health","detail":"https://classic.savi.org/SAVI/PopUps/AssetMoreInfo.aspx?AssetID=920751"}},{"type":"Feature","geometry":{"type":"Point","coordinates":[-85.67422701,40.26283695]},"properties":{"name":"MADISON COUNTY COMMUNITY HEALTH CENTER -ALEXANDRIA","assetType":"Obstetrics/Gynecology","dataYear":"2018","assetId":"920127","subcategory":"Health","detail":"https://classic.savi.org/SAVI/PopUps/AssetMoreInfo.aspx?AssetID=920127"}},{"type":"Feature","geometry":{"type":"Point","coordinates":[-85.66976183,40.09988334]},"properties":{"name":"MADISON COUNTY COMMUNITY HEALTH CENTER -ANDERSON","assetType":"Obstetrics/Gynecology","dataYear":"2018","assetId":"920279","subcategory":"Health","detail":"https://classic.savi.org/SAVI/PopUps/AssetMoreInfo.aspx?AssetID=920279"}},{"type":"Feature","geometry":{"type":"Point","coordinates":[-85.84092422,40.27717189]},"properties":{"name":"MADISON COUNTY COMMUNITY HEALTH CENTER -ELWOOD","assetType":"Obstetrics/Gynecology","dataYear":"2018","assetId":"920273","subcategory":"Health","detail":"https://classic.savi.org/SAVI/PopUps/AssetMoreInfo.aspx?AssetID=920273"}},{"type":"Feature","geometry":{"type":"Point","coordinates":[-86.12158629,39.78182044]},"properties":{"name":"PEOPLE S HEALTH CENTER","assetType":"Obstetrics/Gynecology","dataYear":"2018","assetId":"918590","subcategory":"Health","detail":"https://classic.savi.org/SAVI/PopUps/AssetMoreInfo.aspx?AssetID=918590"}},{"type":"Feature","geometry":{"type":"Point","coordinates":[-86.15835047,39.76423399]},"properties":{"name":"PLANNED PARENTHOOD OF INDIANA AND KENTUCKY","assetType":"Obstetrics/Gynecology","dataYear":"2018","assetId":"917790","subcategory":"Health","detail":"https://classic.savi.org/SAVI/PopUps/AssetMoreInfo.aspx?AssetID=917790"}},{"type":"Feature","geometry":{"type":"Point","coordinates":[-86.8460895,39.6221169]},"properties":{"name":"PUTNAM COUNTY HOSPITAL","assetType":"Obstetrics/Gynecology","dataYear":"2018","assetId":"920647","subcategory":"Health","detail":"https://classic.savi.org/SAVI/PopUps/AssetMoreInfo.aspx?AssetID=920647"}},{"type":"Feature","geometry":{"type":"Point","coordinates":[-86.15049668,39.81727883]},"properties":{"name":"RAPHAEL HEALTH CENTER","assetType":"Obstetrics/Gynecology","dataYear":"2018","assetId":"917688","subcategory":"Health","detail":"https://classic.savi.org/SAVI/PopUps/AssetMoreInfo.aspx?AssetID=917688"}},{"type":"Feature","geometry":{"type":"Point","coordinates":[-86.47211975,40.05783545]},"properties":{"name":"RIGGS HEALTH BOONE COUNTY","assetType":"Obstetrics/Gynecology","dataYear":"2018","assetId":"922156","subcategory":"Health","detail":"https://classic.savi.org/SAVI/PopUps/AssetMoreInfo.aspx?AssetID=922156"}},{"type":"Feature","geometry":{"type":"Point","coordinates":[-86.1993719,39.90821421]},"properties":{"name":"SAINT VINCENT JOSHUA MAX SIMON PRIMARY CARE CENTER","assetType":"Obstetrics/Gynecology","dataYear":"2018","assetId":"921812","subcategory":"Health","detail":"https://classic.savi.org/SAVI/PopUps/AssetMoreInfo.aspx?AssetID=921812"}},{"type":"Feature","geometry":{"type":"Point","coordinates":[-86.22962397,39.81755795]},"properties":{"name":"SHALOM HEALTH CARE CENTER","assetType":"Obstetrics/Gynecology","dataYear":"2018","assetId":"922042","subcategory":"Health","detail":"https://classic.savi.org/SAVI/PopUps/AssetMoreInfo.aspx?AssetID=922042"}},{"type":"Feature","geometry":{"type":"Point","coordinates":[-86.1373112,39.63643924]},"properties":{"name":"WINDROSE HEALTH NETWORK - COUNTYLINE CENTER","assetType":"Obstetrics/Gynecology","dataYear":"2018","assetId":"920418","subcategory":"Health","detail":"https://classic.savi.org/SAVI/PopUps/AssetMoreInfo.aspx?AssetID=920418"}},{"type":"Feature","geometry":{"type":"Point","coordinates":[-86.15106322,39.68478844]},"properties":{"name":"WINDROSE HEALTH NETWORK - EPLER PARKE CENTER","assetType":"Obstetrics/Gynecology","dataYear":"2018","assetId":"920523","subcategory":"Health","detail":"https://classic.savi.org/SAVI/PopUps/AssetMoreInfo.aspx?AssetID=920523"}},{"type":"Feature","geometry":{"type":"Point","coordinates":[-86.02743416,39.48126643]},"properties":{"name":"WINDROSE HEALTH NETWORK - FRANKLIN CENTER","assetType":"Obstetrics/Gynecology","dataYear":"2018","assetId":"920529","subcategory":"Health","detail":"https://classic.savi.org/SAVI/PopUps/AssetMoreInfo.aspx?AssetID=920529"}},{"type":"Feature","geometry":{"type":"Point","coordinates":[-86.16011052,39.4109815]},"properties":{"name":"WINDROSE HEALTH NETWORK - TRAFALGAR CENTER","assetType":"Obstetrics/Gynecology","dataYear":"2018","assetId":"920334","subcategory":"Health","detail":"https://classic.savi.org/SAVI/PopUps/AssetMoreInfo.aspx?AssetID=920334"}},{"type":"Feature","geometry":{"type":"Point","coordinates":[-86.47481487,40.07569316]},"properties":{"name":"WITHAM CREEKSIDE OBGYN","assetType":"Obstetrics/Gynecology","dataYear":"2018","assetId":"918949","subcategory":"Health","detail":"https://classic.savi.org/SAVI/PopUps/AssetMoreInfo.aspx?AssetID=918949"}},{"type":"Feature","geometry":{"type":"Point","coordinates":[-86.34054455,39.95060054]},"properties":{"name":"WITHAM CREEKSIDE OBGYN AT ANSON","assetType":"Obstetrics/Gynecology","dataYear":"2018","assetId":"918948","subcategory":"Health","detail":"https://classic.savi.org/SAVI/PopUps/AssetMoreInfo.aspx?AssetID=918948"}},{"type":"Feature","geometry":{"type":"Point","coordinates":[-86.14539214,39.91239902]},"properties":{"name":"Indiana Lions Eye & Tissue Transplant Bank","assetType":"Organ Transplants","dataYear":"2011","assetId":"692373","subcategory":"Health","detail":"https://classic.savi.org/SAVI/PopUps/AssetMoreInfo.aspx?AssetID=692373"}},{"type":"Feature","geometry":{"type":"Point","coordinates":[-86.14195654,39.91251267]},"properties":{"name":"National Kidney Foundation of Indiana - Education Research","assetType":"Organ Transplants","dataYear":"2011","assetId":"691611","subcategory":"Health","detail":"https://classic.savi.org/SAVI/PopUps/AssetMoreInfo.aspx?AssetID=691611"}},{"type":"Feature","geometry":{"type":"Point","coordinates":[-86.26118892,39.92498187]},"properties":{"name":"AMERICAN CANCER SOCIETY - CENTRAL INDIANA OFFICE","assetType":"Patient/Family Housing","dataYear":"2018","assetId":"919139","subcategory":"Health","detail":"https://classic.savi.org/SAVI/PopUps/AssetMoreInfo.aspx?AssetID=919139"}},{"type":"Feature","geometry":{"type":"Point","coordinates":[-86.18306045,39.77429718]},"properties":{"name":"RONALD MCDONALD HOUSE CHARITIES OF CENTRAL INDIANA","assetType":"Patient/Family Housing","dataYear":"2018","assetId":"917516","subcategory":"Health","detail":"https://classic.savi.org/SAVI/PopUps/AssetMoreInfo.aspx?AssetID=917516"}},{"type":"Feature","geometry":{"type":"Point","coordinates":[-86.07490459,39.77059971]},"properties":{"name":"Children s Dental Clinic of Indianapolis","assetType":"Pediatric Dentistry","dataYear":"2007","assetId":"625527","subcategory":"Health","detail":"https://classic.savi.org/SAVI/PopUps/AssetMoreInfo.aspx?AssetID=625527"}},{"type":"Feature","geometry":{"type":"Point","coordinates":[-86.1215649,39.78180277]},"properties":{"name":"People s Health Center Pharmacy HealthNet","assetType":"Prescriptions","dataYear":"2008","assetId":"628214","subcategory":"Health","detail":"https://classic.savi.org/SAVI/PopUps/AssetMoreInfo.aspx?AssetID=628214"}},{"type":"Feature","geometry":{"type":"Point","coordinates":[-85.99103116,39.96518545]},"properties":{"name":"Community Hospitals Indpls - Older Adult Services","assetType":"Senior Membership Health Programs","dataYear":"2007","assetId":"624786","subcategory":"Health","detail":"https://classic.savi.org/SAVI/PopUps/AssetMoreInfo.aspx?AssetID=624786"}},{"type":"Feature","geometry":{"type":"Point","coordinates":[-86.10004999,39.72436605]},"properties":{"name":"Senior Promise Beech Grove St Francis Hospital and Health Ctr","assetType":"Senior Membership Health Programs","dataYear":"2007","assetId":"625040","subcategory":"Health","detail":"https://classic.savi.org/SAVI/PopUps/AssetMoreInfo.aspx?AssetID=625040"}},{"type":"Feature","geometry":{"type":"Point","coordinates":[-86.07938143,39.64841255]},"properties":{"name":"Senior Promise Emerson Ave St Francis Hospital","assetType":"Senior Membership Health Programs","dataYear":"2007","assetId":"625041","subcategory":"Health","detail":"https://classic.savi.org/SAVI/PopUps/AssetMoreInfo.aspx?AssetID=625041"}},{"type":"Feature","geometry":{"type":"Point","coordinates":[-86.17976983,39.77837792]},"properties":{"name":"Wishard Health Services - Senior Connection","assetType":"Senior Membership Health Programs","dataYear":"2007","assetId":"624838","subcategory":"Health","detail":"https://classic.savi.org/SAVI/PopUps/AssetMoreInfo.aspx?AssetID=624838"}},{"type":"Feature","geometry":{"type":"Point","coordinates":[-85.69332463,40.13039225]},"properties":{"name":"COMMUNITY HOSPITAL ANDERSON","assetType":"Sexual Assault Treatment","dataYear":"2018","assetId":"919036","subcategory":"Health","detail":"https://classic.savi.org/SAVI/PopUps/AssetMoreInfo.aspx?AssetID=919036"}},{"type":"Feature","geometry":{"type":"Point","coordinates":[-85.69332463,40.13039225]},"properties":{"name":"COMMUNITY HOSPITAL ANDERSON","assetType":"Sexual Assault Treatment","dataYear":"2018","assetId":"919037","subcategory":"Health","detail":"https://classic.savi.org/SAVI/PopUps/AssetMoreInfo.aspx?AssetID=919037"}},{"type":"Feature","geometry":{"type":"Point","coordinates":[-86.07395305,39.78767612]},"properties":{"name":"COMMUNITY HOSPITAL EAST","assetType":"Sexual Assault Treatment","dataYear":"2018","assetId":"921301","subcategory":"Health","detail":"https://classic.savi.org/SAVI/PopUps/AssetMoreInfo.aspx?AssetID=921301"}},{"type":"Feature","geometry":{"type":"Point","coordinates":[-86.07395305,39.78767612]},"properties":{"name":"COMMUNITY HOSPITAL EAST","assetType":"Sexual Assault Treatment","dataYear":"2018","assetId":"921302","subcategory":"Health","detail":"https://classic.savi.org/SAVI/PopUps/AssetMoreInfo.aspx?AssetID=921302"}},{"type":"Feature","geometry":{"type":"Point","coordinates":[-86.18300487,39.77744769]},"properties":{"name":"ESKENAZI HEALTH","assetType":"Sexual Assault Treatment","dataYear":"2018","assetId":"922688","subcategory":"Health","detail":"https://classic.savi.org/SAVI/PopUps/AssetMoreInfo.aspx?AssetID=922688"}},{"type":"Feature","geometry":{"type":"Point","coordinates":[-86.18300487,39.77744769]},"properties":{"name":"ESKENAZI HEALTH","assetType":"Sexual Assault Treatment","dataYear":"2018","assetId":"922687","subcategory":"Health","detail":"https://classic.savi.org/SAVI/PopUps/AssetMoreInfo.aspx?AssetID=922687"}},{"type":"Feature","geometry":{"type":"Point","coordinates":[-86.0825234,39.6494511]},"properties":{"name":"FRANCISCAN HEALTH INDIANAPOLIS","assetType":"Sexual Assault Treatment","dataYear":"2018","assetId":"917333","subcategory":"Health","detail":"https://classic.savi.org/SAVI/PopUps/AssetMoreInfo.aspx?AssetID=917333"}},{"type":"Feature","geometry":{"type":"Point","coordinates":[-86.0825234,39.6494511]},"properties":{"name":"FRANCISCAN HEALTH INDIANAPOLIS","assetType":"Sexual Assault Treatment","dataYear":"2018","assetId":"917332","subcategory":"Health","detail":"https://classic.savi.org/SAVI/PopUps/AssetMoreInfo.aspx?AssetID=917332"}},{"type":"Feature","geometry":{"type":"Point","coordinates":[-86.16543163,39.78977619]},"properties":{"name":"INDIANA UNIVERSITY HEALTH METHODIST HOSPITAL","assetType":"Sexual Assault Treatment","dataYear":"2018","assetId":"922055","subcategory":"Health","detail":"https://classic.savi.org/SAVI/PopUps/AssetMoreInfo.aspx?AssetID=922055"}},{"type":"Feature","geometry":{"type":"Point","coordinates":[-86.16543163,39.78977619]},"properties":{"name":"INDIANA UNIVERSITY HEALTH METHODIST HOSPITAL","assetType":"Sexual Assault Treatment","dataYear":"2018","assetId":"921965","subcategory":"Health","detail":"https://classic.savi.org/SAVI/PopUps/AssetMoreInfo.aspx?AssetID=921965"}},{"type":"Feature","geometry":{"type":"Point","coordinates":[-86.18009735,39.77739713]},"properties":{"name":"RILEY HOSPITAL FOR CHILDREN AT INDIANA UNIVERSITY HEALTH","assetType":"Sexual Assault Treatment","dataYear":"2018","assetId":"921959","subcategory":"Health","detail":"https://classic.savi.org/SAVI/PopUps/AssetMoreInfo.aspx?AssetID=921959"}},{"type":"Feature","geometry":{"type":"Point","coordinates":[-86.18009735,39.77739713]},"properties":{"name":"RILEY HOSPITAL FOR CHILDREN AT INDIANA UNIVERSITY HEALTH","assetType":"Sexual Assault Treatment","dataYear":"2018","assetId":"921958","subcategory":"Health","detail":"https://classic.savi.org/SAVI/PopUps/AssetMoreInfo.aspx?AssetID=921958"}},{"type":"Feature","geometry":{"type":"Point","coordinates":[-86.14342683,39.98275849]},"properties":{"name":"SAINT VINCENT CARMEL HOSPITAL","assetType":"Sexual Assault Treatment","dataYear":"2018","assetId":"921581","subcategory":"Health","detail":"https://classic.savi.org/SAVI/PopUps/AssetMoreInfo.aspx?AssetID=921581"}},{"type":"Feature","geometry":{"type":"Point","coordinates":[-86.14342683,39.98275849]},"properties":{"name":"SAINT VINCENT CARMEL HOSPITAL","assetType":"Sexual Assault Treatment","dataYear":"2018","assetId":"921582","subcategory":"Health","detail":"https://classic.savi.org/SAVI/PopUps/AssetMoreInfo.aspx?AssetID=921582"}},{"type":"Feature","geometry":{"type":"Point","coordinates":[-85.91600455,39.98942344]},"properties":{"name":"SAINT VINCENT FISHERS HOSPITAL","assetType":"Sexual Assault Treatment","dataYear":"2018","assetId":"921820","subcategory":"Health","detail":"https://classic.savi.org/SAVI/PopUps/AssetMoreInfo.aspx?AssetID=921820"}},{"type":"Feature","geometry":{"type":"Point","coordinates":[-85.91600455,39.98942344]},"properties":{"name":"SAINT VINCENT FISHERS HOSPITAL","assetType":"Sexual Assault Treatment","dataYear":"2018","assetId":"921821","subcategory":"Health","detail":"https://classic.savi.org/SAVI/PopUps/AssetMoreInfo.aspx?AssetID=921821"}},{"type":"Feature","geometry":{"type":"Point","coordinates":[-86.19595557,39.9119526]},"properties":{"name":"SAINT VINCENT INDIANAPOLIS HOSPITAL","assetType":"Sexual Assault Treatment","dataYear":"2018","assetId":"921811","subcategory":"Health","detail":"https://classic.savi.org/SAVI/PopUps/AssetMoreInfo.aspx?AssetID=921811"}},{"type":"Feature","geometry":{"type":"Point","coordinates":[-86.19595557,39.9119526]},"properties":{"name":"SAINT VINCENT INDIANAPOLIS HOSPITAL","assetType":"Sexual Assault Treatment","dataYear":"2018","assetId":"921810","subcategory":"Health","detail":"https://classic.savi.org/SAVI/PopUps/AssetMoreInfo.aspx?AssetID=921810"}},{"type":"Feature","geometry":{"type":"Point","coordinates":[-86.15577276,39.80796388]},"properties":{"name":"ACTION HEALTH CENTER - MARION COUNTY PUBLIC HEALTH DEPARTMENT","assetType":"Sexually Transmitted Disease Treatment","dataYear":"2018","assetId":"921544","subcategory":"Health","detail":"https://classic.savi.org/SAVI/PopUps/AssetMoreInfo.aspx?AssetID=921544"}},{"type":"Feature","geometry":{"type":"Point","coordinates":[-86.18300061,39.77667288]},"properties":{"name":"BELL FLOWER CLINIC","assetType":"Sexually Transmitted Disease Treatment","dataYear":"2018","assetId":"921974","subcategory":"Health","detail":"https://classic.savi.org/SAVI/PopUps/AssetMoreInfo.aspx?AssetID=921974"}},{"type":"Feature","geometry":{"type":"Point","coordinates":[-86.13994636,39.74821923]},"properties":{"name":"ESKENAZI HEALTH - COTTAGE CORNER CENTER","assetType":"Sexually Transmitted Disease Treatment","dataYear":"2018","assetId":"922673","subcategory":"Health","detail":"https://classic.savi.org/SAVI/PopUps/AssetMoreInfo.aspx?AssetID=922673"}},{"type":"Feature","geometry":{"type":"Point","coordinates":[-86.00161822,39.82527041]},"properties":{"name":"ESKENAZI HEALTH - GRASSY CREEK CENTER","assetType":"Sexually Transmitted Disease Treatment","dataYear":"2018","assetId":"922639","subcategory":"Health","detail":"https://classic.savi.org/SAVI/PopUps/AssetMoreInfo.aspx?AssetID=922639"}},{"type":"Feature","geometry":{"type":"Point","coordinates":[-86.20822639,39.88119655]},"properties":{"name":"ESKENAZI HEALTH - PECAR CENTER","assetType":"Sexually Transmitted Disease Treatment","dataYear":"2018","assetId":"922451","subcategory":"Health","detail":"https://classic.savi.org/SAVI/PopUps/AssetMoreInfo.aspx?AssetID=922451"}},{"type":"Feature","geometry":{"type":"Point","coordinates":[-86.25753595,39.82364625]},"properties":{"name":"ESKENAZI HEALTH - WEST 38TH STREET","assetType":"Sexually Transmitted Disease Treatment","dataYear":"2018","assetId":"922411","subcategory":"Health","detail":"https://classic.savi.org/SAVI/PopUps/AssetMoreInfo.aspx?AssetID=922411"}},{"type":"Feature","geometry":{"type":"Point","coordinates":[-86.12041071,39.84271932]},"properties":{"name":"ESKENAZI HEALTH - WILLOWBROOK FAMILY PLANNING CLINIC","assetType":"Sexually Transmitted Disease Treatment","dataYear":"2018","assetId":"922447","subcategory":"Health","detail":"https://classic.savi.org/SAVI/PopUps/AssetMoreInfo.aspx?AssetID=922447"}},{"type":"Feature","geometry":{"type":"Point","coordinates":[-86.8460895,39.6221169]},"properties":{"name":"JOHNSON NICHOLS HEALTH CLINIC - GREENCASTLE","assetType":"Sexually Transmitted Disease Treatment","dataYear":"2018","assetId":"920805","subcategory":"Health","detail":"https://classic.savi.org/SAVI/PopUps/AssetMoreInfo.aspx?AssetID=920805"}},{"type":"Feature","geometry":{"type":"Point","coordinates":[-85.67656845,40.10733476]},"properties":{"name":"MADISON COUNTY HEALTH DEPARTMENT","assetType":"Sexually Transmitted Disease Treatment","dataYear":"2018","assetId":"919942","subcategory":"Health","detail":"https://classic.savi.org/SAVI/PopUps/AssetMoreInfo.aspx?AssetID=919942"}},{"type":"Feature","geometry":{"type":"Point","coordinates":[-85.64738817,40.10573993]},"properties":{"name":"OPEN DOOR FAMILY PLANNING - ANDERSON","assetType":"Sexually Transmitted Disease Treatment","dataYear":"2018","assetId":"919993","subcategory":"Health","detail":"https://classic.savi.org/SAVI/PopUps/AssetMoreInfo.aspx?AssetID=919993"}},{"type":"Feature","geometry":{"type":"Point","coordinates":[-86.12158629,39.78182044]},"properties":{"name":"PEOPLE S HEALTH CENTER","assetType":"Sexually Transmitted Disease Treatment","dataYear":"2018","assetId":"918644","subcategory":"Health","detail":"https://classic.savi.org/SAVI/PopUps/AssetMoreInfo.aspx?AssetID=918644"}},{"type":"Feature","geometry":{"type":"Point","coordinates":[-86.15835047,39.76423399]},"properties":{"name":"PLANNED PARENTHOOD OF INDIANA AND KENTUCKY","assetType":"Sexually Transmitted Disease Treatment","dataYear":"2018","assetId":"917918","subcategory":"Health","detail":"https://classic.savi.org/SAVI/PopUps/AssetMoreInfo.aspx?AssetID=917918"}},{"type":"Feature","geometry":{"type":"Point","coordinates":[-86.17876005,39.77737181]},"properties":{"name":"Children s Specialized Services and Cerebral Palsy Treatment","assetType":"Specialty Hospital Services","dataYear":"2007","assetId":"624382","subcategory":"Health","detail":"https://classic.savi.org/SAVI/PopUps/AssetMoreInfo.aspx?AssetID=624382"}},{"type":"Feature","geometry":{"type":"Point","coordinates":[-86.27733557,39.83005549]},"properties":{"name":"Rehabilitation Hospital of Indiana","assetType":"Specialty Hospital Services","dataYear":"2007","assetId":"624381","subcategory":"Health","detail":"https://classic.savi.org/SAVI/PopUps/AssetMoreInfo.aspx?AssetID=624381"}},{"type":"Feature","geometry":{"type":"Point","coordinates":[-86.17876005,39.77737181]},"properties":{"name":"Riley Hospital for Children","assetType":"Specialty Hospital Services","dataYear":"2007","assetId":"625761","subcategory":"Health","detail":"https://classic.savi.org/SAVI/PopUps/AssetMoreInfo.aspx?AssetID=625761"}},{"type":"Feature","geometry":{"type":"Point","coordinates":[-86.15060573,39.77411279]},"properties":{"name":"Shriners Hospitals for Children","assetType":"Specialty Hospital Services","dataYear":"2007","assetId":"623778","subcategory":"Health","detail":"https://classic.savi.org/SAVI/PopUps/AssetMoreInfo.aspx?AssetID=623778"}},{"type":"Feature","geometry":{"type":"Point","coordinates":[-86.19402422,39.90861249]},"properties":{"name":"St Vincent Pediatric Rehabilitation Center","assetType":"Specialty Hospital Services","dataYear":"2007","assetId":"624371","subcategory":"Health","detail":"https://classic.savi.org/SAVI/PopUps/AssetMoreInfo.aspx?AssetID=624371"}},{"type":"Feature","geometry":{"type":"Point","coordinates":[-86.20289176,39.90360079]},"properties":{"name":"St Vincent s Women s Hospital","assetType":"Specialty Hospital Services","dataYear":"2007","assetId":"624328","subcategory":"Health","detail":"https://classic.savi.org/SAVI/PopUps/AssetMoreInfo.aspx?AssetID=624328"}},{"type":"Feature","geometry":{"type":"Point","coordinates":[-86.22244937,39.82077333]},"properties":{"name":"Westview Hospital","assetType":"Specialty Hospital Services","dataYear":"2007","assetId":"624313","subcategory":"Health","detail":"https://classic.savi.org/SAVI/PopUps/AssetMoreInfo.aspx?AssetID=624313"}},{"type":"Feature","geometry":{"type":"Point","coordinates":[-86.18689938,39.77964383]},"properties":{"name":"Roudebush VA Medical Center - Inpatient Health Services","assetType":"Veteran's Administration Hospital Services","dataYear":"2007","assetId":"624104","subcategory":"Health","detail":"https://classic.savi.org/SAVI/PopUps/AssetMoreInfo.aspx?AssetID=624104"}},{"type":"Feature","geometry":{"type":"Point","coordinates":[-86.16511603,39.77417608]},"properties":{"name":"INDIANA LATINO INSTITUTE","assetType":"Weight Management","dataYear":"2018","assetId":"921433","subcategory":"Health","detail":"https://classic.savi.org/SAVI/PopUps/AssetMoreInfo.aspx?AssetID=921433"}},{"type":"Feature","geometry":{"type":"Point","coordinates":[-86.15401275,39.81031001]},"properties":{"name":"Bethlehem House","assetType":"Alcohol Abuse Education/Prevention","dataYear":"2011","assetId":"695066","subcategory":"Health","detail":"https://classic.savi.org/SAVI/PopUps/AssetMoreInfo.aspx?AssetID=695066"}},{"type":"Feature","geometry":{"type":"Point","coordinates":[-85.7709961,39.50529812]},"properties":{"name":"Family Services and Prevention - Prevention Programs","assetType":"Alcohol Abuse Education/Prevention","dataYear":"2011","assetId":"691592","subcategory":"Health","detail":"https://classic.savi.org/SAVI/PopUps/AssetMoreInfo.aspx?AssetID=691592"}},{"type":"Feature","geometry":{"type":"Point","coordinates":[-86.15515822,39.76854291]},"properties":{"name":"Indianapolis Intergroup Alcoholics Anonymous","assetType":"Alcohol Abuse Education/Prevention","dataYear":"2011","assetId":"693555","subcategory":"Health","detail":"https://classic.savi.org/SAVI/PopUps/AssetMoreInfo.aspx?AssetID=693555"}},{"type":"Feature","geometry":{"type":"Point","coordinates":[-86.114839,39.781243]},"properties":{"name":"Oficina Intergrupal Hispana Alcoholics Anonymous","assetType":"Alcohol Abuse Education/Prevention","dataYear":"2011","assetId":"696543","subcategory":"Health","detail":"https://classic.savi.org/SAVI/PopUps/AssetMoreInfo.aspx?AssetID=696543"}},{"type":"Feature","geometry":{"type":"Point","coordinates":[-86.03945579,39.90287112]},"properties":{"name":"Fairbanks - Detox","assetType":"Alcohol Detoxification","dataYear":"2011","assetId":"693887","subcategory":"Health","detail":"https://classic.savi.org/SAVI/PopUps/AssetMoreInfo.aspx?AssetID=693887"}},{"type":"Feature","geometry":{"type":"Point","coordinates":[-86.216122,39.80171]},"properties":{"name":"Harbor Light Center - Detox Program","assetType":"Alcohol Detoxification","dataYear":"2011","assetId":"691167","subcategory":"Health","detail":"https://classic.savi.org/SAVI/PopUps/AssetMoreInfo.aspx?AssetID=691167"}},{"type":"Feature","geometry":{"type":"Point","coordinates":[-86.15671496,39.81325538]},"properties":{"name":"Outpatient Detox Program Midtown","assetType":"Alcohol Detoxification","dataYear":"2011","assetId":"693108","subcategory":"Health","detail":"https://classic.savi.org/SAVI/PopUps/AssetMoreInfo.aspx?AssetID=693108"}},{"type":"Feature","geometry":{"type":"Point","coordinates":[-86.18689938,39.77964383]},"properties":{"name":"Roudebush VA Medical Center - Substance Abuse Treatment","assetType":"Alcohol Detoxification","dataYear":"2011","assetId":"692463","subcategory":"Health","detail":"https://classic.savi.org/SAVI/PopUps/AssetMoreInfo.aspx?AssetID=692463"}},{"type":"Feature","geometry":{"type":"Point","coordinates":[-85.69861532,40.10178869]},"properties":{"name":"Sowers of Seeds Counseling Inc","assetType":"Alcohol Detoxification","dataYear":"2011","assetId":"695823","subcategory":"Health","detail":"https://classic.savi.org/SAVI/PopUps/AssetMoreInfo.aspx?AssetID=695823"}},{"type":"Feature","geometry":{"type":"Point","coordinates":[-85.98520362,39.38708226]},"properties":{"name":"Tara Treatment Center - Substance Abuse Treatment","assetType":"Alcohol Detoxification","dataYear":"2011","assetId":"691263","subcategory":"Health","detail":"https://classic.savi.org/SAVI/PopUps/AssetMoreInfo.aspx?AssetID=691263"}},{"type":"Feature","geometry":{"type":"Point","coordinates":[-86.08642975,39.61537196]},"properties":{"name":"Valle Vista Substance Abuse Treatment Inpatient & Residential","assetType":"Alcohol Detoxification","dataYear":"2011","assetId":"695010","subcategory":"Health","detail":"https://classic.savi.org/SAVI/PopUps/AssetMoreInfo.aspx?AssetID=695010"}},{"type":"Feature","geometry":{"type":"Point","coordinates":[-86.14885271,39.6898462]},"properties":{"name":"Mothers Against Drunk Driving Indiana State Office","assetType":"Alcohol/Drug Impaired Driver Programs","dataYear":"2007","assetId":"623841","subcategory":"Health","detail":"https://classic.savi.org/SAVI/PopUps/AssetMoreInfo.aspx?AssetID=623841"}},{"type":"Feature","geometry":{"type":"Point","coordinates":[-86.139675,39.754796]},"properties":{"name":"Mental Health & Addictions Assessment & Referral","assetType":"Central Intake/Assessment for Substance Abuse","dataYear":"2007","assetId":"625469","subcategory":"Health","detail":"https://classic.savi.org/SAVI/PopUps/AssetMoreInfo.aspx?AssetID=625469"}},{"type":"Feature","geometry":{"type":"Point","coordinates":[-85.68229669,40.09583402]},"properties":{"name":"ASPIRE INDIANA - ANDERSON","assetType":"Comprehensive Outpatient Substance Abuse Treatment","dataYear":"2018","assetId":"917151","subcategory":"Health","detail":"https://classic.savi.org/SAVI/PopUps/AssetMoreInfo.aspx?AssetID=917151"}},{"type":"Feature","geometry":{"type":"Point","coordinates":[-86.13899502,39.98374275]},"properties":{"name":"ASPIRE INDIANA - CARMEL","assetType":"Comprehensive Outpatient Substance Abuse Treatment","dataYear":"2018","assetId":"917165","subcategory":"Health","detail":"https://classic.savi.org/SAVI/PopUps/AssetMoreInfo.aspx?AssetID=917165"}},{"type":"Feature","geometry":{"type":"Point","coordinates":[-86.12041071,39.84271932]},"properties":{"name":"ASPIRE INDIANA - INDIANAPOLIS","assetType":"Comprehensive Outpatient Substance Abuse Treatment","dataYear":"2018","assetId":"917156","subcategory":"Health","detail":"https://classic.savi.org/SAVI/PopUps/AssetMoreInfo.aspx?AssetID=917156"}},{"type":"Feature","geometry":{"type":"Point","coordinates":[-86.48687575,40.04879108]},"properties":{"name":"ASPIRE INDIANA - LEBANON","assetType":"Comprehensive Outpatient Substance Abuse Treatment","dataYear":"2018","assetId":"917161","subcategory":"Health","detail":"https://classic.savi.org/SAVI/PopUps/AssetMoreInfo.aspx?AssetID=917161"}},{"type":"Feature","geometry":{"type":"Point","coordinates":[-85.99376915,40.04869042]},"properties":{"name":"ASPIRE INDIANA - NOBLESVILLE","assetType":"Comprehensive Outpatient Substance Abuse Treatment","dataYear":"2018","assetId":"917232","subcategory":"Health","detail":"https://classic.savi.org/SAVI/PopUps/AssetMoreInfo.aspx?AssetID=917232"}},{"type":"Feature","geometry":{"type":"Point","coordinates":[-85.6937139,40.13176368]},"properties":{"name":"BRIDGES OF HOPE","assetType":"Comprehensive Outpatient Substance Abuse Treatment","dataYear":"2018","assetId":"918901","subcategory":"Health","detail":"https://classic.savi.org/SAVI/PopUps/AssetMoreInfo.aspx?AssetID=918901"}},{"type":"Feature","geometry":{"type":"Point","coordinates":[-86.44161885,39.4037522]},"properties":{"name":"CENTERSTONE - MARTINSVILLE OUTPATIENT OFFICE","assetType":"Comprehensive Outpatient Substance Abuse Treatment","dataYear":"2018","assetId":"917012","subcategory":"Health","detail":"https://classic.savi.org/SAVI/PopUps/AssetMoreInfo.aspx?AssetID=917012"}},{"type":"Feature","geometry":{"type":"Point","coordinates":[-86.04722432,39.89628555]},"properties":{"name":"COMMUNITY BEHAVIORAL HEALTH - LAWRENCE TOWNSHIP","assetType":"Comprehensive Outpatient Substance Abuse Treatment","dataYear":"2018","assetId":"921285","subcategory":"Health","detail":"https://classic.savi.org/SAVI/PopUps/AssetMoreInfo.aspx?AssetID=921285"}},{"type":"Feature","geometry":{"type":"Point","coordinates":[-85.77213352,39.80378423]},"properties":{"name":"COMMUNITY BEHAVIORAL HEALTH HANCOCK COUNTY","assetType":"Comprehensive Outpatient Substance Abuse Treatment","dataYear":"2018","assetId":"921355","subcategory":"Health","detail":"https://classic.savi.org/SAVI/PopUps/AssetMoreInfo.aspx?AssetID=921355"}},{"type":"Feature","geometry":{"type":"Point","coordinates":[-85.65283593,40.08415418]},"properties":{"name":"COMMUNITY BEHAVIORAL HEALTH MADISON COUNTY","assetType":"Comprehensive Outpatient Substance Abuse Treatment","dataYear":"2018","assetId":"918973","subcategory":"Health","detail":"https://classic.savi.org/SAVI/PopUps/AssetMoreInfo.aspx?AssetID=918973"}},{"type":"Feature","geometry":{"type":"Point","coordinates":[-85.65283593,40.08415418]},"properties":{"name":"COMMUNITY BEHAVIORAL HEALTH MADISON COUNTY","assetType":"Comprehensive Outpatient Substance Abuse Treatment","dataYear":"2018","assetId":"921454","subcategory":"Health","detail":"https://classic.savi.org/SAVI/PopUps/AssetMoreInfo.aspx?AssetID=921454"}},{"type":"Feature","geometry":{"type":"Point","coordinates":[-85.776483,39.52194454]},"properties":{"name":"COMMUNITY BEHAVIORAL HEALTH SHELBY COUNTY","assetType":"Comprehensive Outpatient Substance Abuse Treatment","dataYear":"2018","assetId":"921510","subcategory":"Health","detail":"https://classic.savi.org/SAVI/PopUps/AssetMoreInfo.aspx?AssetID=921510"}},{"type":"Feature","geometry":{"type":"Point","coordinates":[-86.14014623,39.63583397]},"properties":{"name":"COMMUNITY BEHAVIORAL HEALTH SOUTHPOINTE","assetType":"Comprehensive Outpatient Substance Abuse Treatment","dataYear":"2018","assetId":"921446","subcategory":"Health","detail":"https://classic.savi.org/SAVI/PopUps/AssetMoreInfo.aspx?AssetID=921446"}},{"type":"Feature","geometry":{"type":"Point","coordinates":[-86.04562298,39.7955586]},"properties":{"name":"COMMUNITY HEALTH PAVILION SHADELAND","assetType":"Comprehensive Outpatient Substance Abuse Treatment","dataYear":"2018","assetId":"921350","subcategory":"Health","detail":"https://classic.savi.org/SAVI/PopUps/AssetMoreInfo.aspx?AssetID=921350"}},{"type":"Feature","geometry":{"type":"Point","coordinates":[-86.15722757,39.7951774]},"properties":{"name":"COMMUNITY OUTREACH NETWORK SERVICES CONS","assetType":"Comprehensive Outpatient Substance Abuse Treatment","dataYear":"2018","assetId":"919003","subcategory":"Health","detail":"https://classic.savi.org/SAVI/PopUps/AssetMoreInfo.aspx?AssetID=919003"}},{"type":"Feature","geometry":{"type":"Point","coordinates":[-86.04838187,39.4810965]},"properties":{"name":"CREATIVE COUNSELING","assetType":"Comprehensive Outpatient Substance Abuse Treatment","dataYear":"2018","assetId":"918760","subcategory":"Health","detail":"https://classic.savi.org/SAVI/PopUps/AssetMoreInfo.aspx?AssetID=918760"}},{"type":"Feature","geometry":{"type":"Point","coordinates":[-86.40685552,39.76168598]},"properties":{"name":"CUMMINS BEHAVIORAL HEALTH SYSTEMS - AVON","assetType":"Comprehensive Outpatient Substance Abuse Treatment","dataYear":"2018","assetId":"919497","subcategory":"Health","detail":"https://classic.savi.org/SAVI/PopUps/AssetMoreInfo.aspx?AssetID=919497"}},{"type":"Feature","geometry":{"type":"Point","coordinates":[-86.85004955,39.61899858]},"properties":{"name":"CUMMINS BEHAVIORAL HEALTH SYSTEMS - GREENCASTLE","assetType":"Comprehensive Outpatient Substance Abuse Treatment","dataYear":"2018","assetId":"920229","subcategory":"Health","detail":"https://classic.savi.org/SAVI/PopUps/AssetMoreInfo.aspx?AssetID=920229"}},{"type":"Feature","geometry":{"type":"Point","coordinates":[-86.25713815,39.73214172]},"properties":{"name":"CUMMINS BEHAVIORAL HEALTH SYSTEMS - INDIANAPOLIS","assetType":"Comprehensive Outpatient Substance Abuse Treatment","dataYear":"2018","assetId":"920305","subcategory":"Health","detail":"https://classic.savi.org/SAVI/PopUps/AssetMoreInfo.aspx?AssetID=920305"}},{"type":"Feature","geometry":{"type":"Point","coordinates":[-86.45205511,40.02943395]},"properties":{"name":"CUMMINS BEHAVIORAL HEALTH SYSTEMS - LEBANON","assetType":"Comprehensive Outpatient Substance Abuse Treatment","dataYear":"2018","assetId":"920302","subcategory":"Health","detail":"https://classic.savi.org/SAVI/PopUps/AssetMoreInfo.aspx?AssetID=920302"}},{"type":"Feature","geometry":{"type":"Point","coordinates":[-86.1538469,39.78638479]},"properties":{"name":"EMBERWOOD CENTER","assetType":"Comprehensive Outpatient Substance Abuse Treatment","dataYear":"2018","assetId":"921628","subcategory":"Health","detail":"https://classic.savi.org/SAVI/PopUps/AssetMoreInfo.aspx?AssetID=921628"}},{"type":"Feature","geometry":{"type":"Point","coordinates":[-85.77901602,39.52311153]},"properties":{"name":"ER COUNSELING","assetType":"Comprehensive Outpatient Substance Abuse Treatment","dataYear":"2018","assetId":"919052","subcategory":"Health","detail":"https://classic.savi.org/SAVI/PopUps/AssetMoreInfo.aspx?AssetID=919052"}},{"type":"Feature","geometry":{"type":"Point","coordinates":[-86.03948194,39.90287431]},"properties":{"name":"FAIRBANKS","assetType":"Comprehensive Outpatient Substance Abuse Treatment","dataYear":"2018","assetId":"921553","subcategory":"Health","detail":"https://classic.savi.org/SAVI/PopUps/AssetMoreInfo.aspx?AssetID=921553"}},{"type":"Feature","geometry":{"type":"Point","coordinates":[-86.1518549,39.77605246]},"properties":{"name":"FAMILIES FIRST - CENTRAL OFFICE","assetType":"Comprehensive Outpatient Substance Abuse Treatment","dataYear":"2018","assetId":"919621","subcategory":"Health","detail":"https://classic.savi.org/SAVI/PopUps/AssetMoreInfo.aspx?AssetID=919621"}},{"type":"Feature","geometry":{"type":"Point","coordinates":[-85.76841112,39.7865349]},"properties":{"name":"FAMILIES FIRST - GREENFIELD","assetType":"Comprehensive Outpatient Substance Abuse Treatment","dataYear":"2018","assetId":"919620","subcategory":"Health","detail":"https://classic.savi.org/SAVI/PopUps/AssetMoreInfo.aspx?AssetID=919620"}},{"type":"Feature","geometry":{"type":"Point","coordinates":[-86.14706181,39.66455525]},"properties":{"name":"FRANCISCAN HEALTH - OUTPATIENT BEHAVIORAL HEALTH SERVICES","assetType":"Comprehensive Outpatient Substance Abuse Treatment","dataYear":"2018","assetId":"917488","subcategory":"Health","detail":"https://classic.savi.org/SAVI/PopUps/AssetMoreInfo.aspx?AssetID=917488"}},{"type":"Feature","geometry":{"type":"Point","coordinates":[-86.21613954,39.80167269]},"properties":{"name":"HARBOR LIGHT CENTER THE SALVATION ARMY","assetType":"Comprehensive Outpatient Substance Abuse Treatment","dataYear":"2018","assetId":"918612","subcategory":"Health","detail":"https://classic.savi.org/SAVI/PopUps/AssetMoreInfo.aspx?AssetID=918612"}},{"type":"Feature","geometry":{"type":"Point","coordinates":[-85.90579214,39.77948834]},"properties":{"name":"HICKORY HOUSE RECOVERY","assetType":"Comprehensive Outpatient Substance Abuse Treatment","dataYear":"2018","assetId":"918981","subcategory":"Health","detail":"https://classic.savi.org/SAVI/PopUps/AssetMoreInfo.aspx?AssetID=918981"}},{"type":"Feature","geometry":{"type":"Point","coordinates":[-86.16543163,39.78977619]},"properties":{"name":"INDIANA UNIVERSITY HEALTH METHODIST HOSPITAL","assetType":"Comprehensive Outpatient Substance Abuse Treatment","dataYear":"2018","assetId":"921963","subcategory":"Health","detail":"https://classic.savi.org/SAVI/PopUps/AssetMoreInfo.aspx?AssetID=921963"}},{"type":"Feature","geometry":{"type":"Point","coordinates":[-86.14650101,39.86806094]},"properties":{"name":"INTRINSIC DYNAMICS","assetType":"Comprehensive Outpatient Substance Abuse Treatment","dataYear":"2018","assetId":"918992","subcategory":"Health","detail":"https://classic.savi.org/SAVI/PopUps/AssetMoreInfo.aspx?AssetID=918992"}},{"type":"Feature","geometry":{"type":"Point","coordinates":[-86.15661908,39.81324952]},"properties":{"name":"MIDTOWN COMMUNITY MENTAL HEALTH CENTER - ESKENAZI HEALTH","assetType":"Comprehensive Outpatient Substance Abuse Treatment","dataYear":"2018","assetId":"919452","subcategory":"Health","detail":"https://classic.savi.org/SAVI/PopUps/AssetMoreInfo.aspx?AssetID=919452"}},{"type":"Feature","geometry":{"type":"Point","coordinates":[-85.6798206,40.09403333]},"properties":{"name":"SAINT VINCENT ANDERSON CENTER","assetType":"Comprehensive Outpatient Substance Abuse Treatment","dataYear":"2018","assetId":"919134","subcategory":"Health","detail":"https://classic.savi.org/SAVI/PopUps/AssetMoreInfo.aspx?AssetID=919134"}},{"type":"Feature","geometry":{"type":"Point","coordinates":[-86.19376844,39.90787748]},"properties":{"name":"SAINT VINCENT INDIANAPOLIS STRESS CENTER","assetType":"Comprehensive Outpatient Substance Abuse Treatment","dataYear":"2018","assetId":"921886","subcategory":"Health","detail":"https://classic.savi.org/SAVI/PopUps/AssetMoreInfo.aspx?AssetID=921886"}},{"type":"Feature","geometry":{"type":"Point","coordinates":[-86.08301233,39.61125377]},"properties":{"name":"SERENITY COUNSELING","assetType":"Comprehensive Outpatient Substance Abuse Treatment","dataYear":"2018","assetId":"918722","subcategory":"Health","detail":"https://classic.savi.org/SAVI/PopUps/AssetMoreInfo.aspx?AssetID=918722"}},{"type":"Feature","geometry":{"type":"Point","coordinates":[-85.68449483,40.10526922]},"properties":{"name":"SOWERS OF SEEDS COUNSELING","assetType":"Comprehensive Outpatient Substance Abuse Treatment","dataYear":"2018","assetId":"919650","subcategory":"Health","detail":"https://classic.savi.org/SAVI/PopUps/AssetMoreInfo.aspx?AssetID=919650"}},{"type":"Feature","geometry":{"type":"Point","coordinates":[-85.98529604,39.38709419]},"properties":{"name":"TARA TREATMENT CENTER","assetType":"Comprehensive Outpatient Substance Abuse Treatment","dataYear":"2018","assetId":"917420","subcategory":"Health","detail":"https://classic.savi.org/SAVI/PopUps/AssetMoreInfo.aspx?AssetID=917420"}},{"type":"Feature","geometry":{"type":"Point","coordinates":[-86.3953772,39.85036724]},"properties":{"name":"WILLOW TREATMENT AND RECOVERY CENTER LLC","assetType":"Comprehensive Outpatient Substance Abuse Treatment","dataYear":"2018","assetId":"918947","subcategory":"Health","detail":"https://classic.savi.org/SAVI/PopUps/AssetMoreInfo.aspx?AssetID=918947"}},{"type":"Feature","geometry":{"type":"Point","coordinates":[-85.6937139,40.13176368]},"properties":{"name":"BRIDGES OF HOPE","assetType":"Detoxification","dataYear":"2018","assetId":"918903","subcategory":"Health","detail":"https://classic.savi.org/SAVI/PopUps/AssetMoreInfo.aspx?AssetID=918903"}},{"type":"Feature","geometry":{"type":"Point","coordinates":[-86.04313825,39.89986819]},"properties":{"name":"COMMUNITY HOSPITAL NORTH BEHAVIORAL HEALTH PAVILION","assetType":"Detoxification","dataYear":"2018","assetId":"921293","subcategory":"Health","detail":"https://classic.savi.org/SAVI/PopUps/AssetMoreInfo.aspx?AssetID=921293"}},{"type":"Feature","geometry":{"type":"Point","coordinates":[-86.03948194,39.90287431]},"properties":{"name":"FAIRBANKS","assetType":"Detoxification","dataYear":"2018","assetId":"921554","subcategory":"Health","detail":"https://classic.savi.org/SAVI/PopUps/AssetMoreInfo.aspx?AssetID=921554"}},{"type":"Feature","geometry":{"type":"Point","coordinates":[-86.21613954,39.80167269]},"properties":{"name":"HARBOR LIGHT CENTER THE SALVATION ARMY","assetType":"Detoxification","dataYear":"2018","assetId":"918667","subcategory":"Health","detail":"https://classic.savi.org/SAVI/PopUps/AssetMoreInfo.aspx?AssetID=918667"}},{"type":"Feature","geometry":{"type":"Point","coordinates":[-85.90579214,39.77948834]},"properties":{"name":"HICKORY HOUSE RECOVERY","assetType":"Detoxification","dataYear":"2018","assetId":"918982","subcategory":"Health","detail":"https://classic.savi.org/SAVI/PopUps/AssetMoreInfo.aspx?AssetID=918982"}},{"type":"Feature","geometry":{"type":"Point","coordinates":[-86.16543163,39.78977619]},"properties":{"name":"INDIANA UNIVERSITY HEALTH METHODIST HOSPITAL","assetType":"Detoxification","dataYear":"2018","assetId":"921964","subcategory":"Health","detail":"https://classic.savi.org/SAVI/PopUps/AssetMoreInfo.aspx?AssetID=921964"}},{"type":"Feature","geometry":{"type":"Point","coordinates":[-86.15661908,39.81324952]},"properties":{"name":"MIDTOWN COMMUNITY MENTAL HEALTH CENTER - ESKENAZI HEALTH","assetType":"Detoxification","dataYear":"2018","assetId":"919453","subcategory":"Health","detail":"https://classic.savi.org/SAVI/PopUps/AssetMoreInfo.aspx?AssetID=919453"}},{"type":"Feature","geometry":{"type":"Point","coordinates":[-86.18754543,39.77962892]},"properties":{"name":"RICHARD L ROUDEBUSH VETERANS AFFAIRS MEDICAL CENTER VAMC","assetType":"Detoxification","dataYear":"2018","assetId":"917856","subcategory":"Health","detail":"https://classic.savi.org/SAVI/PopUps/AssetMoreInfo.aspx?AssetID=917856"}},{"type":"Feature","geometry":{"type":"Point","coordinates":[-85.6798206,40.09403333]},"properties":{"name":"SAINT VINCENT ANDERSON CENTER","assetType":"Detoxification","dataYear":"2018","assetId":"919133","subcategory":"Health","detail":"https://classic.savi.org/SAVI/PopUps/AssetMoreInfo.aspx?AssetID=919133"}},{"type":"Feature","geometry":{"type":"Point","coordinates":[-86.19376844,39.90787748]},"properties":{"name":"SAINT VINCENT INDIANAPOLIS STRESS CENTER","assetType":"Detoxification","dataYear":"2018","assetId":"921885","subcategory":"Health","detail":"https://classic.savi.org/SAVI/PopUps/AssetMoreInfo.aspx?AssetID=921885"}},{"type":"Feature","geometry":{"type":"Point","coordinates":[-85.98529604,39.38709419]},"properties":{"name":"TARA TREATMENT CENTER","assetType":"Detoxification","dataYear":"2018","assetId":"917421","subcategory":"Health","detail":"https://classic.savi.org/SAVI/PopUps/AssetMoreInfo.aspx?AssetID=917421"}},{"type":"Feature","geometry":{"type":"Point","coordinates":[-86.08428123,39.91007429]},"properties":{"name":"Greater Indpls Cncl Alcoholism & Drug Dependence - DUI Classes","assetType":"Drinking/Drug Impaired Driver Programs","dataYear":"2007","assetId":"623831","subcategory":"Health","detail":"https://classic.savi.org/SAVI/PopUps/AssetMoreInfo.aspx?AssetID=623831"}},{"type":"Feature","geometry":{"type":"Point","coordinates":[-86.08369289,39.91016514]},"properties":{"name":"Council on Alcoholism Drug Dependence - DUI Classes","assetType":"Drug Abuse Education/Prevention","dataYear":"2011","assetId":"691777","subcategory":"Health","detail":"https://classic.savi.org/SAVI/PopUps/AssetMoreInfo.aspx?AssetID=691777"}},{"type":"Feature","geometry":{"type":"Point","coordinates":[-86.16160932,39.79073199]},"properties":{"name":"FACT - Facing Adolescent Challenges Together","assetType":"Drug Abuse Education/Prevention","dataYear":"2011","assetId":"696457","subcategory":"Health","detail":"https://classic.savi.org/SAVI/PopUps/AssetMoreInfo.aspx?AssetID=696457"}},{"type":"Feature","geometry":{"type":"Point","coordinates":[-85.7709961,39.50529812]},"properties":{"name":"Family Services and Prevention - Prevention Programs","assetType":"Drug Abuse Education/Prevention","dataYear":"2011","assetId":"691588","subcategory":"Health","detail":"https://classic.savi.org/SAVI/PopUps/AssetMoreInfo.aspx?AssetID=691588"}},{"type":"Feature","geometry":{"type":"Point","coordinates":[-86.13712747,39.78137591]},"properties":{"name":"Emberwood Center","assetType":"Drug Detoxification","dataYear":"2011","assetId":"695804","subcategory":"Health","detail":"https://classic.savi.org/SAVI/PopUps/AssetMoreInfo.aspx?AssetID=695804"}},{"type":"Feature","geometry":{"type":"Point","coordinates":[-86.03945579,39.90287112]},"properties":{"name":"Fairbanks - Detox","assetType":"Drug Detoxification","dataYear":"2011","assetId":"693888","subcategory":"Health","detail":"https://classic.savi.org/SAVI/PopUps/AssetMoreInfo.aspx?AssetID=693888"}},{"type":"Feature","geometry":{"type":"Point","coordinates":[-86.216122,39.80171]},"properties":{"name":"Harbor Light Center - Detox Program","assetType":"Drug Detoxification","dataYear":"2011","assetId":"691168","subcategory":"Health","detail":"https://classic.savi.org/SAVI/PopUps/AssetMoreInfo.aspx?AssetID=691168"}},{"type":"Feature","geometry":{"type":"Point","coordinates":[-86.15671496,39.81325538]},"properties":{"name":"Outpatient Detox Program Midtown","assetType":"Drug Detoxification","dataYear":"2011","assetId":"693109","subcategory":"Health","detail":"https://classic.savi.org/SAVI/PopUps/AssetMoreInfo.aspx?AssetID=693109"}},{"type":"Feature","geometry":{"type":"Point","coordinates":[-86.18689938,39.77964383]},"properties":{"name":"Roudebush VA Medical Center - Substance Abuse Treatment","assetType":"Drug Detoxification","dataYear":"2011","assetId":"692462","subcategory":"Health","detail":"https://classic.savi.org/SAVI/PopUps/AssetMoreInfo.aspx?AssetID=692462"}},{"type":"Feature","geometry":{"type":"Point","coordinates":[-85.69861532,40.10178869]},"properties":{"name":"Sowers of Seeds Counseling Inc","assetType":"Drug Detoxification","dataYear":"2011","assetId":"695824","subcategory":"Health","detail":"https://classic.savi.org/SAVI/PopUps/AssetMoreInfo.aspx?AssetID=695824"}},{"type":"Feature","geometry":{"type":"Point","coordinates":[-85.98520362,39.38708226]},"properties":{"name":"Tara Treatment Center - Substance Abuse Treatment","assetType":"Drug Detoxification","dataYear":"2011","assetId":"691264","subcategory":"Health","detail":"https://classic.savi.org/SAVI/PopUps/AssetMoreInfo.aspx?AssetID=691264"}},{"type":"Feature","geometry":{"type":"Point","coordinates":[-86.08642975,39.61537196]},"properties":{"name":"Valle Vista Substance Abuse Treatment Inpatient & Residential","assetType":"Drug Detoxification","dataYear":"2011","assetId":"695012","subcategory":"Health","detail":"https://classic.savi.org/SAVI/PopUps/AssetMoreInfo.aspx?AssetID=695012"}},{"type":"Feature","geometry":{"type":"Point","coordinates":[-86.03945579,39.90287112]},"properties":{"name":"Fairbanks - Detox","assetType":"Drug Detoxification - Inpatient","dataYear":"2007","assetId":"625482","subcategory":"Health","detail":"https://classic.savi.org/SAVI/PopUps/AssetMoreInfo.aspx?AssetID=625482"}},{"type":"Feature","geometry":{"type":"Point","coordinates":[-86.216122,39.80171]},"properties":{"name":"Harbor Light Center - Detox Program","assetType":"Drug Detoxification - Inpatient","dataYear":"2007","assetId":"623496","subcategory":"Health","detail":"https://classic.savi.org/SAVI/PopUps/AssetMoreInfo.aspx?AssetID=623496"}},{"type":"Feature","geometry":{"type":"Point","coordinates":[-86.17599944,39.78084944]},"properties":{"name":"Outpatient Detox Program Midtown Crisis Intervention Services","assetType":"Drug Detoxification - Outpatient","dataYear":"2007","assetId":"624810","subcategory":"Health","detail":"https://classic.savi.org/SAVI/PopUps/AssetMoreInfo.aspx?AssetID=624810"}},{"type":"Feature","geometry":{"type":"Point","coordinates":[-86.47160271,40.06045503]},"properties":{"name":"WITHAM TOXICOLOGY LABORATORY","assetType":"Drug/Alcohol Testing","dataYear":"2014","assetId":"827337","subcategory":"Health","detail":"https://classic.savi.org/SAVI/PopUps/AssetMoreInfo.aspx?AssetID=827337"}},{"type":"Feature","geometry":{"type":"Point","coordinates":[-85.68229669,40.09583402]},"properties":{"name":"ASPIRE INDIANA - ANDERSON","assetType":"General Assessment for Substance Abuse","dataYear":"2018","assetId":"917150","subcategory":"Health","detail":"https://classic.savi.org/SAVI/PopUps/AssetMoreInfo.aspx?AssetID=917150"}},{"type":"Feature","geometry":{"type":"Point","coordinates":[-86.13899502,39.98374275]},"properties":{"name":"ASPIRE INDIANA - CARMEL","assetType":"General Assessment for Substance Abuse","dataYear":"2018","assetId":"917251","subcategory":"Health","detail":"https://classic.savi.org/SAVI/PopUps/AssetMoreInfo.aspx?AssetID=917251"}},{"type":"Feature","geometry":{"type":"Point","coordinates":[-86.12041071,39.84271932]},"properties":{"name":"ASPIRE INDIANA - INDIANAPOLIS","assetType":"General Assessment for Substance Abuse","dataYear":"2018","assetId":"917242","subcategory":"Health","detail":"https://classic.savi.org/SAVI/PopUps/AssetMoreInfo.aspx?AssetID=917242"}},{"type":"Feature","geometry":{"type":"Point","coordinates":[-86.48687575,40.04879108]},"properties":{"name":"ASPIRE INDIANA - LEBANON","assetType":"General Assessment for Substance Abuse","dataYear":"2018","assetId":"917158","subcategory":"Health","detail":"https://classic.savi.org/SAVI/PopUps/AssetMoreInfo.aspx?AssetID=917158"}},{"type":"Feature","geometry":{"type":"Point","coordinates":[-85.99376915,40.04869042]},"properties":{"name":"ASPIRE INDIANA - NOBLESVILLE","assetType":"General Assessment for Substance Abuse","dataYear":"2018","assetId":"917149","subcategory":"Health","detail":"https://classic.savi.org/SAVI/PopUps/AssetMoreInfo.aspx?AssetID=917149"}},{"type":"Feature","geometry":{"type":"Point","coordinates":[-85.6937139,40.13176368]},"properties":{"name":"BRIDGES OF HOPE","assetType":"General Assessment for Substance Abuse","dataYear":"2018","assetId":"918902","subcategory":"Health","detail":"https://classic.savi.org/SAVI/PopUps/AssetMoreInfo.aspx?AssetID=918902"}},{"type":"Feature","geometry":{"type":"Point","coordinates":[-86.44161885,39.4037522]},"properties":{"name":"CENTERSTONE - MARTINSVILLE OUTPATIENT OFFICE","assetType":"General Assessment for Substance Abuse","dataYear":"2018","assetId":"917014","subcategory":"Health","detail":"https://classic.savi.org/SAVI/PopUps/AssetMoreInfo.aspx?AssetID=917014"}},{"type":"Feature","geometry":{"type":"Point","coordinates":[-86.22685911,39.20773146]},"properties":{"name":"CENTERSTONE - NASHVILLE OUTPATIENT OFFICE","assetType":"General Assessment for Substance Abuse","dataYear":"2018","assetId":"916888","subcategory":"Health","detail":"https://classic.savi.org/SAVI/PopUps/AssetMoreInfo.aspx?AssetID=916888"}},{"type":"Feature","geometry":{"type":"Point","coordinates":[-86.04722432,39.89628555]},"properties":{"name":"COMMUNITY BEHAVIORAL HEALTH - LAWRENCE TOWNSHIP","assetType":"General Assessment for Substance Abuse","dataYear":"2018","assetId":"921284","subcategory":"Health","detail":"https://classic.savi.org/SAVI/PopUps/AssetMoreInfo.aspx?AssetID=921284"}},{"type":"Feature","geometry":{"type":"Point","coordinates":[-85.77213352,39.80378423]},"properties":{"name":"COMMUNITY BEHAVIORAL HEALTH HANCOCK COUNTY","assetType":"General Assessment for Substance Abuse","dataYear":"2018","assetId":"921287","subcategory":"Health","detail":"https://classic.savi.org/SAVI/PopUps/AssetMoreInfo.aspx?AssetID=921287"}},{"type":"Feature","geometry":{"type":"Point","coordinates":[-85.65283593,40.08415418]},"properties":{"name":"COMMUNITY BEHAVIORAL HEALTH MADISON COUNTY","assetType":"General Assessment for Substance Abuse","dataYear":"2018","assetId":"921453","subcategory":"Health","detail":"https://classic.savi.org/SAVI/PopUps/AssetMoreInfo.aspx?AssetID=921453"}},{"type":"Feature","geometry":{"type":"Point","coordinates":[-85.65283593,40.08415418]},"properties":{"name":"COMMUNITY BEHAVIORAL HEALTH MADISON COUNTY","assetType":"General Assessment for Substance Abuse","dataYear":"2018","assetId":"918972","subcategory":"Health","detail":"https://classic.savi.org/SAVI/PopUps/AssetMoreInfo.aspx?AssetID=918972"}},{"type":"Feature","geometry":{"type":"Point","coordinates":[-85.776483,39.52194454]},"properties":{"name":"COMMUNITY BEHAVIORAL HEALTH SHELBY COUNTY","assetType":"General Assessment for Substance Abuse","dataYear":"2018","assetId":"921509","subcategory":"Health","detail":"https://classic.savi.org/SAVI/PopUps/AssetMoreInfo.aspx?AssetID=921509"}},{"type":"Feature","geometry":{"type":"Point","coordinates":[-86.14014623,39.63583397]},"properties":{"name":"COMMUNITY BEHAVIORAL HEALTH SOUTHPOINTE","assetType":"General Assessment for Substance Abuse","dataYear":"2018","assetId":"921445","subcategory":"Health","detail":"https://classic.savi.org/SAVI/PopUps/AssetMoreInfo.aspx?AssetID=921445"}},{"type":"Feature","geometry":{"type":"Point","coordinates":[-86.04562298,39.7955586]},"properties":{"name":"COMMUNITY HEALTH PAVILION SHADELAND","assetType":"General Assessment for Substance Abuse","dataYear":"2018","assetId":"921349","subcategory":"Health","detail":"https://classic.savi.org/SAVI/PopUps/AssetMoreInfo.aspx?AssetID=921349"}},{"type":"Feature","geometry":{"type":"Point","coordinates":[-86.15722757,39.7951774]},"properties":{"name":"COMMUNITY OUTREACH NETWORK SERVICES CONS","assetType":"General Assessment for Substance Abuse","dataYear":"2018","assetId":"918907","subcategory":"Health","detail":"https://classic.savi.org/SAVI/PopUps/AssetMoreInfo.aspx?AssetID=918907"}},{"type":"Feature","geometry":{"type":"Point","coordinates":[-86.40685552,39.76168598]},"properties":{"name":"CUMMINS BEHAVIORAL HEALTH SYSTEMS - AVON","assetType":"General Assessment for Substance Abuse","dataYear":"2018","assetId":"919496","subcategory":"Health","detail":"https://classic.savi.org/SAVI/PopUps/AssetMoreInfo.aspx?AssetID=919496"}},{"type":"Feature","geometry":{"type":"Point","coordinates":[-86.85004955,39.61899858]},"properties":{"name":"CUMMINS BEHAVIORAL HEALTH SYSTEMS - GREENCASTLE","assetType":"General Assessment for Substance Abuse","dataYear":"2018","assetId":"920228","subcategory":"Health","detail":"https://classic.savi.org/SAVI/PopUps/AssetMoreInfo.aspx?AssetID=920228"}},{"type":"Feature","geometry":{"type":"Point","coordinates":[-86.25713815,39.73214172]},"properties":{"name":"CUMMINS BEHAVIORAL HEALTH SYSTEMS - INDIANAPOLIS","assetType":"General Assessment for Substance Abuse","dataYear":"2018","assetId":"920304","subcategory":"Health","detail":"https://classic.savi.org/SAVI/PopUps/AssetMoreInfo.aspx?AssetID=920304"}},{"type":"Feature","geometry":{"type":"Point","coordinates":[-86.45205511,40.02943395]},"properties":{"name":"CUMMINS BEHAVIORAL HEALTH SYSTEMS - LEBANON","assetType":"General Assessment for Substance Abuse","dataYear":"2018","assetId":"920301","subcategory":"Health","detail":"https://classic.savi.org/SAVI/PopUps/AssetMoreInfo.aspx?AssetID=920301"}},{"type":"Feature","geometry":{"type":"Point","coordinates":[-86.1538469,39.78638479]},"properties":{"name":"EMBERWOOD CENTER","assetType":"General Assessment for Substance Abuse","dataYear":"2018","assetId":"921627","subcategory":"Health","detail":"https://classic.savi.org/SAVI/PopUps/AssetMoreInfo.aspx?AssetID=921627"}},{"type":"Feature","geometry":{"type":"Point","coordinates":[-85.77901602,39.52311153]},"properties":{"name":"ER COUNSELING","assetType":"General Assessment for Substance Abuse","dataYear":"2018","assetId":"919051","subcategory":"Health","detail":"https://classic.savi.org/SAVI/PopUps/AssetMoreInfo.aspx?AssetID=919051"}},{"type":"Feature","geometry":{"type":"Point","coordinates":[-86.03948194,39.90287431]},"properties":{"name":"FAIRBANKS","assetType":"General Assessment for Substance Abuse","dataYear":"2018","assetId":"921552","subcategory":"Health","detail":"https://classic.savi.org/SAVI/PopUps/AssetMoreInfo.aspx?AssetID=921552"}},{"type":"Feature","geometry":{"type":"Point","coordinates":[-86.1518549,39.77605246]},"properties":{"name":"FAMILIES FIRST - CENTRAL OFFICE","assetType":"General Assessment for Substance Abuse","dataYear":"2018","assetId":"919816","subcategory":"Health","detail":"https://classic.savi.org/SAVI/PopUps/AssetMoreInfo.aspx?AssetID=919816"}},{"type":"Feature","geometry":{"type":"Point","coordinates":[-85.76841112,39.7865349]},"properties":{"name":"FAMILIES FIRST - GREENFIELD","assetType":"General Assessment for Substance Abuse","dataYear":"2018","assetId":"919619","subcategory":"Health","detail":"https://classic.savi.org/SAVI/PopUps/AssetMoreInfo.aspx?AssetID=919619"}},{"type":"Feature","geometry":{"type":"Point","coordinates":[-86.14706181,39.66455525]},"properties":{"name":"FRANCISCAN HEALTH - OUTPATIENT BEHAVIORAL HEALTH SERVICES","assetType":"General Assessment for Substance Abuse","dataYear":"2018","assetId":"917330","subcategory":"Health","detail":"https://classic.savi.org/SAVI/PopUps/AssetMoreInfo.aspx?AssetID=917330"}},{"type":"Feature","geometry":{"type":"Point","coordinates":[-86.21613954,39.80167269]},"properties":{"name":"HARBOR LIGHT CENTER THE SALVATION ARMY","assetType":"General Assessment for Substance Abuse","dataYear":"2018","assetId":"918614","subcategory":"Health","detail":"https://classic.savi.org/SAVI/PopUps/AssetMoreInfo.aspx?AssetID=918614"}},{"type":"Feature","geometry":{"type":"Point","coordinates":[-85.90579214,39.77948834]},"properties":{"name":"HICKORY HOUSE RECOVERY","assetType":"General Assessment for Substance Abuse","dataYear":"2018","assetId":"918980","subcategory":"Health","detail":"https://classic.savi.org/SAVI/PopUps/AssetMoreInfo.aspx?AssetID=918980"}},{"type":"Feature","geometry":{"type":"Point","coordinates":[-86.16543163,39.78977619]},"properties":{"name":"INDIANA UNIVERSITY HEALTH METHODIST HOSPITAL","assetType":"General Assessment for Substance Abuse","dataYear":"2018","assetId":"922062","subcategory":"Health","detail":"https://classic.savi.org/SAVI/PopUps/AssetMoreInfo.aspx?AssetID=922062"}},{"type":"Feature","geometry":{"type":"Point","coordinates":[-85.6798206,40.09403333]},"properties":{"name":"SAINT VINCENT ANDERSON CENTER","assetType":"General Assessment for Substance Abuse","dataYear":"2018","assetId":"919132","subcategory":"Health","detail":"https://classic.savi.org/SAVI/PopUps/AssetMoreInfo.aspx?AssetID=919132"}},{"type":"Feature","geometry":{"type":"Point","coordinates":[-86.19376844,39.90787748]},"properties":{"name":"SAINT VINCENT INDIANAPOLIS STRESS CENTER","assetType":"General Assessment for Substance Abuse","dataYear":"2018","assetId":"921882","subcategory":"Health","detail":"https://classic.savi.org/SAVI/PopUps/AssetMoreInfo.aspx?AssetID=921882"}},{"type":"Feature","geometry":{"type":"Point","coordinates":[-85.84269425,40.27627106]},"properties":{"name":"SAINT VINCENT MERCY - STRESS CENTER","assetType":"General Assessment for Substance Abuse","dataYear":"2018","assetId":"919127","subcategory":"Health","detail":"https://classic.savi.org/SAVI/PopUps/AssetMoreInfo.aspx?AssetID=919127"}},{"type":"Feature","geometry":{"type":"Point","coordinates":[-85.68449483,40.10526922]},"properties":{"name":"SOWERS OF SEEDS COUNSELING","assetType":"General Assessment for Substance Abuse","dataYear":"2018","assetId":"919655","subcategory":"Health","detail":"https://classic.savi.org/SAVI/PopUps/AssetMoreInfo.aspx?AssetID=919655"}},{"type":"Feature","geometry":{"type":"Point","coordinates":[-85.98529604,39.38709419]},"properties":{"name":"TARA TREATMENT CENTER","assetType":"General Assessment for Substance Abuse","dataYear":"2018","assetId":"917422","subcategory":"Health","detail":"https://classic.savi.org/SAVI/PopUps/AssetMoreInfo.aspx?AssetID=917422"}},{"type":"Feature","geometry":{"type":"Point","coordinates":[-86.08646607,39.61521634]},"properties":{"name":"VALLE VISTA HEALTH SYSTEM","assetType":"General Assessment for Substance Abuse","dataYear":"2018","assetId":"919735","subcategory":"Health","detail":"https://classic.savi.org/SAVI/PopUps/AssetMoreInfo.aspx?AssetID=919735"}},{"type":"Feature","geometry":{"type":"Point","coordinates":[-86.3953772,39.85036724]},"properties":{"name":"WILLOW TREATMENT AND RECOVERY CENTER LLC","assetType":"General Assessment for Substance Abuse","dataYear":"2018","assetId":"918946","subcategory":"Health","detail":"https://classic.savi.org/SAVI/PopUps/AssetMoreInfo.aspx?AssetID=918946"}},{"type":"Feature","geometry":{"type":"Point","coordinates":[-85.67763404,40.10599898]},"properties":{"name":"BY HIS GRACE MINISTRIES","assetType":"General Transitional Substance Abuse Services","dataYear":"2018","assetId":"918888","subcategory":"Health","detail":"https://classic.savi.org/SAVI/PopUps/AssetMoreInfo.aspx?AssetID=918888"}},{"type":"Feature","geometry":{"type":"Point","coordinates":[-86.15664969,39.81661718]},"properties":{"name":"DOVE RECOVERY HOUSE FOR WOMEN","assetType":"General Transitional Substance Abuse Services","dataYear":"2018","assetId":"921756","subcategory":"Health","detail":"https://classic.savi.org/SAVI/PopUps/AssetMoreInfo.aspx?AssetID=921756"}},{"type":"Feature","geometry":{"type":"Point","coordinates":[-86.21613954,39.80167269]},"properties":{"name":"HARBOR LIGHT CENTER THE SALVATION ARMY","assetType":"General Transitional Substance Abuse Services","dataYear":"2018","assetId":"918613","subcategory":"Health","detail":"https://classic.savi.org/SAVI/PopUps/AssetMoreInfo.aspx?AssetID=918613"}},{"type":"Feature","geometry":{"type":"Point","coordinates":[-86.15745457,39.79078367]},"properties":{"name":"HEALING SOLUTIONS TRANSITIONAL LIVING SERVICES","assetType":"General Transitional Substance Abuse Services","dataYear":"2018","assetId":"918724","subcategory":"Health","detail":"https://classic.savi.org/SAVI/PopUps/AssetMoreInfo.aspx?AssetID=918724"}},{"type":"Feature","geometry":{"type":"Point","coordinates":[-85.66831264,40.11439269]},"properties":{"name":"HOUSE OF HOPE OF MADISON COUNTY","assetType":"General Transitional Substance Abuse Services","dataYear":"2018","assetId":"920225","subcategory":"Health","detail":"https://classic.savi.org/SAVI/PopUps/AssetMoreInfo.aspx?AssetID=920225"}},{"type":"Feature","geometry":{"type":"Point","coordinates":[-86.1554698,39.78041862]},"properties":{"name":"LUCILLE RAINES RESIDENCE","assetType":"General Transitional Substance Abuse Services","dataYear":"2018","assetId":"921608","subcategory":"Health","detail":"https://classic.savi.org/SAVI/PopUps/AssetMoreInfo.aspx?AssetID=921608"}},{"type":"Feature","geometry":{"type":"Point","coordinates":[-86.46937722,40.04603521]},"properties":{"name":"NEW LIFE RECOVERY HOME FOR MEN","assetType":"General Transitional Substance Abuse Services","dataYear":"2018","assetId":"921470","subcategory":"Health","detail":"https://classic.savi.org/SAVI/PopUps/AssetMoreInfo.aspx?AssetID=921470"}},{"type":"Feature","geometry":{"type":"Point","coordinates":[-86.15200298,39.79677933]},"properties":{"name":"PATHWAY TO RECOVERY","assetType":"General Transitional Substance Abuse Services","dataYear":"2018","assetId":"917987","subcategory":"Health","detail":"https://classic.savi.org/SAVI/PopUps/AssetMoreInfo.aspx?AssetID=917987"}},{"type":"Feature","geometry":{"type":"Point","coordinates":[-86.13978748,39.76388786]},"properties":{"name":"PROGRESS HOUSE","assetType":"General Transitional Substance Abuse Services","dataYear":"2018","assetId":"917900","subcategory":"Health","detail":"https://classic.savi.org/SAVI/PopUps/AssetMoreInfo.aspx?AssetID=917900"}},{"type":"Feature","geometry":{"type":"Point","coordinates":[-86.14544389,39.7667668]},"properties":{"name":"SALVATION ARMY ADULT REHABILITATION CENTER - INDIANAPOLIS","assetType":"General Transitional Substance Abuse Services","dataYear":"2018","assetId":"917761","subcategory":"Health","detail":"https://classic.savi.org/SAVI/PopUps/AssetMoreInfo.aspx?AssetID=917761"}},{"type":"Feature","geometry":{"type":"Point","coordinates":[-86.25965805,39.74638287]},"properties":{"name":"SEEDS OF HOPE","assetType":"General Transitional Substance Abuse Services","dataYear":"2018","assetId":"922127","subcategory":"Health","detail":"https://classic.savi.org/SAVI/PopUps/AssetMoreInfo.aspx?AssetID=922127"}},{"type":"Feature","geometry":{"type":"Point","coordinates":[-85.68449483,40.10526922]},"properties":{"name":"SOWERS OF SEEDS COUNSELING","assetType":"General Transitional Substance Abuse Services","dataYear":"2018","assetId":"919649","subcategory":"Health","detail":"https://classic.savi.org/SAVI/PopUps/AssetMoreInfo.aspx?AssetID=919649"}},{"type":"Feature","geometry":{"type":"Point","coordinates":[-86.15308689,39.81059337]},"properties":{"name":"SPAIN S RESIDENTIAL LIVING","assetType":"General Transitional Substance Abuse Services","dataYear":"2018","assetId":"921759","subcategory":"Health","detail":"https://classic.savi.org/SAVI/PopUps/AssetMoreInfo.aspx?AssetID=921759"}},{"type":"Feature","geometry":{"type":"Point","coordinates":[-85.68419595,40.10530378]},"properties":{"name":"STEPPING STONES FOR VETERANS","assetType":"General Transitional Substance Abuse Services","dataYear":"2018","assetId":"920224","subcategory":"Health","detail":"https://classic.savi.org/SAVI/PopUps/AssetMoreInfo.aspx?AssetID=920224"}},{"type":"Feature","geometry":{"type":"Point","coordinates":[-86.14959491,39.78603194]},"properties":{"name":"TALBOT HOUSE","assetType":"General Transitional Substance Abuse Services","dataYear":"2018","assetId":"917423","subcategory":"Health","detail":"https://classic.savi.org/SAVI/PopUps/AssetMoreInfo.aspx?AssetID=917423"}},{"type":"Feature","geometry":{"type":"Point","coordinates":[-86.15565565,39.77990067]},"properties":{"name":"VOLUNTEERS OF AMERICA -FRESH START RECOVERY CENTER","assetType":"General Transitional Substance Abuse Services","dataYear":"2018","assetId":"921344","subcategory":"Health","detail":"https://classic.savi.org/SAVI/PopUps/AssetMoreInfo.aspx?AssetID=921344"}},{"type":"Feature","geometry":{"type":"Point","coordinates":[-86.04319388,39.89984042]},"properties":{"name":"COMMUNITY HOSPITAL NORTH BEHAVIORAL HEALTH PAVILLION","assetType":"Inpatient Substance Abuse Treatment","dataYear":"2013","assetId":"799707","subcategory":"Health","detail":"https://classic.savi.org/SAVI/PopUps/AssetMoreInfo.aspx?AssetID=799707"}},{"type":"Feature","geometry":{"type":"Point","coordinates":[-86.03915354,39.90254771]},"properties":{"name":"FAIRBANKS","assetType":"Inpatient Substance Abuse Treatment","dataYear":"2013","assetId":"797120","subcategory":"Health","detail":"https://classic.savi.org/SAVI/PopUps/AssetMoreInfo.aspx?AssetID=797120"}},{"type":"Feature","geometry":{"type":"Point","coordinates":[-86.18766862,39.77960172]},"properties":{"name":"RICHARD L ROUDEBUSH VA MEDICAL CENTER","assetType":"Inpatient Substance Abuse Treatment","dataYear":"2013","assetId":"798761","subcategory":"Health","detail":"https://classic.savi.org/SAVI/PopUps/AssetMoreInfo.aspx?AssetID=798761"}},{"type":"Feature","geometry":{"type":"Point","coordinates":[-86.19374691,39.90923971]},"properties":{"name":"SAINT VINCENT INDIANAPOLIS STRESS CENTER","assetType":"Inpatient Substance Abuse Treatment","dataYear":"2013","assetId":"799995","subcategory":"Health","detail":"https://classic.savi.org/SAVI/PopUps/AssetMoreInfo.aspx?AssetID=799995"}},{"type":"Feature","geometry":{"type":"Point","coordinates":[-86.08642975,39.61537196]},"properties":{"name":"VALLE VISTA HEALTH SYSTEM","assetType":"Inpatient Substance Abuse Treatment","dataYear":"2013","assetId":"797651","subcategory":"Health","detail":"https://classic.savi.org/SAVI/PopUps/AssetMoreInfo.aspx?AssetID=797651"}},{"type":"Feature","geometry":{"type":"Point","coordinates":[-86.12041071,39.84271932]},"properties":{"name":"ASPIRE INDIANA - INDIANAPOLIS","assetType":"Medication Assisted Treatment for Opioid Use Disorders","dataYear":"2018","assetId":"917243","subcategory":"Health","detail":"https://classic.savi.org/SAVI/PopUps/AssetMoreInfo.aspx?AssetID=917243"}},{"type":"Feature","geometry":{"type":"Point","coordinates":[-86.04722432,39.89628555]},"properties":{"name":"COMMUNITY BEHAVIORAL HEALTH - LAWRENCE TOWNSHIP","assetType":"Medication Assisted Treatment for Opioid Use Disorders","dataYear":"2018","assetId":"921348","subcategory":"Health","detail":"https://classic.savi.org/SAVI/PopUps/AssetMoreInfo.aspx?AssetID=921348"}},{"type":"Feature","geometry":{"type":"Point","coordinates":[-85.77213352,39.80378423]},"properties":{"name":"COMMUNITY BEHAVIORAL HEALTH HANCOCK COUNTY","assetType":"Medication Assisted Treatment for Opioid Use Disorders","dataYear":"2018","assetId":"921352","subcategory":"Health","detail":"https://classic.savi.org/SAVI/PopUps/AssetMoreInfo.aspx?AssetID=921352"}},{"type":"Feature","geometry":{"type":"Point","coordinates":[-85.65283593,40.08415418]},"properties":{"name":"COMMUNITY BEHAVIORAL HEALTH MADISON COUNTY","assetType":"Medication Assisted Treatment for Opioid Use Disorders","dataYear":"2018","assetId":"921508","subcategory":"Health","detail":"https://classic.savi.org/SAVI/PopUps/AssetMoreInfo.aspx?AssetID=921508"}},{"type":"Feature","geometry":{"type":"Point","coordinates":[-85.776483,39.52194454]},"properties":{"name":"COMMUNITY BEHAVIORAL HEALTH SHELBY COUNTY","assetType":"Medication Assisted Treatment for Opioid Use Disorders","dataYear":"2018","assetId":"921351","subcategory":"Health","detail":"https://classic.savi.org/SAVI/PopUps/AssetMoreInfo.aspx?AssetID=921351"}},{"type":"Feature","geometry":{"type":"Point","coordinates":[-86.14014623,39.63583397]},"properties":{"name":"COMMUNITY BEHAVIORAL HEALTH SOUTHPOINTE","assetType":"Medication Assisted Treatment for Opioid Use Disorders","dataYear":"2018","assetId":"921447","subcategory":"Health","detail":"https://classic.savi.org/SAVI/PopUps/AssetMoreInfo.aspx?AssetID=921447"}},{"type":"Feature","geometry":{"type":"Point","coordinates":[-86.04562298,39.7955586]},"properties":{"name":"COMMUNITY HEALTH PAVILION SHADELAND","assetType":"Medication Assisted Treatment for Opioid Use Disorders","dataYear":"2018","assetId":"921443","subcategory":"Health","detail":"https://classic.savi.org/SAVI/PopUps/AssetMoreInfo.aspx?AssetID=921443"}},{"type":"Feature","geometry":{"type":"Point","coordinates":[-86.15779676,39.77868785]},"properties":{"name":"MIDTOWN NARCOTICS TREATMENT CENTER - ESKENAZI HEALTH","assetType":"Medication Assisted Treatment for Opioid Use Disorders","dataYear":"2018","assetId":"919456","subcategory":"Health","detail":"https://classic.savi.org/SAVI/PopUps/AssetMoreInfo.aspx?AssetID=919456"}},{"type":"Feature","geometry":{"type":"Point","coordinates":[-86.18754543,39.77962892]},"properties":{"name":"RICHARD L ROUDEBUSH VETERANS AFFAIRS MEDICAL CENTER VAMC","assetType":"Medication Assisted Treatment for Opioid Use Disorders","dataYear":"2018","assetId":"917855","subcategory":"Health","detail":"https://classic.savi.org/SAVI/PopUps/AssetMoreInfo.aspx?AssetID=917855"}},{"type":"Feature","geometry":{"type":"Point","coordinates":[-85.6798206,40.09403333]},"properties":{"name":"SAINT VINCENT ANDERSON CENTER","assetType":"Medication Assisted Treatment for Opioid Use Disorders","dataYear":"2018","assetId":"919129","subcategory":"Health","detail":"https://classic.savi.org/SAVI/PopUps/AssetMoreInfo.aspx?AssetID=919129"}},{"type":"Feature","geometry":{"type":"Point","coordinates":[-86.08646607,39.61521634]},"properties":{"name":"VALLE VISTA HEALTH SYSTEM","assetType":"Medication Assisted Treatment for Opioid Use Disorders","dataYear":"2018","assetId":"919733","subcategory":"Health","detail":"https://classic.savi.org/SAVI/PopUps/AssetMoreInfo.aspx?AssetID=919733"}},{"type":"Feature","geometry":{"type":"Point","coordinates":[-86.11908488,39.8407528]},"properties":{"name":"INDIANA COMPREHENSIVE TREATMENT CENTERS - INDIANAPOLIS","assetType":"Methadone Maintenance","dataYear":"2017","assetId":"864865","subcategory":"Health","detail":"https://classic.savi.org/SAVI/PopUps/AssetMoreInfo.aspx?AssetID=864865"}},{"type":"Feature","geometry":{"type":"Point","coordinates":[-86.15772546,39.7786863]},"properties":{"name":"MIDTOWN NARCOTICS TREATMENT CENTER - ESKENAZI HEALTH","assetType":"Methadone Maintenance","dataYear":"2017","assetId":"863426","subcategory":"Health","detail":"https://classic.savi.org/SAVI/PopUps/AssetMoreInfo.aspx?AssetID=863426"}},{"type":"Feature","geometry":{"type":"Point","coordinates":[-86.18755155,39.77968354]},"properties":{"name":"RICHARD L ROUDEBUSH VETERANS AFFAIRS MEDICAL CENTER VAMC","assetType":"Methadone Maintenance","dataYear":"2017","assetId":"864083","subcategory":"Health","detail":"https://classic.savi.org/SAVI/PopUps/AssetMoreInfo.aspx?AssetID=864083"}},{"type":"Feature","geometry":{"type":"Point","coordinates":[-86.46785508,40.04856147]},"properties":{"name":"BOONE COUNTY HEALTH DEPARTMENT","assetType":"Opioid Antidote Distribution Programs","dataYear":"2018","assetId":"919894","subcategory":"Health","detail":"https://classic.savi.org/SAVI/PopUps/AssetMoreInfo.aspx?AssetID=919894"}},{"type":"Feature","geometry":{"type":"Point","coordinates":[-85.9911682,40.04950113]},"properties":{"name":"HAMILTON COUNTY HEALTH DEPARTMENT","assetType":"Opioid Antidote Distribution Programs","dataYear":"2018","assetId":"918702","subcategory":"Health","detail":"https://classic.savi.org/SAVI/PopUps/AssetMoreInfo.aspx?AssetID=918702"}},{"type":"Feature","geometry":{"type":"Point","coordinates":[-86.15831983,39.76738603]},"properties":{"name":"INDIANA STATE DEPARTMENT OF HEALTH","assetType":"Opioid Antidote Distribution Programs","dataYear":"2018","assetId":"918160","subcategory":"Health","detail":"https://classic.savi.org/SAVI/PopUps/AssetMoreInfo.aspx?AssetID=918160"}},{"type":"Feature","geometry":{"type":"Point","coordinates":[-86.11371344,39.82509542]},"properties":{"name":"MARION COUNTY PUBLIC HEALTH DEPARTMENT - SUBSTANCE USE OUTREACH SERVICES","assetType":"Opioid Antidote Distribution Programs","dataYear":"2018","assetId":"921527","subcategory":"Health","detail":"https://classic.savi.org/SAVI/PopUps/AssetMoreInfo.aspx?AssetID=921527"}},{"type":"Feature","geometry":{"type":"Point","coordinates":[-86.15659921,39.81343833]},"properties":{"name":"MIDTOWN MENTAL HEALTH CENTER - ESKENAZI HEALTH","assetType":"Perinatal Substance Abuse Treatment","dataYear":"2015","assetId":"834594","subcategory":"Health","detail":"https://classic.savi.org/SAVI/PopUps/AssetMoreInfo.aspx?AssetID=834594"}},{"type":"Feature","geometry":{"type":"Point","coordinates":[-85.66831264,40.11439269]},"properties":{"name":"House of Hope of Madison County Inc","assetType":"Recovery Homes/Halfway Houses","dataYear":"2019","assetId":"934122","subcategory":"Health","detail":"https://classic.savi.org/SAVI/PopUps/AssetMoreInfo.aspx?AssetID=934122"}},{"type":"Feature","geometry":{"type":"Point","coordinates":[-86.1538469,39.78638479]},"properties":{"name":"EMBERWOOD CENTER","assetType":"Relapse Prevention Programs","dataYear":"2018","assetId":"921625","subcategory":"Health","detail":"https://classic.savi.org/SAVI/PopUps/AssetMoreInfo.aspx?AssetID=921625"}},{"type":"Feature","geometry":{"type":"Point","coordinates":[-86.21613954,39.80167269]},"properties":{"name":"HARBOR LIGHT CENTER THE SALVATION ARMY","assetType":"Relapse Prevention Programs","dataYear":"2018","assetId":"918665","subcategory":"Health","detail":"https://classic.savi.org/SAVI/PopUps/AssetMoreInfo.aspx?AssetID=918665"}},{"type":"Feature","geometry":{"type":"Point","coordinates":[-85.68449483,40.10526922]},"properties":{"name":"SOWERS OF SEEDS COUNSELING","assetType":"Relapse Prevention Programs","dataYear":"2018","assetId":"919651","subcategory":"Health","detail":"https://classic.savi.org/SAVI/PopUps/AssetMoreInfo.aspx?AssetID=919651"}},{"type":"Feature","geometry":{"type":"Point","coordinates":[-86.3953772,39.85036724]},"properties":{"name":"WILLOW TREATMENT AND RECOVERY CENTER LLC","assetType":"Relapse Prevention Programs","dataYear":"2018","assetId":"918945","subcategory":"Health","detail":"https://classic.savi.org/SAVI/PopUps/AssetMoreInfo.aspx?AssetID=918945"}},{"type":"Feature","geometry":{"type":"Point","coordinates":[-86.216122,39.80171]},"properties":{"name":"HARBOR LIGHT CENTER THE SALVATION ARMY","assetType":"Residential Substance Abuse Treatment Programs","dataYear":"2013","assetId":"798243","subcategory":"Health","detail":"https://classic.savi.org/SAVI/PopUps/AssetMoreInfo.aspx?AssetID=798243"}},{"type":"Feature","geometry":{"type":"Point","coordinates":[-86.46935391,40.04567427]},"properties":{"name":"NEW LIFE RECOVERY HOME FOR MEN","assetType":"Residential Substance Abuse Treatment Programs","dataYear":"2013","assetId":"797177","subcategory":"Health","detail":"https://classic.savi.org/SAVI/PopUps/AssetMoreInfo.aspx?AssetID=797177"}},{"type":"Feature","geometry":{"type":"Point","coordinates":[-85.98616185,39.38438921]},"properties":{"name":"TARA TREATMENT CENTER","assetType":"Residential Substance Abuse Treatment Programs","dataYear":"2013","assetId":"799101","subcategory":"Health","detail":"https://classic.savi.org/SAVI/PopUps/AssetMoreInfo.aspx?AssetID=799101"}},{"type":"Feature","geometry":{"type":"Point","coordinates":[-86.01185039,40.01746809]},"properties":{"name":"THIRD PHASE","assetType":"Residential Substance Abuse Treatment Programs","dataYear":"2013","assetId":"799132","subcategory":"Health","detail":"https://classic.savi.org/SAVI/PopUps/AssetMoreInfo.aspx?AssetID=799132"}},{"type":"Feature","geometry":{"type":"Point","coordinates":[-86.08642975,39.61537196]},"properties":{"name":"VALLE VISTA HEALTH SYSTEM","assetType":"Residential Substance Abuse Treatment Programs","dataYear":"2013","assetId":"797652","subcategory":"Health","detail":"https://classic.savi.org/SAVI/PopUps/AssetMoreInfo.aspx?AssetID=797652"}},{"type":"Feature","geometry":{"type":"Point","coordinates":[-86.110536,39.774655]},"properties":{"name":"WHEELER MISSION CENTER FOR WOMEN AND CHILDREN","assetType":"Residential Substance Abuse Treatment Programs","dataYear":"2013","assetId":"799463","subcategory":"Health","detail":"https://classic.savi.org/SAVI/PopUps/AssetMoreInfo.aspx?AssetID=799463"}},{"type":"Feature","geometry":{"type":"Point","coordinates":[-86.15419444,39.77044611]},"properties":{"name":"WHEELER MISSION MEN S RESIDENTIAL CENTER","assetType":"Residential Substance Abuse Treatment Programs","dataYear":"2013","assetId":"796492","subcategory":"Health","detail":"https://classic.savi.org/SAVI/PopUps/AssetMoreInfo.aspx?AssetID=796492"}},{"type":"Feature","geometry":{"type":"Point","coordinates":[-86.16114651,39.7667531]},"properties":{"name":"AMERICAN LUNG ASSOCIATION IN INDIANA","assetType":"Smoking Cessation","dataYear":"2018","assetId":"918467","subcategory":"Health","detail":"https://classic.savi.org/SAVI/PopUps/AssetMoreInfo.aspx?AssetID=918467"}},{"type":"Feature","geometry":{"type":"Point","coordinates":[-85.69312329,40.13000964]},"properties":{"name":"COMMUNITY HEALTH ANDERSON","assetType":"Smoking Cessation","dataYear":"2018","assetId":"919273","subcategory":"Health","detail":"https://classic.savi.org/SAVI/PopUps/AssetMoreInfo.aspx?AssetID=919273"}},{"type":"Feature","geometry":{"type":"Point","coordinates":[-85.76820718,39.79521071]},"properties":{"name":"HANCOCK REGIONAL HOSPITAL","assetType":"Smoking Cessation","dataYear":"2018","assetId":"918674","subcategory":"Health","detail":"https://classic.savi.org/SAVI/PopUps/AssetMoreInfo.aspx?AssetID=918674"}},{"type":"Feature","geometry":{"type":"Point","coordinates":[-86.52322041,39.75700956]},"properties":{"name":"HENDRICKS COUNTY HEALTH DEPARTMENT","assetType":"Smoking Cessation","dataYear":"2018","assetId":"918418","subcategory":"Health","detail":"https://classic.savi.org/SAVI/PopUps/AssetMoreInfo.aspx?AssetID=918418"}},{"type":"Feature","geometry":{"type":"Point","coordinates":[-86.16511603,39.77417608]},"properties":{"name":"INDIANA LATINO INSTITUTE","assetType":"Smoking Cessation","dataYear":"2018","assetId":"921436","subcategory":"Health","detail":"https://classic.savi.org/SAVI/PopUps/AssetMoreInfo.aspx?AssetID=921436"}},{"type":"Feature","geometry":{"type":"Point","coordinates":[-86.12089914,39.82970004]},"properties":{"name":"INDIANAPOLIS HEALTHY START","assetType":"Smoking Cessation","dataYear":"2018","assetId":"921538","subcategory":"Health","detail":"https://classic.savi.org/SAVI/PopUps/AssetMoreInfo.aspx?AssetID=921538"}},{"type":"Feature","geometry":{"type":"Point","coordinates":[-85.68868084,40.10521593]},"properties":{"name":"INTERSECT","assetType":"Smoking Cessation","dataYear":"2018","assetId":"918990","subcategory":"Health","detail":"https://classic.savi.org/SAVI/PopUps/AssetMoreInfo.aspx?AssetID=918990"}},{"type":"Feature","geometry":{"type":"Point","coordinates":[-85.7841091,39.56029572]},"properties":{"name":"MAJOR HEALTH PARTNERS - UNAVIE CARDIOLOGY CENTER","assetType":"Smoking Cessation","dataYear":"2018","assetId":"921669","subcategory":"Health","detail":"https://classic.savi.org/SAVI/PopUps/AssetMoreInfo.aspx?AssetID=921669"}},{"type":"Feature","geometry":{"type":"Point","coordinates":[-86.42895695,39.42523923]},"properties":{"name":"MORGAN COUNTY HEALTH DEPARTMENT","assetType":"Smoking Cessation","dataYear":"2018","assetId":"919287","subcategory":"Health","detail":"https://classic.savi.org/SAVI/PopUps/AssetMoreInfo.aspx?AssetID=919287"}},{"type":"Feature","geometry":{"type":"Point","coordinates":[-86.02303344,40.04528011]},"properties":{"name":"RIVERVIEW HEALTH","assetType":"Smoking Cessation","dataYear":"2018","assetId":"917482","subcategory":"Health","detail":"https://classic.savi.org/SAVI/PopUps/AssetMoreInfo.aspx?AssetID=917482"}},{"type":"Feature","geometry":{"type":"Point","coordinates":[-86.19842244,39.90583508]},"properties":{"name":"SAINT VINCENT HEALTH - TOBACCO MANAGEMENT CENTER","assetType":"Smoking Cessation","dataYear":"2018","assetId":"919450","subcategory":"Health","detail":"https://classic.savi.org/SAVI/PopUps/AssetMoreInfo.aspx?AssetID=919450"}},{"type":"Feature","geometry":{"type":"Point","coordinates":[-86.46785508,40.04856147]},"properties":{"name":"TOBACCO FREE BOONE COUNTY","assetType":"Smoking Cessation","dataYear":"2018","assetId":"919890","subcategory":"Health","detail":"https://classic.savi.org/SAVI/PopUps/AssetMoreInfo.aspx?AssetID=919890"}},{"type":"Feature","geometry":{"type":"Point","coordinates":[-86.00859511,39.78797322]},"properties":{"name":"AMERICAN BEHAVIORAL COUNSELING","assetType":"Substance Abuse Counseling","dataYear":"2018","assetId":"918809","subcategory":"Health","detail":"https://classic.savi.org/SAVI/PopUps/AssetMoreInfo.aspx?AssetID=918809"}},{"type":"Feature","geometry":{"type":"Point","coordinates":[-86.12041071,39.84271932]},"properties":{"name":"ASPIRE INDIANA - INDIANAPOLIS DEAF SERVICES","assetType":"Substance Abuse Counseling","dataYear":"2018","assetId":"917147","subcategory":"Health","detail":"https://classic.savi.org/SAVI/PopUps/AssetMoreInfo.aspx?AssetID=917147"}},{"type":"Feature","geometry":{"type":"Point","coordinates":[-85.6937139,40.13176368]},"properties":{"name":"BRIDGES OF HOPE","assetType":"Substance Abuse Counseling","dataYear":"2018","assetId":"918900","subcategory":"Health","detail":"https://classic.savi.org/SAVI/PopUps/AssetMoreInfo.aspx?AssetID=918900"}},{"type":"Feature","geometry":{"type":"Point","coordinates":[-85.6674202,40.0742332]},"properties":{"name":"CAPITAL CITY FAMILY EDUCATION SERVICES - ANDERSON","assetType":"Substance Abuse Counseling","dataYear":"2018","assetId":"918958","subcategory":"Health","detail":"https://classic.savi.org/SAVI/PopUps/AssetMoreInfo.aspx?AssetID=918958"}},{"type":"Feature","geometry":{"type":"Point","coordinates":[-86.09715261,39.78173061]},"properties":{"name":"CAPITAL CITY FAMILY EDUCATION SERVICES - INDIANAPOLIS","assetType":"Substance Abuse Counseling","dataYear":"2018","assetId":"918965","subcategory":"Health","detail":"https://classic.savi.org/SAVI/PopUps/AssetMoreInfo.aspx?AssetID=918965"}},{"type":"Feature","geometry":{"type":"Point","coordinates":[-86.44161885,39.4037522]},"properties":{"name":"CENTERSTONE - MARTINSVILLE OUTPATIENT OFFICE","assetType":"Substance Abuse Counseling","dataYear":"2018","assetId":"917015","subcategory":"Health","detail":"https://classic.savi.org/SAVI/PopUps/AssetMoreInfo.aspx?AssetID=917015"}},{"type":"Feature","geometry":{"type":"Point","coordinates":[-86.22685911,39.20773146]},"properties":{"name":"CENTERSTONE - NASHVILLE OUTPATIENT OFFICE","assetType":"Substance Abuse Counseling","dataYear":"2018","assetId":"916884","subcategory":"Health","detail":"https://classic.savi.org/SAVI/PopUps/AssetMoreInfo.aspx?AssetID=916884"}},{"type":"Feature","geometry":{"type":"Point","coordinates":[-86.04722432,39.89628555]},"properties":{"name":"COMMUNITY BEHAVIORAL HEALTH - LAWRENCE TOWNSHIP","assetType":"Substance Abuse Counseling","dataYear":"2018","assetId":"921283","subcategory":"Health","detail":"https://classic.savi.org/SAVI/PopUps/AssetMoreInfo.aspx?AssetID=921283"}},{"type":"Feature","geometry":{"type":"Point","coordinates":[-85.77213352,39.80378423]},"properties":{"name":"COMMUNITY BEHAVIORAL HEALTH HANCOCK COUNTY","assetType":"Substance Abuse Counseling","dataYear":"2018","assetId":"921288","subcategory":"Health","detail":"https://classic.savi.org/SAVI/PopUps/AssetMoreInfo.aspx?AssetID=921288"}},{"type":"Feature","geometry":{"type":"Point","coordinates":[-85.65283593,40.08415418]},"properties":{"name":"COMMUNITY BEHAVIORAL HEALTH MADISON COUNTY","assetType":"Substance Abuse Counseling","dataYear":"2018","assetId":"919031","subcategory":"Health","detail":"https://classic.savi.org/SAVI/PopUps/AssetMoreInfo.aspx?AssetID=919031"}},{"type":"Feature","geometry":{"type":"Point","coordinates":[-85.65283593,40.08415418]},"properties":{"name":"COMMUNITY BEHAVIORAL HEALTH MADISON COUNTY","assetType":"Substance Abuse Counseling","dataYear":"2018","assetId":"921452","subcategory":"Health","detail":"https://classic.savi.org/SAVI/PopUps/AssetMoreInfo.aspx?AssetID=921452"}},{"type":"Feature","geometry":{"type":"Point","coordinates":[-85.776483,39.52194454]},"properties":{"name":"COMMUNITY BEHAVIORAL HEALTH SHELBY COUNTY","assetType":"Substance Abuse Counseling","dataYear":"2018","assetId":"921455","subcategory":"Health","detail":"https://classic.savi.org/SAVI/PopUps/AssetMoreInfo.aspx?AssetID=921455"}},{"type":"Feature","geometry":{"type":"Point","coordinates":[-86.14014623,39.63583397]},"properties":{"name":"COMMUNITY BEHAVIORAL HEALTH SOUTHPOINTE","assetType":"Substance Abuse Counseling","dataYear":"2018","assetId":"921444","subcategory":"Health","detail":"https://classic.savi.org/SAVI/PopUps/AssetMoreInfo.aspx?AssetID=921444"}},{"type":"Feature","geometry":{"type":"Point","coordinates":[-86.04562298,39.7955586]},"properties":{"name":"COMMUNITY HEALTH PAVILION SHADELAND","assetType":"Substance Abuse Counseling","dataYear":"2018","assetId":"921286","subcategory":"Health","detail":"https://classic.savi.org/SAVI/PopUps/AssetMoreInfo.aspx?AssetID=921286"}},{"type":"Feature","geometry":{"type":"Point","coordinates":[-86.04838187,39.4810965]},"properties":{"name":"CREATIVE COUNSELING","assetType":"Substance Abuse Counseling","dataYear":"2018","assetId":"918759","subcategory":"Health","detail":"https://classic.savi.org/SAVI/PopUps/AssetMoreInfo.aspx?AssetID=918759"}},{"type":"Feature","geometry":{"type":"Point","coordinates":[-86.40685552,39.76168598]},"properties":{"name":"CUMMINS BEHAVIORAL HEALTH SYSTEMS - AVON","assetType":"Substance Abuse Counseling","dataYear":"2018","assetId":"919498","subcategory":"Health","detail":"https://classic.savi.org/SAVI/PopUps/AssetMoreInfo.aspx?AssetID=919498"}},{"type":"Feature","geometry":{"type":"Point","coordinates":[-86.85004955,39.61899858]},"properties":{"name":"CUMMINS BEHAVIORAL HEALTH SYSTEMS - GREENCASTLE","assetType":"Substance Abuse Counseling","dataYear":"2018","assetId":"920230","subcategory":"Health","detail":"https://classic.savi.org/SAVI/PopUps/AssetMoreInfo.aspx?AssetID=920230"}},{"type":"Feature","geometry":{"type":"Point","coordinates":[-86.25713815,39.73214172]},"properties":{"name":"CUMMINS BEHAVIORAL HEALTH SYSTEMS - INDIANAPOLIS","assetType":"Substance Abuse Counseling","dataYear":"2018","assetId":"920236","subcategory":"Health","detail":"https://classic.savi.org/SAVI/PopUps/AssetMoreInfo.aspx?AssetID=920236"}},{"type":"Feature","geometry":{"type":"Point","coordinates":[-86.45205511,40.02943395]},"properties":{"name":"CUMMINS BEHAVIORAL HEALTH SYSTEMS - LEBANON","assetType":"Substance Abuse Counseling","dataYear":"2018","assetId":"920303","subcategory":"Health","detail":"https://classic.savi.org/SAVI/PopUps/AssetMoreInfo.aspx?AssetID=920303"}},{"type":"Feature","geometry":{"type":"Point","coordinates":[-86.1538469,39.78638479]},"properties":{"name":"EMBERWOOD CENTER","assetType":"Substance Abuse Counseling","dataYear":"2018","assetId":"921626","subcategory":"Health","detail":"https://classic.savi.org/SAVI/PopUps/AssetMoreInfo.aspx?AssetID=921626"}},{"type":"Feature","geometry":{"type":"Point","coordinates":[-85.77901602,39.52311153]},"properties":{"name":"ER COUNSELING","assetType":"Substance Abuse Counseling","dataYear":"2018","assetId":"919053","subcategory":"Health","detail":"https://classic.savi.org/SAVI/PopUps/AssetMoreInfo.aspx?AssetID=919053"}},{"type":"Feature","geometry":{"type":"Point","coordinates":[-86.1518549,39.77605246]},"properties":{"name":"FAMILIES FIRST - CENTRAL OFFICE","assetType":"Substance Abuse Counseling","dataYear":"2018","assetId":"919718","subcategory":"Health","detail":"https://classic.savi.org/SAVI/PopUps/AssetMoreInfo.aspx?AssetID=919718"}},{"type":"Feature","geometry":{"type":"Point","coordinates":[-85.76841112,39.7865349]},"properties":{"name":"FAMILIES FIRST - GREENFIELD","assetType":"Substance Abuse Counseling","dataYear":"2018","assetId":"919618","subcategory":"Health","detail":"https://classic.savi.org/SAVI/PopUps/AssetMoreInfo.aspx?AssetID=919618"}},{"type":"Feature","geometry":{"type":"Point","coordinates":[-86.14706181,39.66455525]},"properties":{"name":"FRANCISCAN HEALTH - OUTPATIENT BEHAVIORAL HEALTH SERVICES","assetType":"Substance Abuse Counseling","dataYear":"2018","assetId":"917329","subcategory":"Health","detail":"https://classic.savi.org/SAVI/PopUps/AssetMoreInfo.aspx?AssetID=917329"}},{"type":"Feature","geometry":{"type":"Point","coordinates":[-86.21613954,39.80167269]},"properties":{"name":"HARBOR LIGHT CENTER THE SALVATION ARMY","assetType":"Substance Abuse Counseling","dataYear":"2018","assetId":"918666","subcategory":"Health","detail":"https://classic.savi.org/SAVI/PopUps/AssetMoreInfo.aspx?AssetID=918666"}},{"type":"Feature","geometry":{"type":"Point","coordinates":[-86.16543163,39.78977619]},"properties":{"name":"INDIANA UNIVERSITY HEALTH METHODIST HOSPITAL","assetType":"Substance Abuse Counseling","dataYear":"2018","assetId":"922057","subcategory":"Health","detail":"https://classic.savi.org/SAVI/PopUps/AssetMoreInfo.aspx?AssetID=922057"}},{"type":"Feature","geometry":{"type":"Point","coordinates":[-86.14650101,39.86806094]},"properties":{"name":"INTRINSIC DYNAMICS","assetType":"Substance Abuse Counseling","dataYear":"2018","assetId":"918993","subcategory":"Health","detail":"https://classic.savi.org/SAVI/PopUps/AssetMoreInfo.aspx?AssetID=918993"}},{"type":"Feature","geometry":{"type":"Point","coordinates":[-86.15661908,39.81324952]},"properties":{"name":"MIDTOWN COMMUNITY MENTAL HEALTH CENTER - ESKENAZI HEALTH","assetType":"Substance Abuse Counseling","dataYear":"2018","assetId":"919397","subcategory":"Health","detail":"https://classic.savi.org/SAVI/PopUps/AssetMoreInfo.aspx?AssetID=919397"}},{"type":"Feature","geometry":{"type":"Point","coordinates":[-86.15194233,39.81935187]},"properties":{"name":"REACH FOR YOUTH - CENTER TOWNSHIP OFFICE","assetType":"Substance Abuse Counseling","dataYear":"2018","assetId":"917882","subcategory":"Health","detail":"https://classic.savi.org/SAVI/PopUps/AssetMoreInfo.aspx?AssetID=917882"}},{"type":"Feature","geometry":{"type":"Point","coordinates":[-86.09942765,39.61376157]},"properties":{"name":"REACH FOR YOUTH - GREENWOOD OFFICE","assetType":"Substance Abuse Counseling","dataYear":"2018","assetId":"917831","subcategory":"Health","detail":"https://classic.savi.org/SAVI/PopUps/AssetMoreInfo.aspx?AssetID=917831"}},{"type":"Feature","geometry":{"type":"Point","coordinates":[-86.18754543,39.77962892]},"properties":{"name":"RICHARD L ROUDEBUSH VETERANS AFFAIRS MEDICAL CENTER VAMC","assetType":"Substance Abuse Counseling","dataYear":"2018","assetId":"917858","subcategory":"Health","detail":"https://classic.savi.org/SAVI/PopUps/AssetMoreInfo.aspx?AssetID=917858"}},{"type":"Feature","geometry":{"type":"Point","coordinates":[-85.6798206,40.09403333]},"properties":{"name":"SAINT VINCENT ANDERSON CENTER","assetType":"Substance Abuse Counseling","dataYear":"2018","assetId":"919135","subcategory":"Health","detail":"https://classic.savi.org/SAVI/PopUps/AssetMoreInfo.aspx?AssetID=919135"}},{"type":"Feature","geometry":{"type":"Point","coordinates":[-86.19376844,39.90787748]},"properties":{"name":"SAINT VINCENT INDIANAPOLIS STRESS CENTER","assetType":"Substance Abuse Counseling","dataYear":"2018","assetId":"921881","subcategory":"Health","detail":"https://classic.savi.org/SAVI/PopUps/AssetMoreInfo.aspx?AssetID=921881"}},{"type":"Feature","geometry":{"type":"Point","coordinates":[-85.84269425,40.27627106]},"properties":{"name":"SAINT VINCENT MERCY - STRESS CENTER","assetType":"Substance Abuse Counseling","dataYear":"2018","assetId":"919197","subcategory":"Health","detail":"https://classic.savi.org/SAVI/PopUps/AssetMoreInfo.aspx?AssetID=919197"}},{"type":"Feature","geometry":{"type":"Point","coordinates":[-86.08301233,39.61125377]},"properties":{"name":"SERENITY COUNSELING","assetType":"Substance Abuse Counseling","dataYear":"2018","assetId":"918847","subcategory":"Health","detail":"https://classic.savi.org/SAVI/PopUps/AssetMoreInfo.aspx?AssetID=918847"}},{"type":"Feature","geometry":{"type":"Point","coordinates":[-85.68449483,40.10526922]},"properties":{"name":"SOWERS OF SEEDS COUNSELING","assetType":"Substance Abuse Counseling","dataYear":"2018","assetId":"919653","subcategory":"Health","detail":"https://classic.savi.org/SAVI/PopUps/AssetMoreInfo.aspx?AssetID=919653"}},{"type":"Feature","geometry":{"type":"Point","coordinates":[-86.3953772,39.85036724]},"properties":{"name":"WILLOW TREATMENT AND RECOVERY CENTER LLC","assetType":"Substance Abuse Counseling","dataYear":"2018","assetId":"918889","subcategory":"Health","detail":"https://classic.savi.org/SAVI/PopUps/AssetMoreInfo.aspx?AssetID=918889"}},{"type":"Feature","geometry":{"type":"Point","coordinates":[-86.03947843,39.90287053]},"properties":{"name":"Fairbanks","assetType":"Substance Abuse Counseling - Outpatient","dataYear":"2016","assetId":"839469","subcategory":"Health","detail":"https://classic.savi.org/SAVI/PopUps/AssetMoreInfo.aspx?AssetID=839469"}},{"type":"Feature","geometry":{"type":"Point","coordinates":[-86.03915354,39.90254771]},"properties":{"name":"FAIRBANKS","assetType":"Substance Abuse Day Treatment","dataYear":"2013","assetId":"797118","subcategory":"Health","detail":"https://classic.savi.org/SAVI/PopUps/AssetMoreInfo.aspx?AssetID=797118"}},{"type":"Feature","geometry":{"type":"Point","coordinates":[-86.161284,39.789518]},"properties":{"name":"Behavioral Health IU Health Methodist","assetType":"Substance Abuse Drop In Services","dataYear":"2011","assetId":"696462","subcategory":"Health","detail":"https://classic.savi.org/SAVI/PopUps/AssetMoreInfo.aspx?AssetID=696462"}},{"type":"Feature","geometry":{"type":"Point","coordinates":[-86.08369289,39.91016514]},"properties":{"name":"Council on Alcoholism Drug Dependence - I & R","assetType":"Substance Abuse Drop In Services","dataYear":"2011","assetId":"691776","subcategory":"Health","detail":"https://classic.savi.org/SAVI/PopUps/AssetMoreInfo.aspx?AssetID=691776"}},{"type":"Feature","geometry":{"type":"Point","coordinates":[-86.139675,39.754796]},"properties":{"name":"Mental Health & Addictions Assessment & Referral","assetType":"Substance Abuse Drop In Services","dataYear":"2011","assetId":"693867","subcategory":"Health","detail":"https://classic.savi.org/SAVI/PopUps/AssetMoreInfo.aspx?AssetID=693867"}},{"type":"Feature","geometry":{"type":"Point","coordinates":[-86.19509269,39.79099586]},"properties":{"name":"ALCOHOLICS ANONYMOUS AA - INDIANAPOLIS INTERGROUP","assetType":"Substance Abuse Education/Prevention","dataYear":"2018","assetId":"921654","subcategory":"Health","detail":"https://classic.savi.org/SAVI/PopUps/AssetMoreInfo.aspx?AssetID=921654"}},{"type":"Feature","geometry":{"type":"Point","coordinates":[-86.11460235,39.78123926]},"properties":{"name":"ALCOHOLICS ANONYMOUS AA - OFICINA INTERGRUPAL HISPANA","assetType":"Substance Abuse Education/Prevention","dataYear":"2018","assetId":"921652","subcategory":"Health","detail":"https://classic.savi.org/SAVI/PopUps/AssetMoreInfo.aspx?AssetID=921652"}},{"type":"Feature","geometry":{"type":"Point","coordinates":[-86.39002316,39.85738833]},"properties":{"name":"MOTHERS AGAINST DRUNK DRIVING MADD INDIANA","assetType":"Substance Abuse Education/Prevention","dataYear":"2018","assetId":"919075","subcategory":"Health","detail":"https://classic.savi.org/SAVI/PopUps/AssetMoreInfo.aspx?AssetID=919075"}},{"type":"Feature","geometry":{"type":"Point","coordinates":[-86.15194233,39.81935187]},"properties":{"name":"REACH FOR YOUTH - CENTER TOWNSHIP OFFICE","assetType":"Substance Abuse Education/Prevention","dataYear":"2018","assetId":"917881","subcategory":"Health","detail":"https://classic.savi.org/SAVI/PopUps/AssetMoreInfo.aspx?AssetID=917881"}},{"type":"Feature","geometry":{"type":"Point","coordinates":[-86.09942765,39.61376157]},"properties":{"name":"REACH FOR YOUTH - GREENWOOD OFFICE","assetType":"Substance Abuse Education/Prevention","dataYear":"2018","assetId":"917832","subcategory":"Health","detail":"https://classic.savi.org/SAVI/PopUps/AssetMoreInfo.aspx?AssetID=917832"}},{"type":"Feature","geometry":{"type":"Point","coordinates":[-85.68449483,40.10526922]},"properties":{"name":"SOWERS OF SEEDS COUNSELING","assetType":"Substance Abuse Education/Prevention","dataYear":"2018","assetId":"919652","subcategory":"Health","detail":"https://classic.savi.org/SAVI/PopUps/AssetMoreInfo.aspx?AssetID=919652"}},{"type":"Feature","geometry":{"type":"Point","coordinates":[-86.12088866,39.64491007]},"properties":{"name":"ADULT AND CHILD - MADISON AVENUE","assetType":"Substance Abuse Hotlines","dataYear":"2018","assetId":"917167","subcategory":"Health","detail":"https://classic.savi.org/SAVI/PopUps/AssetMoreInfo.aspx?AssetID=917167"}},{"type":"Feature","geometry":{"type":"Point","coordinates":[-86.13899502,39.98374275]},"properties":{"name":"ASPIRE INDIANA - CARMEL","assetType":"Substance Abuse Hotlines","dataYear":"2018","assetId":"917249","subcategory":"Health","detail":"https://classic.savi.org/SAVI/PopUps/AssetMoreInfo.aspx?AssetID=917249"}},{"type":"Feature","geometry":{"type":"Point","coordinates":[-86.40685552,39.76168598]},"properties":{"name":"CUMMINS BEHAVIORAL HEALTH SYSTEMS - AVON","assetType":"Substance Abuse Hotlines","dataYear":"2018","assetId":"919494","subcategory":"Health","detail":"https://classic.savi.org/SAVI/PopUps/AssetMoreInfo.aspx?AssetID=919494"}},{"type":"Feature","geometry":{"type":"Point","coordinates":[-86.03948194,39.90287431]},"properties":{"name":"FAIRBANKS","assetType":"Substance Abuse Hotlines","dataYear":"2018","assetId":"921551","subcategory":"Health","detail":"https://classic.savi.org/SAVI/PopUps/AssetMoreInfo.aspx?AssetID=921551"}},{"type":"Feature","geometry":{"type":"Point","coordinates":[-86.18300487,39.77744769]},"properties":{"name":"MIDTOWN COMMUNITY MENTAL HEALTH - ESKENAZI HEALTH","assetType":"Substance Abuse Hotlines","dataYear":"2018","assetId":"919399","subcategory":"Health","detail":"https://classic.savi.org/SAVI/PopUps/AssetMoreInfo.aspx?AssetID=919399"}},{"type":"Feature","geometry":{"type":"Point","coordinates":[-86.01323901,40.036423]},"properties":{"name":"Prevail - Adult Women s Chemical Dependency Program","assetType":"Substance Abuse Intervention Programs","dataYear":"2007","assetId":"625977","subcategory":"Health","detail":"https://classic.savi.org/SAVI/PopUps/AssetMoreInfo.aspx?AssetID=625977"}},{"type":"Feature","geometry":{"type":"Point","coordinates":[-86.15796626,39.91730768]},"properties":{"name":"Valle Vista - Assessments","assetType":"Substance Abuse Intervention Programs","dataYear":"2007","assetId":"626364","subcategory":"Health","detail":"https://classic.savi.org/SAVI/PopUps/AssetMoreInfo.aspx?AssetID=626364"}},{"type":"Feature","geometry":{"type":"Point","coordinates":[-86.15220881,39.79635008]},"properties":{"name":"Pathway to Recovery","assetType":"Supportive Recovery Homes","dataYear":"2007","assetId":"623895","subcategory":"Health","detail":"https://classic.savi.org/SAVI/PopUps/AssetMoreInfo.aspx?AssetID=623895"}}]}