{"type":"FeatureCollection","features":[{"type":"Feature","geometry":{"type":"Point","coordinates":[-86.07938143,39.64841255]},"properties":{"name":"Cancer Resource Library St Francis Hospital","assetType":"Medical Libraries","dataYear":"2007","assetId":"624942","subcategory":"Information Resources","detail":"https://classic.savi.org/SAVI/PopUps/AssetMoreInfo.aspx?AssetID=624942"}},{"type":"Feature","geometry":{"type":"Point","coordinates":[-86.17876005,39.77737181]},"properties":{"name":"Riley Hospital for Children - Family Library","assetType":"Medical Libraries","dataYear":"2007","assetId":"624646","subcategory":"Information Resources","detail":"https://classic.savi.org/SAVI/PopUps/AssetMoreInfo.aspx?AssetID=624646"}},{"type":"Feature","geometry":{"type":"Point","coordinates":[-85.73561982,40.00418524]},"properties":{"name":"Pendleton Comm Library","assetType":"Public Libraries","dataYear":"2019","assetId":"934120","subcategory":"Information Resources","detail":"https://classic.savi.org/SAVI/PopUps/AssetMoreInfo.aspx?AssetID=934120"}},{"type":"Feature","geometry":{"type":"Point","coordinates":[-86.0279577,40.21575296]},"properties":{"name":"ATLANTA BRANCH LIBRARY","assetType":"Public Libraries - Branch","dataYear":"2019","assetId":"931968","subcategory":"Information Resources","detail":"https://classic.savi.org/SAVI/PopUps/AssetMoreInfo.aspx?AssetID=931968"}},{"type":"Feature","geometry":{"type":"Point","coordinates":[-86.09470989,39.72175372]},"properties":{"name":"BEECH GROVE BRANCH","assetType":"Public Libraries - Branch","dataYear":"2019","assetId":"931966","subcategory":"Information Resources","detail":"https://classic.savi.org/SAVI/PopUps/AssetMoreInfo.aspx?AssetID=931966"}},{"type":"Feature","geometry":{"type":"Point","coordinates":[-86.10133166,39.80299984]},"properties":{"name":"BRIGHTWOOD BRANCH LIBRARY","assetType":"Public Libraries - Branch","dataYear":"2019","assetId":"931965","subcategory":"Information Resources","detail":"https://classic.savi.org/SAVI/PopUps/AssetMoreInfo.aspx?AssetID=931965"}},{"type":"Feature","geometry":{"type":"Point","coordinates":[-86.37019135,39.53884309]},"properties":{"name":"BROOKLYN BRANCH LIBRARY","assetType":"Public Libraries - Branch","dataYear":"2019","assetId":"931937","subcategory":"Information Resources","detail":"https://classic.savi.org/SAVI/PopUps/AssetMoreInfo.aspx?AssetID=931937"}},{"type":"Feature","geometry":{"type":"Point","coordinates":[-86.15676506,39.7785962]},"properties":{"name":"CENTRAL LIBRARY","assetType":"Public Libraries - Branch","dataYear":"2019","assetId":"931964","subcategory":"Information Resources","detail":"https://classic.savi.org/SAVI/PopUps/AssetMoreInfo.aspx?AssetID=931964"}},{"type":"Feature","geometry":{"type":"Point","coordinates":[-86.08943215,39.56522046]},"properties":{"name":"CLARK PLEASANT","assetType":"Public Libraries - Branch","dataYear":"2019","assetId":"931941","subcategory":"Information Resources","detail":"https://classic.savi.org/SAVI/PopUps/AssetMoreInfo.aspx?AssetID=931941"}},{"type":"Feature","geometry":{"type":"Point","coordinates":[-86.14525726,39.83191305]},"properties":{"name":"COLLEGE AVENUE","assetType":"Public Libraries - Branch","dataYear":"2019","assetId":"931963","subcategory":"Information Resources","detail":"https://classic.savi.org/SAVI/PopUps/AssetMoreInfo.aspx?AssetID=931963"}},{"type":"Feature","geometry":{"type":"Point","coordinates":[-86.09244498,39.3523851]},"properties":{"name":"CORDRY SWEETWATER","assetType":"Public Libraries - Branch","dataYear":"2019","assetId":"931970","subcategory":"Information Resources","detail":"https://classic.savi.org/SAVI/PopUps/AssetMoreInfo.aspx?AssetID=931970"}},{"type":"Feature","geometry":{"type":"Point","coordinates":[-86.27867866,39.6868366]},"properties":{"name":"DECATUR BRANCH LIBRARY","assetType":"Public Libraries - Branch","dataYear":"2019","assetId":"931962","subcategory":"Information Resources","detail":"https://classic.savi.org/SAVI/PopUps/AssetMoreInfo.aspx?AssetID=931962"}},{"type":"Feature","geometry":{"type":"Point","coordinates":[-86.23850338,39.81554679]},"properties":{"name":"EAGLE BRANCH LIBRARY","assetType":"Public Libraries - Branch","dataYear":"2019","assetId":"931961","subcategory":"Information Resources","detail":"https://classic.savi.org/SAVI/PopUps/AssetMoreInfo.aspx?AssetID=931961"}},{"type":"Feature","geometry":{"type":"Point","coordinates":[-86.07586745,39.82556541]},"properties":{"name":"EAST THIRTY-EIGHTH STREET BRANCH LIBRARY","assetType":"Public Libraries - Branch","dataYear":"2019","assetId":"931960","subcategory":"Information Resources","detail":"https://classic.savi.org/SAVI/PopUps/AssetMoreInfo.aspx?AssetID=931960"}},{"type":"Feature","geometry":{"type":"Point","coordinates":[-86.11580773,39.76863337]},"properties":{"name":"EAST WASHINGTON BRANCH LIBRARY","assetType":"Public Libraries - Branch","dataYear":"2019","assetId":"931959","subcategory":"Information Resources","detail":"https://classic.savi.org/SAVI/PopUps/AssetMoreInfo.aspx?AssetID=931959"}},{"type":"Feature","geometry":{"type":"Point","coordinates":[-86.64499807,39.52139253]},"properties":{"name":"EMINENCE BRANCH LIBRARY","assetType":"Public Libraries - Branch","dataYear":"2019","assetId":"931936","subcategory":"Information Resources","detail":"https://classic.savi.org/SAVI/PopUps/AssetMoreInfo.aspx?AssetID=931936"}},{"type":"Feature","geometry":{"type":"Point","coordinates":[-86.01518413,39.96046473]},"properties":{"name":"FISHERS BRANCH LIBRARY","assetType":"Public Libraries - Branch","dataYear":"2019","assetId":"931969","subcategory":"Information Resources","detail":"https://classic.savi.org/SAVI/PopUps/AssetMoreInfo.aspx?AssetID=931969"}},{"type":"Feature","geometry":{"type":"Point","coordinates":[-86.17027103,39.80159246]},"properties":{"name":"FLANNER HOUSE BRANCH LIBRARY","assetType":"Public Libraries - Branch","dataYear":"2019","assetId":"931958","subcategory":"Information Resources","detail":"https://classic.savi.org/SAVI/PopUps/AssetMoreInfo.aspx?AssetID=931958"}},{"type":"Feature","geometry":{"type":"Point","coordinates":[-86.14045957,39.75282248]},"properties":{"name":"FOUNTAIN SQUARE BRANCH LIBRARY","assetType":"Public Libraries - Branch","dataYear":"2019","assetId":"931957","subcategory":"Information Resources","detail":"https://classic.savi.org/SAVI/PopUps/AssetMoreInfo.aspx?AssetID=931957"}},{"type":"Feature","geometry":{"type":"Point","coordinates":[-86.04599887,39.4756647]},"properties":{"name":"FRANKLIN BRANCH","assetType":"Public Libraries - Branch","dataYear":"2019","assetId":"931940","subcategory":"Information Resources","detail":"https://classic.savi.org/SAVI/PopUps/AssetMoreInfo.aspx?AssetID=931940"}},{"type":"Feature","geometry":{"type":"Point","coordinates":[-86.01921321,39.68750112]},"properties":{"name":"FRANKLIN ROAD BRANCH LIBRARY","assetType":"Public Libraries - Branch","dataYear":"2019","assetId":"931956","subcategory":"Information Resources","detail":"https://classic.savi.org/SAVI/PopUps/AssetMoreInfo.aspx?AssetID=931956"}},{"type":"Feature","geometry":{"type":"Point","coordinates":[-85.77895126,40.22273154]},"properties":{"name":"FRANKTON COMMUNITY LIBRARY","assetType":"Public Libraries - Branch","dataYear":"2019","assetId":"931932","subcategory":"Information Resources","detail":"https://classic.savi.org/SAVI/PopUps/AssetMoreInfo.aspx?AssetID=931932"}},{"type":"Feature","geometry":{"type":"Point","coordinates":[-86.14005536,39.7319632]},"properties":{"name":"GARFIELD PARK BRANCH LIBRARY","assetType":"Public Libraries - Branch","dataYear":"2019","assetId":"931947","subcategory":"Information Resources","detail":"https://classic.savi.org/SAVI/PopUps/AssetMoreInfo.aspx?AssetID=931947"}},{"type":"Feature","geometry":{"type":"Point","coordinates":[-85.77828481,39.52264267]},"properties":{"name":"GENEALOGY AND HISTORY HOUSE","assetType":"Public Libraries - Branch","dataYear":"2019","assetId":"931930","subcategory":"Information Resources","detail":"https://classic.savi.org/SAVI/PopUps/AssetMoreInfo.aspx?AssetID=931930"}},{"type":"Feature","geometry":{"type":"Point","coordinates":[-86.12213702,39.86654653]},"properties":{"name":"GLENDALE BRANCH LIBRARY","assetType":"Public Libraries - Branch","dataYear":"2019","assetId":"931955","subcategory":"Information Resources","detail":"https://classic.savi.org/SAVI/PopUps/AssetMoreInfo.aspx?AssetID=931955"}},{"type":"Feature","geometry":{"type":"Point","coordinates":[-86.19724517,39.7746017]},"properties":{"name":"HAUGHVILLE BRANCH LIBRARY","assetType":"Public Libraries - Branch","dataYear":"2019","assetId":"931954","subcategory":"Information Resources","detail":"https://classic.savi.org/SAVI/PopUps/AssetMoreInfo.aspx?AssetID=931954"}},{"type":"Feature","geometry":{"type":"Point","coordinates":[-86.15687757,39.81027951]},"properties":{"name":"INFOZONE","assetType":"Public Libraries - Branch","dataYear":"2019","assetId":"931953","subcategory":"Information Resources","detail":"https://classic.savi.org/SAVI/PopUps/AssetMoreInfo.aspx?AssetID=931953"}},{"type":"Feature","geometry":{"type":"Point","coordinates":[-86.07167996,39.77062961]},"properties":{"name":"IRVINGTON BRANCH LIBRARY","assetType":"Public Libraries - Branch","dataYear":"2019","assetId":"931952","subcategory":"Information Resources","detail":"https://classic.savi.org/SAVI/PopUps/AssetMoreInfo.aspx?AssetID=931952"}},{"type":"Feature","geometry":{"type":"Point","coordinates":[-85.84794803,40.06623426]},"properties":{"name":"LAPEL BRANCH LIBRARY","assetType":"Public Libraries - Branch","dataYear":"2019","assetId":"931971","subcategory":"Information Resources","detail":"https://classic.savi.org/SAVI/PopUps/AssetMoreInfo.aspx?AssetID=931971"}},{"type":"Feature","geometry":{"type":"Point","coordinates":[-86.03387093,39.89796705]},"properties":{"name":"LAWRENCE BRANCH LIBRARY","assetType":"Public Libraries - Branch","dataYear":"2019","assetId":"931951","subcategory":"Information Resources","detail":"https://classic.savi.org/SAVI/PopUps/AssetMoreInfo.aspx?AssetID=931951"}},{"type":"Feature","geometry":{"type":"Point","coordinates":[-86.20163075,39.86814655]},"properties":{"name":"MICHIGAN ROAD BRANCH LIBRARY","assetType":"Public Libraries - Branch","dataYear":"2019","assetId":"931950","subcategory":"Information Resources","detail":"https://classic.savi.org/SAVI/PopUps/AssetMoreInfo.aspx?AssetID=931950"}},{"type":"Feature","geometry":{"type":"Point","coordinates":[-86.478212,39.58058053]},"properties":{"name":"MONROVIA BRANCH LIBRARY","assetType":"Public Libraries - Branch","dataYear":"2019","assetId":"931935","subcategory":"Information Resources","detail":"https://classic.savi.org/SAVI/PopUps/AssetMoreInfo.aspx?AssetID=931935"}},{"type":"Feature","geometry":{"type":"Point","coordinates":[-86.26192669,39.37076565]},"properties":{"name":"MORGANTOWN BRANCH LIBRARY","assetType":"Public Libraries - Branch","dataYear":"2019","assetId":"931934","subcategory":"Information Resources","detail":"https://classic.savi.org/SAVI/PopUps/AssetMoreInfo.aspx?AssetID=931934"}},{"type":"Feature","geometry":{"type":"Point","coordinates":[-86.14200912,39.91305491]},"properties":{"name":"NORA BRANCH LIBRARY","assetType":"Public Libraries - Branch","dataYear":"2019","assetId":"931949","subcategory":"Information Resources","detail":"https://classic.savi.org/SAVI/PopUps/AssetMoreInfo.aspx?AssetID=931949"}},{"type":"Feature","geometry":{"type":"Point","coordinates":[-86.25889984,39.87487212]},"properties":{"name":"PIKE BRANCH LIBRARY","assetType":"Public Libraries - Branch","dataYear":"2019","assetId":"931948","subcategory":"Information Resources","detail":"https://classic.savi.org/SAVI/PopUps/AssetMoreInfo.aspx?AssetID=931948"}},{"type":"Feature","geometry":{"type":"Point","coordinates":[-85.64620832,40.33717043]},"properties":{"name":"RALPH E HAZELBAKER LIBRARY","assetType":"Public Libraries - Branch","dataYear":"2019","assetId":"931931","subcategory":"Information Resources","detail":"https://classic.savi.org/SAVI/PopUps/AssetMoreInfo.aspx?AssetID=931931"}},{"type":"Feature","geometry":{"type":"Point","coordinates":[-86.11754042,39.65087767]},"properties":{"name":"SOUTHPORT BRANCH LIBRARY","assetType":"Public Libraries - Branch","dataYear":"2019","assetId":"931946","subcategory":"Information Resources","detail":"https://classic.savi.org/SAVI/PopUps/AssetMoreInfo.aspx?AssetID=931946"}},{"type":"Feature","geometry":{"type":"Point","coordinates":[-86.1289732,39.78493569]},"properties":{"name":"SPADES PARK BRANCH LIBRARY","assetType":"Public Libraries - Branch","dataYear":"2019","assetId":"931945","subcategory":"Information Resources","detail":"https://classic.savi.org/SAVI/PopUps/AssetMoreInfo.aspx?AssetID=931945"}},{"type":"Feature","geometry":{"type":"Point","coordinates":[-85.89715576,39.72186118]},"properties":{"name":"SUGAR CREEK BRANCH","assetType":"Public Libraries - Branch","dataYear":"2019","assetId":"931967","subcategory":"Information Resources","detail":"https://classic.savi.org/SAVI/PopUps/AssetMoreInfo.aspx?AssetID=931967"}},{"type":"Feature","geometry":{"type":"Point","coordinates":[-86.1499358,39.40997088]},"properties":{"name":"TRAFALGAR BRANCH","assetType":"Public Libraries - Branch","dataYear":"2019","assetId":"931939","subcategory":"Information Resources","detail":"https://classic.savi.org/SAVI/PopUps/AssetMoreInfo.aspx?AssetID=931939"}},{"type":"Feature","geometry":{"type":"Point","coordinates":[-85.69817158,39.67302822]},"properties":{"name":"VELMA WORTMAN MORRISTOWN BRANCH","assetType":"Public Libraries - Branch","dataYear":"2019","assetId":"931929","subcategory":"Information Resources","detail":"https://classic.savi.org/SAVI/PopUps/AssetMoreInfo.aspx?AssetID=931929"}},{"type":"Feature","geometry":{"type":"Point","coordinates":[-85.9955155,39.79606382]},"properties":{"name":"WARREN BRANCH LIBRARY","assetType":"Public Libraries - Branch","dataYear":"2019","assetId":"931944","subcategory":"Information Resources","detail":"https://classic.savi.org/SAVI/PopUps/AssetMoreInfo.aspx?AssetID=931944"}},{"type":"Feature","geometry":{"type":"Point","coordinates":[-86.25043699,39.56625641]},"properties":{"name":"WAVERLY BRANCH LIBRARY","assetType":"Public Libraries - Branch","dataYear":"2019","assetId":"931933","subcategory":"Information Resources","detail":"https://classic.savi.org/SAVI/PopUps/AssetMoreInfo.aspx?AssetID=931933"}},{"type":"Feature","geometry":{"type":"Point","coordinates":[-86.28979492,39.7612621]},"properties":{"name":"WAYNE BRANCH LIBRARY","assetType":"Public Libraries - Branch","dataYear":"2019","assetId":"931943","subcategory":"Information Resources","detail":"https://classic.savi.org/SAVI/PopUps/AssetMoreInfo.aspx?AssetID=931943"}},{"type":"Feature","geometry":{"type":"Point","coordinates":[-86.19452762,39.75039697]},"properties":{"name":"WEST INDIANAPOLIS BRANCH LIBRARY","assetType":"Public Libraries - Branch","dataYear":"2019","assetId":"931942","subcategory":"Information Resources","detail":"https://classic.savi.org/SAVI/PopUps/AssetMoreInfo.aspx?AssetID=931942"}},{"type":"Feature","geometry":{"type":"Point","coordinates":[-86.15630211,39.60821894]},"properties":{"name":"WHITE RIVER BRANCH","assetType":"Public Libraries - Branch","dataYear":"2019","assetId":"931938","subcategory":"Information Resources","detail":"https://classic.savi.org/SAVI/PopUps/AssetMoreInfo.aspx?AssetID=931938"}},{"type":"Feature","geometry":{"type":"Point","coordinates":[-85.67360357,40.26338019]},"properties":{"name":"Alexandria-Monroe Public Library","assetType":"Public Libraries - Main","dataYear":"2019","assetId":"931928","subcategory":"Information Resources","detail":"https://classic.savi.org/SAVI/PopUps/AssetMoreInfo.aspx?AssetID=931928"}},{"type":"Feature","geometry":{"type":"Point","coordinates":[-85.67767809,40.10381282]},"properties":{"name":"Anderson Public Library","assetType":"Public Libraries - Main","dataYear":"2019","assetId":"931927","subcategory":"Information Resources","detail":"https://classic.savi.org/SAVI/PopUps/AssetMoreInfo.aspx?AssetID=931927"}},{"type":"Feature","geometry":{"type":"Point","coordinates":[-86.40045748,39.76962433]},"properties":{"name":"Avon-Washington Township Public Library","assetType":"Public Libraries - Main","dataYear":"2019","assetId":"931926","subcategory":"Information Resources","detail":"https://classic.savi.org/SAVI/PopUps/AssetMoreInfo.aspx?AssetID=931926"}},{"type":"Feature","geometry":{"type":"Point","coordinates":[-86.24508813,39.20950248]},"properties":{"name":"Brown County Public Library","assetType":"Public Libraries - Main","dataYear":"2019","assetId":"931908","subcategory":"Information Resources","detail":"https://classic.savi.org/SAVI/PopUps/AssetMoreInfo.aspx?AssetID=931908"}},{"type":"Feature","geometry":{"type":"Point","coordinates":[-86.39679015,39.83675399]},"properties":{"name":"Brownsburg Public Library","assetType":"Public Libraries - Main","dataYear":"2019","assetId":"931925","subcategory":"Information Resources","detail":"https://classic.savi.org/SAVI/PopUps/AssetMoreInfo.aspx?AssetID=931925"}},{"type":"Feature","geometry":{"type":"Point","coordinates":[-86.12190599,39.97736304]},"properties":{"name":"Carmel Clay Public Library","assetType":"Public Libraries - Main","dataYear":"2019","assetId":"931924","subcategory":"Information Resources","detail":"https://classic.savi.org/SAVI/PopUps/AssetMoreInfo.aspx?AssetID=931924"}},{"type":"Feature","geometry":{"type":"Point","coordinates":[-86.52252218,39.6847217]},"properties":{"name":"Clayton-Liberty Township Public Library","assetType":"Public Libraries - Main","dataYear":"2019","assetId":"931922","subcategory":"Information Resources","detail":"https://classic.savi.org/SAVI/PopUps/AssetMoreInfo.aspx?AssetID=931922"}},{"type":"Feature","geometry":{"type":"Point","coordinates":[-86.67045959,39.68909348]},"properties":{"name":"Coatesville-Clay Township Public Library","assetType":"Public Libraries - Main","dataYear":"2019","assetId":"931921","subcategory":"Information Resources","detail":"https://classic.savi.org/SAVI/PopUps/AssetMoreInfo.aspx?AssetID=931921"}},{"type":"Feature","geometry":{"type":"Point","coordinates":[-86.52256538,39.76188734]},"properties":{"name":"Danville-Center Township Public Library","assetType":"Public Libraries - Main","dataYear":"2019","assetId":"931920","subcategory":"Information Resources","detail":"https://classic.savi.org/SAVI/PopUps/AssetMoreInfo.aspx?AssetID=931920"}},{"type":"Feature","geometry":{"type":"Point","coordinates":[-85.96737331,39.35406389]},"properties":{"name":"Edinburgh Wright-Hageman Public Library","assetType":"Public Libraries - Main","dataYear":"2019","assetId":"931919","subcategory":"Information Resources","detail":"https://classic.savi.org/SAVI/PopUps/AssetMoreInfo.aspx?AssetID=931919"}},{"type":"Feature","geometry":{"type":"Point","coordinates":[-85.84301092,39.93432959]},"properties":{"name":"Fortville-Vernon Township Public Library","assetType":"Public Libraries - Main","dataYear":"2019","assetId":"931917","subcategory":"Information Resources","detail":"https://classic.savi.org/SAVI/PopUps/AssetMoreInfo.aspx?AssetID=931917"}},{"type":"Feature","geometry":{"type":"Point","coordinates":[-86.10644237,39.61129502]},"properties":{"name":"Greenwood Public Library","assetType":"Public Libraries - Main","dataYear":"2019","assetId":"931913","subcategory":"Information Resources","detail":"https://classic.savi.org/SAVI/PopUps/AssetMoreInfo.aspx?AssetID=931913"}},{"type":"Feature","geometry":{"type":"Point","coordinates":[-85.99471264,40.04708257]},"properties":{"name":"Hamilton East Public Library","assetType":"Public Libraries - Main","dataYear":"2019","assetId":"931907","subcategory":"Information Resources","detail":"https://classic.savi.org/SAVI/PopUps/AssetMoreInfo.aspx?AssetID=931907"}},{"type":"Feature","geometry":{"type":"Point","coordinates":[-86.01669713,40.12362496]},"properties":{"name":"Hamilton North Public Library","assetType":"Public Libraries - Main","dataYear":"2019","assetId":"931923","subcategory":"Information Resources","detail":"https://classic.savi.org/SAVI/PopUps/AssetMoreInfo.aspx?AssetID=931923"}},{"type":"Feature","geometry":{"type":"Point","coordinates":[-85.78361934,39.79999752]},"properties":{"name":"Hancock County Public Library","assetType":"Public Libraries - Main","dataYear":"2019","assetId":"931914","subcategory":"Information Resources","detail":"https://classic.savi.org/SAVI/PopUps/AssetMoreInfo.aspx?AssetID=931914"}},{"type":"Feature","geometry":{"type":"Point","coordinates":[-86.266329,39.95350959]},"properties":{"name":"Hussey-Mayfield Memorial Public Library","assetType":"Public Libraries - Main","dataYear":"2019","assetId":"931898","subcategory":"Information Resources","detail":"https://classic.savi.org/SAVI/PopUps/AssetMoreInfo.aspx?AssetID=931898"}},{"type":"Feature","geometry":{"type":"Point","coordinates":[-86.15691851,39.80163654]},"properties":{"name":"Indianapolis Public Library","assetType":"Public Libraries - Main","dataYear":"2019","assetId":"931912","subcategory":"Information Resources","detail":"https://classic.savi.org/SAVI/PopUps/AssetMoreInfo.aspx?AssetID=931912"}},{"type":"Feature","geometry":{"type":"Point","coordinates":[-86.05468446,39.47940021]},"properties":{"name":"Johnson County Public Library","assetType":"Public Libraries - Main","dataYear":"2019","assetId":"931916","subcategory":"Information Resources","detail":"https://classic.savi.org/SAVI/PopUps/AssetMoreInfo.aspx?AssetID=931916"}},{"type":"Feature","geometry":{"type":"Point","coordinates":[-86.4674051,40.04858838]},"properties":{"name":"Lebanon Public Library","assetType":"Public Libraries - Main","dataYear":"2019","assetId":"931911","subcategory":"Information Resources","detail":"https://classic.savi.org/SAVI/PopUps/AssetMoreInfo.aspx?AssetID=931911"}},{"type":"Feature","geometry":{"type":"Point","coordinates":[-86.38026988,39.61205447]},"properties":{"name":"Mooresville Public Library","assetType":"Public Libraries - Main","dataYear":"2019","assetId":"931909","subcategory":"Information Resources","detail":"https://classic.savi.org/SAVI/PopUps/AssetMoreInfo.aspx?AssetID=931909"}},{"type":"Feature","geometry":{"type":"Point","coordinates":[-86.42760995,39.42554035]},"properties":{"name":"Morgan County Public Library","assetType":"Public Libraries - Main","dataYear":"2019","assetId":"931910","subcategory":"Information Resources","detail":"https://classic.savi.org/SAVI/PopUps/AssetMoreInfo.aspx?AssetID=931910"}},{"type":"Feature","geometry":{"type":"Point","coordinates":[-85.83967117,40.27737017]},"properties":{"name":"North Madison County Public Library System","assetType":"Public Libraries - Main","dataYear":"2019","assetId":"931918","subcategory":"Information Resources","detail":"https://classic.savi.org/SAVI/PopUps/AssetMoreInfo.aspx?AssetID=931918"}},{"type":"Feature","geometry":{"type":"Point","coordinates":[-85.73561982,40.00418524]},"properties":{"name":"Pendleton Community Public Library","assetType":"Public Libraries - Main","dataYear":"2019","assetId":"931906","subcategory":"Information Resources","detail":"https://classic.savi.org/SAVI/PopUps/AssetMoreInfo.aspx?AssetID=931906"}},{"type":"Feature","geometry":{"type":"Point","coordinates":[-86.38675611,39.69745034]},"properties":{"name":"Plainfield-Guilford Township Public Library","assetType":"Public Libraries - Main","dataYear":"2019","assetId":"931905","subcategory":"Information Resources","detail":"https://classic.savi.org/SAVI/PopUps/AssetMoreInfo.aspx?AssetID=931905"}},{"type":"Feature","geometry":{"type":"Point","coordinates":[-86.86311625,39.64275182]},"properties":{"name":"Putnam County Public Library","assetType":"Public Libraries - Main","dataYear":"2019","assetId":"931915","subcategory":"Information Resources","detail":"https://classic.savi.org/SAVI/PopUps/AssetMoreInfo.aspx?AssetID=931915"}},{"type":"Feature","geometry":{"type":"Point","coordinates":[-86.80072076,39.85228876]},"properties":{"name":"Roachdale-Franklin Township Public Library","assetType":"Public Libraries - Main","dataYear":"2019","assetId":"931904","subcategory":"Information Resources","detail":"https://classic.savi.org/SAVI/PopUps/AssetMoreInfo.aspx?AssetID=931904"}},{"type":"Feature","geometry":{"type":"Point","coordinates":[-85.77851552,39.52264455]},"properties":{"name":"Shelby County Public Library","assetType":"Public Libraries - Main","dataYear":"2019","assetId":"931903","subcategory":"Information Resources","detail":"https://classic.savi.org/SAVI/PopUps/AssetMoreInfo.aspx?AssetID=931903"}},{"type":"Feature","geometry":{"type":"Point","coordinates":[-86.22171849,40.13858281]},"properties":{"name":"Sheridan Public Library","assetType":"Public Libraries - Main","dataYear":"2019","assetId":"931902","subcategory":"Information Resources","detail":"https://classic.savi.org/SAVI/PopUps/AssetMoreInfo.aspx?AssetID=931902"}},{"type":"Feature","geometry":{"type":"Point","coordinates":[-86.25975488,39.80134805]},"properties":{"name":"Speedway Public Library","assetType":"Public Libraries - Main","dataYear":"2019","assetId":"931901","subcategory":"Information Resources","detail":"https://classic.savi.org/SAVI/PopUps/AssetMoreInfo.aspx?AssetID=931901"}},{"type":"Feature","geometry":{"type":"Point","coordinates":[-86.60622003,40.13040709]},"properties":{"name":"Thorntown Public Library","assetType":"Public Libraries - Main","dataYear":"2019","assetId":"931900","subcategory":"Information Resources","detail":"https://classic.savi.org/SAVI/PopUps/AssetMoreInfo.aspx?AssetID=931900"}},{"type":"Feature","geometry":{"type":"Point","coordinates":[-86.13126464,40.04967537]},"properties":{"name":"Westfield-Washington Public Library","assetType":"Public Libraries - Main","dataYear":"2019","assetId":"931899","subcategory":"Information Resources","detail":"https://classic.savi.org/SAVI/PopUps/AssetMoreInfo.aspx?AssetID=931899"}},{"type":"Feature","geometry":{"type":"Point","coordinates":[-86.14965137,39.82785512]},"properties":{"name":"Girls Incorporated National Resource Center","assetType":"Specialty Libraries","dataYear":"2007","assetId":"624150","subcategory":"Information Resources","detail":"https://classic.savi.org/SAVI/PopUps/AssetMoreInfo.aspx?AssetID=624150"}},{"type":"Feature","geometry":{"type":"Point","coordinates":[-86.194456,39.790985]},"properties":{"name":"ICADV Resource Center IN Coalition Against Domestic Violence","assetType":"Specialty Libraries","dataYear":"2007","assetId":"624815","subcategory":"Information Resources","detail":"https://classic.savi.org/SAVI/PopUps/AssetMoreInfo.aspx?AssetID=624815"}},{"type":"Feature","geometry":{"type":"Point","coordinates":[-86.16355338,39.76920775]},"properties":{"name":"Indiana State Library","assetType":"State Libraries","dataYear":"2007","assetId":"623758","subcategory":"Information Resources","detail":"https://classic.savi.org/SAVI/PopUps/AssetMoreInfo.aspx?AssetID=623758"}},{"type":"Feature","geometry":{"type":"Point","coordinates":[-86.15671567,39.8255663]},"properties":{"name":"CONNECT2HELP 211","assetType":"Comprehensive I&amp;R","dataYear":"2018","assetId":"920043","subcategory":"Information Resources","detail":"https://classic.savi.org/SAVI/PopUps/AssetMoreInfo.aspx?AssetID=920043"}},{"type":"Feature","geometry":{"type":"Point","coordinates":[-85.77880601,39.51706954]},"properties":{"name":"HUMAN SERVICES OF SHELBY COUNTY","assetType":"Comprehensive I&amp;R","dataYear":"2018","assetId":"916952","subcategory":"Information Resources","detail":"https://classic.savi.org/SAVI/PopUps/AssetMoreInfo.aspx?AssetID=916952"}},{"type":"Feature","geometry":{"type":"Point","coordinates":[-85.98926717,39.82255418]},"properties":{"name":"PATHWAY RESOURCE CENTER","assetType":"Comprehensive I&amp;R","dataYear":"2018","assetId":"920795","subcategory":"Information Resources","detail":"https://classic.savi.org/SAVI/PopUps/AssetMoreInfo.aspx?AssetID=920795"}},{"type":"Feature","geometry":{"type":"Point","coordinates":[-86.06276827,39.47377101]},"properties":{"name":"UNITED WAY OF JOHNSON COUNTY","assetType":"Comprehensive I&amp;R","dataYear":"2018","assetId":"922627","subcategory":"Information Resources","detail":"https://classic.savi.org/SAVI/PopUps/AssetMoreInfo.aspx?AssetID=922627"}},{"type":"Feature","geometry":{"type":"Point","coordinates":[-86.07778879,39.65386781]},"properties":{"name":"ATTAIN - Computer","assetType":"Disabilities/Special Needs I&amp;R","dataYear":"2007","assetId":"626554","subcategory":"Information Resources","detail":"https://classic.savi.org/SAVI/PopUps/AssetMoreInfo.aspx?AssetID=626554"}},{"type":"Feature","geometry":{"type":"Point","coordinates":[-86.07778879,39.65386781]},"properties":{"name":"ATTAIN - Information and Referral","assetType":"Disabilities/Special Needs I&amp;R","dataYear":"2007","assetId":"623669","subcategory":"Information Resources","detail":"https://classic.savi.org/SAVI/PopUps/AssetMoreInfo.aspx?AssetID=623669"}},{"type":"Feature","geometry":{"type":"Point","coordinates":[-86.04595437,39.88684426]},"properties":{"name":"About Special Kids - ASK - Information","assetType":"Disabilities/Special Needs I&amp;R","dataYear":"2007","assetId":"623656","subcategory":"Information Resources","detail":"https://classic.savi.org/SAVI/PopUps/AssetMoreInfo.aspx?AssetID=623656"}},{"type":"Feature","geometry":{"type":"Point","coordinates":[-86.12127169,39.84315589]},"properties":{"name":"Deaf Community Services - Information and Referral","assetType":"Disabilities/Special Needs I&amp;R","dataYear":"2007","assetId":"625234","subcategory":"Information Resources","detail":"https://classic.savi.org/SAVI/PopUps/AssetMoreInfo.aspx?AssetID=625234"}},{"type":"Feature","geometry":{"type":"Point","coordinates":[-86.16475187,39.76907055]},"properties":{"name":"IN FSSA DDRS Deaf and Hard-of-Hearing Services","assetType":"Disabilities/Special Needs I&amp;R","dataYear":"2007","assetId":"625302","subcategory":"Information Resources","detail":"https://classic.savi.org/SAVI/PopUps/AssetMoreInfo.aspx?AssetID=625302"}},{"type":"Feature","geometry":{"type":"Point","coordinates":[-86.18821434,39.80821061]},"properties":{"name":"IRCIL-Indianapolis Resource Ctr - Information and Referral","assetType":"Disabilities/Special Needs I&amp;R","dataYear":"2007","assetId":"623958","subcategory":"Information Resources","detail":"https://classic.savi.org/SAVI/PopUps/AssetMoreInfo.aspx?AssetID=623958"}},{"type":"Feature","geometry":{"type":"Point","coordinates":[-86.12191535,39.84238843]},"properties":{"name":"Indiana Protection and Advocacy Services - I&R","assetType":"Disabilities/Special Needs I&amp;R","dataYear":"2007","assetId":"624075","subcategory":"Information Resources","detail":"https://classic.savi.org/SAVI/PopUps/AssetMoreInfo.aspx?AssetID=624075"}},{"type":"Feature","geometry":{"type":"Point","coordinates":[-86.2433697,39.88586942]},"properties":{"name":"Nat l Multiple Sclerosis Soc IN Chapter - Community Education","assetType":"Disabilities/Special Needs I&amp;R","dataYear":"2007","assetId":"624391","subcategory":"Information Resources","detail":"https://classic.savi.org/SAVI/PopUps/AssetMoreInfo.aspx?AssetID=624391"}},{"type":"Feature","geometry":{"type":"Point","coordinates":[-86.194456,39.790985]},"properties":{"name":"United Cerebral Palsy Assoc of Greater IN - Info and Advocacy","assetType":"Disabilities/Special Needs I&amp;R","dataYear":"2007","assetId":"623728","subcategory":"Information Resources","detail":"https://classic.savi.org/SAVI/PopUps/AssetMoreInfo.aspx?AssetID=623728"}},{"type":"Feature","geometry":{"type":"Point","coordinates":[-86.16352217,39.76735649]},"properties":{"name":"Indiana Department of Workforce Development","assetType":"Employment I&amp;R","dataYear":"2007","assetId":"624090","subcategory":"Information Resources","detail":"https://classic.savi.org/SAVI/PopUps/AssetMoreInfo.aspx?AssetID=624090"}},{"type":"Feature","geometry":{"type":"Point","coordinates":[-86.16045833,39.76855049]},"properties":{"name":"Out & About Indiana","assetType":"Gay/Lesbian/Bisexual/Transgendered I&amp;R","dataYear":"2007","assetId":"624899","subcategory":"Information Resources","detail":"https://classic.savi.org/SAVI/PopUps/AssetMoreInfo.aspx?AssetID=624899"}},{"type":"Feature","geometry":{"type":"Point","coordinates":[-86.05473481,39.90520708]},"properties":{"name":"ALS Association of Indiana - Information and Referral","assetType":"Health I&amp;R","dataYear":"2007","assetId":"624933","subcategory":"Information Resources","detail":"https://classic.savi.org/SAVI/PopUps/AssetMoreInfo.aspx?AssetID=624933"}},{"type":"Feature","geometry":{"type":"Point","coordinates":[-86.14666696,39.80822034]},"properties":{"name":"Asian Help Services - Medical Information Assistance","assetType":"Health I&amp;R","dataYear":"2007","assetId":"624419","subcategory":"Information Resources","detail":"https://classic.savi.org/SAVI/PopUps/AssetMoreInfo.aspx?AssetID=624419"}},{"type":"Feature","geometry":{"type":"Point","coordinates":[-86.14666696,39.80822034]},"properties":{"name":"Asian Help Services - Medicare Part D Info in Asian Languages","assetType":"Health I&amp;R","dataYear":"2007","assetId":"626394","subcategory":"Information Resources","detail":"https://classic.savi.org/SAVI/PopUps/AssetMoreInfo.aspx?AssetID=626394"}},{"type":"Feature","geometry":{"type":"Point","coordinates":[-86.15734927,39.78268106]},"properties":{"name":"Breast Cancer Helpline Susan G Komen Foundation","assetType":"Health I&amp;R","dataYear":"2007","assetId":"626355","subcategory":"Information Resources","detail":"https://classic.savi.org/SAVI/PopUps/AssetMoreInfo.aspx?AssetID=626355"}},{"type":"Feature","geometry":{"type":"Point","coordinates":[-86.19591796,39.9118661]},"properties":{"name":"CARE Line - St Vincent Hospitals and Health Services","assetType":"Health I&amp;R","dataYear":"2007","assetId":"625232","subcategory":"Information Resources","detail":"https://classic.savi.org/SAVI/PopUps/AssetMoreInfo.aspx?AssetID=625232"}},{"type":"Feature","geometry":{"type":"Point","coordinates":[-86.073942,39.78766]},"properties":{"name":"Health Information LINK Community Hospitals Indpls","assetType":"Health I&amp;R","dataYear":"2007","assetId":"624694","subcategory":"Information Resources","detail":"https://classic.savi.org/SAVI/PopUps/AssetMoreInfo.aspx?AssetID=624694"}},{"type":"Feature","geometry":{"type":"Point","coordinates":[-86.50187222,39.76110533]},"properties":{"name":"Hendricks Regional Health - Physician Referral Service","assetType":"Health I&amp;R","dataYear":"2007","assetId":"624663","subcategory":"Information Resources","detail":"https://classic.savi.org/SAVI/PopUps/AssetMoreInfo.aspx?AssetID=624663"}},{"type":"Feature","geometry":{"type":"Point","coordinates":[-86.17613939,39.77723944]},"properties":{"name":"INHealth Connect Website IUSM Library","assetType":"Health I&amp;R","dataYear":"2007","assetId":"626352","subcategory":"Information Resources","detail":"https://classic.savi.org/SAVI/PopUps/AssetMoreInfo.aspx?AssetID=626352"}},{"type":"Feature","geometry":{"type":"Point","coordinates":[-86.1582286,39.76705658]},"properties":{"name":"Indiana Family Helpline Indiana Dept of Health","assetType":"Health I&amp;R","dataYear":"2007","assetId":"623587","subcategory":"Information Resources","detail":"https://classic.savi.org/SAVI/PopUps/AssetMoreInfo.aspx?AssetID=623587"}},{"type":"Feature","geometry":{"type":"Point","coordinates":[-86.21968599,39.91433603]},"properties":{"name":"Indianapolis District Dental Society - Dental Care Information","assetType":"Health I&amp;R","dataYear":"2007","assetId":"623969","subcategory":"Information Resources","detail":"https://classic.savi.org/SAVI/PopUps/AssetMoreInfo.aspx?AssetID=623969"}},{"type":"Feature","geometry":{"type":"Point","coordinates":[-86.1466413,39.77102712]},"properties":{"name":"Indianapolis Medical Society - Physician Referral","assetType":"Health I&amp;R","dataYear":"2007","assetId":"624345","subcategory":"Information Resources","detail":"https://classic.savi.org/SAVI/PopUps/AssetMoreInfo.aspx?AssetID=624345"}},{"type":"Feature","geometry":{"type":"Point","coordinates":[-86.14161764,39.91251135]},"properties":{"name":"Leukemia & Lymphoma Society The - Information and Referral","assetType":"Health I&amp;R","dataYear":"2007","assetId":"624388","subcategory":"Information Resources","detail":"https://classic.savi.org/SAVI/PopUps/AssetMoreInfo.aspx?AssetID=624388"}},{"type":"Feature","geometry":{"type":"Point","coordinates":[-86.15726488,39.79077495]},"properties":{"name":"Little Red Door Cancer Agency - Information and Referral","assetType":"Health I&amp;R","dataYear":"2007","assetId":"624286","subcategory":"Information Resources","detail":"https://classic.savi.org/SAVI/PopUps/AssetMoreInfo.aspx?AssetID=624286"}},{"type":"Feature","geometry":{"type":"Point","coordinates":[-86.1215412,39.80808463]},"properties":{"name":"Minority Health Service Referral Minority Health Coalition","assetType":"Health I&amp;R","dataYear":"2007","assetId":"624997","subcategory":"Information Resources","detail":"https://classic.savi.org/SAVI/PopUps/AssetMoreInfo.aspx?AssetID=624997"}},{"type":"Feature","geometry":{"type":"Point","coordinates":[-86.26639193,39.86717992]},"properties":{"name":"National Cancer Information Center American Cancer Society","assetType":"Health I&amp;R","dataYear":"2007","assetId":"624728","subcategory":"Information Resources","detail":"https://classic.savi.org/SAVI/PopUps/AssetMoreInfo.aspx?AssetID=624728"}},{"type":"Feature","geometry":{"type":"Point","coordinates":[-86.15734927,39.78268106]},"properties":{"name":"Susan G Komen Foundation - Information & Donations","assetType":"Health I&amp;R","dataYear":"2007","assetId":"626361","subcategory":"Information Resources","detail":"https://classic.savi.org/SAVI/PopUps/AssetMoreInfo.aspx?AssetID=626361"}},{"type":"Feature","geometry":{"type":"Point","coordinates":[-86.17599944,39.78084944]},"properties":{"name":"Wishard Health Connection Wishard Health Services","assetType":"Health I&amp;R","dataYear":"2007","assetId":"624846","subcategory":"Information Resources","detail":"https://classic.savi.org/SAVI/PopUps/AssetMoreInfo.aspx?AssetID=624846"}},{"type":"Feature","geometry":{"type":"Point","coordinates":[-86.20289176,39.90360079]},"properties":{"name":"Women s Health Resource Center St Vincent s Women s Hospital","assetType":"Health I&amp;R","dataYear":"2007","assetId":"624814","subcategory":"Information Resources","detail":"https://classic.savi.org/SAVI/PopUps/AssetMoreInfo.aspx?AssetID=624814"}},{"type":"Feature","geometry":{"type":"Point","coordinates":[-86.16212617,39.7894052]},"properties":{"name":"Clarion Behavioral Care Methodist Hospital","assetType":"Mental Health/Addictions I&amp;R","dataYear":"2007","assetId":"624645","subcategory":"Information Resources","detail":"https://classic.savi.org/SAVI/PopUps/AssetMoreInfo.aspx?AssetID=624645"}},{"type":"Feature","geometry":{"type":"Point","coordinates":[-86.08428123,39.91007429]},"properties":{"name":"Greater Indpls Cncl Alcoholism & Drug Dependence - I & R","assetType":"Mental Health/Addictions I&amp;R","dataYear":"2007","assetId":"623830","subcategory":"Information Resources","detail":"https://classic.savi.org/SAVI/PopUps/AssetMoreInfo.aspx?AssetID=623830"}},{"type":"Feature","geometry":{"type":"Point","coordinates":[-86.12062063,39.84244204]},"properties":{"name":"Mental Health America in Greater Indianapolis","assetType":"Mental Health/Addictions I&amp;R","dataYear":"2007","assetId":"624274","subcategory":"Information Resources","detail":"https://classic.savi.org/SAVI/PopUps/AssetMoreInfo.aspx?AssetID=624274"}},{"type":"Feature","geometry":{"type":"Point","coordinates":[-86.01158343,40.05439822]},"properties":{"name":"Mental Health America in Hamilton County - I & R","assetType":"Mental Health/Addictions I&amp;R","dataYear":"2007","assetId":"624972","subcategory":"Information Resources","detail":"https://classic.savi.org/SAVI/PopUps/AssetMoreInfo.aspx?AssetID=624972"}},{"type":"Feature","geometry":{"type":"Point","coordinates":[-85.768387,39.78631]},"properties":{"name":"Mental Health America in Hancock County - Information & Referral","assetType":"Mental Health/Addictions I&amp;R","dataYear":"2007","assetId":"624968","subcategory":"Information Resources","detail":"https://classic.savi.org/SAVI/PopUps/AssetMoreInfo.aspx?AssetID=624968"}},{"type":"Feature","geometry":{"type":"Point","coordinates":[-86.1539426,39.78637364]},"properties":{"name":"Mental Health America in Indiana - Ombudsman Program","assetType":"Mental Health/Addictions I&amp;R","dataYear":"2007","assetId":"625578","subcategory":"Information Resources","detail":"https://classic.savi.org/SAVI/PopUps/AssetMoreInfo.aspx?AssetID=625578"}},{"type":"Feature","geometry":{"type":"Point","coordinates":[-86.37439026,39.61269282]},"properties":{"name":"Mental Health America in Morgan County - I & R","assetType":"Mental Health/Addictions I&amp;R","dataYear":"2007","assetId":"623715","subcategory":"Information Resources","detail":"https://classic.savi.org/SAVI/PopUps/AssetMoreInfo.aspx?AssetID=623715"}},{"type":"Feature","geometry":{"type":"Point","coordinates":[-86.20313102,39.80388105]},"properties":{"name":"NAMI Indiana - Mental Illness Information and Referral Hotline","assetType":"Mental Health/Addictions I&amp;R","dataYear":"2007","assetId":"624797","subcategory":"Information Resources","detail":"https://classic.savi.org/SAVI/PopUps/AssetMoreInfo.aspx?AssetID=624797"}},{"type":"Feature","geometry":{"type":"Point","coordinates":[-86.14666696,39.80822034]},"properties":{"name":"Asian Help Services - Information Referral and Advocacy","assetType":"Minorities I&amp;R","dataYear":"2007","assetId":"624418","subcategory":"Information Resources","detail":"https://classic.savi.org/SAVI/PopUps/AssetMoreInfo.aspx?AssetID=624418"}},{"type":"Feature","geometry":{"type":"Point","coordinates":[-86.17054414,39.77798413]},"properties":{"name":"Indianapolis Urban League","assetType":"Minorities I&amp;R","dataYear":"2007","assetId":"623956","subcategory":"Information Resources","detail":"https://classic.savi.org/SAVI/PopUps/AssetMoreInfo.aspx?AssetID=623956"}},{"type":"Feature","geometry":{"type":"Point","coordinates":[-86.012019,39.826185]},"properties":{"name":"La Plaza - Case Management","assetType":"Minorities I&amp;R","dataYear":"2007","assetId":"624233","subcategory":"Information Resources","detail":"https://classic.savi.org/SAVI/PopUps/AssetMoreInfo.aspx?AssetID=624233"}},{"type":"Feature","geometry":{"type":"Point","coordinates":[-86.012019,39.826185]},"properties":{"name":"La Plaza - Tax Assistance","assetType":"Minorities I&amp;R","dataYear":"2007","assetId":"626551","subcategory":"Information Resources","detail":"https://classic.savi.org/SAVI/PopUps/AssetMoreInfo.aspx?AssetID=626551"}},{"type":"Feature","geometry":{"type":"Point","coordinates":[-86.12072637,39.84296464]},"properties":{"name":"CICOA Aging & In Home Solutions - Information and Assistance Ctr","assetType":"Other Information and Referral Services","dataYear":"2007","assetId":"624758","subcategory":"Information Resources","detail":"https://classic.savi.org/SAVI/PopUps/AssetMoreInfo.aspx?AssetID=624758"}},{"type":"Feature","geometry":{"type":"Point","coordinates":[-86.07032729,39.50985056]},"properties":{"name":"Johnson County Helpline","assetType":"Other Information and Referral Services","dataYear":"2007","assetId":"626220","subcategory":"Information Resources","detail":"https://classic.savi.org/SAVI/PopUps/AssetMoreInfo.aspx?AssetID=626220"}},{"type":"Feature","geometry":{"type":"Point","coordinates":[-86.52448298,39.76029016]},"properties":{"name":"United Way of Central Indiana Hendricks County","assetType":"Other Information and Referral Services","dataYear":"2007","assetId":"626523","subcategory":"Information Resources","detail":"https://classic.savi.org/SAVI/PopUps/AssetMoreInfo.aspx?AssetID=626523"}},{"type":"Feature","geometry":{"type":"Point","coordinates":[-86.42719664,39.42775525]},"properties":{"name":"United Way of Central Indiana Morgan County","assetType":"Other Information and Referral Services","dataYear":"2007","assetId":"626524","subcategory":"Information Resources","detail":"https://classic.savi.org/SAVI/PopUps/AssetMoreInfo.aspx?AssetID=626524"}},{"type":"Feature","geometry":{"type":"Point","coordinates":[-86.22628008,39.92547516]},"properties":{"name":"Domestic Violence Network of Greater Indianapolis","assetType":"Other Public Awareness Programs","dataYear":"2011","assetId":"694891","subcategory":"Information Resources","detail":"https://classic.savi.org/SAVI/PopUps/AssetMoreInfo.aspx?AssetID=694891"}},{"type":"Feature","geometry":{"type":"Point","coordinates":[-86.081111,39.622151]},"properties":{"name":"Don t Dig Blind IUPPS","assetType":"Other Public Awareness Programs","dataYear":"2011","assetId":"695090","subcategory":"Information Resources","detail":"https://classic.savi.org/SAVI/PopUps/AssetMoreInfo.aspx?AssetID=695090"}},{"type":"Feature","geometry":{"type":"Point","coordinates":[-86.11885968,39.83985233]},"properties":{"name":"Dyslexia Inst of IN - Resource Center Information and Referral","assetType":"Other Public Awareness Programs","dataYear":"2011","assetId":"692536","subcategory":"Information Resources","detail":"https://classic.savi.org/SAVI/PopUps/AssetMoreInfo.aspx?AssetID=692536"}},{"type":"Feature","geometry":{"type":"Point","coordinates":[-86.15707682,39.76813325]},"properties":{"name":"Indiana Coalition Against Sexual Assault - Information Education","assetType":"Other Public Awareness Programs","dataYear":"2011","assetId":"692484","subcategory":"Information Resources","detail":"https://classic.savi.org/SAVI/PopUps/AssetMoreInfo.aspx?AssetID=692484"}},{"type":"Feature","geometry":{"type":"Point","coordinates":[-86.156707,39.825894]},"properties":{"name":"Prevent Child Abuse Indiana The Villages","assetType":"Other Public Awareness Programs","dataYear":"2011","assetId":"695393","subcategory":"Information Resources","detail":"https://classic.savi.org/SAVI/PopUps/AssetMoreInfo.aspx?AssetID=695393"}},{"type":"Feature","geometry":{"type":"Point","coordinates":[-86.157416,39.78874675]},"properties":{"name":"Time and Temperature Information Line WFYI Indianapolis","assetType":"Other Public Awareness Programs","dataYear":"2011","assetId":"695384","subcategory":"Information Resources","detail":"https://classic.savi.org/SAVI/PopUps/AssetMoreInfo.aspx?AssetID=695384"}},{"type":"Feature","geometry":{"type":"Point","coordinates":[-86.16419199,39.76967359]},"properties":{"name":"INDIANA TALKING BOOK AND BRAILLE LIBRARY","assetType":"Resources for the Disabled I&amp;R","dataYear":"2018","assetId":"918338","subcategory":"Information Resources","detail":"https://classic.savi.org/SAVI/PopUps/AssetMoreInfo.aspx?AssetID=918338"}},{"type":"Feature","geometry":{"type":"Point","coordinates":[-86.15742647,39.78876501]},"properties":{"name":"WFYI INDIANAPOLIS","assetType":"Resources for the Disabled I&amp;R","dataYear":"2018","assetId":"920239","subcategory":"Information Resources","detail":"https://classic.savi.org/SAVI/PopUps/AssetMoreInfo.aspx?AssetID=920239"}},{"type":"Feature","geometry":{"type":"Point","coordinates":[-86.08876136,39.72189491]},"properties":{"name":"Beech Grove Senior Center - Information and Referral","assetType":"Seniors I&amp;R","dataYear":"2007","assetId":"623785","subcategory":"Information Resources","detail":"https://classic.savi.org/SAVI/PopUps/AssetMoreInfo.aspx?AssetID=623785"}},{"type":"Feature","geometry":{"type":"Point","coordinates":[-86.418779,39.427543]},"properties":{"name":"Coordinated Aging Services - Information and Referral","assetType":"Seniors I&amp;R","dataYear":"2007","assetId":"623837","subcategory":"Information Resources","detail":"https://classic.savi.org/SAVI/PopUps/AssetMoreInfo.aspx?AssetID=623837"}},{"type":"Feature","geometry":{"type":"Point","coordinates":[-86.50192278,39.76763402]},"properties":{"name":"Hendricks County Senior Services - Information and Referral","assetType":"Seniors I&amp;R","dataYear":"2007","assetId":"624140","subcategory":"Information Resources","detail":"https://classic.savi.org/SAVI/PopUps/AssetMoreInfo.aspx?AssetID=624140"}},{"type":"Feature","geometry":{"type":"Point","coordinates":[-86.14469,39.773943]},"properties":{"name":"Indianapolis Senior Center - Information and Referral","assetType":"Seniors I&amp;R","dataYear":"2007","assetId":"624350","subcategory":"Information Resources","detail":"https://classic.savi.org/SAVI/PopUps/AssetMoreInfo.aspx?AssetID=624350"}},{"type":"Feature","geometry":{"type":"Point","coordinates":[-86.0437503,39.47242273]},"properties":{"name":"Johnson Co Senior Services - Information and Referral","assetType":"Seniors I&amp;R","dataYear":"2007","assetId":"623992","subcategory":"Information Resources","detail":"https://classic.savi.org/SAVI/PopUps/AssetMoreInfo.aspx?AssetID=623992"}},{"type":"Feature","geometry":{"type":"Point","coordinates":[-86.26281788,39.37113946]},"properties":{"name":"Morgantown Area Senior Center - Information and Referral","assetType":"Seniors I&amp;R","dataYear":"2007","assetId":"624831","subcategory":"Information Resources","detail":"https://classic.savi.org/SAVI/PopUps/AssetMoreInfo.aspx?AssetID=624831"}},{"type":"Feature","geometry":{"type":"Point","coordinates":[-86.1210413,39.6660675]},"properties":{"name":"Perry Senior Citizens Services - Information and Referral","assetType":"Seniors I&amp;R","dataYear":"2007","assetId":"623888","subcategory":"Information Resources","detail":"https://classic.savi.org/SAVI/PopUps/AssetMoreInfo.aspx?AssetID=623888"}},{"type":"Feature","geometry":{"type":"Point","coordinates":[-86.40462113,39.42500303]},"properties":{"name":"Senior Support Program MCCAS","assetType":"Seniors I&amp;R","dataYear":"2007","assetId":"625907","subcategory":"Information Resources","detail":"https://classic.savi.org/SAVI/PopUps/AssetMoreInfo.aspx?AssetID=625907"}},{"type":"Feature","geometry":{"type":"Point","coordinates":[-85.77974612,39.52454941]},"properties":{"name":"Shelby Senior Services - Information and Referral","assetType":"Seniors I&amp;R","dataYear":"2007","assetId":"624125","subcategory":"Information Resources","detail":"https://classic.savi.org/SAVI/PopUps/AssetMoreInfo.aspx?AssetID=624125"}},{"type":"Feature","geometry":{"type":"Point","coordinates":[-86.09108388,39.72179211]},"properties":{"name":"BEECH GROVE CITY OF","assetType":"City Information Lines","dataYear":"2018","assetId":"921831","subcategory":"Information Resources","detail":"https://classic.savi.org/SAVI/PopUps/AssetMoreInfo.aspx?AssetID=921831"}},{"type":"Feature","geometry":{"type":"Point","coordinates":[-86.36996536,39.53884492]},"properties":{"name":"BROOKLYN TOWN OF","assetType":"City Information Lines","dataYear":"2018","assetId":"921243","subcategory":"Information Resources","detail":"https://classic.savi.org/SAVI/PopUps/AssetMoreInfo.aspx?AssetID=921243"}},{"type":"Feature","geometry":{"type":"Point","coordinates":[-86.12616742,39.97865661]},"properties":{"name":"CARMEL UTILITIES","assetType":"City Information Lines","dataYear":"2018","assetId":"921338","subcategory":"Information Resources","detail":"https://classic.savi.org/SAVI/PopUps/AssetMoreInfo.aspx?AssetID=921338"}},{"type":"Feature","geometry":{"type":"Point","coordinates":[-86.00919174,40.13220434]},"properties":{"name":"CICERO TOWN OF","assetType":"City Information Lines","dataYear":"2018","assetId":"917314","subcategory":"Information Resources","detail":"https://classic.savi.org/SAVI/PopUps/AssetMoreInfo.aspx?AssetID=917314"}},{"type":"Feature","geometry":{"type":"Point","coordinates":[-86.67002668,39.68817283]},"properties":{"name":"COATESVILLE TOWN OF","assetType":"City Information Lines","dataYear":"2018","assetId":"921201","subcategory":"Information Resources","detail":"https://classic.savi.org/SAVI/PopUps/AssetMoreInfo.aspx?AssetID=921201"}},{"type":"Feature","geometry":{"type":"Point","coordinates":[-85.95840273,39.36330212]},"properties":{"name":"EDINBURGH STREET DEPARTMENT","assetType":"City Information Lines","dataYear":"2018","assetId":"921415","subcategory":"Information Resources","detail":"https://classic.savi.org/SAVI/PopUps/AssetMoreInfo.aspx?AssetID=921415"}},{"type":"Feature","geometry":{"type":"Point","coordinates":[-85.84069202,39.93483654]},"properties":{"name":"FORTVILLE TOWN OF","assetType":"City Information Lines","dataYear":"2018","assetId":"921600","subcategory":"Information Resources","detail":"https://classic.savi.org/SAVI/PopUps/AssetMoreInfo.aspx?AssetID=921600"}},{"type":"Feature","geometry":{"type":"Point","coordinates":[-86.07259776,39.51497584]},"properties":{"name":"FRANKLIN STREET DEPARTMENT","assetType":"City Information Lines","dataYear":"2018","assetId":"921480","subcategory":"Information Resources","detail":"https://classic.savi.org/SAVI/PopUps/AssetMoreInfo.aspx?AssetID=921480"}},{"type":"Feature","geometry":{"type":"Point","coordinates":[-86.86054791,39.64402395]},"properties":{"name":"GREENCASTLE CITY OF","assetType":"City Information Lines","dataYear":"2018","assetId":"919900","subcategory":"Information Resources","detail":"https://classic.savi.org/SAVI/PopUps/AssetMoreInfo.aspx?AssetID=919900"}},{"type":"Feature","geometry":{"type":"Point","coordinates":[-86.15352622,39.76798043]},"properties":{"name":"INDIANAPOLIS DEPARTMENT OF PUBLIC WORKS DPW","assetType":"City Information Lines","dataYear":"2018","assetId":"922011","subcategory":"Information Resources","detail":"https://classic.savi.org/SAVI/PopUps/AssetMoreInfo.aspx?AssetID=922011"}},{"type":"Feature","geometry":{"type":"Point","coordinates":[-86.62417924,39.9244837]},"properties":{"name":"JAMESTOWN TOWN OF","assetType":"City Information Lines","dataYear":"2018","assetId":"922092","subcategory":"Information Resources","detail":"https://classic.savi.org/SAVI/PopUps/AssetMoreInfo.aspx?AssetID=922092"}},{"type":"Feature","geometry":{"type":"Point","coordinates":[-86.00995785,39.8622057]},"properties":{"name":"LAWRENCE CITY OF","assetType":"City Information Lines","dataYear":"2018","assetId":"921588","subcategory":"Information Resources","detail":"https://classic.savi.org/SAVI/PopUps/AssetMoreInfo.aspx?AssetID=921588"}},{"type":"Feature","geometry":{"type":"Point","coordinates":[-86.48372897,40.05836281]},"properties":{"name":"LEBANON STREET DEPARTMENT","assetType":"City Information Lines","dataYear":"2018","assetId":"921214","subcategory":"Information Resources","detail":"https://classic.savi.org/SAVI/PopUps/AssetMoreInfo.aspx?AssetID=921214"}},{"type":"Feature","geometry":{"type":"Point","coordinates":[-86.42545363,39.44015244]},"properties":{"name":"MARTINSVILLE STREET DEPARTMENT","assetType":"City Information Lines","dataYear":"2018","assetId":"921245","subcategory":"Information Resources","detail":"https://classic.savi.org/SAVI/PopUps/AssetMoreInfo.aspx?AssetID=921245"}},{"type":"Feature","geometry":{"type":"Point","coordinates":[-85.92429517,39.89957698]},"properties":{"name":"MCCORDSVILLE TOWN OF","assetType":"City Information Lines","dataYear":"2018","assetId":"921488","subcategory":"Information Resources","detail":"https://classic.savi.org/SAVI/PopUps/AssetMoreInfo.aspx?AssetID=921488"}},{"type":"Feature","geometry":{"type":"Point","coordinates":[-85.70497402,39.67551059]},"properties":{"name":"MORRISTOWN TOWN OF","assetType":"City Information Lines","dataYear":"2018","assetId":"917184","subcategory":"Information Resources","detail":"https://classic.savi.org/SAVI/PopUps/AssetMoreInfo.aspx?AssetID=917184"}},{"type":"Feature","geometry":{"type":"Point","coordinates":[-86.08995862,39.56472699]},"properties":{"name":"NEW WHITELAND TOWN OF","assetType":"City Information Lines","dataYear":"2018","assetId":"921172","subcategory":"Information Resources","detail":"https://classic.savi.org/SAVI/PopUps/AssetMoreInfo.aspx?AssetID=921172"}},{"type":"Feature","geometry":{"type":"Point","coordinates":[-86.00507074,40.03830983]},"properties":{"name":"NOBLESVILLE STREET DEPARTMENT","assetType":"City Information Lines","dataYear":"2018","assetId":"921257","subcategory":"Information Resources","detail":"https://classic.savi.org/SAVI/PopUps/AssetMoreInfo.aspx?AssetID=921257"}},{"type":"Feature","geometry":{"type":"Point","coordinates":[-86.46817533,39.86473331]},"properties":{"name":"PITTSBORO TOWN OF","assetType":"City Information Lines","dataYear":"2018","assetId":"922086","subcategory":"Information Resources","detail":"https://classic.savi.org/SAVI/PopUps/AssetMoreInfo.aspx?AssetID=922086"}},{"type":"Feature","geometry":{"type":"Point","coordinates":[-86.40334584,39.70296105]},"properties":{"name":"PLAINFIELD TOWN OF","assetType":"City Information Lines","dataYear":"2018","assetId":"921182","subcategory":"Information Resources","detail":"https://classic.savi.org/SAVI/PopUps/AssetMoreInfo.aspx?AssetID=921182"}},{"type":"Feature","geometry":{"type":"Point","coordinates":[-86.10999506,39.61261738]},"properties":{"name":"SGREENWOOD SANITATION DEPARTMENT","assetType":"City Information Lines","dataYear":"2018","assetId":"921399","subcategory":"Information Resources","detail":"https://classic.savi.org/SAVI/PopUps/AssetMoreInfo.aspx?AssetID=921399"}},{"type":"Feature","geometry":{"type":"Point","coordinates":[-85.794685,39.51948253]},"properties":{"name":"SHELBYVILLE STREET DEPARTMENT","assetType":"City Information Lines","dataYear":"2018","assetId":"921392","subcategory":"Information Resources","detail":"https://classic.savi.org/SAVI/PopUps/AssetMoreInfo.aspx?AssetID=921392"}},{"type":"Feature","geometry":{"type":"Point","coordinates":[-86.250841,39.78492771]},"properties":{"name":"SPEEDWAY STREET DEPARTMENT","assetType":"City Information Lines","dataYear":"2018","assetId":"921889","subcategory":"Information Resources","detail":"https://classic.savi.org/SAVI/PopUps/AssetMoreInfo.aspx?AssetID=921889"}},{"type":"Feature","geometry":{"type":"Point","coordinates":[-86.25085354,39.78561722]},"properties":{"name":"SPEEDWAY TOWN OF","assetType":"City Information Lines","dataYear":"2018","assetId":"921890","subcategory":"Information Resources","detail":"https://classic.savi.org/SAVI/PopUps/AssetMoreInfo.aspx?AssetID=921890"}},{"type":"Feature","geometry":{"type":"Point","coordinates":[-86.11211075,40.03726608]},"properties":{"name":"WESTFIELD CITY OF","assetType":"City Information Lines","dataYear":"2018","assetId":"921042","subcategory":"Information Resources","detail":"https://classic.savi.org/SAVI/PopUps/AssetMoreInfo.aspx?AssetID=921042"}},{"type":"Feature","geometry":{"type":"Point","coordinates":[-86.0791905,39.54978337]},"properties":{"name":"WHITELAND TOWN OF","assetType":"City Information Lines","dataYear":"2018","assetId":"920784","subcategory":"Information Resources","detail":"https://classic.savi.org/SAVI/PopUps/AssetMoreInfo.aspx?AssetID=920784"}},{"type":"Feature","geometry":{"type":"Point","coordinates":[-86.27492318,39.95141992]},"properties":{"name":"ZIONSVILLE TOWN OF","assetType":"City Information Lines","dataYear":"2018","assetId":"921310","subcategory":"Information Resources","detail":"https://classic.savi.org/SAVI/PopUps/AssetMoreInfo.aspx?AssetID=921310"}},{"type":"Feature","geometry":{"type":"Point","coordinates":[-86.21364236,39.7920147]},"properties":{"name":"Boone County Clerk - Clerk Services","assetType":"County Information Lines","dataYear":"2011","assetId":"693240","subcategory":"Information Resources","detail":"https://classic.savi.org/SAVI/PopUps/AssetMoreInfo.aspx?AssetID=693240"}},{"type":"Feature","geometry":{"type":"Point","coordinates":[-85.76889925,39.78476919]},"properties":{"name":"Hancock County Clerk of Circuit Court - Clerk Services","assetType":"County Information Lines","dataYear":"2011","assetId":"693259","subcategory":"Information Resources","detail":"https://classic.savi.org/SAVI/PopUps/AssetMoreInfo.aspx?AssetID=693259"}},{"type":"Feature","geometry":{"type":"Point","coordinates":[-86.52476183,39.76086713]},"properties":{"name":"Hendricks County Clerk - Clerk Services","assetType":"County Information Lines","dataYear":"2011","assetId":"695854","subcategory":"Information Resources","detail":"https://classic.savi.org/SAVI/PopUps/AssetMoreInfo.aspx?AssetID=695854"}},{"type":"Feature","geometry":{"type":"Point","coordinates":[-86.15886888,39.76857533]},"properties":{"name":"Indygov biz","assetType":"County Information Lines","dataYear":"2011","assetId":"694635","subcategory":"Information Resources","detail":"https://classic.savi.org/SAVI/PopUps/AssetMoreInfo.aspx?AssetID=694635"}},{"type":"Feature","geometry":{"type":"Point","coordinates":[-86.05517573,39.48012782]},"properties":{"name":"Johnson County Clerk - Clerk Services","assetType":"County Information Lines","dataYear":"2011","assetId":"693262","subcategory":"Information Resources","detail":"https://classic.savi.org/SAVI/PopUps/AssetMoreInfo.aspx?AssetID=693262"}},{"type":"Feature","geometry":{"type":"Point","coordinates":[-86.153545,39.76710056]},"properties":{"name":"Mayor s Action Center - Trash Pick-Up Information","assetType":"County Information Lines","dataYear":"2011","assetId":"696289","subcategory":"Information Resources","detail":"https://classic.savi.org/SAVI/PopUps/AssetMoreInfo.aspx?AssetID=696289"}},{"type":"Feature","geometry":{"type":"Point","coordinates":[-85.77714973,39.52149007]},"properties":{"name":"Shelby County Clerk of Circuit Court - Clerk Services","assetType":"County Information Lines","dataYear":"2011","assetId":"693277","subcategory":"Information Resources","detail":"https://classic.savi.org/SAVI/PopUps/AssetMoreInfo.aspx?AssetID=693277"}},{"type":"Feature","geometry":{"type":"Point","coordinates":[-86.16114651,39.7667531]},"properties":{"name":"INDIANA OFFICE OF UTILITY CONSUMER COUNSELOR OUCC","assetType":"Energy Information Lines","dataYear":"2018","assetId":"922195","subcategory":"Information Resources","detail":"https://classic.savi.org/SAVI/PopUps/AssetMoreInfo.aspx?AssetID=922195"}},{"type":"Feature","geometry":{"type":"Point","coordinates":[-86.46785508,40.04856147]},"properties":{"name":"BOONE COUNTY HEALTH DEPARTMENT","assetType":"Environmental Information Lines","dataYear":"2018","assetId":"919893","subcategory":"Information Resources","detail":"https://classic.savi.org/SAVI/PopUps/AssetMoreInfo.aspx?AssetID=919893"}},{"type":"Feature","geometry":{"type":"Point","coordinates":[-86.24555014,39.20879249]},"properties":{"name":"BROWN COUNTY HEALTH DEPARTMENT","assetType":"Environmental Information Lines","dataYear":"2018","assetId":"916984","subcategory":"Information Resources","detail":"https://classic.savi.org/SAVI/PopUps/AssetMoreInfo.aspx?AssetID=916984"}},{"type":"Feature","geometry":{"type":"Point","coordinates":[-85.9911682,40.04950113]},"properties":{"name":"HAMILTON COUNTY HEALTH DEPARTMENT","assetType":"Environmental Information Lines","dataYear":"2018","assetId":"918703","subcategory":"Information Resources","detail":"https://classic.savi.org/SAVI/PopUps/AssetMoreInfo.aspx?AssetID=918703"}},{"type":"Feature","geometry":{"type":"Point","coordinates":[-85.76807668,39.78409316]},"properties":{"name":"HANCOCK COUNTY HEALTH DEPARTMENT","assetType":"Environmental Information Lines","dataYear":"2018","assetId":"918526","subcategory":"Information Resources","detail":"https://classic.savi.org/SAVI/PopUps/AssetMoreInfo.aspx?AssetID=918526"}},{"type":"Feature","geometry":{"type":"Point","coordinates":[-86.52322041,39.75700956]},"properties":{"name":"HENDRICKS COUNTY HEALTH DEPARTMENT","assetType":"Environmental Information Lines","dataYear":"2018","assetId":"918305","subcategory":"Information Resources","detail":"https://classic.savi.org/SAVI/PopUps/AssetMoreInfo.aspx?AssetID=918305"}},{"type":"Feature","geometry":{"type":"Point","coordinates":[-86.15831983,39.76738603]},"properties":{"name":"INDIANA STATE DEPARTMENT OF HEALTH","assetType":"Environmental Information Lines","dataYear":"2018","assetId":"918159","subcategory":"Information Resources","detail":"https://classic.savi.org/SAVI/PopUps/AssetMoreInfo.aspx?AssetID=918159"}},{"type":"Feature","geometry":{"type":"Point","coordinates":[-86.0454317,39.80390651]},"properties":{"name":"INDIANA STATE DEPARTMENT OF HEALTH SHADELAND AVENUE OFFICES","assetType":"Environmental Information Lines","dataYear":"2018","assetId":"918079","subcategory":"Information Resources","detail":"https://classic.savi.org/SAVI/PopUps/AssetMoreInfo.aspx?AssetID=918079"}},{"type":"Feature","geometry":{"type":"Point","coordinates":[-86.05599054,39.48012402]},"properties":{"name":"JOHNSON COUNTY HEALTH DEPARTMENT","assetType":"Environmental Information Lines","dataYear":"2018","assetId":"917263","subcategory":"Information Resources","detail":"https://classic.savi.org/SAVI/PopUps/AssetMoreInfo.aspx?AssetID=917263"}},{"type":"Feature","geometry":{"type":"Point","coordinates":[-85.67656845,40.10733476]},"properties":{"name":"MADISON COUNTY HEALTH DEPARTMENT","assetType":"Environmental Information Lines","dataYear":"2018","assetId":"920257","subcategory":"Information Resources","detail":"https://classic.savi.org/SAVI/PopUps/AssetMoreInfo.aspx?AssetID=920257"}},{"type":"Feature","geometry":{"type":"Point","coordinates":[-86.11484612,39.82653297]},"properties":{"name":"MARION COUNTY PUBLIC HEALTH DEPARTMENT - MEADOWS DRIVE","assetType":"Environmental Information Lines","dataYear":"2018","assetId":"921536","subcategory":"Information Resources","detail":"https://classic.savi.org/SAVI/PopUps/AssetMoreInfo.aspx?AssetID=921536"}},{"type":"Feature","geometry":{"type":"Point","coordinates":[-86.42895695,39.42523923]},"properties":{"name":"MORGAN COUNTY HEALTH DEPARTMENT","assetType":"Environmental Information Lines","dataYear":"2018","assetId":"919288","subcategory":"Information Resources","detail":"https://classic.savi.org/SAVI/PopUps/AssetMoreInfo.aspx?AssetID=919288"}},{"type":"Feature","geometry":{"type":"Point","coordinates":[-86.8460895,39.6221169]},"properties":{"name":"PUTNAM COUNTY HEALTH DEPARTMENT","assetType":"Environmental Information Lines","dataYear":"2018","assetId":"920757","subcategory":"Information Resources","detail":"https://classic.savi.org/SAVI/PopUps/AssetMoreInfo.aspx?AssetID=920757"}},{"type":"Feature","geometry":{"type":"Point","coordinates":[-86.1560592,39.76944522]},"properties":{"name":"INDIANAPOLIS BAR ASSOCIATION","assetType":"Legal Information Lines","dataYear":"2018","assetId":"918225","subcategory":"Information Resources","detail":"https://classic.savi.org/SAVI/PopUps/AssetMoreInfo.aspx?AssetID=918225"}},{"type":"Feature","geometry":{"type":"Point","coordinates":[-86.12139154,39.9095346]},"properties":{"name":"AFFILIATED SERVICE PROVIDERS OF INDIANA INC ASPIN","assetType":"Medical Information Lines","dataYear":"2018","assetId":"919045","subcategory":"Information Resources","detail":"https://classic.savi.org/SAVI/PopUps/AssetMoreInfo.aspx?AssetID=919045"}},{"type":"Feature","geometry":{"type":"Point","coordinates":[-85.69735471,40.13038941]},"properties":{"name":"COMMUNITY HEALTH NETWORK - ANDERSON","assetType":"Medical Information Lines","dataYear":"2018","assetId":"919034","subcategory":"Information Resources","detail":"https://classic.savi.org/SAVI/PopUps/AssetMoreInfo.aspx?AssetID=919034"}},{"type":"Feature","geometry":{"type":"Point","coordinates":[-86.11426868,39.82522542]},"properties":{"name":"COVERING KIDS AND FAMILIES OF HEALTH AND HOSPITAL CORPORATION","assetType":"Medical Information Lines","dataYear":"2018","assetId":"918869","subcategory":"Information Resources","detail":"https://classic.savi.org/SAVI/PopUps/AssetMoreInfo.aspx?AssetID=918869"}},{"type":"Feature","geometry":{"type":"Point","coordinates":[-86.18300487,39.77744769]},"properties":{"name":"ESKENAZI HEALTH","assetType":"Medical Information Lines","dataYear":"2018","assetId":"922682","subcategory":"Information Resources","detail":"https://classic.savi.org/SAVI/PopUps/AssetMoreInfo.aspx?AssetID=922682"}},{"type":"Feature","geometry":{"type":"Point","coordinates":[-86.18300487,39.77744769]},"properties":{"name":"ESKENAZI HEALTH","assetType":"Medical Information Lines","dataYear":"2018","assetId":"922689","subcategory":"Information Resources","detail":"https://classic.savi.org/SAVI/PopUps/AssetMoreInfo.aspx?AssetID=922689"}},{"type":"Feature","geometry":{"type":"Point","coordinates":[-86.13994636,39.74821923]},"properties":{"name":"ESKENAZI HEALTH - COTTAGE CORNER CENTER","assetType":"Medical Information Lines","dataYear":"2018","assetId":"922668","subcategory":"Information Resources","detail":"https://classic.savi.org/SAVI/PopUps/AssetMoreInfo.aspx?AssetID=922668"}},{"type":"Feature","geometry":{"type":"Point","coordinates":[-86.10288497,39.82659175]},"properties":{"name":"ESKENAZI HEALTH - FOREST MANOR CENTER","assetType":"Medical Information Lines","dataYear":"2018","assetId":"922648","subcategory":"Information Resources","detail":"https://classic.savi.org/SAVI/PopUps/AssetMoreInfo.aspx?AssetID=922648"}},{"type":"Feature","geometry":{"type":"Point","coordinates":[-86.00161822,39.82527041]},"properties":{"name":"ESKENAZI HEALTH - GRASSY CREEK CENTER","assetType":"Medical Information Lines","dataYear":"2018","assetId":"922635","subcategory":"Information Resources","detail":"https://classic.savi.org/SAVI/PopUps/AssetMoreInfo.aspx?AssetID=922635"}},{"type":"Feature","geometry":{"type":"Point","coordinates":[-86.20567397,39.77475795]},"properties":{"name":"ESKENAZI HEALTH - WESTSIDE CENTER","assetType":"Medical Information Lines","dataYear":"2018","assetId":"922651","subcategory":"Information Resources","detail":"https://classic.savi.org/SAVI/PopUps/AssetMoreInfo.aspx?AssetID=922651"}},{"type":"Feature","geometry":{"type":"Point","coordinates":[-86.06376587,39.80381288]},"properties":{"name":"EZKENAZI HEALTH - NORTH ARLINGTON CENTER","assetType":"Medical Information Lines","dataYear":"2018","assetId":"922660","subcategory":"Information Resources","detail":"https://classic.savi.org/SAVI/PopUps/AssetMoreInfo.aspx?AssetID=922660"}},{"type":"Feature","geometry":{"type":"Point","coordinates":[-86.16288674,39.78793702]},"properties":{"name":"INDIANA POISON CENTER","assetType":"Medical Information Lines","dataYear":"2018","assetId":"922009","subcategory":"Information Resources","detail":"https://classic.savi.org/SAVI/PopUps/AssetMoreInfo.aspx?AssetID=922009"}},{"type":"Feature","geometry":{"type":"Point","coordinates":[-86.15831983,39.76738603]},"properties":{"name":"INDIANA STATE DEPARTMENT OF HEALTH","assetType":"Medical Information Lines","dataYear":"2018","assetId":"918081","subcategory":"Information Resources","detail":"https://classic.savi.org/SAVI/PopUps/AssetMoreInfo.aspx?AssetID=918081"}},{"type":"Feature","geometry":{"type":"Point","coordinates":[-86.15831983,39.76738603]},"properties":{"name":"INDIANA STATE DEPARTMENT OF HEALTH","assetType":"Medical Information Lines","dataYear":"2018","assetId":"918158","subcategory":"Information Resources","detail":"https://classic.savi.org/SAVI/PopUps/AssetMoreInfo.aspx?AssetID=918158"}},{"type":"Feature","geometry":{"type":"Point","coordinates":[-86.01085332,39.81025859]},"properties":{"name":"JANE PAULEY COMMUNITY HEALTH CENTER AT POST ROAD","assetType":"Medical Information Lines","dataYear":"2018","assetId":"917575","subcategory":"Information Resources","detail":"https://classic.savi.org/SAVI/PopUps/AssetMoreInfo.aspx?AssetID=917575"}},{"type":"Feature","geometry":{"type":"Point","coordinates":[-85.67422701,40.26283695]},"properties":{"name":"MADISON COUNTY COMMUNITY HEALTH CENTER -ALEXANDRIA","assetType":"Medical Information Lines","dataYear":"2018","assetId":"920124","subcategory":"Information Resources","detail":"https://classic.savi.org/SAVI/PopUps/AssetMoreInfo.aspx?AssetID=920124"}},{"type":"Feature","geometry":{"type":"Point","coordinates":[-85.66976183,40.09988334]},"properties":{"name":"MADISON COUNTY COMMUNITY HEALTH CENTER -ANDERSON","assetType":"Medical Information Lines","dataYear":"2018","assetId":"920316","subcategory":"Information Resources","detail":"https://classic.savi.org/SAVI/PopUps/AssetMoreInfo.aspx?AssetID=920316"}},{"type":"Feature","geometry":{"type":"Point","coordinates":[-85.84092422,40.27717189]},"properties":{"name":"MADISON COUNTY COMMUNITY HEALTH CENTER -ELWOOD","assetType":"Medical Information Lines","dataYear":"2018","assetId":"920310","subcategory":"Information Resources","detail":"https://classic.savi.org/SAVI/PopUps/AssetMoreInfo.aspx?AssetID=920310"}},{"type":"Feature","geometry":{"type":"Point","coordinates":[-85.68060291,40.09497992]},"properties":{"name":"OPEN DOOR HEALTH SERVICES - ANDERSON","assetType":"Medical Information Lines","dataYear":"2018","assetId":"919992","subcategory":"Information Resources","detail":"https://classic.savi.org/SAVI/PopUps/AssetMoreInfo.aspx?AssetID=919992"}},{"type":"Feature","geometry":{"type":"Point","coordinates":[-86.19595557,39.9119526]},"properties":{"name":"PEYTON MANNING CHILDREN S HOSPITAL AT SAINT VINCENT","assetType":"Medical Information Lines","dataYear":"2018","assetId":"921815","subcategory":"Information Resources","detail":"https://classic.savi.org/SAVI/PopUps/AssetMoreInfo.aspx?AssetID=921815"}},{"type":"Feature","geometry":{"type":"Point","coordinates":[-85.84373174,40.27550743]},"properties":{"name":"RURAL AND URBAN ACCESS TO HEALTH AT SAINT VINCENT MERCY","assetType":"Medical Information Lines","dataYear":"2018","assetId":"919376","subcategory":"Information Resources","detail":"https://classic.savi.org/SAVI/PopUps/AssetMoreInfo.aspx?AssetID=919376"}},{"type":"Feature","geometry":{"type":"Point","coordinates":[-85.68060525,40.0962344]},"properties":{"name":"RURAL AND URBAN ACCESS TO HEALTH SAINT VINCENT ANDERSON REGIONAL","assetType":"Medical Information Lines","dataYear":"2018","assetId":"919124","subcategory":"Information Resources","detail":"https://classic.savi.org/SAVI/PopUps/AssetMoreInfo.aspx?AssetID=919124"}},{"type":"Feature","geometry":{"type":"Point","coordinates":[-86.20290164,39.90358659]},"properties":{"name":"SAINT VINCENT WOMEN S HOSPITAL","assetType":"Medical Information Lines","dataYear":"2018","assetId":"921814","subcategory":"Information Resources","detail":"https://classic.savi.org/SAVI/PopUps/AssetMoreInfo.aspx?AssetID=921814"}},{"type":"Feature","geometry":{"type":"Point","coordinates":[-86.22962397,39.81755795]},"properties":{"name":"SHALOM HEALTH CARE CENTER","assetType":"Medical Information Lines","dataYear":"2018","assetId":"922045","subcategory":"Information Resources","detail":"https://classic.savi.org/SAVI/PopUps/AssetMoreInfo.aspx?AssetID=922045"}},{"type":"Feature","geometry":{"type":"Point","coordinates":[-86.1373112,39.63643924]},"properties":{"name":"WINDROSE HEALTH NETWORK - COUNTYLINE CENTER","assetType":"Medical Information Lines","dataYear":"2018","assetId":"920422","subcategory":"Information Resources","detail":"https://classic.savi.org/SAVI/PopUps/AssetMoreInfo.aspx?AssetID=920422"}},{"type":"Feature","geometry":{"type":"Point","coordinates":[-86.15106322,39.68478844]},"properties":{"name":"WINDROSE HEALTH NETWORK - EPLER PARKE CENTER","assetType":"Medical Information Lines","dataYear":"2018","assetId":"920652","subcategory":"Information Resources","detail":"https://classic.savi.org/SAVI/PopUps/AssetMoreInfo.aspx?AssetID=920652"}},{"type":"Feature","geometry":{"type":"Point","coordinates":[-86.02743416,39.48126643]},"properties":{"name":"WINDROSE HEALTH NETWORK - FRANKLIN CENTER","assetType":"Medical Information Lines","dataYear":"2018","assetId":"920542","subcategory":"Information Resources","detail":"https://classic.savi.org/SAVI/PopUps/AssetMoreInfo.aspx?AssetID=920542"}},{"type":"Feature","geometry":{"type":"Point","coordinates":[-86.16011052,39.4109815]},"properties":{"name":"WINDROSE HEALTH NETWORK - TRAFALGAR CENTER","assetType":"Medical Information Lines","dataYear":"2018","assetId":"920545","subcategory":"Information Resources","detail":"https://classic.savi.org/SAVI/PopUps/AssetMoreInfo.aspx?AssetID=920545"}},{"type":"Feature","geometry":{"type":"Point","coordinates":[-85.67758692,40.10836559]},"properties":{"name":"ANDERSON CITY OF","assetType":"Other Government Information Lines","dataYear":"2018","assetId":"920413","subcategory":"Information Resources","detail":"https://classic.savi.org/SAVI/PopUps/AssetMoreInfo.aspx?AssetID=920413"}},{"type":"Feature","geometry":{"type":"Point","coordinates":[-86.39738757,39.84424019]},"properties":{"name":"BROWNSBURG TOWN OF","assetType":"Other Government Information Lines","dataYear":"2018","assetId":"921208","subcategory":"Information Resources","detail":"https://classic.savi.org/SAVI/PopUps/AssetMoreInfo.aspx?AssetID=921208"}},{"type":"Feature","geometry":{"type":"Point","coordinates":[-86.12883968,39.96467929]},"properties":{"name":"CARMEL CITY OF","assetType":"Other Government Information Lines","dataYear":"2018","assetId":"921339","subcategory":"Information Resources","detail":"https://classic.savi.org/SAVI/PopUps/AssetMoreInfo.aspx?AssetID=921339"}},{"type":"Feature","geometry":{"type":"Point","coordinates":[-86.67002668,39.68817283]},"properties":{"name":"COATESVILLE TOWN OF","assetType":"Other Government Information Lines","dataYear":"2018","assetId":"921202","subcategory":"Information Resources","detail":"https://classic.savi.org/SAVI/PopUps/AssetMoreInfo.aspx?AssetID=921202"}},{"type":"Feature","geometry":{"type":"Point","coordinates":[-85.96121373,39.77576102]},"properties":{"name":"CUMBERLAND TOWN OF","assetType":"Other Government Information Lines","dataYear":"2018","assetId":"921252","subcategory":"Information Resources","detail":"https://classic.savi.org/SAVI/PopUps/AssetMoreInfo.aspx?AssetID=921252"}},{"type":"Feature","geometry":{"type":"Point","coordinates":[-86.52016202,39.76152325]},"properties":{"name":"DANVILLE TOWN OF","assetType":"Other Government Information Lines","dataYear":"2018","assetId":"921138","subcategory":"Information Resources","detail":"https://classic.savi.org/SAVI/PopUps/AssetMoreInfo.aspx?AssetID=921138"}},{"type":"Feature","geometry":{"type":"Point","coordinates":[-85.96516639,39.35390549]},"properties":{"name":"EDINBURGH TOWN OF","assetType":"Other Government Information Lines","dataYear":"2018","assetId":"921420","subcategory":"Information Resources","detail":"https://classic.savi.org/SAVI/PopUps/AssetMoreInfo.aspx?AssetID=921420"}},{"type":"Feature","geometry":{"type":"Point","coordinates":[-86.01709245,39.95871809]},"properties":{"name":"FISHERS CITY OF","assetType":"Other Government Information Lines","dataYear":"2018","assetId":"921330","subcategory":"Information Resources","detail":"https://classic.savi.org/SAVI/PopUps/AssetMoreInfo.aspx?AssetID=921330"}},{"type":"Feature","geometry":{"type":"Point","coordinates":[-85.84069202,39.93483654]},"properties":{"name":"FORTVILLE TOWN OF","assetType":"Other Government Information Lines","dataYear":"2018","assetId":"921602","subcategory":"Information Resources","detail":"https://classic.savi.org/SAVI/PopUps/AssetMoreInfo.aspx?AssetID=921602"}},{"type":"Feature","geometry":{"type":"Point","coordinates":[-86.05423494,39.47973587]},"properties":{"name":"FRANKLIN CITY OF","assetType":"Other Government Information Lines","dataYear":"2018","assetId":"921413","subcategory":"Information Resources","detail":"https://classic.savi.org/SAVI/PopUps/AssetMoreInfo.aspx?AssetID=921413"}},{"type":"Feature","geometry":{"type":"Point","coordinates":[-86.86054791,39.64402395]},"properties":{"name":"GREENCASTLE CITY OF","assetType":"Other Government Information Lines","dataYear":"2018","assetId":"919903","subcategory":"Information Resources","detail":"https://classic.savi.org/SAVI/PopUps/AssetMoreInfo.aspx?AssetID=919903"}},{"type":"Feature","geometry":{"type":"Point","coordinates":[-85.76957548,39.78500893]},"properties":{"name":"GREENFIELD CITY OF","assetType":"Other Government Information Lines","dataYear":"2018","assetId":"921427","subcategory":"Information Resources","detail":"https://classic.savi.org/SAVI/PopUps/AssetMoreInfo.aspx?AssetID=921427"}},{"type":"Feature","geometry":{"type":"Point","coordinates":[-86.10999506,39.61261738]},"properties":{"name":"GREENWOOD CITY OF","assetType":"Other Government Information Lines","dataYear":"2018","assetId":"921404","subcategory":"Information Resources","detail":"https://classic.savi.org/SAVI/PopUps/AssetMoreInfo.aspx?AssetID=921404"}},{"type":"Feature","geometry":{"type":"Point","coordinates":[-86.16177871,39.76728053]},"properties":{"name":"INDIANA OFFICE OF THE GOVERNOR","assetType":"Other Government Information Lines","dataYear":"2018","assetId":"917490","subcategory":"Information Resources","detail":"https://classic.savi.org/SAVI/PopUps/AssetMoreInfo.aspx?AssetID=917490"}},{"type":"Feature","geometry":{"type":"Point","coordinates":[-86.16543746,39.76736422]},"properties":{"name":"INDIANA STATE INFORMATION CENTER","assetType":"Other Government Information Lines","dataYear":"2018","assetId":"917185","subcategory":"Information Resources","detail":"https://classic.savi.org/SAVI/PopUps/AssetMoreInfo.aspx?AssetID=917185"}},{"type":"Feature","geometry":{"type":"Point","coordinates":[-86.62417924,39.9244837]},"properties":{"name":"JAMESTOWN TOWN OF","assetType":"Other Government Information Lines","dataYear":"2018","assetId":"922155","subcategory":"Information Resources","detail":"https://classic.savi.org/SAVI/PopUps/AssetMoreInfo.aspx?AssetID=922155"}},{"type":"Feature","geometry":{"type":"Point","coordinates":[-86.00995785,39.8622057]},"properties":{"name":"LAWRENCE CITY OF","assetType":"Other Government Information Lines","dataYear":"2018","assetId":"921592","subcategory":"Information Resources","detail":"https://classic.savi.org/SAVI/PopUps/AssetMoreInfo.aspx?AssetID=921592"}},{"type":"Feature","geometry":{"type":"Point","coordinates":[-86.46793673,40.04487327]},"properties":{"name":"LEBANON CITY OF","assetType":"Other Government Information Lines","dataYear":"2018","assetId":"921216","subcategory":"Information Resources","detail":"https://classic.savi.org/SAVI/PopUps/AssetMoreInfo.aspx?AssetID=921216"}},{"type":"Feature","geometry":{"type":"Point","coordinates":[-86.15352622,39.76798043]},"properties":{"name":"MARION COUNTY OFFICE OF THE COURT ADMINISTRATOR","assetType":"Other Government Information Lines","dataYear":"2018","assetId":"922097","subcategory":"Information Resources","detail":"https://classic.savi.org/SAVI/PopUps/AssetMoreInfo.aspx?AssetID=922097"}},{"type":"Feature","geometry":{"type":"Point","coordinates":[-86.42695606,39.42617428]},"properties":{"name":"MARTINSVILLE CITY OF","assetType":"Other Government Information Lines","dataYear":"2018","assetId":"921247","subcategory":"Information Resources","detail":"https://classic.savi.org/SAVI/PopUps/AssetMoreInfo.aspx?AssetID=921247"}},{"type":"Feature","geometry":{"type":"Point","coordinates":[-86.15352622,39.76798043]},"properties":{"name":"MAYOR S ACTION CENTER MAC","assetType":"Other Government Information Lines","dataYear":"2018","assetId":"919918","subcategory":"Information Resources","detail":"https://classic.savi.org/SAVI/PopUps/AssetMoreInfo.aspx?AssetID=919918"}},{"type":"Feature","geometry":{"type":"Point","coordinates":[-86.37439365,39.61187769]},"properties":{"name":"MOORESVILLE TOWN OF","assetType":"Other Government Information Lines","dataYear":"2018","assetId":"921474","subcategory":"Information Resources","detail":"https://classic.savi.org/SAVI/PopUps/AssetMoreInfo.aspx?AssetID=921474"}},{"type":"Feature","geometry":{"type":"Point","coordinates":[-86.24398415,39.20755845]},"properties":{"name":"NASHVILLE TOWN OF","assetType":"Other Government Information Lines","dataYear":"2018","assetId":"917079","subcategory":"Information Resources","detail":"https://classic.savi.org/SAVI/PopUps/AssetMoreInfo.aspx?AssetID=917079"}},{"type":"Feature","geometry":{"type":"Point","coordinates":[-86.08995862,39.56472699]},"properties":{"name":"NEW WHITELAND TOWN OF","assetType":"Other Government Information Lines","dataYear":"2018","assetId":"921171","subcategory":"Information Resources","detail":"https://classic.savi.org/SAVI/PopUps/AssetMoreInfo.aspx?AssetID=921171"}},{"type":"Feature","geometry":{"type":"Point","coordinates":[-86.01207846,40.04534795]},"properties":{"name":"NOBLESVILLE CITY OF","assetType":"Other Government Information Lines","dataYear":"2018","assetId":"921258","subcategory":"Information Resources","detail":"https://classic.savi.org/SAVI/PopUps/AssetMoreInfo.aspx?AssetID=921258"}},{"type":"Feature","geometry":{"type":"Point","coordinates":[-86.46817533,39.86473331]},"properties":{"name":"PITTSBORO TOWN OF","assetType":"Other Government Information Lines","dataYear":"2018","assetId":"922152","subcategory":"Information Resources","detail":"https://classic.savi.org/SAVI/PopUps/AssetMoreInfo.aspx?AssetID=922152"}},{"type":"Feature","geometry":{"type":"Point","coordinates":[-86.40334584,39.70296105]},"properties":{"name":"PLAINFIELD TOWN OF","assetType":"Other Government Information Lines","dataYear":"2018","assetId":"921179","subcategory":"Information Resources","detail":"https://classic.savi.org/SAVI/PopUps/AssetMoreInfo.aspx?AssetID=921179"}},{"type":"Feature","geometry":{"type":"Point","coordinates":[-86.10382654,39.35423199]},"properties":{"name":"PRINCE S LAKES TOWN OF","assetType":"Other Government Information Lines","dataYear":"2018","assetId":"921169","subcategory":"Information Resources","detail":"https://classic.savi.org/SAVI/PopUps/AssetMoreInfo.aspx?AssetID=921169"}},{"type":"Feature","geometry":{"type":"Point","coordinates":[-86.60649465,40.12931005]},"properties":{"name":"THORNTOWN TOWN OF","assetType":"Other Government Information Lines","dataYear":"2018","assetId":"921133","subcategory":"Information Resources","detail":"https://classic.savi.org/SAVI/PopUps/AssetMoreInfo.aspx?AssetID=921133"}},{"type":"Feature","geometry":{"type":"Point","coordinates":[-86.11211075,40.03726608]},"properties":{"name":"WESTFIELD CITY OF","assetType":"Other Government Information Lines","dataYear":"2018","assetId":"921041","subcategory":"Information Resources","detail":"https://classic.savi.org/SAVI/PopUps/AssetMoreInfo.aspx?AssetID=921041"}},{"type":"Feature","geometry":{"type":"Point","coordinates":[-86.27492318,39.95141992]},"properties":{"name":"ZIONSVILLE TOWN OF","assetType":"Other Government Information Lines","dataYear":"2018","assetId":"921309","subcategory":"Information Resources","detail":"https://classic.savi.org/SAVI/PopUps/AssetMoreInfo.aspx?AssetID=921309"}},{"type":"Feature","geometry":{"type":"Point","coordinates":[-86.16355338,39.76920775]},"properties":{"name":"Talking Books and Braille Library","assetType":"Braille Materials/Collection","dataYear":"2007","assetId":"623759","subcategory":"Information Resources","detail":"https://classic.savi.org/SAVI/PopUps/AssetMoreInfo.aspx?AssetID=623759"}},{"type":"Feature","geometry":{"type":"Point","coordinates":[-86.15838815,39.80088212]},"properties":{"name":"Library Express Indianapolis Marion County Public Library","assetType":"Home Library Services","dataYear":"2007","assetId":"624647","subcategory":"Information Resources","detail":"https://classic.savi.org/SAVI/PopUps/AssetMoreInfo.aspx?AssetID=624647"}},{"type":"Feature","geometry":{"type":"Point","coordinates":[-86.15838815,39.80088212]},"properties":{"name":"Indianapolis Marion County Library - Large Print Books Services","assetType":"Large Print Materials/Collection","dataYear":"2007","assetId":"623967","subcategory":"Information Resources","detail":"https://classic.savi.org/SAVI/PopUps/AssetMoreInfo.aspx?AssetID=623967"}},{"type":"Feature","geometry":{"type":"Point","coordinates":[-85.67360356,40.2633802]},"properties":{"name":"ALEXANDRIA-MONROE PUBLIC LIBRARY","assetType":"Public Internet Access","dataYear":"2018","assetId":"919751","subcategory":"Information Resources","detail":"https://classic.savi.org/SAVI/PopUps/AssetMoreInfo.aspx?AssetID=919751"}},{"type":"Feature","geometry":{"type":"Point","coordinates":[-85.67767809,40.10381282]},"properties":{"name":"ANDERSON PUBLIC LIBRARY","assetType":"Public Internet Access","dataYear":"2018","assetId":"919748","subcategory":"Information Resources","detail":"https://classic.savi.org/SAVI/PopUps/AssetMoreInfo.aspx?AssetID=919748"}},{"type":"Feature","geometry":{"type":"Point","coordinates":[-85.84794803,40.06623426]},"properties":{"name":"ANDERSON PUBLIC LIBRARY - LAPEL BRANCH","assetType":"Public Internet Access","dataYear":"2018","assetId":"919690","subcategory":"Information Resources","detail":"https://classic.savi.org/SAVI/PopUps/AssetMoreInfo.aspx?AssetID=919690"}},{"type":"Feature","geometry":{"type":"Point","coordinates":[-86.39972999,39.77143544]},"properties":{"name":"AVON-WASHINGTON TOWNSHIP PUBLIC LIBRARY","assetType":"Public Internet Access","dataYear":"2018","assetId":"918807","subcategory":"Information Resources","detail":"https://classic.savi.org/SAVI/PopUps/AssetMoreInfo.aspx?AssetID=918807"}},{"type":"Feature","geometry":{"type":"Point","coordinates":[-86.09470989,39.72175372]},"properties":{"name":"BEECH GROVE BRANCH LIBRARY","assetType":"Public Internet Access","dataYear":"2018","assetId":"918227","subcategory":"Information Resources","detail":"https://classic.savi.org/SAVI/PopUps/AssetMoreInfo.aspx?AssetID=918227"}},{"type":"Feature","geometry":{"type":"Point","coordinates":[-86.10133166,39.80299985]},"properties":{"name":"BRIGHTWOOD BRANCH LIBRARY","assetType":"Public Internet Access","dataYear":"2018","assetId":"918333","subcategory":"Information Resources","detail":"https://classic.savi.org/SAVI/PopUps/AssetMoreInfo.aspx?AssetID=918333"}},{"type":"Feature","geometry":{"type":"Point","coordinates":[-86.24508813,39.20950249]},"properties":{"name":"BROWN COUNTY PUBLIC LIBRARY","assetType":"Public Internet Access","dataYear":"2018","assetId":"916933","subcategory":"Information Resources","detail":"https://classic.savi.org/SAVI/PopUps/AssetMoreInfo.aspx?AssetID=916933"}},{"type":"Feature","geometry":{"type":"Point","coordinates":[-86.11648312,39.32043652]},"properties":{"name":"BROWN COUNTY PUBLIC LIBRARY-CORDY SWEETWATER","assetType":"Public Internet Access","dataYear":"2018","assetId":"916992","subcategory":"Information Resources","detail":"https://classic.savi.org/SAVI/PopUps/AssetMoreInfo.aspx?AssetID=916992"}},{"type":"Feature","geometry":{"type":"Point","coordinates":[-86.39679015,39.83675399]},"properties":{"name":"BROWNSBURG PUBLIC LIBRARY","assetType":"Public Internet Access","dataYear":"2018","assetId":"920504","subcategory":"Information Resources","detail":"https://classic.savi.org/SAVI/PopUps/AssetMoreInfo.aspx?AssetID=920504"}},{"type":"Feature","geometry":{"type":"Point","coordinates":[-86.12190599,39.97736304]},"properties":{"name":"CARMEL CLAY PUBLIC LIBRARY","assetType":"Public Internet Access","dataYear":"2018","assetId":"918890","subcategory":"Information Resources","detail":"https://classic.savi.org/SAVI/PopUps/AssetMoreInfo.aspx?AssetID=918890"}},{"type":"Feature","geometry":{"type":"Point","coordinates":[-86.15676506,39.7785962]},"properties":{"name":"CENTRAL LIBRARY","assetType":"Public Internet Access","dataYear":"2018","assetId":"918334","subcategory":"Information Resources","detail":"https://classic.savi.org/SAVI/PopUps/AssetMoreInfo.aspx?AssetID=918334"}},{"type":"Feature","geometry":{"type":"Point","coordinates":[-86.52252218,39.6847217]},"properties":{"name":"CLAYTON LIBERTY TOWNSHIP PUBLIC LIBRARY","assetType":"Public Internet Access","dataYear":"2018","assetId":"920632","subcategory":"Information Resources","detail":"https://classic.savi.org/SAVI/PopUps/AssetMoreInfo.aspx?AssetID=920632"}},{"type":"Feature","geometry":{"type":"Point","coordinates":[-86.67045959,39.68909348]},"properties":{"name":"COATESVILLE CLAY TOWNSHIP PUBLIC LIBRARY","assetType":"Public Internet Access","dataYear":"2018","assetId":"920541","subcategory":"Information Resources","detail":"https://classic.savi.org/SAVI/PopUps/AssetMoreInfo.aspx?AssetID=920541"}},{"type":"Feature","geometry":{"type":"Point","coordinates":[-86.14525726,39.83191305]},"properties":{"name":"COLLEGE AVENUE BRANCH LIBRARY","assetType":"Public Internet Access","dataYear":"2018","assetId":"918328","subcategory":"Information Resources","detail":"https://classic.savi.org/SAVI/PopUps/AssetMoreInfo.aspx?AssetID=918328"}},{"type":"Feature","geometry":{"type":"Point","coordinates":[-86.01170847,39.82746745]},"properties":{"name":"COMMUNITY ALLIANCE OF THE FAR EASTSIDE CAF","assetType":"Public Internet Access","dataYear":"2018","assetId":"918839","subcategory":"Information Resources","detail":"https://classic.savi.org/SAVI/PopUps/AssetMoreInfo.aspx?AssetID=918839"}},{"type":"Feature","geometry":{"type":"Point","coordinates":[-86.52256538,39.76188734]},"properties":{"name":"DANVILLE PUBLIC LIBRARY","assetType":"Public Internet Access","dataYear":"2018","assetId":"920540","subcategory":"Information Resources","detail":"https://classic.savi.org/SAVI/PopUps/AssetMoreInfo.aspx?AssetID=920540"}},{"type":"Feature","geometry":{"type":"Point","coordinates":[-86.27867865,39.68683661]},"properties":{"name":"DECATUR BRANCH LIBRARY","assetType":"Public Internet Access","dataYear":"2018","assetId":"918077","subcategory":"Information Resources","detail":"https://classic.savi.org/SAVI/PopUps/AssetMoreInfo.aspx?AssetID=918077"}},{"type":"Feature","geometry":{"type":"Point","coordinates":[-86.23850338,39.81554679]},"properties":{"name":"EAGLE BRANCH LIBRARY","assetType":"Public Internet Access","dataYear":"2018","assetId":"918074","subcategory":"Information Resources","detail":"https://classic.savi.org/SAVI/PopUps/AssetMoreInfo.aspx?AssetID=918074"}},{"type":"Feature","geometry":{"type":"Point","coordinates":[-86.07586745,39.82556541]},"properties":{"name":"EAST 38TH STREET BRANCH LIBRARY","assetType":"Public Internet Access","dataYear":"2018","assetId":"918153","subcategory":"Information Resources","detail":"https://classic.savi.org/SAVI/PopUps/AssetMoreInfo.aspx?AssetID=918153"}},{"type":"Feature","geometry":{"type":"Point","coordinates":[-86.11580773,39.76863337]},"properties":{"name":"EAST WASHINGTON BRANCH LIBRARY","assetType":"Public Internet Access","dataYear":"2018","assetId":"918072","subcategory":"Information Resources","detail":"https://classic.savi.org/SAVI/PopUps/AssetMoreInfo.aspx?AssetID=918072"}},{"type":"Feature","geometry":{"type":"Point","coordinates":[-85.96737331,39.3540639]},"properties":{"name":"EDINBURGH WRIGHT-HAGEMAN PUBLIC LIBRARY","assetType":"Public Internet Access","dataYear":"2018","assetId":"918756","subcategory":"Information Resources","detail":"https://classic.savi.org/SAVI/PopUps/AssetMoreInfo.aspx?AssetID=918756"}},{"type":"Feature","geometry":{"type":"Point","coordinates":[-85.83967117,40.27737017]},"properties":{"name":"ELWOOD PUBLIC LIBRARY","assetType":"Public Internet Access","dataYear":"2018","assetId":"919915","subcategory":"Information Resources","detail":"https://classic.savi.org/SAVI/PopUps/AssetMoreInfo.aspx?AssetID=919915"}},{"type":"Feature","geometry":{"type":"Point","coordinates":[-86.01518413,39.96046473]},"properties":{"name":"FISHERS PUBLIC LIBRARY","assetType":"Public Internet Access","dataYear":"2018","assetId":"920480","subcategory":"Information Resources","detail":"https://classic.savi.org/SAVI/PopUps/AssetMoreInfo.aspx?AssetID=920480"}},{"type":"Feature","geometry":{"type":"Point","coordinates":[-86.17027103,39.80159246]},"properties":{"name":"FLANNER HOUSE BRANCH LIBRARY","assetType":"Public Internet Access","dataYear":"2018","assetId":"918151","subcategory":"Information Resources","detail":"https://classic.savi.org/SAVI/PopUps/AssetMoreInfo.aspx?AssetID=918151"}},{"type":"Feature","geometry":{"type":"Point","coordinates":[-85.84301092,39.93432959]},"properties":{"name":"FORTVILLE-VERNON TOWNSHIP PUBLIC LIBRARY","assetType":"Public Internet Access","dataYear":"2018","assetId":"920719","subcategory":"Information Resources","detail":"https://classic.savi.org/SAVI/PopUps/AssetMoreInfo.aspx?AssetID=920719"}},{"type":"Feature","geometry":{"type":"Point","coordinates":[-86.14045957,39.75282248]},"properties":{"name":"FOUNTAIN SQUARE BRANCH LIBRARY","assetType":"Public Internet Access","dataYear":"2018","assetId":"918148","subcategory":"Information Resources","detail":"https://classic.savi.org/SAVI/PopUps/AssetMoreInfo.aspx?AssetID=918148"}},{"type":"Feature","geometry":{"type":"Point","coordinates":[-86.01921321,39.68750107]},"properties":{"name":"FRANKLIN ROAD BRANCH LIBRARY","assetType":"Public Internet Access","dataYear":"2018","assetId":"918147","subcategory":"Information Resources","detail":"https://classic.savi.org/SAVI/PopUps/AssetMoreInfo.aspx?AssetID=918147"}},{"type":"Feature","geometry":{"type":"Point","coordinates":[-85.77922646,40.22267791]},"properties":{"name":"FRANKTON COMMUNITY LIBRARY","assetType":"Public Internet Access","dataYear":"2018","assetId":"919912","subcategory":"Information Resources","detail":"https://classic.savi.org/SAVI/PopUps/AssetMoreInfo.aspx?AssetID=919912"}},{"type":"Feature","geometry":{"type":"Point","coordinates":[-86.14005535,39.7319632]},"properties":{"name":"GARFIELD PARK BRANCH LIBRARY","assetType":"Public Internet Access","dataYear":"2018","assetId":"918140","subcategory":"Information Resources","detail":"https://classic.savi.org/SAVI/PopUps/AssetMoreInfo.aspx?AssetID=918140"}},{"type":"Feature","geometry":{"type":"Point","coordinates":[-86.12213702,39.86654653]},"properties":{"name":"GLENDALE BRANCH LIBRARY","assetType":"Public Internet Access","dataYear":"2018","assetId":"918144","subcategory":"Information Resources","detail":"https://classic.savi.org/SAVI/PopUps/AssetMoreInfo.aspx?AssetID=918144"}},{"type":"Feature","geometry":{"type":"Point","coordinates":[-86.10644237,39.61129502]},"properties":{"name":"GREENWOOD PUBLIC LIBRARY","assetType":"Public Internet Access","dataYear":"2018","assetId":"918754","subcategory":"Information Resources","detail":"https://classic.savi.org/SAVI/PopUps/AssetMoreInfo.aspx?AssetID=918754"}},{"type":"Feature","geometry":{"type":"Point","coordinates":[-86.0279577,40.21575296]},"properties":{"name":"HAMILTON NORTH LIBRARY - ATLANTA","assetType":"Public Internet Access","dataYear":"2018","assetId":"918891","subcategory":"Information Resources","detail":"https://classic.savi.org/SAVI/PopUps/AssetMoreInfo.aspx?AssetID=918891"}},{"type":"Feature","geometry":{"type":"Point","coordinates":[-86.01669713,40.12362496]},"properties":{"name":"HAMILTON NORTH LIBRARY - CICERO","assetType":"Public Internet Access","dataYear":"2018","assetId":"918894","subcategory":"Information Resources","detail":"https://classic.savi.org/SAVI/PopUps/AssetMoreInfo.aspx?AssetID=918894"}},{"type":"Feature","geometry":{"type":"Point","coordinates":[-85.78361934,39.79999752]},"properties":{"name":"HANCOCK COUNTY PUBLIC LIBRARY","assetType":"Public Internet Access","dataYear":"2018","assetId":"920823","subcategory":"Information Resources","detail":"https://classic.savi.org/SAVI/PopUps/AssetMoreInfo.aspx?AssetID=920823"}},{"type":"Feature","geometry":{"type":"Point","coordinates":[-85.89715576,39.72186119]},"properties":{"name":"HANCOCK COUNTY PUBLIC LIBRARY - SUGAR CREEK BRANCH","assetType":"Public Internet Access","dataYear":"2018","assetId":"920822","subcategory":"Information Resources","detail":"https://classic.savi.org/SAVI/PopUps/AssetMoreInfo.aspx?AssetID=920822"}},{"type":"Feature","geometry":{"type":"Point","coordinates":[-86.19724517,39.7746017]},"properties":{"name":"HAUGHVILLE BRANCH LIBRARY","assetType":"Public Internet Access","dataYear":"2018","assetId":"918069","subcategory":"Information Resources","detail":"https://classic.savi.org/SAVI/PopUps/AssetMoreInfo.aspx?AssetID=918069"}},{"type":"Feature","geometry":{"type":"Point","coordinates":[-86.26582006,39.9535208]},"properties":{"name":"HUSSEY-MAYFIELD MEMORIAL PUBLIC LIBRARY","assetType":"Public Internet Access","dataYear":"2018","assetId":"921855","subcategory":"Information Resources","detail":"https://classic.savi.org/SAVI/PopUps/AssetMoreInfo.aspx?AssetID=921855"}},{"type":"Feature","geometry":{"type":"Point","coordinates":[-86.15687757,39.81027951]},"properties":{"name":"INFOZONE AT THE CHILDREN S MUSEUM","assetType":"Public Internet Access","dataYear":"2018","assetId":"918066","subcategory":"Information Resources","detail":"https://classic.savi.org/SAVI/PopUps/AssetMoreInfo.aspx?AssetID=918066"}},{"type":"Feature","geometry":{"type":"Point","coordinates":[-86.07167996,39.77062961]},"properties":{"name":"IRVINGTON BRANCH LIBRARY","assetType":"Public Internet Access","dataYear":"2018","assetId":"918065","subcategory":"Information Resources","detail":"https://classic.savi.org/SAVI/PopUps/AssetMoreInfo.aspx?AssetID=918065"}},{"type":"Feature","geometry":{"type":"Point","coordinates":[-86.08943215,39.56522046]},"properties":{"name":"JOHNSON COUNTY PUBLIC LIBRARY - CLARK PLEASANT BRANCH","assetType":"Public Internet Access","dataYear":"2018","assetId":"922314","subcategory":"Information Resources","detail":"https://classic.savi.org/SAVI/PopUps/AssetMoreInfo.aspx?AssetID=922314"}},{"type":"Feature","geometry":{"type":"Point","coordinates":[-86.04599887,39.4756647]},"properties":{"name":"JOHNSON COUNTY PUBLIC LIBRARY - FRANKLIN BRANCH","assetType":"Public Internet Access","dataYear":"2018","assetId":"922315","subcategory":"Information Resources","detail":"https://classic.savi.org/SAVI/PopUps/AssetMoreInfo.aspx?AssetID=922315"}},{"type":"Feature","geometry":{"type":"Point","coordinates":[-86.14882194,39.41417417]},"properties":{"name":"JOHNSON COUNTY PUBLIC LIBRARY - TRAFALGAR BRANCH","assetType":"Public Internet Access","dataYear":"2018","assetId":"922311","subcategory":"Information Resources","detail":"https://classic.savi.org/SAVI/PopUps/AssetMoreInfo.aspx?AssetID=922311"}},{"type":"Feature","geometry":{"type":"Point","coordinates":[-86.15630211,39.60821894]},"properties":{"name":"JOHNSON COUNTY PUBLIC LIBRARY - WHITE RIVER BRANCH","assetType":"Public Internet Access","dataYear":"2018","assetId":"922310","subcategory":"Information Resources","detail":"https://classic.savi.org/SAVI/PopUps/AssetMoreInfo.aspx?AssetID=922310"}},{"type":"Feature","geometry":{"type":"Point","coordinates":[-86.0331729,39.89830753]},"properties":{"name":"LAWRENCE BRANCH LIBRARY","assetType":"Public Internet Access","dataYear":"2018","assetId":"918018","subcategory":"Information Resources","detail":"https://classic.savi.org/SAVI/PopUps/AssetMoreInfo.aspx?AssetID=918018"}},{"type":"Feature","geometry":{"type":"Point","coordinates":[-86.4679909,40.04856032]},"properties":{"name":"LEBANON PUBLIC LIBRARY","assetType":"Public Internet Access","dataYear":"2018","assetId":"922000","subcategory":"Information Resources","detail":"https://classic.savi.org/SAVI/PopUps/AssetMoreInfo.aspx?AssetID=922000"}},{"type":"Feature","geometry":{"type":"Point","coordinates":[-86.38026988,39.61205447]},"properties":{"name":"MOORESVILLE PUBLIC LIBRARY","assetType":"Public Internet Access","dataYear":"2018","assetId":"919945","subcategory":"Information Resources","detail":"https://classic.savi.org/SAVI/PopUps/AssetMoreInfo.aspx?AssetID=919945"}},{"type":"Feature","geometry":{"type":"Point","coordinates":[-86.42760995,39.42554035]},"properties":{"name":"MORGAN COUNTY PUBLIC LIBRARY","assetType":"Public Internet Access","dataYear":"2018","assetId":"920120","subcategory":"Information Resources","detail":"https://classic.savi.org/SAVI/PopUps/AssetMoreInfo.aspx?AssetID=920120"}},{"type":"Feature","geometry":{"type":"Point","coordinates":[-86.37019135,39.53884309]},"properties":{"name":"MORGAN COUNTY PUBLIC LIBRARY - BROOKLYN BRANCH","assetType":"Public Internet Access","dataYear":"2018","assetId":"920117","subcategory":"Information Resources","detail":"https://classic.savi.org/SAVI/PopUps/AssetMoreInfo.aspx?AssetID=920117"}},{"type":"Feature","geometry":{"type":"Point","coordinates":[-86.478212,39.58058053]},"properties":{"name":"MORGAN COUNTY PUBLIC LIBRARY - MONROVIA BRANCH","assetType":"Public Internet Access","dataYear":"2018","assetId":"920115","subcategory":"Information Resources","detail":"https://classic.savi.org/SAVI/PopUps/AssetMoreInfo.aspx?AssetID=920115"}},{"type":"Feature","geometry":{"type":"Point","coordinates":[-86.26192669,39.37076566]},"properties":{"name":"MORGAN COUNTY PUBLIC LIBRARY - MORGANTOWN BRANCH","assetType":"Public Internet Access","dataYear":"2018","assetId":"920114","subcategory":"Information Resources","detail":"https://classic.savi.org/SAVI/PopUps/AssetMoreInfo.aspx?AssetID=920114"}},{"type":"Feature","geometry":{"type":"Point","coordinates":[-86.25043133,39.56626462]},"properties":{"name":"MORGAN COUNTY PUBLIC LIBRARY - WAVERLY BRANCH","assetType":"Public Internet Access","dataYear":"2018","assetId":"920049","subcategory":"Information Resources","detail":"https://classic.savi.org/SAVI/PopUps/AssetMoreInfo.aspx?AssetID=920049"}},{"type":"Feature","geometry":{"type":"Point","coordinates":[-85.99471264,40.04708257]},"properties":{"name":"NOBLESVILLE PUBLIC LIBRARY","assetType":"Public Internet Access","dataYear":"2018","assetId":"920022","subcategory":"Information Resources","detail":"https://classic.savi.org/SAVI/PopUps/AssetMoreInfo.aspx?AssetID=920022"}},{"type":"Feature","geometry":{"type":"Point","coordinates":[-86.14200912,39.91305491]},"properties":{"name":"NORA BRANCH LIBRARY","assetType":"Public Internet Access","dataYear":"2018","assetId":"918017","subcategory":"Information Resources","detail":"https://classic.savi.org/SAVI/PopUps/AssetMoreInfo.aspx?AssetID=918017"}},{"type":"Feature","geometry":{"type":"Point","coordinates":[-85.73561982,40.00418524]},"properties":{"name":"PENDLETON COMMUNITY PUBLIC LIBRARY","assetType":"Public Internet Access","dataYear":"2018","assetId":"919908","subcategory":"Information Resources","detail":"https://classic.savi.org/SAVI/PopUps/AssetMoreInfo.aspx?AssetID=919908"}},{"type":"Feature","geometry":{"type":"Point","coordinates":[-86.25889984,39.87487212]},"properties":{"name":"PIKE BRANCH LIBRARY","assetType":"Public Internet Access","dataYear":"2018","assetId":"918143","subcategory":"Information Resources","detail":"https://classic.savi.org/SAVI/PopUps/AssetMoreInfo.aspx?AssetID=918143"}},{"type":"Feature","geometry":{"type":"Point","coordinates":[-86.38675611,39.69745034]},"properties":{"name":"PLAINFIELD-GUILFORD TOWNSHIP PUBLIC LIBRARY","assetType":"Public Internet Access","dataYear":"2018","assetId":"920722","subcategory":"Information Resources","detail":"https://classic.savi.org/SAVI/PopUps/AssetMoreInfo.aspx?AssetID=920722"}},{"type":"Feature","geometry":{"type":"Point","coordinates":[-85.64620832,40.33717043]},"properties":{"name":"RALPH E HAZELBAKER LIBRARY","assetType":"Public Internet Access","dataYear":"2018","assetId":"919911","subcategory":"Information Resources","detail":"https://classic.savi.org/SAVI/PopUps/AssetMoreInfo.aspx?AssetID=919911"}},{"type":"Feature","geometry":{"type":"Point","coordinates":[-85.779011,39.52277158]},"properties":{"name":"SHELBY COUNTY PUBLIC LIBRARY","assetType":"Public Internet Access","dataYear":"2018","assetId":"919924","subcategory":"Information Resources","detail":"https://classic.savi.org/SAVI/PopUps/AssetMoreInfo.aspx?AssetID=919924"}},{"type":"Feature","geometry":{"type":"Point","coordinates":[-85.69806099,39.67313057]},"properties":{"name":"SHELBY COUNTY PUBLIC LIBRARY - MORRISTOWN BRANCH","assetType":"Public Internet Access","dataYear":"2018","assetId":"919922","subcategory":"Information Resources","detail":"https://classic.savi.org/SAVI/PopUps/AssetMoreInfo.aspx?AssetID=919922"}},{"type":"Feature","geometry":{"type":"Point","coordinates":[-86.22171849,40.13858281]},"properties":{"name":"SHERIDAN PUBLIC LIBRARY","assetType":"Public Internet Access","dataYear":"2018","assetId":"920769","subcategory":"Information Resources","detail":"https://classic.savi.org/SAVI/PopUps/AssetMoreInfo.aspx?AssetID=920769"}},{"type":"Feature","geometry":{"type":"Point","coordinates":[-86.11754042,39.65087768]},"properties":{"name":"SOUTHPORT BRANCH LIBRARY","assetType":"Public Internet Access","dataYear":"2018","assetId":"918137","subcategory":"Information Resources","detail":"https://classic.savi.org/SAVI/PopUps/AssetMoreInfo.aspx?AssetID=918137"}},{"type":"Feature","geometry":{"type":"Point","coordinates":[-86.1289732,39.78493569]},"properties":{"name":"SPADES PARK BRANCH LIBRARY","assetType":"Public Internet Access","dataYear":"2018","assetId":"918135","subcategory":"Information Resources","detail":"https://classic.savi.org/SAVI/PopUps/AssetMoreInfo.aspx?AssetID=918135"}},{"type":"Feature","geometry":{"type":"Point","coordinates":[-86.25975488,39.80134805]},"properties":{"name":"SPEEDWAY PUBLIC LIBRARY","assetType":"Public Internet Access","dataYear":"2018","assetId":"921342","subcategory":"Information Resources","detail":"https://classic.savi.org/SAVI/PopUps/AssetMoreInfo.aspx?AssetID=921342"}},{"type":"Feature","geometry":{"type":"Point","coordinates":[-86.60631179,40.12972587]},"properties":{"name":"THORNTOWN PUBLIC LIBRARY","assetType":"Public Internet Access","dataYear":"2018","assetId":"921856","subcategory":"Information Resources","detail":"https://classic.savi.org/SAVI/PopUps/AssetMoreInfo.aspx?AssetID=921856"}},{"type":"Feature","geometry":{"type":"Point","coordinates":[-86.62800187,39.92625111]},"properties":{"name":"TRI-AREA LIBRARY","assetType":"Public Internet Access","dataYear":"2018","assetId":"921997","subcategory":"Information Resources","detail":"https://classic.savi.org/SAVI/PopUps/AssetMoreInfo.aspx?AssetID=921997"}},{"type":"Feature","geometry":{"type":"Point","coordinates":[-85.9955155,39.79606382]},"properties":{"name":"WARREN BRANCH LIBRARY","assetType":"Public Internet Access","dataYear":"2018","assetId":"918014","subcategory":"Information Resources","detail":"https://classic.savi.org/SAVI/PopUps/AssetMoreInfo.aspx?AssetID=918014"}},{"type":"Feature","geometry":{"type":"Point","coordinates":[-86.00785755,39.77914879]},"properties":{"name":"WARREN TOWNSHIP TRUSTEE MARION COUNTY","assetType":"Public Internet Access","dataYear":"2018","assetId":"922554","subcategory":"Information Resources","detail":"https://classic.savi.org/SAVI/PopUps/AssetMoreInfo.aspx?AssetID=922554"}},{"type":"Feature","geometry":{"type":"Point","coordinates":[-86.28979492,39.76126211]},"properties":{"name":"WAYNE BRANCH LIBRARY","assetType":"Public Internet Access","dataYear":"2018","assetId":"918232","subcategory":"Information Resources","detail":"https://classic.savi.org/SAVI/PopUps/AssetMoreInfo.aspx?AssetID=918232"}},{"type":"Feature","geometry":{"type":"Point","coordinates":[-86.19452762,39.75039697]},"properties":{"name":"WEST INDIANAPOLIS BRANCH LIBRARY","assetType":"Public Internet Access","dataYear":"2018","assetId":"918229","subcategory":"Information Resources","detail":"https://classic.savi.org/SAVI/PopUps/AssetMoreInfo.aspx?AssetID=918229"}},{"type":"Feature","geometry":{"type":"Point","coordinates":[-86.13126464,40.04967537]},"properties":{"name":"WESTFIELD WASHINGTON PUBLIC LIBRARY","assetType":"Public Internet Access","dataYear":"2018","assetId":"918950","subcategory":"Information Resources","detail":"https://classic.savi.org/SAVI/PopUps/AssetMoreInfo.aspx?AssetID=918950"}}]}