{"type":"FeatureCollection","features":[{"type":"Feature","geometry":{"type":"Point","coordinates":[-86.15671009,39.82590096]},"properties":{"name":"Community Services United Way","assetType":"Community Action Agencies","dataYear":"2011","assetId":"692383","subcategory":"Social and Community Services","detail":"https://classic.savi.org/SAVI/PopUps/AssetMoreInfo.aspx?AssetID=692383"}},{"type":"Feature","geometry":{"type":"Point","coordinates":[-86.02615946,39.79805473]},"properties":{"name":"Happy Kids Child Care","assetType":"Child Care Centers","dataYear":"2018","assetId":"930672","subcategory":"Social and Community Services","detail":"https://classic.savi.org/SAVI/PopUps/AssetMoreInfo.aspx?AssetID=930672"}},{"type":"Feature","geometry":{"type":"Point","coordinates":[-86.02616796,39.79860796]},"properties":{"name":"Happy Kids Day Care and Learning Center","assetType":"Child Care Centers","dataYear":"2018","assetId":"930858","subcategory":"Social and Community Services","detail":"https://classic.savi.org/SAVI/PopUps/AssetMoreInfo.aspx?AssetID=930858"}},{"type":"Feature","geometry":{"type":"Point","coordinates":[-86.04538068,39.82021034]},"properties":{"name":"A Child s Place Preschool","assetType":"Child Care Centers","dataYear":"2018","assetId":"930667","subcategory":"Social and Community Services","detail":"https://classic.savi.org/SAVI/PopUps/AssetMoreInfo.aspx?AssetID=930667"}},{"type":"Feature","geometry":{"type":"Point","coordinates":[-86.22864359,39.87338037]},"properties":{"name":"A Child s World","assetType":"Child Care Centers","dataYear":"2018","assetId":"930721","subcategory":"Social and Community Services","detail":"https://classic.savi.org/SAVI/PopUps/AssetMoreInfo.aspx?AssetID=930721"}},{"type":"Feature","geometry":{"type":"Point","coordinates":[-86.04571915,39.84586753]},"properties":{"name":"A Gifted & Talented Child Development Academy Inc","assetType":"Child Care Centers","dataYear":"2018","assetId":"930792","subcategory":"Social and Community Services","detail":"https://classic.savi.org/SAVI/PopUps/AssetMoreInfo.aspx?AssetID=930792"}},{"type":"Feature","geometry":{"type":"Point","coordinates":[-86.19356344,39.78879118]},"properties":{"name":"A Plus Childcare and Learning Center 3","assetType":"Child Care Centers","dataYear":"2018","assetId":"930701","subcategory":"Social and Community Services","detail":"https://classic.savi.org/SAVI/PopUps/AssetMoreInfo.aspx?AssetID=930701"}},{"type":"Feature","geometry":{"type":"Point","coordinates":[-86.21035891,39.78757527]},"properties":{"name":"A Childcare and Learning Center","assetType":"Child Care Centers","dataYear":"2018","assetId":"930855","subcategory":"Social and Community Services","detail":"https://classic.savi.org/SAVI/PopUps/AssetMoreInfo.aspx?AssetID=930855"}},{"type":"Feature","geometry":{"type":"Point","coordinates":[-86.07891992,40.04390332]},"properties":{"name":"ABC s & 123 s Learning Center","assetType":"Child Care Centers","dataYear":"2018","assetId":"931074","subcategory":"Social and Community Services","detail":"https://classic.savi.org/SAVI/PopUps/AssetMoreInfo.aspx?AssetID=931074"}},{"type":"Feature","geometry":{"type":"Point","coordinates":[-86.24178756,39.88134712]},"properties":{"name":"ABC s & 123 s Learning Center","assetType":"Child Care Centers","dataYear":"2018","assetId":"930876","subcategory":"Social and Community Services","detail":"https://classic.savi.org/SAVI/PopUps/AssetMoreInfo.aspx?AssetID=930876"}},{"type":"Feature","geometry":{"type":"Point","coordinates":[-86.37895556,39.76179607]},"properties":{"name":"ABC s & 123 s Learning Center","assetType":"Child Care Centers","dataYear":"2018","assetId":"930774","subcategory":"Social and Community Services","detail":"https://classic.savi.org/SAVI/PopUps/AssetMoreInfo.aspx?AssetID=930774"}},{"type":"Feature","geometry":{"type":"Point","coordinates":[-86.10624954,39.86878962]},"properties":{"name":"AYS John Strange","assetType":"Child Care Centers","dataYear":"2018","assetId":"930688","subcategory":"Social and Community Services","detail":"https://classic.savi.org/SAVI/PopUps/AssetMoreInfo.aspx?AssetID=930688"}},{"type":"Feature","geometry":{"type":"Point","coordinates":[-86.20314294,39.9087484]},"properties":{"name":"Abacus Childcare Center","assetType":"Child Care Centers","dataYear":"2018","assetId":"930737","subcategory":"Social and Community Services","detail":"https://classic.savi.org/SAVI/PopUps/AssetMoreInfo.aspx?AssetID=930737"}},{"type":"Feature","geometry":{"type":"Point","coordinates":[-86.14533774,40.02809355]},"properties":{"name":"Abacus Early Learning Center","assetType":"Child Care Centers","dataYear":"2018","assetId":"931015","subcategory":"Social and Community Services","detail":"https://classic.savi.org/SAVI/PopUps/AssetMoreInfo.aspx?AssetID=931015"}},{"type":"Feature","geometry":{"type":"Point","coordinates":[-86.16151522,39.97840976]},"properties":{"name":"Abacus Preschool","assetType":"Child Care Centers","dataYear":"2018","assetId":"930878","subcategory":"Social and Community Services","detail":"https://classic.savi.org/SAVI/PopUps/AssetMoreInfo.aspx?AssetID=930878"}},{"type":"Feature","geometry":{"type":"Point","coordinates":[-86.13868579,39.63769059]},"properties":{"name":"Academy of Learning Greenwood LLC","assetType":"Child Care Centers","dataYear":"2018","assetId":"930871","subcategory":"Social and Community Services","detail":"https://classic.savi.org/SAVI/PopUps/AssetMoreInfo.aspx?AssetID=930871"}},{"type":"Feature","geometry":{"type":"Point","coordinates":[-86.0505575,39.90826039]},"properties":{"name":"Adventure Academy","assetType":"Child Care Centers","dataYear":"2018","assetId":"930671","subcategory":"Social and Community Services","detail":"https://classic.savi.org/SAVI/PopUps/AssetMoreInfo.aspx?AssetID=930671"}},{"type":"Feature","geometry":{"type":"Point","coordinates":[-86.21187539,39.61765213]},"properties":{"name":"Adventures Child Care & Learning Center Inc","assetType":"Child Care Centers","dataYear":"2018","assetId":"931042","subcategory":"Social and Community Services","detail":"https://classic.savi.org/SAVI/PopUps/AssetMoreInfo.aspx?AssetID=931042"}},{"type":"Feature","geometry":{"type":"Point","coordinates":[-85.9600803,39.90387819]},"properties":{"name":"Amy Beverland Elementary - Before and After Care","assetType":"Child Care Centers","dataYear":"2018","assetId":"930677","subcategory":"Social and Community Services","detail":"https://classic.savi.org/SAVI/PopUps/AssetMoreInfo.aspx?AssetID=930677"}},{"type":"Feature","geometry":{"type":"Point","coordinates":[-85.65233438,40.08012315]},"properties":{"name":"Applecritters Childcare","assetType":"Child Care Centers","dataYear":"2018","assetId":"931059","subcategory":"Social and Community Services","detail":"https://classic.savi.org/SAVI/PopUps/AssetMoreInfo.aspx?AssetID=931059"}},{"type":"Feature","geometry":{"type":"Point","coordinates":[-85.69150678,40.1358023]},"properties":{"name":"Applecritters North","assetType":"Child Care Centers","dataYear":"2018","assetId":"931007","subcategory":"Social and Community Services","detail":"https://classic.savi.org/SAVI/PopUps/AssetMoreInfo.aspx?AssetID=931007"}},{"type":"Feature","geometry":{"type":"Point","coordinates":[-86.42425074,39.42544422]},"properties":{"name":"Artesians Childcare LLC","assetType":"Child Care Centers","dataYear":"2018","assetId":"930664","subcategory":"Social and Community Services","detail":"https://classic.savi.org/SAVI/PopUps/AssetMoreInfo.aspx?AssetID=930664"}},{"type":"Feature","geometry":{"type":"Point","coordinates":[-86.08409703,39.81398591]},"properties":{"name":"Auntie Mame s Child Development Center","assetType":"Child Care Centers","dataYear":"2018","assetId":"930760","subcategory":"Social and Community Services","detail":"https://classic.savi.org/SAVI/PopUps/AssetMoreInfo.aspx?AssetID=930760"}},{"type":"Feature","geometry":{"type":"Point","coordinates":[-86.11511119,39.82809566]},"properties":{"name":"Avondale Meadows YMCA Early Learning Center","assetType":"Child Care Centers","dataYear":"2018","assetId":"930856","subcategory":"Social and Community Services","detail":"https://classic.savi.org/SAVI/PopUps/AssetMoreInfo.aspx?AssetID=930856"}},{"type":"Feature","geometry":{"type":"Point","coordinates":[-86.08348446,39.65288641]},"properties":{"name":"Beech Tree House Center for Child Development Inc","assetType":"Child Care Centers","dataYear":"2018","assetId":"930695","subcategory":"Social and Community Services","detail":"https://classic.savi.org/SAVI/PopUps/AssetMoreInfo.aspx?AssetID=930695"}},{"type":"Feature","geometry":{"type":"Point","coordinates":[-85.98848359,39.7731856]},"properties":{"name":"Bright Beginnings Early Learning Center","assetType":"Child Care Centers","dataYear":"2018","assetId":"930700","subcategory":"Social and Community Services","detail":"https://classic.savi.org/SAVI/PopUps/AssetMoreInfo.aspx?AssetID=930700"}},{"type":"Feature","geometry":{"type":"Point","coordinates":[-86.05017219,39.8491253]},"properties":{"name":"Brook Park Elementary - Before & After Care","assetType":"Child Care Centers","dataYear":"2018","assetId":"930678","subcategory":"Social and Community Services","detail":"https://classic.savi.org/SAVI/PopUps/AssetMoreInfo.aspx?AssetID=930678"}},{"type":"Feature","geometry":{"type":"Point","coordinates":[-86.38366659,39.85312623]},"properties":{"name":"Brownsburg Academy","assetType":"Child Care Centers","dataYear":"2018","assetId":"930770","subcategory":"Social and Community Services","detail":"https://classic.savi.org/SAVI/PopUps/AssetMoreInfo.aspx?AssetID=930770"}},{"type":"Feature","geometry":{"type":"Point","coordinates":[-86.38949475,39.83861103]},"properties":{"name":"Brownsburg Early Childhood Center","assetType":"Child Care Centers","dataYear":"2018","assetId":"930823","subcategory":"Social and Community Services","detail":"https://classic.savi.org/SAVI/PopUps/AssetMoreInfo.aspx?AssetID=930823"}},{"type":"Feature","geometry":{"type":"Point","coordinates":[-86.11601035,39.63285515]},"properties":{"name":"Building Bridges Early Learning Center","assetType":"Child Care Centers","dataYear":"2018","assetId":"931013","subcategory":"Social and Community Services","detail":"https://classic.savi.org/SAVI/PopUps/AssetMoreInfo.aspx?AssetID=931013"}},{"type":"Feature","geometry":{"type":"Point","coordinates":[-86.38678403,39.7666466]},"properties":{"name":"Buttons & Bows at Beechwood","assetType":"Child Care Centers","dataYear":"2018","assetId":"930843","subcategory":"Social and Community Services","detail":"https://classic.savi.org/SAVI/PopUps/AssetMoreInfo.aspx?AssetID=930843"}},{"type":"Feature","geometry":{"type":"Point","coordinates":[-86.01170847,39.82746745]},"properties":{"name":"CAFE - Head Start Center","assetType":"Child Care Centers","dataYear":"2018","assetId":"930870","subcategory":"Social and Community Services","detail":"https://classic.savi.org/SAVI/PopUps/AssetMoreInfo.aspx?AssetID=930870"}},{"type":"Feature","geometry":{"type":"Point","coordinates":[-85.99904668,40.01680426]},"properties":{"name":"CDMP LLC dba Primrose School of Noblesville","assetType":"Child Care Centers","dataYear":"2018","assetId":"931072","subcategory":"Social and Community Services","detail":"https://classic.savi.org/SAVI/PopUps/AssetMoreInfo.aspx?AssetID=931072"}},{"type":"Feature","geometry":{"type":"Point","coordinates":[-86.14431028,39.95684154]},"properties":{"name":"CLA Carmel LLC","assetType":"Child Care Centers","dataYear":"2018","assetId":"930882","subcategory":"Social and Community Services","detail":"https://classic.savi.org/SAVI/PopUps/AssetMoreInfo.aspx?AssetID=930882"}},{"type":"Feature","geometry":{"type":"Point","coordinates":[-86.00247376,39.983076]},"properties":{"name":"CLA Fishers LLC","assetType":"Child Care Centers","dataYear":"2018","assetId":"931018","subcategory":"Social and Community Services","detail":"https://classic.savi.org/SAVI/PopUps/AssetMoreInfo.aspx?AssetID=931018"}},{"type":"Feature","geometry":{"type":"Point","coordinates":[-86.06649637,39.48582973]},"properties":{"name":"Canary Creek Head Start","assetType":"Child Care Centers","dataYear":"2018","assetId":"931064","subcategory":"Social and Community Services","detail":"https://classic.savi.org/SAVI/PopUps/AssetMoreInfo.aspx?AssetID=931064"}},{"type":"Feature","geometry":{"type":"Point","coordinates":[-86.16963209,40.01143266]},"properties":{"name":"Centennial Kinder Care","assetType":"Child Care Centers","dataYear":"2018","assetId":"931002","subcategory":"Social and Community Services","detail":"https://classic.savi.org/SAVI/PopUps/AssetMoreInfo.aspx?AssetID=931002"}},{"type":"Feature","geometry":{"type":"Point","coordinates":[-86.00921158,39.79112782]},"properties":{"name":"Champion Kidz Educational Institute and Childcare","assetType":"Child Care Centers","dataYear":"2018","assetId":"930669","subcategory":"Social and Community Services","detail":"https://classic.savi.org/SAVI/PopUps/AssetMoreInfo.aspx?AssetID=930669"}},{"type":"Feature","geometry":{"type":"Point","coordinates":[-85.76193602,39.50884258]},"properties":{"name":"Children Today Child Care Centers Inc","assetType":"Child Care Centers","dataYear":"2018","assetId":"930741","subcategory":"Social and Community Services","detail":"https://classic.savi.org/SAVI/PopUps/AssetMoreInfo.aspx?AssetID=930741"}},{"type":"Feature","geometry":{"type":"Point","coordinates":[-86.39714234,39.74296315]},"properties":{"name":"Children of America","assetType":"Child Care Centers","dataYear":"2018","assetId":"930775","subcategory":"Social and Community Services","detail":"https://classic.savi.org/SAVI/PopUps/AssetMoreInfo.aspx?AssetID=930775"}},{"type":"Feature","geometry":{"type":"Point","coordinates":[-85.97558145,39.86260803]},"properties":{"name":"Children of America","assetType":"Child Care Centers","dataYear":"2018","assetId":"930864","subcategory":"Social and Community Services","detail":"https://classic.savi.org/SAVI/PopUps/AssetMoreInfo.aspx?AssetID=930864"}},{"type":"Feature","geometry":{"type":"Point","coordinates":[-86.29388568,39.68232649]},"properties":{"name":"Children s Village","assetType":"Child Care Centers","dataYear":"2018","assetId":"930802","subcategory":"Social and Community Services","detail":"https://classic.savi.org/SAVI/PopUps/AssetMoreInfo.aspx?AssetID=930802"}},{"type":"Feature","geometry":{"type":"Point","coordinates":[-86.4000271,39.78014114]},"properties":{"name":"Childtime Learning Center","assetType":"Child Care Centers","dataYear":"2018","assetId":"930773","subcategory":"Social and Community Services","detail":"https://classic.savi.org/SAVI/PopUps/AssetMoreInfo.aspx?AssetID=930773"}},{"type":"Feature","geometry":{"type":"Point","coordinates":[-86.08910297,39.5640624]},"properties":{"name":"Childtime Learning Center","assetType":"Child Care Centers","dataYear":"2018","assetId":"931061","subcategory":"Social and Community Services","detail":"https://classic.savi.org/SAVI/PopUps/AssetMoreInfo.aspx?AssetID=931061"}},{"type":"Feature","geometry":{"type":"Point","coordinates":[-86.33170462,39.63848154]},"properties":{"name":"Childtime Learning Center","assetType":"Child Care Centers","dataYear":"2018","assetId":"930820","subcategory":"Social and Community Services","detail":"https://classic.savi.org/SAVI/PopUps/AssetMoreInfo.aspx?AssetID=930820"}},{"type":"Feature","geometry":{"type":"Point","coordinates":[-86.20141271,39.77509015]},"properties":{"name":"Christamore House Early Childhood Foundation","assetType":"Child Care Centers","dataYear":"2018","assetId":"930805","subcategory":"Social and Community Services","detail":"https://classic.savi.org/SAVI/PopUps/AssetMoreInfo.aspx?AssetID=930805"}},{"type":"Feature","geometry":{"type":"Point","coordinates":[-86.79509688,39.50767969]},"properties":{"name":"Cloverdale Family Resource Center Head Start","assetType":"Child Care Centers","dataYear":"2018","assetId":"930697","subcategory":"Social and Community Services","detail":"https://classic.savi.org/SAVI/PopUps/AssetMoreInfo.aspx?AssetID=930697"}},{"type":"Feature","geometry":{"type":"Point","coordinates":[-86.32376046,39.92479843]},"properties":{"name":"Colonial Village Nursery and Day Care Center Inc","assetType":"Child Care Centers","dataYear":"2018","assetId":"930884","subcategory":"Social and Community Services","detail":"https://classic.savi.org/SAVI/PopUps/AssetMoreInfo.aspx?AssetID=930884"}},{"type":"Feature","geometry":{"type":"Point","coordinates":[-86.15969846,39.75008158]},"properties":{"name":"Concord Child Development Center","assetType":"Child Care Centers","dataYear":"2018","assetId":"930868","subcategory":"Social and Community Services","detail":"https://classic.savi.org/SAVI/PopUps/AssetMoreInfo.aspx?AssetID=930868"}},{"type":"Feature","geometry":{"type":"Point","coordinates":[-86.16182483,39.41152187]},"properties":{"name":"Country Kids Pre-School & Childcare","assetType":"Child Care Centers","dataYear":"2018","assetId":"931062","subcategory":"Social and Community Services","detail":"https://classic.savi.org/SAVI/PopUps/AssetMoreInfo.aspx?AssetID=931062"}},{"type":"Feature","geometry":{"type":"Point","coordinates":[-86.15936367,39.63883391]},"properties":{"name":"Country Woods Kinder Care","assetType":"Child Care Centers","dataYear":"2018","assetId":"930756","subcategory":"Social and Community Services","detail":"https://classic.savi.org/SAVI/PopUps/AssetMoreInfo.aspx?AssetID=930756"}},{"type":"Feature","geometry":{"type":"Point","coordinates":[-86.52645846,39.75921315]},"properties":{"name":"Cradles to Crayons","assetType":"Child Care Centers","dataYear":"2018","assetId":"930819","subcategory":"Social and Community Services","detail":"https://classic.savi.org/SAVI/PopUps/AssetMoreInfo.aspx?AssetID=930819"}},{"type":"Feature","geometry":{"type":"Point","coordinates":[-85.99675896,40.06473174]},"properties":{"name":"Creative Campus Child Care","assetType":"Child Care Centers","dataYear":"2018","assetId":"931016","subcategory":"Social and Community Services","detail":"https://classic.savi.org/SAVI/PopUps/AssetMoreInfo.aspx?AssetID=931016"}},{"type":"Feature","geometry":{"type":"Point","coordinates":[-86.07733128,39.70087639]},"properties":{"name":"Creative Child Development Center","assetType":"Child Care Centers","dataYear":"2018","assetId":"930696","subcategory":"Social and Community Services","detail":"https://classic.savi.org/SAVI/PopUps/AssetMoreInfo.aspx?AssetID=930696"}},{"type":"Feature","geometry":{"type":"Point","coordinates":[-86.07835154,39.70159091]},"properties":{"name":"Creative Child Development Center","assetType":"Child Care Centers","dataYear":"2018","assetId":"930693","subcategory":"Social and Community Services","detail":"https://classic.savi.org/SAVI/PopUps/AssetMoreInfo.aspx?AssetID=930693"}},{"type":"Feature","geometry":{"type":"Point","coordinates":[-86.03434292,39.88454028]},"properties":{"name":"Crestview Elementary - Before & After Care","assetType":"Child Care Centers","dataYear":"2018","assetId":"930679","subcategory":"Social and Community Services","detail":"https://classic.savi.org/SAVI/PopUps/AssetMoreInfo.aspx?AssetID=930679"}},{"type":"Feature","geometry":{"type":"Point","coordinates":[-86.15502691,39.77474821]},"properties":{"name":"Day Early Learning","assetType":"Child Care Centers","dataYear":"2018","assetId":"930694","subcategory":"Social and Community Services","detail":"https://classic.savi.org/SAVI/PopUps/AssetMoreInfo.aspx?AssetID=930694"}},{"type":"Feature","geometry":{"type":"Point","coordinates":[-86.16418047,39.79654421]},"properties":{"name":"Day Early Learning - IU Health","assetType":"Child Care Centers","dataYear":"2018","assetId":"930793","subcategory":"Social and Community Services","detail":"https://classic.savi.org/SAVI/PopUps/AssetMoreInfo.aspx?AssetID=930793"}},{"type":"Feature","geometry":{"type":"Point","coordinates":[-86.01764661,39.8539127]},"properties":{"name":"Day Early Learning Fort Harrison","assetType":"Child Care Centers","dataYear":"2018","assetId":"930791","subcategory":"Social and Community Services","detail":"https://classic.savi.org/SAVI/PopUps/AssetMoreInfo.aspx?AssetID=930791"}},{"type":"Feature","geometry":{"type":"Point","coordinates":[-86.26242297,39.88430381]},"properties":{"name":"Day Early Learning Indiana at Park 100","assetType":"Child Care Centers","dataYear":"2018","assetId":"930861","subcategory":"Social and Community Services","detail":"https://classic.savi.org/SAVI/PopUps/AssetMoreInfo.aspx?AssetID=930861"}},{"type":"Feature","geometry":{"type":"Point","coordinates":[-86.14984308,39.81983039]},"properties":{"name":"Day Early Learning Lilly Family Center","assetType":"Child Care Centers","dataYear":"2018","assetId":"930761","subcategory":"Social and Community Services","detail":"https://classic.savi.org/SAVI/PopUps/AssetMoreInfo.aspx?AssetID=930761"}},{"type":"Feature","geometry":{"type":"Point","coordinates":[-86.06928397,39.81113961]},"properties":{"name":"Day Early Learning at Eastern Star Church","assetType":"Child Care Centers","dataYear":"2018","assetId":"930859","subcategory":"Social and Community Services","detail":"https://classic.savi.org/SAVI/PopUps/AssetMoreInfo.aspx?AssetID=930859"}},{"type":"Feature","geometry":{"type":"Point","coordinates":[-86.15892772,39.79939583]},"properties":{"name":"Day Early Learning at Phalen Leadership Academy","assetType":"Child Care Centers","dataYear":"2018","assetId":"930705","subcategory":"Social and Community Services","detail":"https://classic.savi.org/SAVI/PopUps/AssetMoreInfo.aspx?AssetID=930705"}},{"type":"Feature","geometry":{"type":"Point","coordinates":[-86.17976201,39.78907785]},"properties":{"name":"Day Early Learning for Infants and Toddlers","assetType":"Child Care Centers","dataYear":"2018","assetId":"930704","subcategory":"Social and Community Services","detail":"https://classic.savi.org/SAVI/PopUps/AssetMoreInfo.aspx?AssetID=930704"}},{"type":"Feature","geometry":{"type":"Point","coordinates":[-86.11619019,39.77007611]},"properties":{"name":"DayStar Infant Learning Center","assetType":"Child Care Centers","dataYear":"2018","assetId":"930854","subcategory":"Social and Community Services","detail":"https://classic.savi.org/SAVI/PopUps/AssetMoreInfo.aspx?AssetID=930854"}},{"type":"Feature","geometry":{"type":"Point","coordinates":[-86.23740393,39.80928078]},"properties":{"name":"Dell s Caring Academy","assetType":"Child Care Centers","dataYear":"2018","assetId":"930723","subcategory":"Social and Community Services","detail":"https://classic.savi.org/SAVI/PopUps/AssetMoreInfo.aspx?AssetID=930723"}},{"type":"Feature","geometry":{"type":"Point","coordinates":[-86.25937044,39.74842164]},"properties":{"name":"Dena s Day Care Center Inc","assetType":"Child Care Centers","dataYear":"2018","assetId":"930762","subcategory":"Social and Community Services","detail":"https://classic.savi.org/SAVI/PopUps/AssetMoreInfo.aspx?AssetID=930762"}},{"type":"Feature","geometry":{"type":"Point","coordinates":[-86.06847397,39.51927635]},"properties":{"name":"Discovery Center","assetType":"Child Care Centers","dataYear":"2018","assetId":"931066","subcategory":"Social and Community Services","detail":"https://classic.savi.org/SAVI/PopUps/AssetMoreInfo.aspx?AssetID=931066"}},{"type":"Feature","geometry":{"type":"Point","coordinates":[-86.04298333,39.95635312]},"properties":{"name":"Dolce Daycare and Preschool","assetType":"Child Care Centers","dataYear":"2018","assetId":"931079","subcategory":"Social and Community Services","detail":"https://classic.savi.org/SAVI/PopUps/AssetMoreInfo.aspx?AssetID=931079"}},{"type":"Feature","geometry":{"type":"Point","coordinates":[-86.09334503,39.86872009]},"properties":{"name":"E 62nd St Kinder Care","assetType":"Child Care Centers","dataYear":"2018","assetId":"930800","subcategory":"Social and Community Services","detail":"https://classic.savi.org/SAVI/PopUps/AssetMoreInfo.aspx?AssetID=930800"}},{"type":"Feature","geometry":{"type":"Point","coordinates":[-86.26016037,39.92667179]},"properties":{"name":"Early Learning Academy","assetType":"Child Care Centers","dataYear":"2018","assetId":"931024","subcategory":"Social and Community Services","detail":"https://classic.savi.org/SAVI/PopUps/AssetMoreInfo.aspx?AssetID=931024"}},{"type":"Feature","geometry":{"type":"Point","coordinates":[-86.1011663,39.74977967]},"properties":{"name":"Early Learning Centers Inc","assetType":"Child Care Centers","dataYear":"2018","assetId":"930755","subcategory":"Social and Community Services","detail":"https://classic.savi.org/SAVI/PopUps/AssetMoreInfo.aspx?AssetID=930755"}},{"type":"Feature","geometry":{"type":"Point","coordinates":[-86.14944556,39.76031604]},"properties":{"name":"East Street Station Lilly Child Development Centr","assetType":"Child Care Centers","dataYear":"2018","assetId":"930754","subcategory":"Social and Community Services","detail":"https://classic.savi.org/SAVI/PopUps/AssetMoreInfo.aspx?AssetID=930754"}},{"type":"Feature","geometry":{"type":"Point","coordinates":[-86.12192357,39.77527478]},"properties":{"name":"East Tenth Preschool at Thomas Gregg","assetType":"Child Care Centers","dataYear":"2018","assetId":"930714","subcategory":"Social and Community Services","detail":"https://classic.savi.org/SAVI/PopUps/AssetMoreInfo.aspx?AssetID=930714"}},{"type":"Feature","geometry":{"type":"Point","coordinates":[-85.98017875,39.77711744]},"properties":{"name":"Education Depot of Washington Pointe","assetType":"Child Care Centers","dataYear":"2018","assetId":"930718","subcategory":"Social and Community Services","detail":"https://classic.savi.org/SAVI/PopUps/AssetMoreInfo.aspx?AssetID=930718"}},{"type":"Feature","geometry":{"type":"Point","coordinates":[-85.83692066,40.28562119]},"properties":{"name":"Elwood Elementary Preschool","assetType":"Child Care Centers","dataYear":"2018","assetId":"930766","subcategory":"Social and Community Services","detail":"https://classic.savi.org/SAVI/PopUps/AssetMoreInfo.aspx?AssetID=930766"}},{"type":"Feature","geometry":{"type":"Point","coordinates":[-85.7681533,40.00258066]},"properties":{"name":"Fall Creek Academy Inc","assetType":"Child Care Centers","dataYear":"2018","assetId":"930765","subcategory":"Social and Community Services","detail":"https://classic.savi.org/SAVI/PopUps/AssetMoreInfo.aspx?AssetID=930765"}},{"type":"Feature","geometry":{"type":"Point","coordinates":[-86.02398703,39.83336517]},"properties":{"name":"Fannie s Baby s Bungalow","assetType":"Child Care Centers","dataYear":"2018","assetId":"930676","subcategory":"Social and Community Services","detail":"https://classic.savi.org/SAVI/PopUps/AssetMoreInfo.aspx?AssetID=930676"}},{"type":"Feature","geometry":{"type":"Point","coordinates":[-86.11418345,39.8833696]},"properties":{"name":"Fay Biccard Glick Neighborhood Center Preschool","assetType":"Child Care Centers","dataYear":"2018","assetId":"930706","subcategory":"Social and Community Services","detail":"https://classic.savi.org/SAVI/PopUps/AssetMoreInfo.aspx?AssetID=930706"}},{"type":"Feature","geometry":{"type":"Point","coordinates":[-86.01931153,39.79734811]},"properties":{"name":"Finding Me Now","assetType":"Child Care Centers","dataYear":"2018","assetId":"930733","subcategory":"Social and Community Services","detail":"https://classic.savi.org/SAVI/PopUps/AssetMoreInfo.aspx?AssetID=930733"}},{"type":"Feature","geometry":{"type":"Point","coordinates":[-86.1179205,39.6498894]},"properties":{"name":"Finding Me Now","assetType":"Child Care Centers","dataYear":"2018","assetId":"930709","subcategory":"Social and Community Services","detail":"https://classic.savi.org/SAVI/PopUps/AssetMoreInfo.aspx?AssetID=930709"}},{"type":"Feature","geometry":{"type":"Point","coordinates":[-86.17027103,39.80159246]},"properties":{"name":"Flanner House Child Development Center","assetType":"Child Care Centers","dataYear":"2018","assetId":"930816","subcategory":"Social and Community Services","detail":"https://classic.savi.org/SAVI/PopUps/AssetMoreInfo.aspx?AssetID=930816"}},{"type":"Feature","geometry":{"type":"Point","coordinates":[-85.99973999,39.87261207]},"properties":{"name":"Forest Glen Elementary - Before & After Care","assetType":"Child Care Centers","dataYear":"2018","assetId":"930680","subcategory":"Social and Community Services","detail":"https://classic.savi.org/SAVI/PopUps/AssetMoreInfo.aspx?AssetID=930680"}},{"type":"Feature","geometry":{"type":"Point","coordinates":[-86.22117023,39.92577281]},"properties":{"name":"Funshine Children s Center","assetType":"Child Care Centers","dataYear":"2018","assetId":"930794","subcategory":"Social and Community Services","detail":"https://classic.savi.org/SAVI/PopUps/AssetMoreInfo.aspx?AssetID=930794"}},{"type":"Feature","geometry":{"type":"Point","coordinates":[-85.68067007,40.10393727]},"properties":{"name":"Gateway Developmental Learning Center","assetType":"Child Care Centers","dataYear":"2018","assetId":"931058","subcategory":"Social and Community Services","detail":"https://classic.savi.org/SAVI/PopUps/AssetMoreInfo.aspx?AssetID=931058"}},{"type":"Feature","geometry":{"type":"Point","coordinates":[-86.2886627,39.78313621]},"properties":{"name":"Giant Preschool Learning Center","assetType":"Child Care Centers","dataYear":"2018","assetId":"930869","subcategory":"Social and Community Services","detail":"https://classic.savi.org/SAVI/PopUps/AssetMoreInfo.aspx?AssetID=930869"}},{"type":"Feature","geometry":{"type":"Point","coordinates":[-86.11915582,39.88985008]},"properties":{"name":"Gifted & Talented Academy North","assetType":"Child Care Centers","dataYear":"2018","assetId":"930703","subcategory":"Social and Community Services","detail":"https://classic.savi.org/SAVI/PopUps/AssetMoreInfo.aspx?AssetID=930703"}},{"type":"Feature","geometry":{"type":"Point","coordinates":[-86.08400337,39.65222483]},"properties":{"name":"Goddard School","assetType":"Child Care Centers","dataYear":"2018","assetId":"930807","subcategory":"Social and Community Services","detail":"https://classic.savi.org/SAVI/PopUps/AssetMoreInfo.aspx?AssetID=930807"}},{"type":"Feature","geometry":{"type":"Point","coordinates":[-86.28405589,39.95085785]},"properties":{"name":"Goddard School","assetType":"Child Care Centers","dataYear":"2018","assetId":"930883","subcategory":"Social and Community Services","detail":"https://classic.savi.org/SAVI/PopUps/AssetMoreInfo.aspx?AssetID=930883"}},{"type":"Feature","geometry":{"type":"Point","coordinates":[-86.09128417,39.86872961]},"properties":{"name":"Goddard School Indianapolis North","assetType":"Child Care Centers","dataYear":"2018","assetId":"930666","subcategory":"Social and Community Services","detail":"https://classic.savi.org/SAVI/PopUps/AssetMoreInfo.aspx?AssetID=930666"}},{"type":"Feature","geometry":{"type":"Point","coordinates":[-85.97458572,39.8967277]},"properties":{"name":"Goddard School The","assetType":"Child Care Centers","dataYear":"2018","assetId":"930795","subcategory":"Social and Community Services","detail":"https://classic.savi.org/SAVI/PopUps/AssetMoreInfo.aspx?AssetID=930795"}},{"type":"Feature","geometry":{"type":"Point","coordinates":[-86.02098897,39.95360117]},"properties":{"name":"Goddard School The","assetType":"Child Care Centers","dataYear":"2018","assetId":"930850","subcategory":"Social and Community Services","detail":"https://classic.savi.org/SAVI/PopUps/AssetMoreInfo.aspx?AssetID=930850"}},{"type":"Feature","geometry":{"type":"Point","coordinates":[-86.11736384,40.00329036]},"properties":{"name":"Goddard School The","assetType":"Child Care Centers","dataYear":"2018","assetId":"930786","subcategory":"Social and Community Services","detail":"https://classic.savi.org/SAVI/PopUps/AssetMoreInfo.aspx?AssetID=930786"}},{"type":"Feature","geometry":{"type":"Point","coordinates":[-86.19690945,39.60861362]},"properties":{"name":"Goddard School The","assetType":"Child Care Centers","dataYear":"2018","assetId":"931063","subcategory":"Social and Community Services","detail":"https://classic.savi.org/SAVI/PopUps/AssetMoreInfo.aspx?AssetID=931063"}},{"type":"Feature","geometry":{"type":"Point","coordinates":[-86.37119527,39.76243739]},"properties":{"name":"Goddard School The","assetType":"Child Care Centers","dataYear":"2018","assetId":"930776","subcategory":"Social and Community Services","detail":"https://classic.savi.org/SAVI/PopUps/AssetMoreInfo.aspx?AssetID=930776"}},{"type":"Feature","geometry":{"type":"Point","coordinates":[-86.2289076,39.71298494]},"properties":{"name":"Goodwin - Head Start Center","assetType":"Child Care Centers","dataYear":"2018","assetId":"930732","subcategory":"Social and Community Services","detail":"https://classic.savi.org/SAVI/PopUps/AssetMoreInfo.aspx?AssetID=930732"}},{"type":"Feature","geometry":{"type":"Point","coordinates":[-86.81866992,39.648341]},"properties":{"name":"Greencastle Family Resource Center","assetType":"Child Care Centers","dataYear":"2018","assetId":"930744","subcategory":"Social and Community Services","detail":"https://classic.savi.org/SAVI/PopUps/AssetMoreInfo.aspx?AssetID=930744"}},{"type":"Feature","geometry":{"type":"Point","coordinates":[-86.04644062,40.04448004]},"properties":{"name":"Hamilton County Head Start Center","assetType":"Child Care Centers","dataYear":"2018","assetId":"931073","subcategory":"Social and Community Services","detail":"https://classic.savi.org/SAVI/PopUps/AssetMoreInfo.aspx?AssetID=931073"}},{"type":"Feature","geometry":{"type":"Point","coordinates":[-86.03658992,39.85005837]},"properties":{"name":"Harrison Hill Elementary - Before & After Care","assetType":"Child Care Centers","dataYear":"2018","assetId":"930681","subcategory":"Social and Community Services","detail":"https://classic.savi.org/SAVI/PopUps/AssetMoreInfo.aspx?AssetID=930681"}},{"type":"Feature","geometry":{"type":"Point","coordinates":[-86.20217863,39.76859191]},"properties":{"name":"Hawthorne Community Center","assetType":"Child Care Centers","dataYear":"2018","assetId":"930747","subcategory":"Social and Community Services","detail":"https://classic.savi.org/SAVI/PopUps/AssetMoreInfo.aspx?AssetID=930747"}},{"type":"Feature","geometry":{"type":"Point","coordinates":[-86.1614235,39.95418558]},"properties":{"name":"Heartland Hall Child Development Center","assetType":"Child Care Centers","dataYear":"2018","assetId":"930880","subcategory":"Social and Community Services","detail":"https://classic.savi.org/SAVI/PopUps/AssetMoreInfo.aspx?AssetID=930880"}},{"type":"Feature","geometry":{"type":"Point","coordinates":[-86.46747263,39.76123788]},"properties":{"name":"Hendricks County Resource Center - Head Start","assetType":"Child Care Centers","dataYear":"2018","assetId":"931069","subcategory":"Social and Community Services","detail":"https://classic.savi.org/SAVI/PopUps/AssetMoreInfo.aspx?AssetID=931069"}},{"type":"Feature","geometry":{"type":"Point","coordinates":[-86.19678322,39.57263447]},"properties":{"name":"Honey Grove Educational Center Center Grove","assetType":"Child Care Centers","dataYear":"2018","assetId":"931011","subcategory":"Social and Community Services","detail":"https://classic.savi.org/SAVI/PopUps/AssetMoreInfo.aspx?AssetID=931011"}},{"type":"Feature","geometry":{"type":"Point","coordinates":[-86.19715088,39.54653593]},"properties":{"name":"Honey Grove Educational Center Bargersville","assetType":"Child Care Centers","dataYear":"2018","assetId":"931067","subcategory":"Social and Community Services","detail":"https://classic.savi.org/SAVI/PopUps/AssetMoreInfo.aspx?AssetID=931067"}},{"type":"Feature","geometry":{"type":"Point","coordinates":[-85.7725863,39.80507085]},"properties":{"name":"House of Kids Inc II","assetType":"Child Care Centers","dataYear":"2018","assetId":"930845","subcategory":"Social and Community Services","detail":"https://classic.savi.org/SAVI/PopUps/AssetMoreInfo.aspx?AssetID=930845"}},{"type":"Feature","geometry":{"type":"Point","coordinates":[-85.78605503,39.50954756]},"properties":{"name":"Human Services Inc Shelbyville Head Start","assetType":"Child Care Centers","dataYear":"2018","assetId":"930742","subcategory":"Social and Community Services","detail":"https://classic.savi.org/SAVI/PopUps/AssetMoreInfo.aspx?AssetID=930742"}},{"type":"Feature","geometry":{"type":"Point","coordinates":[-86.18310494,39.77251865]},"properties":{"name":"I U P U I Center for Young Children","assetType":"Child Care Centers","dataYear":"2018","assetId":"930806","subcategory":"Social and Community Services","detail":"https://classic.savi.org/SAVI/PopUps/AssetMoreInfo.aspx?AssetID=930806"}},{"type":"Feature","geometry":{"type":"Point","coordinates":[-86.4267795,39.7616039]},"properties":{"name":"Imagination Station","assetType":"Child Care Centers","dataYear":"2018","assetId":"930844","subcategory":"Social and Community Services","detail":"https://classic.savi.org/SAVI/PopUps/AssetMoreInfo.aspx?AssetID=930844"}},{"type":"Feature","geometry":{"type":"Point","coordinates":[-85.97636484,39.85450094]},"properties":{"name":"Indian Creek Elementary - Before & After Care","assetType":"Child Care Centers","dataYear":"2018","assetId":"930682","subcategory":"Social and Community Services","detail":"https://classic.savi.org/SAVI/PopUps/AssetMoreInfo.aspx?AssetID=930682"}},{"type":"Feature","geometry":{"type":"Point","coordinates":[-86.25875316,39.98656839]},"properties":{"name":"Inter Active Academy","assetType":"Child Care Centers","dataYear":"2018","assetId":"930885","subcategory":"Social and Community Services","detail":"https://classic.savi.org/SAVI/PopUps/AssetMoreInfo.aspx?AssetID=930885"}},{"type":"Feature","geometry":{"type":"Point","coordinates":[-86.127681,39.91232508]},"properties":{"name":"J Everett Light Child Care Center","assetType":"Child Care Centers","dataYear":"2018","assetId":"930817","subcategory":"Social and Community Services","detail":"https://classic.savi.org/SAVI/PopUps/AssetMoreInfo.aspx?AssetID=930817"}},{"type":"Feature","geometry":{"type":"Point","coordinates":[-86.1743456,39.87761487]},"properties":{"name":"Jewish Community Center","assetType":"Child Care Centers","dataYear":"2018","assetId":"930818","subcategory":"Social and Community Services","detail":"https://classic.savi.org/SAVI/PopUps/AssetMoreInfo.aspx?AssetID=930818"}},{"type":"Feature","geometry":{"type":"Point","coordinates":[-86.22598264,39.77371321]},"properties":{"name":"Joy s Helping Hand Child Care","assetType":"Child Care Centers","dataYear":"2018","assetId":"930707","subcategory":"Social and Community Services","detail":"https://classic.savi.org/SAVI/PopUps/AssetMoreInfo.aspx?AssetID=930707"}},{"type":"Feature","geometry":{"type":"Point","coordinates":[-86.49124057,40.04306873]},"properties":{"name":"Just Be Kids Learning Center","assetType":"Child Care Centers","dataYear":"2018","assetId":"931082","subcategory":"Social and Community Services","detail":"https://classic.savi.org/SAVI/PopUps/AssetMoreInfo.aspx?AssetID=931082"}},{"type":"Feature","geometry":{"type":"Point","coordinates":[-86.05558579,39.50575241]},"properties":{"name":"Kid City Academy","assetType":"Child Care Centers","dataYear":"2018","assetId":"931065","subcategory":"Social and Community Services","detail":"https://classic.savi.org/SAVI/PopUps/AssetMoreInfo.aspx?AssetID=931065"}},{"type":"Feature","geometry":{"type":"Point","coordinates":[-86.00959754,39.92857343]},"properties":{"name":"Kid City USA - Fishers","assetType":"Child Care Centers","dataYear":"2018","assetId":"931076","subcategory":"Social and Community Services","detail":"https://classic.savi.org/SAVI/PopUps/AssetMoreInfo.aspx?AssetID=931076"}},{"type":"Feature","geometry":{"type":"Point","coordinates":[-86.15431145,39.81031868]},"properties":{"name":"Kid City USA - Meridian Park","assetType":"Child Care Centers","dataYear":"2018","assetId":"930715","subcategory":"Social and Community Services","detail":"https://classic.savi.org/SAVI/PopUps/AssetMoreInfo.aspx?AssetID=930715"}},{"type":"Feature","geometry":{"type":"Point","coordinates":[-86.00297754,39.97395044]},"properties":{"name":"Kid s World Private Preschool","assetType":"Child Care Centers","dataYear":"2018","assetId":"930852","subcategory":"Social and Community Services","detail":"https://classic.savi.org/SAVI/PopUps/AssetMoreInfo.aspx?AssetID=930852"}},{"type":"Feature","geometry":{"type":"Point","coordinates":[-85.91672215,39.95938951]},"properties":{"name":"Kiddie Academy of Fishers","assetType":"Child Care Centers","dataYear":"2018","assetId":"931078","subcategory":"Social and Community Services","detail":"https://classic.savi.org/SAVI/PopUps/AssetMoreInfo.aspx?AssetID=931078"}},{"type":"Feature","geometry":{"type":"Point","coordinates":[-86.08361342,39.6266965]},"properties":{"name":"Kids Kingdom Early Learning Center","assetType":"Child Care Centers","dataYear":"2018","assetId":"931009","subcategory":"Social and Community Services","detail":"https://classic.savi.org/SAVI/PopUps/AssetMoreInfo.aspx?AssetID=931009"}},{"type":"Feature","geometry":{"type":"Point","coordinates":[-86.05930064,39.90173727]},"properties":{"name":"Kidscape 2","assetType":"Child Care Centers","dataYear":"2018","assetId":"930686","subcategory":"Social and Community Services","detail":"https://classic.savi.org/SAVI/PopUps/AssetMoreInfo.aspx?AssetID=930686"}},{"type":"Feature","geometry":{"type":"Point","coordinates":[-86.28537446,39.74213812]},"properties":{"name":"Kidscape Learning Center","assetType":"Child Care Centers","dataYear":"2018","assetId":"930867","subcategory":"Social and Community Services","detail":"https://classic.savi.org/SAVI/PopUps/AssetMoreInfo.aspx?AssetID=930867"}},{"type":"Feature","geometry":{"type":"Point","coordinates":[-86.38701009,39.86549336]},"properties":{"name":"Kidz Korner K&K Daycare LLC","assetType":"Child Care Centers","dataYear":"2018","assetId":"930821","subcategory":"Social and Community Services","detail":"https://classic.savi.org/SAVI/PopUps/AssetMoreInfo.aspx?AssetID=930821"}},{"type":"Feature","geometry":{"type":"Point","coordinates":[-86.27472639,39.88035929]},"properties":{"name":"Kinder Care","assetType":"Child Care Centers","dataYear":"2018","assetId":"930866","subcategory":"Social and Community Services","detail":"https://classic.savi.org/SAVI/PopUps/AssetMoreInfo.aspx?AssetID=930866"}},{"type":"Feature","geometry":{"type":"Point","coordinates":[-86.03786029,39.9055284]},"properties":{"name":"Kinder Care","assetType":"Child Care Centers","dataYear":"2018","assetId":"930734","subcategory":"Social and Community Services","detail":"https://classic.savi.org/SAVI/PopUps/AssetMoreInfo.aspx?AssetID=930734"}},{"type":"Feature","geometry":{"type":"Point","coordinates":[-86.22660601,39.91210848]},"properties":{"name":"Kinder Care","assetType":"Child Care Centers","dataYear":"2018","assetId":"930798","subcategory":"Social and Community Services","detail":"https://classic.savi.org/SAVI/PopUps/AssetMoreInfo.aspx?AssetID=930798"}},{"type":"Feature","geometry":{"type":"Point","coordinates":[-86.04813388,39.89024113]},"properties":{"name":"Kinder Care","assetType":"Child Care Centers","dataYear":"2018","assetId":"930801","subcategory":"Social and Community Services","detail":"https://classic.savi.org/SAVI/PopUps/AssetMoreInfo.aspx?AssetID=930801"}},{"type":"Feature","geometry":{"type":"Point","coordinates":[-86.10306921,39.72249068]},"properties":{"name":"Kinder Care 126","assetType":"Child Care Centers","dataYear":"2018","assetId":"930764","subcategory":"Social and Community Services","detail":"https://classic.savi.org/SAVI/PopUps/AssetMoreInfo.aspx?AssetID=930764"}},{"type":"Feature","geometry":{"type":"Point","coordinates":[-86.11769014,39.63804381]},"properties":{"name":"Kinder Care 301443","assetType":"Child Care Centers","dataYear":"2018","assetId":"930690","subcategory":"Social and Community Services","detail":"https://classic.savi.org/SAVI/PopUps/AssetMoreInfo.aspx?AssetID=930690"}},{"type":"Feature","geometry":{"type":"Point","coordinates":[-86.27024419,39.82769838]},"properties":{"name":"Kinder Care 070738","assetType":"Child Care Centers","dataYear":"2018","assetId":"930799","subcategory":"Social and Community Services","detail":"https://classic.savi.org/SAVI/PopUps/AssetMoreInfo.aspx?AssetID=930799"}},{"type":"Feature","geometry":{"type":"Point","coordinates":[-86.31964771,39.76463223]},"properties":{"name":"Kinder Care 300133","assetType":"Child Care Centers","dataYear":"2018","assetId":"930810","subcategory":"Social and Community Services","detail":"https://classic.savi.org/SAVI/PopUps/AssetMoreInfo.aspx?AssetID=930810"}},{"type":"Feature","geometry":{"type":"Point","coordinates":[-86.01109947,39.79814401]},"properties":{"name":"Kinder Care Education","assetType":"Child Care Centers","dataYear":"2018","assetId":"930808","subcategory":"Social and Community Services","detail":"https://classic.savi.org/SAVI/PopUps/AssetMoreInfo.aspx?AssetID=930808"}},{"type":"Feature","geometry":{"type":"Point","coordinates":[-86.07117667,39.98185319]},"properties":{"name":"Kinder Care Learning Center","assetType":"Child Care Centers","dataYear":"2018","assetId":"930785","subcategory":"Social and Community Services","detail":"https://classic.savi.org/SAVI/PopUps/AssetMoreInfo.aspx?AssetID=930785"}},{"type":"Feature","geometry":{"type":"Point","coordinates":[-86.12652441,39.96612665]},"properties":{"name":"Kinder Care Learning Center","assetType":"Child Care Centers","dataYear":"2018","assetId":"930879","subcategory":"Social and Community Services","detail":"https://classic.savi.org/SAVI/PopUps/AssetMoreInfo.aspx?AssetID=930879"}},{"type":"Feature","geometry":{"type":"Point","coordinates":[-86.01430559,39.92974921]},"properties":{"name":"Kinder Care Learning Center","assetType":"Child Care Centers","dataYear":"2018","assetId":"930851","subcategory":"Social and Community Services","detail":"https://classic.savi.org/SAVI/PopUps/AssetMoreInfo.aspx?AssetID=930851"}},{"type":"Feature","geometry":{"type":"Point","coordinates":[-86.04213449,39.95484244]},"properties":{"name":"Kinder Care Learning Center","assetType":"Child Care Centers","dataYear":"2018","assetId":"930783","subcategory":"Social and Community Services","detail":"https://classic.savi.org/SAVI/PopUps/AssetMoreInfo.aspx?AssetID=930783"}},{"type":"Feature","geometry":{"type":"Point","coordinates":[-86.11976214,39.91036248]},"properties":{"name":"Kinder Care Learning Center","assetType":"Child Care Centers","dataYear":"2018","assetId":"930804","subcategory":"Social and Community Services","detail":"https://classic.savi.org/SAVI/PopUps/AssetMoreInfo.aspx?AssetID=930804"}},{"type":"Feature","geometry":{"type":"Point","coordinates":[-86.04870885,39.83768559]},"properties":{"name":"Kinder Care Learning Center 125","assetType":"Child Care Centers","dataYear":"2018","assetId":"930763","subcategory":"Social and Community Services","detail":"https://classic.savi.org/SAVI/PopUps/AssetMoreInfo.aspx?AssetID=930763"}},{"type":"Feature","geometry":{"type":"Point","coordinates":[-86.25792199,39.78019551]},"properties":{"name":"Kinder Care Learning Center 131","assetType":"Child Care Centers","dataYear":"2018","assetId":"930809","subcategory":"Social and Community Services","detail":"https://classic.savi.org/SAVI/PopUps/AssetMoreInfo.aspx?AssetID=930809"}},{"type":"Feature","geometry":{"type":"Point","coordinates":[-86.06986772,39.88247691]},"properties":{"name":"Kinder Care Learning Center 134","assetType":"Child Care Centers","dataYear":"2018","assetId":"930811","subcategory":"Social and Community Services","detail":"https://classic.savi.org/SAVI/PopUps/AssetMoreInfo.aspx?AssetID=930811"}},{"type":"Feature","geometry":{"type":"Point","coordinates":[-86.09906452,39.92164804]},"properties":{"name":"Kinder Care Learning Center 1488","assetType":"Child Care Centers","dataYear":"2018","assetId":"930691","subcategory":"Social and Community Services","detail":"https://classic.savi.org/SAVI/PopUps/AssetMoreInfo.aspx?AssetID=930691"}},{"type":"Feature","geometry":{"type":"Point","coordinates":[-86.16359104,39.60168361]},"properties":{"name":"Kinder Care Learning Center 1813","assetType":"Child Care Centers","dataYear":"2018","assetId":"931014","subcategory":"Social and Community Services","detail":"https://classic.savi.org/SAVI/PopUps/AssetMoreInfo.aspx?AssetID=931014"}},{"type":"Feature","geometry":{"type":"Point","coordinates":[-86.2651413,39.88343079]},"properties":{"name":"Kinder Care Knowledge Universe","assetType":"Child Care Centers","dataYear":"2018","assetId":"930803","subcategory":"Social and Community Services","detail":"https://classic.savi.org/SAVI/PopUps/AssetMoreInfo.aspx?AssetID=930803"}},{"type":"Feature","geometry":{"type":"Point","coordinates":[-85.99204714,39.83322947]},"properties":{"name":"Kreeative Kidz Development Center","assetType":"Child Care Centers","dataYear":"2018","assetId":"930699","subcategory":"Social and Community Services","detail":"https://classic.savi.org/SAVI/PopUps/AssetMoreInfo.aspx?AssetID=930699"}},{"type":"Feature","geometry":{"type":"Point","coordinates":[-86.0961683,39.66750917]},"properties":{"name":"LaPetite Academy","assetType":"Child Care Centers","dataYear":"2018","assetId":"930736","subcategory":"Social and Community Services","detail":"https://classic.savi.org/SAVI/PopUps/AssetMoreInfo.aspx?AssetID=930736"}},{"type":"Feature","geometry":{"type":"Point","coordinates":[-86.38100258,39.7706783]},"properties":{"name":"LaPetite Academy","assetType":"Child Care Centers","dataYear":"2018","assetId":"930772","subcategory":"Social and Community Services","detail":"https://classic.savi.org/SAVI/PopUps/AssetMoreInfo.aspx?AssetID=930772"}},{"type":"Feature","geometry":{"type":"Point","coordinates":[-86.28149397,39.82442301]},"properties":{"name":"LaPetite Academy","assetType":"Child Care Centers","dataYear":"2018","assetId":"930738","subcategory":"Social and Community Services","detail":"https://classic.savi.org/SAVI/PopUps/AssetMoreInfo.aspx?AssetID=930738"}},{"type":"Feature","geometry":{"type":"Point","coordinates":[-86.01225271,39.78288117]},"properties":{"name":"LaPetite Academy","assetType":"Child Care Centers","dataYear":"2018","assetId":"930757","subcategory":"Social and Community Services","detail":"https://classic.savi.org/SAVI/PopUps/AssetMoreInfo.aspx?AssetID=930757"}},{"type":"Feature","geometry":{"type":"Point","coordinates":[-86.08426045,39.71133937]},"properties":{"name":"LaPetite Academy Beech Grove","assetType":"Child Care Centers","dataYear":"2018","assetId":"930758","subcategory":"Social and Community Services","detail":"https://classic.savi.org/SAVI/PopUps/AssetMoreInfo.aspx?AssetID=930758"}},{"type":"Feature","geometry":{"type":"Point","coordinates":[-85.91702064,39.93938797]},"properties":{"name":"Leaf Spring School at Geist","assetType":"Child Care Centers","dataYear":"2018","assetId":"931023","subcategory":"Social and Community Services","detail":"https://classic.savi.org/SAVI/PopUps/AssetMoreInfo.aspx?AssetID=931023"}},{"type":"Feature","geometry":{"type":"Point","coordinates":[-86.42390274,39.41181366]},"properties":{"name":"Learning Land Child Care Inc","assetType":"Child Care Centers","dataYear":"2018","assetId":"930665","subcategory":"Social and Community Services","detail":"https://classic.savi.org/SAVI/PopUps/AssetMoreInfo.aspx?AssetID=930665"}},{"type":"Feature","geometry":{"type":"Point","coordinates":[-86.15990305,39.91932695]},"properties":{"name":"Learning Time Preschool","assetType":"Child Care Centers","dataYear":"2018","assetId":"930735","subcategory":"Social and Community Services","detail":"https://classic.savi.org/SAVI/PopUps/AssetMoreInfo.aspx?AssetID=930735"}},{"type":"Feature","geometry":{"type":"Point","coordinates":[-85.99263707,39.90002455]},"properties":{"name":"Learning Time Preschool Inc Geist Campus","assetType":"Child Care Centers","dataYear":"2018","assetId":"930739","subcategory":"Social and Community Services","detail":"https://classic.savi.org/SAVI/PopUps/AssetMoreInfo.aspx?AssetID=930739"}},{"type":"Feature","geometry":{"type":"Point","coordinates":[-86.26108455,39.91319885]},"properties":{"name":"Learning Time Preschool West","assetType":"Child Care Centers","dataYear":"2018","assetId":"930692","subcategory":"Social and Community Services","detail":"https://classic.savi.org/SAVI/PopUps/AssetMoreInfo.aspx?AssetID=930692"}},{"type":"Feature","geometry":{"type":"Point","coordinates":[-86.45761265,40.03392629]},"properties":{"name":"Little Angels LLC","assetType":"Child Care Centers","dataYear":"2018","assetId":"931083","subcategory":"Social and Community Services","detail":"https://classic.savi.org/SAVI/PopUps/AssetMoreInfo.aspx?AssetID=931083"}},{"type":"Feature","geometry":{"type":"Point","coordinates":[-85.942137,39.9591292]},"properties":{"name":"Little Explorers Preschool","assetType":"Child Care Centers","dataYear":"2018","assetId":"930781","subcategory":"Social and Community Services","detail":"https://classic.savi.org/SAVI/PopUps/AssetMoreInfo.aspx?AssetID=930781"}},{"type":"Feature","geometry":{"type":"Point","coordinates":[-86.2311426,39.81992362]},"properties":{"name":"Little Scholars Childcare & Preschool Academy","assetType":"Child Care Centers","dataYear":"2018","assetId":"930717","subcategory":"Social and Community Services","detail":"https://classic.savi.org/SAVI/PopUps/AssetMoreInfo.aspx?AssetID=930717"}},{"type":"Feature","geometry":{"type":"Point","coordinates":[-86.00174182,39.81106701]},"properties":{"name":"Little Steps Childcare Inc","assetType":"Child Care Centers","dataYear":"2018","assetId":"930720","subcategory":"Social and Community Services","detail":"https://classic.savi.org/SAVI/PopUps/AssetMoreInfo.aspx?AssetID=930720"}},{"type":"Feature","geometry":{"type":"Point","coordinates":[-86.08676491,39.73666013]},"properties":{"name":"Lost and Found Paul Miller IPS 114","assetType":"Child Care Centers","dataYear":"2018","assetId":"930675","subcategory":"Social and Community Services","detail":"https://classic.savi.org/SAVI/PopUps/AssetMoreInfo.aspx?AssetID=930675"}},{"type":"Feature","geometry":{"type":"Point","coordinates":[-85.98906994,39.78696285]},"properties":{"name":"MSD Warren Early Childhood Center","assetType":"Child Care Centers","dataYear":"2018","assetId":"930862","subcategory":"Social and Community Services","detail":"https://classic.savi.org/SAVI/PopUps/AssetMoreInfo.aspx?AssetID=930862"}},{"type":"Feature","geometry":{"type":"Point","coordinates":[-86.39235784,39.84136412]},"properties":{"name":"Main Street University 4 Kidz","assetType":"Child Care Centers","dataYear":"2018","assetId":"930824","subcategory":"Social and Community Services","detail":"https://classic.savi.org/SAVI/PopUps/AssetMoreInfo.aspx?AssetID=930824"}},{"type":"Feature","geometry":{"type":"Point","coordinates":[-86.42802131,39.43199291]},"properties":{"name":"Martinsville Resource Center","assetType":"Child Care Centers","dataYear":"2018","assetId":"930663","subcategory":"Social and Community Services","detail":"https://classic.savi.org/SAVI/PopUps/AssetMoreInfo.aspx?AssetID=930663"}},{"type":"Feature","geometry":{"type":"Point","coordinates":[-86.01784089,39.90813878]},"properties":{"name":"Mary Castle Elementary - Before & After Care","assetType":"Child Care Centers","dataYear":"2018","assetId":"930725","subcategory":"Social and Community Services","detail":"https://classic.savi.org/SAVI/PopUps/AssetMoreInfo.aspx?AssetID=930725"}},{"type":"Feature","geometry":{"type":"Point","coordinates":[-86.11929084,39.81850988]},"properties":{"name":"Mini Men Pre-K Leadership Academy","assetType":"Child Care Centers","dataYear":"2018","assetId":"930670","subcategory":"Social and Community Services","detail":"https://classic.savi.org/SAVI/PopUps/AssetMoreInfo.aspx?AssetID=930670"}},{"type":"Feature","geometry":{"type":"Point","coordinates":[-86.06475673,39.79464323]},"properties":{"name":"Miss Gooch Childcare Academy","assetType":"Child Care Centers","dataYear":"2018","assetId":"930713","subcategory":"Social and Community Services","detail":"https://classic.savi.org/SAVI/PopUps/AssetMoreInfo.aspx?AssetID=930713"}},{"type":"Feature","geometry":{"type":"Point","coordinates":[-86.37312217,39.60572357]},"properties":{"name":"Mooresville Family Resource Center","assetType":"Child Care Centers","dataYear":"2018","assetId":"930698","subcategory":"Social and Community Services","detail":"https://classic.savi.org/SAVI/PopUps/AssetMoreInfo.aspx?AssetID=930698"}},{"type":"Feature","geometry":{"type":"Point","coordinates":[-86.16355246,39.82034918]},"properties":{"name":"Mount Zion Daycare Center d b a Mount Zion Academy","assetType":"Child Care Centers","dataYear":"2018","assetId":"930724","subcategory":"Social and Community Services","detail":"https://classic.savi.org/SAVI/PopUps/AssetMoreInfo.aspx?AssetID=930724"}},{"type":"Feature","geometry":{"type":"Point","coordinates":[-85.99915051,39.83360587]},"properties":{"name":"Mt Carmel Community Academy","assetType":"Child Care Centers","dataYear":"2018","assetId":"930863","subcategory":"Social and Community Services","detail":"https://classic.savi.org/SAVI/PopUps/AssetMoreInfo.aspx?AssetID=930863"}},{"type":"Feature","geometry":{"type":"Point","coordinates":[-86.07080543,39.65014285]},"properties":{"name":"My Second Home Childcare and Preschool LLC","assetType":"Child Care Centers","dataYear":"2018","assetId":"930797","subcategory":"Social and Community Services","detail":"https://classic.savi.org/SAVI/PopUps/AssetMoreInfo.aspx?AssetID=930797"}},{"type":"Feature","geometry":{"type":"Point","coordinates":[-86.84136365,39.63185656]},"properties":{"name":"New Pathways Preschool","assetType":"Child Care Centers","dataYear":"2018","assetId":"930743","subcategory":"Social and Community Services","detail":"https://classic.savi.org/SAVI/PopUps/AssetMoreInfo.aspx?AssetID=930743"}},{"type":"Feature","geometry":{"type":"Point","coordinates":[-86.04752935,40.06170533]},"properties":{"name":"Noblesville Kinder Care","assetType":"Child Care Centers","dataYear":"2018","assetId":"931071","subcategory":"Social and Community Services","detail":"https://classic.savi.org/SAVI/PopUps/AssetMoreInfo.aspx?AssetID=931071"}},{"type":"Feature","geometry":{"type":"Point","coordinates":[-86.53523957,39.76919647]},"properties":{"name":"Northview Christian Church Sonshine School","assetType":"Child Care Centers","dataYear":"2018","assetId":"930769","subcategory":"Social and Community Services","detail":"https://classic.savi.org/SAVI/PopUps/AssetMoreInfo.aspx?AssetID=930769"}},{"type":"Feature","geometry":{"type":"Point","coordinates":[-86.08521466,39.75101181]},"properties":{"name":"OIC Child Development Center","assetType":"Child Care Centers","dataYear":"2018","assetId":"930750","subcategory":"Social and Community Services","detail":"https://classic.savi.org/SAVI/PopUps/AssetMoreInfo.aspx?AssetID=930750"}},{"type":"Feature","geometry":{"type":"Point","coordinates":[-85.95726549,39.87874185]},"properties":{"name":"Oaklandon Elementary - Before & After Care","assetType":"Child Care Centers","dataYear":"2018","assetId":"930726","subcategory":"Social and Community Services","detail":"https://classic.savi.org/SAVI/PopUps/AssetMoreInfo.aspx?AssetID=930726"}},{"type":"Feature","geometry":{"type":"Point","coordinates":[-85.66739209,40.11115484]},"properties":{"name":"Park Place Church of God Children s Center","assetType":"Child Care Centers","dataYear":"2018","assetId":"931057","subcategory":"Social and Community Services","detail":"https://classic.savi.org/SAVI/PopUps/AssetMoreInfo.aspx?AssetID=931057"}},{"type":"Feature","geometry":{"type":"Point","coordinates":[-86.07909608,40.04660254]},"properties":{"name":"Pebble Brook Play School","assetType":"Child Care Centers","dataYear":"2018","assetId":"931070","subcategory":"Social and Community Services","detail":"https://classic.savi.org/SAVI/PopUps/AssetMoreInfo.aspx?AssetID=931070"}},{"type":"Feature","geometry":{"type":"Point","coordinates":[-86.46822577,40.04044764]},"properties":{"name":"Pixie Playhouse Day Care Center","assetType":"Child Care Centers","dataYear":"2018","assetId":"931081","subcategory":"Social and Community Services","detail":"https://classic.savi.org/SAVI/PopUps/AssetMoreInfo.aspx?AssetID=931081"}},{"type":"Feature","geometry":{"type":"Point","coordinates":[-86.11453691,39.85552954]},"properties":{"name":"Polly Panda Preschool","assetType":"Child Care Centers","dataYear":"2018","assetId":"930812","subcategory":"Social and Community Services","detail":"https://classic.savi.org/SAVI/PopUps/AssetMoreInfo.aspx?AssetID=930812"}},{"type":"Feature","geometry":{"type":"Point","coordinates":[-86.34614911,39.95312281]},"properties":{"name":"Primrose School at Anson-Zionsville","assetType":"Child Care Centers","dataYear":"2018","assetId":"931080","subcategory":"Social and Community Services","detail":"https://classic.savi.org/SAVI/PopUps/AssetMoreInfo.aspx?AssetID=931080"}},{"type":"Feature","geometry":{"type":"Point","coordinates":[-86.09145668,40.0030467]},"properties":{"name":"Primrose School at Bridgewater","assetType":"Child Care Centers","dataYear":"2018","assetId":"931000","subcategory":"Social and Community Services","detail":"https://classic.savi.org/SAVI/PopUps/AssetMoreInfo.aspx?AssetID=931000"}},{"type":"Feature","geometry":{"type":"Point","coordinates":[-86.03909169,39.96341835]},"properties":{"name":"Primrose School at Fishers Station","assetType":"Child Care Centers","dataYear":"2018","assetId":"931021","subcategory":"Social and Community Services","detail":"https://classic.savi.org/SAVI/PopUps/AssetMoreInfo.aspx?AssetID=931021"}},{"type":"Feature","geometry":{"type":"Point","coordinates":[-85.91937906,39.96679891]},"properties":{"name":"Primrose School at Gray Eagle","assetType":"Child Care Centers","dataYear":"2018","assetId":"930780","subcategory":"Social and Community Services","detail":"https://classic.savi.org/SAVI/PopUps/AssetMoreInfo.aspx?AssetID=930780"}},{"type":"Feature","geometry":{"type":"Point","coordinates":[-86.22987638,39.92978347]},"properties":{"name":"Primrose School at West Carmel","assetType":"Child Care Centers","dataYear":"2018","assetId":"930788","subcategory":"Social and Community Services","detail":"https://classic.savi.org/SAVI/PopUps/AssetMoreInfo.aspx?AssetID=930788"}},{"type":"Feature","geometry":{"type":"Point","coordinates":[-86.20706519,39.97684556]},"properties":{"name":"Primrose School at West Clay","assetType":"Child Care Centers","dataYear":"2018","assetId":"930784","subcategory":"Social and Community Services","detail":"https://classic.savi.org/SAVI/PopUps/AssetMoreInfo.aspx?AssetID=930784"}},{"type":"Feature","geometry":{"type":"Point","coordinates":[-86.14552202,39.96785194]},"properties":{"name":"Primrose School of Carmel","assetType":"Child Care Centers","dataYear":"2018","assetId":"930881","subcategory":"Social and Community Services","detail":"https://classic.savi.org/SAVI/PopUps/AssetMoreInfo.aspx?AssetID=930881"}},{"type":"Feature","geometry":{"type":"Point","coordinates":[-85.95633396,39.89351364]},"properties":{"name":"Primrose School of Geist","assetType":"Child Care Centers","dataYear":"2018","assetId":"930668","subcategory":"Social and Community Services","detail":"https://classic.savi.org/SAVI/PopUps/AssetMoreInfo.aspx?AssetID=930668"}},{"type":"Feature","geometry":{"type":"Point","coordinates":[-85.99935847,39.97226885]},"properties":{"name":"Primrose West Fishers","assetType":"Child Care Centers","dataYear":"2018","assetId":"930782","subcategory":"Social and Community Services","detail":"https://classic.savi.org/SAVI/PopUps/AssetMoreInfo.aspx?AssetID=930782"}},{"type":"Feature","geometry":{"type":"Point","coordinates":[-86.54009592,39.54989818]},"properties":{"name":"Puzzle Pieces Childcare Center LLC","assetType":"Child Care Centers","dataYear":"2018","assetId":"930662","subcategory":"Social and Community Services","detail":"https://classic.savi.org/SAVI/PopUps/AssetMoreInfo.aspx?AssetID=930662"}},{"type":"Feature","geometry":{"type":"Point","coordinates":[-86.06931572,39.7063099]},"properties":{"name":"Quality Preschool LLC","assetType":"Child Care Centers","dataYear":"2018","assetId":"930712","subcategory":"Social and Community Services","detail":"https://classic.savi.org/SAVI/PopUps/AssetMoreInfo.aspx?AssetID=930712"}},{"type":"Feature","geometry":{"type":"Point","coordinates":[-86.38417203,39.8559762]},"properties":{"name":"Rainbow Child Care Center","assetType":"Child Care Centers","dataYear":"2018","assetId":"930822","subcategory":"Social and Community Services","detail":"https://classic.savi.org/SAVI/PopUps/AssetMoreInfo.aspx?AssetID=930822"}},{"type":"Feature","geometry":{"type":"Point","coordinates":[-86.10398554,40.04094846]},"properties":{"name":"Rainbow Child Care Center","assetType":"Child Care Centers","dataYear":"2018","assetId":"931001","subcategory":"Social and Community Services","detail":"https://classic.savi.org/SAVI/PopUps/AssetMoreInfo.aspx?AssetID=931001"}},{"type":"Feature","geometry":{"type":"Point","coordinates":[-86.16722317,39.60622406]},"properties":{"name":"Rainbow Child Care Center","assetType":"Child Care Centers","dataYear":"2018","assetId":"931012","subcategory":"Social and Community Services","detail":"https://classic.savi.org/SAVI/PopUps/AssetMoreInfo.aspx?AssetID=931012"}},{"type":"Feature","geometry":{"type":"Point","coordinates":[-86.19668209,39.66551416]},"properties":{"name":"Rainbow Child Care Center","assetType":"Child Care Centers","dataYear":"2018","assetId":"930748","subcategory":"Social and Community Services","detail":"https://classic.savi.org/SAVI/PopUps/AssetMoreInfo.aspx?AssetID=930748"}},{"type":"Feature","geometry":{"type":"Point","coordinates":[-86.16503321,40.02052705]},"properties":{"name":"Rainbow Child Care Center","assetType":"Child Care Centers","dataYear":"2018","assetId":"930847","subcategory":"Social and Community Services","detail":"https://classic.savi.org/SAVI/PopUps/AssetMoreInfo.aspx?AssetID=930847"}},{"type":"Feature","geometry":{"type":"Point","coordinates":[-86.36980999,39.69483882]},"properties":{"name":"Rainbow Child Care Center","assetType":"Child Care Centers","dataYear":"2018","assetId":"931068","subcategory":"Social and Community Services","detail":"https://classic.savi.org/SAVI/PopUps/AssetMoreInfo.aspx?AssetID=931068"}},{"type":"Feature","geometry":{"type":"Point","coordinates":[-86.00768896,39.99331967]},"properties":{"name":"Rainbow Child Care Center","assetType":"Child Care Centers","dataYear":"2018","assetId":"931077","subcategory":"Social and Community Services","detail":"https://classic.savi.org/SAVI/PopUps/AssetMoreInfo.aspx?AssetID=931077"}},{"type":"Feature","geometry":{"type":"Point","coordinates":[-86.07090464,39.65099189]},"properties":{"name":"Rainbow Child Care Center","assetType":"Child Care Centers","dataYear":"2018","assetId":"930683","subcategory":"Social and Community Services","detail":"https://classic.savi.org/SAVI/PopUps/AssetMoreInfo.aspx?AssetID=930683"}},{"type":"Feature","geometry":{"type":"Point","coordinates":[-86.03917,39.9063762]},"properties":{"name":"Rainbow Child Development Center","assetType":"Child Care Centers","dataYear":"2018","assetId":"930687","subcategory":"Social and Community Services","detail":"https://classic.savi.org/SAVI/PopUps/AssetMoreInfo.aspx?AssetID=930687"}},{"type":"Feature","geometry":{"type":"Point","coordinates":[-86.03973639,39.77889097]},"properties":{"name":"Ransburg YMCA Early Learning Center","assetType":"Child Care Centers","dataYear":"2018","assetId":"930857","subcategory":"Social and Community Services","detail":"https://classic.savi.org/SAVI/PopUps/AssetMoreInfo.aspx?AssetID=930857"}},{"type":"Feature","geometry":{"type":"Point","coordinates":[-86.1116569,39.70748038]},"properties":{"name":"Rayz of Sonshine Childcare & Preschool","assetType":"Child Care Centers","dataYear":"2018","assetId":"930711","subcategory":"Social and Community Services","detail":"https://classic.savi.org/SAVI/PopUps/AssetMoreInfo.aspx?AssetID=930711"}},{"type":"Feature","geometry":{"type":"Point","coordinates":[-86.02774025,39.83412286]},"properties":{"name":"Rising Stars Early Learning Center","assetType":"Child Care Centers","dataYear":"2018","assetId":"930716","subcategory":"Social and Community Services","detail":"https://classic.savi.org/SAVI/PopUps/AssetMoreInfo.aspx?AssetID=930716"}},{"type":"Feature","geometry":{"type":"Point","coordinates":[-86.14826012,39.67490839]},"properties":{"name":"Riviera Children s Center","assetType":"Child Care Centers","dataYear":"2018","assetId":"930865","subcategory":"Social and Community Services","detail":"https://classic.savi.org/SAVI/PopUps/AssetMoreInfo.aspx?AssetID=930865"}},{"type":"Feature","geometry":{"type":"Point","coordinates":[-86.24351648,39.8293652]},"properties":{"name":"Riviera Daycare & Preschool","assetType":"Child Care Centers","dataYear":"2018","assetId":"930796","subcategory":"Social and Community Services","detail":"https://classic.savi.org/SAVI/PopUps/AssetMoreInfo.aspx?AssetID=930796"}},{"type":"Feature","geometry":{"type":"Point","coordinates":[-86.06612648,39.8068811]},"properties":{"name":"Safecare Development Childcare Center","assetType":"Child Care Centers","dataYear":"2018","assetId":"930746","subcategory":"Social and Community Services","detail":"https://classic.savi.org/SAVI/PopUps/AssetMoreInfo.aspx?AssetID=930746"}},{"type":"Feature","geometry":{"type":"Point","coordinates":[-86.15668726,39.82156029]},"properties":{"name":"Service Center 2 - Head Start Center","assetType":"Child Care Centers","dataYear":"2018","assetId":"930689","subcategory":"Social and Community Services","detail":"https://classic.savi.org/SAVI/PopUps/AssetMoreInfo.aspx?AssetID=930689"}},{"type":"Feature","geometry":{"type":"Point","coordinates":[-85.76720495,39.80151072]},"properties":{"name":"Shining Stars Child Care Academy","assetType":"Child Care Centers","dataYear":"2018","assetId":"930846","subcategory":"Social and Community Services","detail":"https://classic.savi.org/SAVI/PopUps/AssetMoreInfo.aspx?AssetID=930846"}},{"type":"Feature","geometry":{"type":"Point","coordinates":[-86.04961406,39.88194336]},"properties":{"name":"Skiles Test Elementary - Before & After Care","assetType":"Child Care Centers","dataYear":"2018","assetId":"930727","subcategory":"Social and Community Services","detail":"https://classic.savi.org/SAVI/PopUps/AssetMoreInfo.aspx?AssetID=930727"}},{"type":"Feature","geometry":{"type":"Point","coordinates":[-86.20011209,39.91353161]},"properties":{"name":"Skool Kidz Early Education Academy","assetType":"Child Care Centers","dataYear":"2018","assetId":"930702","subcategory":"Social and Community Services","detail":"https://classic.savi.org/SAVI/PopUps/AssetMoreInfo.aspx?AssetID=930702"}},{"type":"Feature","geometry":{"type":"Point","coordinates":[-86.03019532,39.71600942]},"properties":{"name":"Small Miracles Children s Center Inc","assetType":"Child Care Centers","dataYear":"2018","assetId":"930813","subcategory":"Social and Community Services","detail":"https://classic.savi.org/SAVI/PopUps/AssetMoreInfo.aspx?AssetID=930813"}},{"type":"Feature","geometry":{"type":"Point","coordinates":[-86.1229117,39.76070301]},"properties":{"name":"Small Small World","assetType":"Child Care Centers","dataYear":"2018","assetId":"930814","subcategory":"Social and Community Services","detail":"https://classic.savi.org/SAVI/PopUps/AssetMoreInfo.aspx?AssetID=930814"}},{"type":"Feature","geometry":{"type":"Point","coordinates":[-86.14336729,39.707822]},"properties":{"name":"Southeast Early Head Start","assetType":"Child Care Centers","dataYear":"2018","assetId":"930722","subcategory":"Social and Community Services","detail":"https://classic.savi.org/SAVI/PopUps/AssetMoreInfo.aspx?AssetID=930722"}},{"type":"Feature","geometry":{"type":"Point","coordinates":[-86.142316,39.70734426]},"properties":{"name":"Southeast Head Start Center","assetType":"Child Care Centers","dataYear":"2018","assetId":"930753","subcategory":"Social and Community Services","detail":"https://classic.savi.org/SAVI/PopUps/AssetMoreInfo.aspx?AssetID=930753"}},{"type":"Feature","geometry":{"type":"Point","coordinates":[-86.19453019,39.75174739]},"properties":{"name":"Southwest Head Start and Early Head Start","assetType":"Child Care Centers","dataYear":"2018","assetId":"930875","subcategory":"Social and Community Services","detail":"https://classic.savi.org/SAVI/PopUps/AssetMoreInfo.aspx?AssetID=930875"}},{"type":"Feature","geometry":{"type":"Point","coordinates":[-86.00541317,39.85912874]},"properties":{"name":"St Mary s Child Center","assetType":"Child Care Centers","dataYear":"2018","assetId":"930684","subcategory":"Social and Community Services","detail":"https://classic.savi.org/SAVI/PopUps/AssetMoreInfo.aspx?AssetID=930684"}},{"type":"Feature","geometry":{"type":"Point","coordinates":[-86.16752294,39.77912462]},"properties":{"name":"St Mary s Child Center","assetType":"Child Care Centers","dataYear":"2018","assetId":"930860","subcategory":"Social and Community Services","detail":"https://classic.savi.org/SAVI/PopUps/AssetMoreInfo.aspx?AssetID=930860"}},{"type":"Feature","geometry":{"type":"Point","coordinates":[-86.11846355,39.78182288]},"properties":{"name":"St Peter Head Start Center","assetType":"Child Care Centers","dataYear":"2018","assetId":"930752","subcategory":"Social and Community Services","detail":"https://classic.savi.org/SAVI/PopUps/AssetMoreInfo.aspx?AssetID=930752"}},{"type":"Feature","geometry":{"type":"Point","coordinates":[-86.00475795,40.0150993]},"properties":{"name":"Stony Creek Early Learning Center","assetType":"Child Care Centers","dataYear":"2018","assetId":"931075","subcategory":"Social and Community Services","detail":"https://classic.savi.org/SAVI/PopUps/AssetMoreInfo.aspx?AssetID=931075"}},{"type":"Feature","geometry":{"type":"Point","coordinates":[-85.97301716,39.87414439]},"properties":{"name":"Sunnyside Elementary - Before & After Care","assetType":"Child Care Centers","dataYear":"2018","assetId":"930728","subcategory":"Social and Community Services","detail":"https://classic.savi.org/SAVI/PopUps/AssetMoreInfo.aspx?AssetID=930728"}},{"type":"Feature","geometry":{"type":"Point","coordinates":[-86.17691286,39.81022961]},"properties":{"name":"Sunrise Christian Academy Child Care","assetType":"Child Care Centers","dataYear":"2018","assetId":"930877","subcategory":"Social and Community Services","detail":"https://classic.savi.org/SAVI/PopUps/AssetMoreInfo.aspx?AssetID=930877"}},{"type":"Feature","geometry":{"type":"Point","coordinates":[-85.68978969,40.10311978]},"properties":{"name":"TRC Early & Regional Head Start","assetType":"Child Care Centers","dataYear":"2018","assetId":"930767","subcategory":"Social and Community Services","detail":"https://classic.savi.org/SAVI/PopUps/AssetMoreInfo.aspx?AssetID=930767"}},{"type":"Feature","geometry":{"type":"Point","coordinates":[-85.68868084,40.10521593]},"properties":{"name":"TRC Early & Regional Head Start","assetType":"Child Care Centers","dataYear":"2018","assetId":"930768","subcategory":"Social and Community Services","detail":"https://classic.savi.org/SAVI/PopUps/AssetMoreInfo.aspx?AssetID=930768"}},{"type":"Feature","geometry":{"type":"Point","coordinates":[-85.66572406,40.14475624]},"properties":{"name":"TRC Early and Regional Head Start","assetType":"Child Care Centers","dataYear":"2018","assetId":"931008","subcategory":"Social and Community Services","detail":"https://classic.savi.org/SAVI/PopUps/AssetMoreInfo.aspx?AssetID=931008"}},{"type":"Feature","geometry":{"type":"Point","coordinates":[-85.68615527,40.07353994]},"properties":{"name":"TRC Head Start","assetType":"Child Care Centers","dataYear":"2018","assetId":"931056","subcategory":"Social and Community Services","detail":"https://classic.savi.org/SAVI/PopUps/AssetMoreInfo.aspx?AssetID=931056"}},{"type":"Feature","geometry":{"type":"Point","coordinates":[-86.39071121,39.8650605]},"properties":{"name":"Teddy Bear Day Care Inc","assetType":"Child Care Centers","dataYear":"2018","assetId":"930842","subcategory":"Social and Community Services","detail":"https://classic.savi.org/SAVI/PopUps/AssetMoreInfo.aspx?AssetID=930842"}},{"type":"Feature","geometry":{"type":"Point","coordinates":[-86.12083205,39.87635126]},"properties":{"name":"Teddy Bear Day Care Inc","assetType":"Child Care Centers","dataYear":"2018","assetId":"930815","subcategory":"Social and Community Services","detail":"https://classic.savi.org/SAVI/PopUps/AssetMoreInfo.aspx?AssetID=930815"}},{"type":"Feature","geometry":{"type":"Point","coordinates":[-85.9831209,39.92973704]},"properties":{"name":"Teddy Bear Learning Center LLC","assetType":"Child Care Centers","dataYear":"2018","assetId":"931022","subcategory":"Social and Community Services","detail":"https://classic.savi.org/SAVI/PopUps/AssetMoreInfo.aspx?AssetID=931022"}},{"type":"Feature","geometry":{"type":"Point","coordinates":[-86.13906986,39.68015562]},"properties":{"name":"The Children s Cottage","assetType":"Child Care Centers","dataYear":"2018","assetId":"930730","subcategory":"Social and Community Services","detail":"https://classic.savi.org/SAVI/PopUps/AssetMoreInfo.aspx?AssetID=930730"}},{"type":"Feature","geometry":{"type":"Point","coordinates":[-86.16488992,39.62043365]},"properties":{"name":"The Children s Cottage Academy","assetType":"Child Care Centers","dataYear":"2018","assetId":"931010","subcategory":"Social and Community Services","detail":"https://classic.savi.org/SAVI/PopUps/AssetMoreInfo.aspx?AssetID=931010"}},{"type":"Feature","geometry":{"type":"Point","coordinates":[-86.15686305,39.81019382]},"properties":{"name":"The Children s Museum Preschool","assetType":"Child Care Centers","dataYear":"2018","assetId":"930710","subcategory":"Social and Community Services","detail":"https://classic.savi.org/SAVI/PopUps/AssetMoreInfo.aspx?AssetID=930710"}},{"type":"Feature","geometry":{"type":"Point","coordinates":[-85.95983609,39.90279661]},"properties":{"name":"The Early Learning Center at Amy Beverland","assetType":"Child Care Centers","dataYear":"2018","assetId":"930872","subcategory":"Social and Community Services","detail":"https://classic.savi.org/SAVI/PopUps/AssetMoreInfo.aspx?AssetID=930872"}},{"type":"Feature","geometry":{"type":"Point","coordinates":[-86.04753377,39.84928792]},"properties":{"name":"The Early Learning Center at Brook Park","assetType":"Child Care Centers","dataYear":"2018","assetId":"930873","subcategory":"Social and Community Services","detail":"https://classic.savi.org/SAVI/PopUps/AssetMoreInfo.aspx?AssetID=930873"}},{"type":"Feature","geometry":{"type":"Point","coordinates":[-86.01642511,39.90899378]},"properties":{"name":"The Early Learning Center at Mary Castle","assetType":"Child Care Centers","dataYear":"2018","assetId":"930874","subcategory":"Social and Community Services","detail":"https://classic.savi.org/SAVI/PopUps/AssetMoreInfo.aspx?AssetID=930874"}},{"type":"Feature","geometry":{"type":"Point","coordinates":[-85.95992084,39.84123011]},"properties":{"name":"The Early Learning Center at Winding Ridge","assetType":"Child Care Centers","dataYear":"2018","assetId":"930685","subcategory":"Social and Community Services","detail":"https://classic.savi.org/SAVI/PopUps/AssetMoreInfo.aspx?AssetID=930685"}},{"type":"Feature","geometry":{"type":"Point","coordinates":[-86.2324671,39.93896847]},"properties":{"name":"The Goddard School","assetType":"Child Care Centers","dataYear":"2018","assetId":"930787","subcategory":"Social and Community Services","detail":"https://classic.savi.org/SAVI/PopUps/AssetMoreInfo.aspx?AssetID=930787"}},{"type":"Feature","geometry":{"type":"Point","coordinates":[-85.93717536,39.95817966]},"properties":{"name":"The Goddard School","assetType":"Child Care Centers","dataYear":"2018","assetId":"930779","subcategory":"Social and Community Services","detail":"https://classic.savi.org/SAVI/PopUps/AssetMoreInfo.aspx?AssetID=930779"}},{"type":"Feature","geometry":{"type":"Point","coordinates":[-86.12287157,39.95904642]},"properties":{"name":"The Goddard School","assetType":"Child Care Centers","dataYear":"2018","assetId":"930789","subcategory":"Social and Community Services","detail":"https://classic.savi.org/SAVI/PopUps/AssetMoreInfo.aspx?AssetID=930789"}},{"type":"Feature","geometry":{"type":"Point","coordinates":[-86.38631331,39.85489842]},"properties":{"name":"The Goddard School-Children s School of Brownsburg","assetType":"Child Care Centers","dataYear":"2018","assetId":"930771","subcategory":"Social and Community Services","detail":"https://classic.savi.org/SAVI/PopUps/AssetMoreInfo.aspx?AssetID=930771"}},{"type":"Feature","geometry":{"type":"Point","coordinates":[-86.1298717,40.00456586]},"properties":{"name":"The Little Lamb","assetType":"Child Care Centers","dataYear":"2018","assetId":"930853","subcategory":"Social and Community Services","detail":"https://classic.savi.org/SAVI/PopUps/AssetMoreInfo.aspx?AssetID=930853"}},{"type":"Feature","geometry":{"type":"Point","coordinates":[-85.96035548,39.95728185]},"properties":{"name":"The Play School at Arbor Village","assetType":"Child Care Centers","dataYear":"2018","assetId":"931019","subcategory":"Social and Community Services","detail":"https://classic.savi.org/SAVI/PopUps/AssetMoreInfo.aspx?AssetID=931019"}},{"type":"Feature","geometry":{"type":"Point","coordinates":[-86.04540447,39.99736993]},"properties":{"name":"The Play School at Legacy","assetType":"Child Care Centers","dataYear":"2018","assetId":"930790","subcategory":"Social and Community Services","detail":"https://classic.savi.org/SAVI/PopUps/AssetMoreInfo.aspx?AssetID=930790"}},{"type":"Feature","geometry":{"type":"Point","coordinates":[-85.9302818,39.98109085]},"properties":{"name":"The Play School at Saxony Village","assetType":"Child Care Centers","dataYear":"2018","assetId":"931020","subcategory":"Social and Community Services","detail":"https://classic.savi.org/SAVI/PopUps/AssetMoreInfo.aspx?AssetID=931020"}},{"type":"Feature","geometry":{"type":"Point","coordinates":[-86.14342276,39.87357743]},"properties":{"name":"The Sapling School","assetType":"Child Care Centers","dataYear":"2018","assetId":"930674","subcategory":"Social and Community Services","detail":"https://classic.savi.org/SAVI/PopUps/AssetMoreInfo.aspx?AssetID=930674"}},{"type":"Feature","geometry":{"type":"Point","coordinates":[-86.03816087,39.95583584]},"properties":{"name":"The Tot Spot Early Education Academy","assetType":"Child Care Centers","dataYear":"2018","assetId":"931017","subcategory":"Social and Community Services","detail":"https://classic.savi.org/SAVI/PopUps/AssetMoreInfo.aspx?AssetID=931017"}},{"type":"Feature","geometry":{"type":"Point","coordinates":[-86.08329919,39.83401326]},"properties":{"name":"True Care Academy","assetType":"Child Care Centers","dataYear":"2018","assetId":"930751","subcategory":"Social and Community Services","detail":"https://classic.savi.org/SAVI/PopUps/AssetMoreInfo.aspx?AssetID=930751"}},{"type":"Feature","geometry":{"type":"Point","coordinates":[-85.6814676,40.26384255]},"properties":{"name":"Udder Angels Childcare LLC","assetType":"Child Care Centers","dataYear":"2018","assetId":"931060","subcategory":"Social and Community Services","detail":"https://classic.savi.org/SAVI/PopUps/AssetMoreInfo.aspx?AssetID=931060"}},{"type":"Feature","geometry":{"type":"Point","coordinates":[-86.10631342,40.0248773]},"properties":{"name":"WWS CRES","assetType":"Child Care Centers","dataYear":"2018","assetId":"930848","subcategory":"Social and Community Services","detail":"https://classic.savi.org/SAVI/PopUps/AssetMoreInfo.aspx?AssetID=930848"}},{"type":"Feature","geometry":{"type":"Point","coordinates":[-86.18103016,40.03671787]},"properties":{"name":"WWS MGES","assetType":"Child Care Centers","dataYear":"2018","assetId":"930849","subcategory":"Social and Community Services","detail":"https://classic.savi.org/SAVI/PopUps/AssetMoreInfo.aspx?AssetID=930849"}},{"type":"Feature","geometry":{"type":"Point","coordinates":[-86.14058207,40.06930085]},"properties":{"name":"WWS MTES","assetType":"Child Care Centers","dataYear":"2018","assetId":"930777","subcategory":"Social and Community Services","detail":"https://classic.savi.org/SAVI/PopUps/AssetMoreInfo.aspx?AssetID=930777"}},{"type":"Feature","geometry":{"type":"Point","coordinates":[-86.14720967,40.02753034]},"properties":{"name":"WWS OTES","assetType":"Child Care Centers","dataYear":"2018","assetId":"930778","subcategory":"Social and Community Services","detail":"https://classic.savi.org/SAVI/PopUps/AssetMoreInfo.aspx?AssetID=930778"}},{"type":"Feature","geometry":{"type":"Point","coordinates":[-86.17268765,40.01917909]},"properties":{"name":"WWS SSES","assetType":"Child Care Centers","dataYear":"2018","assetId":"931043","subcategory":"Social and Community Services","detail":"https://classic.savi.org/SAVI/PopUps/AssetMoreInfo.aspx?AssetID=931043"}},{"type":"Feature","geometry":{"type":"Point","coordinates":[-86.11143969,40.04909781]},"properties":{"name":"WWS WWES","assetType":"Child Care Centers","dataYear":"2018","assetId":"931044","subcategory":"Social and Community Services","detail":"https://classic.savi.org/SAVI/PopUps/AssetMoreInfo.aspx?AssetID=931044"}},{"type":"Feature","geometry":{"type":"Point","coordinates":[-86.23950995,39.83344188]},"properties":{"name":"Watch Me Grow Childcare LLC","assetType":"Child Care Centers","dataYear":"2018","assetId":"930745","subcategory":"Social and Community Services","detail":"https://classic.savi.org/SAVI/PopUps/AssetMoreInfo.aspx?AssetID=930745"}},{"type":"Feature","geometry":{"type":"Point","coordinates":[-85.99582887,39.8099603]},"properties":{"name":"Watch Me Grow Early Learning Center","assetType":"Child Care Centers","dataYear":"2018","assetId":"930719","subcategory":"Social and Community Services","detail":"https://classic.savi.org/SAVI/PopUps/AssetMoreInfo.aspx?AssetID=930719"}},{"type":"Feature","geometry":{"type":"Point","coordinates":[-86.26969458,39.75074264]},"properties":{"name":"Wayne Township Preschool","assetType":"Child Care Centers","dataYear":"2018","assetId":"930731","subcategory":"Social and Community Services","detail":"https://classic.savi.org/SAVI/PopUps/AssetMoreInfo.aspx?AssetID=930731"}},{"type":"Feature","geometry":{"type":"Point","coordinates":[-86.31449328,39.77894908]},"properties":{"name":"Westside Christian Preschool & Kindergarten","assetType":"Child Care Centers","dataYear":"2018","assetId":"930759","subcategory":"Social and Community Services","detail":"https://classic.savi.org/SAVI/PopUps/AssetMoreInfo.aspx?AssetID=930759"}},{"type":"Feature","geometry":{"type":"Point","coordinates":[-85.95611691,39.8401858]},"properties":{"name":"Winding Ridge Elementary - Before & After Care","assetType":"Child Care Centers","dataYear":"2018","assetId":"930729","subcategory":"Social and Community Services","detail":"https://classic.savi.org/SAVI/PopUps/AssetMoreInfo.aspx?AssetID=930729"}},{"type":"Feature","geometry":{"type":"Point","coordinates":[-86.06562092,39.8002905]},"properties":{"name":"Windsor Village East Head Start Center","assetType":"Child Care Centers","dataYear":"2018","assetId":"930708","subcategory":"Social and Community Services","detail":"https://classic.savi.org/SAVI/PopUps/AssetMoreInfo.aspx?AssetID=930708"}},{"type":"Feature","geometry":{"type":"Point","coordinates":[-86.06562092,39.8002905]},"properties":{"name":"Windsor Village West Head Start and Early Head Start","assetType":"Child Care Centers","dataYear":"2018","assetId":"930740","subcategory":"Social and Community Services","detail":"https://classic.savi.org/SAVI/PopUps/AssetMoreInfo.aspx?AssetID=930740"}},{"type":"Feature","geometry":{"type":"Point","coordinates":[-86.15816197,39.7569091]},"properties":{"name":"Wing Walkers The Lilly Child Development Center","assetType":"Child Care Centers","dataYear":"2018","assetId":"930749","subcategory":"Social and Community Services","detail":"https://classic.savi.org/SAVI/PopUps/AssetMoreInfo.aspx?AssetID=930749"}},{"type":"Feature","geometry":{"type":"Point","coordinates":[-86.11340873,39.73608009]},"properties":{"name":"YMCA Early Learning Center at Red Maple Grove","assetType":"Child Care Centers","dataYear":"2018","assetId":"930673","subcategory":"Social and Community Services","detail":"https://classic.savi.org/SAVI/PopUps/AssetMoreInfo.aspx?AssetID=930673"}},{"type":"Feature","geometry":{"type":"Point","coordinates":[-86.08409191,39.81397833]},"properties":{"name":"Auntie Mame s Child Development Center Inc","assetType":"General Child Care Programs","dataYear":"2016","assetId":"839495","subcategory":"Social and Community Services","detail":"https://classic.savi.org/SAVI/PopUps/AssetMoreInfo.aspx?AssetID=839495"}},{"type":"Feature","geometry":{"type":"Point","coordinates":[-86.16752294,39.77912462]},"properties":{"name":"St Mary s Child Center","assetType":"General Child Care Programs","dataYear":"2016","assetId":"839431","subcategory":"Social and Community Services","detail":"https://classic.savi.org/SAVI/PopUps/AssetMoreInfo.aspx?AssetID=839431"}},{"type":"Feature","geometry":{"type":"Point","coordinates":[-86.24953428,39.87609821]},"properties":{"name":"1 Academy of Excellence","assetType":"Home Licensed Child Cares","dataYear":"2018","assetId":"931046","subcategory":"Social and Community Services","detail":"https://classic.savi.org/SAVI/PopUps/AssetMoreInfo.aspx?AssetID=931046"}},{"type":"Feature","geometry":{"type":"Point","coordinates":[-86.09934184,39.82175662]},"properties":{"name":"1 2 BUCKLE MY SHOE DAYCARE 2","assetType":"Home Licensed Child Cares","dataYear":"2018","assetId":"930893","subcategory":"Social and Community Services","detail":"https://classic.savi.org/SAVI/PopUps/AssetMoreInfo.aspx?AssetID=930893"}},{"type":"Feature","geometry":{"type":"Point","coordinates":[-86.00347192,39.82779101]},"properties":{"name":"3-11 Learning Academy","assetType":"Home Licensed Child Cares","dataYear":"2018","assetId":"931261","subcategory":"Social and Community Services","detail":"https://classic.savi.org/SAVI/PopUps/AssetMoreInfo.aspx?AssetID=931261"}},{"type":"Feature","geometry":{"type":"Point","coordinates":[-85.97548218,39.97463482]},"properties":{"name":"A Big Happy Family Childcare","assetType":"Home Licensed Child Cares","dataYear":"2018","assetId":"931561","subcategory":"Social and Community Services","detail":"https://classic.savi.org/SAVI/PopUps/AssetMoreInfo.aspx?AssetID=931561"}},{"type":"Feature","geometry":{"type":"Point","coordinates":[-86.12634152,39.9303665]},"properties":{"name":"A Blessed Child","assetType":"Home Licensed Child Cares","dataYear":"2018","assetId":"931640","subcategory":"Social and Community Services","detail":"https://classic.savi.org/SAVI/PopUps/AssetMoreInfo.aspx?AssetID=931640"}},{"type":"Feature","geometry":{"type":"Point","coordinates":[-86.05145406,39.64235178]},"properties":{"name":"A Child Care Place","assetType":"Home Licensed Child Cares","dataYear":"2018","assetId":"931146","subcategory":"Social and Community Services","detail":"https://classic.savi.org/SAVI/PopUps/AssetMoreInfo.aspx?AssetID=931146"}},{"type":"Feature","geometry":{"type":"Point","coordinates":[-85.96488349,39.8270176]},"properties":{"name":"A Child Was Born","assetType":"Home Licensed Child Cares","dataYear":"2018","assetId":"931246","subcategory":"Social and Community Services","detail":"https://classic.savi.org/SAVI/PopUps/AssetMoreInfo.aspx?AssetID=931246"}},{"type":"Feature","geometry":{"type":"Point","coordinates":[-85.98863876,39.79603333]},"properties":{"name":"A Child s Place Preschool & Daycare","assetType":"Home Licensed Child Cares","dataYear":"2018","assetId":"930991","subcategory":"Social and Community Services","detail":"https://classic.savi.org/SAVI/PopUps/AssetMoreInfo.aspx?AssetID=930991"}},{"type":"Feature","geometry":{"type":"Point","coordinates":[-86.01052807,39.82876171]},"properties":{"name":"A Children s Lane Early Learning Home LLC","assetType":"Home Licensed Child Cares","dataYear":"2018","assetId":"931219","subcategory":"Social and Community Services","detail":"https://classic.savi.org/SAVI/PopUps/AssetMoreInfo.aspx?AssetID=931219"}},{"type":"Feature","geometry":{"type":"Point","coordinates":[-86.02276405,39.74053955]},"properties":{"name":"A Happy Home Daycare LLC","assetType":"Home Licensed Child Cares","dataYear":"2018","assetId":"931296","subcategory":"Social and Community Services","detail":"https://classic.savi.org/SAVI/PopUps/AssetMoreInfo.aspx?AssetID=931296"}},{"type":"Feature","geometry":{"type":"Point","coordinates":[-85.98584743,39.81340199]},"properties":{"name":"A Home Away From Home Childcare","assetType":"Home Licensed Child Cares","dataYear":"2018","assetId":"931256","subcategory":"Social and Community Services","detail":"https://classic.savi.org/SAVI/PopUps/AssetMoreInfo.aspx?AssetID=931256"}},{"type":"Feature","geometry":{"type":"Point","coordinates":[-86.34021811,39.86407962]},"properties":{"name":"A Mother s Love","assetType":"Home Licensed Child Cares","dataYear":"2018","assetId":"931528","subcategory":"Social and Community Services","detail":"https://classic.savi.org/SAVI/PopUps/AssetMoreInfo.aspx?AssetID=931528"}},{"type":"Feature","geometry":{"type":"Point","coordinates":[-86.01846796,39.83017382]},"properties":{"name":"A Mother s Love","assetType":"Home Licensed Child Cares","dataYear":"2018","assetId":"931199","subcategory":"Social and Community Services","detail":"https://classic.savi.org/SAVI/PopUps/AssetMoreInfo.aspx?AssetID=931199"}},{"type":"Feature","geometry":{"type":"Point","coordinates":[-86.01823268,39.83056596]},"properties":{"name":"A Mothers Love","assetType":"Home Licensed Child Cares","dataYear":"2018","assetId":"931226","subcategory":"Social and Community Services","detail":"https://classic.savi.org/SAVI/PopUps/AssetMoreInfo.aspx?AssetID=931226"}},{"type":"Feature","geometry":{"type":"Point","coordinates":[-86.12246513,39.80720988]},"properties":{"name":"A Place Where Kids Are Always First Childcare","assetType":"Home Licensed Child Cares","dataYear":"2018","assetId":"931217","subcategory":"Social and Community Services","detail":"https://classic.savi.org/SAVI/PopUps/AssetMoreInfo.aspx?AssetID=931217"}},{"type":"Feature","geometry":{"type":"Point","coordinates":[-86.13152718,39.83849969]},"properties":{"name":"ABC 123 Kids Daycare","assetType":"Home Licensed Child Cares","dataYear":"2018","assetId":"931299","subcategory":"Social and Community Services","detail":"https://classic.savi.org/SAVI/PopUps/AssetMoreInfo.aspx?AssetID=931299"}},{"type":"Feature","geometry":{"type":"Point","coordinates":[-86.37328316,39.69749101]},"properties":{"name":"ABC Child Care & Preschool","assetType":"Home Licensed Child Cares","dataYear":"2018","assetId":"931517","subcategory":"Social and Community Services","detail":"https://classic.savi.org/SAVI/PopUps/AssetMoreInfo.aspx?AssetID=931517"}},{"type":"Feature","geometry":{"type":"Point","coordinates":[-86.37328316,39.69749101]},"properties":{"name":"ABC Child Care & Preschool LLC","assetType":"Home Licensed Child Cares","dataYear":"2018","assetId":"931516","subcategory":"Social and Community Services","detail":"https://classic.savi.org/SAVI/PopUps/AssetMoreInfo.aspx?AssetID=931516"}},{"type":"Feature","geometry":{"type":"Point","coordinates":[-86.2902547,39.67764868]},"properties":{"name":"ABC Child Care & Preschool LLC","assetType":"Home Licensed Child Cares","dataYear":"2018","assetId":"930903","subcategory":"Social and Community Services","detail":"https://classic.savi.org/SAVI/PopUps/AssetMoreInfo.aspx?AssetID=930903"}},{"type":"Feature","geometry":{"type":"Point","coordinates":[-86.37328316,39.69749101]},"properties":{"name":"ABC Child Care & Preschool LLC","assetType":"Home Licensed Child Cares","dataYear":"2018","assetId":"931515","subcategory":"Social and Community Services","detail":"https://classic.savi.org/SAVI/PopUps/AssetMoreInfo.aspx?AssetID=931515"}},{"type":"Feature","geometry":{"type":"Point","coordinates":[-86.37328316,39.69749101]},"properties":{"name":"ABC Child Care & Preschool LLC","assetType":"Home Licensed Child Cares","dataYear":"2018","assetId":"931518","subcategory":"Social and Community Services","detail":"https://classic.savi.org/SAVI/PopUps/AssetMoreInfo.aspx?AssetID=931518"}},{"type":"Feature","geometry":{"type":"Point","coordinates":[-86.2902547,39.67764868]},"properties":{"name":"ABC Childcare and Preschool LLC","assetType":"Home Licensed Child Cares","dataYear":"2018","assetId":"930901","subcategory":"Social and Community Services","detail":"https://classic.savi.org/SAVI/PopUps/AssetMoreInfo.aspx?AssetID=930901"}},{"type":"Feature","geometry":{"type":"Point","coordinates":[-85.98630547,39.99610164]},"properties":{"name":"ABC Learning Adventures","assetType":"Home Licensed Child Cares","dataYear":"2018","assetId":"931605","subcategory":"Social and Community Services","detail":"https://classic.savi.org/SAVI/PopUps/AssetMoreInfo.aspx?AssetID=931605"}},{"type":"Feature","geometry":{"type":"Point","coordinates":[-86.34485381,39.85406986]},"properties":{"name":"ALOHA KEIKI S","assetType":"Home Licensed Child Cares","dataYear":"2018","assetId":"931448","subcategory":"Social and Community Services","detail":"https://classic.savi.org/SAVI/PopUps/AssetMoreInfo.aspx?AssetID=931448"}},{"type":"Feature","geometry":{"type":"Point","coordinates":[-86.83823724,39.64534402]},"properties":{"name":"ANGIE S KIDDIE CARE","assetType":"Home Licensed Child Cares","dataYear":"2018","assetId":"931036","subcategory":"Social and Community Services","detail":"https://classic.savi.org/SAVI/PopUps/AssetMoreInfo.aspx?AssetID=931036"}},{"type":"Feature","geometry":{"type":"Point","coordinates":[-86.06608517,39.81564315]},"properties":{"name":"ANNIE S HOUSE OF LOVE","assetType":"Home Licensed Child Cares","dataYear":"2018","assetId":"930906","subcategory":"Social and Community Services","detail":"https://classic.savi.org/SAVI/PopUps/AssetMoreInfo.aspx?AssetID=930906"}},{"type":"Feature","geometry":{"type":"Point","coordinates":[-85.6672754,40.07711154]},"properties":{"name":"APPLECRITTERS CHILD CARE & PRESCHOOL","assetType":"Home Licensed Child Cares","dataYear":"2018","assetId":"931475","subcategory":"Social and Community Services","detail":"https://classic.savi.org/SAVI/PopUps/AssetMoreInfo.aspx?AssetID=931475"}},{"type":"Feature","geometry":{"type":"Point","coordinates":[-85.9683741,39.823874]},"properties":{"name":"AUNTIE NELL S DAYCARE","assetType":"Home Licensed Child Cares","dataYear":"2018","assetId":"931107","subcategory":"Social and Community Services","detail":"https://classic.savi.org/SAVI/PopUps/AssetMoreInfo.aspx?AssetID=931107"}},{"type":"Feature","geometry":{"type":"Point","coordinates":[-86.45218401,39.77626774]},"properties":{"name":"Abbagayle Holcomb","assetType":"Home Licensed Child Cares","dataYear":"2018","assetId":"931491","subcategory":"Social and Community Services","detail":"https://classic.savi.org/SAVI/PopUps/AssetMoreInfo.aspx?AssetID=931491"}},{"type":"Feature","geometry":{"type":"Point","coordinates":[-86.22690827,39.81182999]},"properties":{"name":"Above and Beyond in Home Daycare","assetType":"Home Licensed Child Cares","dataYear":"2018","assetId":"931210","subcategory":"Social and Community Services","detail":"https://classic.savi.org/SAVI/PopUps/AssetMoreInfo.aspx?AssetID=931210"}},{"type":"Feature","geometry":{"type":"Point","coordinates":[-85.68320613,39.78856399]},"properties":{"name":"Active Tots Day Care","assetType":"Home Licensed Child Cares","dataYear":"2018","assetId":"931629","subcategory":"Social and Community Services","detail":"https://classic.savi.org/SAVI/PopUps/AssetMoreInfo.aspx?AssetID=931629"}},{"type":"Feature","geometry":{"type":"Point","coordinates":[-86.00574126,39.82122194]},"properties":{"name":"Adorable Tots","assetType":"Home Licensed Child Cares","dataYear":"2018","assetId":"931040","subcategory":"Social and Community Services","detail":"https://classic.savi.org/SAVI/PopUps/AssetMoreInfo.aspx?AssetID=931040"}},{"type":"Feature","geometry":{"type":"Point","coordinates":[-86.02632636,39.73440798]},"properties":{"name":"Adventurous Creche","assetType":"Home Licensed Child Cares","dataYear":"2018","assetId":"931348","subcategory":"Social and Community Services","detail":"https://classic.savi.org/SAVI/PopUps/AssetMoreInfo.aspx?AssetID=931348"}},{"type":"Feature","geometry":{"type":"Point","coordinates":[-86.08189731,39.36042866]},"properties":{"name":"All About The Kids","assetType":"Home Licensed Child Cares","dataYear":"2018","assetId":"931482","subcategory":"Social and Community Services","detail":"https://classic.savi.org/SAVI/PopUps/AssetMoreInfo.aspx?AssetID=931482"}},{"type":"Feature","geometry":{"type":"Point","coordinates":[-86.22043048,39.7933728]},"properties":{"name":"All My Children Learning Center","assetType":"Home Licensed Child Cares","dataYear":"2018","assetId":"930900","subcategory":"Social and Community Services","detail":"https://classic.savi.org/SAVI/PopUps/AssetMoreInfo.aspx?AssetID=930900"}},{"type":"Feature","geometry":{"type":"Point","coordinates":[-85.97315788,39.96027768]},"properties":{"name":"Alphabet Academy Childcare LLC","assetType":"Home Licensed Child Cares","dataYear":"2018","assetId":"931567","subcategory":"Social and Community Services","detail":"https://classic.savi.org/SAVI/PopUps/AssetMoreInfo.aspx?AssetID=931567"}},{"type":"Feature","geometry":{"type":"Point","coordinates":[-86.03301216,39.95922916]},"properties":{"name":"Alphabet Academy Childcare LLC","assetType":"Home Licensed Child Cares","dataYear":"2018","assetId":"931609","subcategory":"Social and Community Services","detail":"https://classic.savi.org/SAVI/PopUps/AssetMoreInfo.aspx?AssetID=931609"}},{"type":"Feature","geometry":{"type":"Point","coordinates":[-86.0132538,39.82102408]},"properties":{"name":"Alphabet Creshe","assetType":"Home Licensed Child Cares","dataYear":"2018","assetId":"930840","subcategory":"Social and Community Services","detail":"https://classic.savi.org/SAVI/PopUps/AssetMoreInfo.aspx?AssetID=930840"}},{"type":"Feature","geometry":{"type":"Point","coordinates":[-86.09928101,39.63118581]},"properties":{"name":"Alternative Daycare II","assetType":"Home Licensed Child Cares","dataYear":"2018","assetId":"931511","subcategory":"Social and Community Services","detail":"https://classic.savi.org/SAVI/PopUps/AssetMoreInfo.aspx?AssetID=931511"}},{"type":"Feature","geometry":{"type":"Point","coordinates":[-86.06414118,39.79990814]},"properties":{"name":"Alwayz Kidz II","assetType":"Home Licensed Child Cares","dataYear":"2018","assetId":"930834","subcategory":"Social and Community Services","detail":"https://classic.savi.org/SAVI/PopUps/AssetMoreInfo.aspx?AssetID=930834"}},{"type":"Feature","geometry":{"type":"Point","coordinates":[-85.73479546,39.74229896]},"properties":{"name":"Amanda s Day Care","assetType":"Home Licensed Child Cares","dataYear":"2018","assetId":"931500","subcategory":"Social and Community Services","detail":"https://classic.savi.org/SAVI/PopUps/AssetMoreInfo.aspx?AssetID=931500"}},{"type":"Feature","geometry":{"type":"Point","coordinates":[-85.99285551,39.82983128]},"properties":{"name":"Amazing Child Care","assetType":"Home Licensed Child Cares","dataYear":"2018","assetId":"931132","subcategory":"Social and Community Services","detail":"https://classic.savi.org/SAVI/PopUps/AssetMoreInfo.aspx?AssetID=931132"}},{"type":"Feature","geometry":{"type":"Point","coordinates":[-86.13905627,39.67936443]},"properties":{"name":"Amy Watson","assetType":"Home Licensed Child Cares","dataYear":"2018","assetId":"931131","subcategory":"Social and Community Services","detail":"https://classic.savi.org/SAVI/PopUps/AssetMoreInfo.aspx?AssetID=931131"}},{"type":"Feature","geometry":{"type":"Point","coordinates":[-86.31024749,39.78226309]},"properties":{"name":"Amy s Sonshine Place","assetType":"Home Licensed Child Cares","dataYear":"2018","assetId":"931150","subcategory":"Social and Community Services","detail":"https://classic.savi.org/SAVI/PopUps/AssetMoreInfo.aspx?AssetID=931150"}},{"type":"Feature","geometry":{"type":"Point","coordinates":[-85.96462155,39.8363835]},"properties":{"name":"Angel Bear Child Care","assetType":"Home Licensed Child Cares","dataYear":"2018","assetId":"931333","subcategory":"Social and Community Services","detail":"https://classic.savi.org/SAVI/PopUps/AssetMoreInfo.aspx?AssetID=931333"}},{"type":"Feature","geometry":{"type":"Point","coordinates":[-86.07627645,39.83213236]},"properties":{"name":"Angel Care","assetType":"Home Licensed Child Cares","dataYear":"2018","assetId":"931141","subcategory":"Social and Community Services","detail":"https://classic.savi.org/SAVI/PopUps/AssetMoreInfo.aspx?AssetID=931141"}},{"type":"Feature","geometry":{"type":"Point","coordinates":[-86.07612797,39.83213293]},"properties":{"name":"Angel Care Two","assetType":"Home Licensed Child Cares","dataYear":"2018","assetId":"931317","subcategory":"Social and Community Services","detail":"https://classic.savi.org/SAVI/PopUps/AssetMoreInfo.aspx?AssetID=931317"}},{"type":"Feature","geometry":{"type":"Point","coordinates":[-86.41802248,39.47625781]},"properties":{"name":"Angela s Child Care","assetType":"Home Licensed Child Cares","dataYear":"2018","assetId":"930961","subcategory":"Social and Community Services","detail":"https://classic.savi.org/SAVI/PopUps/AssetMoreInfo.aspx?AssetID=930961"}},{"type":"Feature","geometry":{"type":"Point","coordinates":[-86.12169619,39.91631053]},"properties":{"name":"Angels in Training Daycare","assetType":"Home Licensed Child Cares","dataYear":"2018","assetId":"931103","subcategory":"Social and Community Services","detail":"https://classic.savi.org/SAVI/PopUps/AssetMoreInfo.aspx?AssetID=931103"}},{"type":"Feature","geometry":{"type":"Point","coordinates":[-86.16175248,39.82124768]},"properties":{"name":"Angie s Little Angels","assetType":"Home Licensed Child Cares","dataYear":"2018","assetId":"931354","subcategory":"Social and Community Services","detail":"https://classic.savi.org/SAVI/PopUps/AssetMoreInfo.aspx?AssetID=931354"}},{"type":"Feature","geometry":{"type":"Point","coordinates":[-86.2446864,39.6880472]},"properties":{"name":"Anna s Child Care and Early Learning","assetType":"Home Licensed Child Cares","dataYear":"2018","assetId":"931151","subcategory":"Social and Community Services","detail":"https://classic.savi.org/SAVI/PopUps/AssetMoreInfo.aspx?AssetID=931151"}},{"type":"Feature","geometry":{"type":"Point","coordinates":[-85.6672754,40.07711154]},"properties":{"name":"Applecritters 1 2 3","assetType":"Home Licensed Child Cares","dataYear":"2018","assetId":"931469","subcategory":"Social and Community Services","detail":"https://classic.savi.org/SAVI/PopUps/AssetMoreInfo.aspx?AssetID=931469"}},{"type":"Feature","geometry":{"type":"Point","coordinates":[-86.1576725,40.02799006]},"properties":{"name":"Arts Smarts and Happy Hearts","assetType":"Home Licensed Child Cares","dataYear":"2018","assetId":"931502","subcategory":"Social and Community Services","detail":"https://classic.savi.org/SAVI/PopUps/AssetMoreInfo.aspx?AssetID=931502"}},{"type":"Feature","geometry":{"type":"Point","coordinates":[-86.36262881,39.60145573]},"properties":{"name":"Aunt Jacki s Daycare and Preschool","assetType":"Home Licensed Child Cares","dataYear":"2018","assetId":"930958","subcategory":"Social and Community Services","detail":"https://classic.savi.org/SAVI/PopUps/AssetMoreInfo.aspx?AssetID=930958"}},{"type":"Feature","geometry":{"type":"Point","coordinates":[-86.41944649,39.78969574]},"properties":{"name":"Avon Busy Bear","assetType":"Home Licensed Child Cares","dataYear":"2018","assetId":"931487","subcategory":"Social and Community Services","detail":"https://classic.savi.org/SAVI/PopUps/AssetMoreInfo.aspx?AssetID=931487"}},{"type":"Feature","geometry":{"type":"Point","coordinates":[-85.97868488,39.82379798]},"properties":{"name":"BABES CHILD CARE","assetType":"Home Licensed Child Cares","dataYear":"2018","assetId":"930942","subcategory":"Social and Community Services","detail":"https://classic.savi.org/SAVI/PopUps/AssetMoreInfo.aspx?AssetID=930942"}},{"type":"Feature","geometry":{"type":"Point","coordinates":[-86.00574226,39.82129427]},"properties":{"name":"BABY ZONE","assetType":"Home Licensed Child Cares","dataYear":"2018","assetId":"931184","subcategory":"Social and Community Services","detail":"https://classic.savi.org/SAVI/PopUps/AssetMoreInfo.aspx?AssetID=931184"}},{"type":"Feature","geometry":{"type":"Point","coordinates":[-86.06914441,39.83683766]},"properties":{"name":"BEE-BEE S LITTLE CUBS","assetType":"Home Licensed Child Cares","dataYear":"2018","assetId":"930886","subcategory":"Social and Community Services","detail":"https://classic.savi.org/SAVI/PopUps/AssetMoreInfo.aspx?AssetID=930886"}},{"type":"Feature","geometry":{"type":"Point","coordinates":[-85.61398163,40.07127075]},"properties":{"name":"BEVERLY J CHRISTOFF","assetType":"Home Licensed Child Cares","dataYear":"2018","assetId":"931473","subcategory":"Social and Community Services","detail":"https://classic.savi.org/SAVI/PopUps/AssetMoreInfo.aspx?AssetID=931473"}},{"type":"Feature","geometry":{"type":"Point","coordinates":[-86.81464522,39.76115107]},"properties":{"name":"BONNETS & BEARS CHILD DAY CARE","assetType":"Home Licensed Child Cares","dataYear":"2018","assetId":"931091","subcategory":"Social and Community Services","detail":"https://classic.savi.org/SAVI/PopUps/AssetMoreInfo.aspx?AssetID=931091"}},{"type":"Feature","geometry":{"type":"Point","coordinates":[-86.26513683,39.67741328]},"properties":{"name":"BRENDA DINKELDEIN","assetType":"Home Licensed Child Cares","dataYear":"2018","assetId":"931092","subcategory":"Social and Community Services","detail":"https://classic.savi.org/SAVI/PopUps/AssetMoreInfo.aspx?AssetID=931092"}},{"type":"Feature","geometry":{"type":"Point","coordinates":[-85.99900208,39.83633523]},"properties":{"name":"Baby Zone Etc","assetType":"Home Licensed Child Cares","dataYear":"2018","assetId":"931266","subcategory":"Social and Community Services","detail":"https://classic.savi.org/SAVI/PopUps/AssetMoreInfo.aspx?AssetID=931266"}},{"type":"Feature","geometry":{"type":"Point","coordinates":[-86.13018772,39.85824316]},"properties":{"name":"Barbara Moore","assetType":"Home Licensed Child Cares","dataYear":"2018","assetId":"931094","subcategory":"Social and Community Services","detail":"https://classic.savi.org/SAVI/PopUps/AssetMoreInfo.aspx?AssetID=931094"}},{"type":"Feature","geometry":{"type":"Point","coordinates":[-86.1201948,39.80593145]},"properties":{"name":"Beautiful Beginnings Childcare","assetType":"Home Licensed Child Cares","dataYear":"2018","assetId":"930831","subcategory":"Social and Community Services","detail":"https://classic.savi.org/SAVI/PopUps/AssetMoreInfo.aspx?AssetID=930831"}},{"type":"Feature","geometry":{"type":"Point","coordinates":[-86.3972453,39.72932045]},"properties":{"name":"Belles and Beaus Playhouse","assetType":"Home Licensed Child Cares","dataYear":"2018","assetId":"931552","subcategory":"Social and Community Services","detail":"https://classic.savi.org/SAVI/PopUps/AssetMoreInfo.aspx?AssetID=931552"}},{"type":"Feature","geometry":{"type":"Point","coordinates":[-86.51509844,39.86088358]},"properties":{"name":"Berry Patch Daycare","assetType":"Home Licensed Child Cares","dataYear":"2018","assetId":"931558","subcategory":"Social and Community Services","detail":"https://classic.savi.org/SAVI/PopUps/AssetMoreInfo.aspx?AssetID=931558"}},{"type":"Feature","geometry":{"type":"Point","coordinates":[-85.70937121,40.10494639]},"properties":{"name":"Best Care Child Care","assetType":"Home Licensed Child Cares","dataYear":"2018","assetId":"931464","subcategory":"Social and Community Services","detail":"https://classic.savi.org/SAVI/PopUps/AssetMoreInfo.aspx?AssetID=931464"}},{"type":"Feature","geometry":{"type":"Point","coordinates":[-85.84259995,40.06715869]},"properties":{"name":"Beth s Blessings LLC","assetType":"Home Licensed Child Cares","dataYear":"2018","assetId":"931378","subcategory":"Social and Community Services","detail":"https://classic.savi.org/SAVI/PopUps/AssetMoreInfo.aspx?AssetID=931378"}},{"type":"Feature","geometry":{"type":"Point","coordinates":[-86.17271352,39.80207776]},"properties":{"name":"Big Auntie Gill s Child Care","assetType":"Home Licensed Child Cares","dataYear":"2018","assetId":"930897","subcategory":"Social and Community Services","detail":"https://classic.savi.org/SAVI/PopUps/AssetMoreInfo.aspx?AssetID=930897"}},{"type":"Feature","geometry":{"type":"Point","coordinates":[-86.09358762,39.77230612]},"properties":{"name":"Big Dreamz Lil Stepz","assetType":"Home Licensed Child Cares","dataYear":"2018","assetId":"931272","subcategory":"Social and Community Services","detail":"https://classic.savi.org/SAVI/PopUps/AssetMoreInfo.aspx?AssetID=931272"}},{"type":"Feature","geometry":{"type":"Point","coordinates":[-86.02229782,39.82767427]},"properties":{"name":"Big Dreamz Lil Stepz","assetType":"Home Licensed Child Cares","dataYear":"2018","assetId":"931351","subcategory":"Social and Community Services","detail":"https://classic.savi.org/SAVI/PopUps/AssetMoreInfo.aspx?AssetID=931351"}},{"type":"Feature","geometry":{"type":"Point","coordinates":[-86.23076152,39.816138]},"properties":{"name":"Big Momma s House Daycare","assetType":"Home Licensed Child Cares","dataYear":"2018","assetId":"931282","subcategory":"Social and Community Services","detail":"https://classic.savi.org/SAVI/PopUps/AssetMoreInfo.aspx?AssetID=931282"}},{"type":"Feature","geometry":{"type":"Point","coordinates":[-86.18617122,39.89670138]},"properties":{"name":"Bilingual Day Care","assetType":"Home Licensed Child Cares","dataYear":"2018","assetId":"931343","subcategory":"Social and Community Services","detail":"https://classic.savi.org/SAVI/PopUps/AssetMoreInfo.aspx?AssetID=931343"}},{"type":"Feature","geometry":{"type":"Point","coordinates":[-86.86229907,39.64995823]},"properties":{"name":"Bizzy Bee Childcare","assetType":"Home Licensed Child Cares","dataYear":"2018","assetId":"931034","subcategory":"Social and Community Services","detail":"https://classic.savi.org/SAVI/PopUps/AssetMoreInfo.aspx?AssetID=931034"}},{"type":"Feature","geometry":{"type":"Point","coordinates":[-85.96957839,39.83003641]},"properties":{"name":"Blessed Beyond Measures","assetType":"Home Licensed Child Cares","dataYear":"2018","assetId":"931240","subcategory":"Social and Community Services","detail":"https://classic.savi.org/SAVI/PopUps/AssetMoreInfo.aspx?AssetID=931240"}},{"type":"Feature","geometry":{"type":"Point","coordinates":[-86.04044735,39.77572852]},"properties":{"name":"Blessed House of Prayer Child Care","assetType":"Home Licensed Child Cares","dataYear":"2018","assetId":"931399","subcategory":"Social and Community Services","detail":"https://classic.savi.org/SAVI/PopUps/AssetMoreInfo.aspx?AssetID=931399"}},{"type":"Feature","geometry":{"type":"Point","coordinates":[-86.00296651,39.80522126]},"properties":{"name":"Blessed and Highly Favored Academy","assetType":"Home Licensed Child Cares","dataYear":"2018","assetId":"931322","subcategory":"Social and Community Services","detail":"https://classic.savi.org/SAVI/PopUps/AssetMoreInfo.aspx?AssetID=931322"}},{"type":"Feature","geometry":{"type":"Point","coordinates":[-85.61505055,40.00540149]},"properties":{"name":"Blue Skies & Butterflies","assetType":"Home Licensed Child Cares","dataYear":"2018","assetId":"931412","subcategory":"Social and Community Services","detail":"https://classic.savi.org/SAVI/PopUps/AssetMoreInfo.aspx?AssetID=931412"}},{"type":"Feature","geometry":{"type":"Point","coordinates":[-86.12727408,39.69166945]},"properties":{"name":"Borrowed Babies Family Childcare","assetType":"Home Licensed Child Cares","dataYear":"2018","assetId":"931284","subcategory":"Social and Community Services","detail":"https://classic.savi.org/SAVI/PopUps/AssetMoreInfo.aspx?AssetID=931284"}},{"type":"Feature","geometry":{"type":"Point","coordinates":[-86.2200199,39.84797894]},"properties":{"name":"Bowie s Angels Child Care LLC","assetType":"Home Licensed Child Cares","dataYear":"2018","assetId":"931230","subcategory":"Social and Community Services","detail":"https://classic.savi.org/SAVI/PopUps/AssetMoreInfo.aspx?AssetID=931230"}},{"type":"Feature","geometry":{"type":"Point","coordinates":[-85.94890926,39.87965068]},"properties":{"name":"Brenda s Loving Daycare","assetType":"Home Licensed Child Cares","dataYear":"2018","assetId":"930954","subcategory":"Social and Community Services","detail":"https://classic.savi.org/SAVI/PopUps/AssetMoreInfo.aspx?AssetID=930954"}},{"type":"Feature","geometry":{"type":"Point","coordinates":[-86.18626195,39.88596952]},"properties":{"name":"Bright Futures Childcare","assetType":"Home Licensed Child Cares","dataYear":"2018","assetId":"931398","subcategory":"Social and Community Services","detail":"https://classic.savi.org/SAVI/PopUps/AssetMoreInfo.aspx?AssetID=931398"}},{"type":"Feature","geometry":{"type":"Point","coordinates":[-86.19636593,39.87390629]},"properties":{"name":"Bright Futures Childcare II","assetType":"Home Licensed Child Cares","dataYear":"2018","assetId":"931247","subcategory":"Social and Community Services","detail":"https://classic.savi.org/SAVI/PopUps/AssetMoreInfo.aspx?AssetID=931247"}},{"type":"Feature","geometry":{"type":"Point","coordinates":[-85.98640836,39.84920589]},"properties":{"name":"Bright Little Sunshine s Day Care","assetType":"Home Licensed Child Cares","dataYear":"2018","assetId":"931205","subcategory":"Social and Community Services","detail":"https://classic.savi.org/SAVI/PopUps/AssetMoreInfo.aspx?AssetID=931205"}},{"type":"Feature","geometry":{"type":"Point","coordinates":[-85.93086373,39.75034854]},"properties":{"name":"Brighter Beginnings Child Care","assetType":"Home Licensed Child Cares","dataYear":"2018","assetId":"931493","subcategory":"Social and Community Services","detail":"https://classic.savi.org/SAVI/PopUps/AssetMoreInfo.aspx?AssetID=931493"}},{"type":"Feature","geometry":{"type":"Point","coordinates":[-85.98046817,39.96738377]},"properties":{"name":"Brooke s Bright Beginnings LLC","assetType":"Home Licensed Child Cares","dataYear":"2018","assetId":"931603","subcategory":"Social and Community Services","detail":"https://classic.savi.org/SAVI/PopUps/AssetMoreInfo.aspx?AssetID=931603"}},{"type":"Feature","geometry":{"type":"Point","coordinates":[-86.24548889,39.20825037]},"properties":{"name":"Brown County Head Start","assetType":"Home Licensed Child Cares","dataYear":"2018","assetId":"931614","subcategory":"Social and Community Services","detail":"https://classic.savi.org/SAVI/PopUps/AssetMoreInfo.aspx?AssetID=931614"}},{"type":"Feature","geometry":{"type":"Point","coordinates":[-85.98930571,40.01285658]},"properties":{"name":"Building Blocks Home Daycare","assetType":"Home Licensed Child Cares","dataYear":"2018","assetId":"931537","subcategory":"Social and Community Services","detail":"https://classic.savi.org/SAVI/PopUps/AssetMoreInfo.aspx?AssetID=931537"}},{"type":"Feature","geometry":{"type":"Point","coordinates":[-86.1782427,39.8045186]},"properties":{"name":"Bundles of Joy Christian Academy","assetType":"Home Licensed Child Cares","dataYear":"2018","assetId":"930999","subcategory":"Social and Community Services","detail":"https://classic.savi.org/SAVI/PopUps/AssetMoreInfo.aspx?AssetID=930999"}},{"type":"Feature","geometry":{"type":"Point","coordinates":[-86.17820627,39.80451896]},"properties":{"name":"Bundles of Joy Christian Academy","assetType":"Home Licensed Child Cares","dataYear":"2018","assetId":"931106","subcategory":"Social and Community Services","detail":"https://classic.savi.org/SAVI/PopUps/AssetMoreInfo.aspx?AssetID=931106"}},{"type":"Feature","geometry":{"type":"Point","coordinates":[-86.05676639,39.64851613]},"properties":{"name":"Bunny Hop Licensed Daycare","assetType":"Home Licensed Child Cares","dataYear":"2018","assetId":"931204","subcategory":"Social and Community Services","detail":"https://classic.savi.org/SAVI/PopUps/AssetMoreInfo.aspx?AssetID=931204"}},{"type":"Feature","geometry":{"type":"Point","coordinates":[-85.73834819,39.79852106]},"properties":{"name":"Busy Bee Home Child Care","assetType":"Home Licensed Child Cares","dataYear":"2018","assetId":"931497","subcategory":"Social and Community Services","detail":"https://classic.savi.org/SAVI/PopUps/AssetMoreInfo.aspx?AssetID=931497"}},{"type":"Feature","geometry":{"type":"Point","coordinates":[-86.92655122,39.82274043]},"properties":{"name":"Busy Hands Daycare","assetType":"Home Licensed Child Cares","dataYear":"2018","assetId":"931032","subcategory":"Social and Community Services","detail":"https://classic.savi.org/SAVI/PopUps/AssetMoreInfo.aspx?AssetID=931032"}},{"type":"Feature","geometry":{"type":"Point","coordinates":[-85.68396668,40.27653002]},"properties":{"name":"Buttons and Bows Daycare","assetType":"Home Licensed Child Cares","dataYear":"2018","assetId":"931541","subcategory":"Social and Community Services","detail":"https://classic.savi.org/SAVI/PopUps/AssetMoreInfo.aspx?AssetID=931541"}},{"type":"Feature","geometry":{"type":"Point","coordinates":[-86.0904539,39.81688743]},"properties":{"name":"Buzy Bzz School","assetType":"Home Licensed Child Cares","dataYear":"2018","assetId":"931321","subcategory":"Social and Community Services","detail":"https://classic.savi.org/SAVI/PopUps/AssetMoreInfo.aspx?AssetID=931321"}},{"type":"Feature","geometry":{"type":"Point","coordinates":[-86.25770558,39.86270277]},"properties":{"name":"BuzzyBees Child Care","assetType":"Home Licensed Child Cares","dataYear":"2018","assetId":"931391","subcategory":"Social and Community Services","detail":"https://classic.savi.org/SAVI/PopUps/AssetMoreInfo.aspx?AssetID=931391"}},{"type":"Feature","geometry":{"type":"Point","coordinates":[-86.02232578,40.05808929]},"properties":{"name":"CAMPBELL CARE","assetType":"Home Licensed Child Cares","dataYear":"2018","assetId":"931536","subcategory":"Social and Community Services","detail":"https://classic.savi.org/SAVI/PopUps/AssetMoreInfo.aspx?AssetID=931536"}},{"type":"Feature","geometry":{"type":"Point","coordinates":[-86.19669374,39.86664173]},"properties":{"name":"CARE BEAR CHILD CARE INC","assetType":"Home Licensed Child Cares","dataYear":"2018","assetId":"930948","subcategory":"Social and Community Services","detail":"https://classic.savi.org/SAVI/PopUps/AssetMoreInfo.aspx?AssetID=930948"}},{"type":"Feature","geometry":{"type":"Point","coordinates":[-85.77154802,39.52622057]},"properties":{"name":"CATHY S LITTLE FRIENDS","assetType":"Home Licensed Child Cares","dataYear":"2018","assetId":"931084","subcategory":"Social and Community Services","detail":"https://classic.savi.org/SAVI/PopUps/AssetMoreInfo.aspx?AssetID=931084"}},{"type":"Feature","geometry":{"type":"Point","coordinates":[-85.89024104,39.51149353]},"properties":{"name":"CATHY S COUNTRY CARE INC","assetType":"Home Licensed Child Cares","dataYear":"2018","assetId":"931029","subcategory":"Social and Community Services","detail":"https://classic.savi.org/SAVI/PopUps/AssetMoreInfo.aspx?AssetID=931029"}},{"type":"Feature","geometry":{"type":"Point","coordinates":[-86.03730264,40.06954248]},"properties":{"name":"CHRISTINA S KID CASTLE","assetType":"Home Licensed Child Cares","dataYear":"2018","assetId":"931533","subcategory":"Social and Community Services","detail":"https://classic.savi.org/SAVI/PopUps/AssetMoreInfo.aspx?AssetID=931533"}},{"type":"Feature","geometry":{"type":"Point","coordinates":[-86.06150428,39.68525284]},"properties":{"name":"COLOR ME BRIGHT HOME DAY CARE","assetType":"Home Licensed Child Cares","dataYear":"2018","assetId":"931116","subcategory":"Social and Community Services","detail":"https://classic.savi.org/SAVI/PopUps/AssetMoreInfo.aspx?AssetID=931116"}},{"type":"Feature","geometry":{"type":"Point","coordinates":[-85.60449531,40.110422]},"properties":{"name":"COLOR TOWN","assetType":"Home Licensed Child Cares","dataYear":"2018","assetId":"931381","subcategory":"Social and Community Services","detail":"https://classic.savi.org/SAVI/PopUps/AssetMoreInfo.aspx?AssetID=931381"}},{"type":"Feature","geometry":{"type":"Point","coordinates":[-86.15255451,39.65325329]},"properties":{"name":"COUNTRY COTTAGE KIDDIE CARE","assetType":"Home Licensed Child Cares","dataYear":"2018","assetId":"930914","subcategory":"Social and Community Services","detail":"https://classic.savi.org/SAVI/PopUps/AssetMoreInfo.aspx?AssetID=930914"}},{"type":"Feature","geometry":{"type":"Point","coordinates":[-86.15165409,39.65266722]},"properties":{"name":"COUNTRY COTTAGE TWO","assetType":"Home Licensed Child Cares","dataYear":"2018","assetId":"930915","subcategory":"Social and Community Services","detail":"https://classic.savi.org/SAVI/PopUps/AssetMoreInfo.aspx?AssetID=930915"}},{"type":"Feature","geometry":{"type":"Point","coordinates":[-86.16520982,40.11247215]},"properties":{"name":"COUNTRY HOME DAYCARE","assetType":"Home Licensed Child Cares","dataYear":"2018","assetId":"931531","subcategory":"Social and Community Services","detail":"https://classic.savi.org/SAVI/PopUps/AssetMoreInfo.aspx?AssetID=931531"}},{"type":"Feature","geometry":{"type":"Point","coordinates":[-85.70284412,40.00242563]},"properties":{"name":"CREATIVE CORNER DAY CARE","assetType":"Home Licensed Child Cares","dataYear":"2018","assetId":"931409","subcategory":"Social and Community Services","detail":"https://classic.savi.org/SAVI/PopUps/AssetMoreInfo.aspx?AssetID=931409"}},{"type":"Feature","geometry":{"type":"Point","coordinates":[-86.18425152,39.86293477]},"properties":{"name":"Care Bears Child Care","assetType":"Home Licensed Child Cares","dataYear":"2018","assetId":"931303","subcategory":"Social and Community Services","detail":"https://classic.savi.org/SAVI/PopUps/AssetMoreInfo.aspx?AssetID=931303"}},{"type":"Feature","geometry":{"type":"Point","coordinates":[-86.12169237,39.80621584]},"properties":{"name":"Caring and Sharing Childcare LLC","assetType":"Home Licensed Child Cares","dataYear":"2018","assetId":"931309","subcategory":"Social and Community Services","detail":"https://classic.savi.org/SAVI/PopUps/AssetMoreInfo.aspx?AssetID=931309"}},{"type":"Feature","geometry":{"type":"Point","coordinates":[-86.40484607,39.87993034]},"properties":{"name":"Carolyn s Child Care","assetType":"Home Licensed Child Cares","dataYear":"2018","assetId":"931456","subcategory":"Social and Community Services","detail":"https://classic.savi.org/SAVI/PopUps/AssetMoreInfo.aspx?AssetID=931456"}},{"type":"Feature","geometry":{"type":"Point","coordinates":[-86.22436865,39.84440846]},"properties":{"name":"Catch A Star Daycare","assetType":"Home Licensed Child Cares","dataYear":"2018","assetId":"931397","subcategory":"Social and Community Services","detail":"https://classic.savi.org/SAVI/PopUps/AssetMoreInfo.aspx?AssetID=931397"}},{"type":"Feature","geometry":{"type":"Point","coordinates":[-85.93079823,39.97553868]},"properties":{"name":"Cathy s Cottage Daycare","assetType":"Home Licensed Child Cares","dataYear":"2018","assetId":"931562","subcategory":"Social and Community Services","detail":"https://classic.savi.org/SAVI/PopUps/AssetMoreInfo.aspx?AssetID=931562"}},{"type":"Feature","geometry":{"type":"Point","coordinates":[-86.02269314,39.82318744]},"properties":{"name":"Center of Attention","assetType":"Home Licensed Child Cares","dataYear":"2018","assetId":"931285","subcategory":"Social and Community Services","detail":"https://classic.savi.org/SAVI/PopUps/AssetMoreInfo.aspx?AssetID=931285"}},{"type":"Feature","geometry":{"type":"Point","coordinates":[-86.01649364,39.83353303]},"properties":{"name":"Changing Lives One Child At A Time","assetType":"Home Licensed Child Cares","dataYear":"2018","assetId":"931251","subcategory":"Social and Community Services","detail":"https://classic.savi.org/SAVI/PopUps/AssetMoreInfo.aspx?AssetID=931251"}},{"type":"Feature","geometry":{"type":"Point","coordinates":[-86.3024641,39.94973094]},"properties":{"name":"Chickadee Farm LLC","assetType":"Home Licensed Child Cares","dataYear":"2018","assetId":"931580","subcategory":"Social and Community Services","detail":"https://classic.savi.org/SAVI/PopUps/AssetMoreInfo.aspx?AssetID=931580"}},{"type":"Feature","geometry":{"type":"Point","coordinates":[-86.20259892,39.7568012]},"properties":{"name":"Chiki s Child Care","assetType":"Home Licensed Child Cares","dataYear":"2018","assetId":"931352","subcategory":"Social and Community Services","detail":"https://classic.savi.org/SAVI/PopUps/AssetMoreInfo.aspx?AssetID=931352"}},{"type":"Feature","geometry":{"type":"Point","coordinates":[-86.03606995,39.84061385]},"properties":{"name":"Children s Lane Early Learning Home","assetType":"Home Licensed Child Cares","dataYear":"2018","assetId":"931200","subcategory":"Social and Community Services","detail":"https://classic.savi.org/SAVI/PopUps/AssetMoreInfo.aspx?AssetID=931200"}},{"type":"Feature","geometry":{"type":"Point","coordinates":[-85.95438775,39.8010791]},"properties":{"name":"Children s Playground Childcare","assetType":"Home Licensed Child Cares","dataYear":"2018","assetId":"931267","subcategory":"Social and Community Services","detail":"https://classic.savi.org/SAVI/PopUps/AssetMoreInfo.aspx?AssetID=931267"}},{"type":"Feature","geometry":{"type":"Point","coordinates":[-86.05521258,39.829847]},"properties":{"name":"China s Walking Miracles","assetType":"Home Licensed Child Cares","dataYear":"2018","assetId":"931293","subcategory":"Social and Community Services","detail":"https://classic.savi.org/SAVI/PopUps/AssetMoreInfo.aspx?AssetID=931293"}},{"type":"Feature","geometry":{"type":"Point","coordinates":[-86.13994169,39.67260072]},"properties":{"name":"Chinsuh","assetType":"Home Licensed Child Cares","dataYear":"2018","assetId":"930985","subcategory":"Social and Community Services","detail":"https://classic.savi.org/SAVI/PopUps/AssetMoreInfo.aspx?AssetID=930985"}},{"type":"Feature","geometry":{"type":"Point","coordinates":[-86.15895087,39.66159361]},"properties":{"name":"Chinsuh Childcare","assetType":"Home Licensed Child Cares","dataYear":"2018","assetId":"931311","subcategory":"Social and Community Services","detail":"https://classic.savi.org/SAVI/PopUps/AssetMoreInfo.aspx?AssetID=931311"}},{"type":"Feature","geometry":{"type":"Point","coordinates":[-86.05213099,39.83568713]},"properties":{"name":"Chosen Few Daycare","assetType":"Home Licensed Child Cares","dataYear":"2018","assetId":"931227","subcategory":"Social and Community Services","detail":"https://classic.savi.org/SAVI/PopUps/AssetMoreInfo.aspx?AssetID=931227"}},{"type":"Feature","geometry":{"type":"Point","coordinates":[-86.32133694,39.77050078]},"properties":{"name":"Chrissy s Clubhouse","assetType":"Home Licensed Child Cares","dataYear":"2018","assetId":"931220","subcategory":"Social and Community Services","detail":"https://classic.savi.org/SAVI/PopUps/AssetMoreInfo.aspx?AssetID=931220"}},{"type":"Feature","geometry":{"type":"Point","coordinates":[-85.98562686,39.79379543]},"properties":{"name":"Christie s Love Bugs","assetType":"Home Licensed Child Cares","dataYear":"2018","assetId":"931149","subcategory":"Social and Community Services","detail":"https://classic.savi.org/SAVI/PopUps/AssetMoreInfo.aspx?AssetID=931149"}},{"type":"Feature","geometry":{"type":"Point","coordinates":[-85.96069024,39.79509888]},"properties":{"name":"Christie s Love Bugs","assetType":"Home Licensed Child Cares","dataYear":"2018","assetId":"931213","subcategory":"Social and Community Services","detail":"https://classic.savi.org/SAVI/PopUps/AssetMoreInfo.aspx?AssetID=931213"}},{"type":"Feature","geometry":{"type":"Point","coordinates":[-86.14873951,39.81485089]},"properties":{"name":"Cindy s Center For Young Learners","assetType":"Home Licensed Child Cares","dataYear":"2018","assetId":"931235","subcategory":"Social and Community Services","detail":"https://classic.savi.org/SAVI/PopUps/AssetMoreInfo.aspx?AssetID=931235"}},{"type":"Feature","geometry":{"type":"Point","coordinates":[-85.71787,39.52691458]},"properties":{"name":"Clay Academy LLC","assetType":"Home Licensed Child Cares","dataYear":"2018","assetId":"931085","subcategory":"Social and Community Services","detail":"https://classic.savi.org/SAVI/PopUps/AssetMoreInfo.aspx?AssetID=931085"}},{"type":"Feature","geometry":{"type":"Point","coordinates":[-86.0365769,39.81921685]},"properties":{"name":"Count Me In Childcare","assetType":"Home Licensed Child Cares","dataYear":"2018","assetId":"931302","subcategory":"Social and Community Services","detail":"https://classic.savi.org/SAVI/PopUps/AssetMoreInfo.aspx?AssetID=931302"}},{"type":"Feature","geometry":{"type":"Point","coordinates":[-86.16839801,39.6735312]},"properties":{"name":"Country Kiddie Cottage","assetType":"Home Licensed Child Cares","dataYear":"2018","assetId":"931212","subcategory":"Social and Community Services","detail":"https://classic.savi.org/SAVI/PopUps/AssetMoreInfo.aspx?AssetID=931212"}},{"type":"Feature","geometry":{"type":"Point","coordinates":[-85.98655455,39.79877541]},"properties":{"name":"Cozy Corner Childcare LLC","assetType":"Home Licensed Child Cares","dataYear":"2018","assetId":"931167","subcategory":"Social and Community Services","detail":"https://classic.savi.org/SAVI/PopUps/AssetMoreInfo.aspx?AssetID=931167"}},{"type":"Feature","geometry":{"type":"Point","coordinates":[-86.18762711,39.59409491]},"properties":{"name":"Crabapple Creek Country Day School","assetType":"Home Licensed Child Cares","dataYear":"2018","assetId":"931548","subcategory":"Social and Community Services","detail":"https://classic.savi.org/SAVI/PopUps/AssetMoreInfo.aspx?AssetID=931548"}},{"type":"Feature","geometry":{"type":"Point","coordinates":[-86.18762711,39.59409491]},"properties":{"name":"Crabapple Creek Country Day School","assetType":"Home Licensed Child Cares","dataYear":"2018","assetId":"931546","subcategory":"Social and Community Services","detail":"https://classic.savi.org/SAVI/PopUps/AssetMoreInfo.aspx?AssetID=931546"}},{"type":"Feature","geometry":{"type":"Point","coordinates":[-86.1880147,39.59479565]},"properties":{"name":"Crabapple Creek Country Day School","assetType":"Home Licensed Child Cares","dataYear":"2018","assetId":"931509","subcategory":"Social and Community Services","detail":"https://classic.savi.org/SAVI/PopUps/AssetMoreInfo.aspx?AssetID=931509"}},{"type":"Feature","geometry":{"type":"Point","coordinates":[-86.18762711,39.59409491]},"properties":{"name":"Crabapple Creek Country Day School","assetType":"Home Licensed Child Cares","dataYear":"2018","assetId":"931506","subcategory":"Social and Community Services","detail":"https://classic.savi.org/SAVI/PopUps/AssetMoreInfo.aspx?AssetID=931506"}},{"type":"Feature","geometry":{"type":"Point","coordinates":[-86.1880147,39.59479565]},"properties":{"name":"Crabapple Creek Country Day School","assetType":"Home Licensed Child Cares","dataYear":"2018","assetId":"931508","subcategory":"Social and Community Services","detail":"https://classic.savi.org/SAVI/PopUps/AssetMoreInfo.aspx?AssetID=931508"}},{"type":"Feature","geometry":{"type":"Point","coordinates":[-86.18762711,39.59409491]},"properties":{"name":"Crabapple Creek Country Day School","assetType":"Home Licensed Child Cares","dataYear":"2018","assetId":"931547","subcategory":"Social and Community Services","detail":"https://classic.savi.org/SAVI/PopUps/AssetMoreInfo.aspx?AssetID=931547"}},{"type":"Feature","geometry":{"type":"Point","coordinates":[-86.18762711,39.59409491]},"properties":{"name":"Crabapple Creek Country Day School","assetType":"Home Licensed Child Cares","dataYear":"2018","assetId":"931507","subcategory":"Social and Community Services","detail":"https://classic.savi.org/SAVI/PopUps/AssetMoreInfo.aspx?AssetID=931507"}},{"type":"Feature","geometry":{"type":"Point","coordinates":[-86.22214192,39.81251839]},"properties":{"name":"Cradle to Crayons Higher Learning Academy","assetType":"Home Licensed Child Cares","dataYear":"2018","assetId":"931337","subcategory":"Social and Community Services","detail":"https://classic.savi.org/SAVI/PopUps/AssetMoreInfo.aspx?AssetID=931337"}},{"type":"Feature","geometry":{"type":"Point","coordinates":[-85.88877561,39.7792843]},"properties":{"name":"Creative Kids Child Care","assetType":"Home Licensed Child Cares","dataYear":"2018","assetId":"931501","subcategory":"Social and Community Services","detail":"https://classic.savi.org/SAVI/PopUps/AssetMoreInfo.aspx?AssetID=931501"}},{"type":"Feature","geometry":{"type":"Point","coordinates":[-85.88877561,39.7792843]},"properties":{"name":"Creative Kids Child Care LLC","assetType":"Home Licensed Child Cares","dataYear":"2018","assetId":"931598","subcategory":"Social and Community Services","detail":"https://classic.savi.org/SAVI/PopUps/AssetMoreInfo.aspx?AssetID=931598"}},{"type":"Feature","geometry":{"type":"Point","coordinates":[-85.88877561,39.7792843]},"properties":{"name":"Creative Kids Childcare LLC","assetType":"Home Licensed Child Cares","dataYear":"2018","assetId":"931628","subcategory":"Social and Community Services","detail":"https://classic.savi.org/SAVI/PopUps/AssetMoreInfo.aspx?AssetID=931628"}},{"type":"Feature","geometry":{"type":"Point","coordinates":[-85.88877561,39.7792843]},"properties":{"name":"Creative Kids Childcare LLC","assetType":"Home Licensed Child Cares","dataYear":"2018","assetId":"931627","subcategory":"Social and Community Services","detail":"https://classic.savi.org/SAVI/PopUps/AssetMoreInfo.aspx?AssetID=931627"}},{"type":"Feature","geometry":{"type":"Point","coordinates":[-86.08356721,39.82468545]},"properties":{"name":"Creative Learning Childcare","assetType":"Home Licensed Child Cares","dataYear":"2018","assetId":"931290","subcategory":"Social and Community Services","detail":"https://classic.savi.org/SAVI/PopUps/AssetMoreInfo.aspx?AssetID=931290"}},{"type":"Feature","geometry":{"type":"Point","coordinates":[-86.16261691,39.82175061]},"properties":{"name":"Creative Learning Childcare","assetType":"Home Licensed Child Cares","dataYear":"2018","assetId":"931295","subcategory":"Social and Community Services","detail":"https://classic.savi.org/SAVI/PopUps/AssetMoreInfo.aspx?AssetID=931295"}},{"type":"Feature","geometry":{"type":"Point","coordinates":[-86.34967036,39.85704309]},"properties":{"name":"Creative Minds Child Care","assetType":"Home Licensed Child Cares","dataYear":"2018","assetId":"931447","subcategory":"Social and Community Services","detail":"https://classic.savi.org/SAVI/PopUps/AssetMoreInfo.aspx?AssetID=931447"}},{"type":"Feature","geometry":{"type":"Point","coordinates":[-85.64012023,40.04886423]},"properties":{"name":"Creative Stars Child Care","assetType":"Home Licensed Child Cares","dataYear":"2018","assetId":"931463","subcategory":"Social and Community Services","detail":"https://classic.savi.org/SAVI/PopUps/AssetMoreInfo.aspx?AssetID=931463"}},{"type":"Feature","geometry":{"type":"Point","coordinates":[-86.14031933,39.97318701]},"properties":{"name":"Creative Works Childcare","assetType":"Home Licensed Child Cares","dataYear":"2018","assetId":"931613","subcategory":"Social and Community Services","detail":"https://classic.savi.org/SAVI/PopUps/AssetMoreInfo.aspx?AssetID=931613"}},{"type":"Feature","geometry":{"type":"Point","coordinates":[-85.69115258,40.01347104]},"properties":{"name":"Cuddlebugs Childcare","assetType":"Home Licensed Child Cares","dataYear":"2018","assetId":"931408","subcategory":"Social and Community Services","detail":"https://classic.savi.org/SAVI/PopUps/AssetMoreInfo.aspx?AssetID=931408"}},{"type":"Feature","geometry":{"type":"Point","coordinates":[-85.97999399,39.87265602]},"properties":{"name":"Cutie Pies Day Nursery","assetType":"Home Licensed Child Cares","dataYear":"2018","assetId":"931394","subcategory":"Social and Community Services","detail":"https://classic.savi.org/SAVI/PopUps/AssetMoreInfo.aspx?AssetID=931394"}},{"type":"Feature","geometry":{"type":"Point","coordinates":[-86.10260907,39.65045546]},"properties":{"name":"Cynthia s Daycare","assetType":"Home Licensed Child Cares","dataYear":"2018","assetId":"931100","subcategory":"Social and Community Services","detail":"https://classic.savi.org/SAVI/PopUps/AssetMoreInfo.aspx?AssetID=931100"}},{"type":"Feature","geometry":{"type":"Point","coordinates":[-86.24051841,39.9493586]},"properties":{"name":"DAWN TIL DUSK NURSERY","assetType":"Home Licensed Child Cares","dataYear":"2018","assetId":"931578","subcategory":"Social and Community Services","detail":"https://classic.savi.org/SAVI/PopUps/AssetMoreInfo.aspx?AssetID=931578"}},{"type":"Feature","geometry":{"type":"Point","coordinates":[-86.26706726,39.95345935]},"properties":{"name":"DAWN TIL DUSK PRE-K","assetType":"Home Licensed Child Cares","dataYear":"2018","assetId":"931575","subcategory":"Social and Community Services","detail":"https://classic.savi.org/SAVI/PopUps/AssetMoreInfo.aspx?AssetID=931575"}},{"type":"Feature","geometry":{"type":"Point","coordinates":[-86.2405199,39.94936269]},"properties":{"name":"DAWN TIL DUSK PRESCHOOL","assetType":"Home Licensed Child Cares","dataYear":"2018","assetId":"931577","subcategory":"Social and Community Services","detail":"https://classic.savi.org/SAVI/PopUps/AssetMoreInfo.aspx?AssetID=931577"}},{"type":"Feature","geometry":{"type":"Point","coordinates":[-86.24556096,39.958565]},"properties":{"name":"DAWN TIL DUSK TODDLERS","assetType":"Home Licensed Child Cares","dataYear":"2018","assetId":"931576","subcategory":"Social and Community Services","detail":"https://classic.savi.org/SAVI/PopUps/AssetMoreInfo.aspx?AssetID=931576"}},{"type":"Feature","geometry":{"type":"Point","coordinates":[-86.39938741,39.74678961]},"properties":{"name":"DE-BEAR S DAY CARE","assetType":"Home Licensed Child Cares","dataYear":"2018","assetId":"931484","subcategory":"Social and Community Services","detail":"https://classic.savi.org/SAVI/PopUps/AssetMoreInfo.aspx?AssetID=931484"}},{"type":"Feature","geometry":{"type":"Point","coordinates":[-86.10634679,39.55790217]},"properties":{"name":"DEBBI S DAYCARE","assetType":"Home Licensed Child Cares","dataYear":"2018","assetId":"931505","subcategory":"Social and Community Services","detail":"https://classic.savi.org/SAVI/PopUps/AssetMoreInfo.aspx?AssetID=931505"}},{"type":"Feature","geometry":{"type":"Point","coordinates":[-86.083464,39.77866165]},"properties":{"name":"DEBRA A BELLES","assetType":"Home Licensed Child Cares","dataYear":"2018","assetId":"930951","subcategory":"Social and Community Services","detail":"https://classic.savi.org/SAVI/PopUps/AssetMoreInfo.aspx?AssetID=930951"}},{"type":"Feature","geometry":{"type":"Point","coordinates":[-85.77740638,39.78133837]},"properties":{"name":"DEBRA J NEICE","assetType":"Home Licensed Child Cares","dataYear":"2018","assetId":"931495","subcategory":"Social and Community Services","detail":"https://classic.savi.org/SAVI/PopUps/AssetMoreInfo.aspx?AssetID=931495"}},{"type":"Feature","geometry":{"type":"Point","coordinates":[-86.27474451,39.68389705]},"properties":{"name":"DIANA S DAY CARE","assetType":"Home Licensed Child Cares","dataYear":"2018","assetId":"930889","subcategory":"Social and Community Services","detail":"https://classic.savi.org/SAVI/PopUps/AssetMoreInfo.aspx?AssetID=930889"}},{"type":"Feature","geometry":{"type":"Point","coordinates":[-85.95066301,39.91046736]},"properties":{"name":"Dance of Youth","assetType":"Home Licensed Child Cares","dataYear":"2018","assetId":"931177","subcategory":"Social and Community Services","detail":"https://classic.savi.org/SAVI/PopUps/AssetMoreInfo.aspx?AssetID=931177"}},{"type":"Feature","geometry":{"type":"Point","coordinates":[-86.00708416,39.79540064]},"properties":{"name":"Danetria Davie","assetType":"Home Licensed Child Cares","dataYear":"2018","assetId":"931308","subcategory":"Social and Community Services","detail":"https://classic.savi.org/SAVI/PopUps/AssetMoreInfo.aspx?AssetID=931308"}},{"type":"Feature","geometry":{"type":"Point","coordinates":[-86.28890738,39.76149512]},"properties":{"name":"Danielle Futch-Madison","assetType":"Home Licensed Child Cares","dataYear":"2018","assetId":"930986","subcategory":"Social and Community Services","detail":"https://classic.savi.org/SAVI/PopUps/AssetMoreInfo.aspx?AssetID=930986"}},{"type":"Feature","geometry":{"type":"Point","coordinates":[-85.95131024,39.87341314]},"properties":{"name":"Deanna s Daycare","assetType":"Home Licensed Child Cares","dataYear":"2018","assetId":"930988","subcategory":"Social and Community Services","detail":"https://classic.savi.org/SAVI/PopUps/AssetMoreInfo.aspx?AssetID=930988"}},{"type":"Feature","geometry":{"type":"Point","coordinates":[-86.01937664,40.11846259]},"properties":{"name":"Deb s Daycare and Preschool","assetType":"Home Licensed Child Cares","dataYear":"2018","assetId":"931571","subcategory":"Social and Community Services","detail":"https://classic.savi.org/SAVI/PopUps/AssetMoreInfo.aspx?AssetID=931571"}},{"type":"Feature","geometry":{"type":"Point","coordinates":[-86.40701074,39.70850076]},"properties":{"name":"Denise Seaton","assetType":"Home Licensed Child Cares","dataYear":"2018","assetId":"931551","subcategory":"Social and Community Services","detail":"https://classic.savi.org/SAVI/PopUps/AssetMoreInfo.aspx?AssetID=931551"}},{"type":"Feature","geometry":{"type":"Point","coordinates":[-86.26417894,39.82163769]},"properties":{"name":"Denise s Home Day Care","assetType":"Home Licensed Child Cares","dataYear":"2018","assetId":"930907","subcategory":"Social and Community Services","detail":"https://classic.savi.org/SAVI/PopUps/AssetMoreInfo.aspx?AssetID=930907"}},{"type":"Feature","geometry":{"type":"Point","coordinates":[-85.97271394,39.76692735]},"properties":{"name":"Dice Daycare","assetType":"Home Licensed Child Cares","dataYear":"2018","assetId":"930981","subcategory":"Social and Community Services","detail":"https://classic.savi.org/SAVI/PopUps/AssetMoreInfo.aspx?AssetID=930981"}},{"type":"Feature","geometry":{"type":"Point","coordinates":[-85.84392163,39.94300337]},"properties":{"name":"Discovery House","assetType":"Home Licensed Child Cares","dataYear":"2018","assetId":"931630","subcategory":"Social and Community Services","detail":"https://classic.savi.org/SAVI/PopUps/AssetMoreInfo.aspx?AssetID=931630"}},{"type":"Feature","geometry":{"type":"Point","coordinates":[-86.20848785,39.77762398]},"properties":{"name":"Divine Minds Child Care","assetType":"Home Licensed Child Cares","dataYear":"2018","assetId":"931275","subcategory":"Social and Community Services","detail":"https://classic.savi.org/SAVI/PopUps/AssetMoreInfo.aspx?AssetID=931275"}},{"type":"Feature","geometry":{"type":"Point","coordinates":[-86.34742893,39.851051]},"properties":{"name":"Donna Bowman s Home Day Care","assetType":"Home Licensed Child Cares","dataYear":"2018","assetId":"931445","subcategory":"Social and Community Services","detail":"https://classic.savi.org/SAVI/PopUps/AssetMoreInfo.aspx?AssetID=931445"}},{"type":"Feature","geometry":{"type":"Point","coordinates":[-85.68572032,40.17867501]},"properties":{"name":"Donna s Doodle Dandies","assetType":"Home Licensed Child Cares","dataYear":"2018","assetId":"931382","subcategory":"Social and Community Services","detail":"https://classic.savi.org/SAVI/PopUps/AssetMoreInfo.aspx?AssetID=931382"}},{"type":"Feature","geometry":{"type":"Point","coordinates":[-86.07697752,39.82837128]},"properties":{"name":"ELAINE S PRE-SCHOOL","assetType":"Home Licensed Child Cares","dataYear":"2018","assetId":"930890","subcategory":"Social and Community Services","detail":"https://classic.savi.org/SAVI/PopUps/AssetMoreInfo.aspx?AssetID=930890"}},{"type":"Feature","geometry":{"type":"Point","coordinates":[-86.17770084,39.8833203]},"properties":{"name":"ELLEN S DAY CARE","assetType":"Home Licensed Child Cares","dataYear":"2018","assetId":"931173","subcategory":"Social and Community Services","detail":"https://classic.savi.org/SAVI/PopUps/AssetMoreInfo.aspx?AssetID=931173"}},{"type":"Feature","geometry":{"type":"Point","coordinates":[-86.06837491,39.78913416]},"properties":{"name":"ENI Early Learning Childcare","assetType":"Home Licensed Child Cares","dataYear":"2018","assetId":"931350","subcategory":"Social and Community Services","detail":"https://classic.savi.org/SAVI/PopUps/AssetMoreInfo.aspx?AssetID=931350"}},{"type":"Feature","geometry":{"type":"Point","coordinates":[-86.21980962,39.81133382]},"properties":{"name":"Each One Teach One","assetType":"Home Licensed Child Cares","dataYear":"2018","assetId":"930979","subcategory":"Social and Community Services","detail":"https://classic.savi.org/SAVI/PopUps/AssetMoreInfo.aspx?AssetID=930979"}},{"type":"Feature","geometry":{"type":"Point","coordinates":[-85.97663071,39.86283883]},"properties":{"name":"Early Steps","assetType":"Home Licensed Child Cares","dataYear":"2018","assetId":"931191","subcategory":"Social and Community Services","detail":"https://classic.savi.org/SAVI/PopUps/AssetMoreInfo.aspx?AssetID=931191"}},{"type":"Feature","geometry":{"type":"Point","coordinates":[-86.06081489,39.83039479]},"properties":{"name":"Elite Child Care II","assetType":"Home Licensed Child Cares","dataYear":"2018","assetId":"931233","subcategory":"Social and Community Services","detail":"https://classic.savi.org/SAVI/PopUps/AssetMoreInfo.aspx?AssetID=931233"}},{"type":"Feature","geometry":{"type":"Point","coordinates":[-86.0021427,39.83281568]},"properties":{"name":"Elite Child Care LLC","assetType":"Home Licensed Child Cares","dataYear":"2018","assetId":"931405","subcategory":"Social and Community Services","detail":"https://classic.savi.org/SAVI/PopUps/AssetMoreInfo.aspx?AssetID=931405"}},{"type":"Feature","geometry":{"type":"Point","coordinates":[-86.17420343,39.66877896]},"properties":{"name":"Elliott Home Daycare","assetType":"Home Licensed Child Cares","dataYear":"2018","assetId":"931051","subcategory":"Social and Community Services","detail":"https://classic.savi.org/SAVI/PopUps/AssetMoreInfo.aspx?AssetID=931051"}},{"type":"Feature","geometry":{"type":"Point","coordinates":[-86.16147624,39.63551423]},"properties":{"name":"Elliott Home Daycare","assetType":"Home Licensed Child Cares","dataYear":"2018","assetId":"931366","subcategory":"Social and Community Services","detail":"https://classic.savi.org/SAVI/PopUps/AssetMoreInfo.aspx?AssetID=931366"}},{"type":"Feature","geometry":{"type":"Point","coordinates":[-86.15276065,39.64031146]},"properties":{"name":"Elliott Home Daycare LLC","assetType":"Home Licensed Child Cares","dataYear":"2018","assetId":"931229","subcategory":"Social and Community Services","detail":"https://classic.savi.org/SAVI/PopUps/AssetMoreInfo.aspx?AssetID=931229"}},{"type":"Feature","geometry":{"type":"Point","coordinates":[-86.24707158,39.85232625]},"properties":{"name":"Erica Keys","assetType":"Home Licensed Child Cares","dataYear":"2018","assetId":"931301","subcategory":"Social and Community Services","detail":"https://classic.savi.org/SAVI/PopUps/AssetMoreInfo.aspx?AssetID=931301"}},{"type":"Feature","geometry":{"type":"Point","coordinates":[-85.6689696,40.14865543]},"properties":{"name":"Evelyne s Child Care","assetType":"Home Licensed Child Cares","dataYear":"2018","assetId":"931457","subcategory":"Social and Community Services","detail":"https://classic.savi.org/SAVI/PopUps/AssetMoreInfo.aspx?AssetID=931457"}},{"type":"Feature","geometry":{"type":"Point","coordinates":[-85.66278425,40.0777389]},"properties":{"name":"Excel Academy IV","assetType":"Home Licensed Child Cares","dataYear":"2018","assetId":"931440","subcategory":"Social and Community Services","detail":"https://classic.savi.org/SAVI/PopUps/AssetMoreInfo.aspx?AssetID=931440"}},{"type":"Feature","geometry":{"type":"Point","coordinates":[-85.70936545,40.10148717]},"properties":{"name":"Excel Learning Academy VII","assetType":"Home Licensed Child Cares","dataYear":"2018","assetId":"931467","subcategory":"Social and Community Services","detail":"https://classic.savi.org/SAVI/PopUps/AssetMoreInfo.aspx?AssetID=931467"}},{"type":"Feature","geometry":{"type":"Point","coordinates":[-85.70936545,40.10148717]},"properties":{"name":"Excel Learning Academy VIII","assetType":"Home Licensed Child Cares","dataYear":"2018","assetId":"931468","subcategory":"Social and Community Services","detail":"https://classic.savi.org/SAVI/PopUps/AssetMoreInfo.aspx?AssetID=931468"}},{"type":"Feature","geometry":{"type":"Point","coordinates":[-86.09891729,39.82036855]},"properties":{"name":"Excellenct Minds N Achieving Stars","assetType":"Home Licensed Child Cares","dataYear":"2018","assetId":"931325","subcategory":"Social and Community Services","detail":"https://classic.savi.org/SAVI/PopUps/AssetMoreInfo.aspx?AssetID=931325"}},{"type":"Feature","geometry":{"type":"Point","coordinates":[-86.20176587,39.78481939]},"properties":{"name":"Excellent Child Care","assetType":"Home Licensed Child Cares","dataYear":"2018","assetId":"930924","subcategory":"Social and Community Services","detail":"https://classic.savi.org/SAVI/PopUps/AssetMoreInfo.aspx?AssetID=930924"}},{"type":"Feature","geometry":{"type":"Point","coordinates":[-86.26993535,39.81291897]},"properties":{"name":"Excellent Childcare Inc","assetType":"Home Licensed Child Cares","dataYear":"2018","assetId":"931098","subcategory":"Social and Community Services","detail":"https://classic.savi.org/SAVI/PopUps/AssetMoreInfo.aspx?AssetID=931098"}},{"type":"Feature","geometry":{"type":"Point","coordinates":[-85.66270529,40.07809688]},"properties":{"name":"Exel Learning Academy","assetType":"Home Licensed Child Cares","dataYear":"2018","assetId":"931436","subcategory":"Social and Community Services","detail":"https://classic.savi.org/SAVI/PopUps/AssetMoreInfo.aspx?AssetID=931436"}},{"type":"Feature","geometry":{"type":"Point","coordinates":[-86.42155763,39.42295813]},"properties":{"name":"FROM A CHILD S VIEW","assetType":"Home Licensed Child Cares","dataYear":"2018","assetId":"930963","subcategory":"Social and Community Services","detail":"https://classic.savi.org/SAVI/PopUps/AssetMoreInfo.aspx?AssetID=930963"}},{"type":"Feature","geometry":{"type":"Point","coordinates":[-86.26350976,39.82895051]},"properties":{"name":"Faith Child Care","assetType":"Home Licensed Child Cares","dataYear":"2018","assetId":"930929","subcategory":"Social and Community Services","detail":"https://classic.savi.org/SAVI/PopUps/AssetMoreInfo.aspx?AssetID=930929"}},{"type":"Feature","geometry":{"type":"Point","coordinates":[-86.1311587,39.79810762]},"properties":{"name":"Falisha s Little Angels","assetType":"Home Licensed Child Cares","dataYear":"2018","assetId":"931053","subcategory":"Social and Community Services","detail":"https://classic.savi.org/SAVI/PopUps/AssetMoreInfo.aspx?AssetID=931053"}},{"type":"Feature","geometry":{"type":"Point","coordinates":[-85.96546682,39.78545307]},"properties":{"name":"Family Life Child Care","assetType":"Home Licensed Child Cares","dataYear":"2018","assetId":"931152","subcategory":"Social and Community Services","detail":"https://classic.savi.org/SAVI/PopUps/AssetMoreInfo.aspx?AssetID=931152"}},{"type":"Feature","geometry":{"type":"Point","coordinates":[-86.16050941,39.81116136]},"properties":{"name":"Family Ties Day Care","assetType":"Home Licensed Child Cares","dataYear":"2018","assetId":"931287","subcategory":"Social and Community Services","detail":"https://classic.savi.org/SAVI/PopUps/AssetMoreInfo.aspx?AssetID=931287"}},{"type":"Feature","geometry":{"type":"Point","coordinates":[-85.99836741,39.9075418]},"properties":{"name":"Family Touch Day Care","assetType":"Home Licensed Child Cares","dataYear":"2018","assetId":"930995","subcategory":"Social and Community Services","detail":"https://classic.savi.org/SAVI/PopUps/AssetMoreInfo.aspx?AssetID=930995"}},{"type":"Feature","geometry":{"type":"Point","coordinates":[-86.60825587,40.12847414]},"properties":{"name":"Fellowship Friends Daycare I","assetType":"Home Licensed Child Cares","dataYear":"2018","assetId":"931619","subcategory":"Social and Community Services","detail":"https://classic.savi.org/SAVI/PopUps/AssetMoreInfo.aspx?AssetID=931619"}},{"type":"Feature","geometry":{"type":"Point","coordinates":[-86.60825587,40.12847414]},"properties":{"name":"Fellowship Friends Daycare II","assetType":"Home Licensed Child Cares","dataYear":"2018","assetId":"931618","subcategory":"Social and Community Services","detail":"https://classic.savi.org/SAVI/PopUps/AssetMoreInfo.aspx?AssetID=931618"}},{"type":"Feature","geometry":{"type":"Point","coordinates":[-86.38784921,39.76941115]},"properties":{"name":"First Class Daycare & Preschool","assetType":"Home Licensed Child Cares","dataYear":"2018","assetId":"931488","subcategory":"Social and Community Services","detail":"https://classic.savi.org/SAVI/PopUps/AssetMoreInfo.aspx?AssetID=931488"}},{"type":"Feature","geometry":{"type":"Point","coordinates":[-86.49349471,39.62969539]},"properties":{"name":"Fox s Den Childcare","assetType":"Home Licensed Child Cares","dataYear":"2018","assetId":"931522","subcategory":"Social and Community Services","detail":"https://classic.savi.org/SAVI/PopUps/AssetMoreInfo.aspx?AssetID=931522"}},{"type":"Feature","geometry":{"type":"Point","coordinates":[-86.11493727,39.82409684]},"properties":{"name":"Freedom House Academy LLC","assetType":"Home Licensed Child Cares","dataYear":"2018","assetId":"931254","subcategory":"Social and Community Services","detail":"https://classic.savi.org/SAVI/PopUps/AssetMoreInfo.aspx?AssetID=931254"}},{"type":"Feature","geometry":{"type":"Point","coordinates":[-85.95566399,39.79299903]},"properties":{"name":"Fruit of the Holy Spirit Childcare LLC","assetType":"Home Licensed Child Cares","dataYear":"2018","assetId":"931362","subcategory":"Social and Community Services","detail":"https://classic.savi.org/SAVI/PopUps/AssetMoreInfo.aspx?AssetID=931362"}},{"type":"Feature","geometry":{"type":"Point","coordinates":[-86.10231805,39.81639021]},"properties":{"name":"Fruit of the Holy Spirit Childcare LLC East","assetType":"Home Licensed Child Cares","dataYear":"2018","assetId":"931165","subcategory":"Social and Community Services","detail":"https://classic.savi.org/SAVI/PopUps/AssetMoreInfo.aspx?AssetID=931165"}},{"type":"Feature","geometry":{"type":"Point","coordinates":[-86.3963088,39.69353843]},"properties":{"name":"Fun Foundations Preschool & Child care","assetType":"Home Licensed Child Cares","dataYear":"2018","assetId":"931556","subcategory":"Social and Community Services","detail":"https://classic.savi.org/SAVI/PopUps/AssetMoreInfo.aspx?AssetID=931556"}},{"type":"Feature","geometry":{"type":"Point","coordinates":[-86.29693171,39.79203404]},"properties":{"name":"Fun Phonics","assetType":"Home Licensed Child Cares","dataYear":"2018","assetId":"931306","subcategory":"Social and Community Services","detail":"https://classic.savi.org/SAVI/PopUps/AssetMoreInfo.aspx?AssetID=931306"}},{"type":"Feature","geometry":{"type":"Point","coordinates":[-85.9949571,39.82666747]},"properties":{"name":"Fun Times 3","assetType":"Home Licensed Child Cares","dataYear":"2018","assetId":"931331","subcategory":"Social and Community Services","detail":"https://classic.savi.org/SAVI/PopUps/AssetMoreInfo.aspx?AssetID=931331"}},{"type":"Feature","geometry":{"type":"Point","coordinates":[-85.80247304,39.50189156]},"properties":{"name":"GIGI S","assetType":"Home Licensed Child Cares","dataYear":"2018","assetId":"931028","subcategory":"Social and Community Services","detail":"https://classic.savi.org/SAVI/PopUps/AssetMoreInfo.aspx?AssetID=931028"}},{"type":"Feature","geometry":{"type":"Point","coordinates":[-86.14244927,39.82032756]},"properties":{"name":"GUARDIAN ANGEL S CHILD CARE","assetType":"Home Licensed Child Cares","dataYear":"2018","assetId":"931113","subcategory":"Social and Community Services","detail":"https://classic.savi.org/SAVI/PopUps/AssetMoreInfo.aspx?AssetID=931113"}},{"type":"Feature","geometry":{"type":"Point","coordinates":[-86.16377914,39.83178976]},"properties":{"name":"Garner s Little Garden I","assetType":"Home Licensed Child Cares","dataYear":"2018","assetId":"931096","subcategory":"Social and Community Services","detail":"https://classic.savi.org/SAVI/PopUps/AssetMoreInfo.aspx?AssetID=931096"}},{"type":"Feature","geometry":{"type":"Point","coordinates":[-85.96928442,39.35396761]},"properties":{"name":"Generations To Come","assetType":"Home Licensed Child Cares","dataYear":"2018","assetId":"931514","subcategory":"Social and Community Services","detail":"https://classic.savi.org/SAVI/PopUps/AssetMoreInfo.aspx?AssetID=931514"}},{"type":"Feature","geometry":{"type":"Point","coordinates":[-85.96887703,39.35401454]},"properties":{"name":"Generations to Come II","assetType":"Home Licensed Child Cares","dataYear":"2018","assetId":"931513","subcategory":"Social and Community Services","detail":"https://classic.savi.org/SAVI/PopUps/AssetMoreInfo.aspx?AssetID=931513"}},{"type":"Feature","geometry":{"type":"Point","coordinates":[-86.20375179,39.78288127]},"properties":{"name":"Genesis I Child Care","assetType":"Home Licensed Child Cares","dataYear":"2018","assetId":"930932","subcategory":"Social and Community Services","detail":"https://classic.savi.org/SAVI/PopUps/AssetMoreInfo.aspx?AssetID=930932"}},{"type":"Feature","geometry":{"type":"Point","coordinates":[-86.10216804,39.663528]},"properties":{"name":"Giggles","assetType":"Home Licensed Child Cares","dataYear":"2018","assetId":"931050","subcategory":"Social and Community Services","detail":"https://classic.savi.org/SAVI/PopUps/AssetMoreInfo.aspx?AssetID=931050"}},{"type":"Feature","geometry":{"type":"Point","coordinates":[-85.68301073,40.03987681]},"properties":{"name":"Giggles","assetType":"Home Licensed Child Cares","dataYear":"2018","assetId":"931419","subcategory":"Social and Community Services","detail":"https://classic.savi.org/SAVI/PopUps/AssetMoreInfo.aspx?AssetID=931419"}},{"type":"Feature","geometry":{"type":"Point","coordinates":[-85.68771679,40.0578276]},"properties":{"name":"Giggles & Grins","assetType":"Home Licensed Child Cares","dataYear":"2018","assetId":"931466","subcategory":"Social and Community Services","detail":"https://classic.savi.org/SAVI/PopUps/AssetMoreInfo.aspx?AssetID=931466"}},{"type":"Feature","geometry":{"type":"Point","coordinates":[-86.10216804,39.663528]},"properties":{"name":"Giggles 2","assetType":"Home Licensed Child Cares","dataYear":"2018","assetId":"931135","subcategory":"Social and Community Services","detail":"https://classic.savi.org/SAVI/PopUps/AssetMoreInfo.aspx?AssetID=931135"}},{"type":"Feature","geometry":{"type":"Point","coordinates":[-86.26118268,39.82772428]},"properties":{"name":"Giggles and Wiggles Childcare","assetType":"Home Licensed Child Cares","dataYear":"2018","assetId":"931198","subcategory":"Social and Community Services","detail":"https://classic.savi.org/SAVI/PopUps/AssetMoreInfo.aspx?AssetID=931198"}},{"type":"Feature","geometry":{"type":"Point","coordinates":[-86.10949183,39.55704574]},"properties":{"name":"Giggles of Fun","assetType":"Home Licensed Child Cares","dataYear":"2018","assetId":"931503","subcategory":"Social and Community Services","detail":"https://classic.savi.org/SAVI/PopUps/AssetMoreInfo.aspx?AssetID=931503"}},{"type":"Feature","geometry":{"type":"Point","coordinates":[-86.22756767,39.84141919]},"properties":{"name":"Glow Childcare","assetType":"Home Licensed Child Cares","dataYear":"2018","assetId":"931324","subcategory":"Social and Community Services","detail":"https://classic.savi.org/SAVI/PopUps/AssetMoreInfo.aspx?AssetID=931324"}},{"type":"Feature","geometry":{"type":"Point","coordinates":[-86.02957062,39.64672593]},"properties":{"name":"Go Bananas Childcare","assetType":"Home Licensed Child Cares","dataYear":"2018","assetId":"931142","subcategory":"Social and Community Services","detail":"https://classic.savi.org/SAVI/PopUps/AssetMoreInfo.aspx?AssetID=931142"}},{"type":"Feature","geometry":{"type":"Point","coordinates":[-86.02257843,39.78740256]},"properties":{"name":"God s Blessings Daycare","assetType":"Home Licensed Child Cares","dataYear":"2018","assetId":"931221","subcategory":"Social and Community Services","detail":"https://classic.savi.org/SAVI/PopUps/AssetMoreInfo.aspx?AssetID=931221"}},{"type":"Feature","geometry":{"type":"Point","coordinates":[-86.09817713,39.81704311]},"properties":{"name":"God s Little Angels Daycare LLC","assetType":"Home Licensed Child Cares","dataYear":"2018","assetId":"931402","subcategory":"Social and Community Services","detail":"https://classic.savi.org/SAVI/PopUps/AssetMoreInfo.aspx?AssetID=931402"}},{"type":"Feature","geometry":{"type":"Point","coordinates":[-86.22492893,39.86713831]},"properties":{"name":"Golden Child Daycare","assetType":"Home Licensed Child Cares","dataYear":"2018","assetId":"931133","subcategory":"Social and Community Services","detail":"https://classic.savi.org/SAVI/PopUps/AssetMoreInfo.aspx?AssetID=931133"}},{"type":"Feature","geometry":{"type":"Point","coordinates":[-86.16977143,39.82836741]},"properties":{"name":"Goocheez Child Care","assetType":"Home Licensed Child Cares","dataYear":"2018","assetId":"931166","subcategory":"Social and Community Services","detail":"https://classic.savi.org/SAVI/PopUps/AssetMoreInfo.aspx?AssetID=931166"}},{"type":"Feature","geometry":{"type":"Point","coordinates":[-85.95374463,40.01354746]},"properties":{"name":"Grandma Pam s","assetType":"Home Licensed Child Cares","dataYear":"2018","assetId":"931638","subcategory":"Social and Community Services","detail":"https://classic.savi.org/SAVI/PopUps/AssetMoreInfo.aspx?AssetID=931638"}},{"type":"Feature","geometry":{"type":"Point","coordinates":[-86.11978006,39.82292595]},"properties":{"name":"Grandma s Daycare","assetType":"Home Licensed Child Cares","dataYear":"2018","assetId":"931294","subcategory":"Social and Community Services","detail":"https://classic.savi.org/SAVI/PopUps/AssetMoreInfo.aspx?AssetID=931294"}},{"type":"Feature","geometry":{"type":"Point","coordinates":[-85.9726038,39.82834971]},"properties":{"name":"Grandma s Lil Angels Daycare","assetType":"Home Licensed Child Cares","dataYear":"2018","assetId":"930827","subcategory":"Social and Community Services","detail":"https://classic.savi.org/SAVI/PopUps/AssetMoreInfo.aspx?AssetID=930827"}},{"type":"Feature","geometry":{"type":"Point","coordinates":[-85.97735868,40.06748101]},"properties":{"name":"Grins and Giggles Daycare","assetType":"Home Licensed Child Cares","dataYear":"2018","assetId":"931634","subcategory":"Social and Community Services","detail":"https://classic.savi.org/SAVI/PopUps/AssetMoreInfo.aspx?AssetID=931634"}},{"type":"Feature","geometry":{"type":"Point","coordinates":[-85.98492684,39.81276275]},"properties":{"name":"Grow With Me Learning Academy","assetType":"Home Licensed Child Cares","dataYear":"2018","assetId":"931269","subcategory":"Social and Community Services","detail":"https://classic.savi.org/SAVI/PopUps/AssetMoreInfo.aspx?AssetID=931269"}},{"type":"Feature","geometry":{"type":"Point","coordinates":[-86.06716728,39.82666156]},"properties":{"name":"Guardian Angels Daycare","assetType":"Home Licensed Child Cares","dataYear":"2018","assetId":"931387","subcategory":"Social and Community Services","detail":"https://classic.savi.org/SAVI/PopUps/AssetMoreInfo.aspx?AssetID=931387"}},{"type":"Feature","geometry":{"type":"Point","coordinates":[-85.66052807,40.10397495]},"properties":{"name":"HELPING HANDS DAYCARE","assetType":"Home Licensed Child Cares","dataYear":"2018","assetId":"931442","subcategory":"Social and Community Services","detail":"https://classic.savi.org/SAVI/PopUps/AssetMoreInfo.aspx?AssetID=931442"}},{"type":"Feature","geometry":{"type":"Point","coordinates":[-86.04117154,39.81350945]},"properties":{"name":"Handle With Care Home Service","assetType":"Home Licensed Child Cares","dataYear":"2018","assetId":"931249","subcategory":"Social and Community Services","detail":"https://classic.savi.org/SAVI/PopUps/AssetMoreInfo.aspx?AssetID=931249"}},{"type":"Feature","geometry":{"type":"Point","coordinates":[-86.12052065,39.78234497]},"properties":{"name":"Hands On Learning","assetType":"Home Licensed Child Cares","dataYear":"2018","assetId":"931207","subcategory":"Social and Community Services","detail":"https://classic.savi.org/SAVI/PopUps/AssetMoreInfo.aspx?AssetID=931207"}},{"type":"Feature","geometry":{"type":"Point","coordinates":[-86.10170022,39.75832086]},"properties":{"name":"Happy Angels","assetType":"Home Licensed Child Cares","dataYear":"2018","assetId":"931169","subcategory":"Social and Community Services","detail":"https://classic.savi.org/SAVI/PopUps/AssetMoreInfo.aspx?AssetID=931169"}},{"type":"Feature","geometry":{"type":"Point","coordinates":[-85.96146623,39.8070271]},"properties":{"name":"Happy Faces Home Daycare LLC","assetType":"Home Licensed Child Cares","dataYear":"2018","assetId":"931136","subcategory":"Social and Community Services","detail":"https://classic.savi.org/SAVI/PopUps/AssetMoreInfo.aspx?AssetID=931136"}},{"type":"Feature","geometry":{"type":"Point","coordinates":[-86.02613022,39.72704475]},"properties":{"name":"Happy Hearts Childcare","assetType":"Home Licensed Child Cares","dataYear":"2018","assetId":"931268","subcategory":"Social and Community Services","detail":"https://classic.savi.org/SAVI/PopUps/AssetMoreInfo.aspx?AssetID=931268"}},{"type":"Feature","geometry":{"type":"Point","coordinates":[-86.31669836,39.63565079]},"properties":{"name":"Happy Hearts Daycare and Preschool LLC","assetType":"Home Licensed Child Cares","dataYear":"2018","assetId":"931371","subcategory":"Social and Community Services","detail":"https://classic.savi.org/SAVI/PopUps/AssetMoreInfo.aspx?AssetID=931371"}},{"type":"Feature","geometry":{"type":"Point","coordinates":[-85.99836547,39.69735311]},"properties":{"name":"Happy Hearts Infant and Toddler Care","assetType":"Home Licensed Child Cares","dataYear":"2018","assetId":"931232","subcategory":"Social and Community Services","detail":"https://classic.savi.org/SAVI/PopUps/AssetMoreInfo.aspx?AssetID=931232"}},{"type":"Feature","geometry":{"type":"Point","coordinates":[-85.99836547,39.69735311]},"properties":{"name":"Happy Hearts Learning Daycare","assetType":"Home Licensed Child Cares","dataYear":"2018","assetId":"931334","subcategory":"Social and Community Services","detail":"https://classic.savi.org/SAVI/PopUps/AssetMoreInfo.aspx?AssetID=931334"}},{"type":"Feature","geometry":{"type":"Point","coordinates":[-86.20426463,39.79657817]},"properties":{"name":"Happy House Childcare","assetType":"Home Licensed Child Cares","dataYear":"2018","assetId":"931274","subcategory":"Social and Community Services","detail":"https://classic.savi.org/SAVI/PopUps/AssetMoreInfo.aspx?AssetID=931274"}},{"type":"Feature","geometry":{"type":"Point","coordinates":[-85.68466203,40.08745474]},"properties":{"name":"Harris Nightly II","assetType":"Home Licensed Child Cares","dataYear":"2018","assetId":"931417","subcategory":"Social and Community Services","detail":"https://classic.savi.org/SAVI/PopUps/AssetMoreInfo.aspx?AssetID=931417"}},{"type":"Feature","geometry":{"type":"Point","coordinates":[-86.14745922,39.81519137]},"properties":{"name":"Hattie s Littel Angels Daycare LLC 3","assetType":"Home Licensed Child Cares","dataYear":"2018","assetId":"931359","subcategory":"Social and Community Services","detail":"https://classic.savi.org/SAVI/PopUps/AssetMoreInfo.aspx?AssetID=931359"}},{"type":"Feature","geometry":{"type":"Point","coordinates":[-86.14781315,39.81568076]},"properties":{"name":"Hattie s Little Angels Daycare","assetType":"Home Licensed Child Cares","dataYear":"2018","assetId":"931119","subcategory":"Social and Community Services","detail":"https://classic.savi.org/SAVI/PopUps/AssetMoreInfo.aspx?AssetID=931119"}},{"type":"Feature","geometry":{"type":"Point","coordinates":[-86.42488044,39.45286627]},"properties":{"name":"Heather s Home Daycare","assetType":"Home Licensed Child Cares","dataYear":"2018","assetId":"930841","subcategory":"Social and Community Services","detail":"https://classic.savi.org/SAVI/PopUps/AssetMoreInfo.aspx?AssetID=930841"}},{"type":"Feature","geometry":{"type":"Point","coordinates":[-86.43028374,39.42658837]},"properties":{"name":"Heather s Home Daycare II","assetType":"Home Licensed Child Cares","dataYear":"2018","assetId":"930959","subcategory":"Social and Community Services","detail":"https://classic.savi.org/SAVI/PopUps/AssetMoreInfo.aspx?AssetID=930959"}},{"type":"Feature","geometry":{"type":"Point","coordinates":[-86.39390357,39.73156763]},"properties":{"name":"Heaven s Heart","assetType":"Home Licensed Child Cares","dataYear":"2018","assetId":"931557","subcategory":"Social and Community Services","detail":"https://classic.savi.org/SAVI/PopUps/AssetMoreInfo.aspx?AssetID=931557"}},{"type":"Feature","geometry":{"type":"Point","coordinates":[-86.3452532,39.62028624]},"properties":{"name":"Heaven s Little Angels","assetType":"Home Licensed Child Cares","dataYear":"2018","assetId":"930956","subcategory":"Social and Community Services","detail":"https://classic.savi.org/SAVI/PopUps/AssetMoreInfo.aspx?AssetID=930956"}},{"type":"Feature","geometry":{"type":"Point","coordinates":[-86.21199367,39.88351605]},"properties":{"name":"Heavenly Angels Childcare","assetType":"Home Licensed Child Cares","dataYear":"2018","assetId":"931172","subcategory":"Social and Community Services","detail":"https://classic.savi.org/SAVI/PopUps/AssetMoreInfo.aspx?AssetID=931172"}},{"type":"Feature","geometry":{"type":"Point","coordinates":[-86.12609398,39.60017661]},"properties":{"name":"Home Away from Home","assetType":"Home Licensed Child Cares","dataYear":"2018","assetId":"931510","subcategory":"Social and Community Services","detail":"https://classic.savi.org/SAVI/PopUps/AssetMoreInfo.aspx?AssetID=931510"}},{"type":"Feature","geometry":{"type":"Point","coordinates":[-86.11653186,39.79955812]},"properties":{"name":"Home Away from Home Daycare","assetType":"Home Licensed Child Cares","dataYear":"2018","assetId":"930936","subcategory":"Social and Community Services","detail":"https://classic.savi.org/SAVI/PopUps/AssetMoreInfo.aspx?AssetID=930936"}},{"type":"Feature","geometry":{"type":"Point","coordinates":[-85.67060571,40.10700121]},"properties":{"name":"Hooligan s Preschool & Childcare","assetType":"Home Licensed Child Cares","dataYear":"2018","assetId":"931418","subcategory":"Social and Community Services","detail":"https://classic.savi.org/SAVI/PopUps/AssetMoreInfo.aspx?AssetID=931418"}},{"type":"Feature","geometry":{"type":"Point","coordinates":[-85.67074187,40.10699277]},"properties":{"name":"Hooligan s Toddlers","assetType":"Home Licensed Child Cares","dataYear":"2018","assetId":"931460","subcategory":"Social and Community Services","detail":"https://classic.savi.org/SAVI/PopUps/AssetMoreInfo.aspx?AssetID=931460"}},{"type":"Feature","geometry":{"type":"Point","coordinates":[-85.68228246,40.08758424]},"properties":{"name":"Hooligans Preschool","assetType":"Home Licensed Child Cares","dataYear":"2018","assetId":"931427","subcategory":"Social and Community Services","detail":"https://classic.savi.org/SAVI/PopUps/AssetMoreInfo.aspx?AssetID=931427"}},{"type":"Feature","geometry":{"type":"Point","coordinates":[-85.667318,40.10674915]},"properties":{"name":"Hooligans Preschool & Childcare","assetType":"Home Licensed Child Cares","dataYear":"2018","assetId":"931422","subcategory":"Social and Community Services","detail":"https://classic.savi.org/SAVI/PopUps/AssetMoreInfo.aspx?AssetID=931422"}},{"type":"Feature","geometry":{"type":"Point","coordinates":[-86.07395325,39.83262236]},"properties":{"name":"Hug-A-Bear Early Learning","assetType":"Home Licensed Child Cares","dataYear":"2018","assetId":"931225","subcategory":"Social and Community Services","detail":"https://classic.savi.org/SAVI/PopUps/AssetMoreInfo.aspx?AssetID=931225"}},{"type":"Feature","geometry":{"type":"Point","coordinates":[-86.21235383,39.88984195]},"properties":{"name":"Hug-A-Bunch II","assetType":"Home Licensed Child Cares","dataYear":"2018","assetId":"931401","subcategory":"Social and Community Services","detail":"https://classic.savi.org/SAVI/PopUps/AssetMoreInfo.aspx?AssetID=931401"}},{"type":"Feature","geometry":{"type":"Point","coordinates":[-86.06450717,39.79367493]},"properties":{"name":"Hugs &-Love Daycare B","assetType":"Home Licensed Child Cares","dataYear":"2018","assetId":"931319","subcategory":"Social and Community Services","detail":"https://classic.savi.org/SAVI/PopUps/AssetMoreInfo.aspx?AssetID=931319"}},{"type":"Feature","geometry":{"type":"Point","coordinates":[-86.2060793,39.78299524]},"properties":{"name":"Hugs Unlimited Childcare","assetType":"Home Licensed Child Cares","dataYear":"2018","assetId":"930994","subcategory":"Social and Community Services","detail":"https://classic.savi.org/SAVI/PopUps/AssetMoreInfo.aspx?AssetID=930994"}},{"type":"Feature","geometry":{"type":"Point","coordinates":[-86.06450717,39.79367493]},"properties":{"name":"Hugs and Love Daycare","assetType":"Home Licensed Child Cares","dataYear":"2018","assetId":"930955","subcategory":"Social and Community Services","detail":"https://classic.savi.org/SAVI/PopUps/AssetMoreInfo.aspx?AssetID=930955"}},{"type":"Feature","geometry":{"type":"Point","coordinates":[-86.46842069,40.04261382]},"properties":{"name":"Imagine This Child Care","assetType":"Home Licensed Child Cares","dataYear":"2018","assetId":"931620","subcategory":"Social and Community Services","detail":"https://classic.savi.org/SAVI/PopUps/AssetMoreInfo.aspx?AssetID=931620"}},{"type":"Feature","geometry":{"type":"Point","coordinates":[-86.46842069,40.04261382]},"properties":{"name":"Imagine This Child Care","assetType":"Home Licensed Child Cares","dataYear":"2018","assetId":"931621","subcategory":"Social and Community Services","detail":"https://classic.savi.org/SAVI/PopUps/AssetMoreInfo.aspx?AssetID=931621"}},{"type":"Feature","geometry":{"type":"Point","coordinates":[-85.966099,39.83192821]},"properties":{"name":"Incredible Playmates","assetType":"Home Licensed Child Cares","dataYear":"2018","assetId":"930940","subcategory":"Social and Community Services","detail":"https://classic.savi.org/SAVI/PopUps/AssetMoreInfo.aspx?AssetID=930940"}},{"type":"Feature","geometry":{"type":"Point","coordinates":[-86.15791559,39.64884576]},"properties":{"name":"Indy Learning Center","assetType":"Home Licensed Child Cares","dataYear":"2018","assetId":"931195","subcategory":"Social and Community Services","detail":"https://classic.savi.org/SAVI/PopUps/AssetMoreInfo.aspx?AssetID=931195"}},{"type":"Feature","geometry":{"type":"Point","coordinates":[-86.1631767,39.67903858]},"properties":{"name":"Indy Learning Center","assetType":"Home Licensed Child Cares","dataYear":"2018","assetId":"931196","subcategory":"Social and Community Services","detail":"https://classic.savi.org/SAVI/PopUps/AssetMoreInfo.aspx?AssetID=931196"}},{"type":"Feature","geometry":{"type":"Point","coordinates":[-86.15803802,39.67684701]},"properties":{"name":"Indy Learning Center","assetType":"Home Licensed Child Cares","dataYear":"2018","assetId":"931194","subcategory":"Social and Community Services","detail":"https://classic.savi.org/SAVI/PopUps/AssetMoreInfo.aspx?AssetID=931194"}},{"type":"Feature","geometry":{"type":"Point","coordinates":[-86.09970631,39.74896704]},"properties":{"name":"Indy Stars Bilingual Daycare","assetType":"Home Licensed Child Cares","dataYear":"2018","assetId":"931208","subcategory":"Social and Community Services","detail":"https://classic.savi.org/SAVI/PopUps/AssetMoreInfo.aspx?AssetID=931208"}},{"type":"Feature","geometry":{"type":"Point","coordinates":[-86.20485813,39.86687633]},"properties":{"name":"Infants Only","assetType":"Home Licensed Child Cares","dataYear":"2018","assetId":"931286","subcategory":"Social and Community Services","detail":"https://classic.savi.org/SAVI/PopUps/AssetMoreInfo.aspx?AssetID=931286"}},{"type":"Feature","geometry":{"type":"Point","coordinates":[-86.05139606,39.83466457]},"properties":{"name":"Infants and Toddlers Learning E D G E","assetType":"Home Licensed Child Cares","dataYear":"2018","assetId":"930980","subcategory":"Social and Community Services","detail":"https://classic.savi.org/SAVI/PopUps/AssetMoreInfo.aspx?AssetID=930980"}},{"type":"Feature","geometry":{"type":"Point","coordinates":[-86.11950312,39.92277734]},"properties":{"name":"Innocent Hearts","assetType":"Home Licensed Child Cares","dataYear":"2018","assetId":"931193","subcategory":"Social and Community Services","detail":"https://classic.savi.org/SAVI/PopUps/AssetMoreInfo.aspx?AssetID=931193"}},{"type":"Feature","geometry":{"type":"Point","coordinates":[-86.02691723,39.73510799]},"properties":{"name":"Intelligent Minds Child Development","assetType":"Home Licensed Child Cares","dataYear":"2018","assetId":"930973","subcategory":"Social and Community Services","detail":"https://classic.savi.org/SAVI/PopUps/AssetMoreInfo.aspx?AssetID=930973"}},{"type":"Feature","geometry":{"type":"Point","coordinates":[-86.11323981,39.94877383]},"properties":{"name":"International Bilingual Learning","assetType":"Home Licensed Child Cares","dataYear":"2018","assetId":"931572","subcategory":"Social and Community Services","detail":"https://classic.savi.org/SAVI/PopUps/AssetMoreInfo.aspx?AssetID=931572"}},{"type":"Feature","geometry":{"type":"Point","coordinates":[-86.00675734,39.77372311]},"properties":{"name":"It s A Kid s World Childcare","assetType":"Home Licensed Child Cares","dataYear":"2018","assetId":"931209","subcategory":"Social and Community Services","detail":"https://classic.savi.org/SAVI/PopUps/AssetMoreInfo.aspx?AssetID=931209"}},{"type":"Feature","geometry":{"type":"Point","coordinates":[-86.01135372,39.70582409]},"properties":{"name":"Its a Toddler Thing","assetType":"Home Licensed Child Cares","dataYear":"2018","assetId":"931168","subcategory":"Social and Community Services","detail":"https://classic.savi.org/SAVI/PopUps/AssetMoreInfo.aspx?AssetID=931168"}},{"type":"Feature","geometry":{"type":"Point","coordinates":[-85.98297293,39.99896229]},"properties":{"name":"J & W Educational & Christian Day Care Facility","assetType":"Home Licensed Child Cares","dataYear":"2018","assetId":"931602","subcategory":"Social and Community Services","detail":"https://classic.savi.org/SAVI/PopUps/AssetMoreInfo.aspx?AssetID=931602"}},{"type":"Feature","geometry":{"type":"Point","coordinates":[-86.01420801,40.0371405]},"properties":{"name":"JO JO S DAY CARE","assetType":"Home Licensed Child Cares","dataYear":"2018","assetId":"931633","subcategory":"Social and Community Services","detail":"https://classic.savi.org/SAVI/PopUps/AssetMoreInfo.aspx?AssetID=931633"}},{"type":"Feature","geometry":{"type":"Point","coordinates":[-85.63029959,39.43285854]},"properties":{"name":"JOY S DAYCARE","assetType":"Home Licensed Child Cares","dataYear":"2018","assetId":"931025","subcategory":"Social and Community Services","detail":"https://classic.savi.org/SAVI/PopUps/AssetMoreInfo.aspx?AssetID=931025"}},{"type":"Feature","geometry":{"type":"Point","coordinates":[-86.26849043,39.671178]},"properties":{"name":"JULIE L SCHULTZ","assetType":"Home Licensed Child Cares","dataYear":"2018","assetId":"931162","subcategory":"Social and Community Services","detail":"https://classic.savi.org/SAVI/PopUps/AssetMoreInfo.aspx?AssetID=931162"}},{"type":"Feature","geometry":{"type":"Point","coordinates":[-85.84990587,39.98069777]},"properties":{"name":"JUST LIKE HOME CHILDCARE","assetType":"Home Licensed Child Cares","dataYear":"2018","assetId":"931411","subcategory":"Social and Community Services","detail":"https://classic.savi.org/SAVI/PopUps/AssetMoreInfo.aspx?AssetID=931411"}},{"type":"Feature","geometry":{"type":"Point","coordinates":[-86.2607448,39.86893565]},"properties":{"name":"Jan s Day Care","assetType":"Home Licensed Child Cares","dataYear":"2018","assetId":"931095","subcategory":"Social and Community Services","detail":"https://classic.savi.org/SAVI/PopUps/AssetMoreInfo.aspx?AssetID=931095"}},{"type":"Feature","geometry":{"type":"Point","coordinates":[-86.20114983,39.78300874]},"properties":{"name":"Jangee s Child Care","assetType":"Home Licensed Child Cares","dataYear":"2018","assetId":"930826","subcategory":"Social and Community Services","detail":"https://classic.savi.org/SAVI/PopUps/AssetMoreInfo.aspx?AssetID=930826"}},{"type":"Feature","geometry":{"type":"Point","coordinates":[-85.93976846,39.97702423]},"properties":{"name":"Janna s Family Child Care","assetType":"Home Licensed Child Cares","dataYear":"2018","assetId":"931563","subcategory":"Social and Community Services","detail":"https://classic.savi.org/SAVI/PopUps/AssetMoreInfo.aspx?AssetID=931563"}},{"type":"Feature","geometry":{"type":"Point","coordinates":[-86.14999196,39.86644554]},"properties":{"name":"Jellybean Junction","assetType":"Home Licensed Child Cares","dataYear":"2018","assetId":"931093","subcategory":"Social and Community Services","detail":"https://classic.savi.org/SAVI/PopUps/AssetMoreInfo.aspx?AssetID=931093"}},{"type":"Feature","geometry":{"type":"Point","coordinates":[-86.36765103,39.79084403]},"properties":{"name":"Jenny s Puddle Jumpers Daycare","assetType":"Home Licensed Child Cares","dataYear":"2018","assetId":"931489","subcategory":"Social and Community Services","detail":"https://classic.savi.org/SAVI/PopUps/AssetMoreInfo.aspx?AssetID=931489"}},{"type":"Feature","geometry":{"type":"Point","coordinates":[-85.68080605,40.1417136]},"properties":{"name":"Jeremiah s House Child Care","assetType":"Home Licensed Child Cares","dataYear":"2018","assetId":"931432","subcategory":"Social and Community Services","detail":"https://classic.savi.org/SAVI/PopUps/AssetMoreInfo.aspx?AssetID=931432"}},{"type":"Feature","geometry":{"type":"Point","coordinates":[-86.18842472,39.79187479]},"properties":{"name":"Jessica Adams","assetType":"Home Licensed Child Cares","dataYear":"2018","assetId":"930976","subcategory":"Social and Community Services","detail":"https://classic.savi.org/SAVI/PopUps/AssetMoreInfo.aspx?AssetID=930976"}},{"type":"Feature","geometry":{"type":"Point","coordinates":[-85.94473503,39.96784861]},"properties":{"name":"Jessica s Childcare LLC","assetType":"Home Licensed Child Cares","dataYear":"2018","assetId":"931565","subcategory":"Social and Community Services","detail":"https://classic.savi.org/SAVI/PopUps/AssetMoreInfo.aspx?AssetID=931565"}},{"type":"Feature","geometry":{"type":"Point","coordinates":[-86.46103035,39.87641113]},"properties":{"name":"Jessica s Daycare","assetType":"Home Licensed Child Cares","dataYear":"2018","assetId":"931520","subcategory":"Social and Community Services","detail":"https://classic.savi.org/SAVI/PopUps/AssetMoreInfo.aspx?AssetID=931520"}},{"type":"Feature","geometry":{"type":"Point","coordinates":[-86.16121196,39.81147544]},"properties":{"name":"Jewel s Infant care Child Care Home LLC","assetType":"Home Licensed Child Cares","dataYear":"2018","assetId":"930917","subcategory":"Social and Community Services","detail":"https://classic.savi.org/SAVI/PopUps/AssetMoreInfo.aspx?AssetID=930917"}},{"type":"Feature","geometry":{"type":"Point","coordinates":[-86.26386228,39.84903785]},"properties":{"name":"Jillian s Jellybeans","assetType":"Home Licensed Child Cares","dataYear":"2018","assetId":"931140","subcategory":"Social and Community Services","detail":"https://classic.savi.org/SAVI/PopUps/AssetMoreInfo.aspx?AssetID=931140"}},{"type":"Feature","geometry":{"type":"Point","coordinates":[-86.3871851,39.87508937]},"properties":{"name":"Joan s Lil Darlings","assetType":"Home Licensed Child Cares","dataYear":"2018","assetId":"931530","subcategory":"Social and Community Services","detail":"https://classic.savi.org/SAVI/PopUps/AssetMoreInfo.aspx?AssetID=931530"}},{"type":"Feature","geometry":{"type":"Point","coordinates":[-86.02858954,39.82277392]},"properties":{"name":"Joiful Noise","assetType":"Home Licensed Child Cares","dataYear":"2018","assetId":"931250","subcategory":"Social and Community Services","detail":"https://classic.savi.org/SAVI/PopUps/AssetMoreInfo.aspx?AssetID=931250"}},{"type":"Feature","geometry":{"type":"Point","coordinates":[-86.18244569,39.8160951]},"properties":{"name":"Josiah s Daycare","assetType":"Home Licensed Child Cares","dataYear":"2018","assetId":"930935","subcategory":"Social and Community Services","detail":"https://classic.savi.org/SAVI/PopUps/AssetMoreInfo.aspx?AssetID=930935"}},{"type":"Feature","geometry":{"type":"Point","coordinates":[-86.10243172,39.82120433]},"properties":{"name":"Journey To Success Child Care","assetType":"Home Licensed Child Cares","dataYear":"2018","assetId":"931304","subcategory":"Social and Community Services","detail":"https://classic.savi.org/SAVI/PopUps/AssetMoreInfo.aspx?AssetID=931304"}},{"type":"Feature","geometry":{"type":"Point","coordinates":[-86.17089835,39.83030238]},"properties":{"name":"Juanita s Kids","assetType":"Home Licensed Child Cares","dataYear":"2018","assetId":"930892","subcategory":"Social and Community Services","detail":"https://classic.savi.org/SAVI/PopUps/AssetMoreInfo.aspx?AssetID=930892"}},{"type":"Feature","geometry":{"type":"Point","coordinates":[-86.09234321,39.86376266]},"properties":{"name":"Julie s Daycare","assetType":"Home Licensed Child Cares","dataYear":"2018","assetId":"931175","subcategory":"Social and Community Services","detail":"https://classic.savi.org/SAVI/PopUps/AssetMoreInfo.aspx?AssetID=931175"}},{"type":"Feature","geometry":{"type":"Point","coordinates":[-86.09138651,39.86433729]},"properties":{"name":"Julie s Daycare","assetType":"Home Licensed Child Cares","dataYear":"2018","assetId":"931109","subcategory":"Social and Community Services","detail":"https://classic.savi.org/SAVI/PopUps/AssetMoreInfo.aspx?AssetID=931109"}},{"type":"Feature","geometry":{"type":"Point","coordinates":[-86.0775534,39.83461551]},"properties":{"name":"Jump Start Academy","assetType":"Home Licensed Child Cares","dataYear":"2018","assetId":"931114","subcategory":"Social and Community Services","detail":"https://classic.savi.org/SAVI/PopUps/AssetMoreInfo.aspx?AssetID=931114"}},{"type":"Feature","geometry":{"type":"Point","coordinates":[-86.12794227,39.81586981]},"properties":{"name":"Jumpinn Joy Child Care","assetType":"Home Licensed Child Cares","dataYear":"2018","assetId":"930975","subcategory":"Social and Community Services","detail":"https://classic.savi.org/SAVI/PopUps/AssetMoreInfo.aspx?AssetID=930975"}},{"type":"Feature","geometry":{"type":"Point","coordinates":[-86.20557503,39.78868516]},"properties":{"name":"Jus Kidz Daycare II","assetType":"Home Licensed Child Cares","dataYear":"2018","assetId":"930837","subcategory":"Social and Community Services","detail":"https://classic.savi.org/SAVI/PopUps/AssetMoreInfo.aspx?AssetID=930837"}},{"type":"Feature","geometry":{"type":"Point","coordinates":[-86.21907901,39.82598617]},"properties":{"name":"Just For Kids Daycare","assetType":"Home Licensed Child Cares","dataYear":"2018","assetId":"931338","subcategory":"Social and Community Services","detail":"https://classic.savi.org/SAVI/PopUps/AssetMoreInfo.aspx?AssetID=931338"}},{"type":"Feature","geometry":{"type":"Point","coordinates":[-86.01506073,39.82398404]},"properties":{"name":"Just the Beginning Childcare","assetType":"Home Licensed Child Cares","dataYear":"2018","assetId":"931222","subcategory":"Social and Community Services","detail":"https://classic.savi.org/SAVI/PopUps/AssetMoreInfo.aspx?AssetID=931222"}},{"type":"Feature","geometry":{"type":"Point","coordinates":[-85.65902962,40.06028096]},"properties":{"name":"K C s Little Angels Daycare","assetType":"Home Licensed Child Cares","dataYear":"2018","assetId":"931429","subcategory":"Social and Community Services","detail":"https://classic.savi.org/SAVI/PopUps/AssetMoreInfo.aspx?AssetID=931429"}},{"type":"Feature","geometry":{"type":"Point","coordinates":[-85.63097294,39.42876052]},"properties":{"name":"KAREN S KIDS","assetType":"Home Licensed Child Cares","dataYear":"2018","assetId":"931026","subcategory":"Social and Community Services","detail":"https://classic.savi.org/SAVI/PopUps/AssetMoreInfo.aspx?AssetID=931026"}},{"type":"Feature","geometry":{"type":"Point","coordinates":[-85.9606745,39.97103055]},"properties":{"name":"KATHY S DAYCARE","assetType":"Home Licensed Child Cares","dataYear":"2018","assetId":"931599","subcategory":"Social and Community Services","detail":"https://classic.savi.org/SAVI/PopUps/AssetMoreInfo.aspx?AssetID=931599"}},{"type":"Feature","geometry":{"type":"Point","coordinates":[-85.89316605,39.51080453]},"properties":{"name":"KATY S KOUNTRY KIDS INC","assetType":"Home Licensed Child Cares","dataYear":"2018","assetId":"931030","subcategory":"Social and Community Services","detail":"https://classic.savi.org/SAVI/PopUps/AssetMoreInfo.aspx?AssetID=931030"}},{"type":"Feature","geometry":{"type":"Point","coordinates":[-86.85556237,39.63587173]},"properties":{"name":"KAY L SLIGH","assetType":"Home Licensed Child Cares","dataYear":"2018","assetId":"931037","subcategory":"Social and Community Services","detail":"https://classic.savi.org/SAVI/PopUps/AssetMoreInfo.aspx?AssetID=931037"}},{"type":"Feature","geometry":{"type":"Point","coordinates":[-86.08468902,39.77886033]},"properties":{"name":"KD s Daycare","assetType":"Home Licensed Child Cares","dataYear":"2018","assetId":"930968","subcategory":"Social and Community Services","detail":"https://classic.savi.org/SAVI/PopUps/AssetMoreInfo.aspx?AssetID=930968"}},{"type":"Feature","geometry":{"type":"Point","coordinates":[-86.01097582,39.8896515]},"properties":{"name":"KELLEY S EXCLUSIVE INFANT CARE INC","assetType":"Home Licensed Child Cares","dataYear":"2018","assetId":"930941","subcategory":"Social and Community Services","detail":"https://classic.savi.org/SAVI/PopUps/AssetMoreInfo.aspx?AssetID=930941"}},{"type":"Feature","geometry":{"type":"Point","coordinates":[-86.01052106,39.8896366]},"properties":{"name":"KELLEY S EXCLUSIVE TODDLER CARE INC","assetType":"Home Licensed Child Cares","dataYear":"2018","assetId":"930949","subcategory":"Social and Community Services","detail":"https://classic.savi.org/SAVI/PopUps/AssetMoreInfo.aspx?AssetID=930949"}},{"type":"Feature","geometry":{"type":"Point","coordinates":[-86.11475664,39.82292366]},"properties":{"name":"KELLY S CHILD CARE INC","assetType":"Home Licensed Child Cares","dataYear":"2018","assetId":"930950","subcategory":"Social and Community Services","detail":"https://classic.savi.org/SAVI/PopUps/AssetMoreInfo.aspx?AssetID=930950"}},{"type":"Feature","geometry":{"type":"Point","coordinates":[-86.4973847,40.08263396]},"properties":{"name":"KELLY S KIDS","assetType":"Home Licensed Child Cares","dataYear":"2018","assetId":"931583","subcategory":"Social and Community Services","detail":"https://classic.savi.org/SAVI/PopUps/AssetMoreInfo.aspx?AssetID=931583"}},{"type":"Feature","geometry":{"type":"Point","coordinates":[-86.46454112,40.05036804]},"properties":{"name":"KIDDIE KORNER","assetType":"Home Licensed Child Cares","dataYear":"2018","assetId":"931582","subcategory":"Social and Community Services","detail":"https://classic.savi.org/SAVI/PopUps/AssetMoreInfo.aspx?AssetID=931582"}},{"type":"Feature","geometry":{"type":"Point","coordinates":[-85.94201615,39.90471025]},"properties":{"name":"KIDS KALEIDOSCOPE DAYCARE INC","assetType":"Home Licensed Child Cares","dataYear":"2018","assetId":"931110","subcategory":"Social and Community Services","detail":"https://classic.savi.org/SAVI/PopUps/AssetMoreInfo.aspx?AssetID=931110"}},{"type":"Feature","geometry":{"type":"Point","coordinates":[-85.70487768,40.09787968]},"properties":{"name":"KJ s Bright Beginnings","assetType":"Home Licensed Child Cares","dataYear":"2018","assetId":"931458","subcategory":"Social and Community Services","detail":"https://classic.savi.org/SAVI/PopUps/AssetMoreInfo.aspx?AssetID=931458"}},{"type":"Feature","geometry":{"type":"Point","coordinates":[-86.38326912,39.68338267]},"properties":{"name":"Karry s Daycare","assetType":"Home Licensed Child Cares","dataYear":"2018","assetId":"931555","subcategory":"Social and Community Services","detail":"https://classic.savi.org/SAVI/PopUps/AssetMoreInfo.aspx?AssetID=931555"}},{"type":"Feature","geometry":{"type":"Point","coordinates":[-85.75906399,39.51297053]},"properties":{"name":"Katina s Play and Learn Day Care","assetType":"Home Licensed Child Cares","dataYear":"2018","assetId":"931088","subcategory":"Social and Community Services","detail":"https://classic.savi.org/SAVI/PopUps/AssetMoreInfo.aspx?AssetID=931088"}},{"type":"Feature","geometry":{"type":"Point","coordinates":[-86.1729186,39.61417528]},"properties":{"name":"Kelley s Daycare","assetType":"Home Licensed Child Cares","dataYear":"2018","assetId":"931550","subcategory":"Social and Community Services","detail":"https://classic.savi.org/SAVI/PopUps/AssetMoreInfo.aspx?AssetID=931550"}},{"type":"Feature","geometry":{"type":"Point","coordinates":[-86.01097582,39.8896515]},"properties":{"name":"Kelley s Exclusive Pre-School","assetType":"Home Licensed Child Cares","dataYear":"2018","assetId":"930993","subcategory":"Social and Community Services","detail":"https://classic.savi.org/SAVI/PopUps/AssetMoreInfo.aspx?AssetID=930993"}},{"type":"Feature","geometry":{"type":"Point","coordinates":[-85.99194579,39.83096719]},"properties":{"name":"Kid & Play Preschool","assetType":"Home Licensed Child Cares","dataYear":"2018","assetId":"931305","subcategory":"Social and Community Services","detail":"https://classic.savi.org/SAVI/PopUps/AssetMoreInfo.aspx?AssetID=931305"}},{"type":"Feature","geometry":{"type":"Point","coordinates":[-86.09819541,39.81890803]},"properties":{"name":"Kiddie Garden","assetType":"Home Licensed Child Cares","dataYear":"2018","assetId":"931277","subcategory":"Social and Community Services","detail":"https://classic.savi.org/SAVI/PopUps/AssetMoreInfo.aspx?AssetID=931277"}},{"type":"Feature","geometry":{"type":"Point","coordinates":[-86.10233771,39.82609592]},"properties":{"name":"Kiddie Garden","assetType":"Home Licensed Child Cares","dataYear":"2018","assetId":"931396","subcategory":"Social and Community Services","detail":"https://classic.savi.org/SAVI/PopUps/AssetMoreInfo.aspx?AssetID=931396"}},{"type":"Feature","geometry":{"type":"Point","coordinates":[-86.1302327,39.77948428]},"properties":{"name":"Kiddin Around Downtown","assetType":"Home Licensed Child Cares","dataYear":"2018","assetId":"931045","subcategory":"Social and Community Services","detail":"https://classic.savi.org/SAVI/PopUps/AssetMoreInfo.aspx?AssetID=931045"}},{"type":"Feature","geometry":{"type":"Point","coordinates":[-86.12775576,39.72638148]},"properties":{"name":"Kids R Kids","assetType":"Home Licensed Child Cares","dataYear":"2018","assetId":"931215","subcategory":"Social and Community Services","detail":"https://classic.savi.org/SAVI/PopUps/AssetMoreInfo.aspx?AssetID=931215"}},{"type":"Feature","geometry":{"type":"Point","coordinates":[-86.1142339,39.72047446]},"properties":{"name":"Kids Cove","assetType":"Home Licensed Child Cares","dataYear":"2018","assetId":"931320","subcategory":"Social and Community Services","detail":"https://classic.savi.org/SAVI/PopUps/AssetMoreInfo.aspx?AssetID=931320"}},{"type":"Feature","geometry":{"type":"Point","coordinates":[-86.09363017,39.60001488]},"properties":{"name":"Kids Imagination Discovery Station","assetType":"Home Licensed Child Cares","dataYear":"2018","assetId":"931549","subcategory":"Social and Community Services","detail":"https://classic.savi.org/SAVI/PopUps/AssetMoreInfo.aspx?AssetID=931549"}},{"type":"Feature","geometry":{"type":"Point","coordinates":[-85.98383224,40.02012426]},"properties":{"name":"Kids Korner Home Day Care","assetType":"Home Licensed Child Cares","dataYear":"2018","assetId":"931532","subcategory":"Social and Community Services","detail":"https://classic.savi.org/SAVI/PopUps/AssetMoreInfo.aspx?AssetID=931532"}},{"type":"Feature","geometry":{"type":"Point","coordinates":[-85.85586772,39.98590656]},"properties":{"name":"Kidz In Motion","assetType":"Home Licensed Child Cares","dataYear":"2018","assetId":"931374","subcategory":"Social and Community Services","detail":"https://classic.savi.org/SAVI/PopUps/AssetMoreInfo.aspx?AssetID=931374"}},{"type":"Feature","geometry":{"type":"Point","coordinates":[-86.38730373,39.8652842]},"properties":{"name":"Kidz Kampus","assetType":"Home Licensed Child Cares","dataYear":"2018","assetId":"931524","subcategory":"Social and Community Services","detail":"https://classic.savi.org/SAVI/PopUps/AssetMoreInfo.aspx?AssetID=931524"}},{"type":"Feature","geometry":{"type":"Point","coordinates":[-86.05350897,39.8461406]},"properties":{"name":"Kidz Most Wanted Childcare","assetType":"Home Licensed Child Cares","dataYear":"2018","assetId":"930939","subcategory":"Social and Community Services","detail":"https://classic.savi.org/SAVI/PopUps/AssetMoreInfo.aspx?AssetID=930939"}},{"type":"Feature","geometry":{"type":"Point","coordinates":[-86.20994765,39.87620606]},"properties":{"name":"Kidz at Work","assetType":"Home Licensed Child Cares","dataYear":"2018","assetId":"930937","subcategory":"Social and Community Services","detail":"https://classic.savi.org/SAVI/PopUps/AssetMoreInfo.aspx?AssetID=930937"}},{"type":"Feature","geometry":{"type":"Point","coordinates":[-86.40369121,39.82812426]},"properties":{"name":"Kim s Kids","assetType":"Home Licensed Child Cares","dataYear":"2018","assetId":"931454","subcategory":"Social and Community Services","detail":"https://classic.savi.org/SAVI/PopUps/AssetMoreInfo.aspx?AssetID=931454"}},{"type":"Feature","geometry":{"type":"Point","coordinates":[-86.02376738,39.95508805]},"properties":{"name":"Kimberly Beaver","assetType":"Home Licensed Child Cares","dataYear":"2018","assetId":"931604","subcategory":"Social and Community Services","detail":"https://classic.savi.org/SAVI/PopUps/AssetMoreInfo.aspx?AssetID=931604"}},{"type":"Feature","geometry":{"type":"Point","coordinates":[-86.18417262,39.81707797]},"properties":{"name":"Kimberly s Childcare and Learning Center","assetType":"Home Licensed Child Cares","dataYear":"2018","assetId":"931237","subcategory":"Social and Community Services","detail":"https://classic.savi.org/SAVI/PopUps/AssetMoreInfo.aspx?AssetID=931237"}},{"type":"Feature","geometry":{"type":"Point","coordinates":[-86.12281159,39.7835795]},"properties":{"name":"Kimoni s Place Home Child Care","assetType":"Home Licensed Child Cares","dataYear":"2018","assetId":"931385","subcategory":"Social and Community Services","detail":"https://classic.savi.org/SAVI/PopUps/AssetMoreInfo.aspx?AssetID=931385"}},{"type":"Feature","geometry":{"type":"Point","coordinates":[-86.01005836,39.97912259]},"properties":{"name":"Kingdom Kids Playschool","assetType":"Home Licensed Child Cares","dataYear":"2018","assetId":"931608","subcategory":"Social and Community Services","detail":"https://classic.savi.org/SAVI/PopUps/AssetMoreInfo.aspx?AssetID=931608"}},{"type":"Feature","geometry":{"type":"Point","coordinates":[-86.39854116,39.69778965]},"properties":{"name":"Kornerstone Kamphouse for Kids","assetType":"Home Licensed Child Cares","dataYear":"2018","assetId":"931554","subcategory":"Social and Community Services","detail":"https://classic.savi.org/SAVI/PopUps/AssetMoreInfo.aspx?AssetID=931554"}},{"type":"Feature","geometry":{"type":"Point","coordinates":[-85.99096706,39.82969554]},"properties":{"name":"Kreeative Kidz Kiddy Kare Too","assetType":"Home Licensed Child Cares","dataYear":"2018","assetId":"931252","subcategory":"Social and Community Services","detail":"https://classic.savi.org/SAVI/PopUps/AssetMoreInfo.aspx?AssetID=931252"}},{"type":"Feature","geometry":{"type":"Point","coordinates":[-86.06466785,39.83122797]},"properties":{"name":"Kreeative Learners Kiddy Kare Too","assetType":"Home Licensed Child Cares","dataYear":"2018","assetId":"931253","subcategory":"Social and Community Services","detail":"https://classic.savi.org/SAVI/PopUps/AssetMoreInfo.aspx?AssetID=931253"}},{"type":"Feature","geometry":{"type":"Point","coordinates":[-86.29423457,40.0146494]},"properties":{"name":"Kristy s Little Rascals Childcare LLC","assetType":"Home Licensed Child Cares","dataYear":"2018","assetId":"931617","subcategory":"Social and Community Services","detail":"https://classic.savi.org/SAVI/PopUps/AssetMoreInfo.aspx?AssetID=931617"}},{"type":"Feature","geometry":{"type":"Point","coordinates":[-85.96240034,39.82939678]},"properties":{"name":"Krystal s Little Learners","assetType":"Home Licensed Child Cares","dataYear":"2018","assetId":"931341","subcategory":"Social and Community Services","detail":"https://classic.savi.org/SAVI/PopUps/AssetMoreInfo.aspx?AssetID=931341"}},{"type":"Feature","geometry":{"type":"Point","coordinates":[-86.12034198,39.71891691]},"properties":{"name":"L O V E Your Child s Care II","assetType":"Home Licensed Child Cares","dataYear":"2018","assetId":"931157","subcategory":"Social and Community Services","detail":"https://classic.savi.org/SAVI/PopUps/AssetMoreInfo.aspx?AssetID=931157"}},{"type":"Feature","geometry":{"type":"Point","coordinates":[-85.76553602,39.51220755]},"properties":{"name":"LEEANN S WEE CARE","assetType":"Home Licensed Child Cares","dataYear":"2018","assetId":"931027","subcategory":"Social and Community Services","detail":"https://classic.savi.org/SAVI/PopUps/AssetMoreInfo.aspx?AssetID=931027"}},{"type":"Feature","geometry":{"type":"Point","coordinates":[-85.96770765,39.80072803]},"properties":{"name":"LI L PEOPLE DAYCARE INC","assetType":"Home Licensed Child Cares","dataYear":"2018","assetId":"931183","subcategory":"Social and Community Services","detail":"https://classic.savi.org/SAVI/PopUps/AssetMoreInfo.aspx?AssetID=931183"}},{"type":"Feature","geometry":{"type":"Point","coordinates":[-85.84088042,40.0581464]},"properties":{"name":"LINDA S DAY CARE","assetType":"Home Licensed Child Cares","dataYear":"2018","assetId":"931413","subcategory":"Social and Community Services","detail":"https://classic.savi.org/SAVI/PopUps/AssetMoreInfo.aspx?AssetID=931413"}},{"type":"Feature","geometry":{"type":"Point","coordinates":[-86.0219857,39.83590967]},"properties":{"name":"LITTLE CAMELOT 2","assetType":"Home Licensed Child Cares","dataYear":"2018","assetId":"931171","subcategory":"Social and Community Services","detail":"https://classic.savi.org/SAVI/PopUps/AssetMoreInfo.aspx?AssetID=931171"}},{"type":"Feature","geometry":{"type":"Point","coordinates":[-86.02195981,39.83592175]},"properties":{"name":"LITTLE CAMELOT PRESCHOOL","assetType":"Home Licensed Child Cares","dataYear":"2018","assetId":"930944","subcategory":"Social and Community Services","detail":"https://classic.savi.org/SAVI/PopUps/AssetMoreInfo.aspx?AssetID=930944"}},{"type":"Feature","geometry":{"type":"Point","coordinates":[-86.25822742,39.74716842]},"properties":{"name":"LITTLE TIKES PLAYHOUSE","assetType":"Home Licensed Child Cares","dataYear":"2018","assetId":"930888","subcategory":"Social and Community Services","detail":"https://classic.savi.org/SAVI/PopUps/AssetMoreInfo.aspx?AssetID=930888"}},{"type":"Feature","geometry":{"type":"Point","coordinates":[-86.47354194,40.0451741]},"properties":{"name":"LOLLIPOPS AND TOTS","assetType":"Home Licensed Child Cares","dataYear":"2018","assetId":"931587","subcategory":"Social and Community Services","detail":"https://classic.savi.org/SAVI/PopUps/AssetMoreInfo.aspx?AssetID=931587"}},{"type":"Feature","geometry":{"type":"Point","coordinates":[-86.01039598,39.82122355]},"properties":{"name":"LONDA S LOVING CARE","assetType":"Home Licensed Child Cares","dataYear":"2018","assetId":"931174","subcategory":"Social and Community Services","detail":"https://classic.savi.org/SAVI/PopUps/AssetMoreInfo.aspx?AssetID=931174"}},{"type":"Feature","geometry":{"type":"Point","coordinates":[-86.02014339,39.97002554]},"properties":{"name":"LORI MILLARES","assetType":"Home Licensed Child Cares","dataYear":"2018","assetId":"931601","subcategory":"Social and Community Services","detail":"https://classic.savi.org/SAVI/PopUps/AssetMoreInfo.aspx?AssetID=931601"}},{"type":"Feature","geometry":{"type":"Point","coordinates":[-86.42341094,39.42420661]},"properties":{"name":"LYNN S DAY CARE","assetType":"Home Licensed Child Cares","dataYear":"2018","assetId":"930962","subcategory":"Social and Community Services","detail":"https://classic.savi.org/SAVI/PopUps/AssetMoreInfo.aspx?AssetID=930962"}},{"type":"Feature","geometry":{"type":"Point","coordinates":[-86.08004065,39.81897032]},"properties":{"name":"LaDonna Newbern","assetType":"Home Licensed Child Cares","dataYear":"2018","assetId":"931344","subcategory":"Social and Community Services","detail":"https://classic.savi.org/SAVI/PopUps/AssetMoreInfo.aspx?AssetID=931344"}},{"type":"Feature","geometry":{"type":"Point","coordinates":[-86.07770756,39.79476308]},"properties":{"name":"LaTasha s Little Angels","assetType":"Home Licensed Child Cares","dataYear":"2018","assetId":"931224","subcategory":"Social and Community Services","detail":"https://classic.savi.org/SAVI/PopUps/AssetMoreInfo.aspx?AssetID=931224"}},{"type":"Feature","geometry":{"type":"Point","coordinates":[-86.01763939,39.82519792]},"properties":{"name":"Land of the Little People","assetType":"Home Licensed Child Cares","dataYear":"2018","assetId":"931259","subcategory":"Social and Community Services","detail":"https://classic.savi.org/SAVI/PopUps/AssetMoreInfo.aspx?AssetID=931259"}},{"type":"Feature","geometry":{"type":"Point","coordinates":[-85.66477794,40.0546619]},"properties":{"name":"Large Fries Playhouse","assetType":"Home Licensed Child Cares","dataYear":"2018","assetId":"931470","subcategory":"Social and Community Services","detail":"https://classic.savi.org/SAVI/PopUps/AssetMoreInfo.aspx?AssetID=931470"}},{"type":"Feature","geometry":{"type":"Point","coordinates":[-86.37393377,39.77108425]},"properties":{"name":"Laugh n Play","assetType":"Home Licensed Child Cares","dataYear":"2018","assetId":"931490","subcategory":"Social and Community Services","detail":"https://classic.savi.org/SAVI/PopUps/AssetMoreInfo.aspx?AssetID=931490"}},{"type":"Feature","geometry":{"type":"Point","coordinates":[-86.44323037,40.0386909]},"properties":{"name":"Laughter and Love Daycare LLC","assetType":"Home Licensed Child Cares","dataYear":"2018","assetId":"931622","subcategory":"Social and Community Services","detail":"https://classic.savi.org/SAVI/PopUps/AssetMoreInfo.aspx?AssetID=931622"}},{"type":"Feature","geometry":{"type":"Point","coordinates":[-86.15405373,40.02935718]},"properties":{"name":"Laura Kipper","assetType":"Home Licensed Child Cares","dataYear":"2018","assetId":"931632","subcategory":"Social and Community Services","detail":"https://classic.savi.org/SAVI/PopUps/AssetMoreInfo.aspx?AssetID=931632"}},{"type":"Feature","geometry":{"type":"Point","coordinates":[-86.33992989,39.78563094]},"properties":{"name":"Leah s Daycare","assetType":"Home Licensed Child Cares","dataYear":"2018","assetId":"931559","subcategory":"Social and Community Services","detail":"https://classic.savi.org/SAVI/PopUps/AssetMoreInfo.aspx?AssetID=931559"}},{"type":"Feature","geometry":{"type":"Point","coordinates":[-86.32215072,39.81164006]},"properties":{"name":"Learn & Love Childcare Learning Center","assetType":"Home Licensed Child Cares","dataYear":"2018","assetId":"931120","subcategory":"Social and Community Services","detail":"https://classic.savi.org/SAVI/PopUps/AssetMoreInfo.aspx?AssetID=931120"}},{"type":"Feature","geometry":{"type":"Point","coordinates":[-86.32157559,39.81167054]},"properties":{"name":"Learn & Love Childcare Learning Center","assetType":"Home Licensed Child Cares","dataYear":"2018","assetId":"931122","subcategory":"Social and Community Services","detail":"https://classic.savi.org/SAVI/PopUps/AssetMoreInfo.aspx?AssetID=931122"}},{"type":"Feature","geometry":{"type":"Point","coordinates":[-86.15312062,39.66083539]},"properties":{"name":"Lian Huapi","assetType":"Home Licensed Child Cares","dataYear":"2018","assetId":"930982","subcategory":"Social and Community Services","detail":"https://classic.savi.org/SAVI/PopUps/AssetMoreInfo.aspx?AssetID=930982"}},{"type":"Feature","geometry":{"type":"Point","coordinates":[-86.3372783,39.78353084]},"properties":{"name":"Lil Gems","assetType":"Home Licensed Child Cares","dataYear":"2018","assetId":"931446","subcategory":"Social and Community Services","detail":"https://classic.savi.org/SAVI/PopUps/AssetMoreInfo.aspx?AssetID=931446"}},{"type":"Feature","geometry":{"type":"Point","coordinates":[-86.2418172,39.81878737]},"properties":{"name":"Lil La-La s Child Care","assetType":"Home Licensed Child Cares","dataYear":"2018","assetId":"930930","subcategory":"Social and Community Services","detail":"https://classic.savi.org/SAVI/PopUps/AssetMoreInfo.aspx?AssetID=930930"}},{"type":"Feature","geometry":{"type":"Point","coordinates":[-86.3447308,39.860707]},"properties":{"name":"Lil Tots Learning Center","assetType":"Home Licensed Child Cares","dataYear":"2018","assetId":"931523","subcategory":"Social and Community Services","detail":"https://classic.savi.org/SAVI/PopUps/AssetMoreInfo.aspx?AssetID=931523"}},{"type":"Feature","geometry":{"type":"Point","coordinates":[-86.2144602,39.84369116]},"properties":{"name":"Lil Feetz Child Care","assetType":"Home Licensed Child Cares","dataYear":"2018","assetId":"931147","subcategory":"Social and Community Services","detail":"https://classic.savi.org/SAVI/PopUps/AssetMoreInfo.aspx?AssetID=931147"}},{"type":"Feature","geometry":{"type":"Point","coordinates":[-85.94912805,39.99710009]},"properties":{"name":"Lil Sprouts Daycare LLC","assetType":"Home Licensed Child Cares","dataYear":"2018","assetId":"931539","subcategory":"Social and Community Services","detail":"https://classic.savi.org/SAVI/PopUps/AssetMoreInfo.aspx?AssetID=931539"}},{"type":"Feature","geometry":{"type":"Point","coordinates":[-85.96252517,39.84711626]},"properties":{"name":"Linda s Daycare","assetType":"Home Licensed Child Cares","dataYear":"2018","assetId":"931005","subcategory":"Social and Community Services","detail":"https://classic.savi.org/SAVI/PopUps/AssetMoreInfo.aspx?AssetID=931005"}},{"type":"Feature","geometry":{"type":"Point","coordinates":[-86.02100499,39.81952835]},"properties":{"name":"Linda s Unique Angels","assetType":"Home Licensed Child Cares","dataYear":"2018","assetId":"931332","subcategory":"Social and Community Services","detail":"https://classic.savi.org/SAVI/PopUps/AssetMoreInfo.aspx?AssetID=931332"}},{"type":"Feature","geometry":{"type":"Point","coordinates":[-86.04629452,40.05059155]},"properties":{"name":"Lisa Gassensmith","assetType":"Home Licensed Child Cares","dataYear":"2018","assetId":"931637","subcategory":"Social and Community Services","detail":"https://classic.savi.org/SAVI/PopUps/AssetMoreInfo.aspx?AssetID=931637"}},{"type":"Feature","geometry":{"type":"Point","coordinates":[-85.97624576,39.83299966]},"properties":{"name":"Lisa s Loving Day Care","assetType":"Home Licensed Child Cares","dataYear":"2018","assetId":"931097","subcategory":"Social and Community Services","detail":"https://classic.savi.org/SAVI/PopUps/AssetMoreInfo.aspx?AssetID=931097"}},{"type":"Feature","geometry":{"type":"Point","coordinates":[-86.00699436,40.051374]},"properties":{"name":"Litle Sprouts","assetType":"Home Licensed Child Cares","dataYear":"2018","assetId":"931560","subcategory":"Social and Community Services","detail":"https://classic.savi.org/SAVI/PopUps/AssetMoreInfo.aspx?AssetID=931560"}},{"type":"Feature","geometry":{"type":"Point","coordinates":[-86.02746813,39.72195146]},"properties":{"name":"Little Angels Childcare","assetType":"Home Licensed Child Cares","dataYear":"2018","assetId":"931312","subcategory":"Social and Community Services","detail":"https://classic.savi.org/SAVI/PopUps/AssetMoreInfo.aspx?AssetID=931312"}},{"type":"Feature","geometry":{"type":"Point","coordinates":[-86.10612875,39.96116326]},"properties":{"name":"Little Angels Home-Life Daycare LLC","assetType":"Home Licensed Child Cares","dataYear":"2018","assetId":"931612","subcategory":"Social and Community Services","detail":"https://classic.savi.org/SAVI/PopUps/AssetMoreInfo.aspx?AssetID=931612"}},{"type":"Feature","geometry":{"type":"Point","coordinates":[-86.16508145,39.69611868]},"properties":{"name":"Little Blossoms Daycare and Preschool","assetType":"Home Licensed Child Cares","dataYear":"2018","assetId":"931297","subcategory":"Social and Community Services","detail":"https://classic.savi.org/SAVI/PopUps/AssetMoreInfo.aspx?AssetID=931297"}},{"type":"Feature","geometry":{"type":"Point","coordinates":[-86.12896759,39.85537918]},"properties":{"name":"Little Creek Daycare","assetType":"Home Licensed Child Cares","dataYear":"2018","assetId":"931187","subcategory":"Social and Community Services","detail":"https://classic.savi.org/SAVI/PopUps/AssetMoreInfo.aspx?AssetID=931187"}},{"type":"Feature","geometry":{"type":"Point","coordinates":[-86.12971523,39.86124623]},"properties":{"name":"Little Creek Daycare II","assetType":"Home Licensed Child Cares","dataYear":"2018","assetId":"931216","subcategory":"Social and Community Services","detail":"https://classic.savi.org/SAVI/PopUps/AssetMoreInfo.aspx?AssetID=931216"}},{"type":"Feature","geometry":{"type":"Point","coordinates":[-86.320904,39.76829539]},"properties":{"name":"Little Explorers","assetType":"Home Licensed Child Cares","dataYear":"2018","assetId":"930992","subcategory":"Social and Community Services","detail":"https://classic.savi.org/SAVI/PopUps/AssetMoreInfo.aspx?AssetID=930992"}},{"type":"Feature","geometry":{"type":"Point","coordinates":[-86.40959933,39.83330917]},"properties":{"name":"Little Friends Family Childcare","assetType":"Home Licensed Child Cares","dataYear":"2018","assetId":"931525","subcategory":"Social and Community Services","detail":"https://classic.savi.org/SAVI/PopUps/AssetMoreInfo.aspx?AssetID=931525"}},{"type":"Feature","geometry":{"type":"Point","coordinates":[-86.16533252,39.80227842]},"properties":{"name":"Little Gems Daycare and Early Learning Academy","assetType":"Home Licensed Child Cares","dataYear":"2018","assetId":"931307","subcategory":"Social and Community Services","detail":"https://classic.savi.org/SAVI/PopUps/AssetMoreInfo.aspx?AssetID=931307"}},{"type":"Feature","geometry":{"type":"Point","coordinates":[-86.12610649,39.81026355]},"properties":{"name":"Little Hearts Childcare LLC","assetType":"Home Licensed Child Cares","dataYear":"2018","assetId":"931263","subcategory":"Social and Community Services","detail":"https://classic.savi.org/SAVI/PopUps/AssetMoreInfo.aspx?AssetID=931263"}},{"type":"Feature","geometry":{"type":"Point","coordinates":[-86.33133473,39.73579977]},"properties":{"name":"Little King & Queen","assetType":"Home Licensed Child Cares","dataYear":"2018","assetId":"931449","subcategory":"Social and Community Services","detail":"https://classic.savi.org/SAVI/PopUps/AssetMoreInfo.aspx?AssetID=931449"}},{"type":"Feature","geometry":{"type":"Point","coordinates":[-85.71681657,40.10832175]},"properties":{"name":"Little Ladybug Learning Center","assetType":"Home Licensed Child Cares","dataYear":"2018","assetId":"931461","subcategory":"Social and Community Services","detail":"https://classic.savi.org/SAVI/PopUps/AssetMoreInfo.aspx?AssetID=931461"}},{"type":"Feature","geometry":{"type":"Point","coordinates":[-85.70036136,40.10718301]},"properties":{"name":"Little Leaders Childcare","assetType":"Home Licensed Child Cares","dataYear":"2018","assetId":"931431","subcategory":"Social and Community Services","detail":"https://classic.savi.org/SAVI/PopUps/AssetMoreInfo.aspx?AssetID=931431"}},{"type":"Feature","geometry":{"type":"Point","coordinates":[-86.28220233,39.75638045]},"properties":{"name":"Little Life Academy LLC","assetType":"Home Licensed Child Cares","dataYear":"2018","assetId":"931262","subcategory":"Social and Community Services","detail":"https://classic.savi.org/SAVI/PopUps/AssetMoreInfo.aspx?AssetID=931262"}},{"type":"Feature","geometry":{"type":"Point","coordinates":[-86.01594289,39.99793692]},"properties":{"name":"Little Light Early Learning","assetType":"Home Licensed Child Cares","dataYear":"2018","assetId":"931570","subcategory":"Social and Community Services","detail":"https://classic.savi.org/SAVI/PopUps/AssetMoreInfo.aspx?AssetID=931570"}},{"type":"Feature","geometry":{"type":"Point","coordinates":[-86.12198196,39.82084501]},"properties":{"name":"Little Lions Childcare Providers","assetType":"Home Licensed Child Cares","dataYear":"2018","assetId":"931357","subcategory":"Social and Community Services","detail":"https://classic.savi.org/SAVI/PopUps/AssetMoreInfo.aspx?AssetID=931357"}},{"type":"Feature","geometry":{"type":"Point","coordinates":[-86.2097736,39.79037687]},"properties":{"name":"Little Loved Ones Learning Center","assetType":"Home Licensed Child Cares","dataYear":"2018","assetId":"931041","subcategory":"Social and Community Services","detail":"https://classic.savi.org/SAVI/PopUps/AssetMoreInfo.aspx?AssetID=931041"}},{"type":"Feature","geometry":{"type":"Point","coordinates":[-85.76409899,39.51229455]},"properties":{"name":"Little Monkey s Child Care","assetType":"Home Licensed Child Cares","dataYear":"2018","assetId":"931086","subcategory":"Social and Community Services","detail":"https://classic.savi.org/SAVI/PopUps/AssetMoreInfo.aspx?AssetID=931086"}},{"type":"Feature","geometry":{"type":"Point","coordinates":[-86.26475596,39.83309878]},"properties":{"name":"Little Nose and Tiny Toes Child Care","assetType":"Home Licensed Child Cares","dataYear":"2018","assetId":"931345","subcategory":"Social and Community Services","detail":"https://classic.savi.org/SAVI/PopUps/AssetMoreInfo.aspx?AssetID=931345"}},{"type":"Feature","geometry":{"type":"Point","coordinates":[-86.02799475,39.80106455]},"properties":{"name":"Little People Big Smiles","assetType":"Home Licensed Child Cares","dataYear":"2018","assetId":"931365","subcategory":"Social and Community Services","detail":"https://classic.savi.org/SAVI/PopUps/AssetMoreInfo.aspx?AssetID=931365"}},{"type":"Feature","geometry":{"type":"Point","coordinates":[-86.0960817,39.79564993]},"properties":{"name":"Little Rascals","assetType":"Home Licensed Child Cares","dataYear":"2018","assetId":"931383","subcategory":"Social and Community Services","detail":"https://classic.savi.org/SAVI/PopUps/AssetMoreInfo.aspx?AssetID=931383"}},{"type":"Feature","geometry":{"type":"Point","coordinates":[-86.16620092,39.72697831]},"properties":{"name":"Little Smiles Child Care","assetType":"Home Licensed Child Cares","dataYear":"2018","assetId":"931245","subcategory":"Social and Community Services","detail":"https://classic.savi.org/SAVI/PopUps/AssetMoreInfo.aspx?AssetID=931245"}},{"type":"Feature","geometry":{"type":"Point","coordinates":[-85.955742,40.01262384]},"properties":{"name":"Little Sprites Family Child Care","assetType":"Home Licensed Child Cares","dataYear":"2018","assetId":"931639","subcategory":"Social and Community Services","detail":"https://classic.savi.org/SAVI/PopUps/AssetMoreInfo.aspx?AssetID=931639"}},{"type":"Feature","geometry":{"type":"Point","coordinates":[-86.24523029,39.70455723]},"properties":{"name":"Little Sprouts Playschool LLC","assetType":"Home Licensed Child Cares","dataYear":"2018","assetId":"931318","subcategory":"Social and Community Services","detail":"https://classic.savi.org/SAVI/PopUps/AssetMoreInfo.aspx?AssetID=931318"}},{"type":"Feature","geometry":{"type":"Point","coordinates":[-86.05631312,39.88383937]},"properties":{"name":"Little Squirts Daycare","assetType":"Home Licensed Child Cares","dataYear":"2018","assetId":"931185","subcategory":"Social and Community Services","detail":"https://classic.savi.org/SAVI/PopUps/AssetMoreInfo.aspx?AssetID=931185"}},{"type":"Feature","geometry":{"type":"Point","coordinates":[-86.3884747,39.87928853]},"properties":{"name":"Little Steps Daycare","assetType":"Home Licensed Child Cares","dataYear":"2018","assetId":"931527","subcategory":"Social and Community Services","detail":"https://classic.savi.org/SAVI/PopUps/AssetMoreInfo.aspx?AssetID=931527"}},{"type":"Feature","geometry":{"type":"Point","coordinates":[-86.12687613,39.83302523]},"properties":{"name":"Little Toy Soldiers Childcare LLC","assetType":"Home Licensed Child Cares","dataYear":"2018","assetId":"931393","subcategory":"Social and Community Services","detail":"https://classic.savi.org/SAVI/PopUps/AssetMoreInfo.aspx?AssetID=931393"}},{"type":"Feature","geometry":{"type":"Point","coordinates":[-86.21279787,39.78188053]},"properties":{"name":"Littler Loved Ones Learning Center III","assetType":"Home Licensed Child Cares","dataYear":"2018","assetId":"931323","subcategory":"Social and Community Services","detail":"https://classic.savi.org/SAVI/PopUps/AssetMoreInfo.aspx?AssetID=931323"}},{"type":"Feature","geometry":{"type":"Point","coordinates":[-85.69388869,40.05049348]},"properties":{"name":"Live Laugh Learn Daycare","assetType":"Home Licensed Child Cares","dataYear":"2018","assetId":"931434","subcategory":"Social and Community Services","detail":"https://classic.savi.org/SAVI/PopUps/AssetMoreInfo.aspx?AssetID=931434"}},{"type":"Feature","geometry":{"type":"Point","coordinates":[-86.07088677,39.82979152]},"properties":{"name":"Live Laugh Love Learn Childcare","assetType":"Home Licensed Child Cares","dataYear":"2018","assetId":"931270","subcategory":"Social and Community Services","detail":"https://classic.savi.org/SAVI/PopUps/AssetMoreInfo.aspx?AssetID=931270"}},{"type":"Feature","geometry":{"type":"Point","coordinates":[-86.26205878,39.81458284]},"properties":{"name":"Liz Kids Child Care LLC","assetType":"Home Licensed Child Cares","dataYear":"2018","assetId":"931126","subcategory":"Social and Community Services","detail":"https://classic.savi.org/SAVI/PopUps/AssetMoreInfo.aspx?AssetID=931126"}},{"type":"Feature","geometry":{"type":"Point","coordinates":[-86.16250975,39.81896072]},"properties":{"name":"Lollipop Home Day Care","assetType":"Home Licensed Child Cares","dataYear":"2018","assetId":"930946","subcategory":"Social and Community Services","detail":"https://classic.savi.org/SAVI/PopUps/AssetMoreInfo.aspx?AssetID=930946"}},{"type":"Feature","geometry":{"type":"Point","coordinates":[-85.96233449,39.78797372]},"properties":{"name":"Lollitots Early Care","assetType":"Home Licensed Child Cares","dataYear":"2018","assetId":"931159","subcategory":"Social and Community Services","detail":"https://classic.savi.org/SAVI/PopUps/AssetMoreInfo.aspx?AssetID=931159"}},{"type":"Feature","geometry":{"type":"Point","coordinates":[-86.07158437,39.79209925]},"properties":{"name":"Lonnie s Loving Care Child Care","assetType":"Home Licensed Child Cares","dataYear":"2018","assetId":"931340","subcategory":"Social and Community Services","detail":"https://classic.savi.org/SAVI/PopUps/AssetMoreInfo.aspx?AssetID=931340"}},{"type":"Feature","geometry":{"type":"Point","coordinates":[-86.25730216,39.32296248]},"properties":{"name":"Lori s Ton O Fun Daycare","assetType":"Home Licensed Child Cares","dataYear":"2018","assetId":"931615","subcategory":"Social and Community Services","detail":"https://classic.savi.org/SAVI/PopUps/AssetMoreInfo.aspx?AssetID=931615"}},{"type":"Feature","geometry":{"type":"Point","coordinates":[-86.25730216,39.32296248]},"properties":{"name":"Lori s Ton O Fun Daycare Inc","assetType":"Home Licensed Child Cares","dataYear":"2018","assetId":"931574","subcategory":"Social and Community Services","detail":"https://classic.savi.org/SAVI/PopUps/AssetMoreInfo.aspx?AssetID=931574"}},{"type":"Feature","geometry":{"type":"Point","coordinates":[-86.25730216,39.32296248]},"properties":{"name":"Lori s Ton O Fun Daycare Inc","assetType":"Home Licensed Child Cares","dataYear":"2018","assetId":"931616","subcategory":"Social and Community Services","detail":"https://classic.savi.org/SAVI/PopUps/AssetMoreInfo.aspx?AssetID=931616"}},{"type":"Feature","geometry":{"type":"Point","coordinates":[-86.32088695,39.75638914]},"properties":{"name":"Lorna J Stevens","assetType":"Home Licensed Child Cares","dataYear":"2018","assetId":"930974","subcategory":"Social and Community Services","detail":"https://classic.savi.org/SAVI/PopUps/AssetMoreInfo.aspx?AssetID=930974"}},{"type":"Feature","geometry":{"type":"Point","coordinates":[-86.00350827,39.80387317]},"properties":{"name":"Love Bugs Childcare","assetType":"Home Licensed Child Cares","dataYear":"2018","assetId":"930996","subcategory":"Social and Community Services","detail":"https://classic.savi.org/SAVI/PopUps/AssetMoreInfo.aspx?AssetID=930996"}},{"type":"Feature","geometry":{"type":"Point","coordinates":[-86.0048553,39.80265925]},"properties":{"name":"Love Bugs Childcare","assetType":"Home Licensed Child Cares","dataYear":"2018","assetId":"930832","subcategory":"Social and Community Services","detail":"https://classic.savi.org/SAVI/PopUps/AssetMoreInfo.aspx?AssetID=930832"}},{"type":"Feature","geometry":{"type":"Point","coordinates":[-86.06169392,39.83598232]},"properties":{"name":"Love Thy Neighbor Learning Academy","assetType":"Home Licensed Child Cares","dataYear":"2018","assetId":"931283","subcategory":"Social and Community Services","detail":"https://classic.savi.org/SAVI/PopUps/AssetMoreInfo.aspx?AssetID=931283"}},{"type":"Feature","geometry":{"type":"Point","coordinates":[-86.08766321,39.73773724]},"properties":{"name":"Love Your Child s Care Childcare LLC","assetType":"Home Licensed Child Cares","dataYear":"2018","assetId":"930825","subcategory":"Social and Community Services","detail":"https://classic.savi.org/SAVI/PopUps/AssetMoreInfo.aspx?AssetID=930825"}},{"type":"Feature","geometry":{"type":"Point","coordinates":[-86.12010437,39.7742209]},"properties":{"name":"Love and Happiness","assetType":"Home Licensed Child Cares","dataYear":"2018","assetId":"930887","subcategory":"Social and Community Services","detail":"https://classic.savi.org/SAVI/PopUps/AssetMoreInfo.aspx?AssetID=930887"}},{"type":"Feature","geometry":{"type":"Point","coordinates":[-86.0612407,39.83428797]},"properties":{"name":"Love and Light Home Daycare","assetType":"Home Licensed Child Cares","dataYear":"2018","assetId":"931260","subcategory":"Social and Community Services","detail":"https://classic.savi.org/SAVI/PopUps/AssetMoreInfo.aspx?AssetID=931260"}},{"type":"Feature","geometry":{"type":"Point","coordinates":[-86.22128831,39.81810607]},"properties":{"name":"Loveable Angels Daycare","assetType":"Home Licensed Child Cares","dataYear":"2018","assetId":"930833","subcategory":"Social and Community Services","detail":"https://classic.savi.org/SAVI/PopUps/AssetMoreInfo.aspx?AssetID=930833"}},{"type":"Feature","geometry":{"type":"Point","coordinates":[-86.08007004,39.82249149]},"properties":{"name":"Loving Hands Educare LLC","assetType":"Home Licensed Child Cares","dataYear":"2018","assetId":"931347","subcategory":"Social and Community Services","detail":"https://classic.savi.org/SAVI/PopUps/AssetMoreInfo.aspx?AssetID=931347"}},{"type":"Feature","geometry":{"type":"Point","coordinates":[-86.20432377,39.86663384]},"properties":{"name":"Loving Lisa s Daycare","assetType":"Home Licensed Child Cares","dataYear":"2018","assetId":"931190","subcategory":"Social and Community Services","detail":"https://classic.savi.org/SAVI/PopUps/AssetMoreInfo.aspx?AssetID=931190"}},{"type":"Feature","geometry":{"type":"Point","coordinates":[-86.21381381,39.86956634]},"properties":{"name":"Lowes Loveing Care","assetType":"Home Licensed Child Cares","dataYear":"2018","assetId":"930895","subcategory":"Social and Community Services","detail":"https://classic.savi.org/SAVI/PopUps/AssetMoreInfo.aspx?AssetID=930895"}},{"type":"Feature","geometry":{"type":"Point","coordinates":[-85.78829963,39.78394096]},"properties":{"name":"Lucky s Daycare","assetType":"Home Licensed Child Cares","dataYear":"2018","assetId":"931596","subcategory":"Social and Community Services","detail":"https://classic.savi.org/SAVI/PopUps/AssetMoreInfo.aspx?AssetID=931596"}},{"type":"Feature","geometry":{"type":"Point","coordinates":[-85.78829963,39.78394096]},"properties":{"name":"Lucky s Daycare","assetType":"Home Licensed Child Cares","dataYear":"2018","assetId":"931597","subcategory":"Social and Community Services","detail":"https://classic.savi.org/SAVI/PopUps/AssetMoreInfo.aspx?AssetID=931597"}},{"type":"Feature","geometry":{"type":"Point","coordinates":[-85.75178037,39.79623479]},"properties":{"name":"Lucky s Daycare","assetType":"Home Licensed Child Cares","dataYear":"2018","assetId":"931594","subcategory":"Social and Community Services","detail":"https://classic.savi.org/SAVI/PopUps/AssetMoreInfo.aspx?AssetID=931594"}},{"type":"Feature","geometry":{"type":"Point","coordinates":[-85.78829963,39.78394096]},"properties":{"name":"Lucky s Daycare","assetType":"Home Licensed Child Cares","dataYear":"2018","assetId":"931595","subcategory":"Social and Community Services","detail":"https://classic.savi.org/SAVI/PopUps/AssetMoreInfo.aspx?AssetID=931595"}},{"type":"Feature","geometry":{"type":"Point","coordinates":[-86.02689474,39.72880763]},"properties":{"name":"Lucy Mae s Home Child Care","assetType":"Home Licensed Child Cares","dataYear":"2018","assetId":"931188","subcategory":"Social and Community Services","detail":"https://classic.savi.org/SAVI/PopUps/AssetMoreInfo.aspx?AssetID=931188"}},{"type":"Feature","geometry":{"type":"Point","coordinates":[-86.0976685,39.8244253]},"properties":{"name":"M2M CHILDCARE","assetType":"Home Licensed Child Cares","dataYear":"2018","assetId":"931115","subcategory":"Social and Community Services","detail":"https://classic.savi.org/SAVI/PopUps/AssetMoreInfo.aspx?AssetID=931115"}},{"type":"Feature","geometry":{"type":"Point","coordinates":[-86.10031254,39.99316143]},"properties":{"name":"MAKE-A-WISH DAY CARE","assetType":"Home Licensed Child Cares","dataYear":"2018","assetId":"931573","subcategory":"Social and Community Services","detail":"https://classic.savi.org/SAVI/PopUps/AssetMoreInfo.aspx?AssetID=931573"}},{"type":"Feature","geometry":{"type":"Point","coordinates":[-86.15896522,39.67196114]},"properties":{"name":"MAKING MEMORIES DAY CARE","assetType":"Home Licensed Child Cares","dataYear":"2018","assetId":"930909","subcategory":"Social and Community Services","detail":"https://classic.savi.org/SAVI/PopUps/AssetMoreInfo.aspx?AssetID=930909"}},{"type":"Feature","geometry":{"type":"Point","coordinates":[-86.0372879,39.84972153]},"properties":{"name":"MARY RAISOR","assetType":"Home Licensed Child Cares","dataYear":"2018","assetId":"930920","subcategory":"Social and Community Services","detail":"https://classic.savi.org/SAVI/PopUps/AssetMoreInfo.aspx?AssetID=930920"}},{"type":"Feature","geometry":{"type":"Point","coordinates":[-86.21304482,39.8952216]},"properties":{"name":"MICHELLE S DAY CARE B","assetType":"Home Licensed Child Cares","dataYear":"2018","assetId":"931111","subcategory":"Social and Community Services","detail":"https://classic.savi.org/SAVI/PopUps/AssetMoreInfo.aspx?AssetID=931111"}},{"type":"Feature","geometry":{"type":"Point","coordinates":[-86.21304482,39.8952216]},"properties":{"name":"MICHELLE S DAYCARE A","assetType":"Home Licensed Child Cares","dataYear":"2018","assetId":"930925","subcategory":"Social and Community Services","detail":"https://classic.savi.org/SAVI/PopUps/AssetMoreInfo.aspx?AssetID=930925"}},{"type":"Feature","geometry":{"type":"Point","coordinates":[-86.06260567,39.83236263]},"properties":{"name":"MILK AND HONEY DAY CARE","assetType":"Home Licensed Child Cares","dataYear":"2018","assetId":"930927","subcategory":"Social and Community Services","detail":"https://classic.savi.org/SAVI/PopUps/AssetMoreInfo.aspx?AssetID=930927"}},{"type":"Feature","geometry":{"type":"Point","coordinates":[-86.09343094,39.53913683]},"properties":{"name":"MISS JACKIE S DAYCARE","assetType":"Home Licensed Child Cares","dataYear":"2018","assetId":"931504","subcategory":"Social and Community Services","detail":"https://classic.savi.org/SAVI/PopUps/AssetMoreInfo.aspx?AssetID=931504"}},{"type":"Feature","geometry":{"type":"Point","coordinates":[-86.01292785,39.83265727]},"properties":{"name":"MOMA GEE S","assetType":"Home Licensed Child Cares","dataYear":"2018","assetId":"931161","subcategory":"Social and Community Services","detail":"https://classic.savi.org/SAVI/PopUps/AssetMoreInfo.aspx?AssetID=931161"}},{"type":"Feature","geometry":{"type":"Point","coordinates":[-85.65689063,39.9747095]},"properties":{"name":"MONICA S LITTLE TREASURES","assetType":"Home Licensed Child Cares","dataYear":"2018","assetId":"931410","subcategory":"Social and Community Services","detail":"https://classic.savi.org/SAVI/PopUps/AssetMoreInfo.aspx?AssetID=931410"}},{"type":"Feature","geometry":{"type":"Point","coordinates":[-86.12340429,39.683925]},"properties":{"name":"MRS PHYLLIS CHILD CARE","assetType":"Home Licensed Child Cares","dataYear":"2018","assetId":"930952","subcategory":"Social and Community Services","detail":"https://classic.savi.org/SAVI/PopUps/AssetMoreInfo.aspx?AssetID=930952"}},{"type":"Feature","geometry":{"type":"Point","coordinates":[-86.17965112,39.81833091]},"properties":{"name":"MS MARIE S","assetType":"Home Licensed Child Cares","dataYear":"2018","assetId":"930908","subcategory":"Social and Community Services","detail":"https://classic.savi.org/SAVI/PopUps/AssetMoreInfo.aspx?AssetID=930908"}},{"type":"Feature","geometry":{"type":"Point","coordinates":[-86.08341315,39.82624836]},"properties":{"name":"Mackida Loveal","assetType":"Home Licensed Child Cares","dataYear":"2018","assetId":"931170","subcategory":"Social and Community Services","detail":"https://classic.savi.org/SAVI/PopUps/AssetMoreInfo.aspx?AssetID=931170"}},{"type":"Feature","geometry":{"type":"Point","coordinates":[-86.10934832,39.73758028]},"properties":{"name":"Mae s Tots N Toddlers","assetType":"Home Licensed Child Cares","dataYear":"2018","assetId":"931104","subcategory":"Social and Community Services","detail":"https://classic.savi.org/SAVI/PopUps/AssetMoreInfo.aspx?AssetID=931104"}},{"type":"Feature","geometry":{"type":"Point","coordinates":[-86.01998657,39.83307082]},"properties":{"name":"Magik Moments Family Child Care","assetType":"Home Licensed Child Cares","dataYear":"2018","assetId":"931363","subcategory":"Social and Community Services","detail":"https://classic.savi.org/SAVI/PopUps/AssetMoreInfo.aspx?AssetID=931363"}},{"type":"Feature","geometry":{"type":"Point","coordinates":[-85.99199053,39.8301901]},"properties":{"name":"Magik Moments Family Childcare 3","assetType":"Home Licensed Child Cares","dataYear":"2018","assetId":"931310","subcategory":"Social and Community Services","detail":"https://classic.savi.org/SAVI/PopUps/AssetMoreInfo.aspx?AssetID=931310"}},{"type":"Feature","geometry":{"type":"Point","coordinates":[-86.05208446,39.83245358]},"properties":{"name":"Magik Moments Family Childcare LLC II","assetType":"Home Licensed Child Cares","dataYear":"2018","assetId":"931314","subcategory":"Social and Community Services","detail":"https://classic.savi.org/SAVI/PopUps/AssetMoreInfo.aspx?AssetID=931314"}},{"type":"Feature","geometry":{"type":"Point","coordinates":[-86.4060832,39.43009725]},"properties":{"name":"Making Memories","assetType":"Home Licensed Child Cares","dataYear":"2018","assetId":"930960","subcategory":"Social and Community Services","detail":"https://classic.savi.org/SAVI/PopUps/AssetMoreInfo.aspx?AssetID=930960"}},{"type":"Feature","geometry":{"type":"Point","coordinates":[-86.23906232,39.718477]},"properties":{"name":"Mama Bevie s Day Care","assetType":"Home Licensed Child Cares","dataYear":"2018","assetId":"930934","subcategory":"Social and Community Services","detail":"https://classic.savi.org/SAVI/PopUps/AssetMoreInfo.aspx?AssetID=930934"}},{"type":"Feature","geometry":{"type":"Point","coordinates":[-86.06595678,39.82811286]},"properties":{"name":"Mama Shell s","assetType":"Home Licensed Child Cares","dataYear":"2018","assetId":"931158","subcategory":"Social and Community Services","detail":"https://classic.savi.org/SAVI/PopUps/AssetMoreInfo.aspx?AssetID=931158"}},{"type":"Feature","geometry":{"type":"Point","coordinates":[-85.99092344,39.99908579]},"properties":{"name":"Mama s Precious Angel Day Care","assetType":"Home Licensed Child Cares","dataYear":"2018","assetId":"931566","subcategory":"Social and Community Services","detail":"https://classic.savi.org/SAVI/PopUps/AssetMoreInfo.aspx?AssetID=931566"}},{"type":"Feature","geometry":{"type":"Point","coordinates":[-86.26962788,39.81488272]},"properties":{"name":"Manitas Daycare","assetType":"Home Licensed Child Cares","dataYear":"2018","assetId":"930898","subcategory":"Social and Community Services","detail":"https://classic.savi.org/SAVI/PopUps/AssetMoreInfo.aspx?AssetID=930898"}},{"type":"Feature","geometry":{"type":"Point","coordinates":[-86.00450241,39.82700757]},"properties":{"name":"Maria","assetType":"Home Licensed Child Cares","dataYear":"2018","assetId":"931336","subcategory":"Social and Community Services","detail":"https://classic.savi.org/SAVI/PopUps/AssetMoreInfo.aspx?AssetID=931336"}},{"type":"Feature","geometry":{"type":"Point","coordinates":[-86.03008348,39.88439489]},"properties":{"name":"Marlene Street Daycare","assetType":"Home Licensed Child Cares","dataYear":"2018","assetId":"931403","subcategory":"Social and Community Services","detail":"https://classic.savi.org/SAVI/PopUps/AssetMoreInfo.aspx?AssetID=931403"}},{"type":"Feature","geometry":{"type":"Point","coordinates":[-86.09832571,39.76829754]},"properties":{"name":"Mary Mary s Loving Hearts","assetType":"Home Licensed Child Cares","dataYear":"2018","assetId":"931223","subcategory":"Social and Community Services","detail":"https://classic.savi.org/SAVI/PopUps/AssetMoreInfo.aspx?AssetID=931223"}},{"type":"Feature","geometry":{"type":"Point","coordinates":[-85.70327663,40.10568351]},"properties":{"name":"Mary Windham Smart Start Learning Center","assetType":"Home Licensed Child Cares","dataYear":"2018","assetId":"931415","subcategory":"Social and Community Services","detail":"https://classic.savi.org/SAVI/PopUps/AssetMoreInfo.aspx?AssetID=931415"}},{"type":"Feature","geometry":{"type":"Point","coordinates":[-86.40137609,39.79453413]},"properties":{"name":"Mary s Learning Center Inc","assetType":"Home Licensed Child Cares","dataYear":"2018","assetId":"931492","subcategory":"Social and Community Services","detail":"https://classic.savi.org/SAVI/PopUps/AssetMoreInfo.aspx?AssetID=931492"}},{"type":"Feature","geometry":{"type":"Point","coordinates":[-86.11072601,39.80206517]},"properties":{"name":"Mary s Little Lambs","assetType":"Home Licensed Child Cares","dataYear":"2018","assetId":"931101","subcategory":"Social and Community Services","detail":"https://classic.savi.org/SAVI/PopUps/AssetMoreInfo.aspx?AssetID=931101"}},{"type":"Feature","geometry":{"type":"Point","coordinates":[-86.26315611,39.82156047]},"properties":{"name":"Meadows in Home Child Care","assetType":"Home Licensed Child Cares","dataYear":"2018","assetId":"930984","subcategory":"Social and Community Services","detail":"https://classic.savi.org/SAVI/PopUps/AssetMoreInfo.aspx?AssetID=930984"}},{"type":"Feature","geometry":{"type":"Point","coordinates":[-86.10934549,39.63705142]},"properties":{"name":"Men Sung","assetType":"Home Licensed Child Cares","dataYear":"2018","assetId":"931138","subcategory":"Social and Community Services","detail":"https://classic.savi.org/SAVI/PopUps/AssetMoreInfo.aspx?AssetID=931138"}},{"type":"Feature","geometry":{"type":"Point","coordinates":[-86.13740261,39.7198077]},"properties":{"name":"Mercedes Ochoa","assetType":"Home Licensed Child Cares","dataYear":"2018","assetId":"931404","subcategory":"Social and Community Services","detail":"https://classic.savi.org/SAVI/PopUps/AssetMoreInfo.aspx?AssetID=931404"}},{"type":"Feature","geometry":{"type":"Point","coordinates":[-86.18423653,39.79758006]},"properties":{"name":"Merle K Vandever","assetType":"Home Licensed Child Cares","dataYear":"2018","assetId":"931112","subcategory":"Social and Community Services","detail":"https://classic.savi.org/SAVI/PopUps/AssetMoreInfo.aspx?AssetID=931112"}},{"type":"Feature","geometry":{"type":"Point","coordinates":[-86.2403761,39.82190758]},"properties":{"name":"Mi 2nd Hogar 1","assetType":"Home Licensed Child Cares","dataYear":"2018","assetId":"931143","subcategory":"Social and Community Services","detail":"https://classic.savi.org/SAVI/PopUps/AssetMoreInfo.aspx?AssetID=931143"}},{"type":"Feature","geometry":{"type":"Point","coordinates":[-86.24019492,39.82186029]},"properties":{"name":"Mi 2nd Hogar 2","assetType":"Home Licensed Child Cares","dataYear":"2018","assetId":"931144","subcategory":"Social and Community Services","detail":"https://classic.savi.org/SAVI/PopUps/AssetMoreInfo.aspx?AssetID=931144"}},{"type":"Feature","geometry":{"type":"Point","coordinates":[-86.23772585,39.81341962]},"properties":{"name":"Mi Ensueno Guarderia en Casa","assetType":"Home Licensed Child Cares","dataYear":"2018","assetId":"931243","subcategory":"Social and Community Services","detail":"https://classic.savi.org/SAVI/PopUps/AssetMoreInfo.aspx?AssetID=931243"}},{"type":"Feature","geometry":{"type":"Point","coordinates":[-85.95189853,39.90924127]},"properties":{"name":"Mi Mi s House Child Care Center LLC","assetType":"Home Licensed Child Cares","dataYear":"2018","assetId":"931360","subcategory":"Social and Community Services","detail":"https://classic.savi.org/SAVI/PopUps/AssetMoreInfo.aspx?AssetID=931360"}},{"type":"Feature","geometry":{"type":"Point","coordinates":[-86.37001065,39.7739033]},"properties":{"name":"Mi Segundo Hogar My Second Home","assetType":"Home Licensed Child Cares","dataYear":"2018","assetId":"931486","subcategory":"Social and Community Services","detail":"https://classic.savi.org/SAVI/PopUps/AssetMoreInfo.aspx?AssetID=931486"}},{"type":"Feature","geometry":{"type":"Point","coordinates":[-85.77110701,39.51142053]},"properties":{"name":"MiMis Munchkins","assetType":"Home Licensed Child Cares","dataYear":"2018","assetId":"931087","subcategory":"Social and Community Services","detail":"https://classic.savi.org/SAVI/PopUps/AssetMoreInfo.aspx?AssetID=931087"}},{"type":"Feature","geometry":{"type":"Point","coordinates":[-86.1040354,39.78732544]},"properties":{"name":"Mia s Daycare","assetType":"Home Licensed Child Cares","dataYear":"2018","assetId":"931038","subcategory":"Social and Community Services","detail":"https://classic.savi.org/SAVI/PopUps/AssetMoreInfo.aspx?AssetID=931038"}},{"type":"Feature","geometry":{"type":"Point","coordinates":[-86.05928555,39.72051716]},"properties":{"name":"Micki s Clubhouse Academy","assetType":"Home Licensed Child Cares","dataYear":"2018","assetId":"931281","subcategory":"Social and Community Services","detail":"https://classic.savi.org/SAVI/PopUps/AssetMoreInfo.aspx?AssetID=931281"}},{"type":"Feature","geometry":{"type":"Point","coordinates":[-85.66199808,40.08949838]},"properties":{"name":"Midnight Tot Spot","assetType":"Home Licensed Child Cares","dataYear":"2018","assetId":"931421","subcategory":"Social and Community Services","detail":"https://classic.savi.org/SAVI/PopUps/AssetMoreInfo.aspx?AssetID=931421"}},{"type":"Feature","geometry":{"type":"Point","coordinates":[-85.66199808,40.08949838]},"properties":{"name":"Midnight Tot Spot","assetType":"Home Licensed Child Cares","dataYear":"2018","assetId":"931420","subcategory":"Social and Community Services","detail":"https://classic.savi.org/SAVI/PopUps/AssetMoreInfo.aspx?AssetID=931420"}},{"type":"Feature","geometry":{"type":"Point","coordinates":[-86.06263205,39.83214307]},"properties":{"name":"Milk & Honey Daycare","assetType":"Home Licensed Child Cares","dataYear":"2018","assetId":"930989","subcategory":"Social and Community Services","detail":"https://classic.savi.org/SAVI/PopUps/AssetMoreInfo.aspx?AssetID=930989"}},{"type":"Feature","geometry":{"type":"Point","coordinates":[-86.0301963,39.73340932]},"properties":{"name":"Miss Beverly s Place","assetType":"Home Licensed Child Cares","dataYear":"2018","assetId":"931006","subcategory":"Social and Community Services","detail":"https://classic.savi.org/SAVI/PopUps/AssetMoreInfo.aspx?AssetID=931006"}},{"type":"Feature","geometry":{"type":"Point","coordinates":[-85.95708632,39.99412056]},"properties":{"name":"Miss Cindy s Daycare","assetType":"Home Licensed Child Cares","dataYear":"2018","assetId":"931478","subcategory":"Social and Community Services","detail":"https://classic.savi.org/SAVI/PopUps/AssetMoreInfo.aspx?AssetID=931478"}},{"type":"Feature","geometry":{"type":"Point","coordinates":[-86.02808815,39.96145415]},"properties":{"name":"Miss Cindy s Daycare","assetType":"Home Licensed Child Cares","dataYear":"2018","assetId":"931607","subcategory":"Social and Community Services","detail":"https://classic.savi.org/SAVI/PopUps/AssetMoreInfo.aspx?AssetID=931607"}},{"type":"Feature","geometry":{"type":"Point","coordinates":[-86.14223022,39.82569557]},"properties":{"name":"Mom & Me Child Care","assetType":"Home Licensed Child Cares","dataYear":"2018","assetId":"930931","subcategory":"Social and Community Services","detail":"https://classic.savi.org/SAVI/PopUps/AssetMoreInfo.aspx?AssetID=930931"}},{"type":"Feature","geometry":{"type":"Point","coordinates":[-86.06216725,39.83569065]},"properties":{"name":"Monkiez-N- Me Early Learning Childcare","assetType":"Home Licensed Child Cares","dataYear":"2018","assetId":"931055","subcategory":"Social and Community Services","detail":"https://classic.savi.org/SAVI/PopUps/AssetMoreInfo.aspx?AssetID=931055"}},{"type":"Feature","geometry":{"type":"Point","coordinates":[-86.42629686,39.85620239]},"properties":{"name":"Morissa A Humbert","assetType":"Home Licensed Child Cares","dataYear":"2018","assetId":"931450","subcategory":"Social and Community Services","detail":"https://classic.savi.org/SAVI/PopUps/AssetMoreInfo.aspx?AssetID=931450"}},{"type":"Feature","geometry":{"type":"Point","coordinates":[-86.22765442,39.84283293]},"properties":{"name":"Mother s Finest Daycare","assetType":"Home Licensed Child Cares","dataYear":"2018","assetId":"931201","subcategory":"Social and Community Services","detail":"https://classic.savi.org/SAVI/PopUps/AssetMoreInfo.aspx?AssetID=931201"}},{"type":"Feature","geometry":{"type":"Point","coordinates":[-85.97661521,39.82897032]},"properties":{"name":"Ms Crystal s Daycare","assetType":"Home Licensed Child Cares","dataYear":"2018","assetId":"931164","subcategory":"Social and Community Services","detail":"https://classic.savi.org/SAVI/PopUps/AssetMoreInfo.aspx?AssetID=931164"}},{"type":"Feature","geometry":{"type":"Point","coordinates":[-86.02966189,39.80245843]},"properties":{"name":"Ms Minnie s Home Daycare","assetType":"Home Licensed Child Cares","dataYear":"2018","assetId":"930921","subcategory":"Social and Community Services","detail":"https://classic.savi.org/SAVI/PopUps/AssetMoreInfo.aspx?AssetID=930921"}},{"type":"Feature","geometry":{"type":"Point","coordinates":[-85.70805083,40.1036779]},"properties":{"name":"Mur-Mur s Kinder Care Academy","assetType":"Home Licensed Child Cares","dataYear":"2018","assetId":"931474","subcategory":"Social and Community Services","detail":"https://classic.savi.org/SAVI/PopUps/AssetMoreInfo.aspx?AssetID=931474"}},{"type":"Feature","geometry":{"type":"Point","coordinates":[-86.20716992,39.78041723]},"properties":{"name":"My 2nd Home","assetType":"Home Licensed Child Cares","dataYear":"2018","assetId":"930970","subcategory":"Social and Community Services","detail":"https://classic.savi.org/SAVI/PopUps/AssetMoreInfo.aspx?AssetID=930970"}},{"type":"Feature","geometry":{"type":"Point","coordinates":[-86.00628421,39.81897164]},"properties":{"name":"My Clubhouse Inc","assetType":"Home Licensed Child Cares","dataYear":"2018","assetId":"930829","subcategory":"Social and Community Services","detail":"https://classic.savi.org/SAVI/PopUps/AssetMoreInfo.aspx?AssetID=930829"}},{"type":"Feature","geometry":{"type":"Point","coordinates":[-86.06044569,39.83464833]},"properties":{"name":"My Friends & Me Academy","assetType":"Home Licensed Child Cares","dataYear":"2018","assetId":"930978","subcategory":"Social and Community Services","detail":"https://classic.savi.org/SAVI/PopUps/AssetMoreInfo.aspx?AssetID=930978"}},{"type":"Feature","geometry":{"type":"Point","coordinates":[-86.17104082,39.80721207]},"properties":{"name":"My Little One s Daycare LLC","assetType":"Home Licensed Child Cares","dataYear":"2018","assetId":"931288","subcategory":"Social and Community Services","detail":"https://classic.savi.org/SAVI/PopUps/AssetMoreInfo.aspx?AssetID=931288"}},{"type":"Feature","geometry":{"type":"Point","coordinates":[-86.32257216,39.73562493]},"properties":{"name":"My Little Stars Childcare","assetType":"Home Licensed Child Cares","dataYear":"2018","assetId":"931234","subcategory":"Social and Community Services","detail":"https://classic.savi.org/SAVI/PopUps/AssetMoreInfo.aspx?AssetID=931234"}},{"type":"Feature","geometry":{"type":"Point","coordinates":[-86.11985447,39.81860523]},"properties":{"name":"My Little Tumbleweeds Childcare LLC","assetType":"Home Licensed Child Cares","dataYear":"2018","assetId":"931368","subcategory":"Social and Community Services","detail":"https://classic.savi.org/SAVI/PopUps/AssetMoreInfo.aspx?AssetID=931368"}},{"type":"Feature","geometry":{"type":"Point","coordinates":[-86.13766163,39.84309324]},"properties":{"name":"NEW KIDS ON THE BLOCK","assetType":"Home Licensed Child Cares","dataYear":"2018","assetId":"930947","subcategory":"Social and Community Services","detail":"https://classic.savi.org/SAVI/PopUps/AssetMoreInfo.aspx?AssetID=930947"}},{"type":"Feature","geometry":{"type":"Point","coordinates":[-86.25116652,39.79150221]},"properties":{"name":"NULL","assetType":"Home Licensed Child Cares","dataYear":"2018","assetId":"930919","subcategory":"Social and Community Services","detail":"https://classic.savi.org/SAVI/PopUps/AssetMoreInfo.aspx?AssetID=930919"}},{"type":"Feature","geometry":{"type":"Point","coordinates":[-86.22372455,39.82684584]},"properties":{"name":"NULL","assetType":"Home Licensed Child Cares","dataYear":"2018","assetId":"931206","subcategory":"Social and Community Services","detail":"https://classic.savi.org/SAVI/PopUps/AssetMoreInfo.aspx?AssetID=931206"}},{"type":"Feature","geometry":{"type":"Point","coordinates":[-86.13135199,39.73589096]},"properties":{"name":"NULL","assetType":"Home Licensed Child Cares","dataYear":"2018","assetId":"930943","subcategory":"Social and Community Services","detail":"https://classic.savi.org/SAVI/PopUps/AssetMoreInfo.aspx?AssetID=930943"}},{"type":"Feature","geometry":{"type":"Point","coordinates":[-86.89067378,39.60829661]},"properties":{"name":"NULL","assetType":"Home Licensed Child Cares","dataYear":"2018","assetId":"931035","subcategory":"Social and Community Services","detail":"https://classic.savi.org/SAVI/PopUps/AssetMoreInfo.aspx?AssetID=931035"}},{"type":"Feature","geometry":{"type":"Point","coordinates":[-86.04746504,39.67191133]},"properties":{"name":"NULL","assetType":"Home Licensed Child Cares","dataYear":"2018","assetId":"931047","subcategory":"Social and Community Services","detail":"https://classic.savi.org/SAVI/PopUps/AssetMoreInfo.aspx?AssetID=931047"}},{"type":"Feature","geometry":{"type":"Point","coordinates":[-86.37409411,39.82155084]},"properties":{"name":"NULL","assetType":"Home Licensed Child Cares","dataYear":"2018","assetId":"931455","subcategory":"Social and Community Services","detail":"https://classic.savi.org/SAVI/PopUps/AssetMoreInfo.aspx?AssetID=931455"}},{"type":"Feature","geometry":{"type":"Point","coordinates":[-85.98754065,39.83964236]},"properties":{"name":"NULL","assetType":"Home Licensed Child Cares","dataYear":"2018","assetId":"931108","subcategory":"Social and Community Services","detail":"https://classic.savi.org/SAVI/PopUps/AssetMoreInfo.aspx?AssetID=931108"}},{"type":"Feature","geometry":{"type":"Point","coordinates":[-86.19096883,39.79946777]},"properties":{"name":"NaNa s Loving Daycare","assetType":"Home Licensed Child Cares","dataYear":"2018","assetId":"931004","subcategory":"Social and Community Services","detail":"https://classic.savi.org/SAVI/PopUps/AssetMoreInfo.aspx?AssetID=931004"}},{"type":"Feature","geometry":{"type":"Point","coordinates":[-86.14403513,39.83898385]},"properties":{"name":"Nana Time Childcare","assetType":"Home Licensed Child Cares","dataYear":"2018","assetId":"931129","subcategory":"Social and Community Services","detail":"https://classic.savi.org/SAVI/PopUps/AssetMoreInfo.aspx?AssetID=931129"}},{"type":"Feature","geometry":{"type":"Point","coordinates":[-86.07535512,39.82255163]},"properties":{"name":"Nana s Childare","assetType":"Home Licensed Child Cares","dataYear":"2018","assetId":"931329","subcategory":"Social and Community Services","detail":"https://classic.savi.org/SAVI/PopUps/AssetMoreInfo.aspx?AssetID=931329"}},{"type":"Feature","geometry":{"type":"Point","coordinates":[-86.10705629,39.81014045]},"properties":{"name":"Nana s Childcare","assetType":"Home Licensed Child Cares","dataYear":"2018","assetId":"931364","subcategory":"Social and Community Services","detail":"https://classic.savi.org/SAVI/PopUps/AssetMoreInfo.aspx?AssetID=931364"}},{"type":"Feature","geometry":{"type":"Point","coordinates":[-86.10715244,39.80925502]},"properties":{"name":"Nana s Childcare","assetType":"Home Licensed Child Cares","dataYear":"2018","assetId":"931328","subcategory":"Social and Community Services","detail":"https://classic.savi.org/SAVI/PopUps/AssetMoreInfo.aspx?AssetID=931328"}},{"type":"Feature","geometry":{"type":"Point","coordinates":[-86.06597817,39.82941508]},"properties":{"name":"Nana s Childcare & Preschool III","assetType":"Home Licensed Child Cares","dataYear":"2018","assetId":"931298","subcategory":"Social and Community Services","detail":"https://classic.savi.org/SAVI/PopUps/AssetMoreInfo.aspx?AssetID=931298"}},{"type":"Feature","geometry":{"type":"Point","coordinates":[-86.03484476,39.82025608]},"properties":{"name":"Nana s Childcare and Preschool","assetType":"Home Licensed Child Cares","dataYear":"2018","assetId":"930839","subcategory":"Social and Community Services","detail":"https://classic.savi.org/SAVI/PopUps/AssetMoreInfo.aspx?AssetID=930839"}},{"type":"Feature","geometry":{"type":"Point","coordinates":[-86.12337251,39.82196667]},"properties":{"name":"Nana s Childcare and Preschool II","assetType":"Home Licensed Child Cares","dataYear":"2018","assetId":"931214","subcategory":"Social and Community Services","detail":"https://classic.savi.org/SAVI/PopUps/AssetMoreInfo.aspx?AssetID=931214"}},{"type":"Feature","geometry":{"type":"Point","coordinates":[-86.23770628,39.81752607]},"properties":{"name":"Nanaz Daycare","assetType":"Home Licensed Child Cares","dataYear":"2018","assetId":"931335","subcategory":"Social and Community Services","detail":"https://classic.savi.org/SAVI/PopUps/AssetMoreInfo.aspx?AssetID=931335"}},{"type":"Feature","geometry":{"type":"Point","coordinates":[-86.31264986,39.79988877]},"properties":{"name":"Nancy s Home Daycare","assetType":"Home Licensed Child Cares","dataYear":"2018","assetId":"930904","subcategory":"Social and Community Services","detail":"https://classic.savi.org/SAVI/PopUps/AssetMoreInfo.aspx?AssetID=930904"}},{"type":"Feature","geometry":{"type":"Point","coordinates":[-86.27298391,39.7463568]},"properties":{"name":"Nanny s Loving Care","assetType":"Home Licensed Child Cares","dataYear":"2018","assetId":"931128","subcategory":"Social and Community Services","detail":"https://classic.savi.org/SAVI/PopUps/AssetMoreInfo.aspx?AssetID=931128"}},{"type":"Feature","geometry":{"type":"Point","coordinates":[-86.27298391,39.7463568]},"properties":{"name":"Nanny s Loving Care","assetType":"Home Licensed Child Cares","dataYear":"2018","assetId":"931130","subcategory":"Social and Community Services","detail":"https://classic.savi.org/SAVI/PopUps/AssetMoreInfo.aspx?AssetID=931130"}},{"type":"Feature","geometry":{"type":"Point","coordinates":[-86.27298391,39.7463568]},"properties":{"name":"Nanny s Loving Care LLC","assetType":"Home Licensed Child Cares","dataYear":"2018","assetId":"930836","subcategory":"Social and Community Services","detail":"https://classic.savi.org/SAVI/PopUps/AssetMoreInfo.aspx?AssetID=930836"}},{"type":"Feature","geometry":{"type":"Point","coordinates":[-86.28342544,39.75486477]},"properties":{"name":"Natalie s Nurturing Care LLC","assetType":"Home Licensed Child Cares","dataYear":"2018","assetId":"931242","subcategory":"Social and Community Services","detail":"https://classic.savi.org/SAVI/PopUps/AssetMoreInfo.aspx?AssetID=931242"}},{"type":"Feature","geometry":{"type":"Point","coordinates":[-85.97162779,39.83167202]},"properties":{"name":"Nedra M Jones","assetType":"Home Licensed Child Cares","dataYear":"2018","assetId":"930896","subcategory":"Social and Community Services","detail":"https://classic.savi.org/SAVI/PopUps/AssetMoreInfo.aspx?AssetID=930896"}},{"type":"Feature","geometry":{"type":"Point","coordinates":[-86.12794887,39.82067364]},"properties":{"name":"Nelly Bell s","assetType":"Home Licensed Child Cares","dataYear":"2018","assetId":"931279","subcategory":"Social and Community Services","detail":"https://classic.savi.org/SAVI/PopUps/AssetMoreInfo.aspx?AssetID=931279"}},{"type":"Feature","geometry":{"type":"Point","coordinates":[-86.21583908,39.80176322]},"properties":{"name":"New Beginnings Learning Academy","assetType":"Home Licensed Child Cares","dataYear":"2018","assetId":"931265","subcategory":"Social and Community Services","detail":"https://classic.savi.org/SAVI/PopUps/AssetMoreInfo.aspx?AssetID=931265"}},{"type":"Feature","geometry":{"type":"Point","coordinates":[-86.28210495,39.84379112]},"properties":{"name":"New Generation Preparatory Care","assetType":"Home Licensed Child Cares","dataYear":"2018","assetId":"931156","subcategory":"Social and Community Services","detail":"https://classic.savi.org/SAVI/PopUps/AssetMoreInfo.aspx?AssetID=931156"}},{"type":"Feature","geometry":{"type":"Point","coordinates":[-86.07239744,39.83277193]},"properties":{"name":"New Horizsun Childcare and Preschool","assetType":"Home Licensed Child Cares","dataYear":"2018","assetId":"931231","subcategory":"Social and Community Services","detail":"https://classic.savi.org/SAVI/PopUps/AssetMoreInfo.aspx?AssetID=931231"}},{"type":"Feature","geometry":{"type":"Point","coordinates":[-86.84500483,39.63181581]},"properties":{"name":"New Pathways Infant-Toddler Child Care Home","assetType":"Home Licensed Child Cares","dataYear":"2018","assetId":"931033","subcategory":"Social and Community Services","detail":"https://classic.savi.org/SAVI/PopUps/AssetMoreInfo.aspx?AssetID=931033"}},{"type":"Feature","geometry":{"type":"Point","coordinates":[-86.0692813,39.82687007]},"properties":{"name":"Nina s Childcare","assetType":"Home Licensed Child Cares","dataYear":"2018","assetId":"931239","subcategory":"Social and Community Services","detail":"https://classic.savi.org/SAVI/PopUps/AssetMoreInfo.aspx?AssetID=931239"}},{"type":"Feature","geometry":{"type":"Point","coordinates":[-86.19633246,39.64453873]},"properties":{"name":"Ninny s Joyful Hearts Daycare and Preschool LLC","assetType":"Home Licensed Child Cares","dataYear":"2018","assetId":"931370","subcategory":"Social and Community Services","detail":"https://classic.savi.org/SAVI/PopUps/AssetMoreInfo.aspx?AssetID=931370"}},{"type":"Feature","geometry":{"type":"Point","coordinates":[-86.19633367,39.64466196]},"properties":{"name":"Ninny s Joyful Hearts Daycare and Preschool LLC","assetType":"Home Licensed Child Cares","dataYear":"2018","assetId":"931407","subcategory":"Social and Community Services","detail":"https://classic.savi.org/SAVI/PopUps/AssetMoreInfo.aspx?AssetID=931407"}},{"type":"Feature","geometry":{"type":"Point","coordinates":[-86.19562621,39.64557736]},"properties":{"name":"Ninny s Joyful Hearts Daycare and Preschool LLC","assetType":"Home Licensed Child Cares","dataYear":"2018","assetId":"931406","subcategory":"Social and Community Services","detail":"https://classic.savi.org/SAVI/PopUps/AssetMoreInfo.aspx?AssetID=931406"}},{"type":"Feature","geometry":{"type":"Point","coordinates":[-85.98022574,39.80463486]},"properties":{"name":"Noah s Playcare LLC","assetType":"Home Licensed Child Cares","dataYear":"2018","assetId":"931241","subcategory":"Social and Community Services","detail":"https://classic.savi.org/SAVI/PopUps/AssetMoreInfo.aspx?AssetID=931241"}},{"type":"Feature","geometry":{"type":"Point","coordinates":[-86.17959005,39.64850262]},"properties":{"name":"Numidia Hernandez","assetType":"Home Licensed Child Cares","dataYear":"2018","assetId":"931346","subcategory":"Social and Community Services","detail":"https://classic.savi.org/SAVI/PopUps/AssetMoreInfo.aspx?AssetID=931346"}},{"type":"Feature","geometry":{"type":"Point","coordinates":[-86.07246937,39.8284225]},"properties":{"name":"Ohana Childcare","assetType":"Home Licensed Child Cares","dataYear":"2018","assetId":"931276","subcategory":"Social and Community Services","detail":"https://classic.savi.org/SAVI/PopUps/AssetMoreInfo.aspx?AssetID=931276"}},{"type":"Feature","geometry":{"type":"Point","coordinates":[-85.85022149,40.06713897]},"properties":{"name":"Olevia s Gingersnaps","assetType":"Home Licensed Child Cares","dataYear":"2018","assetId":"931377","subcategory":"Social and Community Services","detail":"https://classic.savi.org/SAVI/PopUps/AssetMoreInfo.aspx?AssetID=931377"}},{"type":"Feature","geometry":{"type":"Point","coordinates":[-85.85022149,40.06713897]},"properties":{"name":"Olevia s Gingersnaps","assetType":"Home Licensed Child Cares","dataYear":"2018","assetId":"931376","subcategory":"Social and Community Services","detail":"https://classic.savi.org/SAVI/PopUps/AssetMoreInfo.aspx?AssetID=931376"}},{"type":"Feature","geometry":{"type":"Point","coordinates":[-86.24279009,39.717382]},"properties":{"name":"Only I Childcare","assetType":"Home Licensed Child Cares","dataYear":"2018","assetId":"931244","subcategory":"Social and Community Services","detail":"https://classic.savi.org/SAVI/PopUps/AssetMoreInfo.aspx?AssetID=931244"}},{"type":"Feature","geometry":{"type":"Point","coordinates":[-86.10851517,39.77950726]},"properties":{"name":"Our LIttle Angels","assetType":"Home Licensed Child Cares","dataYear":"2018","assetId":"931238","subcategory":"Social and Community Services","detail":"https://classic.savi.org/SAVI/PopUps/AssetMoreInfo.aspx?AssetID=931238"}},{"type":"Feature","geometry":{"type":"Point","coordinates":[-86.09047033,39.82457174]},"properties":{"name":"Our Little Ones Care & Development LLC","assetType":"Home Licensed Child Cares","dataYear":"2018","assetId":"931369","subcategory":"Social and Community Services","detail":"https://classic.savi.org/SAVI/PopUps/AssetMoreInfo.aspx?AssetID=931369"}},{"type":"Feature","geometry":{"type":"Point","coordinates":[-86.27823765,39.94137963]},"properties":{"name":"PAM S DAYCARE","assetType":"Home Licensed Child Cares","dataYear":"2018","assetId":"931579","subcategory":"Social and Community Services","detail":"https://classic.savi.org/SAVI/PopUps/AssetMoreInfo.aspx?AssetID=931579"}},{"type":"Feature","geometry":{"type":"Point","coordinates":[-85.95729141,39.88128987]},"properties":{"name":"PARKER BUNNY DAY CARE","assetType":"Home Licensed Child Cares","dataYear":"2018","assetId":"930912","subcategory":"Social and Community Services","detail":"https://classic.savi.org/SAVI/PopUps/AssetMoreInfo.aspx?AssetID=930912"}},{"type":"Feature","geometry":{"type":"Point","coordinates":[-86.1905078,39.85838942]},"properties":{"name":"PAULA S CHILD CARE","assetType":"Home Licensed Child Cares","dataYear":"2018","assetId":"930891","subcategory":"Social and Community Services","detail":"https://classic.savi.org/SAVI/PopUps/AssetMoreInfo.aspx?AssetID=930891"}},{"type":"Feature","geometry":{"type":"Point","coordinates":[-86.17304796,39.88328376]},"properties":{"name":"PEGGY S DAY CARE","assetType":"Home Licensed Child Cares","dataYear":"2018","assetId":"931180","subcategory":"Social and Community Services","detail":"https://classic.savi.org/SAVI/PopUps/AssetMoreInfo.aspx?AssetID=931180"}},{"type":"Feature","geometry":{"type":"Point","coordinates":[-86.14376252,39.93932009]},"properties":{"name":"PHYLLIS S DAY CARE","assetType":"Home Licensed Child Cares","dataYear":"2018","assetId":"931641","subcategory":"Social and Community Services","detail":"https://classic.savi.org/SAVI/PopUps/AssetMoreInfo.aspx?AssetID=931641"}},{"type":"Feature","geometry":{"type":"Point","coordinates":[-86.0787632,39.7706792]},"properties":{"name":"POO S DAY CARE HOME","assetType":"Home Licensed Child Cares","dataYear":"2018","assetId":"931178","subcategory":"Social and Community Services","detail":"https://classic.savi.org/SAVI/PopUps/AssetMoreInfo.aspx?AssetID=931178"}},{"type":"Feature","geometry":{"type":"Point","coordinates":[-86.06131678,39.8309145]},"properties":{"name":"PRECIOUS LOVE MINISTRY","assetType":"Home Licensed Child Cares","dataYear":"2018","assetId":"930923","subcategory":"Social and Community Services","detail":"https://classic.savi.org/SAVI/PopUps/AssetMoreInfo.aspx?AssetID=930923"}},{"type":"Feature","geometry":{"type":"Point","coordinates":[-85.72867452,40.25915442]},"properties":{"name":"PRECIOUS TREASURES DAYCARE","assetType":"Home Licensed Child Cares","dataYear":"2018","assetId":"931476","subcategory":"Social and Community Services","detail":"https://classic.savi.org/SAVI/PopUps/AssetMoreInfo.aspx?AssetID=931476"}},{"type":"Feature","geometry":{"type":"Point","coordinates":[-85.66249107,40.07811709]},"properties":{"name":"PRESCHOOLERS EXCEL LEARNING ACADEMY II","assetType":"Home Licensed Child Cares","dataYear":"2018","assetId":"931438","subcategory":"Social and Community Services","detail":"https://classic.savi.org/SAVI/PopUps/AssetMoreInfo.aspx?AssetID=931438"}},{"type":"Feature","geometry":{"type":"Point","coordinates":[-85.66297245,40.07803638]},"properties":{"name":"PRESCHOOLERS EXCEL LEARNING ACADEMY III","assetType":"Home Licensed Child Cares","dataYear":"2018","assetId":"931439","subcategory":"Social and Community Services","detail":"https://classic.savi.org/SAVI/PopUps/AssetMoreInfo.aspx?AssetID=931439"}},{"type":"Feature","geometry":{"type":"Point","coordinates":[-85.91863877,39.89332176]},"properties":{"name":"PROMISES & POSSIBILITIES CHILDCARE","assetType":"Home Licensed Child Cares","dataYear":"2018","assetId":"931592","subcategory":"Social and Community Services","detail":"https://classic.savi.org/SAVI/PopUps/AssetMoreInfo.aspx?AssetID=931592"}},{"type":"Feature","geometry":{"type":"Point","coordinates":[-85.91863877,39.89332176]},"properties":{"name":"PROMISES & POSSIBILITIES II","assetType":"Home Licensed Child Cares","dataYear":"2018","assetId":"931591","subcategory":"Social and Community Services","detail":"https://classic.savi.org/SAVI/PopUps/AssetMoreInfo.aspx?AssetID=931591"}},{"type":"Feature","geometry":{"type":"Point","coordinates":[-86.31800114,39.73204107]},"properties":{"name":"Pajama Clubhouse Kids","assetType":"Home Licensed Child Cares","dataYear":"2018","assetId":"931358","subcategory":"Social and Community Services","detail":"https://classic.savi.org/SAVI/PopUps/AssetMoreInfo.aspx?AssetID=931358"}},{"type":"Feature","geometry":{"type":"Point","coordinates":[-86.13873245,39.80943518]},"properties":{"name":"Pam Momme E Child Kare","assetType":"Home Licensed Child Cares","dataYear":"2018","assetId":"930997","subcategory":"Social and Community Services","detail":"https://classic.savi.org/SAVI/PopUps/AssetMoreInfo.aspx?AssetID=930997"}},{"type":"Feature","geometry":{"type":"Point","coordinates":[-85.78232249,39.8398392]},"properties":{"name":"Pam s Daycare","assetType":"Home Licensed Child Cares","dataYear":"2018","assetId":"931498","subcategory":"Social and Community Services","detail":"https://classic.savi.org/SAVI/PopUps/AssetMoreInfo.aspx?AssetID=931498"}},{"type":"Feature","geometry":{"type":"Point","coordinates":[-86.13879,39.80921534]},"properties":{"name":"PamMomm E Learning Playhouse","assetType":"Home Licensed Child Cares","dataYear":"2018","assetId":"930938","subcategory":"Social and Community Services","detail":"https://classic.savi.org/SAVI/PopUps/AssetMoreInfo.aspx?AssetID=930938"}},{"type":"Feature","geometry":{"type":"Point","coordinates":[-86.1290099,39.98109855]},"properties":{"name":"Pasitos Inc","assetType":"Home Licensed Child Cares","dataYear":"2018","assetId":"931610","subcategory":"Social and Community Services","detail":"https://classic.savi.org/SAVI/PopUps/AssetMoreInfo.aspx?AssetID=931610"}},{"type":"Feature","geometry":{"type":"Point","coordinates":[-86.38962555,39.87122703]},"properties":{"name":"Patricia Fredwell","assetType":"Home Licensed Child Cares","dataYear":"2018","assetId":"931452","subcategory":"Social and Community Services","detail":"https://classic.savi.org/SAVI/PopUps/AssetMoreInfo.aspx?AssetID=931452"}},{"type":"Feature","geometry":{"type":"Point","coordinates":[-85.98127599,39.86734294]},"properties":{"name":"Patty Cake s Nursery & Preschool","assetType":"Home Licensed Child Cares","dataYear":"2018","assetId":"930987","subcategory":"Social and Community Services","detail":"https://classic.savi.org/SAVI/PopUps/AssetMoreInfo.aspx?AssetID=930987"}},{"type":"Feature","geometry":{"type":"Point","coordinates":[-86.390263,39.8150454]},"properties":{"name":"Peggy Albertson","assetType":"Home Licensed Child Cares","dataYear":"2018","assetId":"931526","subcategory":"Social and Community Services","detail":"https://classic.savi.org/SAVI/PopUps/AssetMoreInfo.aspx?AssetID=931526"}},{"type":"Feature","geometry":{"type":"Point","coordinates":[-86.19632985,39.35147556]},"properties":{"name":"Peggy Carney","assetType":"Home Licensed Child Cares","dataYear":"2018","assetId":"931544","subcategory":"Social and Community Services","detail":"https://classic.savi.org/SAVI/PopUps/AssetMoreInfo.aspx?AssetID=931544"}},{"type":"Feature","geometry":{"type":"Point","coordinates":[-86.19632985,39.35147556]},"properties":{"name":"Peggy Carney","assetType":"Home Licensed Child Cares","dataYear":"2018","assetId":"931545","subcategory":"Social and Community Services","detail":"https://classic.savi.org/SAVI/PopUps/AssetMoreInfo.aspx?AssetID=931545"}},{"type":"Feature","geometry":{"type":"Point","coordinates":[-86.19577483,39.35192491]},"properties":{"name":"Peggy s Daycare","assetType":"Home Licensed Child Cares","dataYear":"2018","assetId":"931481","subcategory":"Social and Community Services","detail":"https://classic.savi.org/SAVI/PopUps/AssetMoreInfo.aspx?AssetID=931481"}},{"type":"Feature","geometry":{"type":"Point","coordinates":[-86.25400353,39.81233669]},"properties":{"name":"Pequenos Angelitos Childcare & Preschool Bilingual LLC","assetType":"Home Licensed Child Cares","dataYear":"2018","assetId":"931258","subcategory":"Social and Community Services","detail":"https://classic.savi.org/SAVI/PopUps/AssetMoreInfo.aspx?AssetID=931258"}},{"type":"Feature","geometry":{"type":"Point","coordinates":[-86.25400353,39.81233669]},"properties":{"name":"Pequenos Angelitos Daycare and Preschool Bilingual","assetType":"Home Licensed Child Cares","dataYear":"2018","assetId":"931389","subcategory":"Social and Community Services","detail":"https://classic.savi.org/SAVI/PopUps/AssetMoreInfo.aspx?AssetID=931389"}},{"type":"Feature","geometry":{"type":"Point","coordinates":[-86.222296,39.7841087]},"properties":{"name":"Perla Ramos","assetType":"Home Licensed Child Cares","dataYear":"2018","assetId":"931400","subcategory":"Social and Community Services","detail":"https://classic.savi.org/SAVI/PopUps/AssetMoreInfo.aspx?AssetID=931400"}},{"type":"Feature","geometry":{"type":"Point","coordinates":[-86.23511388,39.80995926]},"properties":{"name":"Phaze III Child Care","assetType":"Home Licensed Child Cares","dataYear":"2018","assetId":"931316","subcategory":"Social and Community Services","detail":"https://classic.savi.org/SAVI/PopUps/AssetMoreInfo.aspx?AssetID=931316"}},{"type":"Feature","geometry":{"type":"Point","coordinates":[-86.25847229,39.75433239]},"properties":{"name":"Play & Learn Child Care","assetType":"Home Licensed Child Cares","dataYear":"2018","assetId":"930977","subcategory":"Social and Community Services","detail":"https://classic.savi.org/SAVI/PopUps/AssetMoreInfo.aspx?AssetID=930977"}},{"type":"Feature","geometry":{"type":"Point","coordinates":[-86.02370535,39.65379762]},"properties":{"name":"Play Based Education","assetType":"Home Licensed Child Cares","dataYear":"2018","assetId":"931117","subcategory":"Social and Community Services","detail":"https://classic.savi.org/SAVI/PopUps/AssetMoreInfo.aspx?AssetID=931117"}},{"type":"Feature","geometry":{"type":"Point","coordinates":[-86.28308633,39.79132777]},"properties":{"name":"Playful Paradise","assetType":"Home Licensed Child Cares","dataYear":"2018","assetId":"930899","subcategory":"Social and Community Services","detail":"https://classic.savi.org/SAVI/PopUps/AssetMoreInfo.aspx?AssetID=930899"}},{"type":"Feature","geometry":{"type":"Point","coordinates":[-86.12389744,39.97031643]},"properties":{"name":"Playhouse Childcare","assetType":"Home Licensed Child Cares","dataYear":"2018","assetId":"931611","subcategory":"Social and Community Services","detail":"https://classic.savi.org/SAVI/PopUps/AssetMoreInfo.aspx?AssetID=931611"}},{"type":"Feature","geometry":{"type":"Point","coordinates":[-86.17566946,39.65905692]},"properties":{"name":"Playtime Daycare","assetType":"Home Licensed Child Cares","dataYear":"2018","assetId":"931349","subcategory":"Social and Community Services","detail":"https://classic.savi.org/SAVI/PopUps/AssetMoreInfo.aspx?AssetID=931349"}},{"type":"Feature","geometry":{"type":"Point","coordinates":[-86.38123999,39.74302931]},"properties":{"name":"Playworld Daycare","assetType":"Home Licensed Child Cares","dataYear":"2018","assetId":"931485","subcategory":"Social and Community Services","detail":"https://classic.savi.org/SAVI/PopUps/AssetMoreInfo.aspx?AssetID=931485"}},{"type":"Feature","geometry":{"type":"Point","coordinates":[-86.00187018,40.06957009]},"properties":{"name":"Potters Bridge Play School","assetType":"Home Licensed Child Cares","dataYear":"2018","assetId":"931479","subcategory":"Social and Community Services","detail":"https://classic.savi.org/SAVI/PopUps/AssetMoreInfo.aspx?AssetID=931479"}},{"type":"Feature","geometry":{"type":"Point","coordinates":[-85.95078576,39.8827553]},"properties":{"name":"Precious Minds Early Development Center","assetType":"Home Licensed Child Cares","dataYear":"2018","assetId":"931236","subcategory":"Social and Community Services","detail":"https://classic.savi.org/SAVI/PopUps/AssetMoreInfo.aspx?AssetID=931236"}},{"type":"Feature","geometry":{"type":"Point","coordinates":[-86.18791211,39.88495954]},"properties":{"name":"Precious Ones LLC","assetType":"Home Licensed Child Cares","dataYear":"2018","assetId":"931048","subcategory":"Social and Community Services","detail":"https://classic.savi.org/SAVI/PopUps/AssetMoreInfo.aspx?AssetID=931048"}},{"type":"Feature","geometry":{"type":"Point","coordinates":[-86.05826713,39.80158332]},"properties":{"name":"Precious Promises Academy of Excellence Inc","assetType":"Home Licensed Child Cares","dataYear":"2018","assetId":"931361","subcategory":"Social and Community Services","detail":"https://classic.savi.org/SAVI/PopUps/AssetMoreInfo.aspx?AssetID=931361"}},{"type":"Feature","geometry":{"type":"Point","coordinates":[-86.01049708,40.01354324]},"properties":{"name":"Precious Tots LLC","assetType":"Home Licensed Child Cares","dataYear":"2018","assetId":"931636","subcategory":"Social and Community Services","detail":"https://classic.savi.org/SAVI/PopUps/AssetMoreInfo.aspx?AssetID=931636"}},{"type":"Feature","geometry":{"type":"Point","coordinates":[-86.14788838,39.82481213]},"properties":{"name":"Project One Love Inc Child Care Services","assetType":"Home Licensed Child Cares","dataYear":"2018","assetId":"931390","subcategory":"Social and Community Services","detail":"https://classic.savi.org/SAVI/PopUps/AssetMoreInfo.aspx?AssetID=931390"}},{"type":"Feature","geometry":{"type":"Point","coordinates":[-86.14622862,39.80948156]},"properties":{"name":"Prosperity Enrichment","assetType":"Home Licensed Child Cares","dataYear":"2018","assetId":"930990","subcategory":"Social and Community Services","detail":"https://classic.savi.org/SAVI/PopUps/AssetMoreInfo.aspx?AssetID=930990"}},{"type":"Feature","geometry":{"type":"Point","coordinates":[-86.1551323,39.81078452]},"properties":{"name":"Prosperity Enrichment","assetType":"Home Licensed Child Cares","dataYear":"2018","assetId":"931160","subcategory":"Social and Community Services","detail":"https://classic.savi.org/SAVI/PopUps/AssetMoreInfo.aspx?AssetID=931160"}},{"type":"Feature","geometry":{"type":"Point","coordinates":[-86.06758615,39.82620124]},"properties":{"name":"Providence Childcare","assetType":"Home Licensed Child Cares","dataYear":"2018","assetId":"931228","subcategory":"Social and Community Services","detail":"https://classic.savi.org/SAVI/PopUps/AssetMoreInfo.aspx?AssetID=931228"}},{"type":"Feature","geometry":{"type":"Point","coordinates":[-85.76487006,39.7885408]},"properties":{"name":"RAINBOW DAYCARE INC","assetType":"Home Licensed Child Cares","dataYear":"2018","assetId":"931496","subcategory":"Social and Community Services","detail":"https://classic.savi.org/SAVI/PopUps/AssetMoreInfo.aspx?AssetID=931496"}},{"type":"Feature","geometry":{"type":"Point","coordinates":[-85.9655121,39.823846]},"properties":{"name":"REGINA S DAY CARE","assetType":"Home Licensed Child Cares","dataYear":"2018","assetId":"931163","subcategory":"Social and Community Services","detail":"https://classic.savi.org/SAVI/PopUps/AssetMoreInfo.aspx?AssetID=931163"}},{"type":"Feature","geometry":{"type":"Point","coordinates":[-85.98271833,39.98990372]},"properties":{"name":"Rachael s Daycare","assetType":"Home Licensed Child Cares","dataYear":"2018","assetId":"931564","subcategory":"Social and Community Services","detail":"https://classic.savi.org/SAVI/PopUps/AssetMoreInfo.aspx?AssetID=931564"}},{"type":"Feature","geometry":{"type":"Point","coordinates":[-86.01571104,40.00259432]},"properties":{"name":"Rachael s Daycare II","assetType":"Home Licensed Child Cares","dataYear":"2018","assetId":"931538","subcategory":"Social and Community Services","detail":"https://classic.savi.org/SAVI/PopUps/AssetMoreInfo.aspx?AssetID=931538"}},{"type":"Feature","geometry":{"type":"Point","coordinates":[-85.76487006,39.7885408]},"properties":{"name":"Rainbow Daycare Inc","assetType":"Home Licensed Child Cares","dataYear":"2018","assetId":"931499","subcategory":"Social and Community Services","detail":"https://classic.savi.org/SAVI/PopUps/AssetMoreInfo.aspx?AssetID=931499"}},{"type":"Feature","geometry":{"type":"Point","coordinates":[-86.37122581,39.61355968]},"properties":{"name":"Raise Em Up Childcare","assetType":"Home Licensed Child Cares","dataYear":"2018","assetId":"930957","subcategory":"Social and Community Services","detail":"https://classic.savi.org/SAVI/PopUps/AssetMoreInfo.aspx?AssetID=930957"}},{"type":"Feature","geometry":{"type":"Point","coordinates":[-86.24009278,39.81588657]},"properties":{"name":"Reach to Teach","assetType":"Home Licensed Child Cares","dataYear":"2018","assetId":"931264","subcategory":"Social and Community Services","detail":"https://classic.savi.org/SAVI/PopUps/AssetMoreInfo.aspx?AssetID=931264"}},{"type":"Feature","geometry":{"type":"Point","coordinates":[-86.28333402,39.78084642]},"properties":{"name":"Rebecca J Crow","assetType":"Home Licensed Child Cares","dataYear":"2018","assetId":"931182","subcategory":"Social and Community Services","detail":"https://classic.savi.org/SAVI/PopUps/AssetMoreInfo.aspx?AssetID=931182"}},{"type":"Feature","geometry":{"type":"Point","coordinates":[-86.38183076,39.82774409]},"properties":{"name":"Rebecca Thompson","assetType":"Home Licensed Child Cares","dataYear":"2018","assetId":"931453","subcategory":"Social and Community Services","detail":"https://classic.savi.org/SAVI/PopUps/AssetMoreInfo.aspx?AssetID=931453"}},{"type":"Feature","geometry":{"type":"Point","coordinates":[-86.3221396,39.78984937]},"properties":{"name":"Ree-Creations","assetType":"Home Licensed Child Cares","dataYear":"2018","assetId":"931139","subcategory":"Social and Community Services","detail":"https://classic.savi.org/SAVI/PopUps/AssetMoreInfo.aspx?AssetID=931139"}},{"type":"Feature","geometry":{"type":"Point","coordinates":[-86.25522798,39.67571309]},"properties":{"name":"Reeves Daycare","assetType":"Home Licensed Child Cares","dataYear":"2018","assetId":"931153","subcategory":"Social and Community Services","detail":"https://classic.savi.org/SAVI/PopUps/AssetMoreInfo.aspx?AssetID=931153"}},{"type":"Feature","geometry":{"type":"Point","coordinates":[-86.48913882,40.06589442]},"properties":{"name":"Rise and Shine Childcare","assetType":"Home Licensed Child Cares","dataYear":"2018","assetId":"931581","subcategory":"Social and Community Services","detail":"https://classic.savi.org/SAVI/PopUps/AssetMoreInfo.aspx?AssetID=931581"}},{"type":"Feature","geometry":{"type":"Point","coordinates":[-86.22828462,39.80895747]},"properties":{"name":"Rising Stars Childcare II","assetType":"Home Licensed Child Cares","dataYear":"2018","assetId":"931292","subcategory":"Social and Community Services","detail":"https://classic.savi.org/SAVI/PopUps/AssetMoreInfo.aspx?AssetID=931292"}},{"type":"Feature","geometry":{"type":"Point","coordinates":[-86.22812363,39.80917979]},"properties":{"name":"Rising Stars Family Childcare","assetType":"Home Licensed Child Cares","dataYear":"2018","assetId":"931313","subcategory":"Social and Community Services","detail":"https://classic.savi.org/SAVI/PopUps/AssetMoreInfo.aspx?AssetID=931313"}},{"type":"Feature","geometry":{"type":"Point","coordinates":[-85.84460233,40.07072845]},"properties":{"name":"Robin s Home Daycare","assetType":"Home Licensed Child Cares","dataYear":"2018","assetId":"931414","subcategory":"Social and Community Services","detail":"https://classic.savi.org/SAVI/PopUps/AssetMoreInfo.aspx?AssetID=931414"}},{"type":"Feature","geometry":{"type":"Point","coordinates":[-85.68246231,40.12216186]},"properties":{"name":"Rose Petals Child Care","assetType":"Home Licensed Child Cares","dataYear":"2018","assetId":"931428","subcategory":"Social and Community Services","detail":"https://classic.savi.org/SAVI/PopUps/AssetMoreInfo.aspx?AssetID=931428"}},{"type":"Feature","geometry":{"type":"Point","coordinates":[-85.86882105,39.68570661]},"properties":{"name":"Rosemary s Family Daycare","assetType":"Home Licensed Child Cares","dataYear":"2018","assetId":"931090","subcategory":"Social and Community Services","detail":"https://classic.savi.org/SAVI/PopUps/AssetMoreInfo.aspx?AssetID=931090"}},{"type":"Feature","geometry":{"type":"Point","coordinates":[-86.2577966,39.67911148]},"properties":{"name":"Rosie s Family Home Daycare","assetType":"Home Licensed Child Cares","dataYear":"2018","assetId":"931315","subcategory":"Social and Community Services","detail":"https://classic.savi.org/SAVI/PopUps/AssetMoreInfo.aspx?AssetID=931315"}},{"type":"Feature","geometry":{"type":"Point","coordinates":[-86.44718145,39.84841281]},"properties":{"name":"Roxanne s Daycare","assetType":"Home Licensed Child Cares","dataYear":"2018","assetId":"931521","subcategory":"Social and Community Services","detail":"https://classic.savi.org/SAVI/PopUps/AssetMoreInfo.aspx?AssetID=931521"}},{"type":"Feature","geometry":{"type":"Point","coordinates":[-86.51383843,39.84876459]},"properties":{"name":"Ruth Dickerson","assetType":"Home Licensed Child Cares","dataYear":"2018","assetId":"931519","subcategory":"Social and Community Services","detail":"https://classic.savi.org/SAVI/PopUps/AssetMoreInfo.aspx?AssetID=931519"}},{"type":"Feature","geometry":{"type":"Point","coordinates":[-85.737355,40.13548668]},"properties":{"name":"SHARON BLEVINS","assetType":"Home Licensed Child Cares","dataYear":"2018","assetId":"931465","subcategory":"Social and Community Services","detail":"https://classic.savi.org/SAVI/PopUps/AssetMoreInfo.aspx?AssetID=931465"}},{"type":"Feature","geometry":{"type":"Point","coordinates":[-86.05987447,39.83773766]},"properties":{"name":"SHELL S PLACE","assetType":"Home Licensed Child Cares","dataYear":"2018","assetId":"930916","subcategory":"Social and Community Services","detail":"https://classic.savi.org/SAVI/PopUps/AssetMoreInfo.aspx?AssetID=930916"}},{"type":"Feature","geometry":{"type":"Point","coordinates":[-86.24795265,39.69758372]},"properties":{"name":"SHIRLEY SHAFER","assetType":"Home Licensed Child Cares","dataYear":"2018","assetId":"930928","subcategory":"Social and Community Services","detail":"https://classic.savi.org/SAVI/PopUps/AssetMoreInfo.aspx?AssetID=930928"}},{"type":"Feature","geometry":{"type":"Point","coordinates":[-86.25028751,39.7035052]},"properties":{"name":"SUGAR N SPICE","assetType":"Home Licensed Child Cares","dataYear":"2018","assetId":"930910","subcategory":"Social and Community Services","detail":"https://classic.savi.org/SAVI/PopUps/AssetMoreInfo.aspx?AssetID=930910"}},{"type":"Feature","geometry":{"type":"Point","coordinates":[-86.09075899,39.86156706]},"properties":{"name":"Sandra Barber","assetType":"Home Licensed Child Cares","dataYear":"2018","assetId":"931181","subcategory":"Social and Community Services","detail":"https://classic.savi.org/SAVI/PopUps/AssetMoreInfo.aspx?AssetID=931181"}},{"type":"Feature","geometry":{"type":"Point","coordinates":[-86.17735369,39.81386301]},"properties":{"name":"Scholars Way Childcare","assetType":"Home Licensed Child Cares","dataYear":"2018","assetId":"931384","subcategory":"Social and Community Services","detail":"https://classic.savi.org/SAVI/PopUps/AssetMoreInfo.aspx?AssetID=931384"}},{"type":"Feature","geometry":{"type":"Point","coordinates":[-85.8155904,39.9520173]},"properties":{"name":"Scribbles & Play Daycare","assetType":"Home Licensed Child Cares","dataYear":"2018","assetId":"931380","subcategory":"Social and Community Services","detail":"https://classic.savi.org/SAVI/PopUps/AssetMoreInfo.aspx?AssetID=931380"}},{"type":"Feature","geometry":{"type":"Point","coordinates":[-85.90909991,39.98242509]},"properties":{"name":"Scribbles and Giggles Babysitting","assetType":"Home Licensed Child Cares","dataYear":"2018","assetId":"931606","subcategory":"Social and Community Services","detail":"https://classic.savi.org/SAVI/PopUps/AssetMoreInfo.aspx?AssetID=931606"}},{"type":"Feature","geometry":{"type":"Point","coordinates":[-86.14601825,39.81771859]},"properties":{"name":"Seasons Caring Daycare II","assetType":"Home Licensed Child Cares","dataYear":"2018","assetId":"931127","subcategory":"Social and Community Services","detail":"https://classic.savi.org/SAVI/PopUps/AssetMoreInfo.aspx?AssetID=931127"}},{"type":"Feature","geometry":{"type":"Point","coordinates":[-86.14612711,39.8177602]},"properties":{"name":"Seasons Caring Daycare III","assetType":"Home Licensed Child Cares","dataYear":"2018","assetId":"931054","subcategory":"Social and Community Services","detail":"https://classic.savi.org/SAVI/PopUps/AssetMoreInfo.aspx?AssetID=931054"}},{"type":"Feature","geometry":{"type":"Point","coordinates":[-86.21731919,39.80979918]},"properties":{"name":"Selina s Cuddly Angels","assetType":"Home Licensed Child Cares","dataYear":"2018","assetId":"931145","subcategory":"Social and Community Services","detail":"https://classic.savi.org/SAVI/PopUps/AssetMoreInfo.aspx?AssetID=931145"}},{"type":"Feature","geometry":{"type":"Point","coordinates":[-86.18897075,39.80620209]},"properties":{"name":"Sevyn s Heaven Family Childcare LLC","assetType":"Home Licensed Child Cares","dataYear":"2018","assetId":"931289","subcategory":"Social and Community Services","detail":"https://classic.savi.org/SAVI/PopUps/AssetMoreInfo.aspx?AssetID=931289"}},{"type":"Feature","geometry":{"type":"Point","coordinates":[-85.70367757,40.10185417]},"properties":{"name":"Sharla s Shining Stars","assetType":"Home Licensed Child Cares","dataYear":"2018","assetId":"931430","subcategory":"Social and Community Services","detail":"https://classic.savi.org/SAVI/PopUps/AssetMoreInfo.aspx?AssetID=931430"}},{"type":"Feature","geometry":{"type":"Point","coordinates":[-85.7036793,40.1016867]},"properties":{"name":"Sharla s Shining Stars","assetType":"Home Licensed Child Cares","dataYear":"2018","assetId":"931416","subcategory":"Social and Community Services","detail":"https://classic.savi.org/SAVI/PopUps/AssetMoreInfo.aspx?AssetID=931416"}},{"type":"Feature","geometry":{"type":"Point","coordinates":[-86.32157559,39.81167054]},"properties":{"name":"Shatonya Taylor","assetType":"Home Licensed Child Cares","dataYear":"2018","assetId":"931123","subcategory":"Social and Community Services","detail":"https://classic.savi.org/SAVI/PopUps/AssetMoreInfo.aspx?AssetID=931123"}},{"type":"Feature","geometry":{"type":"Point","coordinates":[-86.06805357,39.48009854]},"properties":{"name":"Sheri s Safari Daycare","assetType":"Home Licensed Child Cares","dataYear":"2018","assetId":"931512","subcategory":"Social and Community Services","detail":"https://classic.savi.org/SAVI/PopUps/AssetMoreInfo.aspx?AssetID=931512"}},{"type":"Feature","geometry":{"type":"Point","coordinates":[-86.07569384,39.79087663]},"properties":{"name":"Sherri s Kids Childcare III","assetType":"Home Licensed Child Cares","dataYear":"2018","assetId":"930838","subcategory":"Social and Community Services","detail":"https://classic.savi.org/SAVI/PopUps/AssetMoreInfo.aspx?AssetID=930838"}},{"type":"Feature","geometry":{"type":"Point","coordinates":[-86.07437158,39.83158532]},"properties":{"name":"Sherri s Precious Lambs","assetType":"Home Licensed Child Cares","dataYear":"2018","assetId":"930902","subcategory":"Social and Community Services","detail":"https://classic.savi.org/SAVI/PopUps/AssetMoreInfo.aspx?AssetID=930902"}},{"type":"Feature","geometry":{"type":"Point","coordinates":[-86.19004434,39.79239212]},"properties":{"name":"Silly Puddy","assetType":"Home Licensed Child Cares","dataYear":"2018","assetId":"930828","subcategory":"Social and Community Services","detail":"https://classic.savi.org/SAVI/PopUps/AssetMoreInfo.aspx?AssetID=930828"}},{"type":"Feature","geometry":{"type":"Point","coordinates":[-85.66467554,40.05488586]},"properties":{"name":"Small Fries Playhouse Childcare","assetType":"Home Licensed Child Cares","dataYear":"2018","assetId":"931437","subcategory":"Social and Community Services","detail":"https://classic.savi.org/SAVI/PopUps/AssetMoreInfo.aspx?AssetID=931437"}},{"type":"Feature","geometry":{"type":"Point","coordinates":[-86.06678622,39.8352028]},"properties":{"name":"Small Wonder","assetType":"Home Licensed Child Cares","dataYear":"2018","assetId":"931125","subcategory":"Social and Community Services","detail":"https://classic.savi.org/SAVI/PopUps/AssetMoreInfo.aspx?AssetID=931125"}},{"type":"Feature","geometry":{"type":"Point","coordinates":[-86.14187633,39.82098723]},"properties":{"name":"Small Wonders","assetType":"Home Licensed Child Cares","dataYear":"2018","assetId":"931248","subcategory":"Social and Community Services","detail":"https://classic.savi.org/SAVI/PopUps/AssetMoreInfo.aspx?AssetID=931248"}},{"type":"Feature","geometry":{"type":"Point","coordinates":[-86.15112494,39.81649479]},"properties":{"name":"Smart Start the Next Generation Family Child Care","assetType":"Home Licensed Child Cares","dataYear":"2018","assetId":"931137","subcategory":"Social and Community Services","detail":"https://classic.savi.org/SAVI/PopUps/AssetMoreInfo.aspx?AssetID=931137"}},{"type":"Feature","geometry":{"type":"Point","coordinates":[-86.07479261,39.7845213]},"properties":{"name":"Smarty Pants Child Care","assetType":"Home Licensed Child Cares","dataYear":"2018","assetId":"931388","subcategory":"Social and Community Services","detail":"https://classic.savi.org/SAVI/PopUps/AssetMoreInfo.aspx?AssetID=931388"}},{"type":"Feature","geometry":{"type":"Point","coordinates":[-85.68771679,40.0578276]},"properties":{"name":"Smarty Pants Kids","assetType":"Home Licensed Child Cares","dataYear":"2018","assetId":"931425","subcategory":"Social and Community Services","detail":"https://classic.savi.org/SAVI/PopUps/AssetMoreInfo.aspx?AssetID=931425"}},{"type":"Feature","geometry":{"type":"Point","coordinates":[-86.42261017,39.87746758]},"properties":{"name":"Snugs and Hugs","assetType":"Home Licensed Child Cares","dataYear":"2018","assetId":"931451","subcategory":"Social and Community Services","detail":"https://classic.savi.org/SAVI/PopUps/AssetMoreInfo.aspx?AssetID=931451"}},{"type":"Feature","geometry":{"type":"Point","coordinates":[-86.12613683,39.39044829]},"properties":{"name":"Something Special Daycare","assetType":"Home Licensed Child Cares","dataYear":"2018","assetId":"931543","subcategory":"Social and Community Services","detail":"https://classic.savi.org/SAVI/PopUps/AssetMoreInfo.aspx?AssetID=931543"}},{"type":"Feature","geometry":{"type":"Point","coordinates":[-86.24957689,39.76488897]},"properties":{"name":"Splash of Color Childcare LLC","assetType":"Home Licensed Child Cares","dataYear":"2018","assetId":"931355","subcategory":"Social and Community Services","detail":"https://classic.savi.org/SAVI/PopUps/AssetMoreInfo.aspx?AssetID=931355"}},{"type":"Feature","geometry":{"type":"Point","coordinates":[-86.22466416,39.83005002]},"properties":{"name":"Splashes and Spills Family Daycare","assetType":"Home Licensed Child Cares","dataYear":"2018","assetId":"931102","subcategory":"Social and Community Services","detail":"https://classic.savi.org/SAVI/PopUps/AssetMoreInfo.aspx?AssetID=931102"}},{"type":"Feature","geometry":{"type":"Point","coordinates":[-85.67845582,40.24598095]},"properties":{"name":"Stacy s Rugrat Roundup","assetType":"Home Licensed Child Cares","dataYear":"2018","assetId":"931542","subcategory":"Social and Community Services","detail":"https://classic.savi.org/SAVI/PopUps/AssetMoreInfo.aspx?AssetID=931542"}},{"type":"Feature","geometry":{"type":"Point","coordinates":[-86.05752053,39.850552]},"properties":{"name":"Star Child Day Care","assetType":"Home Licensed Child Cares","dataYear":"2018","assetId":"931049","subcategory":"Social and Community Services","detail":"https://classic.savi.org/SAVI/PopUps/AssetMoreInfo.aspx?AssetID=931049"}},{"type":"Feature","geometry":{"type":"Point","coordinates":[-86.31422866,39.62761153]},"properties":{"name":"Starbabies Daycare Inc","assetType":"Home Licensed Child Cares","dataYear":"2018","assetId":"930918","subcategory":"Social and Community Services","detail":"https://classic.savi.org/SAVI/PopUps/AssetMoreInfo.aspx?AssetID=930918"}},{"type":"Feature","geometry":{"type":"Point","coordinates":[-86.10045908,39.71273548]},"properties":{"name":"Starbrite Home Daycare","assetType":"Home Licensed Child Cares","dataYear":"2018","assetId":"930953","subcategory":"Social and Community Services","detail":"https://classic.savi.org/SAVI/PopUps/AssetMoreInfo.aspx?AssetID=930953"}},{"type":"Feature","geometry":{"type":"Point","coordinates":[-86.44600353,39.7038086]},"properties":{"name":"Starla s Christian Daycare","assetType":"Home Licensed Child Cares","dataYear":"2018","assetId":"931553","subcategory":"Social and Community Services","detail":"https://classic.savi.org/SAVI/PopUps/AssetMoreInfo.aspx?AssetID=931553"}},{"type":"Feature","geometry":{"type":"Point","coordinates":[-85.67794529,40.08931361]},"properties":{"name":"Starting Line Daycare","assetType":"Home Licensed Child Cares","dataYear":"2018","assetId":"931459","subcategory":"Social and Community Services","detail":"https://classic.savi.org/SAVI/PopUps/AssetMoreInfo.aspx?AssetID=931459"}},{"type":"Feature","geometry":{"type":"Point","coordinates":[-86.05400954,39.83156956]},"properties":{"name":"Step By Step Childcare LLC","assetType":"Home Licensed Child Cares","dataYear":"2018","assetId":"931257","subcategory":"Social and Community Services","detail":"https://classic.savi.org/SAVI/PopUps/AssetMoreInfo.aspx?AssetID=931257"}},{"type":"Feature","geometry":{"type":"Point","coordinates":[-85.67409984,40.26153508]},"properties":{"name":"Stepping Stone","assetType":"Home Licensed Child Cares","dataYear":"2018","assetId":"931443","subcategory":"Social and Community Services","detail":"https://classic.savi.org/SAVI/PopUps/AssetMoreInfo.aspx?AssetID=931443"}},{"type":"Feature","geometry":{"type":"Point","coordinates":[-85.67713926,40.26426593]},"properties":{"name":"Stepping Stone Childcare","assetType":"Home Licensed Child Cares","dataYear":"2018","assetId":"931444","subcategory":"Social and Community Services","detail":"https://classic.savi.org/SAVI/PopUps/AssetMoreInfo.aspx?AssetID=931444"}},{"type":"Feature","geometry":{"type":"Point","coordinates":[-86.06589001,39.88049347]},"properties":{"name":"Storybook Academy","assetType":"Home Licensed Child Cares","dataYear":"2018","assetId":"931278","subcategory":"Social and Community Services","detail":"https://classic.savi.org/SAVI/PopUps/AssetMoreInfo.aspx?AssetID=931278"}},{"type":"Feature","geometry":{"type":"Point","coordinates":[-86.01407947,39.807256]},"properties":{"name":"Sue s Zoo","assetType":"Home Licensed Child Cares","dataYear":"2018","assetId":"930926","subcategory":"Social and Community Services","detail":"https://classic.savi.org/SAVI/PopUps/AssetMoreInfo.aspx?AssetID=930926"}},{"type":"Feature","geometry":{"type":"Point","coordinates":[-86.17767517,39.8098732]},"properties":{"name":"Sunrise Christian Academy Infant Home","assetType":"Home Licensed Child Cares","dataYear":"2018","assetId":"931155","subcategory":"Social and Community Services","detail":"https://classic.savi.org/SAVI/PopUps/AssetMoreInfo.aspx?AssetID=931155"}},{"type":"Feature","geometry":{"type":"Point","coordinates":[-85.84385817,39.93126698]},"properties":{"name":"Sunrise Daycare","assetType":"Home Licensed Child Cares","dataYear":"2018","assetId":"931631","subcategory":"Social and Community Services","detail":"https://classic.savi.org/SAVI/PopUps/AssetMoreInfo.aspx?AssetID=931631"}},{"type":"Feature","geometry":{"type":"Point","coordinates":[-86.2325107,39.83250805]},"properties":{"name":"Sunshine s House Childcare","assetType":"Home Licensed Child Cares","dataYear":"2018","assetId":"931197","subcategory":"Social and Community Services","detail":"https://classic.savi.org/SAVI/PopUps/AssetMoreInfo.aspx?AssetID=931197"}},{"type":"Feature","geometry":{"type":"Point","coordinates":[-85.92945615,39.92182729]},"properties":{"name":"Sweet Beginnings","assetType":"Home Licensed Child Cares","dataYear":"2018","assetId":"931494","subcategory":"Social and Community Services","detail":"https://classic.savi.org/SAVI/PopUps/AssetMoreInfo.aspx?AssetID=931494"}},{"type":"Feature","geometry":{"type":"Point","coordinates":[-86.06124696,39.82811821]},"properties":{"name":"Sweet Candy Apple","assetType":"Home Licensed Child Cares","dataYear":"2018","assetId":"931052","subcategory":"Social and Community Services","detail":"https://classic.savi.org/SAVI/PopUps/AssetMoreInfo.aspx?AssetID=931052"}},{"type":"Feature","geometry":{"type":"Point","coordinates":[-86.09278694,39.82122419]},"properties":{"name":"Sweet Expressions Daycare Academy","assetType":"Home Licensed Child Cares","dataYear":"2018","assetId":"931154","subcategory":"Social and Community Services","detail":"https://classic.savi.org/SAVI/PopUps/AssetMoreInfo.aspx?AssetID=931154"}},{"type":"Feature","geometry":{"type":"Point","coordinates":[-85.62399074,40.13924548]},"properties":{"name":"TAMMY S DAYCARE","assetType":"Home Licensed Child Cares","dataYear":"2018","assetId":"931471","subcategory":"Social and Community Services","detail":"https://classic.savi.org/SAVI/PopUps/AssetMoreInfo.aspx?AssetID=931471"}},{"type":"Feature","geometry":{"type":"Point","coordinates":[-86.07209781,39.69975225]},"properties":{"name":"TENDER HEARTS DAY CARE","assetType":"Home Licensed Child Cares","dataYear":"2018","assetId":"930911","subcategory":"Social and Community Services","detail":"https://classic.savi.org/SAVI/PopUps/AssetMoreInfo.aspx?AssetID=930911"}},{"type":"Feature","geometry":{"type":"Point","coordinates":[-86.80588732,39.85208964]},"properties":{"name":"TENDER HEARTS DAYCARE","assetType":"Home Licensed Child Cares","dataYear":"2018","assetId":"931031","subcategory":"Social and Community Services","detail":"https://classic.savi.org/SAVI/PopUps/AssetMoreInfo.aspx?AssetID=931031"}},{"type":"Feature","geometry":{"type":"Point","coordinates":[-85.98929146,40.07292215]},"properties":{"name":"THE INFANT TREE","assetType":"Home Licensed Child Cares","dataYear":"2018","assetId":"931534","subcategory":"Social and Community Services","detail":"https://classic.savi.org/SAVI/PopUps/AssetMoreInfo.aspx?AssetID=931534"}},{"type":"Feature","geometry":{"type":"Point","coordinates":[-86.39536086,39.83956946]},"properties":{"name":"THE LULLABY LEAGUE","assetType":"Home Licensed Child Cares","dataYear":"2018","assetId":"931483","subcategory":"Social and Community Services","detail":"https://classic.savi.org/SAVI/PopUps/AssetMoreInfo.aspx?AssetID=931483"}},{"type":"Feature","geometry":{"type":"Point","coordinates":[-85.94281597,39.79890054]},"properties":{"name":"THE PLAYROOM","assetType":"Home Licensed Child Cares","dataYear":"2018","assetId":"931593","subcategory":"Social and Community Services","detail":"https://classic.savi.org/SAVI/PopUps/AssetMoreInfo.aspx?AssetID=931593"}},{"type":"Feature","geometry":{"type":"Point","coordinates":[-86.05572056,39.82620611]},"properties":{"name":"THE POTTER S HOUSE","assetType":"Home Licensed Child Cares","dataYear":"2018","assetId":"930945","subcategory":"Social and Community Services","detail":"https://classic.savi.org/SAVI/PopUps/AssetMoreInfo.aspx?AssetID=930945"}},{"type":"Feature","geometry":{"type":"Point","coordinates":[-86.01394503,40.04388311]},"properties":{"name":"THERESA S HOME DAYCARE","assetType":"Home Licensed Child Cares","dataYear":"2018","assetId":"931535","subcategory":"Social and Community Services","detail":"https://classic.savi.org/SAVI/PopUps/AssetMoreInfo.aspx?AssetID=931535"}},{"type":"Feature","geometry":{"type":"Point","coordinates":[-86.22216799,39.83400686]},"properties":{"name":"TINY TOT S","assetType":"Home Licensed Child Cares","dataYear":"2018","assetId":"930913","subcategory":"Social and Community Services","detail":"https://classic.savi.org/SAVI/PopUps/AssetMoreInfo.aspx?AssetID=930913"}},{"type":"Feature","geometry":{"type":"Point","coordinates":[-86.21943977,39.84673008]},"properties":{"name":"TLC Early Development Child Care","assetType":"Home Licensed Child Cares","dataYear":"2018","assetId":"931189","subcategory":"Social and Community Services","detail":"https://classic.savi.org/SAVI/PopUps/AssetMoreInfo.aspx?AssetID=931189"}},{"type":"Feature","geometry":{"type":"Point","coordinates":[-85.95337027,39.79205872]},"properties":{"name":"TLK Daycare","assetType":"Home Licensed Child Cares","dataYear":"2018","assetId":"931039","subcategory":"Social and Community Services","detail":"https://classic.savi.org/SAVI/PopUps/AssetMoreInfo.aspx?AssetID=931039"}},{"type":"Feature","geometry":{"type":"Point","coordinates":[-86.14818059,39.94291847]},"properties":{"name":"TRACEY S DAYCARE","assetType":"Home Licensed Child Cares","dataYear":"2018","assetId":"931642","subcategory":"Social and Community Services","detail":"https://classic.savi.org/SAVI/PopUps/AssetMoreInfo.aspx?AssetID=931642"}},{"type":"Feature","geometry":{"type":"Point","coordinates":[-86.02971373,39.95508353]},"properties":{"name":"TRACEY S DAYCARE","assetType":"Home Licensed Child Cares","dataYear":"2018","assetId":"931600","subcategory":"Social and Community Services","detail":"https://classic.savi.org/SAVI/PopUps/AssetMoreInfo.aspx?AssetID=931600"}},{"type":"Feature","geometry":{"type":"Point","coordinates":[-85.70246176,40.09544776]},"properties":{"name":"TRIBE OF JUDAH DAY CARE","assetType":"Home Licensed Child Cares","dataYear":"2018","assetId":"931441","subcategory":"Social and Community Services","detail":"https://classic.savi.org/SAVI/PopUps/AssetMoreInfo.aspx?AssetID=931441"}},{"type":"Feature","geometry":{"type":"Point","coordinates":[-86.2352923,39.80918907]},"properties":{"name":"TU Escuelita Daycare","assetType":"Home Licensed Child Cares","dataYear":"2018","assetId":"930966","subcategory":"Social and Community Services","detail":"https://classic.savi.org/SAVI/PopUps/AssetMoreInfo.aspx?AssetID=930966"}},{"type":"Feature","geometry":{"type":"Point","coordinates":[-85.70126393,40.09586459]},"properties":{"name":"Tater Tots Child Care - Site 3","assetType":"Home Licensed Child Cares","dataYear":"2018","assetId":"931426","subcategory":"Social and Community Services","detail":"https://classic.savi.org/SAVI/PopUps/AssetMoreInfo.aspx?AssetID=931426"}},{"type":"Feature","geometry":{"type":"Point","coordinates":[-85.68311421,40.07317908]},"properties":{"name":"Tater Tots Child Care LLC","assetType":"Home Licensed Child Cares","dataYear":"2018","assetId":"931435","subcategory":"Social and Community Services","detail":"https://classic.savi.org/SAVI/PopUps/AssetMoreInfo.aspx?AssetID=931435"}},{"type":"Feature","geometry":{"type":"Point","coordinates":[-85.63999956,40.04847884]},"properties":{"name":"Teddy Bear Childcare","assetType":"Home Licensed Child Cares","dataYear":"2018","assetId":"931433","subcategory":"Social and Community Services","detail":"https://classic.savi.org/SAVI/PopUps/AssetMoreInfo.aspx?AssetID=931433"}},{"type":"Feature","geometry":{"type":"Point","coordinates":[-85.70648057,40.09304644]},"properties":{"name":"Teddy Bear Childcare","assetType":"Home Licensed Child Cares","dataYear":"2018","assetId":"931462","subcategory":"Social and Community Services","detail":"https://classic.savi.org/SAVI/PopUps/AssetMoreInfo.aspx?AssetID=931462"}},{"type":"Feature","geometry":{"type":"Point","coordinates":[-86.24953885,39.87629535]},"properties":{"name":"Teddy Bear Daycare","assetType":"Home Licensed Child Cares","dataYear":"2018","assetId":"931386","subcategory":"Social and Community Services","detail":"https://classic.savi.org/SAVI/PopUps/AssetMoreInfo.aspx?AssetID=931386"}},{"type":"Feature","geometry":{"type":"Point","coordinates":[-85.70713153,40.1059956]},"properties":{"name":"Tee Tee s Little Dippers","assetType":"Home Licensed Child Cares","dataYear":"2018","assetId":"931423","subcategory":"Social and Community Services","detail":"https://classic.savi.org/SAVI/PopUps/AssetMoreInfo.aspx?AssetID=931423"}},{"type":"Feature","geometry":{"type":"Point","coordinates":[-86.30857712,39.64083699]},"properties":{"name":"Tee s Tiny Tots Child Care","assetType":"Home Licensed Child Cares","dataYear":"2018","assetId":"931372","subcategory":"Social and Community Services","detail":"https://classic.savi.org/SAVI/PopUps/AssetMoreInfo.aspx?AssetID=931372"}},{"type":"Feature","geometry":{"type":"Point","coordinates":[-86.25980077,39.69194137]},"properties":{"name":"Teeny Sprouts LLC","assetType":"Home Licensed Child Cares","dataYear":"2018","assetId":"931255","subcategory":"Social and Community Services","detail":"https://classic.savi.org/SAVI/PopUps/AssetMoreInfo.aspx?AssetID=931255"}},{"type":"Feature","geometry":{"type":"Point","coordinates":[-86.28785814,39.74472989]},"properties":{"name":"Teeny World Licensed Day Care","assetType":"Home Licensed Child Cares","dataYear":"2018","assetId":"930922","subcategory":"Social and Community Services","detail":"https://classic.savi.org/SAVI/PopUps/AssetMoreInfo.aspx?AssetID=930922"}},{"type":"Feature","geometry":{"type":"Point","coordinates":[-86.01623522,39.97104525]},"properties":{"name":"Tender Touch Child Care","assetType":"Home Licensed Child Cares","dataYear":"2018","assetId":"931480","subcategory":"Social and Community Services","detail":"https://classic.savi.org/SAVI/PopUps/AssetMoreInfo.aspx?AssetID=931480"}},{"type":"Feature","geometry":{"type":"Point","coordinates":[-85.97508642,39.83350269]},"properties":{"name":"Teresa s Day Care","assetType":"Home Licensed Child Cares","dataYear":"2018","assetId":"931099","subcategory":"Social and Community Services","detail":"https://classic.savi.org/SAVI/PopUps/AssetMoreInfo.aspx?AssetID=931099"}},{"type":"Feature","geometry":{"type":"Point","coordinates":[-86.00839951,39.75392863]},"properties":{"name":"Thayer s Daycare","assetType":"Home Licensed Child Cares","dataYear":"2018","assetId":"931003","subcategory":"Social and Community Services","detail":"https://classic.savi.org/SAVI/PopUps/AssetMoreInfo.aspx?AssetID=931003"}},{"type":"Feature","geometry":{"type":"Point","coordinates":[-85.95965374,39.85661738]},"properties":{"name":"The Art of Learning","assetType":"Home Licensed Child Cares","dataYear":"2018","assetId":"931392","subcategory":"Social and Community Services","detail":"https://classic.savi.org/SAVI/PopUps/AssetMoreInfo.aspx?AssetID=931392"}},{"type":"Feature","geometry":{"type":"Point","coordinates":[-86.2862927,39.77885611]},"properties":{"name":"The Discovery Corner","assetType":"Home Licensed Child Cares","dataYear":"2018","assetId":"931118","subcategory":"Social and Community Services","detail":"https://classic.savi.org/SAVI/PopUps/AssetMoreInfo.aspx?AssetID=931118"}},{"type":"Feature","geometry":{"type":"Point","coordinates":[-86.18880494,39.80475255]},"properties":{"name":"The Freedom House Too","assetType":"Home Licensed Child Cares","dataYear":"2018","assetId":"931134","subcategory":"Social and Community Services","detail":"https://classic.savi.org/SAVI/PopUps/AssetMoreInfo.aspx?AssetID=931134"}},{"type":"Feature","geometry":{"type":"Point","coordinates":[-86.06390039,39.8812201]},"properties":{"name":"The Giving Tree","assetType":"Home Licensed Child Cares","dataYear":"2018","assetId":"930905","subcategory":"Social and Community Services","detail":"https://classic.savi.org/SAVI/PopUps/AssetMoreInfo.aspx?AssetID=930905"}},{"type":"Feature","geometry":{"type":"Point","coordinates":[-86.12585875,39.89001956]},"properties":{"name":"The Growing Tree Nursery School","assetType":"Home Licensed Child Cares","dataYear":"2018","assetId":"931353","subcategory":"Social and Community Services","detail":"https://classic.savi.org/SAVI/PopUps/AssetMoreInfo.aspx?AssetID=931353"}},{"type":"Feature","geometry":{"type":"Point","coordinates":[-86.00513594,39.80504865]},"properties":{"name":"The Kings Heart Academy","assetType":"Home Licensed Child Cares","dataYear":"2018","assetId":"930983","subcategory":"Social and Community Services","detail":"https://classic.savi.org/SAVI/PopUps/AssetMoreInfo.aspx?AssetID=930983"}},{"type":"Feature","geometry":{"type":"Point","coordinates":[-86.01472634,39.95788544]},"properties":{"name":"The Learning Depot","assetType":"Home Licensed Child Cares","dataYear":"2018","assetId":"931568","subcategory":"Social and Community Services","detail":"https://classic.savi.org/SAVI/PopUps/AssetMoreInfo.aspx?AssetID=931568"}},{"type":"Feature","geometry":{"type":"Point","coordinates":[-86.31082997,39.78772772]},"properties":{"name":"The Learning House","assetType":"Home Licensed Child Cares","dataYear":"2018","assetId":"930830","subcategory":"Social and Community Services","detail":"https://classic.savi.org/SAVI/PopUps/AssetMoreInfo.aspx?AssetID=930830"}},{"type":"Feature","geometry":{"type":"Point","coordinates":[-86.19712054,39.78582192]},"properties":{"name":"The Little Swans Academy","assetType":"Home Licensed Child Cares","dataYear":"2018","assetId":"931124","subcategory":"Social and Community Services","detail":"https://classic.savi.org/SAVI/PopUps/AssetMoreInfo.aspx?AssetID=931124"}},{"type":"Feature","geometry":{"type":"Point","coordinates":[-86.08628774,39.71764653]},"properties":{"name":"The Little Yellow School","assetType":"Home Licensed Child Cares","dataYear":"2018","assetId":"931373","subcategory":"Social and Community Services","detail":"https://classic.savi.org/SAVI/PopUps/AssetMoreInfo.aspx?AssetID=931373"}},{"type":"Feature","geometry":{"type":"Point","coordinates":[-85.96312384,39.80216709]},"properties":{"name":"The Nia House","assetType":"Home Licensed Child Cares","dataYear":"2018","assetId":"931395","subcategory":"Social and Community Services","detail":"https://classic.savi.org/SAVI/PopUps/AssetMoreInfo.aspx?AssetID=931395"}},{"type":"Feature","geometry":{"type":"Point","coordinates":[-86.25003741,39.75427105]},"properties":{"name":"The Peanut Gang","assetType":"Home Licensed Child Cares","dataYear":"2018","assetId":"931218","subcategory":"Social and Community Services","detail":"https://classic.savi.org/SAVI/PopUps/AssetMoreInfo.aspx?AssetID=931218"}},{"type":"Feature","geometry":{"type":"Point","coordinates":[-85.98307894,39.8353987]},"properties":{"name":"Thinking Tots","assetType":"Home Licensed Child Cares","dataYear":"2018","assetId":"931271","subcategory":"Social and Community Services","detail":"https://classic.savi.org/SAVI/PopUps/AssetMoreInfo.aspx?AssetID=931271"}},{"type":"Feature","geometry":{"type":"Point","coordinates":[-86.01353565,39.96964109]},"properties":{"name":"Tiny Explorers Child Care LLC","assetType":"Home Licensed Child Cares","dataYear":"2018","assetId":"931569","subcategory":"Social and Community Services","detail":"https://classic.savi.org/SAVI/PopUps/AssetMoreInfo.aspx?AssetID=931569"}},{"type":"Feature","geometry":{"type":"Point","coordinates":[-86.1283828,39.82342454]},"properties":{"name":"Tiny Little Angels","assetType":"Home Licensed Child Cares","dataYear":"2018","assetId":"931356","subcategory":"Social and Community Services","detail":"https://classic.savi.org/SAVI/PopUps/AssetMoreInfo.aspx?AssetID=931356"}},{"type":"Feature","geometry":{"type":"Point","coordinates":[-86.2157473,39.79458998]},"properties":{"name":"Tiny Tots Day Care","assetType":"Home Licensed Child Cares","dataYear":"2018","assetId":"930933","subcategory":"Social and Community Services","detail":"https://classic.savi.org/SAVI/PopUps/AssetMoreInfo.aspx?AssetID=930933"}},{"type":"Feature","geometry":{"type":"Point","coordinates":[-86.00866393,39.8068233]},"properties":{"name":"Tiny Twinkles Daycare","assetType":"Home Licensed Child Cares","dataYear":"2018","assetId":"931326","subcategory":"Social and Community Services","detail":"https://classic.savi.org/SAVI/PopUps/AssetMoreInfo.aspx?AssetID=931326"}},{"type":"Feature","geometry":{"type":"Point","coordinates":[-85.69354814,40.10278899]},"properties":{"name":"Tiny s Cub Club Care Center","assetType":"Home Licensed Child Cares","dataYear":"2018","assetId":"931424","subcategory":"Social and Community Services","detail":"https://classic.savi.org/SAVI/PopUps/AssetMoreInfo.aspx?AssetID=931424"}},{"type":"Feature","geometry":{"type":"Point","coordinates":[-86.32340367,39.76907294]},"properties":{"name":"Toddler Town USA","assetType":"Home Licensed Child Cares","dataYear":"2018","assetId":"931342","subcategory":"Social and Community Services","detail":"https://classic.savi.org/SAVI/PopUps/AssetMoreInfo.aspx?AssetID=931342"}},{"type":"Feature","geometry":{"type":"Point","coordinates":[-85.80182175,39.96009271]},"properties":{"name":"Ton of Fun Childcare","assetType":"Home Licensed Child Cares","dataYear":"2018","assetId":"931379","subcategory":"Social and Community Services","detail":"https://classic.savi.org/SAVI/PopUps/AssetMoreInfo.aspx?AssetID=931379"}},{"type":"Feature","geometry":{"type":"Point","coordinates":[-86.16277868,39.80356678]},"properties":{"name":"Tonia Bears Child Care","assetType":"Home Licensed Child Cares","dataYear":"2018","assetId":"930894","subcategory":"Social and Community Services","detail":"https://classic.savi.org/SAVI/PopUps/AssetMoreInfo.aspx?AssetID=930894"}},{"type":"Feature","geometry":{"type":"Point","coordinates":[-85.96061461,39.80268241]},"properties":{"name":"Tonya s Little Learners","assetType":"Home Licensed Child Cares","dataYear":"2018","assetId":"931339","subcategory":"Social and Community Services","detail":"https://classic.savi.org/SAVI/PopUps/AssetMoreInfo.aspx?AssetID=931339"}},{"type":"Feature","geometry":{"type":"Point","coordinates":[-86.36706762,39.82635225]},"properties":{"name":"Tot Spot Daycare","assetType":"Home Licensed Child Cares","dataYear":"2018","assetId":"931529","subcategory":"Social and Community Services","detail":"https://classic.savi.org/SAVI/PopUps/AssetMoreInfo.aspx?AssetID=931529"}},{"type":"Feature","geometry":{"type":"Point","coordinates":[-86.06259451,40.01903796]},"properties":{"name":"Tot Time LLC","assetType":"Home Licensed Child Cares","dataYear":"2018","assetId":"931635","subcategory":"Social and Community Services","detail":"https://classic.savi.org/SAVI/PopUps/AssetMoreInfo.aspx?AssetID=931635"}},{"type":"Feature","geometry":{"type":"Point","coordinates":[-85.68820314,40.01087272]},"properties":{"name":"Traci s Wiggles & Giggles","assetType":"Home Licensed Child Cares","dataYear":"2018","assetId":"931375","subcategory":"Social and Community Services","detail":"https://classic.savi.org/SAVI/PopUps/AssetMoreInfo.aspx?AssetID=931375"}},{"type":"Feature","geometry":{"type":"Point","coordinates":[-86.07384314,39.8263693]},"properties":{"name":"Train Me Teach Me Child Development","assetType":"Home Licensed Child Cares","dataYear":"2018","assetId":"931291","subcategory":"Social and Community Services","detail":"https://classic.savi.org/SAVI/PopUps/AssetMoreInfo.aspx?AssetID=931291"}},{"type":"Feature","geometry":{"type":"Point","coordinates":[-85.97166091,39.84937199]},"properties":{"name":"Trisha s Abundant Love Daycare","assetType":"Home Licensed Child Cares","dataYear":"2018","assetId":"931105","subcategory":"Social and Community Services","detail":"https://classic.savi.org/SAVI/PopUps/AssetMoreInfo.aspx?AssetID=931105"}},{"type":"Feature","geometry":{"type":"Point","coordinates":[-86.10792798,39.83263448]},"properties":{"name":"Trotter Teeter Totter","assetType":"Home Licensed Child Cares","dataYear":"2018","assetId":"931148","subcategory":"Social and Community Services","detail":"https://classic.savi.org/SAVI/PopUps/AssetMoreInfo.aspx?AssetID=931148"}},{"type":"Feature","geometry":{"type":"Point","coordinates":[-86.21230144,39.79733891]},"properties":{"name":"True Blessings","assetType":"Home Licensed Child Cares","dataYear":"2018","assetId":"931186","subcategory":"Social and Community Services","detail":"https://classic.savi.org/SAVI/PopUps/AssetMoreInfo.aspx?AssetID=931186"}},{"type":"Feature","geometry":{"type":"Point","coordinates":[-86.10221119,39.80569062]},"properties":{"name":"True Blessings Child Care","assetType":"Home Licensed Child Cares","dataYear":"2018","assetId":"931280","subcategory":"Social and Community Services","detail":"https://classic.savi.org/SAVI/PopUps/AssetMoreInfo.aspx?AssetID=931280"}},{"type":"Feature","geometry":{"type":"Point","coordinates":[-86.22674708,39.86602132]},"properties":{"name":"Truly Beautiful","assetType":"Home Licensed Child Cares","dataYear":"2018","assetId":"930835","subcategory":"Social and Community Services","detail":"https://classic.savi.org/SAVI/PopUps/AssetMoreInfo.aspx?AssetID=930835"}},{"type":"Feature","geometry":{"type":"Point","coordinates":[-86.25551162,39.81102584]},"properties":{"name":"Tu Escuelita Bilingual Preschool","assetType":"Home Licensed Child Cares","dataYear":"2018","assetId":"930969","subcategory":"Social and Community Services","detail":"https://classic.savi.org/SAVI/PopUps/AssetMoreInfo.aspx?AssetID=930969"}},{"type":"Feature","geometry":{"type":"Point","coordinates":[-86.25498495,39.81094714]},"properties":{"name":"Tu Escuelita Bilingual Preschool","assetType":"Home Licensed Child Cares","dataYear":"2018","assetId":"930972","subcategory":"Social and Community Services","detail":"https://classic.savi.org/SAVI/PopUps/AssetMoreInfo.aspx?AssetID=930972"}},{"type":"Feature","geometry":{"type":"Point","coordinates":[-86.25574486,39.81958476]},"properties":{"name":"Tu Escuelita Bilingual Toddlers Child Care","assetType":"Home Licensed Child Cares","dataYear":"2018","assetId":"931211","subcategory":"Social and Community Services","detail":"https://classic.savi.org/SAVI/PopUps/AssetMoreInfo.aspx?AssetID=931211"}},{"type":"Feature","geometry":{"type":"Point","coordinates":[-85.97272561,39.82793413]},"properties":{"name":"Turners Tots Day Care","assetType":"Home Licensed Child Cares","dataYear":"2018","assetId":"931367","subcategory":"Social and Community Services","detail":"https://classic.savi.org/SAVI/PopUps/AssetMoreInfo.aspx?AssetID=931367"}},{"type":"Feature","geometry":{"type":"Point","coordinates":[-86.0437555,39.8260178]},"properties":{"name":"Tweety Birds Daycare","assetType":"Home Licensed Child Cares","dataYear":"2018","assetId":"931300","subcategory":"Social and Community Services","detail":"https://classic.savi.org/SAVI/PopUps/AssetMoreInfo.aspx?AssetID=931300"}},{"type":"Feature","geometry":{"type":"Point","coordinates":[-86.21269121,39.84975128]},"properties":{"name":"Twinkle Toes Childcare","assetType":"Home Licensed Child Cares","dataYear":"2018","assetId":"931121","subcategory":"Social and Community Services","detail":"https://classic.savi.org/SAVI/PopUps/AssetMoreInfo.aspx?AssetID=931121"}},{"type":"Feature","geometry":{"type":"Point","coordinates":[-85.6814676,40.26384255]},"properties":{"name":"Udder Angels Childcare LLC","assetType":"Home Licensed Child Cares","dataYear":"2018","assetId":"931477","subcategory":"Social and Community Services","detail":"https://classic.savi.org/SAVI/PopUps/AssetMoreInfo.aspx?AssetID=931477"}},{"type":"Feature","geometry":{"type":"Point","coordinates":[-86.02128154,39.83267555]},"properties":{"name":"VICKI S LITTLE WONDERS","assetType":"Home Licensed Child Cares","dataYear":"2018","assetId":"930998","subcategory":"Social and Community Services","detail":"https://classic.savi.org/SAVI/PopUps/AssetMoreInfo.aspx?AssetID=930998"}},{"type":"Feature","geometry":{"type":"Point","coordinates":[-86.2284677,39.88545636]},"properties":{"name":"Val s Daycare","assetType":"Home Licensed Child Cares","dataYear":"2018","assetId":"931179","subcategory":"Social and Community Services","detail":"https://classic.savi.org/SAVI/PopUps/AssetMoreInfo.aspx?AssetID=931179"}},{"type":"Feature","geometry":{"type":"Point","coordinates":[-86.12860996,39.72419507]},"properties":{"name":"Very Important Little People","assetType":"Home Licensed Child Cares","dataYear":"2018","assetId":"931192","subcategory":"Social and Community Services","detail":"https://classic.savi.org/SAVI/PopUps/AssetMoreInfo.aspx?AssetID=931192"}},{"type":"Feature","geometry":{"type":"Point","coordinates":[-86.1418416,39.82527963]},"properties":{"name":"WEE FOLK CHILD CARE","assetType":"Home Licensed Child Cares","dataYear":"2018","assetId":"931176","subcategory":"Social and Community Services","detail":"https://classic.savi.org/SAVI/PopUps/AssetMoreInfo.aspx?AssetID=931176"}},{"type":"Feature","geometry":{"type":"Point","coordinates":[-86.21795587,39.80946462]},"properties":{"name":"Watch Me Grow","assetType":"Home Licensed Child Cares","dataYear":"2018","assetId":"930965","subcategory":"Social and Community Services","detail":"https://classic.savi.org/SAVI/PopUps/AssetMoreInfo.aspx?AssetID=930965"}},{"type":"Feature","geometry":{"type":"Point","coordinates":[-86.21771504,39.80957035]},"properties":{"name":"Watch Me Grow","assetType":"Home Licensed Child Cares","dataYear":"2018","assetId":"930971","subcategory":"Social and Community Services","detail":"https://classic.savi.org/SAVI/PopUps/AssetMoreInfo.aspx?AssetID=930971"}},{"type":"Feature","geometry":{"type":"Point","coordinates":[-86.2181245,39.80947544]},"properties":{"name":"Watch Me Grow","assetType":"Home Licensed Child Cares","dataYear":"2018","assetId":"930964","subcategory":"Social and Community Services","detail":"https://classic.savi.org/SAVI/PopUps/AssetMoreInfo.aspx?AssetID=930964"}},{"type":"Feature","geometry":{"type":"Point","coordinates":[-86.14805681,39.80696058]},"properties":{"name":"Wee Can Daycare","assetType":"Home Licensed Child Cares","dataYear":"2018","assetId":"930967","subcategory":"Social and Community Services","detail":"https://classic.savi.org/SAVI/PopUps/AssetMoreInfo.aspx?AssetID=930967"}},{"type":"Feature","geometry":{"type":"Point","coordinates":[-86.06622106,39.82652053]},"properties":{"name":"Wee the Children Childcare","assetType":"Home Licensed Child Cares","dataYear":"2018","assetId":"931273","subcategory":"Social and Community Services","detail":"https://classic.savi.org/SAVI/PopUps/AssetMoreInfo.aspx?AssetID=931273"}},{"type":"Feature","geometry":{"type":"Point","coordinates":[-86.02387149,40.07997851]},"properties":{"name":"Woodland Learning Center LLC","assetType":"Home Licensed Child Cares","dataYear":"2018","assetId":"931540","subcategory":"Social and Community Services","detail":"https://classic.savi.org/SAVI/PopUps/AssetMoreInfo.aspx?AssetID=931540"}},{"type":"Feature","geometry":{"type":"Point","coordinates":[-86.05128721,39.83432373]},"properties":{"name":"Y C Innovation Laboratory","assetType":"Home Licensed Child Cares","dataYear":"2018","assetId":"931327","subcategory":"Social and Community Services","detail":"https://classic.savi.org/SAVI/PopUps/AssetMoreInfo.aspx?AssetID=931327"}},{"type":"Feature","geometry":{"type":"Point","coordinates":[-85.68992321,40.07239077]},"properties":{"name":"YOUNG AT HEART","assetType":"Home Licensed Child Cares","dataYear":"2018","assetId":"931472","subcategory":"Social and Community Services","detail":"https://classic.savi.org/SAVI/PopUps/AssetMoreInfo.aspx?AssetID=931472"}},{"type":"Feature","geometry":{"type":"Point","coordinates":[-85.744351,39.55959156]},"properties":{"name":"Your Child Your Care Day Care","assetType":"Home Licensed Child Cares","dataYear":"2018","assetId":"931089","subcategory":"Social and Community Services","detail":"https://classic.savi.org/SAVI/PopUps/AssetMoreInfo.aspx?AssetID=931089"}},{"type":"Feature","geometry":{"type":"Point","coordinates":[-86.01715199,39.83352995]},"properties":{"name":"Zetta s Place","assetType":"Home Licensed Child Cares","dataYear":"2018","assetId":"931202","subcategory":"Social and Community Services","detail":"https://classic.savi.org/SAVI/PopUps/AssetMoreInfo.aspx?AssetID=931202"}},{"type":"Feature","geometry":{"type":"Point","coordinates":[-86.01715199,39.83352995]},"properties":{"name":"Zetta s Place","assetType":"Home Licensed Child Cares","dataYear":"2018","assetId":"931203","subcategory":"Social and Community Services","detail":"https://classic.savi.org/SAVI/PopUps/AssetMoreInfo.aspx?AssetID=931203"}},{"type":"Feature","geometry":{"type":"Point","coordinates":[-85.99248233,39.80099747]},"properties":{"name":"learning 2 Love Childcare LLC","assetType":"Home Licensed Child Cares","dataYear":"2018","assetId":"931330","subcategory":"Social and Community Services","detail":"https://classic.savi.org/SAVI/PopUps/AssetMoreInfo.aspx?AssetID=931330"}},{"type":"Feature","geometry":{"type":"Point","coordinates":[-86.17378006,39.80218159]},"properties":{"name":"A Learning Bee Academy Pre-K Corp","assetType":"Ministry Child Cares","dataYear":"2018","assetId":"931668","subcategory":"Social and Community Services","detail":"https://classic.savi.org/SAVI/PopUps/AssetMoreInfo.aspx?AssetID=931668"}},{"type":"Feature","geometry":{"type":"Point","coordinates":[-86.20082209,39.8622999]},"properties":{"name":"A Place to Grow Child Care","assetType":"Ministry Child Cares","dataYear":"2018","assetId":"931709","subcategory":"Social and Community Services","detail":"https://classic.savi.org/SAVI/PopUps/AssetMoreInfo.aspx?AssetID=931709"}},{"type":"Feature","geometry":{"type":"Point","coordinates":[-86.10540301,39.82850444]},"properties":{"name":"A Step Above Child Care","assetType":"Ministry Child Cares","dataYear":"2018","assetId":"931764","subcategory":"Social and Community Services","detail":"https://classic.savi.org/SAVI/PopUps/AssetMoreInfo.aspx?AssetID=931764"}},{"type":"Feature","geometry":{"type":"Point","coordinates":[-86.27465961,39.77960962]},"properties":{"name":"ABC Kidz Learning Academy Ministry","assetType":"Ministry Child Cares","dataYear":"2018","assetId":"931672","subcategory":"Social and Community Services","detail":"https://classic.savi.org/SAVI/PopUps/AssetMoreInfo.aspx?AssetID=931672"}},{"type":"Feature","geometry":{"type":"Point","coordinates":[-86.10902877,39.71349149]},"properties":{"name":"ACTS Academy","assetType":"Ministry Child Cares","dataYear":"2018","assetId":"931823","subcategory":"Social and Community Services","detail":"https://classic.savi.org/SAVI/PopUps/AssetMoreInfo.aspx?AssetID=931823"}},{"type":"Feature","geometry":{"type":"Point","coordinates":[-85.97384136,39.87298539]},"properties":{"name":"Abounding Grace Christian Academy","assetType":"Ministry Child Cares","dataYear":"2018","assetId":"931814","subcategory":"Social and Community Services","detail":"https://classic.savi.org/SAVI/PopUps/AssetMoreInfo.aspx?AssetID=931814"}},{"type":"Feature","geometry":{"type":"Point","coordinates":[-86.03429247,39.9053196]},"properties":{"name":"Abundant Life School","assetType":"Ministry Child Cares","dataYear":"2018","assetId":"931822","subcategory":"Social and Community Services","detail":"https://classic.savi.org/SAVI/PopUps/AssetMoreInfo.aspx?AssetID=931822"}},{"type":"Feature","geometry":{"type":"Point","coordinates":[-85.97627814,39.68673764]},"properties":{"name":"Acton United Methodist Church Preschool","assetType":"Ministry Child Cares","dataYear":"2018","assetId":"931685","subcategory":"Social and Community Services","detail":"https://classic.savi.org/SAVI/PopUps/AssetMoreInfo.aspx?AssetID=931685"}},{"type":"Feature","geometry":{"type":"Point","coordinates":[-86.03253083,39.9280626]},"properties":{"name":"Adventureland Childcare","assetType":"Ministry Child Cares","dataYear":"2018","assetId":"931882","subcategory":"Social and Community Services","detail":"https://classic.savi.org/SAVI/PopUps/AssetMoreInfo.aspx?AssetID=931882"}},{"type":"Feature","geometry":{"type":"Point","coordinates":[-86.24033236,39.85215228]},"properties":{"name":"Al-Haqq Foundation Academy Daycare","assetType":"Ministry Child Cares","dataYear":"2018","assetId":"931730","subcategory":"Social and Community Services","detail":"https://classic.savi.org/SAVI/PopUps/AssetMoreInfo.aspx?AssetID=931730"}},{"type":"Feature","geometry":{"type":"Point","coordinates":[-86.1121478,39.82510193]},"properties":{"name":"Alphabet Angels Childcare 2","assetType":"Ministry Child Cares","dataYear":"2018","assetId":"931664","subcategory":"Social and Community Services","detail":"https://classic.savi.org/SAVI/PopUps/AssetMoreInfo.aspx?AssetID=931664"}},{"type":"Feature","geometry":{"type":"Point","coordinates":[-86.12074175,39.80133787]},"properties":{"name":"Angel Care Child Development Ministry","assetType":"Ministry Child Cares","dataYear":"2018","assetId":"931817","subcategory":"Social and Community Services","detail":"https://classic.savi.org/SAVI/PopUps/AssetMoreInfo.aspx?AssetID=931817"}},{"type":"Feature","geometry":{"type":"Point","coordinates":[-86.08864975,39.82521122]},"properties":{"name":"Angel Heart II Child care Ministry","assetType":"Ministry Child Cares","dataYear":"2018","assetId":"931762","subcategory":"Social and Community Services","detail":"https://classic.savi.org/SAVI/PopUps/AssetMoreInfo.aspx?AssetID=931762"}},{"type":"Feature","geometry":{"type":"Point","coordinates":[-86.08316139,39.69493783]},"properties":{"name":"Angels of Hope Ministry","assetType":"Ministry Child Cares","dataYear":"2018","assetId":"931720","subcategory":"Social and Community Services","detail":"https://classic.savi.org/SAVI/PopUps/AssetMoreInfo.aspx?AssetID=931720"}},{"type":"Feature","geometry":{"type":"Point","coordinates":[-86.21252592,39.80160519]},"properties":{"name":"Angels of Yandes","assetType":"Ministry Child Cares","dataYear":"2018","assetId":"931769","subcategory":"Social and Community Services","detail":"https://classic.savi.org/SAVI/PopUps/AssetMoreInfo.aspx?AssetID=931769"}},{"type":"Feature","geometry":{"type":"Point","coordinates":[-86.38823083,39.69764261]},"properties":{"name":"Beginning Steps Childcare Ministry","assetType":"Ministry Child Cares","dataYear":"2018","assetId":"931858","subcategory":"Social and Community Services","detail":"https://classic.savi.org/SAVI/PopUps/AssetMoreInfo.aspx?AssetID=931858"}},{"type":"Feature","geometry":{"type":"Point","coordinates":[-86.14596559,39.91305315]},"properties":{"name":"Beginnings Preschool and Child Care","assetType":"Ministry Child Cares","dataYear":"2018","assetId":"931752","subcategory":"Social and Community Services","detail":"https://classic.savi.org/SAVI/PopUps/AssetMoreInfo.aspx?AssetID=931752"}},{"type":"Feature","geometry":{"type":"Point","coordinates":[-86.00191164,39.85912507]},"properties":{"name":"Benjamin Harrison - Early Learning Preschool","assetType":"Ministry Child Cares","dataYear":"2018","assetId":"931660","subcategory":"Social and Community Services","detail":"https://classic.savi.org/SAVI/PopUps/AssetMoreInfo.aspx?AssetID=931660"}},{"type":"Feature","geometry":{"type":"Point","coordinates":[-86.15000671,39.69673304]},"properties":{"name":"Bethany Early Learning Ministry","assetType":"Ministry Child Cares","dataYear":"2018","assetId":"931798","subcategory":"Social and Community Services","detail":"https://classic.savi.org/SAVI/PopUps/AssetMoreInfo.aspx?AssetID=931798"}},{"type":"Feature","geometry":{"type":"Point","coordinates":[-86.2510904,39.84619159]},"properties":{"name":"Bethel Early Childhood Academy","assetType":"Ministry Child Cares","dataYear":"2018","assetId":"931749","subcategory":"Social and Community Services","detail":"https://classic.savi.org/SAVI/PopUps/AssetMoreInfo.aspx?AssetID=931749"}},{"type":"Feature","geometry":{"type":"Point","coordinates":[-86.15445203,39.72914173]},"properties":{"name":"Better Beginnings","assetType":"Ministry Child Cares","dataYear":"2018","assetId":"931780","subcategory":"Social and Community Services","detail":"https://classic.savi.org/SAVI/PopUps/AssetMoreInfo.aspx?AssetID=931780"}},{"type":"Feature","geometry":{"type":"Point","coordinates":[-86.30640665,39.79566155]},"properties":{"name":"Blended Tots","assetType":"Ministry Child Cares","dataYear":"2018","assetId":"931705","subcategory":"Social and Community Services","detail":"https://classic.savi.org/SAVI/PopUps/AssetMoreInfo.aspx?AssetID=931705"}},{"type":"Feature","geometry":{"type":"Point","coordinates":[-86.00294089,39.80541433]},"properties":{"name":"Blessed and Highly Favored Preschool Academy Ministry","assetType":"Ministry Child Cares","dataYear":"2018","assetId":"931673","subcategory":"Social and Community Services","detail":"https://classic.savi.org/SAVI/PopUps/AssetMoreInfo.aspx?AssetID=931673"}},{"type":"Feature","geometry":{"type":"Point","coordinates":[-86.10943155,39.60894871]},"properties":{"name":"Bright Beginnings Academy","assetType":"Ministry Child Cares","dataYear":"2018","assetId":"931850","subcategory":"Social and Community Services","detail":"https://classic.savi.org/SAVI/PopUps/AssetMoreInfo.aspx?AssetID=931850"}},{"type":"Feature","geometry":{"type":"Point","coordinates":[-86.09975758,39.78886961]},"properties":{"name":"Bright Beginnings Learning Academy","assetType":"Ministry Child Cares","dataYear":"2018","assetId":"931775","subcategory":"Social and Community Services","detail":"https://classic.savi.org/SAVI/PopUps/AssetMoreInfo.aspx?AssetID=931775"}},{"type":"Feature","geometry":{"type":"Point","coordinates":[-86.09888525,39.66685057]},"properties":{"name":"Busy Bee Child Care Ministry Inc","assetType":"Ministry Child Cares","dataYear":"2018","assetId":"931739","subcategory":"Social and Community Services","detail":"https://classic.savi.org/SAVI/PopUps/AssetMoreInfo.aspx?AssetID=931739"}},{"type":"Feature","geometry":{"type":"Point","coordinates":[-86.04597742,39.88391613]},"properties":{"name":"Castleton United Methodist Nursery School CUMNS KIDS","assetType":"Ministry Child Cares","dataYear":"2018","assetId":"931781","subcategory":"Social and Community Services","detail":"https://classic.savi.org/SAVI/PopUps/AssetMoreInfo.aspx?AssetID=931781"}},{"type":"Feature","geometry":{"type":"Point","coordinates":[-86.12452402,39.62866655]},"properties":{"name":"Celebrate Life Childcare","assetType":"Ministry Child Cares","dataYear":"2018","assetId":"931847","subcategory":"Social and Community Services","detail":"https://classic.savi.org/SAVI/PopUps/AssetMoreInfo.aspx?AssetID=931847"}},{"type":"Feature","geometry":{"type":"Point","coordinates":[-85.95880282,39.87004087]},"properties":{"name":"Celebrate Life Childcare Academy","assetType":"Ministry Child Cares","dataYear":"2018","assetId":"931772","subcategory":"Social and Community Services","detail":"https://classic.savi.org/SAVI/PopUps/AssetMoreInfo.aspx?AssetID=931772"}},{"type":"Feature","geometry":{"type":"Point","coordinates":[-85.89399885,39.73413839]},"properties":{"name":"Celebrations Child Care Ministry","assetType":"Ministry Child Cares","dataYear":"2018","assetId":"931869","subcategory":"Social and Community Services","detail":"https://classic.savi.org/SAVI/PopUps/AssetMoreInfo.aspx?AssetID=931869"}},{"type":"Feature","geometry":{"type":"Point","coordinates":[-86.20502466,39.77983413]},"properties":{"name":"Charity Child Care","assetType":"Ministry Child Cares","dataYear":"2018","assetId":"931824","subcategory":"Social and Community Services","detail":"https://classic.savi.org/SAVI/PopUps/AssetMoreInfo.aspx?AssetID=931824"}},{"type":"Feature","geometry":{"type":"Point","coordinates":[-86.36740459,39.61897256]},"properties":{"name":"Children s Christian Playhouse & Preschool","assetType":"Ministry Child Cares","dataYear":"2018","assetId":"931643","subcategory":"Social and Community Services","detail":"https://classic.savi.org/SAVI/PopUps/AssetMoreInfo.aspx?AssetID=931643"}},{"type":"Feature","geometry":{"type":"Point","coordinates":[-86.28680759,39.96646978]},"properties":{"name":"Children s Learning Program","assetType":"Ministry Child Cares","dataYear":"2018","assetId":"931892","subcategory":"Social and Community Services","detail":"https://classic.savi.org/SAVI/PopUps/AssetMoreInfo.aspx?AssetID=931892"}},{"type":"Feature","geometry":{"type":"Point","coordinates":[-86.18855656,39.87708446]},"properties":{"name":"Christ Church Child Care Ministry and Christian Academy","assetType":"Ministry Child Cares","dataYear":"2018","assetId":"931782","subcategory":"Social and Community Services","detail":"https://classic.savi.org/SAVI/PopUps/AssetMoreInfo.aspx?AssetID=931782"}},{"type":"Feature","geometry":{"type":"Point","coordinates":[-86.27992843,39.95544677]},"properties":{"name":"Christ Lutheran Church Preschool","assetType":"Ministry Child Cares","dataYear":"2018","assetId":"931891","subcategory":"Social and Community Services","detail":"https://classic.savi.org/SAVI/PopUps/AssetMoreInfo.aspx?AssetID=931891"}},{"type":"Feature","geometry":{"type":"Point","coordinates":[-86.38653675,39.83583188]},"properties":{"name":"Christ Lutheran Preschool","assetType":"Ministry Child Cares","dataYear":"2018","assetId":"931863","subcategory":"Social and Community Services","detail":"https://classic.savi.org/SAVI/PopUps/AssetMoreInfo.aspx?AssetID=931863"}},{"type":"Feature","geometry":{"type":"Point","coordinates":[-86.16730584,39.79783963]},"properties":{"name":"Christ Temple Christian Academy","assetType":"Ministry Child Cares","dataYear":"2018","assetId":"931783","subcategory":"Social and Community Services","detail":"https://classic.savi.org/SAVI/PopUps/AssetMoreInfo.aspx?AssetID=931783"}},{"type":"Feature","geometry":{"type":"Point","coordinates":[-86.02394679,40.11882762]},"properties":{"name":"Cicero Christian School","assetType":"Ministry Child Cares","dataYear":"2018","assetId":"931889","subcategory":"Social and Community Services","detail":"https://classic.savi.org/SAVI/PopUps/AssetMoreInfo.aspx?AssetID=931889"}},{"type":"Feature","geometry":{"type":"Point","coordinates":[-86.00899624,39.99312633]},"properties":{"name":"Community Montessori School","assetType":"Ministry Child Cares","dataYear":"2018","assetId":"931883","subcategory":"Social and Community Services","detail":"https://classic.savi.org/SAVI/PopUps/AssetMoreInfo.aspx?AssetID=931883"}},{"type":"Feature","geometry":{"type":"Point","coordinates":[-86.39485679,39.87457413]},"properties":{"name":"Connection Pointe Christian Academy","assetType":"Ministry Child Cares","dataYear":"2018","assetId":"931862","subcategory":"Social and Community Services","detail":"https://classic.savi.org/SAVI/PopUps/AssetMoreInfo.aspx?AssetID=931862"}},{"type":"Feature","geometry":{"type":"Point","coordinates":[-85.9968027,39.48365155]},"properties":{"name":"Covenant Christian Early Learning Place","assetType":"Ministry Child Cares","dataYear":"2018","assetId":"931852","subcategory":"Social and Community Services","detail":"https://classic.savi.org/SAVI/PopUps/AssetMoreInfo.aspx?AssetID=931852"}},{"type":"Feature","geometry":{"type":"Point","coordinates":[-86.39441635,39.74803011]},"properties":{"name":"Crossroads Daycare","assetType":"Ministry Child Cares","dataYear":"2018","assetId":"931865","subcategory":"Social and Community Services","detail":"https://classic.savi.org/SAVI/PopUps/AssetMoreInfo.aspx?AssetID=931865"}},{"type":"Feature","geometry":{"type":"Point","coordinates":[-86.1444738,39.91176917]},"properties":{"name":"Cuddle Kiddies Childcare Academy","assetType":"Ministry Child Cares","dataYear":"2018","assetId":"931768","subcategory":"Social and Community Services","detail":"https://classic.savi.org/SAVI/PopUps/AssetMoreInfo.aspx?AssetID=931768"}},{"type":"Feature","geometry":{"type":"Point","coordinates":[-86.11630261,39.76919025]},"properties":{"name":"DayStar Childcare","assetType":"Ministry Child Cares","dataYear":"2018","assetId":"931784","subcategory":"Social and Community Services","detail":"https://classic.savi.org/SAVI/PopUps/AssetMoreInfo.aspx?AssetID=931784"}},{"type":"Feature","geometry":{"type":"Point","coordinates":[-86.15010796,39.82449104]},"properties":{"name":"Decisions Childcare Ministry","assetType":"Ministry Child Cares","dataYear":"2018","assetId":"931761","subcategory":"Social and Community Services","detail":"https://classic.savi.org/SAVI/PopUps/AssetMoreInfo.aspx?AssetID=931761"}},{"type":"Feature","geometry":{"type":"Point","coordinates":[-86.12623059,39.85087542]},"properties":{"name":"Destiny s Child Childcare Ministry Inc","assetType":"Ministry Child Cares","dataYear":"2018","assetId":"931708","subcategory":"Social and Community Services","detail":"https://classic.savi.org/SAVI/PopUps/AssetMoreInfo.aspx?AssetID=931708"}},{"type":"Feature","geometry":{"type":"Point","coordinates":[-86.61862331,40.05367015]},"properties":{"name":"Dover Christian Academy","assetType":"Ministry Child Cares","dataYear":"2018","assetId":"931895","subcategory":"Social and Community Services","detail":"https://classic.savi.org/SAVI/PopUps/AssetMoreInfo.aspx?AssetID=931895"}},{"type":"Feature","geometry":{"type":"Point","coordinates":[-86.01078504,39.8247793]},"properties":{"name":"Early Leader Child Care Ministries Inc","assetType":"Ministry Child Cares","dataYear":"2018","assetId":"931654","subcategory":"Social and Community Services","detail":"https://classic.savi.org/SAVI/PopUps/AssetMoreInfo.aspx?AssetID=931654"}},{"type":"Feature","geometry":{"type":"Point","coordinates":[-86.09798362,39.62740143]},"properties":{"name":"Early Learning Community","assetType":"Ministry Child Cares","dataYear":"2018","assetId":"931851","subcategory":"Social and Community Services","detail":"https://classic.savi.org/SAVI/PopUps/AssetMoreInfo.aspx?AssetID=931851"}},{"type":"Feature","geometry":{"type":"Point","coordinates":[-86.06312064,39.91960073]},"properties":{"name":"East 91st Early Learning Ministry","assetType":"Ministry Child Cares","dataYear":"2018","assetId":"931813","subcategory":"Social and Community Services","detail":"https://classic.savi.org/SAVI/PopUps/AssetMoreInfo.aspx?AssetID=931813"}},{"type":"Feature","geometry":{"type":"Point","coordinates":[-86.12221152,39.78121033]},"properties":{"name":"East Tenth United Methodist Children and Youth Registered Ministry","assetType":"Ministry Child Cares","dataYear":"2018","assetId":"931792","subcategory":"Social and Community Services","detail":"https://classic.savi.org/SAVI/PopUps/AssetMoreInfo.aspx?AssetID=931792"}},{"type":"Feature","geometry":{"type":"Point","coordinates":[-86.2061589,39.77768901]},"properties":{"name":"Eden Child Development Ministry","assetType":"Ministry Child Cares","dataYear":"2018","assetId":"931832","subcategory":"Social and Community Services","detail":"https://classic.savi.org/SAVI/PopUps/AssetMoreInfo.aspx?AssetID=931832"}},{"type":"Feature","geometry":{"type":"Point","coordinates":[-86.11906234,39.80329876]},"properties":{"name":"Edna Martin Childcare Ministry","assetType":"Ministry Child Cares","dataYear":"2018","assetId":"931748","subcategory":"Social and Community Services","detail":"https://classic.savi.org/SAVI/PopUps/AssetMoreInfo.aspx?AssetID=931748"}},{"type":"Feature","geometry":{"type":"Point","coordinates":[-86.08791562,39.81262471]},"properties":{"name":"Emmanuel Preparatory Academy","assetType":"Ministry Child Cares","dataYear":"2018","assetId":"931785","subcategory":"Social and Community Services","detail":"https://classic.savi.org/SAVI/PopUps/AssetMoreInfo.aspx?AssetID=931785"}},{"type":"Feature","geometry":{"type":"Point","coordinates":[-86.08880547,39.81040958]},"properties":{"name":"Emmanuel Preparatory Academy Too","assetType":"Ministry Child Cares","dataYear":"2018","assetId":"931829","subcategory":"Social and Community Services","detail":"https://classic.savi.org/SAVI/PopUps/AssetMoreInfo.aspx?AssetID=931829"}},{"type":"Feature","geometry":{"type":"Point","coordinates":[-86.24355496,39.78027849]},"properties":{"name":"Enriched Before and After School Program","assetType":"Ministry Child Cares","dataYear":"2018","assetId":"931721","subcategory":"Social and Community Services","detail":"https://classic.savi.org/SAVI/PopUps/AssetMoreInfo.aspx?AssetID=931721"}},{"type":"Feature","geometry":{"type":"Point","coordinates":[-86.09426597,39.87441932]},"properties":{"name":"Epworth Weekday Children s Ministries","assetType":"Ministry Child Cares","dataYear":"2018","assetId":"931686","subcategory":"Social and Community Services","detail":"https://classic.savi.org/SAVI/PopUps/AssetMoreInfo.aspx?AssetID=931686"}},{"type":"Feature","geometry":{"type":"Point","coordinates":[-86.21151658,39.88808937]},"properties":{"name":"Exploring Minds Learning Academy","assetType":"Ministry Child Cares","dataYear":"2018","assetId":"931669","subcategory":"Social and Community Services","detail":"https://classic.savi.org/SAVI/PopUps/AssetMoreInfo.aspx?AssetID=931669"}},{"type":"Feature","geometry":{"type":"Point","coordinates":[-86.16156934,39.83959604]},"properties":{"name":"Fairview Early Childhood Program","assetType":"Ministry Child Cares","dataYear":"2018","assetId":"931786","subcategory":"Social and Community Services","detail":"https://classic.savi.org/SAVI/PopUps/AssetMoreInfo.aspx?AssetID=931786"}},{"type":"Feature","geometry":{"type":"Point","coordinates":[-86.19588171,39.86003666]},"properties":{"name":"Faith Christian Academy","assetType":"Ministry Child Cares","dataYear":"2018","assetId":"931727","subcategory":"Social and Community Services","detail":"https://classic.savi.org/SAVI/PopUps/AssetMoreInfo.aspx?AssetID=931727"}},{"type":"Feature","geometry":{"type":"Point","coordinates":[-85.83546093,39.90140988]},"properties":{"name":"Faithful Beginnings","assetType":"Ministry Child Cares","dataYear":"2018","assetId":"931877","subcategory":"Social and Community Services","detail":"https://classic.savi.org/SAVI/PopUps/AssetMoreInfo.aspx?AssetID=931877"}},{"type":"Feature","geometry":{"type":"Point","coordinates":[-86.61780452,39.99577016]},"properties":{"name":"Fellowship Friends Daycare Ministry","assetType":"Ministry Child Cares","dataYear":"2018","assetId":"931836","subcategory":"Social and Community Services","detail":"https://classic.savi.org/SAVI/PopUps/AssetMoreInfo.aspx?AssetID=931836"}},{"type":"Feature","geometry":{"type":"Point","coordinates":[-85.98197765,39.82648976]},"properties":{"name":"Fervent Care Child Care Ministry 2","assetType":"Ministry Child Cares","dataYear":"2018","assetId":"931808","subcategory":"Social and Community Services","detail":"https://classic.savi.org/SAVI/PopUps/AssetMoreInfo.aspx?AssetID=931808"}},{"type":"Feature","geometry":{"type":"Point","coordinates":[-85.98197765,39.82648976]},"properties":{"name":"Fervent Care Child Care Ministry 3","assetType":"Ministry Child Cares","dataYear":"2018","assetId":"931826","subcategory":"Social and Community Services","detail":"https://classic.savi.org/SAVI/PopUps/AssetMoreInfo.aspx?AssetID=931826"}},{"type":"Feature","geometry":{"type":"Point","coordinates":[-86.3758277,39.62181901]},"properties":{"name":"First Baptist Day Care","assetType":"Ministry Child Cares","dataYear":"2018","assetId":"931644","subcategory":"Social and Community Services","detail":"https://classic.savi.org/SAVI/PopUps/AssetMoreInfo.aspx?AssetID=931644"}},{"type":"Feature","geometry":{"type":"Point","coordinates":[-86.24128755,39.84968108]},"properties":{"name":"First Step Child Care Ministry","assetType":"Ministry Child Cares","dataYear":"2018","assetId":"931778","subcategory":"Social and Community Services","detail":"https://classic.savi.org/SAVI/PopUps/AssetMoreInfo.aspx?AssetID=931778"}},{"type":"Feature","geometry":{"type":"Point","coordinates":[-86.13099241,39.75215184]},"properties":{"name":"Fletcher Place Preschool","assetType":"Ministry Child Cares","dataYear":"2018","assetId":"931755","subcategory":"Social and Community Services","detail":"https://classic.savi.org/SAVI/PopUps/AssetMoreInfo.aspx?AssetID=931755"}},{"type":"Feature","geometry":{"type":"Point","coordinates":[-86.50188311,39.76784968]},"properties":{"name":"Freedom Learning Ministry","assetType":"Ministry Child Cares","dataYear":"2018","assetId":"931861","subcategory":"Social and Community Services","detail":"https://classic.savi.org/SAVI/PopUps/AssetMoreInfo.aspx?AssetID=931861"}},{"type":"Feature","geometry":{"type":"Point","coordinates":[-86.21228239,39.78467548]},"properties":{"name":"Friendship Christian Academy & Child Care Ministry","assetType":"Ministry Child Cares","dataYear":"2018","assetId":"931787","subcategory":"Social and Community Services","detail":"https://classic.savi.org/SAVI/PopUps/AssetMoreInfo.aspx?AssetID=931787"}},{"type":"Feature","geometry":{"type":"Point","coordinates":[-86.08279676,39.5869057]},"properties":{"name":"Friendship Kids Preschool and Childcare","assetType":"Ministry Child Cares","dataYear":"2018","assetId":"931846","subcategory":"Social and Community Services","detail":"https://classic.savi.org/SAVI/PopUps/AssetMoreInfo.aspx?AssetID=931846"}},{"type":"Feature","geometry":{"type":"Point","coordinates":[-86.02532378,39.82517641]},"properties":{"name":"Fun Times Childcare Ministry Inc","assetType":"Ministry Child Cares","dataYear":"2018","assetId":"931694","subcategory":"Social and Community Services","detail":"https://classic.savi.org/SAVI/PopUps/AssetMoreInfo.aspx?AssetID=931694"}},{"type":"Feature","geometry":{"type":"Point","coordinates":[-86.04390003,39.84028033]},"properties":{"name":"GRDM Child Care","assetType":"Ministry Child Cares","dataYear":"2018","assetId":"931680","subcategory":"Social and Community Services","detail":"https://classic.savi.org/SAVI/PopUps/AssetMoreInfo.aspx?AssetID=931680"}},{"type":"Feature","geometry":{"type":"Point","coordinates":[-85.97092588,39.973856]},"properties":{"name":"Geist Christian Church Weekday Ministries - Promise Road","assetType":"Ministry Child Cares","dataYear":"2018","assetId":"931884","subcategory":"Social and Community Services","detail":"https://classic.savi.org/SAVI/PopUps/AssetMoreInfo.aspx?AssetID=931884"}},{"type":"Feature","geometry":{"type":"Point","coordinates":[-85.99526598,39.91169905]},"properties":{"name":"Geist Christian Church Weekday Ministries Mud Creek Road","assetType":"Ministry Child Cares","dataYear":"2018","assetId":"931777","subcategory":"Social and Community Services","detail":"https://classic.savi.org/SAVI/PopUps/AssetMoreInfo.aspx?AssetID=931777"}},{"type":"Feature","geometry":{"type":"Point","coordinates":[-85.94088893,39.91473634]},"properties":{"name":"Geist Kids Academy","assetType":"Ministry Child Cares","dataYear":"2018","assetId":"931704","subcategory":"Social and Community Services","detail":"https://classic.savi.org/SAVI/PopUps/AssetMoreInfo.aspx?AssetID=931704"}},{"type":"Feature","geometry":{"type":"Point","coordinates":[-86.01350477,39.76113717]},"properties":{"name":"God s Little Wonders Too Daycare","assetType":"Ministry Child Cares","dataYear":"2018","assetId":"931648","subcategory":"Social and Community Services","detail":"https://classic.savi.org/SAVI/PopUps/AssetMoreInfo.aspx?AssetID=931648"}},{"type":"Feature","geometry":{"type":"Point","coordinates":[-86.32736796,39.74847681]},"properties":{"name":"Grace Pointe Child Development Ministries","assetType":"Ministry Child Cares","dataYear":"2018","assetId":"931860","subcategory":"Social and Community Services","detail":"https://classic.savi.org/SAVI/PopUps/AssetMoreInfo.aspx?AssetID=931860"}},{"type":"Feature","geometry":{"type":"Point","coordinates":[-86.09889384,39.82505887]},"properties":{"name":"Great Horizons Childcare And Preschool","assetType":"Ministry Child Cares","dataYear":"2018","assetId":"931759","subcategory":"Social and Community Services","detail":"https://classic.savi.org/SAVI/PopUps/AssetMoreInfo.aspx?AssetID=931759"}},{"type":"Feature","geometry":{"type":"Point","coordinates":[-86.0739988,39.82210961]},"properties":{"name":"Greater Morning Star Baptist Church Child Care Min","assetType":"Ministry Child Cares","dataYear":"2018","assetId":"931788","subcategory":"Social and Community Services","detail":"https://classic.savi.org/SAVI/PopUps/AssetMoreInfo.aspx?AssetID=931788"}},{"type":"Feature","geometry":{"type":"Point","coordinates":[-86.07486001,39.82554963]},"properties":{"name":"Greater St Mark Five Star Ministry","assetType":"Ministry Child Cares","dataYear":"2018","assetId":"931678","subcategory":"Social and Community Services","detail":"https://classic.savi.org/SAVI/PopUps/AssetMoreInfo.aspx?AssetID=931678"}},{"type":"Feature","geometry":{"type":"Point","coordinates":[-86.11887248,39.58743427]},"properties":{"name":"Greenwood Christian Church Child Care Ministry","assetType":"Ministry Child Cares","dataYear":"2018","assetId":"931844","subcategory":"Social and Community Services","detail":"https://classic.savi.org/SAVI/PopUps/AssetMoreInfo.aspx?AssetID=931844"}},{"type":"Feature","geometry":{"type":"Point","coordinates":[-86.07085543,39.82554963]},"properties":{"name":"Guardian Angels Star Ministry Inc","assetType":"Ministry Child Cares","dataYear":"2018","assetId":"931698","subcategory":"Social and Community Services","detail":"https://classic.savi.org/SAVI/PopUps/AssetMoreInfo.aspx?AssetID=931698"}},{"type":"Feature","geometry":{"type":"Point","coordinates":[-86.00683868,39.97425961]},"properties":{"name":"H O M E Helping Others Mature Everyday Education Academy Inc","assetType":"Ministry Child Cares","dataYear":"2018","assetId":"931885","subcategory":"Social and Community Services","detail":"https://classic.savi.org/SAVI/PopUps/AssetMoreInfo.aspx?AssetID=931885"}},{"type":"Feature","geometry":{"type":"Point","coordinates":[-86.03818197,39.77288393]},"properties":{"name":"Happy Feet Child Care Ministry and Family Svcs","assetType":"Ministry Child Cares","dataYear":"2018","assetId":"931652","subcategory":"Social and Community Services","detail":"https://classic.savi.org/SAVI/PopUps/AssetMoreInfo.aspx?AssetID=931652"}},{"type":"Feature","geometry":{"type":"Point","coordinates":[-86.21069278,39.78049859]},"properties":{"name":"Harmony House Christian Childcare","assetType":"Ministry Child Cares","dataYear":"2018","assetId":"931766","subcategory":"Social and Community Services","detail":"https://classic.savi.org/SAVI/PopUps/AssetMoreInfo.aspx?AssetID=931766"}},{"type":"Feature","geometry":{"type":"Point","coordinates":[-86.0092633,39.7391279]},"properties":{"name":"Harvestime Assembly of God Church Daycare Ministry","assetType":"Ministry Child Cares","dataYear":"2018","assetId":"931789","subcategory":"Social and Community Services","detail":"https://classic.savi.org/SAVI/PopUps/AssetMoreInfo.aspx?AssetID=931789"}},{"type":"Feature","geometry":{"type":"Point","coordinates":[-86.17571634,39.8765628]},"properties":{"name":"Hasten Hebrew Academy","assetType":"Ministry Child Cares","dataYear":"2018","assetId":"931691","subcategory":"Social and Community Services","detail":"https://classic.savi.org/SAVI/PopUps/AssetMoreInfo.aspx?AssetID=931691"}},{"type":"Feature","geometry":{"type":"Point","coordinates":[-86.15560437,40.08586521]},"properties":{"name":"HeartPointe Daycare & Preschool","assetType":"Ministry Child Cares","dataYear":"2018","assetId":"931879","subcategory":"Social and Community Services","detail":"https://classic.savi.org/SAVI/PopUps/AssetMoreInfo.aspx?AssetID=931879"}},{"type":"Feature","geometry":{"type":"Point","coordinates":[-86.13118598,39.79252823]},"properties":{"name":"Helping Hands Childcare & Preschool","assetType":"Ministry Child Cares","dataYear":"2018","assetId":"931758","subcategory":"Social and Community Services","detail":"https://classic.savi.org/SAVI/PopUps/AssetMoreInfo.aspx?AssetID=931758"}},{"type":"Feature","geometry":{"type":"Point","coordinates":[-86.3683382,39.76772529]},"properties":{"name":"Hendricks Regional Health YMCA","assetType":"Ministry Child Cares","dataYear":"2018","assetId":"931866","subcategory":"Social and Community Services","detail":"https://classic.savi.org/SAVI/PopUps/AssetMoreInfo.aspx?AssetID=931866"}},{"type":"Feature","geometry":{"type":"Point","coordinates":[-86.02076172,39.95319785]},"properties":{"name":"Holy Family Episcopal Church Preschool","assetType":"Ministry Child Cares","dataYear":"2018","assetId":"931886","subcategory":"Social and Community Services","detail":"https://classic.savi.org/SAVI/PopUps/AssetMoreInfo.aspx?AssetID=931886"}},{"type":"Feature","geometry":{"type":"Point","coordinates":[-86.03836948,39.7811742]},"properties":{"name":"Holy Spirit Early Learning Childcare Ministry","assetType":"Ministry Child Cares","dataYear":"2018","assetId":"931736","subcategory":"Social and Community Services","detail":"https://classic.savi.org/SAVI/PopUps/AssetMoreInfo.aspx?AssetID=931736"}},{"type":"Feature","geometry":{"type":"Point","coordinates":[-86.01101083,39.70562715]},"properties":{"name":"Hope Daycare and Preschool","assetType":"Ministry Child Cares","dataYear":"2018","assetId":"931658","subcategory":"Social and Community Services","detail":"https://classic.savi.org/SAVI/PopUps/AssetMoreInfo.aspx?AssetID=931658"}},{"type":"Feature","geometry":{"type":"Point","coordinates":[-86.08198441,39.65423649]},"properties":{"name":"Hope Daycare and Preschool","assetType":"Ministry Child Cares","dataYear":"2018","assetId":"931659","subcategory":"Social and Community Services","detail":"https://classic.savi.org/SAVI/PopUps/AssetMoreInfo.aspx?AssetID=931659"}},{"type":"Feature","geometry":{"type":"Point","coordinates":[-86.31660029,39.74973299]},"properties":{"name":"Horizon Christian Preschool & Childcare","assetType":"Ministry Child Cares","dataYear":"2018","assetId":"931790","subcategory":"Social and Community Services","detail":"https://classic.savi.org/SAVI/PopUps/AssetMoreInfo.aspx?AssetID=931790"}},{"type":"Feature","geometry":{"type":"Point","coordinates":[-86.26921706,39.69261575]},"properties":{"name":"Humble Beginnings Childcare","assetType":"Ministry Child Cares","dataYear":"2018","assetId":"931677","subcategory":"Social and Community Services","detail":"https://classic.savi.org/SAVI/PopUps/AssetMoreInfo.aspx?AssetID=931677"}},{"type":"Feature","geometry":{"type":"Point","coordinates":[-86.25471158,39.84405514]},"properties":{"name":"Humble Beginnings Childcare Ministry","assetType":"Ministry Child Cares","dataYear":"2018","assetId":"931653","subcategory":"Social and Community Services","detail":"https://classic.savi.org/SAVI/PopUps/AssetMoreInfo.aspx?AssetID=931653"}},{"type":"Feature","geometry":{"type":"Point","coordinates":[-86.15731617,39.87586258]},"properties":{"name":"IHC - Early Childhood Ministry","assetType":"Ministry Child Cares","dataYear":"2018","assetId":"931791","subcategory":"Social and Community Services","detail":"https://classic.savi.org/SAVI/PopUps/AssetMoreInfo.aspx?AssetID=931791"}},{"type":"Feature","geometry":{"type":"Point","coordinates":[-86.1260299,39.6648304]},"properties":{"name":"Imagination Station A Weekday Children s Ministry of SUMC","assetType":"Ministry Child Cares","dataYear":"2018","assetId":"931756","subcategory":"Social and Community Services","detail":"https://classic.savi.org/SAVI/PopUps/AssetMoreInfo.aspx?AssetID=931756"}},{"type":"Feature","geometry":{"type":"Point","coordinates":[-86.03993314,39.76373151]},"properties":{"name":"In His Arms Child Care Ministry","assetType":"Ministry Child Cares","dataYear":"2018","assetId":"931763","subcategory":"Social and Community Services","detail":"https://classic.savi.org/SAVI/PopUps/AssetMoreInfo.aspx?AssetID=931763"}},{"type":"Feature","geometry":{"type":"Point","coordinates":[-86.27221254,39.82694987]},"properties":{"name":"Jesus Fellowship Kidz Ministry","assetType":"Ministry Child Cares","dataYear":"2018","assetId":"931726","subcategory":"Social and Community Services","detail":"https://classic.savi.org/SAVI/PopUps/AssetMoreInfo.aspx?AssetID=931726"}},{"type":"Feature","geometry":{"type":"Point","coordinates":[-86.07811335,39.78838475]},"properties":{"name":"Jumpstart Child Care","assetType":"Ministry Child Cares","dataYear":"2018","assetId":"931724","subcategory":"Social and Community Services","detail":"https://classic.savi.org/SAVI/PopUps/AssetMoreInfo.aspx?AssetID=931724"}},{"type":"Feature","geometry":{"type":"Point","coordinates":[-86.04507792,39.79175219]},"properties":{"name":"Kid N Play Learning Academy Inc","assetType":"Ministry Child Cares","dataYear":"2018","assetId":"931667","subcategory":"Social and Community Services","detail":"https://classic.savi.org/SAVI/PopUps/AssetMoreInfo.aspx?AssetID=931667"}},{"type":"Feature","geometry":{"type":"Point","coordinates":[-86.2724404,39.82163238]},"properties":{"name":"Kid-N-Play Childcare Ministry","assetType":"Ministry Child Cares","dataYear":"2018","assetId":"931656","subcategory":"Social and Community Services","detail":"https://classic.savi.org/SAVI/PopUps/AssetMoreInfo.aspx?AssetID=931656"}},{"type":"Feature","geometry":{"type":"Point","coordinates":[-86.10285279,39.82348142]},"properties":{"name":"Kidazzle Childcare Ministry","assetType":"Ministry Child Cares","dataYear":"2018","assetId":"931731","subcategory":"Social and Community Services","detail":"https://classic.savi.org/SAVI/PopUps/AssetMoreInfo.aspx?AssetID=931731"}},{"type":"Feature","geometry":{"type":"Point","coordinates":[-86.19730688,39.85864768]},"properties":{"name":"Kiddie Factory Inc","assetType":"Ministry Child Cares","dataYear":"2018","assetId":"931825","subcategory":"Social and Community Services","detail":"https://classic.savi.org/SAVI/PopUps/AssetMoreInfo.aspx?AssetID=931825"}},{"type":"Feature","geometry":{"type":"Point","coordinates":[-86.1996197,39.86337051]},"properties":{"name":"Kiddie Garden Learning Academy LTD","assetType":"Ministry Child Cares","dataYear":"2018","assetId":"931733","subcategory":"Social and Community Services","detail":"https://classic.savi.org/SAVI/PopUps/AssetMoreInfo.aspx?AssetID=931733"}},{"type":"Feature","geometry":{"type":"Point","coordinates":[-86.1167312,39.79299173]},"properties":{"name":"Kiddie Kollege","assetType":"Ministry Child Cares","dataYear":"2018","assetId":"931692","subcategory":"Social and Community Services","detail":"https://classic.savi.org/SAVI/PopUps/AssetMoreInfo.aspx?AssetID=931692"}},{"type":"Feature","geometry":{"type":"Point","coordinates":[-85.66740346,40.04818109]},"properties":{"name":"Kids Learning Station","assetType":"Ministry Child Cares","dataYear":"2018","assetId":"931842","subcategory":"Social and Community Services","detail":"https://classic.savi.org/SAVI/PopUps/AssetMoreInfo.aspx?AssetID=931842"}},{"type":"Feature","geometry":{"type":"Point","coordinates":[-86.26922706,39.69339334]},"properties":{"name":"Kids Matter Daycare","assetType":"Ministry Child Cares","dataYear":"2018","assetId":"931665","subcategory":"Social and Community Services","detail":"https://classic.savi.org/SAVI/PopUps/AssetMoreInfo.aspx?AssetID=931665"}},{"type":"Feature","geometry":{"type":"Point","coordinates":[-86.05192466,40.09360096]},"properties":{"name":"Kids On The Rock","assetType":"Ministry Child Cares","dataYear":"2018","assetId":"931880","subcategory":"Social and Community Services","detail":"https://classic.savi.org/SAVI/PopUps/AssetMoreInfo.aspx?AssetID=931880"}},{"type":"Feature","geometry":{"type":"Point","coordinates":[-85.93251821,39.91199243]},"properties":{"name":"Kids at Geist","assetType":"Ministry Child Cares","dataYear":"2018","assetId":"931874","subcategory":"Social and Community Services","detail":"https://classic.savi.org/SAVI/PopUps/AssetMoreInfo.aspx?AssetID=931874"}},{"type":"Feature","geometry":{"type":"Point","coordinates":[-86.04192037,39.84026031]},"properties":{"name":"Kidz Korner Learning Ministry","assetType":"Ministry Child Cares","dataYear":"2018","assetId":"931655","subcategory":"Social and Community Services","detail":"https://classic.savi.org/SAVI/PopUps/AssetMoreInfo.aspx?AssetID=931655"}},{"type":"Feature","geometry":{"type":"Point","coordinates":[-86.06037413,39.83201521]},"properties":{"name":"Kidz Luv Early Learning Ministry","assetType":"Ministry Child Cares","dataYear":"2018","assetId":"931723","subcategory":"Social and Community Services","detail":"https://classic.savi.org/SAVI/PopUps/AssetMoreInfo.aspx?AssetID=931723"}},{"type":"Feature","geometry":{"type":"Point","coordinates":[-86.10115319,39.82323576]},"properties":{"name":"Kidz Luv Early Learning Ministry Inc","assetType":"Ministry Child Cares","dataYear":"2018","assetId":"931696","subcategory":"Social and Community Services","detail":"https://classic.savi.org/SAVI/PopUps/AssetMoreInfo.aspx?AssetID=931696"}},{"type":"Feature","geometry":{"type":"Point","coordinates":[-86.00852713,39.92812015]},"properties":{"name":"KidzPointe Academy","assetType":"Ministry Child Cares","dataYear":"2018","assetId":"931887","subcategory":"Social and Community Services","detail":"https://classic.savi.org/SAVI/PopUps/AssetMoreInfo.aspx?AssetID=931887"}},{"type":"Feature","geometry":{"type":"Point","coordinates":[-86.10182222,39.55741034]},"properties":{"name":"King s Kids Childcare Ministries of New Whiteland Baptist Church","assetType":"Ministry Child Cares","dataYear":"2018","assetId":"931843","subcategory":"Social and Community Services","detail":"https://classic.savi.org/SAVI/PopUps/AssetMoreInfo.aspx?AssetID=931843"}},{"type":"Feature","geometry":{"type":"Point","coordinates":[-86.06885365,39.87977071]},"properties":{"name":"Kingdom Kid z Academy Daycare","assetType":"Ministry Child Cares","dataYear":"2018","assetId":"931679","subcategory":"Social and Community Services","detail":"https://classic.savi.org/SAVI/PopUps/AssetMoreInfo.aspx?AssetID=931679"}},{"type":"Feature","geometry":{"type":"Point","coordinates":[-85.97036322,39.79818235]},"properties":{"name":"Kingdom Kids Daycare","assetType":"Ministry Child Cares","dataYear":"2018","assetId":"931697","subcategory":"Social and Community Services","detail":"https://classic.savi.org/SAVI/PopUps/AssetMoreInfo.aspx?AssetID=931697"}},{"type":"Feature","geometry":{"type":"Point","coordinates":[-86.01240764,39.81717351]},"properties":{"name":"Kingdom Kidz Childcare Ministry","assetType":"Ministry Child Cares","dataYear":"2018","assetId":"931666","subcategory":"Social and Community Services","detail":"https://classic.savi.org/SAVI/PopUps/AssetMoreInfo.aspx?AssetID=931666"}},{"type":"Feature","geometry":{"type":"Point","coordinates":[-86.13683305,39.85109279]},"properties":{"name":"Kings Kids Daycare","assetType":"Ministry Child Cares","dataYear":"2018","assetId":"931702","subcategory":"Social and Community Services","detail":"https://classic.savi.org/SAVI/PopUps/AssetMoreInfo.aspx?AssetID=931702"}},{"type":"Feature","geometry":{"type":"Point","coordinates":[-86.3824813,39.77768111]},"properties":{"name":"Kingsway Christian Church Daycare","assetType":"Ministry Child Cares","dataYear":"2018","assetId":"931867","subcategory":"Social and Community Services","detail":"https://classic.savi.org/SAVI/PopUps/AssetMoreInfo.aspx?AssetID=931867"}},{"type":"Feature","geometry":{"type":"Point","coordinates":[-86.19922471,39.86912989]},"properties":{"name":"Kreative Learning Childcare Academy Ministry LLC","assetType":"Ministry Child Cares","dataYear":"2018","assetId":"931754","subcategory":"Social and Community Services","detail":"https://classic.savi.org/SAVI/PopUps/AssetMoreInfo.aspx?AssetID=931754"}},{"type":"Feature","geometry":{"type":"Point","coordinates":[-86.26430299,39.76666908]},"properties":{"name":"Lakeview Childcare & Preschool","assetType":"Ministry Child Cares","dataYear":"2018","assetId":"931647","subcategory":"Social and Community Services","detail":"https://classic.savi.org/SAVI/PopUps/AssetMoreInfo.aspx?AssetID=931647"}},{"type":"Feature","geometry":{"type":"Point","coordinates":[-86.2363733,39.83796089]},"properties":{"name":"Leading Footsteps Childcare Ministry","assetType":"Ministry Child Cares","dataYear":"2018","assetId":"931675","subcategory":"Social and Community Services","detail":"https://classic.savi.org/SAVI/PopUps/AssetMoreInfo.aspx?AssetID=931675"}},{"type":"Feature","geometry":{"type":"Point","coordinates":[-86.21846806,39.7984459]},"properties":{"name":"Leading Footsteps Childcare Ministry Inc","assetType":"Ministry Child Cares","dataYear":"2018","assetId":"931713","subcategory":"Social and Community Services","detail":"https://classic.savi.org/SAVI/PopUps/AssetMoreInfo.aspx?AssetID=931713"}},{"type":"Feature","geometry":{"type":"Point","coordinates":[-86.27031971,39.7530641]},"properties":{"name":"Leaps and Bounds Christian Preschool & Daycare","assetType":"Ministry Child Cares","dataYear":"2018","assetId":"931816","subcategory":"Social and Community Services","detail":"https://classic.savi.org/SAVI/PopUps/AssetMoreInfo.aspx?AssetID=931816"}},{"type":"Feature","geometry":{"type":"Point","coordinates":[-86.36145978,39.60406556]},"properties":{"name":"Learn A Lot Christian Ministry Inc","assetType":"Ministry Child Cares","dataYear":"2018","assetId":"931626","subcategory":"Social and Community Services","detail":"https://classic.savi.org/SAVI/PopUps/AssetMoreInfo.aspx?AssetID=931626"}},{"type":"Feature","geometry":{"type":"Point","coordinates":[-86.12161976,39.82738779]},"properties":{"name":"Learning By Faith Childcare","assetType":"Ministry Child Cares","dataYear":"2018","assetId":"931734","subcategory":"Social and Community Services","detail":"https://classic.savi.org/SAVI/PopUps/AssetMoreInfo.aspx?AssetID=931734"}},{"type":"Feature","geometry":{"type":"Point","coordinates":[-86.20318273,39.78609823]},"properties":{"name":"Lil Saints Daycare Ministry","assetType":"Ministry Child Cares","dataYear":"2018","assetId":"931806","subcategory":"Social and Community Services","detail":"https://classic.savi.org/SAVI/PopUps/AssetMoreInfo.aspx?AssetID=931806"}},{"type":"Feature","geometry":{"type":"Point","coordinates":[-86.19344089,39.78230977]},"properties":{"name":"Little Blessings Child Care Ministry","assetType":"Ministry Child Cares","dataYear":"2018","assetId":"931700","subcategory":"Social and Community Services","detail":"https://classic.savi.org/SAVI/PopUps/AssetMoreInfo.aspx?AssetID=931700"}},{"type":"Feature","geometry":{"type":"Point","coordinates":[-86.04746698,39.78080525]},"properties":{"name":"Little Blessings of Solid Rock Preschool","assetType":"Ministry Child Cares","dataYear":"2018","assetId":"931738","subcategory":"Social and Community Services","detail":"https://classic.savi.org/SAVI/PopUps/AssetMoreInfo.aspx?AssetID=931738"}},{"type":"Feature","geometry":{"type":"Point","coordinates":[-86.07766227,39.82557451]},"properties":{"name":"Little Duckling Daycare III","assetType":"Ministry Child Cares","dataYear":"2018","assetId":"931807","subcategory":"Social and Community Services","detail":"https://classic.savi.org/SAVI/PopUps/AssetMoreInfo.aspx?AssetID=931807"}},{"type":"Feature","geometry":{"type":"Point","coordinates":[-86.18487939,39.9076797]},"properties":{"name":"Little Friends of God International Child Care Ministry Little Friends","assetType":"Ministry Child Cares","dataYear":"2018","assetId":"931760","subcategory":"Social and Community Services","detail":"https://classic.savi.org/SAVI/PopUps/AssetMoreInfo.aspx?AssetID=931760"}},{"type":"Feature","geometry":{"type":"Point","coordinates":[-86.06361883,39.74149438]},"properties":{"name":"Little Lambs Children s Ministry","assetType":"Ministry Child Cares","dataYear":"2018","assetId":"931828","subcategory":"Social and Community Services","detail":"https://classic.savi.org/SAVI/PopUps/AssetMoreInfo.aspx?AssetID=931828"}},{"type":"Feature","geometry":{"type":"Point","coordinates":[-86.06951017,39.79927933]},"properties":{"name":"Little Munchkins Ministries Inc","assetType":"Ministry Child Cares","dataYear":"2018","assetId":"931662","subcategory":"Social and Community Services","detail":"https://classic.savi.org/SAVI/PopUps/AssetMoreInfo.aspx?AssetID=931662"}},{"type":"Feature","geometry":{"type":"Point","coordinates":[-85.99069207,39.79787836]},"properties":{"name":"Little People s Play & Learn Childcare Ministry","assetType":"Ministry Child Cares","dataYear":"2018","assetId":"931671","subcategory":"Social and Community Services","detail":"https://classic.savi.org/SAVI/PopUps/AssetMoreInfo.aspx?AssetID=931671"}},{"type":"Feature","geometry":{"type":"Point","coordinates":[-85.76703959,40.21282572]},"properties":{"name":"Little Rainbows Daycare Ministry","assetType":"Ministry Child Cares","dataYear":"2018","assetId":"931837","subcategory":"Social and Community Services","detail":"https://classic.savi.org/SAVI/PopUps/AssetMoreInfo.aspx?AssetID=931837"}},{"type":"Feature","geometry":{"type":"Point","coordinates":[-86.21559506,39.81255871]},"properties":{"name":"Little Ritter Raiders Childcare","assetType":"Ministry Child Cares","dataYear":"2018","assetId":"931811","subcategory":"Social and Community Services","detail":"https://classic.savi.org/SAVI/PopUps/AssetMoreInfo.aspx?AssetID=931811"}},{"type":"Feature","geometry":{"type":"Point","coordinates":[-86.2402249,39.86999608]},"properties":{"name":"Little Scholars Academy","assetType":"Ministry Child Cares","dataYear":"2018","assetId":"931714","subcategory":"Social and Community Services","detail":"https://classic.savi.org/SAVI/PopUps/AssetMoreInfo.aspx?AssetID=931714"}},{"type":"Feature","geometry":{"type":"Point","coordinates":[-86.05140748,39.72975807]},"properties":{"name":"Little Wings Child Care Ministry","assetType":"Ministry Child Cares","dataYear":"2018","assetId":"931818","subcategory":"Social and Community Services","detail":"https://classic.savi.org/SAVI/PopUps/AssetMoreInfo.aspx?AssetID=931818"}},{"type":"Feature","geometry":{"type":"Point","coordinates":[-86.41875345,39.69294104]},"properties":{"name":"Living Christ for Kids","assetType":"Ministry Child Cares","dataYear":"2018","assetId":"931856","subcategory":"Social and Community Services","detail":"https://classic.savi.org/SAVI/PopUps/AssetMoreInfo.aspx?AssetID=931856"}},{"type":"Feature","geometry":{"type":"Point","coordinates":[-86.41875345,39.69294104]},"properties":{"name":"Living Christ for Kids Inc Site B","assetType":"Ministry Child Cares","dataYear":"2018","assetId":"931853","subcategory":"Social and Community Services","detail":"https://classic.savi.org/SAVI/PopUps/AssetMoreInfo.aspx?AssetID=931853"}},{"type":"Feature","geometry":{"type":"Point","coordinates":[-86.41875345,39.69294104]},"properties":{"name":"Living Christ for Kids Inc Site C","assetType":"Ministry Child Cares","dataYear":"2018","assetId":"931854","subcategory":"Social and Community Services","detail":"https://classic.savi.org/SAVI/PopUps/AssetMoreInfo.aspx?AssetID=931854"}},{"type":"Feature","geometry":{"type":"Point","coordinates":[-86.41875345,39.69294104]},"properties":{"name":"Living Christ for Kids Inc Site D","assetType":"Ministry Child Cares","dataYear":"2018","assetId":"931855","subcategory":"Social and Community Services","detail":"https://classic.savi.org/SAVI/PopUps/AssetMoreInfo.aspx?AssetID=931855"}},{"type":"Feature","geometry":{"type":"Point","coordinates":[-86.01194312,39.83324032]},"properties":{"name":"Love 2 Learn Childcare Ministries","assetType":"Ministry Child Cares","dataYear":"2018","assetId":"931657","subcategory":"Social and Community Services","detail":"https://classic.savi.org/SAVI/PopUps/AssetMoreInfo.aspx?AssetID=931657"}},{"type":"Feature","geometry":{"type":"Point","coordinates":[-85.98875966,39.78243126]},"properties":{"name":"Loving Hands Child Care Ministries","assetType":"Ministry Child Cares","dataYear":"2018","assetId":"931722","subcategory":"Social and Community Services","detail":"https://classic.savi.org/SAVI/PopUps/AssetMoreInfo.aspx?AssetID=931722"}},{"type":"Feature","geometry":{"type":"Point","coordinates":[-85.98928714,39.69264351]},"properties":{"name":"Loving Hearts Learning Place","assetType":"Ministry Child Cares","dataYear":"2018","assetId":"931688","subcategory":"Social and Community Services","detail":"https://classic.savi.org/SAVI/PopUps/AssetMoreInfo.aspx?AssetID=931688"}},{"type":"Feature","geometry":{"type":"Point","coordinates":[-86.25061776,39.74916794]},"properties":{"name":"Lynhurst Baptist Church Preschool Ministry","assetType":"Ministry Child Cares","dataYear":"2018","assetId":"931820","subcategory":"Social and Community Services","detail":"https://classic.savi.org/SAVI/PopUps/AssetMoreInfo.aspx?AssetID=931820"}},{"type":"Feature","geometry":{"type":"Point","coordinates":[-85.99162609,39.82716384]},"properties":{"name":"Magic Kingdom Learning Ministry Inc","assetType":"Ministry Child Cares","dataYear":"2018","assetId":"931703","subcategory":"Social and Community Services","detail":"https://classic.savi.org/SAVI/PopUps/AssetMoreInfo.aspx?AssetID=931703"}},{"type":"Feature","geometry":{"type":"Point","coordinates":[-86.113382,39.67220833]},"properties":{"name":"Making Memories at Adventure Christian Academy","assetType":"Ministry Child Cares","dataYear":"2018","assetId":"931771","subcategory":"Social and Community Services","detail":"https://classic.savi.org/SAVI/PopUps/AssetMoreInfo.aspx?AssetID=931771"}},{"type":"Feature","geometry":{"type":"Point","coordinates":[-86.2117012,39.88913019]},"properties":{"name":"Maria Montessori","assetType":"Ministry Child Cares","dataYear":"2018","assetId":"931745","subcategory":"Social and Community Services","detail":"https://classic.savi.org/SAVI/PopUps/AssetMoreInfo.aspx?AssetID=931745"}},{"type":"Feature","geometry":{"type":"Point","coordinates":[-86.32919495,39.85251907]},"properties":{"name":"Messiah Lutheran Preschool at Eagle Creek","assetType":"Ministry Child Cares","dataYear":"2018","assetId":"931859","subcategory":"Social and Community Services","detail":"https://classic.savi.org/SAVI/PopUps/AssetMoreInfo.aspx?AssetID=931859"}},{"type":"Feature","geometry":{"type":"Point","coordinates":[-86.04183284,39.85717461]},"properties":{"name":"Mini Blessings Childcare Ministry","assetType":"Ministry Child Cares","dataYear":"2018","assetId":"931746","subcategory":"Social and Community Services","detail":"https://classic.savi.org/SAVI/PopUps/AssetMoreInfo.aspx?AssetID=931746"}},{"type":"Feature","geometry":{"type":"Point","coordinates":[-86.04183284,39.85717461]},"properties":{"name":"Mini Blessings Childcare Ministry","assetType":"Ministry Child Cares","dataYear":"2018","assetId":"931757","subcategory":"Social and Community Services","detail":"https://classic.savi.org/SAVI/PopUps/AssetMoreInfo.aspx?AssetID=931757"}},{"type":"Feature","geometry":{"type":"Point","coordinates":[-85.90814605,39.72524587]},"properties":{"name":"Montessori Science Academy","assetType":"Ministry Child Cares","dataYear":"2018","assetId":"931871","subcategory":"Social and Community Services","detail":"https://classic.savi.org/SAVI/PopUps/AssetMoreInfo.aspx?AssetID=931871"}},{"type":"Feature","geometry":{"type":"Point","coordinates":[-86.04304004,39.82590962]},"properties":{"name":"Moore s Montessori Ministry","assetType":"Ministry Child Cares","dataYear":"2018","assetId":"931737","subcategory":"Social and Community Services","detail":"https://classic.savi.org/SAVI/PopUps/AssetMoreInfo.aspx?AssetID=931737"}},{"type":"Feature","geometry":{"type":"Point","coordinates":[-86.05391542,39.79677487]},"properties":{"name":"Mount Bethel Christian Academy","assetType":"Ministry Child Cares","dataYear":"2018","assetId":"931650","subcategory":"Social and Community Services","detail":"https://classic.savi.org/SAVI/PopUps/AssetMoreInfo.aspx?AssetID=931650"}},{"type":"Feature","geometry":{"type":"Point","coordinates":[-86.16302837,39.57777294]},"properties":{"name":"Mt Auburn Christian Children s Ministry","assetType":"Ministry Child Cares","dataYear":"2018","assetId":"931845","subcategory":"Social and Community Services","detail":"https://classic.savi.org/SAVI/PopUps/AssetMoreInfo.aspx?AssetID=931845"}},{"type":"Feature","geometry":{"type":"Point","coordinates":[-85.91500428,39.82940717]},"properties":{"name":"Mt Comfort United Methodist Child Care Ministry","assetType":"Ministry Child Cares","dataYear":"2018","assetId":"931876","subcategory":"Social and Community Services","detail":"https://classic.savi.org/SAVI/PopUps/AssetMoreInfo.aspx?AssetID=931876"}},{"type":"Feature","geometry":{"type":"Point","coordinates":[-86.14528148,39.78922657]},"properties":{"name":"Mt Helm Child Care Ministry","assetType":"Ministry Child Cares","dataYear":"2018","assetId":"931793","subcategory":"Social and Community Services","detail":"https://classic.savi.org/SAVI/PopUps/AssetMoreInfo.aspx?AssetID=931793"}},{"type":"Feature","geometry":{"type":"Point","coordinates":[-86.08776864,39.82560964]},"properties":{"name":"Mt Zion s Loving Day Care Ministry","assetType":"Ministry Child Cares","dataYear":"2018","assetId":"931794","subcategory":"Social and Community Services","detail":"https://classic.savi.org/SAVI/PopUps/AssetMoreInfo.aspx?AssetID=931794"}},{"type":"Feature","geometry":{"type":"Point","coordinates":[-86.11415972,39.88315031]},"properties":{"name":"My Little Children Academy","assetType":"Ministry Child Cares","dataYear":"2018","assetId":"931717","subcategory":"Social and Community Services","detail":"https://classic.savi.org/SAVI/PopUps/AssetMoreInfo.aspx?AssetID=931717"}},{"type":"Feature","geometry":{"type":"Point","coordinates":[-86.19759374,39.77478698]},"properties":{"name":"New Beginnings","assetType":"Ministry Child Cares","dataYear":"2018","assetId":"931834","subcategory":"Social and Community Services","detail":"https://classic.savi.org/SAVI/PopUps/AssetMoreInfo.aspx?AssetID=931834"}},{"type":"Feature","geometry":{"type":"Point","coordinates":[-85.67106017,40.06087695]},"properties":{"name":"New Horizons Learning Tree Childcare Ministry","assetType":"Ministry Child Cares","dataYear":"2018","assetId":"931841","subcategory":"Social and Community Services","detail":"https://classic.savi.org/SAVI/PopUps/AssetMoreInfo.aspx?AssetID=931841"}},{"type":"Feature","geometry":{"type":"Point","coordinates":[-85.94677223,39.78997006]},"properties":{"name":"New Life Academy","assetType":"Ministry Child Cares","dataYear":"2018","assetId":"931878","subcategory":"Social and Community Services","detail":"https://classic.savi.org/SAVI/PopUps/AssetMoreInfo.aspx?AssetID=931878"}},{"type":"Feature","geometry":{"type":"Point","coordinates":[-86.2406724,39.95521267]},"properties":{"name":"Noah s Ark Christian Child Care Preschool","assetType":"Ministry Child Cares","dataYear":"2018","assetId":"931890","subcategory":"Social and Community Services","detail":"https://classic.savi.org/SAVI/PopUps/AssetMoreInfo.aspx?AssetID=931890"}},{"type":"Feature","geometry":{"type":"Point","coordinates":[-85.79379395,39.78463074]},"properties":{"name":"Noah s Ark Daycare Ministry","assetType":"Ministry Child Cares","dataYear":"2018","assetId":"931875","subcategory":"Social and Community Services","detail":"https://classic.savi.org/SAVI/PopUps/AssetMoreInfo.aspx?AssetID=931875"}},{"type":"Feature","geometry":{"type":"Point","coordinates":[-86.23750567,39.82684714]},"properties":{"name":"Noah s Ark of Safety Daycare","assetType":"Ministry Child Cares","dataYear":"2018","assetId":"931710","subcategory":"Social and Community Services","detail":"https://classic.savi.org/SAVI/PopUps/AssetMoreInfo.aspx?AssetID=931710"}},{"type":"Feature","geometry":{"type":"Point","coordinates":[-86.26598367,39.85282493]},"properties":{"name":"Nu Heights Academy","assetType":"Ministry Child Cares","dataYear":"2018","assetId":"931711","subcategory":"Social and Community Services","detail":"https://classic.savi.org/SAVI/PopUps/AssetMoreInfo.aspx?AssetID=931711"}},{"type":"Feature","geometry":{"type":"Point","coordinates":[-86.02660725,39.7963823]},"properties":{"name":"Old Bethel Preschool & Daycare formerly known as Old Bethel Weekday School","assetType":"Ministry Child Cares","dataYear":"2018","assetId":"931805","subcategory":"Social and Community Services","detail":"https://classic.savi.org/SAVI/PopUps/AssetMoreInfo.aspx?AssetID=931805"}},{"type":"Feature","geometry":{"type":"Point","coordinates":[-86.04635286,39.84719559]},"properties":{"name":"Our Place Child Care Ministry","assetType":"Ministry Child Cares","dataYear":"2018","assetId":"931585","subcategory":"Social and Community Services","detail":"https://classic.savi.org/SAVI/PopUps/AssetMoreInfo.aspx?AssetID=931585"}},{"type":"Feature","geometry":{"type":"Point","coordinates":[-85.91759865,39.87873545]},"properties":{"name":"Outlook Christian Church Preschool & Daycare","assetType":"Ministry Child Cares","dataYear":"2018","assetId":"931873","subcategory":"Social and Community Services","detail":"https://classic.savi.org/SAVI/PopUps/AssetMoreInfo.aspx?AssetID=931873"}},{"type":"Feature","geometry":{"type":"Point","coordinates":[-85.6672034,40.11116757]},"properties":{"name":"Park Place Church of God P P C C","assetType":"Ministry Child Cares","dataYear":"2018","assetId":"931839","subcategory":"Social and Community Services","detail":"https://classic.savi.org/SAVI/PopUps/AssetMoreInfo.aspx?AssetID=931839"}},{"type":"Feature","geometry":{"type":"Point","coordinates":[-86.07463884,39.88320127]},"properties":{"name":"Peanut Butter & Jelly Childcare","assetType":"Ministry Child Cares","dataYear":"2018","assetId":"931773","subcategory":"Social and Community Services","detail":"https://classic.savi.org/SAVI/PopUps/AssetMoreInfo.aspx?AssetID=931773"}},{"type":"Feature","geometry":{"type":"Point","coordinates":[-86.0128488,39.79796435]},"properties":{"name":"Perfected Child Care Ministry","assetType":"Ministry Child Cares","dataYear":"2018","assetId":"931803","subcategory":"Social and Community Services","detail":"https://classic.savi.org/SAVI/PopUps/AssetMoreInfo.aspx?AssetID=931803"}},{"type":"Feature","geometry":{"type":"Point","coordinates":[-86.00888814,39.78355656]},"properties":{"name":"Power & Praise Academy Inc","assetType":"Ministry Child Cares","dataYear":"2018","assetId":"931747","subcategory":"Social and Community Services","detail":"https://classic.savi.org/SAVI/PopUps/AssetMoreInfo.aspx?AssetID=931747"}},{"type":"Feature","geometry":{"type":"Point","coordinates":[-86.06517609,39.8052373]},"properties":{"name":"Precious Hearts of Solid Rock","assetType":"Ministry Child Cares","dataYear":"2018","assetId":"931751","subcategory":"Social and Community Services","detail":"https://classic.savi.org/SAVI/PopUps/AssetMoreInfo.aspx?AssetID=931751"}},{"type":"Feature","geometry":{"type":"Point","coordinates":[-85.97300919,39.87010941]},"properties":{"name":"Precious Life Daycare Ministry Annex","assetType":"Ministry Child Cares","dataYear":"2018","assetId":"931809","subcategory":"Social and Community Services","detail":"https://classic.savi.org/SAVI/PopUps/AssetMoreInfo.aspx?AssetID=931809"}},{"type":"Feature","geometry":{"type":"Point","coordinates":[-86.08380712,39.82275668]},"properties":{"name":"Precious Moments Daycare Ministry","assetType":"Ministry Child Cares","dataYear":"2018","assetId":"931833","subcategory":"Social and Community Services","detail":"https://classic.savi.org/SAVI/PopUps/AssetMoreInfo.aspx?AssetID=931833"}},{"type":"Feature","geometry":{"type":"Point","coordinates":[-86.09440548,39.75910417]},"properties":{"name":"Precious Moments Early Childhood Education Academy","assetType":"Ministry Child Cares","dataYear":"2018","assetId":"931743","subcategory":"Social and Community Services","detail":"https://classic.savi.org/SAVI/PopUps/AssetMoreInfo.aspx?AssetID=931743"}},{"type":"Feature","geometry":{"type":"Point","coordinates":[-86.38927621,39.44644937]},"properties":{"name":"Precious Playmates Daycare Ministry","assetType":"Ministry Child Cares","dataYear":"2018","assetId":"931645","subcategory":"Social and Community Services","detail":"https://classic.savi.org/SAVI/PopUps/AssetMoreInfo.aspx?AssetID=931645"}},{"type":"Feature","geometry":{"type":"Point","coordinates":[-86.46878236,40.04770595]},"properties":{"name":"Presbyterian Preschool Ministry","assetType":"Ministry Child Cares","dataYear":"2018","assetId":"931897","subcategory":"Social and Community Services","detail":"https://classic.savi.org/SAVI/PopUps/AssetMoreInfo.aspx?AssetID=931897"}},{"type":"Feature","geometry":{"type":"Point","coordinates":[-86.25549082,39.79489817]},"properties":{"name":"Pride Academy","assetType":"Ministry Child Cares","dataYear":"2018","assetId":"931735","subcategory":"Social and Community Services","detail":"https://classic.savi.org/SAVI/PopUps/AssetMoreInfo.aspx?AssetID=931735"}},{"type":"Feature","geometry":{"type":"Point","coordinates":[-86.25598074,39.79421305]},"properties":{"name":"Pride Academy","assetType":"Ministry Child Cares","dataYear":"2018","assetId":"931765","subcategory":"Social and Community Services","detail":"https://classic.savi.org/SAVI/PopUps/AssetMoreInfo.aspx?AssetID=931765"}},{"type":"Feature","geometry":{"type":"Point","coordinates":[-86.19671845,39.85800347]},"properties":{"name":"Pride Academy","assetType":"Ministry Child Cares","dataYear":"2018","assetId":"931649","subcategory":"Social and Community Services","detail":"https://classic.savi.org/SAVI/PopUps/AssetMoreInfo.aspx?AssetID=931649"}},{"type":"Feature","geometry":{"type":"Point","coordinates":[-85.72652803,40.02865617]},"properties":{"name":"Promise Land Day Care Ministry","assetType":"Ministry Child Cares","dataYear":"2018","assetId":"931840","subcategory":"Social and Community Services","detail":"https://classic.savi.org/SAVI/PopUps/AssetMoreInfo.aspx?AssetID=931840"}},{"type":"Feature","geometry":{"type":"Point","coordinates":[-86.18743316,39.91305261]},"properties":{"name":"Promise Town Child Care Ministry","assetType":"Ministry Child Cares","dataYear":"2018","assetId":"931753","subcategory":"Social and Community Services","detail":"https://classic.savi.org/SAVI/PopUps/AssetMoreInfo.aspx?AssetID=931753"}},{"type":"Feature","geometry":{"type":"Point","coordinates":[-86.00878907,39.81022065]},"properties":{"name":"Promiseland Adventures","assetType":"Ministry Child Cares","dataYear":"2018","assetId":"931687","subcategory":"Social and Community Services","detail":"https://classic.savi.org/SAVI/PopUps/AssetMoreInfo.aspx?AssetID=931687"}},{"type":"Feature","geometry":{"type":"Point","coordinates":[-86.13419848,39.84027961]},"properties":{"name":"Provisions Ministries formerly Visions Child Care","assetType":"Ministry Child Cares","dataYear":"2018","assetId":"931810","subcategory":"Social and Community Services","detail":"https://classic.savi.org/SAVI/PopUps/AssetMoreInfo.aspx?AssetID=931810"}},{"type":"Feature","geometry":{"type":"Point","coordinates":[-86.28680759,39.96646978]},"properties":{"name":"R O C K Really Outrageous Christian Kids","assetType":"Ministry Child Cares","dataYear":"2018","assetId":"931893","subcategory":"Social and Community Services","detail":"https://classic.savi.org/SAVI/PopUps/AssetMoreInfo.aspx?AssetID=931893"}},{"type":"Feature","geometry":{"type":"Point","coordinates":[-86.3018453,39.8943396]},"properties":{"name":"Rhema Childcare Ministry","assetType":"Ministry Child Cares","dataYear":"2018","assetId":"931729","subcategory":"Social and Community Services","detail":"https://classic.savi.org/SAVI/PopUps/AssetMoreInfo.aspx?AssetID=931729"}},{"type":"Feature","geometry":{"type":"Point","coordinates":[-86.11382537,39.84081099]},"properties":{"name":"Rising Star Childcare Academy Inc","assetType":"Ministry Child Cares","dataYear":"2018","assetId":"931716","subcategory":"Social and Community Services","detail":"https://classic.savi.org/SAVI/PopUps/AssetMoreInfo.aspx?AssetID=931716"}},{"type":"Feature","geometry":{"type":"Point","coordinates":[-86.11142846,39.69272863]},"properties":{"name":"Roncalli Little Rebels","assetType":"Ministry Child Cares","dataYear":"2018","assetId":"931776","subcategory":"Social and Community Services","detail":"https://classic.savi.org/SAVI/PopUps/AssetMoreInfo.aspx?AssetID=931776"}},{"type":"Feature","geometry":{"type":"Point","coordinates":[-86.08215565,39.82485803]},"properties":{"name":"Rosie s Tiny Tots Daycare Ministry","assetType":"Ministry Child Cares","dataYear":"2018","assetId":"931827","subcategory":"Social and Community Services","detail":"https://classic.savi.org/SAVI/PopUps/AssetMoreInfo.aspx?AssetID=931827"}},{"type":"Feature","geometry":{"type":"Point","coordinates":[-86.83044816,39.65171465]},"properties":{"name":"Round Barn Daycare","assetType":"Ministry Child Cares","dataYear":"2018","assetId":"931623","subcategory":"Social and Community Services","detail":"https://classic.savi.org/SAVI/PopUps/AssetMoreInfo.aspx?AssetID=931623"}},{"type":"Feature","geometry":{"type":"Point","coordinates":[-86.16186024,39.8933233]},"properties":{"name":"Saint Luke Catholic Preschool","assetType":"Ministry Child Cares","dataYear":"2018","assetId":"931701","subcategory":"Social and Community Services","detail":"https://classic.savi.org/SAVI/PopUps/AssetMoreInfo.aspx?AssetID=931701"}},{"type":"Feature","geometry":{"type":"Point","coordinates":[-86.21498279,39.59022163]},"properties":{"name":"Saints Francis & Clare Childcare Ministry","assetType":"Ministry Child Cares","dataYear":"2018","assetId":"931849","subcategory":"Social and Community Services","detail":"https://classic.savi.org/SAVI/PopUps/AssetMoreInfo.aspx?AssetID=931849"}},{"type":"Feature","geometry":{"type":"Point","coordinates":[-86.00259759,39.82553936]},"properties":{"name":"Secret Place International Ministries Child Development Academy","assetType":"Ministry Child Cares","dataYear":"2018","assetId":"931744","subcategory":"Social and Community Services","detail":"https://classic.savi.org/SAVI/PopUps/AssetMoreInfo.aspx?AssetID=931744"}},{"type":"Feature","geometry":{"type":"Point","coordinates":[-86.13223355,39.81965503]},"properties":{"name":"Serenity Angels Child Care Ministry","assetType":"Ministry Child Cares","dataYear":"2018","assetId":"931661","subcategory":"Social and Community Services","detail":"https://classic.savi.org/SAVI/PopUps/AssetMoreInfo.aspx?AssetID=931661"}},{"type":"Feature","geometry":{"type":"Point","coordinates":[-86.15366133,39.7730114]},"properties":{"name":"Shalom Day Care Ministry","assetType":"Ministry Child Cares","dataYear":"2018","assetId":"931800","subcategory":"Social and Community Services","detail":"https://classic.savi.org/SAVI/PopUps/AssetMoreInfo.aspx?AssetID=931800"}},{"type":"Feature","geometry":{"type":"Point","coordinates":[-86.09738482,39.76934857]},"properties":{"name":"Shepherd Community Academy Child Care Ministry","assetType":"Ministry Child Cares","dataYear":"2018","assetId":"931693","subcategory":"Social and Community Services","detail":"https://classic.savi.org/SAVI/PopUps/AssetMoreInfo.aspx?AssetID=931693"}},{"type":"Feature","geometry":{"type":"Point","coordinates":[-86.09782726,39.82574277]},"properties":{"name":"Shiloh Childcare Ministry","assetType":"Ministry Child Cares","dataYear":"2018","assetId":"931801","subcategory":"Social and Community Services","detail":"https://classic.savi.org/SAVI/PopUps/AssetMoreInfo.aspx?AssetID=931801"}},{"type":"Feature","geometry":{"type":"Point","coordinates":[-86.07490205,39.8260336]},"properties":{"name":"Shining Star Child Care Ministry","assetType":"Ministry Child Cares","dataYear":"2018","assetId":"931706","subcategory":"Social and Community Services","detail":"https://classic.savi.org/SAVI/PopUps/AssetMoreInfo.aspx?AssetID=931706"}},{"type":"Feature","geometry":{"type":"Point","coordinates":[-86.07342683,39.79572844]},"properties":{"name":"Smarty Pants Daycare","assetType":"Ministry Child Cares","dataYear":"2018","assetId":"931774","subcategory":"Social and Community Services","detail":"https://classic.savi.org/SAVI/PopUps/AssetMoreInfo.aspx?AssetID=931774"}},{"type":"Feature","geometry":{"type":"Point","coordinates":[-86.36938194,39.46913185]},"properties":{"name":"Sonshine Kids Daycare","assetType":"Ministry Child Cares","dataYear":"2018","assetId":"931646","subcategory":"Social and Community Services","detail":"https://classic.savi.org/SAVI/PopUps/AssetMoreInfo.aspx?AssetID=931646"}},{"type":"Feature","geometry":{"type":"Point","coordinates":[-86.05416542,39.72979965]},"properties":{"name":"Southeastern Preschool","assetType":"Ministry Child Cares","dataYear":"2018","assetId":"931802","subcategory":"Social and Community Services","detail":"https://classic.savi.org/SAVI/PopUps/AssetMoreInfo.aspx?AssetID=931802"}},{"type":"Feature","geometry":{"type":"Point","coordinates":[-86.11119243,39.66240729]},"properties":{"name":"Southport Heights Christian Daycare Ministry","assetType":"Ministry Child Cares","dataYear":"2018","assetId":"931812","subcategory":"Social and Community Services","detail":"https://classic.savi.org/SAVI/PopUps/AssetMoreInfo.aspx?AssetID=931812"}},{"type":"Feature","geometry":{"type":"Point","coordinates":[-86.00886614,39.78329829]},"properties":{"name":"Sparkle Touch Learning Ministry Inc","assetType":"Ministry Child Cares","dataYear":"2018","assetId":"931695","subcategory":"Social and Community Services","detail":"https://classic.savi.org/SAVI/PopUps/AssetMoreInfo.aspx?AssetID=931695"}},{"type":"Feature","geometry":{"type":"Point","coordinates":[-86.25667976,39.8086562]},"properties":{"name":"Speedway Baptist Daycare Ministry","assetType":"Ministry Child Cares","dataYear":"2018","assetId":"931584","subcategory":"Social and Community Services","detail":"https://classic.savi.org/SAVI/PopUps/AssetMoreInfo.aspx?AssetID=931584"}},{"type":"Feature","geometry":{"type":"Point","coordinates":[-86.24633589,39.78722063]},"properties":{"name":"Speedway United Methodist Child Care Ministry","assetType":"Ministry Child Cares","dataYear":"2018","assetId":"931796","subcategory":"Social and Community Services","detail":"https://classic.savi.org/SAVI/PopUps/AssetMoreInfo.aspx?AssetID=931796"}},{"type":"Feature","geometry":{"type":"Point","coordinates":[-86.24454951,39.7872439]},"properties":{"name":"Speedway United Methodist Child Care Ministry II","assetType":"Ministry Child Cares","dataYear":"2018","assetId":"931797","subcategory":"Social and Community Services","detail":"https://classic.savi.org/SAVI/PopUps/AssetMoreInfo.aspx?AssetID=931797"}},{"type":"Feature","geometry":{"type":"Point","coordinates":[-86.23301462,39.89613008]},"properties":{"name":"Sprouts Daycare Ministry","assetType":"Ministry Child Cares","dataYear":"2018","assetId":"931690","subcategory":"Social and Community Services","detail":"https://classic.savi.org/SAVI/PopUps/AssetMoreInfo.aspx?AssetID=931690"}},{"type":"Feature","geometry":{"type":"Point","coordinates":[-86.14657331,39.83209615]},"properties":{"name":"St Joan of Arc Early Learning Center","assetType":"Ministry Child Cares","dataYear":"2018","assetId":"931684","subcategory":"Social and Community Services","detail":"https://classic.savi.org/SAVI/PopUps/AssetMoreInfo.aspx?AssetID=931684"}},{"type":"Feature","geometry":{"type":"Point","coordinates":[-85.67559313,40.06256401]},"properties":{"name":"St John s Early Literacy Preschool Ministry","assetType":"Ministry Child Cares","dataYear":"2018","assetId":"931838","subcategory":"Social and Community Services","detail":"https://classic.savi.org/SAVI/PopUps/AssetMoreInfo.aspx?AssetID=931838"}},{"type":"Feature","geometry":{"type":"Point","coordinates":[-85.77318,39.52278056]},"properties":{"name":"St Joseph Catholic School Early Learning Ministry","assetType":"Ministry Child Cares","dataYear":"2018","assetId":"931589","subcategory":"Social and Community Services","detail":"https://classic.savi.org/SAVI/PopUps/AssetMoreInfo.aspx?AssetID=931589"}},{"type":"Feature","geometry":{"type":"Point","coordinates":[-86.22940131,39.91907901]},"properties":{"name":"St Joseph Institute for the Deaf","assetType":"Ministry Child Cares","dataYear":"2018","assetId":"931725","subcategory":"Social and Community Services","detail":"https://classic.savi.org/SAVI/PopUps/AssetMoreInfo.aspx?AssetID=931725"}},{"type":"Feature","geometry":{"type":"Point","coordinates":[-86.04703561,39.84106389]},"properties":{"name":"St Lawrence Kids Care Ministry","assetType":"Ministry Child Cares","dataYear":"2018","assetId":"931804","subcategory":"Social and Community Services","detail":"https://classic.savi.org/SAVI/PopUps/AssetMoreInfo.aspx?AssetID=931804"}},{"type":"Feature","geometry":{"type":"Point","coordinates":[-86.39172024,39.7038734]},"properties":{"name":"St Mark s Child Care","assetType":"Ministry Child Cares","dataYear":"2018","assetId":"931857","subcategory":"Social and Community Services","detail":"https://classic.savi.org/SAVI/PopUps/AssetMoreInfo.aspx?AssetID=931857"}},{"type":"Feature","geometry":{"type":"Point","coordinates":[-86.15633349,39.81647458]},"properties":{"name":"St Nicholas Early Learning Inc","assetType":"Ministry Child Cares","dataYear":"2018","assetId":"931651","subcategory":"Social and Community Services","detail":"https://classic.savi.org/SAVI/PopUps/AssetMoreInfo.aspx?AssetID=931651"}},{"type":"Feature","geometry":{"type":"Point","coordinates":[-86.08279174,39.87087362]},"properties":{"name":"Stepping Stones Child Care Ministry Phase II","assetType":"Ministry Child Cares","dataYear":"2018","assetId":"931770","subcategory":"Social and Community Services","detail":"https://classic.savi.org/SAVI/PopUps/AssetMoreInfo.aspx?AssetID=931770"}},{"type":"Feature","geometry":{"type":"Point","coordinates":[-86.08279174,39.87087362]},"properties":{"name":"Stepping Stones Childcare Ministry","assetType":"Ministry Child Cares","dataYear":"2018","assetId":"931689","subcategory":"Social and Community Services","detail":"https://classic.savi.org/SAVI/PopUps/AssetMoreInfo.aspx?AssetID=931689"}},{"type":"Feature","geometry":{"type":"Point","coordinates":[-85.93846918,39.95898654]},"properties":{"name":"THE PROMISE Preschool & Kindergarten","assetType":"Ministry Child Cares","dataYear":"2018","assetId":"931888","subcategory":"Social and Community Services","detail":"https://classic.savi.org/SAVI/PopUps/AssetMoreInfo.aspx?AssetID=931888"}},{"type":"Feature","geometry":{"type":"Point","coordinates":[-85.84306654,40.01955161]},"properties":{"name":"TLC Children s Place","assetType":"Ministry Child Cares","dataYear":"2018","assetId":"931835","subcategory":"Social and Community Services","detail":"https://classic.savi.org/SAVI/PopUps/AssetMoreInfo.aspx?AssetID=931835"}},{"type":"Feature","geometry":{"type":"Point","coordinates":[-86.00996752,39.83888727]},"properties":{"name":"TP Kiddie Academy","assetType":"Ministry Child Cares","dataYear":"2018","assetId":"931830","subcategory":"Social and Community Services","detail":"https://classic.savi.org/SAVI/PopUps/AssetMoreInfo.aspx?AssetID=931830"}},{"type":"Feature","geometry":{"type":"Point","coordinates":[-86.16723605,39.88220453]},"properties":{"name":"The Beth-El Zedeck Early Childhood Program","assetType":"Ministry Child Cares","dataYear":"2018","assetId":"931831","subcategory":"Social and Community Services","detail":"https://classic.savi.org/SAVI/PopUps/AssetMoreInfo.aspx?AssetID=931831"}},{"type":"Feature","geometry":{"type":"Point","coordinates":[-86.28878674,39.78048972]},"properties":{"name":"The Early Learning Academy at Chapel Hill Christian School CHCS","assetType":"Ministry Child Cares","dataYear":"2018","assetId":"931741","subcategory":"Social and Community Services","detail":"https://classic.savi.org/SAVI/PopUps/AssetMoreInfo.aspx?AssetID=931741"}},{"type":"Feature","geometry":{"type":"Point","coordinates":[-86.28878674,39.78048972]},"properties":{"name":"The Early Learning Academy at Chapel Hill Christian School CHCS","assetType":"Ministry Child Cares","dataYear":"2018","assetId":"931740","subcategory":"Social and Community Services","detail":"https://classic.savi.org/SAVI/PopUps/AssetMoreInfo.aspx?AssetID=931740"}},{"type":"Feature","geometry":{"type":"Point","coordinates":[-86.105132,39.82542962]},"properties":{"name":"The Hope of Glory Daycare Ministry","assetType":"Ministry Child Cares","dataYear":"2018","assetId":"931681","subcategory":"Social and Community Services","detail":"https://classic.savi.org/SAVI/PopUps/AssetMoreInfo.aspx?AssetID=931681"}},{"type":"Feature","geometry":{"type":"Point","coordinates":[-86.43710744,39.75976906]},"properties":{"name":"The Journey Church Preschool","assetType":"Ministry Child Cares","dataYear":"2018","assetId":"931864","subcategory":"Social and Community Services","detail":"https://classic.savi.org/SAVI/PopUps/AssetMoreInfo.aspx?AssetID=931864"}},{"type":"Feature","geometry":{"type":"Point","coordinates":[-86.06365494,39.79703701]},"properties":{"name":"The Learning Ladder Childcare Ministry Inc","assetType":"Ministry Child Cares","dataYear":"2018","assetId":"931767","subcategory":"Social and Community Services","detail":"https://classic.savi.org/SAVI/PopUps/AssetMoreInfo.aspx?AssetID=931767"}},{"type":"Feature","geometry":{"type":"Point","coordinates":[-86.21520868,39.60579259]},"properties":{"name":"The Learning Zone at Southland","assetType":"Ministry Child Cares","dataYear":"2018","assetId":"931848","subcategory":"Social and Community Services","detail":"https://classic.savi.org/SAVI/PopUps/AssetMoreInfo.aspx?AssetID=931848"}},{"type":"Feature","geometry":{"type":"Point","coordinates":[-86.11715532,39.91990922]},"properties":{"name":"The Neighborhood","assetType":"Ministry Child Cares","dataYear":"2018","assetId":"931795","subcategory":"Social and Community Services","detail":"https://classic.savi.org/SAVI/PopUps/AssetMoreInfo.aspx?AssetID=931795"}},{"type":"Feature","geometry":{"type":"Point","coordinates":[-86.27034148,39.83203702]},"properties":{"name":"Think Ahead Child Care Ministry","assetType":"Ministry Child Cares","dataYear":"2018","assetId":"931682","subcategory":"Social and Community Services","detail":"https://classic.savi.org/SAVI/PopUps/AssetMoreInfo.aspx?AssetID=931682"}},{"type":"Feature","geometry":{"type":"Point","coordinates":[-86.11471865,39.78230704]},"properties":{"name":"Tiny Stones Child Care Ministry","assetType":"Ministry Child Cares","dataYear":"2018","assetId":"931663","subcategory":"Social and Community Services","detail":"https://classic.savi.org/SAVI/PopUps/AssetMoreInfo.aspx?AssetID=931663"}},{"type":"Feature","geometry":{"type":"Point","coordinates":[-85.95601685,39.87989986]},"properties":{"name":"Tiny Tots & Dots Learning Ministry","assetType":"Ministry Child Cares","dataYear":"2018","assetId":"931732","subcategory":"Social and Community Services","detail":"https://classic.savi.org/SAVI/PopUps/AssetMoreInfo.aspx?AssetID=931732"}},{"type":"Feature","geometry":{"type":"Point","coordinates":[-86.0284577,39.90567032]},"properties":{"name":"Tomorrow s Child Daycare Ministry","assetType":"Ministry Child Cares","dataYear":"2018","assetId":"931750","subcategory":"Social and Community Services","detail":"https://classic.savi.org/SAVI/PopUps/AssetMoreInfo.aspx?AssetID=931750"}},{"type":"Feature","geometry":{"type":"Point","coordinates":[-86.0457264,39.82419129]},"properties":{"name":"Tots R Us Daycare Ministries Inc","assetType":"Ministry Child Cares","dataYear":"2018","assetId":"931707","subcategory":"Social and Community Services","detail":"https://classic.savi.org/SAVI/PopUps/AssetMoreInfo.aspx?AssetID=931707"}},{"type":"Feature","geometry":{"type":"Point","coordinates":[-86.04409277,39.82373611]},"properties":{"name":"Tots R Us Daycare Ministries Inc","assetType":"Ministry Child Cares","dataYear":"2018","assetId":"931718","subcategory":"Social and Community Services","detail":"https://classic.savi.org/SAVI/PopUps/AssetMoreInfo.aspx?AssetID=931718"}},{"type":"Feature","geometry":{"type":"Point","coordinates":[-86.36961871,39.61307741]},"properties":{"name":"Town Center Childcare","assetType":"Ministry Child Cares","dataYear":"2018","assetId":"931625","subcategory":"Social and Community Services","detail":"https://classic.savi.org/SAVI/PopUps/AssetMoreInfo.aspx?AssetID=931625"}},{"type":"Feature","geometry":{"type":"Point","coordinates":[-85.81407903,39.50386156]},"properties":{"name":"Town and Country Christian Child Care Ministry","assetType":"Ministry Child Cares","dataYear":"2018","assetId":"931588","subcategory":"Social and Community Services","detail":"https://classic.savi.org/SAVI/PopUps/AssetMoreInfo.aspx?AssetID=931588"}},{"type":"Feature","geometry":{"type":"Point","coordinates":[-86.36023116,39.94293931]},"properties":{"name":"Traders Point Christian Academy","assetType":"Ministry Child Cares","dataYear":"2018","assetId":"931894","subcategory":"Social and Community Services","detail":"https://classic.savi.org/SAVI/PopUps/AssetMoreInfo.aspx?AssetID=931894"}},{"type":"Feature","geometry":{"type":"Point","coordinates":[-86.79904492,39.51472933]},"properties":{"name":"Train Up A Child Daycare Ministry","assetType":"Ministry Child Cares","dataYear":"2018","assetId":"931624","subcategory":"Social and Community Services","detail":"https://classic.savi.org/SAVI/PopUps/AssetMoreInfo.aspx?AssetID=931624"}},{"type":"Feature","geometry":{"type":"Point","coordinates":[-86.36471732,39.77820076]},"properties":{"name":"Tree of Life Child Care Ministry","assetType":"Ministry Child Cares","dataYear":"2018","assetId":"931868","subcategory":"Social and Community Services","detail":"https://classic.savi.org/SAVI/PopUps/AssetMoreInfo.aspx?AssetID=931868"}},{"type":"Feature","geometry":{"type":"Point","coordinates":[-86.01478235,39.7894099]},"properties":{"name":"Trinity Children s Care","assetType":"Ministry Child Cares","dataYear":"2018","assetId":"931821","subcategory":"Social and Community Services","detail":"https://classic.savi.org/SAVI/PopUps/AssetMoreInfo.aspx?AssetID=931821"}},{"type":"Feature","geometry":{"type":"Point","coordinates":[-86.06088805,39.93059009]},"properties":{"name":"Trinity Wesleyan Child Care","assetType":"Ministry Child Cares","dataYear":"2018","assetId":"931881","subcategory":"Social and Community Services","detail":"https://classic.savi.org/SAVI/PopUps/AssetMoreInfo.aspx?AssetID=931881"}},{"type":"Feature","geometry":{"type":"Point","coordinates":[-86.12801717,39.86067247]},"properties":{"name":"Trojan Tots Preschool at Bishop Chatard High School","assetType":"Ministry Child Cares","dataYear":"2018","assetId":"931815","subcategory":"Social and Community Services","detail":"https://classic.savi.org/SAVI/PopUps/AssetMoreInfo.aspx?AssetID=931815"}},{"type":"Feature","geometry":{"type":"Point","coordinates":[-86.06296272,39.84214781]},"properties":{"name":"Trophy Kids Daycare and Learning Ministry","assetType":"Ministry Child Cares","dataYear":"2018","assetId":"931719","subcategory":"Social and Community Services","detail":"https://classic.savi.org/SAVI/PopUps/AssetMoreInfo.aspx?AssetID=931719"}},{"type":"Feature","geometry":{"type":"Point","coordinates":[-85.95919839,39.77670883]},"properties":{"name":"True Wisdom Kids","assetType":"Ministry Child Cares","dataYear":"2018","assetId":"931683","subcategory":"Social and Community Services","detail":"https://classic.savi.org/SAVI/PopUps/AssetMoreInfo.aspx?AssetID=931683"}},{"type":"Feature","geometry":{"type":"Point","coordinates":[-85.98048686,39.77831863]},"properties":{"name":"Tweety Bird Child Care Ministry","assetType":"Ministry Child Cares","dataYear":"2018","assetId":"931670","subcategory":"Social and Community Services","detail":"https://classic.savi.org/SAVI/PopUps/AssetMoreInfo.aspx?AssetID=931670"}},{"type":"Feature","geometry":{"type":"Point","coordinates":[-86.12776179,39.82530184]},"properties":{"name":"Tyler s Journey Child Care Ministry","assetType":"Ministry Child Cares","dataYear":"2018","assetId":"931715","subcategory":"Social and Community Services","detail":"https://classic.savi.org/SAVI/PopUps/AssetMoreInfo.aspx?AssetID=931715"}},{"type":"Feature","geometry":{"type":"Point","coordinates":[-86.12675338,39.85164133]},"properties":{"name":"Unique Quality Childcare Ministries","assetType":"Ministry Child Cares","dataYear":"2018","assetId":"931674","subcategory":"Social and Community Services","detail":"https://classic.savi.org/SAVI/PopUps/AssetMoreInfo.aspx?AssetID=931674"}},{"type":"Feature","geometry":{"type":"Point","coordinates":[-86.13582213,39.70782312]},"properties":{"name":"University Heights United Methodist Children s Center","assetType":"Ministry Child Cares","dataYear":"2018","assetId":"931799","subcategory":"Social and Community Services","detail":"https://classic.savi.org/SAVI/PopUps/AssetMoreInfo.aspx?AssetID=931799"}},{"type":"Feature","geometry":{"type":"Point","coordinates":[-86.32675007,39.82197695]},"properties":{"name":"Victory Academy","assetType":"Ministry Child Cares","dataYear":"2018","assetId":"931819","subcategory":"Social and Community Services","detail":"https://classic.savi.org/SAVI/PopUps/AssetMoreInfo.aspx?AssetID=931819"}},{"type":"Feature","geometry":{"type":"Point","coordinates":[-86.14334048,39.8750707]},"properties":{"name":"Village Montessori","assetType":"Ministry Child Cares","dataYear":"2018","assetId":"931699","subcategory":"Social and Community Services","detail":"https://classic.savi.org/SAVI/PopUps/AssetMoreInfo.aspx?AssetID=931699"}},{"type":"Feature","geometry":{"type":"Point","coordinates":[-86.11048493,39.77469885]},"properties":{"name":"WMM CWC Child Care Ministry","assetType":"Ministry Child Cares","dataYear":"2018","assetId":"931742","subcategory":"Social and Community Services","detail":"https://classic.savi.org/SAVI/PopUps/AssetMoreInfo.aspx?AssetID=931742"}},{"type":"Feature","geometry":{"type":"Point","coordinates":[-86.1247562,39.7290307]},"properties":{"name":"Wee Care Early Learning Ministry","assetType":"Ministry Child Cares","dataYear":"2018","assetId":"931728","subcategory":"Social and Community Services","detail":"https://classic.savi.org/SAVI/PopUps/AssetMoreInfo.aspx?AssetID=931728"}},{"type":"Feature","geometry":{"type":"Point","coordinates":[-86.7286445,39.79092534]},"properties":{"name":"Wee Worship Daycare Ministry Inc","assetType":"Ministry Child Cares","dataYear":"2018","assetId":"931590","subcategory":"Social and Community Services","detail":"https://classic.savi.org/SAVI/PopUps/AssetMoreInfo.aspx?AssetID=931590"}},{"type":"Feature","geometry":{"type":"Point","coordinates":[-86.08346906,39.6557925]},"properties":{"name":"Welcome Place Child Care","assetType":"Ministry Child Cares","dataYear":"2018","assetId":"931779","subcategory":"Social and Community Services","detail":"https://classic.savi.org/SAVI/PopUps/AssetMoreInfo.aspx?AssetID=931779"}},{"type":"Feature","geometry":{"type":"Point","coordinates":[-86.13030233,39.77318922]},"properties":{"name":"Westminster Neighborhood Services","assetType":"Ministry Child Cares","dataYear":"2018","assetId":"931712","subcategory":"Social and Community Services","detail":"https://classic.savi.org/SAVI/PopUps/AssetMoreInfo.aspx?AssetID=931712"}},{"type":"Feature","geometry":{"type":"Point","coordinates":[-86.23822594,39.87048699]},"properties":{"name":"Westside Little Wonders","assetType":"Ministry Child Cares","dataYear":"2018","assetId":"931586","subcategory":"Social and Community Services","detail":"https://classic.savi.org/SAVI/PopUps/AssetMoreInfo.aspx?AssetID=931586"}},{"type":"Feature","geometry":{"type":"Point","coordinates":[-86.47043503,40.07875603]},"properties":{"name":"Witham Family YMCA Preschool","assetType":"Ministry Child Cares","dataYear":"2018","assetId":"931896","subcategory":"Social and Community Services","detail":"https://classic.savi.org/SAVI/PopUps/AssetMoreInfo.aspx?AssetID=931896"}},{"type":"Feature","geometry":{"type":"Point","coordinates":[-86.02264487,39.7714188]},"properties":{"name":"Young Dreamer s Academy","assetType":"Ministry Child Cares","dataYear":"2018","assetId":"931676","subcategory":"Social and Community Services","detail":"https://classic.savi.org/SAVI/PopUps/AssetMoreInfo.aspx?AssetID=931676"}},{"type":"Feature","geometry":{"type":"Point","coordinates":[-85.92392088,39.74147154]},"properties":{"name":"Zion Lutheran Child Care Ministry","assetType":"Ministry Child Cares","dataYear":"2018","assetId":"931870","subcategory":"Social and Community Services","detail":"https://classic.savi.org/SAVI/PopUps/AssetMoreInfo.aspx?AssetID=931870"}},{"type":"Feature","geometry":{"type":"Point","coordinates":[-85.92392088,39.74147154]},"properties":{"name":"Zion Lutheran Child Care Ministry","assetType":"Ministry Child Cares","dataYear":"2018","assetId":"931872","subcategory":"Social and Community Services","detail":"https://classic.savi.org/SAVI/PopUps/AssetMoreInfo.aspx?AssetID=931872"}},{"type":"Feature","geometry":{"type":"Point","coordinates":[-85.98692196,39.82054049]},"properties":{"name":"Pathway to the Future Learning Center - Community Resource Center","assetType":"Community Resource Center","dataYear":"2007","assetId":"625805","subcategory":"Social and Community Services","detail":"https://classic.savi.org/SAVI/PopUps/AssetMoreInfo.aspx?AssetID=625805"}},{"type":"Feature","geometry":{"type":"Point","coordinates":[-86.17435154,39.87750466]},"properties":{"name":"JCC Indianapolis","assetType":"Ethnic Oriented Multipurpose Centers","dataYear":"2016","assetId":"839449","subcategory":"Social and Community Services","detail":"https://classic.savi.org/SAVI/PopUps/AssetMoreInfo.aspx?AssetID=839449"}},{"type":"Feature","geometry":{"type":"Point","coordinates":[-86.01170337,39.82745989]},"properties":{"name":"La Plaza","assetType":"Ethnic Oriented Multipurpose Centers","dataYear":"2016","assetId":"839445","subcategory":"Social and Community Services","detail":"https://classic.savi.org/SAVI/PopUps/AssetMoreInfo.aspx?AssetID=839445"}},{"type":"Feature","geometry":{"type":"Point","coordinates":[-85.67361464,40.25968992]},"properties":{"name":"Alexandria Community Center","assetType":"Neighborhood Multi-purpose Centers","dataYear":"2019","assetId":"934130","subcategory":"Social and Community Services","detail":"https://classic.savi.org/SAVI/PopUps/AssetMoreInfo.aspx?AssetID=934130"}},{"type":"Feature","geometry":{"type":"Point","coordinates":[-86.17434046,39.8776073]},"properties":{"name":"Arthur M Glick Jewish Community Center","assetType":"Neighborhood Multi-purpose Centers","dataYear":"2019","assetId":"930660","subcategory":"Social and Community Services","detail":"https://classic.savi.org/SAVI/PopUps/AssetMoreInfo.aspx?AssetID=930660"}},{"type":"Feature","geometry":{"type":"Point","coordinates":[-86.11299641,39.81087536]},"properties":{"name":"BRIGHTWOOD COMMUNITY CENTER","assetType":"Neighborhood Multi-purpose Centers","dataYear":"2019","assetId":"918342","subcategory":"Social and Community Services","detail":"https://classic.savi.org/SAVI/PopUps/AssetMoreInfo.aspx?AssetID=918342"}},{"type":"Feature","geometry":{"type":"Point","coordinates":[-86.10454175,39.8022139]},"properties":{"name":"Brightwood Community Center","assetType":"Neighborhood Multi-purpose Centers","dataYear":"2019","assetId":"930659","subcategory":"Social and Community Services","detail":"https://classic.savi.org/SAVI/PopUps/AssetMoreInfo.aspx?AssetID=930659"}},{"type":"Feature","geometry":{"type":"Point","coordinates":[-86.20120413,39.7747632]},"properties":{"name":"CHRISTAMORE HOUSE FAMILY AND COMMUNITY CENTER","assetType":"Neighborhood Multi-purpose Centers","dataYear":"2019","assetId":"922105","subcategory":"Social and Community Services","detail":"https://classic.savi.org/SAVI/PopUps/AssetMoreInfo.aspx?AssetID=922105"}},{"type":"Feature","geometry":{"type":"Point","coordinates":[-86.01170847,39.82746745]},"properties":{"name":"COMMUNITY ALLIANCE OF THE FAR EASTSIDE CAF","assetType":"Neighborhood Multi-purpose Centers","dataYear":"2019","assetId":"918750","subcategory":"Social and Community Services","detail":"https://classic.savi.org/SAVI/PopUps/AssetMoreInfo.aspx?AssetID=918750"}},{"type":"Feature","geometry":{"type":"Point","coordinates":[-86.15969846,39.75008158]},"properties":{"name":"CONCORD NEIGHBORHOOD CENTER","assetType":"Neighborhood Multi-purpose Centers","dataYear":"2019","assetId":"921008","subcategory":"Social and Community Services","detail":"https://classic.savi.org/SAVI/PopUps/AssetMoreInfo.aspx?AssetID=921008"}},{"type":"Feature","geometry":{"type":"Point","coordinates":[-86.20115842,39.77472945]},"properties":{"name":"Christamore House Family And Community Center","assetType":"Neighborhood Multi-purpose Centers","dataYear":"2019","assetId":"930658","subcategory":"Social and Community Services","detail":"https://classic.savi.org/SAVI/PopUps/AssetMoreInfo.aspx?AssetID=930658"}},{"type":"Feature","geometry":{"type":"Point","coordinates":[-86.15969334,39.75007403]},"properties":{"name":"Concord Center Association","assetType":"Neighborhood Multi-purpose Centers","dataYear":"2019","assetId":"930657","subcategory":"Social and Community Services","detail":"https://classic.savi.org/SAVI/PopUps/AssetMoreInfo.aspx?AssetID=930657"}},{"type":"Feature","geometry":{"type":"Point","coordinates":[-86.00936367,39.98034336]},"properties":{"name":"Delaware Township Community Center","assetType":"Neighborhood Multi-purpose Centers","dataYear":"2019","assetId":"930656","subcategory":"Social and Community Services","detail":"https://classic.savi.org/SAVI/PopUps/AssetMoreInfo.aspx?AssetID=930656"}},{"type":"Feature","geometry":{"type":"Point","coordinates":[-86.11906905,39.80330126]},"properties":{"name":"EDNA MARTIN CHRISTIAN CENTER","assetType":"Neighborhood Multi-purpose Centers","dataYear":"2019","assetId":"919851","subcategory":"Social and Community Services","detail":"https://classic.savi.org/SAVI/PopUps/AssetMoreInfo.aspx?AssetID=919851"}},{"type":"Feature","geometry":{"type":"Point","coordinates":[-86.11905722,39.80329119]},"properties":{"name":"Edna Martin Christian Center Inc","assetType":"Neighborhood Multi-purpose Centers","dataYear":"2019","assetId":"930655","subcategory":"Social and Community Services","detail":"https://classic.savi.org/SAVI/PopUps/AssetMoreInfo.aspx?AssetID=930655"}},{"type":"Feature","geometry":{"type":"Point","coordinates":[-86.17027103,39.80159246]},"properties":{"name":"FLANNER HOUSE OF INDIANAPOLIS","assetType":"Neighborhood Multi-purpose Centers","dataYear":"2019","assetId":"919470","subcategory":"Social and Community Services","detail":"https://classic.savi.org/SAVI/PopUps/AssetMoreInfo.aspx?AssetID=919470"}},{"type":"Feature","geometry":{"type":"Point","coordinates":[-86.13164498,39.75229143]},"properties":{"name":"FLETCHER PLACE COMMUNITY CENTER","assetType":"Neighborhood Multi-purpose Centers","dataYear":"2019","assetId":"919235","subcategory":"Social and Community Services","detail":"https://classic.savi.org/SAVI/PopUps/AssetMoreInfo.aspx?AssetID=919235"}},{"type":"Feature","geometry":{"type":"Point","coordinates":[-86.19127376,39.80114083]},"properties":{"name":"Family Recreation Center","assetType":"Neighborhood Multi-purpose Centers","dataYear":"2019","assetId":"930654","subcategory":"Social and Community Services","detail":"https://classic.savi.org/SAVI/PopUps/AssetMoreInfo.aspx?AssetID=930654"}},{"type":"Feature","geometry":{"type":"Point","coordinates":[-86.01211994,39.82617205]},"properties":{"name":"Far East Side Neighborhood Center","assetType":"Neighborhood Multi-purpose Centers","dataYear":"2019","assetId":"930641","subcategory":"Social and Community Services","detail":"https://classic.savi.org/SAVI/PopUps/AssetMoreInfo.aspx?AssetID=930641"}},{"type":"Feature","geometry":{"type":"Point","coordinates":[-86.21178254,39.88436704]},"properties":{"name":"Fay Biccard Glick Neighborhood Center","assetType":"Neighborhood Multi-purpose Centers","dataYear":"2019","assetId":"930653","subcategory":"Social and Community Services","detail":"https://classic.savi.org/SAVI/PopUps/AssetMoreInfo.aspx?AssetID=930653"}},{"type":"Feature","geometry":{"type":"Point","coordinates":[-86.17054224,39.80063476]},"properties":{"name":"Flanner House of Indianapolis Inc","assetType":"Neighborhood Multi-purpose Centers","dataYear":"2019","assetId":"930652","subcategory":"Social and Community Services","detail":"https://classic.savi.org/SAVI/PopUps/AssetMoreInfo.aspx?AssetID=930652"}},{"type":"Feature","geometry":{"type":"Point","coordinates":[-86.1309873,39.75214429]},"properties":{"name":"Fletcher Place Community Center","assetType":"Neighborhood Multi-purpose Centers","dataYear":"2019","assetId":"930651","subcategory":"Social and Community Services","detail":"https://classic.savi.org/SAVI/PopUps/AssetMoreInfo.aspx?AssetID=930651"}},{"type":"Feature","geometry":{"type":"Point","coordinates":[-86.07241394,39.82512058]},"properties":{"name":"Forest Manot Multi-Services center","assetType":"Neighborhood Multi-purpose Centers","dataYear":"2019","assetId":"930650","subcategory":"Social and Community Services","detail":"https://classic.savi.org/SAVI/PopUps/AssetMoreInfo.aspx?AssetID=930650"}},{"type":"Feature","geometry":{"type":"Point","coordinates":[-86.22906787,39.71299171]},"properties":{"name":"GOODWIN COMMUNITY CENTER","assetType":"Neighborhood Multi-purpose Centers","dataYear":"2019","assetId":"918372","subcategory":"Social and Community Services","detail":"https://classic.savi.org/SAVI/PopUps/AssetMoreInfo.aspx?AssetID=918372"}},{"type":"Feature","geometry":{"type":"Point","coordinates":[-85.6843478,40.09963914]},"properties":{"name":"Geater Community Center","assetType":"Neighborhood Multi-purpose Centers","dataYear":"2019","assetId":"930649","subcategory":"Social and Community Services","detail":"https://classic.savi.org/SAVI/PopUps/AssetMoreInfo.aspx?AssetID=930649"}},{"type":"Feature","geometry":{"type":"Point","coordinates":[-86.22774437,39.7127552]},"properties":{"name":"George T Goodwin Center","assetType":"Neighborhood Multi-purpose Centers","dataYear":"2019","assetId":"930648","subcategory":"Social and Community Services","detail":"https://classic.savi.org/SAVI/PopUps/AssetMoreInfo.aspx?AssetID=930648"}},{"type":"Feature","geometry":{"type":"Point","coordinates":[-86.10489265,39.6117263]},"properties":{"name":"Greenwood Community Center","assetType":"Neighborhood Multi-purpose Centers","dataYear":"2019","assetId":"930647","subcategory":"Social and Community Services","detail":"https://classic.savi.org/SAVI/PopUps/AssetMoreInfo.aspx?AssetID=930647"}},{"type":"Feature","geometry":{"type":"Point","coordinates":[-86.20166779,39.76743222]},"properties":{"name":"HAWTHORNE COMMUNITY CENTER","assetType":"Neighborhood Multi-purpose Centers","dataYear":"2019","assetId":"918420","subcategory":"Social and Community Services","detail":"https://classic.savi.org/SAVI/PopUps/AssetMoreInfo.aspx?AssetID=918420"}},{"type":"Feature","geometry":{"type":"Point","coordinates":[-86.20217349,39.76858435]},"properties":{"name":"Hawthorne Community Center","assetType":"Neighborhood Multi-purpose Centers","dataYear":"2019","assetId":"930646","subcategory":"Social and Community Services","detail":"https://classic.savi.org/SAVI/PopUps/AssetMoreInfo.aspx?AssetID=930646"}},{"type":"Feature","geometry":{"type":"Point","coordinates":[-86.16127244,39.78872549]},"properties":{"name":"Healthnet Community Health Center","assetType":"Neighborhood Multi-purpose Centers","dataYear":"2019","assetId":"930645","subcategory":"Social and Community Services","detail":"https://classic.savi.org/SAVI/PopUps/AssetMoreInfo.aspx?AssetID=930645"}},{"type":"Feature","geometry":{"type":"Point","coordinates":[-86.07932663,39.70987671]},"properties":{"name":"Hornet Park Community Center","assetType":"Neighborhood Multi-purpose Centers","dataYear":"2019","assetId":"930644","subcategory":"Social and Community Services","detail":"https://classic.savi.org/SAVI/PopUps/AssetMoreInfo.aspx?AssetID=930644"}},{"type":"Feature","geometry":{"type":"Point","coordinates":[-86.14468739,39.77393209]},"properties":{"name":"Indianapolis Neighborhood Resource Center","assetType":"Neighborhood Multi-purpose Centers","dataYear":"2019","assetId":"930643","subcategory":"Social and Community Services","detail":"https://classic.savi.org/SAVI/PopUps/AssetMoreInfo.aspx?AssetID=930643"}},{"type":"Feature","geometry":{"type":"Point","coordinates":[-86.12315795,39.78155671]},"properties":{"name":"JOHN BONER NEIGHBORHOOD CENTERS","assetType":"Neighborhood Multi-purpose Centers","dataYear":"2019","assetId":"917390","subcategory":"Social and Community Services","detail":"https://classic.savi.org/SAVI/PopUps/AssetMoreInfo.aspx?AssetID=917390"}},{"type":"Feature","geometry":{"type":"Point","coordinates":[-86.12315283,39.78154915]},"properties":{"name":"John H Boner Community Center","assetType":"Neighborhood Multi-purpose Centers","dataYear":"2019","assetId":"930642","subcategory":"Social and Community Services","detail":"https://classic.savi.org/SAVI/PopUps/AssetMoreInfo.aspx?AssetID=930642"}},{"type":"Feature","geometry":{"type":"Point","coordinates":[-86.17958437,39.87371885]},"properties":{"name":"Latvian Community Center","assetType":"Neighborhood Multi-purpose Centers","dataYear":"2019","assetId":"930640","subcategory":"Social and Community Services","detail":"https://classic.savi.org/SAVI/PopUps/AssetMoreInfo.aspx?AssetID=930640"}},{"type":"Feature","geometry":{"type":"Point","coordinates":[-86.19465994,39.7511725]},"properties":{"name":"MARY RIGG NEIGHBORHOOD CENTER","assetType":"Neighborhood Multi-purpose Centers","dataYear":"2019","assetId":"919858","subcategory":"Social and Community Services","detail":"https://classic.savi.org/SAVI/PopUps/AssetMoreInfo.aspx?AssetID=919858"}},{"type":"Feature","geometry":{"type":"Point","coordinates":[-86.20718396,39.62030181]},"properties":{"name":"MPCC Community Life Center","assetType":"Neighborhood Multi-purpose Centers","dataYear":"2019","assetId":"930635","subcategory":"Social and Community Services","detail":"https://classic.savi.org/SAVI/PopUps/AssetMoreInfo.aspx?AssetID=930635"}},{"type":"Feature","geometry":{"type":"Point","coordinates":[-85.66975683,40.0998757]},"properties":{"name":"Madison County Community Health Center","assetType":"Neighborhood Multi-purpose Centers","dataYear":"2019","assetId":"930639","subcategory":"Social and Community Services","detail":"https://classic.savi.org/SAVI/PopUps/AssetMoreInfo.aspx?AssetID=930639"}},{"type":"Feature","geometry":{"type":"Point","coordinates":[-86.15782099,39.82854163]},"properties":{"name":"Martin Luther King Community Center","assetType":"Neighborhood Multi-purpose Centers","dataYear":"2019","assetId":"930638","subcategory":"Social and Community Services","detail":"https://classic.savi.org/SAVI/PopUps/AssetMoreInfo.aspx?AssetID=930638"}},{"type":"Feature","geometry":{"type":"Point","coordinates":[-86.19510758,39.75114577]},"properties":{"name":"Mary Rigg Neighborhood Center","assetType":"Neighborhood Multi-purpose Centers","dataYear":"2019","assetId":"930637","subcategory":"Social and Community Services","detail":"https://classic.savi.org/SAVI/PopUps/AssetMoreInfo.aspx?AssetID=930637"}},{"type":"Feature","geometry":{"type":"Point","coordinates":[-86.13586899,39.94990682]},"properties":{"name":"Monon Community Center","assetType":"Neighborhood Multi-purpose Centers","dataYear":"2019","assetId":"930636","subcategory":"Social and Community Services","detail":"https://classic.savi.org/SAVI/PopUps/AssetMoreInfo.aspx?AssetID=930636"}},{"type":"Feature","geometry":{"type":"Point","coordinates":[-86.14624687,39.69530332]},"properties":{"name":"Muslim Community Center- Masjid Al-Taqwa","assetType":"Neighborhood Multi-purpose Centers","dataYear":"2019","assetId":"930634","subcategory":"Social and Community Services","detail":"https://classic.savi.org/SAVI/PopUps/AssetMoreInfo.aspx?AssetID=930634"}},{"type":"Feature","geometry":{"type":"Point","coordinates":[-86.13933304,39.75459711]},"properties":{"name":"SOUTHEAST COMMUNITY SERVICES","assetType":"Neighborhood Multi-purpose Centers","dataYear":"2019","assetId":"917600","subcategory":"Social and Community Services","detail":"https://classic.savi.org/SAVI/PopUps/AssetMoreInfo.aspx?AssetID=917600"}},{"type":"Feature","geometry":{"type":"Point","coordinates":[-85.67948507,40.0999835]},"properties":{"name":"Salvation Army","assetType":"Neighborhood Multi-purpose Centers","dataYear":"2019","assetId":"934119","subcategory":"Social and Community Services","detail":"https://classic.savi.org/SAVI/PopUps/AssetMoreInfo.aspx?AssetID=934119"}},{"type":"Feature","geometry":{"type":"Point","coordinates":[-85.75295819,39.51998364]},"properties":{"name":"Shelby Community Health Center","assetType":"Neighborhood Multi-purpose Centers","dataYear":"2019","assetId":"930633","subcategory":"Social and Community Services","detail":"https://classic.savi.org/SAVI/PopUps/AssetMoreInfo.aspx?AssetID=930633"}},{"type":"Feature","geometry":{"type":"Point","coordinates":[-86.09737971,39.76934101]},"properties":{"name":"Shepherd Community Center","assetType":"Neighborhood Multi-purpose Centers","dataYear":"2019","assetId":"930632","subcategory":"Social and Community Services","detail":"https://classic.savi.org/SAVI/PopUps/AssetMoreInfo.aspx?AssetID=930632"}},{"type":"Feature","geometry":{"type":"Point","coordinates":[-86.13932792,39.75458956]},"properties":{"name":"Southeast Community Services","assetType":"Neighborhood Multi-purpose Centers","dataYear":"2019","assetId":"930631","subcategory":"Social and Community Services","detail":"https://classic.savi.org/SAVI/PopUps/AssetMoreInfo.aspx?AssetID=930631"}},{"type":"Feature","geometry":{"type":"Point","coordinates":[-85.793167,39.50576201]},"properties":{"name":"The Jane Pauley Community Health Center","assetType":"Neighborhood Multi-purpose Centers","dataYear":"2019","assetId":"930627","subcategory":"Social and Community Services","detail":"https://classic.savi.org/SAVI/PopUps/AssetMoreInfo.aspx?AssetID=930627"}},{"type":"Feature","geometry":{"type":"Point","coordinates":[-85.76896485,39.79807779]},"properties":{"name":"The Jane Pauley Community Health Center","assetType":"Neighborhood Multi-purpose Centers","dataYear":"2019","assetId":"930626","subcategory":"Social and Community Services","detail":"https://classic.savi.org/SAVI/PopUps/AssetMoreInfo.aspx?AssetID=930626"}},{"type":"Feature","geometry":{"type":"Point","coordinates":[-86.01097313,39.81118275]},"properties":{"name":"The Jane Pauley Community Health Center","assetType":"Neighborhood Multi-purpose Centers","dataYear":"2019","assetId":"930629","subcategory":"Social and Community Services","detail":"https://classic.savi.org/SAVI/PopUps/AssetMoreInfo.aspx?AssetID=930629"}},{"type":"Feature","geometry":{"type":"Point","coordinates":[-86.07751463,39.78835244]},"properties":{"name":"The Jane Pauley Community Health Center","assetType":"Neighborhood Multi-purpose Centers","dataYear":"2019","assetId":"930628","subcategory":"Social and Community Services","detail":"https://classic.savi.org/SAVI/PopUps/AssetMoreInfo.aspx?AssetID=930628"}},{"type":"Feature","geometry":{"type":"Point","coordinates":[-86.12088356,39.64490253]},"properties":{"name":"The Jane Pauley Community Health Center","assetType":"Neighborhood Multi-purpose Centers","dataYear":"2019","assetId":"930630","subcategory":"Social and Community Services","detail":"https://classic.savi.org/SAVI/PopUps/AssetMoreInfo.aspx?AssetID=930630"}},{"type":"Feature","geometry":{"type":"Point","coordinates":[-86.12567647,39.58096631]},"properties":{"name":"The Point Church & Community Center","assetType":"Neighborhood Multi-purpose Centers","dataYear":"2019","assetId":"930625","subcategory":"Social and Community Services","detail":"https://classic.savi.org/SAVI/PopUps/AssetMoreInfo.aspx?AssetID=930625"}},{"type":"Feature","geometry":{"type":"Point","coordinates":[-86.1104956,39.61209096]},"properties":{"name":"The Salvation Army","assetType":"Neighborhood Multi-purpose Centers","dataYear":"2019","assetId":"934140","subcategory":"Social and Community Services","detail":"https://classic.savi.org/SAVI/PopUps/AssetMoreInfo.aspx?AssetID=934140"}},{"type":"Feature","geometry":{"type":"Point","coordinates":[-86.20626028,39.7758863]},"properties":{"name":"Westside Community Health Center","assetType":"Neighborhood Multi-purpose Centers","dataYear":"2019","assetId":"930624","subcategory":"Social and Community Services","detail":"https://classic.savi.org/SAVI/PopUps/AssetMoreInfo.aspx?AssetID=930624"}},{"type":"Feature","geometry":{"type":"Point","coordinates":[-86.11047982,39.77469129]},"properties":{"name":"Wheeler Mission Community Center","assetType":"Neighborhood Multi-purpose Centers","dataYear":"2019","assetId":"930623","subcategory":"Social and Community Services","detail":"https://classic.savi.org/SAVI/PopUps/AssetMoreInfo.aspx?AssetID=930623"}},{"type":"Feature","geometry":{"type":"Point","coordinates":[-86.23616046,39.85395136]},"properties":{"name":"Zainabia Community Center","assetType":"Neighborhood Multi-purpose Centers","dataYear":"2019","assetId":"930622","subcategory":"Social and Community Services","detail":"https://classic.savi.org/SAVI/PopUps/AssetMoreInfo.aspx?AssetID=930622"}},{"type":"Feature","geometry":{"type":"Point","coordinates":[-86.47341269,40.07978307]},"properties":{"name":"BOONE COUNTY SENIOR SERVICES","assetType":"Senior Centers","dataYear":"2019","assetId":"919478","subcategory":"Social and Community Services","detail":"https://classic.savi.org/SAVI/PopUps/AssetMoreInfo.aspx?AssetID=919478"}},{"type":"Feature","geometry":{"type":"Point","coordinates":[-86.27492318,39.95141992]},"properties":{"name":"BOONE COUNTY SENIOR SERVICES - ZIONSVILLE","assetType":"Senior Centers","dataYear":"2019","assetId":"919249","subcategory":"Social and Community Services","detail":"https://classic.savi.org/SAVI/PopUps/AssetMoreInfo.aspx?AssetID=919249"}},{"type":"Feature","geometry":{"type":"Point","coordinates":[-86.20041545,39.77505634]},"properties":{"name":"CHRISTAMORE COURT APARTMENTS","assetType":"Senior Centers","dataYear":"2019","assetId":"922104","subcategory":"Social and Community Services","detail":"https://classic.savi.org/SAVI/PopUps/AssetMoreInfo.aspx?AssetID=922104"}},{"type":"Feature","geometry":{"type":"Point","coordinates":[-86.01170847,39.82746745]},"properties":{"name":"COMMUNITY ALLIANCE OF THE FAR EASTSIDE CAF","assetType":"Senior Centers","dataYear":"2019","assetId":"918840","subcategory":"Social and Community Services","detail":"https://classic.savi.org/SAVI/PopUps/AssetMoreInfo.aspx?AssetID=918840"}},{"type":"Feature","geometry":{"type":"Point","coordinates":[-86.15969846,39.75008158]},"properties":{"name":"CONCORD NEIGHBORHOOD CENTER","assetType":"Senior Centers","dataYear":"2019","assetId":"921007","subcategory":"Social and Community Services","detail":"https://classic.savi.org/SAVI/PopUps/AssetMoreInfo.aspx?AssetID=921007"}},{"type":"Feature","geometry":{"type":"Point","coordinates":[-86.11906905,39.80330126]},"properties":{"name":"EDNA MARTIN CHRISTIAN CENTER","assetType":"Senior Centers","dataYear":"2019","assetId":"919760","subcategory":"Social and Community Services","detail":"https://classic.savi.org/SAVI/PopUps/AssetMoreInfo.aspx?AssetID=919760"}},{"type":"Feature","geometry":{"type":"Point","coordinates":[-86.08867976,39.72182424]},"properties":{"name":"ELTON H GESHWILER SENIOR CENTER","assetType":"Senior Centers","dataYear":"2019","assetId":"917730","subcategory":"Social and Community Services","detail":"https://classic.savi.org/SAVI/PopUps/AssetMoreInfo.aspx?AssetID=917730"}},{"type":"Feature","geometry":{"type":"Point","coordinates":[-86.17027103,39.80159246]},"properties":{"name":"FLANNER HOUSE OF INDIANAPOLIS","assetType":"Senior Centers","dataYear":"2019","assetId":"919476","subcategory":"Social and Community Services","detail":"https://classic.savi.org/SAVI/PopUps/AssetMoreInfo.aspx?AssetID=919476"}},{"type":"Feature","geometry":{"type":"Point","coordinates":[-86.0534469,39.48378465]},"properties":{"name":"FRANKLIN ACTIVE ADULT CENTER","assetType":"Senior Centers","dataYear":"2019","assetId":"919142","subcategory":"Social and Community Services","detail":"https://classic.savi.org/SAVI/PopUps/AssetMoreInfo.aspx?AssetID=919142"}},{"type":"Feature","geometry":{"type":"Point","coordinates":[-86.22906787,39.71299171]},"properties":{"name":"GOODWIN COMMUNITY CENTER","assetType":"Senior Centers","dataYear":"2019","assetId":"918457","subcategory":"Social and Community Services","detail":"https://classic.savi.org/SAVI/PopUps/AssetMoreInfo.aspx?AssetID=918457"}},{"type":"Feature","geometry":{"type":"Point","coordinates":[-85.75695584,39.78841125]},"properties":{"name":"GREENFIELD SENIOR CENTER","assetType":"Senior Centers","dataYear":"2019","assetId":"918813","subcategory":"Social and Community Services","detail":"https://classic.savi.org/SAVI/PopUps/AssetMoreInfo.aspx?AssetID=918813"}},{"type":"Feature","geometry":{"type":"Point","coordinates":[-86.20883094,39.76883656]},"properties":{"name":"HAWTHORNE SENIOR CENTER AT RETREAT ON WASHINGTON","assetType":"Senior Centers","dataYear":"2019","assetId":"918455","subcategory":"Social and Community Services","detail":"https://classic.savi.org/SAVI/PopUps/AssetMoreInfo.aspx?AssetID=918455"}},{"type":"Feature","geometry":{"type":"Point","coordinates":[-86.5019261,39.76763039]},"properties":{"name":"HENDRICKS COUNTY SENIOR SERVICES","assetType":"Senior Centers","dataYear":"2019","assetId":"918315","subcategory":"Social and Community Services","detail":"https://classic.savi.org/SAVI/PopUps/AssetMoreInfo.aspx?AssetID=918315"}},{"type":"Feature","geometry":{"type":"Point","coordinates":[-86.15992842,39.83891448]},"properties":{"name":"HERITAGE PLACE OF INDIANAPOLIS","assetType":"Senior Centers","dataYear":"2019","assetId":"918404","subcategory":"Social and Community Services","detail":"https://classic.savi.org/SAVI/PopUps/AssetMoreInfo.aspx?AssetID=918404"}},{"type":"Feature","geometry":{"type":"Point","coordinates":[-86.12315795,39.78155671]},"properties":{"name":"JOHN BONER NEIGHBORHOOD CENTERS","assetType":"Senior Centers","dataYear":"2019","assetId":"917589","subcategory":"Social and Community Services","detail":"https://classic.savi.org/SAVI/PopUps/AssetMoreInfo.aspx?AssetID=917589"}},{"type":"Feature","geometry":{"type":"Point","coordinates":[-86.0437914,39.47245068]},"properties":{"name":"Johnson County Senior Services Inc","assetType":"Senior Centers","dataYear":"2019","assetId":"934144","subcategory":"Social and Community Services","detail":"https://classic.savi.org/SAVI/PopUps/AssetMoreInfo.aspx?AssetID=934144"}},{"type":"Feature","geometry":{"type":"Point","coordinates":[-86.42752742,39.44129927]},"properties":{"name":"MARTINSVILLE AREA SENIOR CENTER","assetType":"Senior Centers","dataYear":"2019","assetId":"920095","subcategory":"Social and Community Services","detail":"https://classic.savi.org/SAVI/PopUps/AssetMoreInfo.aspx?AssetID=920095"}},{"type":"Feature","geometry":{"type":"Point","coordinates":[-86.34793845,39.59775813]},"properties":{"name":"MOORESVILLE SENIOR CITIZENS CENTER","assetType":"Senior Centers","dataYear":"2019","assetId":"919300","subcategory":"Social and Community Services","detail":"https://classic.savi.org/SAVI/PopUps/AssetMoreInfo.aspx?AssetID=919300"}},{"type":"Feature","geometry":{"type":"Point","coordinates":[-86.04299108,39.37097188]},"properties":{"name":"Nineveh Area Senior Citizens Center Inc","assetType":"Senior Centers","dataYear":"2019","assetId":"934143","subcategory":"Social and Community Services","detail":"https://classic.savi.org/SAVI/PopUps/AssetMoreInfo.aspx?AssetID=934143"}},{"type":"Feature","geometry":{"type":"Point","coordinates":[-85.97493524,39.77573551]},"properties":{"name":"OASIS - INDIANAPOLIS","assetType":"Senior Centers","dataYear":"2019","assetId":"918113","subcategory":"Social and Community Services","detail":"https://classic.savi.org/SAVI/PopUps/AssetMoreInfo.aspx?AssetID=918113"}},{"type":"Feature","geometry":{"type":"Point","coordinates":[-86.1320807,39.96426217]},"properties":{"name":"PRIMELIFE ENRICHMENT","assetType":"Senior Centers","dataYear":"2019","assetId":"918628","subcategory":"Social and Community Services","detail":"https://classic.savi.org/SAVI/PopUps/AssetMoreInfo.aspx?AssetID=918628"}},{"type":"Feature","geometry":{"type":"Point","coordinates":[-86.86481878,39.64481648]},"properties":{"name":"PUTNAM COUNTY SENIOR CENTER","assetType":"Senior Centers","dataYear":"2019","assetId":"919607","subcategory":"Social and Community Services","detail":"https://classic.savi.org/SAVI/PopUps/AssetMoreInfo.aspx?AssetID=919607"}},{"type":"Feature","geometry":{"type":"Point","coordinates":[-86.13965878,39.74927514]},"properties":{"name":"SALVATION ARMY FOUNTAIN SQUARE CORPS","assetType":"Senior Centers","dataYear":"2019","assetId":"921761","subcategory":"Social and Community Services","detail":"https://classic.savi.org/SAVI/PopUps/AssetMoreInfo.aspx?AssetID=921761"}},{"type":"Feature","geometry":{"type":"Point","coordinates":[-85.99498009,40.05454819]},"properties":{"name":"SENIOR CITIZENS ORGANIZATION - NOBLESVILLE","assetType":"Senior Centers","dataYear":"2019","assetId":"918326","subcategory":"Social and Community Services","detail":"https://classic.savi.org/SAVI/PopUps/AssetMoreInfo.aspx?AssetID=918326"}},{"type":"Feature","geometry":{"type":"Point","coordinates":[-85.77335072,39.51115124]},"properties":{"name":"SHELBY SENIOR SERVICES","assetType":"Senior Centers","dataYear":"2019","assetId":"934113","subcategory":"Social and Community Services","detail":"https://classic.savi.org/SAVI/PopUps/AssetMoreInfo.aspx?AssetID=934113"}},{"type":"Feature","geometry":{"type":"Point","coordinates":[-85.77349801,39.51119057]},"properties":{"name":"SHELBY SENIOR SERVICES","assetType":"Senior Centers","dataYear":"2019","assetId":"917725","subcategory":"Social and Community Services","detail":"https://classic.savi.org/SAVI/PopUps/AssetMoreInfo.aspx?AssetID=917725"}},{"type":"Feature","geometry":{"type":"Point","coordinates":[-85.86223005,39.58652058]},"properties":{"name":"SHELBY SENIOR SERVICES - FAIRLAND","assetType":"Senior Centers","dataYear":"2019","assetId":"917669","subcategory":"Social and Community Services","detail":"https://classic.savi.org/SAVI/PopUps/AssetMoreInfo.aspx?AssetID=917669"}},{"type":"Feature","geometry":{"type":"Point","coordinates":[-85.69937,39.67206259]},"properties":{"name":"SHELBY SENIOR SERVICES - MORRISTOWN","assetType":"Senior Centers","dataYear":"2019","assetId":"917668","subcategory":"Social and Community Services","detail":"https://classic.savi.org/SAVI/PopUps/AssetMoreInfo.aspx?AssetID=917668"}},{"type":"Feature","geometry":{"type":"Point","coordinates":[-85.66826,39.45401053]},"properties":{"name":"SHELBY SENIOR SERVICES - WALDRON","assetType":"Senior Centers","dataYear":"2019","assetId":"917667","subcategory":"Social and Community Services","detail":"https://classic.savi.org/SAVI/PopUps/AssetMoreInfo.aspx?AssetID=917667"}},{"type":"Feature","geometry":{"type":"Point","coordinates":[-86.09783995,39.60783575]},"properties":{"name":"THE SOCIAL OF GREENWOOD","assetType":"Senior Centers","dataYear":"2019","assetId":"918805","subcategory":"Social and Community Services","detail":"https://classic.savi.org/SAVI/PopUps/AssetMoreInfo.aspx?AssetID=918805"}},{"type":"Feature","geometry":{"type":"Point","coordinates":[-86.09845785,39.60826989]},"properties":{"name":"The Social of Greenwood","assetType":"Senior Centers","dataYear":"2019","assetId":"934131","subcategory":"Social and Community Services","detail":"https://classic.savi.org/SAVI/PopUps/AssetMoreInfo.aspx?AssetID=934131"}},{"type":"Feature","geometry":{"type":"Point","coordinates":[-86.01333319,40.04306717]},"properties":{"name":"Promising Futures of Central Indiana","assetType":"Youth Centers","dataYear":"2013","assetId":"802499","subcategory":"Social and Community Services","detail":"https://classic.savi.org/SAVI/PopUps/AssetMoreInfo.aspx?AssetID=802499"}},{"type":"Feature","geometry":{"type":"Point","coordinates":[-86.22048409,40.13704879]},"properties":{"name":"Adams Township Assessor -Hamilton County Government","assetType":"Public Officials Offices","dataYear":"2011","assetId":"694758","subcategory":"Social and Community Services","detail":"https://classic.savi.org/SAVI/PopUps/AssetMoreInfo.aspx?AssetID=694758"}},{"type":"Feature","geometry":{"type":"Point","coordinates":[-86.22048409,40.13704879]},"properties":{"name":"Adams Township Trustee Hamilton County","assetType":"Public Officials Offices","dataYear":"2011","assetId":"691682","subcategory":"Social and Community Services","detail":"https://classic.savi.org/SAVI/PopUps/AssetMoreInfo.aspx?AssetID=691682"}},{"type":"Feature","geometry":{"type":"Point","coordinates":[-85.77468764,39.51967511]},"properties":{"name":"Addison Township Trustee Shelby County","assetType":"Public Officials Offices","dataYear":"2011","assetId":"691724","subcategory":"Social and Community Services","detail":"https://classic.savi.org/SAVI/PopUps/AssetMoreInfo.aspx?AssetID=691724"}},{"type":"Feature","geometry":{"type":"Point","coordinates":[-86.40809342,39.76360636]},"properties":{"name":"Avon Town Hall Information","assetType":"Public Officials Offices","dataYear":"2011","assetId":"694211","subcategory":"Social and Community Services","detail":"https://classic.savi.org/SAVI/PopUps/AssetMoreInfo.aspx?AssetID=694211"}},{"type":"Feature","geometry":{"type":"Point","coordinates":[-86.16692847,39.51979992]},"properties":{"name":"Bargersville Fire Department","assetType":"Public Officials Offices","dataYear":"2011","assetId":"696510","subcategory":"Social and Community Services","detail":"https://classic.savi.org/SAVI/PopUps/AssetMoreInfo.aspx?AssetID=696510"}},{"type":"Feature","geometry":{"type":"Point","coordinates":[-86.02037621,39.79737948]},"properties":{"name":"Bargersville Post Office US Postal Service","assetType":"Public Officials Offices","dataYear":"2011","assetId":"696507","subcategory":"Social and Community Services","detail":"https://classic.savi.org/SAVI/PopUps/AssetMoreInfo.aspx?AssetID=696507"}},{"type":"Feature","geometry":{"type":"Point","coordinates":[-85.96560241,39.35350605]},"properties":{"name":"Blue River Township Assessor Johnson County","assetType":"Public Officials Offices","dataYear":"2011","assetId":"694843","subcategory":"Social and Community Services","detail":"https://classic.savi.org/SAVI/PopUps/AssetMoreInfo.aspx?AssetID=694843"}},{"type":"Feature","geometry":{"type":"Point","coordinates":[-85.76791887,39.78407175]},"properties":{"name":"Center Township Assessor - Hancock County Government","assetType":"Public Officials Offices","dataYear":"2011","assetId":"694149","subcategory":"Social and Community Services","detail":"https://classic.savi.org/SAVI/PopUps/AssetMoreInfo.aspx?AssetID=694149"}},{"type":"Feature","geometry":{"type":"Point","coordinates":[-86.470833,40.056566]},"properties":{"name":"Center Township Trustee Boone County","assetType":"Public Officials Offices","dataYear":"2011","assetId":"691677","subcategory":"Social and Community Services","detail":"https://classic.savi.org/SAVI/PopUps/AssetMoreInfo.aspx?AssetID=691677"}},{"type":"Feature","geometry":{"type":"Point","coordinates":[-85.77148998,39.80413172]},"properties":{"name":"Center Township Trustee Hancock County","assetType":"Public Officials Offices","dataYear":"2011","assetId":"691703","subcategory":"Social and Community Services","detail":"https://classic.savi.org/SAVI/PopUps/AssetMoreInfo.aspx?AssetID=691703"}},{"type":"Feature","geometry":{"type":"Point","coordinates":[-86.52353872,39.75958198]},"properties":{"name":"Center Township Trustee Hendricks County","assetType":"Public Officials Offices","dataYear":"2011","assetId":"692334","subcategory":"Social and Community Services","detail":"https://classic.savi.org/SAVI/PopUps/AssetMoreInfo.aspx?AssetID=692334"}},{"type":"Feature","geometry":{"type":"Point","coordinates":[-86.14293475,39.77902733]},"properties":{"name":"Center Township Trustee Marion County","assetType":"Public Officials Offices","dataYear":"2011","assetId":"691207","subcategory":"Social and Community Services","detail":"https://classic.savi.org/SAVI/PopUps/AssetMoreInfo.aspx?AssetID=691207"}},{"type":"Feature","geometry":{"type":"Point","coordinates":[-86.09106867,39.72177651]},"properties":{"name":"City of Beech Grove - Clerk-Treasurer","assetType":"Public Officials Offices","dataYear":"2011","assetId":"694092","subcategory":"Social and Community Services","detail":"https://classic.savi.org/SAVI/PopUps/AssetMoreInfo.aspx?AssetID=694092"}},{"type":"Feature","geometry":{"type":"Point","coordinates":[-86.07261635,39.71354131]},"properties":{"name":"City of Beech Grove - Department of Public Works","assetType":"Public Officials Offices","dataYear":"2011","assetId":"694184","subcategory":"Social and Community Services","detail":"https://classic.savi.org/SAVI/PopUps/AssetMoreInfo.aspx?AssetID=694184"}},{"type":"Feature","geometry":{"type":"Point","coordinates":[-86.09106867,39.72177651]},"properties":{"name":"City of Beech Grove - Mayor s Office","assetType":"Public Officials Offices","dataYear":"2011","assetId":"694713","subcategory":"Social and Community Services","detail":"https://classic.savi.org/SAVI/PopUps/AssetMoreInfo.aspx?AssetID=694713"}},{"type":"Feature","geometry":{"type":"Point","coordinates":[-86.04483838,39.47195578]},"properties":{"name":"City of Franklin Department of Public Works","assetType":"Public Officials Offices","dataYear":"2011","assetId":"694197","subcategory":"Social and Community Services","detail":"https://classic.savi.org/SAVI/PopUps/AssetMoreInfo.aspx?AssetID=694197"}},{"type":"Feature","geometry":{"type":"Point","coordinates":[-85.78325107,39.77970638]},"properties":{"name":"City of Greenfield - Power and Light","assetType":"Public Officials Offices","dataYear":"2011","assetId":"694755","subcategory":"Social and Community Services","detail":"https://classic.savi.org/SAVI/PopUps/AssetMoreInfo.aspx?AssetID=694755"}},{"type":"Feature","geometry":{"type":"Point","coordinates":[-85.78192422,39.77982474]},"properties":{"name":"City of Greenfield - Street Department","assetType":"Public Officials Offices","dataYear":"2011","assetId":"694190","subcategory":"Social and Community Services","detail":"https://classic.savi.org/SAVI/PopUps/AssetMoreInfo.aspx?AssetID=694190"}},{"type":"Feature","geometry":{"type":"Point","coordinates":[-85.76638683,39.77557378]},"properties":{"name":"City of Greenfield - Wastewater Utility","assetType":"Public Officials Offices","dataYear":"2011","assetId":"694753","subcategory":"Social and Community Services","detail":"https://classic.savi.org/SAVI/PopUps/AssetMoreInfo.aspx?AssetID=694753"}},{"type":"Feature","geometry":{"type":"Point","coordinates":[-85.76628756,39.7809009]},"properties":{"name":"City of Greenfield - Water Department","assetType":"Public Officials Offices","dataYear":"2011","assetId":"694752","subcategory":"Social and Community Services","detail":"https://classic.savi.org/SAVI/PopUps/AssetMoreInfo.aspx?AssetID=694752"}},{"type":"Feature","geometry":{"type":"Point","coordinates":[-86.01045761,39.86250217]},"properties":{"name":"City of Lawrence - Fire Department","assetType":"Public Officials Offices","dataYear":"2011","assetId":"694708","subcategory":"Social and Community Services","detail":"https://classic.savi.org/SAVI/PopUps/AssetMoreInfo.aspx?AssetID=694708"}},{"type":"Feature","geometry":{"type":"Point","coordinates":[-86.00797659,39.85524931]},"properties":{"name":"City of Lawrence - Street Sewer Sanitation Department","assetType":"Public Officials Offices","dataYear":"2011","assetId":"694700","subcategory":"Social and Community Services","detail":"https://classic.savi.org/SAVI/PopUps/AssetMoreInfo.aspx?AssetID=694700"}},{"type":"Feature","geometry":{"type":"Point","coordinates":[-86.00450645,40.03910034]},"properties":{"name":"City of Noblesville - Street Department","assetType":"Public Officials Offices","dataYear":"2011","assetId":"694779","subcategory":"Social and Community Services","detail":"https://classic.savi.org/SAVI/PopUps/AssetMoreInfo.aspx?AssetID=694779"}},{"type":"Feature","geometry":{"type":"Point","coordinates":[-86.02044644,40.0379046]},"properties":{"name":"City of Noblesville - Wastewater Utility","assetType":"Public Officials Offices","dataYear":"2011","assetId":"694780","subcategory":"Social and Community Services","detail":"https://classic.savi.org/SAVI/PopUps/AssetMoreInfo.aspx?AssetID=694780"}},{"type":"Feature","geometry":{"type":"Point","coordinates":[-86.16292665,39.82192475]},"properties":{"name":"City of Southport - Building Commision","assetType":"Public Officials Offices","dataYear":"2011","assetId":"694722","subcategory":"Social and Community Services","detail":"https://classic.savi.org/SAVI/PopUps/AssetMoreInfo.aspx?AssetID=694722"}},{"type":"Feature","geometry":{"type":"Point","coordinates":[-86.16292665,39.82192475]},"properties":{"name":"City of Southport - Clerk-Treasurer","assetType":"Public Officials Offices","dataYear":"2011","assetId":"694716","subcategory":"Social and Community Services","detail":"https://classic.savi.org/SAVI/PopUps/AssetMoreInfo.aspx?AssetID=694716"}},{"type":"Feature","geometry":{"type":"Point","coordinates":[-86.16292665,39.82192475]},"properties":{"name":"City of Southport - Mayor s Office","assetType":"Public Officials Offices","dataYear":"2011","assetId":"694718","subcategory":"Social and Community Services","detail":"https://classic.savi.org/SAVI/PopUps/AssetMoreInfo.aspx?AssetID=694718"}},{"type":"Feature","geometry":{"type":"Point","coordinates":[-86.153545,39.76710056]},"properties":{"name":"Civil Divisions of the Marion County Superior Court","assetType":"Public Officials Offices","dataYear":"2011","assetId":"696377","subcategory":"Social and Community Services","detail":"https://classic.savi.org/SAVI/PopUps/AssetMoreInfo.aspx?AssetID=696377"}},{"type":"Feature","geometry":{"type":"Point","coordinates":[-86.14578451,39.94313319]},"properties":{"name":"Clay Township Assessor - Hamilton County Government","assetType":"Public Officials Offices","dataYear":"2011","assetId":"694156","subcategory":"Social and Community Services","detail":"https://classic.savi.org/SAVI/PopUps/AssetMoreInfo.aspx?AssetID=694156"}},{"type":"Feature","geometry":{"type":"Point","coordinates":[-86.14578451,39.94313319]},"properties":{"name":"Clay Township Trustee Hamilton County","assetType":"Public Officials Offices","dataYear":"2011","assetId":"691685","subcategory":"Social and Community Services","detail":"https://classic.savi.org/SAVI/PopUps/AssetMoreInfo.aspx?AssetID=691685"}},{"type":"Feature","geometry":{"type":"Point","coordinates":[-86.35907,39.51287]},"properties":{"name":"Clay Township Trustee Morgan County","assetType":"Public Officials Offices","dataYear":"2011","assetId":"692341","subcategory":"Social and Community Services","detail":"https://classic.savi.org/SAVI/PopUps/AssetMoreInfo.aspx?AssetID=692341"}},{"type":"Feature","geometry":{"type":"Point","coordinates":[-86.43499306,40.1262679]},"properties":{"name":"Clinton Township Trustee Boone County","assetType":"Public Officials Offices","dataYear":"2011","assetId":"691681","subcategory":"Social and Community Services","detail":"https://classic.savi.org/SAVI/PopUps/AssetMoreInfo.aspx?AssetID=691681"}},{"type":"Feature","geometry":{"type":"Point","coordinates":[-86.26947971,39.6858721]},"properties":{"name":"Decatur Township Trustee Marion County","assetType":"Public Officials Offices","dataYear":"2011","assetId":"691213","subcategory":"Social and Community Services","detail":"https://classic.savi.org/SAVI/PopUps/AssetMoreInfo.aspx?AssetID=691213"}},{"type":"Feature","geometry":{"type":"Point","coordinates":[-86.00938317,39.97911181]},"properties":{"name":"Delaware Township Assessor - Hamilton County Government","assetType":"Public Officials Offices","dataYear":"2011","assetId":"694157","subcategory":"Social and Community Services","detail":"https://classic.savi.org/SAVI/PopUps/AssetMoreInfo.aspx?AssetID=694157"}},{"type":"Feature","geometry":{"type":"Point","coordinates":[-86.00938317,39.97911181]},"properties":{"name":"Delaware Township Trustee Hamilton County","assetType":"Public Officials Offices","dataYear":"2011","assetId":"691687","subcategory":"Social and Community Services","detail":"https://classic.savi.org/SAVI/PopUps/AssetMoreInfo.aspx?AssetID=691687"}},{"type":"Feature","geometry":{"type":"Point","coordinates":[-86.00938317,39.97911181]},"properties":{"name":"Fall Creek Township Assessor - Hamilton County Government","assetType":"Public Officials Offices","dataYear":"2011","assetId":"694159","subcategory":"Social and Community Services","detail":"https://classic.savi.org/SAVI/PopUps/AssetMoreInfo.aspx?AssetID=694159"}},{"type":"Feature","geometry":{"type":"Point","coordinates":[-85.94241401,39.95757311]},"properties":{"name":"Fall Creek Township Trustee Hamilton County","assetType":"Public Officials Offices","dataYear":"2011","assetId":"691693","subcategory":"Social and Community Services","detail":"https://classic.savi.org/SAVI/PopUps/AssetMoreInfo.aspx?AssetID=691693"}},{"type":"Feature","geometry":{"type":"Point","coordinates":[-86.15188046,39.80608062]},"properties":{"name":"Fire Prevention Bureau Indpls Dept of Public Safety","assetType":"Public Officials Offices","dataYear":"2011","assetId":"696483","subcategory":"Social and Community Services","detail":"https://classic.savi.org/SAVI/PopUps/AssetMoreInfo.aspx?AssetID=696483"}},{"type":"Feature","geometry":{"type":"Point","coordinates":[-86.05618341,39.47986857]},"properties":{"name":"Franklin Township Assessor - Johnson County Government","assetType":"Public Officials Offices","dataYear":"2011","assetId":"694163","subcategory":"Social and Community Services","detail":"https://classic.savi.org/SAVI/PopUps/AssetMoreInfo.aspx?AssetID=694163"}},{"type":"Feature","geometry":{"type":"Point","coordinates":[-86.05739058,39.48064883]},"properties":{"name":"Franklin Township Trustee Johnson County","assetType":"Public Officials Offices","dataYear":"2011","assetId":"691721","subcategory":"Social and Community Services","detail":"https://classic.savi.org/SAVI/PopUps/AssetMoreInfo.aspx?AssetID=691721"}},{"type":"Feature","geometry":{"type":"Point","coordinates":[-86.06336163,39.67763664]},"properties":{"name":"Franklin Township Trustee Marion County","assetType":"Public Officials Offices","dataYear":"2011","assetId":"691221","subcategory":"Social and Community Services","detail":"https://classic.savi.org/SAVI/PopUps/AssetMoreInfo.aspx?AssetID=691221"}},{"type":"Feature","geometry":{"type":"Point","coordinates":[-86.01864054,39.67397866]},"properties":{"name":"Franklin Township-Marion County Historical Society","assetType":"Public Officials Offices","dataYear":"2011","assetId":"693759","subcategory":"Social and Community Services","detail":"https://classic.savi.org/SAVI/PopUps/AssetMoreInfo.aspx?AssetID=693759"}},{"type":"Feature","geometry":{"type":"Point","coordinates":[-85.72690267,39.90293099]},"properties":{"name":"Green Township Trustee Hancock County","assetType":"Public Officials Offices","dataYear":"2011","assetId":"691707","subcategory":"Social and Community Services","detail":"https://classic.savi.org/SAVI/PopUps/AssetMoreInfo.aspx?AssetID=691707"}},{"type":"Feature","geometry":{"type":"Point","coordinates":[-86.3384718,39.45187227]},"properties":{"name":"Green Township Trustee Morgan County","assetType":"Public Officials Offices","dataYear":"2011","assetId":"692342","subcategory":"Social and Community Services","detail":"https://classic.savi.org/SAVI/PopUps/AssetMoreInfo.aspx?AssetID=692342"}},{"type":"Feature","geometry":{"type":"Point","coordinates":[-86.01366681,40.0459233]},"properties":{"name":"Hamilton County Assessor - Hamilton County Government","assetType":"Public Officials Offices","dataYear":"2011","assetId":"694155","subcategory":"Social and Community Services","detail":"https://classic.savi.org/SAVI/PopUps/AssetMoreInfo.aspx?AssetID=694155"}},{"type":"Feature","geometry":{"type":"Point","coordinates":[-85.76791887,39.78407175]},"properties":{"name":"Hancock County Assessor - Hancock County Government","assetType":"Public Officials Offices","dataYear":"2011","assetId":"694152","subcategory":"Social and Community Services","detail":"https://classic.savi.org/SAVI/PopUps/AssetMoreInfo.aspx?AssetID=694152"}},{"type":"Feature","geometry":{"type":"Point","coordinates":[-85.76809592,39.78457455]},"properties":{"name":"Hancock County Prosecutor s Office - Prosecution","assetType":"Public Officials Offices","dataYear":"2011","assetId":"692369","subcategory":"Social and Community Services","detail":"https://classic.savi.org/SAVI/PopUps/AssetMoreInfo.aspx?AssetID=692369"}},{"type":"Feature","geometry":{"type":"Point","coordinates":[-86.51193351,39.96129764]},"properties":{"name":"Harrison Township Trustee Boone County","assetType":"Public Officials Offices","dataYear":"2011","assetId":"692186","subcategory":"Social and Community Services","detail":"https://classic.savi.org/SAVI/PopUps/AssetMoreInfo.aspx?AssetID=692186"}},{"type":"Feature","geometry":{"type":"Point","coordinates":[-86.25866774,39.55548697]},"properties":{"name":"Harrison Township Trustee Morgan County","assetType":"Public Officials Offices","dataYear":"2011","assetId":"692197","subcategory":"Social and Community Services","detail":"https://classic.savi.org/SAVI/PopUps/AssetMoreInfo.aspx?AssetID=692197"}},{"type":"Feature","geometry":{"type":"Point","coordinates":[-86.1150346,39.70754894]},"properties":{"name":"Hendricks Township Trustee Shelby County","assetType":"Public Officials Offices","dataYear":"2011","assetId":"692190","subcategory":"Social and Community Services","detail":"https://classic.savi.org/SAVI/PopUps/AssetMoreInfo.aspx?AssetID=692190"}},{"type":"Feature","geometry":{"type":"Point","coordinates":[-86.218471,39.39565]},"properties":{"name":"Hensley Township Trustee Assessor Johnson County","assetType":"Public Officials Offices","dataYear":"2011","assetId":"692359","subcategory":"Social and Community Services","detail":"https://classic.savi.org/SAVI/PopUps/AssetMoreInfo.aspx?AssetID=692359"}},{"type":"Feature","geometry":{"type":"Point","coordinates":[-86.16541955,39.76734767]},"properties":{"name":"Indiana Dept of Natural Resources - Historical Property Registers","assetType":"Public Officials Offices","dataYear":"2011","assetId":"694696","subcategory":"Social and Community Services","detail":"https://classic.savi.org/SAVI/PopUps/AssetMoreInfo.aspx?AssetID=694696"}},{"type":"Feature","geometry":{"type":"Point","coordinates":[-86.04327877,39.89058356]},"properties":{"name":"Indianapolis Fire Department - Station 17","assetType":"Public Officials Offices","dataYear":"2011","assetId":"696360","subcategory":"Social and Community Services","detail":"https://classic.savi.org/SAVI/PopUps/AssetMoreInfo.aspx?AssetID=696360"}},{"type":"Feature","geometry":{"type":"Point","coordinates":[-85.98758032,39.9127097]},"properties":{"name":"Indianapolis Fire Department - Station 28","assetType":"Public Officials Offices","dataYear":"2011","assetId":"696361","subcategory":"Social and Community Services","detail":"https://classic.savi.org/SAVI/PopUps/AssetMoreInfo.aspx?AssetID=696361"}},{"type":"Feature","geometry":{"type":"Point","coordinates":[-86.05932521,39.91236575]},"properties":{"name":"Indianapolis Fire Department - Station 9","assetType":"Public Officials Offices","dataYear":"2011","assetId":"696358","subcategory":"Social and Community Services","detail":"https://classic.savi.org/SAVI/PopUps/AssetMoreInfo.aspx?AssetID=696358"}},{"type":"Feature","geometry":{"type":"Point","coordinates":[-86.01375373,40.12517454]},"properties":{"name":"Jackson Township Assessor - Hamilton County Government","assetType":"Public Officials Offices","dataYear":"2011","assetId":"694160","subcategory":"Social and Community Services","detail":"https://classic.savi.org/SAVI/PopUps/AssetMoreInfo.aspx?AssetID=694160"}},{"type":"Feature","geometry":{"type":"Point","coordinates":[-86.0283135,40.17623467]},"properties":{"name":"Jackson Township Trustee Hamilton County","assetType":"Public Officials Offices","dataYear":"2011","assetId":"691694","subcategory":"Social and Community Services","detail":"https://classic.savi.org/SAVI/PopUps/AssetMoreInfo.aspx?AssetID=691694"}},{"type":"Feature","geometry":{"type":"Point","coordinates":[-85.60297934,39.81595656]},"properties":{"name":"Jackson Township Trustee Hancock County","assetType":"Public Officials Offices","dataYear":"2011","assetId":"691708","subcategory":"Social and Community Services","detail":"https://classic.savi.org/SAVI/PopUps/AssetMoreInfo.aspx?AssetID=691708"}},{"type":"Feature","geometry":{"type":"Point","coordinates":[-86.36852318,39.36299049]},"properties":{"name":"Jackson Township Trustee Morgan County","assetType":"Public Officials Offices","dataYear":"2011","assetId":"692344","subcategory":"Social and Community Services","detail":"https://classic.savi.org/SAVI/PopUps/AssetMoreInfo.aspx?AssetID=692344"}},{"type":"Feature","geometry":{"type":"Point","coordinates":[-86.58436094,40.03202901]},"properties":{"name":"Jefferson Township Trustee Boone County","assetType":"Public Officials Offices","dataYear":"2011","assetId":"692188","subcategory":"Social and Community Services","detail":"https://classic.savi.org/SAVI/PopUps/AssetMoreInfo.aspx?AssetID=692188"}},{"type":"Feature","geometry":{"type":"Point","coordinates":[-86.45912141,39.43111591]},"properties":{"name":"Jefferson Township Trustee Morgan County","assetType":"Public Officials Offices","dataYear":"2011","assetId":"692199","subcategory":"Social and Community Services","detail":"https://classic.savi.org/SAVI/PopUps/AssetMoreInfo.aspx?AssetID=692199"}},{"type":"Feature","geometry":{"type":"Point","coordinates":[-86.05618341,39.47986857]},"properties":{"name":"Johnson County Assessor - Johnson County Government","assetType":"Public Officials Offices","dataYear":"2011","assetId":"694154","subcategory":"Social and Community Services","detail":"https://classic.savi.org/SAVI/PopUps/AssetMoreInfo.aspx?AssetID=694154"}},{"type":"Feature","geometry":{"type":"Point","coordinates":[-86.05517573,39.48012782]},"properties":{"name":"Johnson County Clerk - Clerk Services","assetType":"Public Officials Offices","dataYear":"2011","assetId":"693263","subcategory":"Social and Community Services","detail":"https://classic.savi.org/SAVI/PopUps/AssetMoreInfo.aspx?AssetID=693263"}},{"type":"Feature","geometry":{"type":"Point","coordinates":[-86.02499997,39.83862824]},"properties":{"name":"Lawrence Township Small Claims Court Marion County","assetType":"Public Officials Offices","dataYear":"2011","assetId":"691506","subcategory":"Social and Community Services","detail":"https://classic.savi.org/SAVI/PopUps/AssetMoreInfo.aspx?AssetID=691506"}},{"type":"Feature","geometry":{"type":"Point","coordinates":[-86.12854837,39.75198305]},"properties":{"name":"Lawrence Utilities - Water and Sewer","assetType":"Public Officials Offices","dataYear":"2011","assetId":"695048","subcategory":"Social and Community Services","detail":"https://classic.savi.org/SAVI/PopUps/AssetMoreInfo.aspx?AssetID=695048"}},{"type":"Feature","geometry":{"type":"Point","coordinates":[-86.46795326,40.04484866]},"properties":{"name":"Lebanon Clerk-Treasurer Department","assetType":"Public Officials Offices","dataYear":"2011","assetId":"694215","subcategory":"Social and Community Services","detail":"https://classic.savi.org/SAVI/PopUps/AssetMoreInfo.aspx?AssetID=694215"}},{"type":"Feature","geometry":{"type":"Point","coordinates":[-86.485316,40.058601]},"properties":{"name":"Lebanon Street Department","assetType":"Public Officials Offices","dataYear":"2011","assetId":"695978","subcategory":"Social and Community Services","detail":"https://classic.savi.org/SAVI/PopUps/AssetMoreInfo.aspx?AssetID=695978"}},{"type":"Feature","geometry":{"type":"Point","coordinates":[-86.485316,40.058601]},"properties":{"name":"Lebanon Street Department - Animal Control","assetType":"Public Officials Offices","dataYear":"2011","assetId":"696346","subcategory":"Social and Community Services","detail":"https://classic.savi.org/SAVI/PopUps/AssetMoreInfo.aspx?AssetID=696346"}},{"type":"Feature","geometry":{"type":"Point","coordinates":[-86.485316,40.058601]},"properties":{"name":"Lebanon Street Department - Recycling","assetType":"Public Officials Offices","dataYear":"2011","assetId":"696345","subcategory":"Social and Community Services","detail":"https://classic.savi.org/SAVI/PopUps/AssetMoreInfo.aspx?AssetID=696345"}},{"type":"Feature","geometry":{"type":"Point","coordinates":[-86.52499947,39.61452683]},"properties":{"name":"Liberty Township Trustee Hendricks County","assetType":"Public Officials Offices","dataYear":"2011","assetId":"691714","subcategory":"Social and Community Services","detail":"https://classic.savi.org/SAVI/PopUps/AssetMoreInfo.aspx?AssetID=691714"}},{"type":"Feature","geometry":{"type":"Point","coordinates":[-85.63549516,39.48273095]},"properties":{"name":"Liberty Township Trustee Shelby County","assetType":"Public Officials Offices","dataYear":"2011","assetId":"692346","subcategory":"Social and Community Services","detail":"https://classic.savi.org/SAVI/PopUps/AssetMoreInfo.aspx?AssetID=692346"}},{"type":"Feature","geometry":{"type":"Point","coordinates":[-86.29672993,39.61782698]},"properties":{"name":"Madison Township Trustee Morgan County","assetType":"Public Officials Offices","dataYear":"2011","assetId":"692189","subcategory":"Social and Community Services","detail":"https://classic.savi.org/SAVI/PopUps/AssetMoreInfo.aspx?AssetID=692189"}},{"type":"Feature","geometry":{"type":"Point","coordinates":[-86.65073866,39.75979663]},"properties":{"name":"Marion Township Trustee Hendricks County","assetType":"Public Officials Offices","dataYear":"2011","assetId":"692337","subcategory":"Social and Community Services","detail":"https://classic.savi.org/SAVI/PopUps/AssetMoreInfo.aspx?AssetID=692337"}},{"type":"Feature","geometry":{"type":"Point","coordinates":[-85.77240884,39.60226]},"properties":{"name":"Marion Township Trustee Shelby County","assetType":"Public Officials Offices","dataYear":"2011","assetId":"692194","subcategory":"Social and Community Services","detail":"https://classic.savi.org/SAVI/PopUps/AssetMoreInfo.aspx?AssetID=692194"}},{"type":"Feature","geometry":{"type":"Point","coordinates":[-86.46668507,39.86437042]},"properties":{"name":"Middle Township Trustee Hendricks County","assetType":"Public Officials Offices","dataYear":"2011","assetId":"691715","subcategory":"Social and Community Services","detail":"https://classic.savi.org/SAVI/PopUps/AssetMoreInfo.aspx?AssetID=691715"}},{"type":"Feature","geometry":{"type":"Point","coordinates":[-86.37475744,39.61179166]},"properties":{"name":"Mooresville Town Hall","assetType":"Public Officials Offices","dataYear":"2011","assetId":"694203","subcategory":"Social and Community Services","detail":"https://classic.savi.org/SAVI/PopUps/AssetMoreInfo.aspx?AssetID=694203"}},{"type":"Feature","geometry":{"type":"Point","coordinates":[-86.26164364,39.37134213]},"properties":{"name":"Morgantown Town Hall","assetType":"Public Officials Offices","dataYear":"2011","assetId":"694513","subcategory":"Social and Community Services","detail":"https://classic.savi.org/SAVI/PopUps/AssetMoreInfo.aspx?AssetID=694513"}},{"type":"Feature","geometry":{"type":"Point","coordinates":[-85.88819935,39.72079989]},"properties":{"name":"New Palestine Town Hall","assetType":"Public Officials Offices","dataYear":"2011","assetId":"694188","subcategory":"Social and Community Services","detail":"https://classic.savi.org/SAVI/PopUps/AssetMoreInfo.aspx?AssetID=694188"}},{"type":"Feature","geometry":{"type":"Point","coordinates":[-86.13234296,39.73515414]},"properties":{"name":"New Whiteland Town Hall","assetType":"Public Officials Offices","dataYear":"2011","assetId":"694207","subcategory":"Social and Community Services","detail":"https://classic.savi.org/SAVI/PopUps/AssetMoreInfo.aspx?AssetID=694207"}},{"type":"Feature","geometry":{"type":"Point","coordinates":[-86.01486818,40.04599483]},"properties":{"name":"Noblesville Township Assessor","assetType":"Public Officials Offices","dataYear":"2011","assetId":"694161","subcategory":"Social and Community Services","detail":"https://classic.savi.org/SAVI/PopUps/AssetMoreInfo.aspx?AssetID=694161"}},{"type":"Feature","geometry":{"type":"Point","coordinates":[-86.01418453,40.04241306]},"properties":{"name":"Noblesville Township Trustee Hamilton County","assetType":"Public Officials Offices","dataYear":"2011","assetId":"691695","subcategory":"Social and Community Services","detail":"https://classic.savi.org/SAVI/PopUps/AssetMoreInfo.aspx?AssetID=691695"}},{"type":"Feature","geometry":{"type":"Point","coordinates":[-86.13913942,39.69439255]},"properties":{"name":"Perry Township Trustee Marion County","assetType":"Public Officials Offices","dataYear":"2011","assetId":"691387","subcategory":"Social and Community Services","detail":"https://classic.savi.org/SAVI/PopUps/AssetMoreInfo.aspx?AssetID=691387"}},{"type":"Feature","geometry":{"type":"Point","coordinates":[-86.26439347,39.8542316]},"properties":{"name":"Pike Township Trustee Marion County","assetType":"Public Officials Offices","dataYear":"2011","assetId":"691230","subcategory":"Social and Community Services","detail":"https://classic.savi.org/SAVI/PopUps/AssetMoreInfo.aspx?AssetID=691230"}},{"type":"Feature","geometry":{"type":"Point","coordinates":[-86.40313196,39.70286705]},"properties":{"name":"Plainfield Clerk-Treasurer","assetType":"Public Officials Offices","dataYear":"2011","assetId":"695977","subcategory":"Social and Community Services","detail":"https://classic.savi.org/SAVI/PopUps/AssetMoreInfo.aspx?AssetID=695977"}},{"type":"Feature","geometry":{"type":"Point","coordinates":[-86.078778,39.550992]},"properties":{"name":"Pleasant Township Assessor - Johnson County Government","assetType":"Public Officials Offices","dataYear":"2011","assetId":"694164","subcategory":"Social and Community Services","detail":"https://classic.savi.org/SAVI/PopUps/AssetMoreInfo.aspx?AssetID=694164"}},{"type":"Feature","geometry":{"type":"Point","coordinates":[-86.07893138,39.55153431]},"properties":{"name":"Pleasant Township Trustee Johnson County","assetType":"Public Officials Offices","dataYear":"2011","assetId":"691829","subcategory":"Social and Community Services","detail":"https://classic.savi.org/SAVI/PopUps/AssetMoreInfo.aspx?AssetID=691829"}},{"type":"Feature","geometry":{"type":"Point","coordinates":[-86.10382867,39.3542215]},"properties":{"name":"Princes Lakes Town Hall Information","assetType":"Public Officials Offices","dataYear":"2011","assetId":"694209","subcategory":"Social and Community Services","detail":"https://classic.savi.org/SAVI/PopUps/AssetMoreInfo.aspx?AssetID=694209"}},{"type":"Feature","geometry":{"type":"Point","coordinates":[-85.77714973,39.52149007]},"properties":{"name":"Shelby County Clerk of Circuit Court - Clerk Services","assetType":"Public Officials Offices","dataYear":"2011","assetId":"693275","subcategory":"Social and Community Services","detail":"https://classic.savi.org/SAVI/PopUps/AssetMoreInfo.aspx?AssetID=693275"}},{"type":"Feature","geometry":{"type":"Point","coordinates":[-85.86174018,39.77958597]},"properties":{"name":"Sugar Creek Assessor - Hancock County Government","assetType":"Public Officials Offices","dataYear":"2011","assetId":"694150","subcategory":"Social and Community Services","detail":"https://classic.savi.org/SAVI/PopUps/AssetMoreInfo.aspx?AssetID=694150"}},{"type":"Feature","geometry":{"type":"Point","coordinates":[-86.60974926,40.12930842]},"properties":{"name":"Sugar Creek Township Trustee Boone County","assetType":"Public Officials Offices","dataYear":"2011","assetId":"691675","subcategory":"Social and Community Services","detail":"https://classic.savi.org/SAVI/PopUps/AssetMoreInfo.aspx?AssetID=691675"}},{"type":"Feature","geometry":{"type":"Point","coordinates":[-85.91371507,39.73162598]},"properties":{"name":"Sugar Creek Township Trustee Hancock County","assetType":"Public Officials Offices","dataYear":"2011","assetId":"691709","subcategory":"Social and Community Services","detail":"https://classic.savi.org/SAVI/PopUps/AssetMoreInfo.aspx?AssetID=691709"}},{"type":"Feature","geometry":{"type":"Point","coordinates":[-86.60651398,40.12953062]},"properties":{"name":"Thorntown Town Hall Information","assetType":"Public Officials Offices","dataYear":"2011","assetId":"694219","subcategory":"Social and Community Services","detail":"https://classic.savi.org/SAVI/PopUps/AssetMoreInfo.aspx?AssetID=694219"}},{"type":"Feature","geometry":{"type":"Point","coordinates":[-85.96120599,39.77575793]},"properties":{"name":"Town of Cumberland - Police Department","assetType":"Public Officials Offices","dataYear":"2011","assetId":"693972","subcategory":"Social and Community Services","detail":"https://classic.savi.org/SAVI/PopUps/AssetMoreInfo.aspx?AssetID=693972"}},{"type":"Feature","geometry":{"type":"Point","coordinates":[-85.96120599,39.77575793]},"properties":{"name":"Town of Cumberland - Streets and Parks Department","assetType":"Public Officials Offices","dataYear":"2011","assetId":"694195","subcategory":"Social and Community Services","detail":"https://classic.savi.org/SAVI/PopUps/AssetMoreInfo.aspx?AssetID=694195"}},{"type":"Feature","geometry":{"type":"Point","coordinates":[-85.96512178,39.35390446]},"properties":{"name":"Town of Edinburgh - Public Works","assetType":"Public Officials Offices","dataYear":"2011","assetId":"694196","subcategory":"Social and Community Services","detail":"https://classic.savi.org/SAVI/PopUps/AssetMoreInfo.aspx?AssetID=694196"}},{"type":"Feature","geometry":{"type":"Point","coordinates":[-86.39660779,39.69345014]},"properties":{"name":"Town of Plainfield - Public Works Department","assetType":"Public Officials Offices","dataYear":"2011","assetId":"694198","subcategory":"Social and Community Services","detail":"https://classic.savi.org/SAVI/PopUps/AssetMoreInfo.aspx?AssetID=694198"}},{"type":"Feature","geometry":{"type":"Point","coordinates":[-86.22076242,40.13387765]},"properties":{"name":"Town of Sheridan - Animal Control","assetType":"Public Officials Offices","dataYear":"2011","assetId":"694264","subcategory":"Social and Community Services","detail":"https://classic.savi.org/SAVI/PopUps/AssetMoreInfo.aspx?AssetID=694264"}},{"type":"Feature","geometry":{"type":"Point","coordinates":[-86.22076242,40.13387765]},"properties":{"name":"Town of Sheridan - Clerk","assetType":"Public Officials Offices","dataYear":"2011","assetId":"694265","subcategory":"Social and Community Services","detail":"https://classic.savi.org/SAVI/PopUps/AssetMoreInfo.aspx?AssetID=694265"}},{"type":"Feature","geometry":{"type":"Point","coordinates":[-86.22076242,40.13387765]},"properties":{"name":"Town of Sheridan - Police Department","assetType":"Public Officials Offices","dataYear":"2011","assetId":"694261","subcategory":"Social and Community Services","detail":"https://classic.savi.org/SAVI/PopUps/AssetMoreInfo.aspx?AssetID=694261"}},{"type":"Feature","geometry":{"type":"Point","coordinates":[-86.22076242,40.13387765]},"properties":{"name":"Town of Sheridan - Street Department","assetType":"Public Officials Offices","dataYear":"2011","assetId":"694257","subcategory":"Social and Community Services","detail":"https://classic.savi.org/SAVI/PopUps/AssetMoreInfo.aspx?AssetID=694257"}},{"type":"Feature","geometry":{"type":"Point","coordinates":[-86.22164085,40.13391295]},"properties":{"name":"Town of Sheridan - Water Department","assetType":"Public Officials Offices","dataYear":"2011","assetId":"694267","subcategory":"Social and Community Services","detail":"https://classic.savi.org/SAVI/PopUps/AssetMoreInfo.aspx?AssetID=694267"}},{"type":"Feature","geometry":{"type":"Point","coordinates":[-86.25084284,39.7856035]},"properties":{"name":"Town of Speedway - Clerk-Treasurer","assetType":"Public Officials Offices","dataYear":"2011","assetId":"694714","subcategory":"Social and Community Services","detail":"https://classic.savi.org/SAVI/PopUps/AssetMoreInfo.aspx?AssetID=694714"}},{"type":"Feature","geometry":{"type":"Point","coordinates":[-86.25084284,39.7856035]},"properties":{"name":"Town of Speedway - Street Department","assetType":"Public Officials Offices","dataYear":"2011","assetId":"694723","subcategory":"Social and Community Services","detail":"https://classic.savi.org/SAVI/PopUps/AssetMoreInfo.aspx?AssetID=694723"}},{"type":"Feature","geometry":{"type":"Point","coordinates":[-86.14819896,39.41550128]},"properties":{"name":"Town of Trafalgar - Post Office","assetType":"Public Officials Offices","dataYear":"2011","assetId":"694284","subcategory":"Social and Community Services","detail":"https://classic.savi.org/SAVI/PopUps/AssetMoreInfo.aspx?AssetID=694284"}},{"type":"Feature","geometry":{"type":"Point","coordinates":[-86.158346,39.40925]},"properties":{"name":"Town of Trafalgar - Town Hall","assetType":"Public Officials Offices","dataYear":"2011","assetId":"694285","subcategory":"Social and Community Services","detail":"https://classic.savi.org/SAVI/PopUps/AssetMoreInfo.aspx?AssetID=694285"}},{"type":"Feature","geometry":{"type":"Point","coordinates":[-86.08042808,39.54991481]},"properties":{"name":"Town of Whiteland - Clerk Treasurer","assetType":"Public Officials Offices","dataYear":"2011","assetId":"694295","subcategory":"Social and Community Services","detail":"https://classic.savi.org/SAVI/PopUps/AssetMoreInfo.aspx?AssetID=694295"}},{"type":"Feature","geometry":{"type":"Point","coordinates":[-86.08085091,39.55012523]},"properties":{"name":"Town of Whiteland - Post Office","assetType":"Public Officials Offices","dataYear":"2011","assetId":"694287","subcategory":"Social and Community Services","detail":"https://classic.savi.org/SAVI/PopUps/AssetMoreInfo.aspx?AssetID=694287"}},{"type":"Feature","geometry":{"type":"Point","coordinates":[-86.08042808,39.54991481]},"properties":{"name":"Town of Whiteland - Public Works","assetType":"Public Officials Offices","dataYear":"2011","assetId":"694298","subcategory":"Social and Community Services","detail":"https://classic.savi.org/SAVI/PopUps/AssetMoreInfo.aspx?AssetID=694298"}},{"type":"Feature","geometry":{"type":"Point","coordinates":[-86.08042808,39.54991481]},"properties":{"name":"Town of Whiteland - Town Hall","assetType":"Public Officials Offices","dataYear":"2011","assetId":"694288","subcategory":"Social and Community Services","detail":"https://classic.savi.org/SAVI/PopUps/AssetMoreInfo.aspx?AssetID=694288"}},{"type":"Feature","geometry":{"type":"Point","coordinates":[-86.08042808,39.54991481]},"properties":{"name":"Town of Whiteland - Town Manager","assetType":"Public Officials Offices","dataYear":"2011","assetId":"694296","subcategory":"Social and Community Services","detail":"https://classic.savi.org/SAVI/PopUps/AssetMoreInfo.aspx?AssetID=694296"}},{"type":"Feature","geometry":{"type":"Point","coordinates":[-86.27429831,39.95004803]},"properties":{"name":"Town of Zionsville Public Assistance Office","assetType":"Public Officials Offices","dataYear":"2011","assetId":"695895","subcategory":"Social and Community Services","detail":"https://classic.savi.org/SAVI/PopUps/AssetMoreInfo.aspx?AssetID=695895"}},{"type":"Feature","geometry":{"type":"Point","coordinates":[-86.01018331,39.85413519]},"properties":{"name":"US Soc Sec Admin - Indianapolis Eastside","assetType":"Public Officials Offices","dataYear":"2011","assetId":"695401","subcategory":"Social and Community Services","detail":"https://classic.savi.org/SAVI/PopUps/AssetMoreInfo.aspx?AssetID=695401"}},{"type":"Feature","geometry":{"type":"Point","coordinates":[-85.65317549,39.59887613]},"properties":{"name":"Union Township Trustee Shelby County","assetType":"Public Officials Offices","dataYear":"2011","assetId":"692347","subcategory":"Social and Community Services","detail":"https://classic.savi.org/SAVI/PopUps/AssetMoreInfo.aspx?AssetID=692347"}},{"type":"Feature","geometry":{"type":"Point","coordinates":[-86.21165925,39.50260766]},"properties":{"name":"Union Township Trustee Assessor Johnson County","assetType":"Public Officials Offices","dataYear":"2011","assetId":"691830","subcategory":"Social and Community Services","detail":"https://classic.savi.org/SAVI/PopUps/AssetMoreInfo.aspx?AssetID=691830"}},{"type":"Feature","geometry":{"type":"Point","coordinates":[-85.78158048,39.51822219]},"properties":{"name":"Van Buren Township Trustee Shelby County","assetType":"Public Officials Offices","dataYear":"2011","assetId":"691726","subcategory":"Social and Community Services","detail":"https://classic.savi.org/SAVI/PopUps/AssetMoreInfo.aspx?AssetID=691726"}},{"type":"Feature","geometry":{"type":"Point","coordinates":[-85.85008365,39.9339765]},"properties":{"name":"Vernon Township Assessor - Hancock County Government","assetType":"Public Officials Offices","dataYear":"2011","assetId":"694151","subcategory":"Social and Community Services","detail":"https://classic.savi.org/SAVI/PopUps/AssetMoreInfo.aspx?AssetID=694151"}},{"type":"Feature","geometry":{"type":"Point","coordinates":[-85.85008365,39.9339765]},"properties":{"name":"Vernon Township Trustee Hancock County","assetType":"Public Officials Offices","dataYear":"2011","assetId":"693098","subcategory":"Social and Community Services","detail":"https://classic.savi.org/SAVI/PopUps/AssetMoreInfo.aspx?AssetID=693098"}},{"type":"Feature","geometry":{"type":"Point","coordinates":[-86.00905849,39.77835215]},"properties":{"name":"Warren Township Trustee Marion County","assetType":"Public Officials Offices","dataYear":"2011","assetId":"691235","subcategory":"Social and Community Services","detail":"https://classic.savi.org/SAVI/PopUps/AssetMoreInfo.aspx?AssetID=691235"}},{"type":"Feature","geometry":{"type":"Point","coordinates":[-86.01486818,40.04599483]},"properties":{"name":"Washington Township Assessor Hamilton County Government","assetType":"Public Officials Offices","dataYear":"2011","assetId":"694162","subcategory":"Social and Community Services","detail":"https://classic.savi.org/SAVI/PopUps/AssetMoreInfo.aspx?AssetID=694162"}},{"type":"Feature","geometry":{"type":"Point","coordinates":[-86.12997735,40.00524559]},"properties":{"name":"Washington Township Trustee Hamilton County","assetType":"Public Officials Offices","dataYear":"2011","assetId":"691698","subcategory":"Social and Community Services","detail":"https://classic.savi.org/SAVI/PopUps/AssetMoreInfo.aspx?AssetID=691698"}},{"type":"Feature","geometry":{"type":"Point","coordinates":[-86.43051688,39.42775203]},"properties":{"name":"Washington Township Trustee Morgan County","assetType":"Public Officials Offices","dataYear":"2011","assetId":"691723","subcategory":"Social and Community Services","detail":"https://classic.savi.org/SAVI/PopUps/AssetMoreInfo.aspx?AssetID=691723"}},{"type":"Feature","geometry":{"type":"Point","coordinates":[-85.82693694,39.4059355]},"properties":{"name":"Washington Township Trustee Shelby County","assetType":"Public Officials Offices","dataYear":"2011","assetId":"692348","subcategory":"Social and Community Services","detail":"https://classic.savi.org/SAVI/PopUps/AssetMoreInfo.aspx?AssetID=692348"}},{"type":"Feature","geometry":{"type":"Point","coordinates":[-85.90093607,40.07102618]},"properties":{"name":"Wayne Township Trustee - Hamilton County Government","assetType":"Public Officials Offices","dataYear":"2011","assetId":"694760","subcategory":"Social and Community Services","detail":"https://classic.savi.org/SAVI/PopUps/AssetMoreInfo.aspx?AssetID=694760"}},{"type":"Feature","geometry":{"type":"Point","coordinates":[-85.90093607,40.07102618]},"properties":{"name":"Wayne Township Trustee Hamilton County","assetType":"Public Officials Offices","dataYear":"2011","assetId":"694842","subcategory":"Social and Community Services","detail":"https://classic.savi.org/SAVI/PopUps/AssetMoreInfo.aspx?AssetID=694842"}},{"type":"Feature","geometry":{"type":"Point","coordinates":[-86.25251879,39.75201595]},"properties":{"name":"Wayne Township Trustee Marion County","assetType":"Public Officials Offices","dataYear":"2011","assetId":"691338","subcategory":"Social and Community Services","detail":"https://classic.savi.org/SAVI/PopUps/AssetMoreInfo.aspx?AssetID=691338"}},{"type":"Feature","geometry":{"type":"Point","coordinates":[-85.92187788,40.21824365]},"properties":{"name":"White River Township Assessor - Hamilton Count Govt","assetType":"Public Officials Offices","dataYear":"2011","assetId":"694759","subcategory":"Social and Community Services","detail":"https://classic.savi.org/SAVI/PopUps/AssetMoreInfo.aspx?AssetID=694759"}},{"type":"Feature","geometry":{"type":"Point","coordinates":[-86.19676966,39.57446932]},"properties":{"name":"White River Township Trustee Johnson County","assetType":"Public Officials Offices","dataYear":"2011","assetId":"692360","subcategory":"Social and Community Services","detail":"https://classic.savi.org/SAVI/PopUps/AssetMoreInfo.aspx?AssetID=692360"}},{"type":"Feature","geometry":{"type":"Point","coordinates":[-86.04365153,39.85667908]},"properties":{"name":"Home Run Program Bethany Christian Services","assetType":"Adoption Counseling","dataYear":"2007","assetId":"625023","subcategory":"Social and Community Services","detail":"https://classic.savi.org/SAVI/PopUps/AssetMoreInfo.aspx?AssetID=625023"}},{"type":"Feature","geometry":{"type":"Point","coordinates":[-86.14469562,39.87162921]},"properties":{"name":"ADOPTION SUPPORT CENTER","assetType":"Adoption Evaluation/Placement","dataYear":"2018","assetId":"917827","subcategory":"Social and Community Services","detail":"https://classic.savi.org/SAVI/PopUps/AssetMoreInfo.aspx?AssetID=917827"}},{"type":"Feature","geometry":{"type":"Point","coordinates":[-86.11991498,39.95704782]},"properties":{"name":"ADOPTIONS OF INDIANA","assetType":"Adoption Evaluation/Placement","dataYear":"2018","assetId":"919822","subcategory":"Social and Community Services","detail":"https://classic.savi.org/SAVI/PopUps/AssetMoreInfo.aspx?AssetID=919822"}},{"type":"Feature","geometry":{"type":"Point","coordinates":[-86.07098151,39.8845731]},"properties":{"name":"BETHANY CHRISTIAN SERVICES","assetType":"Adoption Evaluation/Placement","dataYear":"2018","assetId":"922633","subcategory":"Social and Community Services","detail":"https://classic.savi.org/SAVI/PopUps/AssetMoreInfo.aspx?AssetID=922633"}},{"type":"Feature","geometry":{"type":"Point","coordinates":[-86.11882492,39.82535104]},"properties":{"name":"CHILDREN S BUREAU - FAY BICCARD GLICK FAMILY PLACE","assetType":"Adoption Evaluation/Placement","dataYear":"2018","assetId":"922284","subcategory":"Social and Community Services","detail":"https://classic.savi.org/SAVI/PopUps/AssetMoreInfo.aspx?AssetID=922284"}},{"type":"Feature","geometry":{"type":"Point","coordinates":[-86.4717652,40.0609367]},"properties":{"name":"DEPARTMENT OF CHILD SERVICES DCS - BOONE COUNTY","assetType":"Adoption Evaluation/Placement","dataYear":"2018","assetId":"918400","subcategory":"Social and Community Services","detail":"https://classic.savi.org/SAVI/PopUps/AssetMoreInfo.aspx?AssetID=918400"}},{"type":"Feature","geometry":{"type":"Point","coordinates":[-86.2456641,39.20853166]},"properties":{"name":"DEPARTMENT OF CHILD SERVICES DCS - BROWN COUNTY","assetType":"Adoption Evaluation/Placement","dataYear":"2018","assetId":"918539","subcategory":"Social and Community Services","detail":"https://classic.savi.org/SAVI/PopUps/AssetMoreInfo.aspx?AssetID=918539"}},{"type":"Feature","geometry":{"type":"Point","coordinates":[-86.01114724,40.05441138]},"properties":{"name":"DEPARTMENT OF CHILD SERVICES DCS - HAMILTON COUNTY","assetType":"Adoption Evaluation/Placement","dataYear":"2018","assetId":"918398","subcategory":"Social and Community Services","detail":"https://classic.savi.org/SAVI/PopUps/AssetMoreInfo.aspx?AssetID=918398"}},{"type":"Feature","geometry":{"type":"Point","coordinates":[-85.7692108,39.78560586]},"properties":{"name":"DEPARTMENT OF CHILD SERVICES DCS - HANCOCK COUNTY","assetType":"Adoption Evaluation/Placement","dataYear":"2018","assetId":"918297","subcategory":"Social and Community Services","detail":"https://classic.savi.org/SAVI/PopUps/AssetMoreInfo.aspx?AssetID=918297"}},{"type":"Feature","geometry":{"type":"Point","coordinates":[-86.40500161,39.7618562]},"properties":{"name":"DEPARTMENT OF CHILD SERVICES DCS - HENDRICKS COUNTY","assetType":"Adoption Evaluation/Placement","dataYear":"2018","assetId":"918295","subcategory":"Social and Community Services","detail":"https://classic.savi.org/SAVI/PopUps/AssetMoreInfo.aspx?AssetID=918295"}},{"type":"Feature","geometry":{"type":"Point","coordinates":[-86.02443144,39.48118624]},"properties":{"name":"DEPARTMENT OF CHILD SERVICES DCS - JOHNSON COUNTY","assetType":"Adoption Evaluation/Placement","dataYear":"2018","assetId":"918393","subcategory":"Social and Community Services","detail":"https://classic.savi.org/SAVI/PopUps/AssetMoreInfo.aspx?AssetID=918393"}},{"type":"Feature","geometry":{"type":"Point","coordinates":[-85.67588328,40.106611]},"properties":{"name":"DEPARTMENT OF CHILD SERVICES DCS - MADISON COUNTY","assetType":"Adoption Evaluation/Placement","dataYear":"2018","assetId":"918487","subcategory":"Social and Community Services","detail":"https://classic.savi.org/SAVI/PopUps/AssetMoreInfo.aspx?AssetID=918487"}},{"type":"Feature","geometry":{"type":"Point","coordinates":[-86.12196726,39.83118604]},"properties":{"name":"DEPARTMENT OF CHILD SERVICES DCS - MARION COUNTY - MAINSCAPE","assetType":"Adoption Evaluation/Placement","dataYear":"2018","assetId":"918496","subcategory":"Social and Community Services","detail":"https://classic.savi.org/SAVI/PopUps/AssetMoreInfo.aspx?AssetID=918496"}},{"type":"Feature","geometry":{"type":"Point","coordinates":[-86.27644189,39.80248202]},"properties":{"name":"DEPARTMENT OF CHILD SERVICES DCS - MARION COUNTY WEST","assetType":"Adoption Evaluation/Placement","dataYear":"2018","assetId":"918389","subcategory":"Social and Community Services","detail":"https://classic.savi.org/SAVI/PopUps/AssetMoreInfo.aspx?AssetID=918389"}},{"type":"Feature","geometry":{"type":"Point","coordinates":[-86.4434118,39.40673991]},"properties":{"name":"DEPARTMENT OF CHILD SERVICES DCS - MORGAN COUNTY","assetType":"Adoption Evaluation/Placement","dataYear":"2018","assetId":"918492","subcategory":"Social and Community Services","detail":"https://classic.savi.org/SAVI/PopUps/AssetMoreInfo.aspx?AssetID=918492"}},{"type":"Feature","geometry":{"type":"Point","coordinates":[-86.83375284,39.65011386]},"properties":{"name":"DEPARTMENT OF CHILD SERVICES DCS - PUTNAM COUNTY","assetType":"Adoption Evaluation/Placement","dataYear":"2018","assetId":"918489","subcategory":"Social and Community Services","detail":"https://classic.savi.org/SAVI/PopUps/AssetMoreInfo.aspx?AssetID=918489"}},{"type":"Feature","geometry":{"type":"Point","coordinates":[-85.74235807,39.51693517]},"properties":{"name":"DEPARTMENT OF CHILD SERVICES DCS - SHELBY COUNTY","assetType":"Adoption Evaluation/Placement","dataYear":"2018","assetId":"918546","subcategory":"Social and Community Services","detail":"https://classic.savi.org/SAVI/PopUps/AssetMoreInfo.aspx?AssetID=918546"}},{"type":"Feature","geometry":{"type":"Point","coordinates":[-86.15778408,39.92035628]},"properties":{"name":"KIDS FIRST ADOPTION SERVICES","assetType":"Adoption Evaluation/Placement","dataYear":"2018","assetId":"921124","subcategory":"Social and Community Services","detail":"https://classic.savi.org/SAVI/PopUps/AssetMoreInfo.aspx?AssetID=921124"}},{"type":"Feature","geometry":{"type":"Point","coordinates":[-86.1154506,39.73306227]},"properties":{"name":"SAINT ELIZABETH COLEMAN","assetType":"Adoption Evaluation/Placement","dataYear":"2018","assetId":"922598","subcategory":"Social and Community Services","detail":"https://classic.savi.org/SAVI/PopUps/AssetMoreInfo.aspx?AssetID=922598"}},{"type":"Feature","geometry":{"type":"Point","coordinates":[-86.15671567,39.8255663]},"properties":{"name":"THE VILLAGES - CENTRAL INDIANA","assetType":"Adoption Evaluation/Placement","dataYear":"2018","assetId":"922502","subcategory":"Social and Community Services","detail":"https://classic.savi.org/SAVI/PopUps/AssetMoreInfo.aspx?AssetID=922502"}},{"type":"Feature","geometry":{"type":"Point","coordinates":[-86.15831983,39.76738603]},"properties":{"name":"INDIANA STATE DEPARTMENT OF HEALTH OFFICE OF VITAL RECORDS","assetType":"Adoptive Parent/Child Search","dataYear":"2018","assetId":"918154","subcategory":"Social and Community Services","detail":"https://classic.savi.org/SAVI/PopUps/AssetMoreInfo.aspx?AssetID=918154"}},{"type":"Feature","geometry":{"type":"Point","coordinates":[-86.24636036,39.2073681]},"properties":{"name":"BROWN COUNTY CLERK","assetType":"General Adoption Programs","dataYear":"2018","assetId":"916919","subcategory":"Social and Community Services","detail":"https://classic.savi.org/SAVI/PopUps/AssetMoreInfo.aspx?AssetID=916919"}},{"type":"Feature","geometry":{"type":"Point","coordinates":[-86.015854,40.04608764]},"properties":{"name":"HAMILTON COUNTY CLERK","assetType":"General Adoption Programs","dataYear":"2018","assetId":"922302","subcategory":"Social and Community Services","detail":"https://classic.savi.org/SAVI/PopUps/AssetMoreInfo.aspx?AssetID=922302"}},{"type":"Feature","geometry":{"type":"Point","coordinates":[-85.76888708,39.78478175]},"properties":{"name":"HANCOCK COUNTY CLERK","assetType":"General Adoption Programs","dataYear":"2018","assetId":"922298","subcategory":"Social and Community Services","detail":"https://classic.savi.org/SAVI/PopUps/AssetMoreInfo.aspx?AssetID=922298"}},{"type":"Feature","geometry":{"type":"Point","coordinates":[-86.40027415,39.84354949]},"properties":{"name":"HENDRICKS COUNTY CLERK","assetType":"General Adoption Programs","dataYear":"2018","assetId":"922342","subcategory":"Social and Community Services","detail":"https://classic.savi.org/SAVI/PopUps/AssetMoreInfo.aspx?AssetID=922342"}},{"type":"Feature","geometry":{"type":"Point","coordinates":[-86.05511995,39.48005817]},"properties":{"name":"JOHNSON COUNTY CLERK","assetType":"General Adoption Programs","dataYear":"2018","assetId":"922238","subcategory":"Social and Community Services","detail":"https://classic.savi.org/SAVI/PopUps/AssetMoreInfo.aspx?AssetID=922238"}},{"type":"Feature","geometry":{"type":"Point","coordinates":[-85.6786614,40.10748899]},"properties":{"name":"MADISON COUNTY CLERK","assetType":"General Adoption Programs","dataYear":"2018","assetId":"920247","subcategory":"Social and Community Services","detail":"https://classic.savi.org/SAVI/PopUps/AssetMoreInfo.aspx?AssetID=920247"}},{"type":"Feature","geometry":{"type":"Point","coordinates":[-86.15352622,39.76798043]},"properties":{"name":"MARION COUNTY PROBATE CLERK","assetType":"General Adoption Programs","dataYear":"2018","assetId":"921861","subcategory":"Social and Community Services","detail":"https://classic.savi.org/SAVI/PopUps/AssetMoreInfo.aspx?AssetID=921861"}},{"type":"Feature","geometry":{"type":"Point","coordinates":[-86.42793039,39.42739252]},"properties":{"name":"MORGAN COUNTY CLERK","assetType":"General Adoption Programs","dataYear":"2018","assetId":"922292","subcategory":"Social and Community Services","detail":"https://classic.savi.org/SAVI/PopUps/AssetMoreInfo.aspx?AssetID=922292"}},{"type":"Feature","geometry":{"type":"Point","coordinates":[-85.77752804,39.52122158]},"properties":{"name":"SHELBY COUNTY CLERK","assetType":"General Adoption Programs","dataYear":"2018","assetId":"922232","subcategory":"Social and Community Services","detail":"https://classic.savi.org/SAVI/PopUps/AssetMoreInfo.aspx?AssetID=922232"}},{"type":"Feature","geometry":{"type":"Point","coordinates":[-85.68013051,40.1057642]},"properties":{"name":"Madison County Community Foundation","assetType":"Community Funds","dataYear":"2019","assetId":"934114","subcategory":"Social and Community Services","detail":"https://classic.savi.org/SAVI/PopUps/AssetMoreInfo.aspx?AssetID=934114"}},{"type":"Feature","geometry":{"type":"Point","coordinates":[-86.30753396,39.81104833]},"properties":{"name":"Crisis Pregnancy Center of Indpls - Vehicle Donations","assetType":"Public Charities","dataYear":"2007","assetId":"625217","subcategory":"Social and Community Services","detail":"https://classic.savi.org/SAVI/PopUps/AssetMoreInfo.aspx?AssetID=625217"}},{"type":"Feature","geometry":{"type":"Point","coordinates":[-86.16400857,39.77428004]},"properties":{"name":"Historic Landmarks Foundation of Indiana","assetType":"Public Charities","dataYear":"2007","assetId":"626086","subcategory":"Social and Community Services","detail":"https://classic.savi.org/SAVI/PopUps/AssetMoreInfo.aspx?AssetID=626086"}},{"type":"Feature","geometry":{"type":"Point","coordinates":[-86.14195654,39.91251267]},"properties":{"name":"National Kidney Foundation of Indiana - Vehicle Donations","assetType":"Public Charities","dataYear":"2007","assetId":"623769","subcategory":"Social and Community Services","detail":"https://classic.savi.org/SAVI/PopUps/AssetMoreInfo.aspx?AssetID=623769"}},{"type":"Feature","geometry":{"type":"Point","coordinates":[-85.77686687,39.52543451]},"properties":{"name":"Shelby County United Fund","assetType":"Public Charities","dataYear":"2007","assetId":"625996","subcategory":"Social and Community Services","detail":"https://classic.savi.org/SAVI/PopUps/AssetMoreInfo.aspx?AssetID=625996"}},{"type":"Feature","geometry":{"type":"Point","coordinates":[-86.1567484,39.91972135]},"properties":{"name":"Wheels for Sight Prevent Blindness Indiana","assetType":"Public Charities","dataYear":"2007","assetId":"625216","subcategory":"Social and Community Services","detail":"https://classic.savi.org/SAVI/PopUps/AssetMoreInfo.aspx?AssetID=625216"}},{"type":"Feature","geometry":{"type":"Point","coordinates":[-86.15796994,39.78617821]},"properties":{"name":"CATHOLIC CHARITIES INDIANAPOLIS","assetType":"Volunteer Development / Recruitment","dataYear":"2018","assetId":"922609","subcategory":"Social and Community Services","detail":"https://classic.savi.org/SAVI/PopUps/AssetMoreInfo.aspx?AssetID=922609"}},{"type":"Feature","geometry":{"type":"Point","coordinates":[-86.15705049,39.77073755]},"properties":{"name":"CORPORATION FOR NATIONAL AND COMMUNITY SERVICE - INDIANA OFFICE","assetType":"Volunteer Development / Recruitment","dataYear":"2018","assetId":"920797","subcategory":"Social and Community Services","detail":"https://classic.savi.org/SAVI/PopUps/AssetMoreInfo.aspx?AssetID=920797"}},{"type":"Feature","geometry":{"type":"Point","coordinates":[-86.06276827,39.47377101]},"properties":{"name":"UNITED WAY OF JOHNSON COUNTY","assetType":"Volunteer Development / Recruitment","dataYear":"2018","assetId":"922626","subcategory":"Social and Community Services","detail":"https://classic.savi.org/SAVI/PopUps/AssetMoreInfo.aspx?AssetID=922626"}},{"type":"Feature","geometry":{"type":"Point","coordinates":[-85.68205021,40.10491809]},"properties":{"name":"UNITED WAY OF MADISON COUNTY","assetType":"Volunteer Development / Recruitment","dataYear":"2018","assetId":"920183","subcategory":"Social and Community Services","detail":"https://classic.savi.org/SAVI/PopUps/AssetMoreInfo.aspx?AssetID=920183"}},{"type":"Feature","geometry":{"type":"Point","coordinates":[-86.16849789,39.78290553]},"properties":{"name":"100 BLACK MEN OF INDIANAPOLIS","assetType":"Volunteer Opportunities","dataYear":"2019","assetId":"919275","subcategory":"Social and Community Services","detail":"https://classic.savi.org/SAVI/PopUps/AssetMoreInfo.aspx?AssetID=919275"}},{"type":"Feature","geometry":{"type":"Point","coordinates":[-86.19367341,39.77161469]},"properties":{"name":"ANNA S HOUSE","assetType":"Volunteer Opportunities","dataYear":"2019","assetId":"917444","subcategory":"Social and Community Services","detail":"https://classic.savi.org/SAVI/PopUps/AssetMoreInfo.aspx?AssetID=917444"}},{"type":"Feature","geometry":{"type":"Point","coordinates":[-86.15685201,39.80944908]},"properties":{"name":"BIG BROTHERS BIG SISTERS OF CENTRAL INDIANA","assetType":"Volunteer Opportunities","dataYear":"2019","assetId":"919740","subcategory":"Social and Community Services","detail":"https://classic.savi.org/SAVI/PopUps/AssetMoreInfo.aspx?AssetID=919740"}},{"type":"Feature","geometry":{"type":"Point","coordinates":[-86.47176649,40.05783376]},"properties":{"name":"BOONE COUNTY MENTORING PARTNERSHIP","assetType":"Volunteer Opportunities","dataYear":"2019","assetId":"919054","subcategory":"Social and Community Services","detail":"https://classic.savi.org/SAVI/PopUps/AssetMoreInfo.aspx?AssetID=919054"}},{"type":"Feature","geometry":{"type":"Point","coordinates":[-86.47341269,40.07978307]},"properties":{"name":"BOONE COUNTY SENIOR SERVICES","assetType":"Volunteer Opportunities","dataYear":"2019","assetId":"919477","subcategory":"Social and Community Services","detail":"https://classic.savi.org/SAVI/PopUps/AssetMoreInfo.aspx?AssetID=919477"}},{"type":"Feature","geometry":{"type":"Point","coordinates":[-85.67649779,40.26284926]},"properties":{"name":"BOUNTIFUL HARVEST MINISTRIES","assetType":"Volunteer Opportunities","dataYear":"2019","assetId":"920296","subcategory":"Social and Community Services","detail":"https://classic.savi.org/SAVI/PopUps/AssetMoreInfo.aspx?AssetID=920296"}},{"type":"Feature","geometry":{"type":"Point","coordinates":[-86.12769249,39.96648498]},"properties":{"name":"CARMEL POLICE DEPARTMENT","assetType":"Volunteer Opportunities","dataYear":"2019","assetId":"920944","subcategory":"Social and Community Services","detail":"https://classic.savi.org/SAVI/PopUps/AssetMoreInfo.aspx?AssetID=920944"}},{"type":"Feature","geometry":{"type":"Point","coordinates":[-86.11852736,39.90555358]},"properties":{"name":"CHILD ADVOCATES","assetType":"Volunteer Opportunities","dataYear":"2019","assetId":"922307","subcategory":"Social and Community Services","detail":"https://classic.savi.org/SAVI/PopUps/AssetMoreInfo.aspx?AssetID=922307"}},{"type":"Feature","geometry":{"type":"Point","coordinates":[-86.1472646,39.82510172]},"properties":{"name":"COBURN PLACE SAFE HAVEN","assetType":"Volunteer Opportunities","dataYear":"2019","assetId":"921776","subcategory":"Social and Community Services","detail":"https://classic.savi.org/SAVI/PopUps/AssetMoreInfo.aspx?AssetID=921776"}},{"type":"Feature","geometry":{"type":"Point","coordinates":[-85.77601503,39.52456058]},"properties":{"name":"COURT AND CHILD ADVOCACY GROUP","assetType":"Volunteer Opportunities","dataYear":"2019","assetId":"919499","subcategory":"Social and Community Services","detail":"https://classic.savi.org/SAVI/PopUps/AssetMoreInfo.aspx?AssetID=919499"}},{"type":"Feature","geometry":{"type":"Point","coordinates":[-85.62931692,40.09083992]},"properties":{"name":"EAST CENTRAL INDIANA COURT APPOINTED SPECIAL ADVOCATES CASA","assetType":"Volunteer Opportunities","dataYear":"2019","assetId":"919501","subcategory":"Social and Community Services","detail":"https://classic.savi.org/SAVI/PopUps/AssetMoreInfo.aspx?AssetID=919501"}},{"type":"Feature","geometry":{"type":"Point","coordinates":[-86.15672851,39.82627514]},"properties":{"name":"GIRLS INC OF GREATER INDIANAPOLIS","assetType":"Volunteer Opportunities","dataYear":"2019","assetId":"919070","subcategory":"Social and Community Services","detail":"https://classic.savi.org/SAVI/PopUps/AssetMoreInfo.aspx?AssetID=919070"}},{"type":"Feature","geometry":{"type":"Point","coordinates":[-86.015854,40.04608764]},"properties":{"name":"HAMILTON COUNTY GUARDIAN AD LITEM PROGRAM","assetType":"Volunteer Opportunities","dataYear":"2019","assetId":"922273","subcategory":"Social and Community Services","detail":"https://classic.savi.org/SAVI/PopUps/AssetMoreInfo.aspx?AssetID=922273"}},{"type":"Feature","geometry":{"type":"Point","coordinates":[-85.77416748,39.81222621]},"properties":{"name":"HANCOCK COUNTY SENIOR SERVICES","assetType":"Volunteer Opportunities","dataYear":"2019","assetId":"918620","subcategory":"Social and Community Services","detail":"https://classic.savi.org/SAVI/PopUps/AssetMoreInfo.aspx?AssetID=918620"}},{"type":"Feature","geometry":{"type":"Point","coordinates":[-86.5019261,39.76763039]},"properties":{"name":"HENDRICKS COUNTY SENIOR SERVICES","assetType":"Volunteer Opportunities","dataYear":"2019","assetId":"918314","subcategory":"Social and Community Services","detail":"https://classic.savi.org/SAVI/PopUps/AssetMoreInfo.aspx?AssetID=918314"}},{"type":"Feature","geometry":{"type":"Point","coordinates":[-86.13933304,39.75459711]},"properties":{"name":"IMMIGRANT WELCOME CENTER","assetType":"Volunteer Opportunities","dataYear":"2019","assetId":"918175","subcategory":"Social and Community Services","detail":"https://classic.savi.org/SAVI/PopUps/AssetMoreInfo.aspx?AssetID=918175"}},{"type":"Feature","geometry":{"type":"Point","coordinates":[-86.14200912,39.91305491]},"properties":{"name":"IMMIGRANT WELCOME CENTER - NEIGHBORHOOD BRANCH AT NORA LIBRARY","assetType":"Volunteer Opportunities","dataYear":"2019","assetId":"918174","subcategory":"Social and Community Services","detail":"https://classic.savi.org/SAVI/PopUps/AssetMoreInfo.aspx?AssetID=918174"}},{"type":"Feature","geometry":{"type":"Point","coordinates":[-86.26974961,39.75075011]},"properties":{"name":"IMMIGRANT WELCOME CENTER NEIGHBORHOOD BRANCH - BEN DAVIS HIGH SCHOOL","assetType":"Volunteer Opportunities","dataYear":"2019","assetId":"918173","subcategory":"Social and Community Services","detail":"https://classic.savi.org/SAVI/PopUps/AssetMoreInfo.aspx?AssetID=918173"}},{"type":"Feature","geometry":{"type":"Point","coordinates":[-86.26430299,39.76666908]},"properties":{"name":"IMMIGRANT WELCOME CENTER NEIGHBORHOOD BRANCH - LAKEVIEW LIBRARY","assetType":"Volunteer Opportunities","dataYear":"2019","assetId":"918172","subcategory":"Social and Community Services","detail":"https://classic.savi.org/SAVI/PopUps/AssetMoreInfo.aspx?AssetID=918172"}},{"type":"Feature","geometry":{"type":"Point","coordinates":[-86.0331729,39.89830753]},"properties":{"name":"IMMIGRANT WELCOME CENTER NEIGHBORHOOD BRANCH AT LAWRENCE LIBRARY","assetType":"Volunteer Opportunities","dataYear":"2019","assetId":"918171","subcategory":"Social and Community Services","detail":"https://classic.savi.org/SAVI/PopUps/AssetMoreInfo.aspx?AssetID=918171"}},{"type":"Feature","geometry":{"type":"Point","coordinates":[-86.05497505,39.4806985]},"properties":{"name":"JOHNSON COUNTY COURT APPOINTED SPECIAL ADVOCATES CASA","assetType":"Volunteer Opportunities","dataYear":"2019","assetId":"917298","subcategory":"Social and Community Services","detail":"https://classic.savi.org/SAVI/PopUps/AssetMoreInfo.aspx?AssetID=917298"}},{"type":"Feature","geometry":{"type":"Point","coordinates":[-86.42696729,39.4275611]},"properties":{"name":"MORGAN COUNTY COURT APPOINTED SPECIAL ADVOCATES CASA","assetType":"Volunteer Opportunities","dataYear":"2019","assetId":"918725","subcategory":"Social and Community Services","detail":"https://classic.savi.org/SAVI/PopUps/AssetMoreInfo.aspx?AssetID=918725"}},{"type":"Feature","geometry":{"type":"Point","coordinates":[-86.1320807,39.96426217]},"properties":{"name":"PRIMELIFE ENRICHMENT","assetType":"Volunteer Opportunities","dataYear":"2019","assetId":"918686","subcategory":"Social and Community Services","detail":"https://classic.savi.org/SAVI/PopUps/AssetMoreInfo.aspx?AssetID=918686"}},{"type":"Feature","geometry":{"type":"Point","coordinates":[-85.99498009,40.05454819]},"properties":{"name":"SENIOR CITIZENS ORGANIZATION - NOBLESVILLE","assetType":"Volunteer Opportunities","dataYear":"2019","assetId":"918325","subcategory":"Social and Community Services","detail":"https://classic.savi.org/SAVI/PopUps/AssetMoreInfo.aspx?AssetID=918325"}},{"type":"Feature","geometry":{"type":"Point","coordinates":[-86.01497348,40.04265126]},"properties":{"name":"SHEPHERD S CENTER OF HAMILTON COUNTY","assetType":"Volunteer Opportunities","dataYear":"2019","assetId":"917653","subcategory":"Social and Community Services","detail":"https://classic.savi.org/SAVI/PopUps/AssetMoreInfo.aspx?AssetID=917653"}},{"type":"Feature","geometry":{"type":"Point","coordinates":[-86.09783995,39.60783575]},"properties":{"name":"THE SOCIAL OF GREENWOOD","assetType":"Volunteer Opportunities","dataYear":"2019","assetId":"918803","subcategory":"Social and Community Services","detail":"https://classic.savi.org/SAVI/PopUps/AssetMoreInfo.aspx?AssetID=918803"}},{"type":"Feature","geometry":{"type":"Point","coordinates":[-86.15539407,39.77717814]},"properties":{"name":"USO OF INDIANA","assetType":"Volunteer Opportunities","dataYear":"2019","assetId":"934110","subcategory":"Social and Community Services","detail":"https://classic.savi.org/SAVI/PopUps/AssetMoreInfo.aspx?AssetID=934110"}},{"type":"Feature","geometry":{"type":"Point","coordinates":[-86.26706678,39.88560636]},"properties":{"name":"Make a Wish Foundation Indiana","assetType":"Wish Foundation","dataYear":"2011","assetId":"696095","subcategory":"Social and Community Services","detail":"https://classic.savi.org/SAVI/PopUps/AssetMoreInfo.aspx?AssetID=696095"}},{"type":"Feature","geometry":{"type":"Point","coordinates":[-85.9950215,39.89936079]},"properties":{"name":"Electric League of Indiana","assetType":"Service Clubs","dataYear":"2011","assetId":"693754","subcategory":"Social and Community Services","detail":"https://classic.savi.org/SAVI/PopUps/AssetMoreInfo.aspx?AssetID=693754"}},{"type":"Feature","geometry":{"type":"Point","coordinates":[-86.17218107,40.01106224]},"properties":{"name":"Greenleaf Center for Servant Leadership","assetType":"Service Clubs","dataYear":"2011","assetId":"693760","subcategory":"Social and Community Services","detail":"https://classic.savi.org/SAVI/PopUps/AssetMoreInfo.aspx?AssetID=693760"}},{"type":"Feature","geometry":{"type":"Point","coordinates":[-86.14668989,39.80839124]},"properties":{"name":"ASIAN HELP SERVICES","assetType":"Ethnic Oriented Multipurpose Centers","dataYear":"2018","assetId":"918181","subcategory":"Social and Community Services","detail":"https://classic.savi.org/SAVI/PopUps/AssetMoreInfo.aspx?AssetID=918181"}},{"type":"Feature","geometry":{"type":"Point","coordinates":[-86.01170847,39.82746745]},"properties":{"name":"LA PLAZA","assetType":"Ethnic Oriented Multipurpose Centers","dataYear":"2018","assetId":"920617","subcategory":"Social and Community Services","detail":"https://classic.savi.org/SAVI/PopUps/AssetMoreInfo.aspx?AssetID=920617"}},{"type":"Feature","geometry":{"type":"Point","coordinates":[-86.15685201,39.80944908]},"properties":{"name":"BIG BROTHERS BIG SISTERS OF CENTRAL INDIANA","assetType":"Adult Mentoring Programs","dataYear":"2018","assetId":"919836","subcategory":"Social and Community Services","detail":"https://classic.savi.org/SAVI/PopUps/AssetMoreInfo.aspx?AssetID=919836"}},{"type":"Feature","geometry":{"type":"Point","coordinates":[-86.47176649,40.05783376]},"properties":{"name":"BOONE COUNTY MENTORING PARTNERSHIP","assetType":"Adult Mentoring Programs","dataYear":"2018","assetId":"919055","subcategory":"Social and Community Services","detail":"https://classic.savi.org/SAVI/PopUps/AssetMoreInfo.aspx?AssetID=919055"}},{"type":"Feature","geometry":{"type":"Point","coordinates":[-85.67948507,40.0999835]},"properties":{"name":"INTERSECT YOUTH SERVICES","assetType":"Adult Mentoring Programs","dataYear":"2018","assetId":"919048","subcategory":"Social and Community Services","detail":"https://classic.savi.org/SAVI/PopUps/AssetMoreInfo.aspx?AssetID=919048"}},{"type":"Feature","geometry":{"type":"Point","coordinates":[-85.77875949,39.80392218]},"properties":{"name":"LOVE IN THE NAME OF CHRIST LOVE INC OF GREATER HANCOCK COUNTY","assetType":"Adult Mentoring Programs","dataYear":"2018","assetId":"921005","subcategory":"Social and Community Services","detail":"https://classic.savi.org/SAVI/PopUps/AssetMoreInfo.aspx?AssetID=921005"}},{"type":"Feature","geometry":{"type":"Point","coordinates":[-86.04704748,39.89742494]},"properties":{"name":"STARFISH INITIATIVE","assetType":"Adult Mentoring Programs","dataYear":"2018","assetId":"919352","subcategory":"Social and Community Services","detail":"https://classic.savi.org/SAVI/PopUps/AssetMoreInfo.aspx?AssetID=919352"}},{"type":"Feature","geometry":{"type":"Point","coordinates":[-86.13452826,39.8161817]},"properties":{"name":"YOUNG MEN INC YMI YOUTH MINISTRY","assetType":"Adult Mentoring Programs","dataYear":"2018","assetId":"922205","subcategory":"Social and Community Services","detail":"https://classic.savi.org/SAVI/PopUps/AssetMoreInfo.aspx?AssetID=922205"}},{"type":"Feature","geometry":{"type":"Point","coordinates":[-86.15684891,39.80962224]},"properties":{"name":"Big Brothers Big Sisters of Central Indiana","assetType":"Adult/Child Mentoring Programs","dataYear":"2019","assetId":"934145","subcategory":"Social and Community Services","detail":"https://classic.savi.org/SAVI/PopUps/AssetMoreInfo.aspx?AssetID=934145"}},{"type":"Feature","geometry":{"type":"Point","coordinates":[-86.05240013,39.48192439]},"properties":{"name":"Girls Incorporated of Franklin Johnson County","assetType":"Adult/Child Mentoring Programs","dataYear":"2019","assetId":"934138","subcategory":"Social and Community Services","detail":"https://classic.savi.org/SAVI/PopUps/AssetMoreInfo.aspx?AssetID=934138"}},{"type":"Feature","geometry":{"type":"Point","coordinates":[-86.15671568,39.82712555]},"properties":{"name":"Girls Inc","assetType":"Adult/Child Mentoring Programs","dataYear":"2019","assetId":"934104","subcategory":"Social and Community Services","detail":"https://classic.savi.org/SAVI/PopUps/AssetMoreInfo.aspx?AssetID=934104"}},{"type":"Feature","geometry":{"type":"Point","coordinates":[-86.14161764,39.91251135]},"properties":{"name":"First Connection Leukemia & Lymphoma Society The","assetType":"Buddy Programs","dataYear":"2007","assetId":"625067","subcategory":"Social and Community Services","detail":"https://classic.savi.org/SAVI/PopUps/AssetMoreInfo.aspx?AssetID=625067"}},{"type":"Feature","geometry":{"type":"Point","coordinates":[-86.121419,39.808083]},"properties":{"name":"PACE OAR","assetType":"Buddy Programs","dataYear":"2007","assetId":"623896","subcategory":"Social and Community Services","detail":"https://classic.savi.org/SAVI/PopUps/AssetMoreInfo.aspx?AssetID=623896"}},{"type":"Feature","geometry":{"type":"Point","coordinates":[-86.152832,39.766076]},"properties":{"name":"PACE OAR - Mentors","assetType":"Buddy Programs","dataYear":"2007","assetId":"626106","subcategory":"Social and Community Services","detail":"https://classic.savi.org/SAVI/PopUps/AssetMoreInfo.aspx?AssetID=626106"}},{"type":"Feature","geometry":{"type":"Point","coordinates":[-86.139675,39.754796]},"properties":{"name":"PACE OAR Southside Office","assetType":"Buddy Programs","dataYear":"2007","assetId":"626621","subcategory":"Social and Community Services","detail":"https://classic.savi.org/SAVI/PopUps/AssetMoreInfo.aspx?AssetID=626621"}},{"type":"Feature","geometry":{"type":"Point","coordinates":[-85.77416748,39.81222621]},"properties":{"name":"HANCOCK COUNTY SENIOR SERVICES","assetType":"Friendly Telephoning","dataYear":"2018","assetId":"918618","subcategory":"Social and Community Services","detail":"https://classic.savi.org/SAVI/PopUps/AssetMoreInfo.aspx?AssetID=918618"}},{"type":"Feature","geometry":{"type":"Point","coordinates":[-86.01497348,40.04265126]},"properties":{"name":"SHEPHERD S CENTER OF HAMILTON COUNTY","assetType":"Friendly Telephoning","dataYear":"2018","assetId":"917606","subcategory":"Social and Community Services","detail":"https://classic.savi.org/SAVI/PopUps/AssetMoreInfo.aspx?AssetID=917606"}},{"type":"Feature","geometry":{"type":"Point","coordinates":[-86.47341269,40.07978307]},"properties":{"name":"BOONE COUNTY SENIOR SERVICES","assetType":"Friendly Visit","dataYear":"2018","assetId":"919479","subcategory":"Social and Community Services","detail":"https://classic.savi.org/SAVI/PopUps/AssetMoreInfo.aspx?AssetID=919479"}},{"type":"Feature","geometry":{"type":"Point","coordinates":[-86.15796994,39.78617821]},"properties":{"name":"CATHOLIC CHARITIES INDIANAPOLIS","assetType":"Friendly Visit","dataYear":"2018","assetId":"922607","subcategory":"Social and Community Services","detail":"https://classic.savi.org/SAVI/PopUps/AssetMoreInfo.aspx?AssetID=922607"}},{"type":"Feature","geometry":{"type":"Point","coordinates":[-85.77416748,39.81222621]},"properties":{"name":"HANCOCK COUNTY SENIOR SERVICES","assetType":"Friendly Visit","dataYear":"2018","assetId":"918679","subcategory":"Social and Community Services","detail":"https://classic.savi.org/SAVI/PopUps/AssetMoreInfo.aspx?AssetID=918679"}},{"type":"Feature","geometry":{"type":"Point","coordinates":[-86.1320807,39.96426217]},"properties":{"name":"PRIMELIFE ENRICHMENT","assetType":"Friendly Visit","dataYear":"2018","assetId":"918626","subcategory":"Social and Community Services","detail":"https://classic.savi.org/SAVI/PopUps/AssetMoreInfo.aspx?AssetID=918626"}},{"type":"Feature","geometry":{"type":"Point","coordinates":[-86.01497348,40.04265126]},"properties":{"name":"SHEPHERD S CENTER OF HAMILTON COUNTY","assetType":"Friendly Visit","dataYear":"2018","assetId":"917655","subcategory":"Social and Community Services","detail":"https://classic.savi.org/SAVI/PopUps/AssetMoreInfo.aspx?AssetID=917655"}},{"type":"Feature","geometry":{"type":"Point","coordinates":[-86.04595437,39.88684426]},"properties":{"name":"Parent-to-Parent Networking Support ASK","assetType":"Parent-To-Parent Networking","dataYear":"2007","assetId":"623582","subcategory":"Social and Community Services","detail":"https://classic.savi.org/SAVI/PopUps/AssetMoreInfo.aspx?AssetID=623582"}},{"type":"Feature","geometry":{"type":"Point","coordinates":[-86.47341088,40.07978424]},"properties":{"name":"BOONE COUNTY SENIOR SERVICES","assetType":"Senior Companion Program","dataYear":"2013","assetId":"797785","subcategory":"Social and Community Services","detail":"https://classic.savi.org/SAVI/PopUps/AssetMoreInfo.aspx?AssetID=797785"}},{"type":"Feature","geometry":{"type":"Point","coordinates":[-86.15749884,39.78580033]},"properties":{"name":"CATHOLIC CHARITIES INDIANAPOLIS","assetType":"Senior Companion Program","dataYear":"2013","assetId":"796315","subcategory":"Social and Community Services","detail":"https://classic.savi.org/SAVI/PopUps/AssetMoreInfo.aspx?AssetID=796315"}},{"type":"Feature","geometry":{"type":"Point","coordinates":[-86.15945375,39.83874232]},"properties":{"name":"HERITAGE PLACE OF INDIANAPOLIS","assetType":"Senior Companion Program","dataYear":"2013","assetId":"798360","subcategory":"Social and Community Services","detail":"https://classic.savi.org/SAVI/PopUps/AssetMoreInfo.aspx?AssetID=798360"}},{"type":"Feature","geometry":{"type":"Point","coordinates":[-86.0437503,39.47242273]},"properties":{"name":"JOHNSON COUNTY SENIOR SERVICES","assetType":"Senior Companion Program","dataYear":"2013","assetId":"799154","subcategory":"Social and Community Services","detail":"https://classic.savi.org/SAVI/PopUps/AssetMoreInfo.aspx?AssetID=799154"}},{"type":"Feature","geometry":{"type":"Point","coordinates":[-86.13123199,39.96442678]},"properties":{"name":"PRIMELIFE ENRICHMENT","assetType":"Senior Companion Program","dataYear":"2013","assetId":"798179","subcategory":"Social and Community Services","detail":"https://classic.savi.org/SAVI/PopUps/AssetMoreInfo.aspx?AssetID=798179"}},{"type":"Feature","geometry":{"type":"Point","coordinates":[-86.01486249,40.04266377]},"properties":{"name":"SHEPHERD S CENTER OF HAMILTON COUNTY","assetType":"Senior Companion Program","dataYear":"2013","assetId":"798865","subcategory":"Social and Community Services","detail":"https://classic.savi.org/SAVI/PopUps/AssetMoreInfo.aspx?AssetID=798865"}},{"type":"Feature","geometry":{"type":"Point","coordinates":[-86.14666696,39.80822034]},"properties":{"name":"Asian Help Services - Interpretation and Translation","assetType":"Interpretation / Translation","dataYear":"2010","assetId":"672601","subcategory":"Social and Community Services","detail":"https://classic.savi.org/SAVI/PopUps/AssetMoreInfo.aspx?AssetID=672601"}},{"type":"Feature","geometry":{"type":"Point","coordinates":[-86.12127169,39.84315589]},"properties":{"name":"Deaf Community Services Easter Seals Crossroads Rehab Ctr","assetType":"Interpretation / Translation","dataYear":"2010","assetId":"673182","subcategory":"Social and Community Services","detail":"https://classic.savi.org/SAVI/PopUps/AssetMoreInfo.aspx?AssetID=673182"}},{"type":"Feature","geometry":{"type":"Point","coordinates":[-86.012019,39.826185]},"properties":{"name":"La Plaza - Translation of Personal Documents","assetType":"Interpretation / Translation","dataYear":"2010","assetId":"676223","subcategory":"Social and Community Services","detail":"https://classic.savi.org/SAVI/PopUps/AssetMoreInfo.aspx?AssetID=676223"}},{"type":"Feature","geometry":{"type":"Point","coordinates":[-86.16072365,39.7698614]},"properties":{"name":"Migrant Education Program","assetType":"Interpretation / Translation","dataYear":"2010","assetId":"676921","subcategory":"Social and Community Services","detail":"https://classic.savi.org/SAVI/PopUps/AssetMoreInfo.aspx?AssetID=676921"}},{"type":"Feature","geometry":{"type":"Point","coordinates":[-86.12127169,39.84315589]},"properties":{"name":"Problem Solving - Deaf Community Services","assetType":"Interpretation / Translation","dataYear":"2010","assetId":"673179","subcategory":"Social and Community Services","detail":"https://classic.savi.org/SAVI/PopUps/AssetMoreInfo.aspx?AssetID=673179"}},{"type":"Feature","geometry":{"type":"Point","coordinates":[-86.12127169,39.84315589]},"properties":{"name":"Sign Language Interpreters - Deaf Community Services","assetType":"Interpretation / Translation","dataYear":"2010","assetId":"673177","subcategory":"Social and Community Services","detail":"https://classic.savi.org/SAVI/PopUps/AssetMoreInfo.aspx?AssetID=673177"}},{"type":"Feature","geometry":{"type":"Point","coordinates":[-86.07021211,39.91637618]},"properties":{"name":"Language Training Center - Classes","assetType":"Other Cultural Programs","dataYear":"2007","assetId":"625446","subcategory":"Social and Community Services","detail":"https://classic.savi.org/SAVI/PopUps/AssetMoreInfo.aspx?AssetID=625446"}},{"type":"Feature","geometry":{"type":"Point","coordinates":[-86.01600921,39.79320047]},"properties":{"name":"Ukrainian American Cultural Society of Indianapolis","assetType":"Other Cultural Programs","dataYear":"2007","assetId":"625855","subcategory":"Social and Community Services","detail":"https://classic.savi.org/SAVI/PopUps/AssetMoreInfo.aspx?AssetID=625855"}},{"type":"Feature","geometry":{"type":"Point","coordinates":[-86.15796994,39.78617821]},"properties":{"name":"CATHOLIC CHARITIES INDIANAPOLIS","assetType":"Refugee Resettlement Services","dataYear":"2018","assetId":"922613","subcategory":"Social and Community Services","detail":"https://classic.savi.org/SAVI/PopUps/AssetMoreInfo.aspx?AssetID=922613"}},{"type":"Feature","geometry":{"type":"Point","coordinates":[-86.1196727,39.7671523]},"properties":{"name":"EXODUS REFUGEE IMMIGRATION","assetType":"Refugee Resettlement Services","dataYear":"2018","assetId":"919820","subcategory":"Social and Community Services","detail":"https://classic.savi.org/SAVI/PopUps/AssetMoreInfo.aspx?AssetID=919820"}},{"type":"Feature","geometry":{"type":"Point","coordinates":[-86.04595437,39.88684426]},"properties":{"name":"About Special Kids ASK - Information","assetType":"Child Care Resource And Referral","dataYear":"2011","assetId":"691431","subcategory":"Social and Community Services","detail":"https://classic.savi.org/SAVI/PopUps/AssetMoreInfo.aspx?AssetID=691431"}},{"type":"Feature","geometry":{"type":"Point","coordinates":[-86.15671009,39.82590096]},"properties":{"name":"Child Care Resource and Referral IN Assoc for Child Care R & R","assetType":"Child Care Resource And Referral","dataYear":"2011","assetId":"693586","subcategory":"Social and Community Services","detail":"https://classic.savi.org/SAVI/PopUps/AssetMoreInfo.aspx?AssetID=693586"}},{"type":"Feature","geometry":{"type":"Point","coordinates":[-86.0115984,40.05436514]},"properties":{"name":"Hamilton County Dept of Child Services- Day Care Licensing","assetType":"Child Care Resource And Referral","dataYear":"2011","assetId":"691841","subcategory":"Social and Community Services","detail":"https://classic.savi.org/SAVI/PopUps/AssetMoreInfo.aspx?AssetID=691841"}},{"type":"Feature","geometry":{"type":"Point","coordinates":[-86.02443051,39.48116817]},"properties":{"name":"Johnson County Dept of Child Services - Day Care Licensing","assetType":"Child Care Resource And Referral","dataYear":"2011","assetId":"691927","subcategory":"Social and Community Services","detail":"https://classic.savi.org/SAVI/PopUps/AssetMoreInfo.aspx?AssetID=691927"}},{"type":"Feature","geometry":{"type":"Point","coordinates":[-86.44336865,39.40677621]},"properties":{"name":"Morgan County Dept of Child Services - Day Care Licensing","assetType":"Child Care Resource And Referral","dataYear":"2011","assetId":"692219","subcategory":"Social and Community Services","detail":"https://classic.savi.org/SAVI/PopUps/AssetMoreInfo.aspx?AssetID=692219"}},{"type":"Feature","geometry":{"type":"Point","coordinates":[-86.153545,39.76710056]},"properties":{"name":"A Child s Haven Family Service HH","assetType":"Drop-In Child Care","dataYear":"2007","assetId":"626462","subcategory":"Social and Community Services","detail":"https://classic.savi.org/SAVI/PopUps/AssetMoreInfo.aspx?AssetID=626462"}},{"type":"Feature","geometry":{"type":"Point","coordinates":[-86.12062341,39.8429797]},"properties":{"name":"AYS Inc","assetType":"Extended Day Care","dataYear":"2016","assetId":"839494","subcategory":"Social and Community Services","detail":"https://classic.savi.org/SAVI/PopUps/AssetMoreInfo.aspx?AssetID=839494"}},{"type":"Feature","geometry":{"type":"Point","coordinates":[-86.1566988,39.80186804]},"properties":{"name":"CAGI - Foster Grandparent Program","assetType":"Foster Grandparent Programs","dataYear":"2007","assetId":"623643","subcategory":"Social and Community Services","detail":"https://classic.savi.org/SAVI/PopUps/AssetMoreInfo.aspx?AssetID=623643"}},{"type":"Feature","geometry":{"type":"Point","coordinates":[-85.7733851,39.79917484]},"properties":{"name":"Foster Grandparent Program ICAP Hancock County","assetType":"Foster Grandparent Programs","dataYear":"2007","assetId":"624183","subcategory":"Social and Community Services","detail":"https://classic.savi.org/SAVI/PopUps/AssetMoreInfo.aspx?AssetID=624183"}},{"type":"Feature","geometry":{"type":"Point","coordinates":[-85.773493,39.51118301]},"properties":{"name":"SHELBY SENIOR SERVICES","assetType":"General Child Care Programs","dataYear":"2016","assetId":"839529","subcategory":"Social and Community Services","detail":"https://classic.savi.org/SAVI/PopUps/AssetMoreInfo.aspx?AssetID=839529"}},{"type":"Feature","geometry":{"type":"Point","coordinates":[-86.161128,39.83997439]},"properties":{"name":"A Caring Place - Adult Day Services Catholic Charities Indpls","assetType":"Other Adult Day Care Programs","dataYear":"2011","assetId":"692794","subcategory":"Social and Community Services","detail":"https://classic.savi.org/SAVI/PopUps/AssetMoreInfo.aspx?AssetID=692794"}},{"type":"Feature","geometry":{"type":"Point","coordinates":[-86.17428667,39.88218167]},"properties":{"name":"Adult Day Services Hooverwood","assetType":"Other Adult Day Care Programs","dataYear":"2011","assetId":"691900","subcategory":"Social and Community Services","detail":"https://classic.savi.org/SAVI/PopUps/AssetMoreInfo.aspx?AssetID=691900"}},{"type":"Feature","geometry":{"type":"Point","coordinates":[-86.12127169,39.84315589]},"properties":{"name":"Easter Seals Crossroads - Adult Day Services","assetType":"Other Adult Day Care Programs","dataYear":"2011","assetId":"693998","subcategory":"Social and Community Services","detail":"https://classic.savi.org/SAVI/PopUps/AssetMoreInfo.aspx?AssetID=693998"}},{"type":"Feature","geometry":{"type":"Point","coordinates":[-86.123322,39.78142]},"properties":{"name":"John H Boner Comm Ctr - Adult and Day Center","assetType":"Other Adult Day Care Programs","dataYear":"2011","assetId":"691356","subcategory":"Social and Community Services","detail":"https://classic.savi.org/SAVI/PopUps/AssetMoreInfo.aspx?AssetID=691356"}},{"type":"Feature","geometry":{"type":"Point","coordinates":[-86.1263524,39.86869302]},"properties":{"name":"Joy s House","assetType":"Other Adult Day Care Programs","dataYear":"2011","assetId":"693576","subcategory":"Social and Community Services","detail":"https://classic.savi.org/SAVI/PopUps/AssetMoreInfo.aspx?AssetID=693576"}},{"type":"Feature","geometry":{"type":"Point","coordinates":[-85.76675933,39.77796611]},"properties":{"name":"Shares Inc Greenfield - Day Habilitation Living Skills Day Prog","assetType":"Other Adult Day Care Programs","dataYear":"2011","assetId":"693033","subcategory":"Social and Community Services","detail":"https://classic.savi.org/SAVI/PopUps/AssetMoreInfo.aspx?AssetID=693033"}},{"type":"Feature","geometry":{"type":"Point","coordinates":[-85.78550474,39.51000791]},"properties":{"name":"Shares Inc Shelbyville - Day Habilitation Living Skills Day Prog","assetType":"Other Adult Day Care Programs","dataYear":"2011","assetId":"693030","subcategory":"Social and Community Services","detail":"https://classic.savi.org/SAVI/PopUps/AssetMoreInfo.aspx?AssetID=693030"}},{"type":"Feature","geometry":{"type":"Point","coordinates":[-86.134258,39.66819216]},"properties":{"name":"Southport Adult Day Center - Adult Day Care","assetType":"Other Adult Day Care Programs","dataYear":"2011","assetId":"693382","subcategory":"Social and Community Services","detail":"https://classic.savi.org/SAVI/PopUps/AssetMoreInfo.aspx?AssetID=693382"}},{"type":"Feature","geometry":{"type":"Point","coordinates":[-86.10118973,39.75259112]},"properties":{"name":"AMVETS - Donations","assetType":"Donor Services","dataYear":"2011","assetId":"694222","subcategory":"Social and Community Services","detail":"https://classic.savi.org/SAVI/PopUps/AssetMoreInfo.aspx?AssetID=694222"}},{"type":"Feature","geometry":{"type":"Point","coordinates":[-86.39179536,39.70382715]},"properties":{"name":"Bea s Boutique St Mark s Episcopal Church","assetType":"Donor Services","dataYear":"2011","assetId":"693181","subcategory":"Social and Community Services","detail":"https://classic.savi.org/SAVI/PopUps/AssetMoreInfo.aspx?AssetID=693181"}},{"type":"Feature","geometry":{"type":"Point","coordinates":[-86.15740048,39.78580834]},"properties":{"name":"Catholic Charities Indianapolis - Refugee Services Donations","assetType":"Donor Services","dataYear":"2011","assetId":"694103","subcategory":"Social and Community Services","detail":"https://classic.savi.org/SAVI/PopUps/AssetMoreInfo.aspx?AssetID=694103"}},{"type":"Feature","geometry":{"type":"Point","coordinates":[-86.15405574,39.77673067]},"properties":{"name":"Central Christian Church - Clothing Bank","assetType":"Donor Services","dataYear":"2011","assetId":"691161","subcategory":"Social and Community Services","detail":"https://classic.savi.org/SAVI/PopUps/AssetMoreInfo.aspx?AssetID=691161"}},{"type":"Feature","geometry":{"type":"Point","coordinates":[-86.15405574,39.77673067]},"properties":{"name":"Central Christian Church - Thrift Store","assetType":"Donor Services","dataYear":"2011","assetId":"691739","subcategory":"Social and Community Services","detail":"https://classic.savi.org/SAVI/PopUps/AssetMoreInfo.aspx?AssetID=691739"}},{"type":"Feature","geometry":{"type":"Point","coordinates":[-86.37476721,39.61249684]},"properties":{"name":"Churches in Mission - Food and Clothing Pantry","assetType":"Donor Services","dataYear":"2011","assetId":"692522","subcategory":"Social and Community Services","detail":"https://classic.savi.org/SAVI/PopUps/AssetMoreInfo.aspx?AssetID=692522"}},{"type":"Feature","geometry":{"type":"Point","coordinates":[-86.37476721,39.61249684]},"properties":{"name":"Churches in Mission - School Supply Drive","assetType":"Donor Services","dataYear":"2011","assetId":"694269","subcategory":"Social and Community Services","detail":"https://classic.savi.org/SAVI/PopUps/AssetMoreInfo.aspx?AssetID=694269"}},{"type":"Feature","geometry":{"type":"Point","coordinates":[-86.48181069,40.04283987]},"properties":{"name":"Classic Reruns - Caring Center","assetType":"Donor Services","dataYear":"2011","assetId":"693182","subcategory":"Social and Community Services","detail":"https://classic.savi.org/SAVI/PopUps/AssetMoreInfo.aspx?AssetID=693182"}},{"type":"Feature","geometry":{"type":"Point","coordinates":[-86.15915341,39.78655617]},"properties":{"name":"Crisis Office - Clothing Room Catholic Charities Indianapolis","assetType":"Donor Services","dataYear":"2011","assetId":"691434","subcategory":"Social and Community Services","detail":"https://classic.savi.org/SAVI/PopUps/AssetMoreInfo.aspx?AssetID=691434"}},{"type":"Feature","geometry":{"type":"Point","coordinates":[-86.157802,39.77824915]},"properties":{"name":"Dress for Success Indianapolis - General Information HH","assetType":"Donor Services","dataYear":"2011","assetId":"693374","subcategory":"Social and Community Services","detail":"https://classic.savi.org/SAVI/PopUps/AssetMoreInfo.aspx?AssetID=693374"}},{"type":"Feature","geometry":{"type":"Point","coordinates":[-86.01736057,39.9566247]},"properties":{"name":"Fishers Freedom Festival","assetType":"Donor Services","dataYear":"2011","assetId":"694024","subcategory":"Social and Community Services","detail":"https://classic.savi.org/SAVI/PopUps/AssetMoreInfo.aspx?AssetID=694024"}},{"type":"Feature","geometry":{"type":"Point","coordinates":[-86.13163281,39.75228413]},"properties":{"name":"Fletcher Place Community Center - Clothing Bank","assetType":"Donor Services","dataYear":"2011","assetId":"692246","subcategory":"Social and Community Services","detail":"https://classic.savi.org/SAVI/PopUps/AssetMoreInfo.aspx?AssetID=692246"}},{"type":"Feature","geometry":{"type":"Point","coordinates":[-86.04386748,39.84028183]},"properties":{"name":"Fresh Start of Indiana - Post Domestic Violence Services","assetType":"Donor Services","dataYear":"2011","assetId":"693348","subcategory":"Social and Community Services","detail":"https://classic.savi.org/SAVI/PopUps/AssetMoreInfo.aspx?AssetID=693348"}},{"type":"Feature","geometry":{"type":"Point","coordinates":[-86.215623,39.78502]},"properties":{"name":"Goodwill Industries - Donated Vehicles","assetType":"Donor Services","dataYear":"2011","assetId":"694105","subcategory":"Social and Community Services","detail":"https://classic.savi.org/SAVI/PopUps/AssetMoreInfo.aspx?AssetID=694105"}},{"type":"Feature","geometry":{"type":"Point","coordinates":[-86.190938,39.774601]},"properties":{"name":"Goodwill Industries - Donations","assetType":"Donor Services","dataYear":"2011","assetId":"691340","subcategory":"Social and Community Services","detail":"https://classic.savi.org/SAVI/PopUps/AssetMoreInfo.aspx?AssetID=691340"}},{"type":"Feature","geometry":{"type":"Point","coordinates":[-85.76769463,39.78101672]},"properties":{"name":"Hancock County Coats for Kids Hancock Hope House","assetType":"Donor Services","dataYear":"2011","assetId":"694990","subcategory":"Social and Community Services","detail":"https://classic.savi.org/SAVI/PopUps/AssetMoreInfo.aspx?AssetID=694990"}},{"type":"Feature","geometry":{"type":"Point","coordinates":[-85.76802427,39.77723783]},"properties":{"name":"Hancock County Food Pantry","assetType":"Donor Services","dataYear":"2011","assetId":"695051","subcategory":"Social and Community Services","detail":"https://classic.savi.org/SAVI/PopUps/AssetMoreInfo.aspx?AssetID=695051"}},{"type":"Feature","geometry":{"type":"Point","coordinates":[-86.099487,39.582304]},"properties":{"name":"His Hand Extended Trinity Broadcasting Network","assetType":"Donor Services","dataYear":"2011","assetId":"692527","subcategory":"Social and Community Services","detail":"https://classic.savi.org/SAVI/PopUps/AssetMoreInfo.aspx?AssetID=692527"}},{"type":"Feature","geometry":{"type":"Point","coordinates":[-86.14469,39.773943]},"properties":{"name":"Indianapolis Senior Center - Resale Shop","assetType":"Donor Services","dataYear":"2011","assetId":"691493","subcategory":"Social and Community Services","detail":"https://classic.savi.org/SAVI/PopUps/AssetMoreInfo.aspx?AssetID=691493"}},{"type":"Feature","geometry":{"type":"Point","coordinates":[-86.11949727,39.81840696]},"properties":{"name":"Jones Tabernacle AME Zion Church - Clothing","assetType":"Donor Services","dataYear":"2011","assetId":"691915","subcategory":"Social and Community Services","detail":"https://classic.savi.org/SAVI/PopUps/AssetMoreInfo.aspx?AssetID=691915"}},{"type":"Feature","geometry":{"type":"Point","coordinates":[-86.21968599,39.91433603]},"properties":{"name":"Lions Club of Indiana - Eyeglass Donations","assetType":"Donor Services","dataYear":"2011","assetId":"695347","subcategory":"Social and Community Services","detail":"https://classic.savi.org/SAVI/PopUps/AssetMoreInfo.aspx?AssetID=695347"}},{"type":"Feature","geometry":{"type":"Point","coordinates":[-86.15107145,39.41616445]},"properties":{"name":"Lord s Locker Shopping","assetType":"Donor Services","dataYear":"2011","assetId":"694148","subcategory":"Social and Community Services","detail":"https://classic.savi.org/SAVI/PopUps/AssetMoreInfo.aspx?AssetID=694148"}},{"type":"Feature","geometry":{"type":"Point","coordinates":[-86.07931559,39.83257491]},"properties":{"name":"Lutheran Child and Family - Donations","assetType":"Donor Services","dataYear":"2011","assetId":"696294","subcategory":"Social and Community Services","detail":"https://classic.savi.org/SAVI/PopUps/AssetMoreInfo.aspx?AssetID=696294"}},{"type":"Feature","geometry":{"type":"Point","coordinates":[-86.155903,39.78061]},"properties":{"name":"Metro Baptist Center - Clothing Bank","assetType":"Donor Services","dataYear":"2011","assetId":"691747","subcategory":"Social and Community Services","detail":"https://classic.savi.org/SAVI/PopUps/AssetMoreInfo.aspx?AssetID=691747"}},{"type":"Feature","geometry":{"type":"Point","coordinates":[-86.14195654,39.91251267]},"properties":{"name":"National Kidney Foundation of Indiana - Vehicle Donations","assetType":"Donor Services","dataYear":"2011","assetId":"691608","subcategory":"Social and Community Services","detail":"https://classic.savi.org/SAVI/PopUps/AssetMoreInfo.aspx?AssetID=691608"}},{"type":"Feature","geometry":{"type":"Point","coordinates":[-86.14739318,39.99910389]},"properties":{"name":"Our Lady of Mt Carmel - HELP Committee","assetType":"Donor Services","dataYear":"2011","assetId":"693176","subcategory":"Social and Community Services","detail":"https://classic.savi.org/SAVI/PopUps/AssetMoreInfo.aspx?AssetID=693176"}},{"type":"Feature","geometry":{"type":"Point","coordinates":[-86.42674159,39.42795964]},"properties":{"name":"Red Barn - Thrift Shop Clothing Bank","assetType":"Donor Services","dataYear":"2011","assetId":"692501","subcategory":"Social and Community Services","detail":"https://classic.savi.org/SAVI/PopUps/AssetMoreInfo.aspx?AssetID=692501"}},{"type":"Feature","geometry":{"type":"Point","coordinates":[-86.093516,39.774884]},"properties":{"name":"Rummage Room Linwood Christian Church","assetType":"Donor Services","dataYear":"2011","assetId":"693092","subcategory":"Social and Community Services","detail":"https://classic.savi.org/SAVI/PopUps/AssetMoreInfo.aspx?AssetID=693092"}},{"type":"Feature","geometry":{"type":"Point","coordinates":[-85.77380266,39.52454173]},"properties":{"name":"Salvation Army Shelby County - Thrift Store","assetType":"Donor Services","dataYear":"2011","assetId":"693395","subcategory":"Social and Community Services","detail":"https://classic.savi.org/SAVI/PopUps/AssetMoreInfo.aspx?AssetID=693395"}},{"type":"Feature","geometry":{"type":"Point","coordinates":[-86.06994256,39.70586378]},"properties":{"name":"Servant s Heart of Indy Pantry & Clothing Bank","assetType":"Donor Services","dataYear":"2011","assetId":"694961","subcategory":"Social and Community Services","detail":"https://classic.savi.org/SAVI/PopUps/AssetMoreInfo.aspx?AssetID=694961"}},{"type":"Feature","geometry":{"type":"Point","coordinates":[-86.07931559,39.83257491]},"properties":{"name":"Sharing Place East Children s Clothing Bank","assetType":"Donor Services","dataYear":"2011","assetId":"691490","subcategory":"Social and Community Services","detail":"https://classic.savi.org/SAVI/PopUps/AssetMoreInfo.aspx?AssetID=691490"}},{"type":"Feature","geometry":{"type":"Point","coordinates":[-86.07515818,39.5354135]},"properties":{"name":"St Thomas Medical Clinic","assetType":"Donor Services","dataYear":"2011","assetId":"692533","subcategory":"Social and Community Services","detail":"https://classic.savi.org/SAVI/PopUps/AssetMoreInfo.aspx?AssetID=692533"}},{"type":"Feature","geometry":{"type":"Point","coordinates":[-86.13792878,39.76469628]},"properties":{"name":"St Vincent de Paul Society - Furniture Household","assetType":"Donor Services","dataYear":"2011","assetId":"692550","subcategory":"Social and Community Services","detail":"https://classic.savi.org/SAVI/PopUps/AssetMoreInfo.aspx?AssetID=692550"}},{"type":"Feature","geometry":{"type":"Point","coordinates":[-86.10616247,39.60969882]},"properties":{"name":"St Vincent de Paul Society of Johnson County - Household Goods","assetType":"Donor Services","dataYear":"2011","assetId":"693152","subcategory":"Social and Community Services","detail":"https://classic.savi.org/SAVI/PopUps/AssetMoreInfo.aspx?AssetID=693152"}},{"type":"Feature","geometry":{"type":"Point","coordinates":[-86.22244552,39.92045262]},"properties":{"name":"Susan G Komen For the Cure - Information & Donations","assetType":"Donor Services","dataYear":"2011","assetId":"695000","subcategory":"Social and Community Services","detail":"https://classic.savi.org/SAVI/PopUps/AssetMoreInfo.aspx?AssetID=695000"}},{"type":"Feature","geometry":{"type":"Point","coordinates":[-86.12878579,39.78138992]},"properties":{"name":"Teachers Treasures - Donations","assetType":"Donor Services","dataYear":"2011","assetId":"693514","subcategory":"Social and Community Services","detail":"https://classic.savi.org/SAVI/PopUps/AssetMoreInfo.aspx?AssetID=693514"}},{"type":"Feature","geometry":{"type":"Point","coordinates":[-86.18701455,39.91156825]},"properties":{"name":"Thrifty Threads The Julian Center","assetType":"Donor Services","dataYear":"2011","assetId":"691438","subcategory":"Social and Community Services","detail":"https://classic.savi.org/SAVI/PopUps/AssetMoreInfo.aspx?AssetID=691438"}},{"type":"Feature","geometry":{"type":"Point","coordinates":[-86.15671009,39.82590096]},"properties":{"name":"United Way of Central Indiana -Questions Received by Connect2Help","assetType":"Donor Services","dataYear":"2011","assetId":"693334","subcategory":"Social and Community Services","detail":"https://classic.savi.org/SAVI/PopUps/AssetMoreInfo.aspx?AssetID=693334"}},{"type":"Feature","geometry":{"type":"Point","coordinates":[-86.12177412,39.96154671]},"properties":{"name":"United Way of Central Indiana Hamilton County","assetType":"Donor Services","dataYear":"2011","assetId":"696004","subcategory":"Social and Community Services","detail":"https://classic.savi.org/SAVI/PopUps/AssetMoreInfo.aspx?AssetID=696004"}},{"type":"Feature","geometry":{"type":"Point","coordinates":[-86.52448298,39.76029016]},"properties":{"name":"United Way of Central Indiana Hendricks County","assetType":"Donor Services","dataYear":"2011","assetId":"695146","subcategory":"Social and Community Services","detail":"https://classic.savi.org/SAVI/PopUps/AssetMoreInfo.aspx?AssetID=695146"}},{"type":"Feature","geometry":{"type":"Point","coordinates":[-86.42719664,39.42775525]},"properties":{"name":"United Way of Central Indiana Morgan County","assetType":"Donor Services","dataYear":"2011","assetId":"695148","subcategory":"Social and Community Services","detail":"https://classic.savi.org/SAVI/PopUps/AssetMoreInfo.aspx?AssetID=695148"}},{"type":"Feature","geometry":{"type":"Point","coordinates":[-86.199513,39.75101]},"properties":{"name":"West Morris Street Free Methodist Church - Clothing","assetType":"Donor Services","dataYear":"2011","assetId":"692449","subcategory":"Social and Community Services","detail":"https://classic.savi.org/SAVI/PopUps/AssetMoreInfo.aspx?AssetID=692449"}},{"type":"Feature","geometry":{"type":"Point","coordinates":[-86.1567484,39.91972135]},"properties":{"name":"Wheels for Sight Prevent Blindness Indiana","assetType":"Donor Services","dataYear":"2011","assetId":"693577","subcategory":"Social and Community Services","detail":"https://classic.savi.org/SAVI/PopUps/AssetMoreInfo.aspx?AssetID=693577"}},{"type":"Feature","geometry":{"type":"Point","coordinates":[-86.15671009,39.82590096]},"properties":{"name":"Winter Assistance Fund Donations - WAF United Way of Central IN","assetType":"Donor Services","dataYear":"2011","assetId":"694097","subcategory":"Social and Community Services","detail":"https://classic.savi.org/SAVI/PopUps/AssetMoreInfo.aspx?AssetID=694097"}},{"type":"Feature","geometry":{"type":"Point","coordinates":[-86.17299888,39.87939763]},"properties":{"name":"Jewish Federation of Greater Indianapolis","assetType":"Misc. Community Services","dataYear":"2011","assetId":"695727","subcategory":"Social and Community Services","detail":"https://classic.savi.org/SAVI/PopUps/AssetMoreInfo.aspx?AssetID=695727"}},{"type":"Feature","geometry":{"type":"Point","coordinates":[-86.23655117,39.90848726]},"properties":{"name":"Bereavement Counseling Aseracare Hospice","assetType":"Bereaved Individuals","dataYear":"2011","assetId":"691501","subcategory":"Social and Community Services","detail":"https://classic.savi.org/SAVI/PopUps/AssetMoreInfo.aspx?AssetID=691501"}},{"type":"Feature","geometry":{"type":"Point","coordinates":[-86.15708038,39.91979543]},"properties":{"name":"Brooke s Place for Grieving Young People - Support Group","assetType":"Bereaved Individuals","dataYear":"2011","assetId":"693352","subcategory":"Social and Community Services","detail":"https://classic.savi.org/SAVI/PopUps/AssetMoreInfo.aspx?AssetID=693352"}},{"type":"Feature","geometry":{"type":"Point","coordinates":[-86.15708038,39.91979543]},"properties":{"name":"Brooke s Place for Grieving Young People - Support Services","assetType":"Bereaved Individuals","dataYear":"2011","assetId":"693648","subcategory":"Social and Community Services","detail":"https://classic.savi.org/SAVI/PopUps/AssetMoreInfo.aspx?AssetID=693648"}},{"type":"Feature","geometry":{"type":"Point","coordinates":[-86.13151483,39.6419241]},"properties":{"name":"Caterpillar Kids St Francis Hospital and Health Centers","assetType":"Bereaved Individuals","dataYear":"2011","assetId":"693509","subcategory":"Social and Community Services","detail":"https://classic.savi.org/SAVI/PopUps/AssetMoreInfo.aspx?AssetID=693509"}},{"type":"Feature","geometry":{"type":"Point","coordinates":[-85.99103116,39.96518545]},"properties":{"name":"Community VNA Hospice Bereavement Office Community Health","assetType":"Bereaved Individuals","dataYear":"2011","assetId":"693881","subcategory":"Social and Community Services","detail":"https://classic.savi.org/SAVI/PopUps/AssetMoreInfo.aspx?AssetID=693881"}},{"type":"Feature","geometry":{"type":"Point","coordinates":[-86.15740048,39.78580834]},"properties":{"name":"Divorced Separated Grief & Loss Support Groups Catholic Archd","assetType":"Bereaved Individuals","dataYear":"2011","assetId":"692750","subcategory":"Social and Community Services","detail":"https://classic.savi.org/SAVI/PopUps/AssetMoreInfo.aspx?AssetID=692750"}},{"type":"Feature","geometry":{"type":"Point","coordinates":[-85.829387,39.782491]},"properties":{"name":"Erlewein Mortuary - Widow Widower Activitie","assetType":"Bereaved Individuals","dataYear":"2011","assetId":"695848","subcategory":"Social and Community Services","detail":"https://classic.savi.org/SAVI/PopUps/AssetMoreInfo.aspx?AssetID=695848"}},{"type":"Feature","geometry":{"type":"Point","coordinates":[-86.02502111,40.11836944]},"properties":{"name":"GriefShare Cicero Christian Church","assetType":"Bereaved Individuals","dataYear":"2011","assetId":"693926","subcategory":"Social and Community Services","detail":"https://classic.savi.org/SAVI/PopUps/AssetMoreInfo.aspx?AssetID=693926"}},{"type":"Feature","geometry":{"type":"Point","coordinates":[-86.50187222,39.76110533]},"properties":{"name":"Hendricks Regional Health - Bereavement and Cancer Support Groups","assetType":"Bereaved Individuals","dataYear":"2011","assetId":"693925","subcategory":"Social and Community Services","detail":"https://classic.savi.org/SAVI/PopUps/AssetMoreInfo.aspx?AssetID=693925"}},{"type":"Feature","geometry":{"type":"Point","coordinates":[-86.07403119,39.47998497]},"properties":{"name":"Johnson Memorial Hospital - Bereavement Support Group","assetType":"Bereaved Individuals","dataYear":"2011","assetId":"694021","subcategory":"Social and Community Services","detail":"https://classic.savi.org/SAVI/PopUps/AssetMoreInfo.aspx?AssetID=694021"}},{"type":"Feature","geometry":{"type":"Point","coordinates":[-86.04130483,39.8996534]},"properties":{"name":"Open Arms Community Health","assetType":"Bereaved Individuals","dataYear":"2011","assetId":"692924","subcategory":"Social and Community Services","detail":"https://classic.savi.org/SAVI/PopUps/AssetMoreInfo.aspx?AssetID=692924"}},{"type":"Feature","geometry":{"type":"Point","coordinates":[-86.38456713,39.68758472]},"properties":{"name":"Pink Ponies Strides to Success","assetType":"Bereaved Individuals","dataYear":"2011","assetId":"695715","subcategory":"Social and Community Services","detail":"https://classic.savi.org/SAVI/PopUps/AssetMoreInfo.aspx?AssetID=695715"}},{"type":"Feature","geometry":{"type":"Point","coordinates":[-86.1985142,39.91108199]},"properties":{"name":"RTS Parent Support Group St Vincent Women s Hospital","assetType":"Bereaved Individuals","dataYear":"2011","assetId":"693488","subcategory":"Social and Community Services","detail":"https://classic.savi.org/SAVI/PopUps/AssetMoreInfo.aspx?AssetID=693488"}},{"type":"Feature","geometry":{"type":"Point","coordinates":[-86.12911228,39.86902424]},"properties":{"name":"SIDS Center of Indiana - Loss of a Child Support Group","assetType":"Bereaved Individuals","dataYear":"2011","assetId":"692560","subcategory":"Social and Community Services","detail":"https://classic.savi.org/SAVI/PopUps/AssetMoreInfo.aspx?AssetID=692560"}},{"type":"Feature","geometry":{"type":"Point","coordinates":[-86.08343371,39.61090191]},"properties":{"name":"St Francis Hospice - Adult Bereavement Support Group","assetType":"Bereaved Individuals","dataYear":"2011","assetId":"693507","subcategory":"Social and Community Services","detail":"https://classic.savi.org/SAVI/PopUps/AssetMoreInfo.aspx?AssetID=693507"}},{"type":"Feature","geometry":{"type":"Point","coordinates":[-86.08343371,39.61090191]},"properties":{"name":"St Francis Hospice - Children Bereavement Support Group","assetType":"Bereaved Individuals","dataYear":"2011","assetId":"695666","subcategory":"Social and Community Services","detail":"https://classic.savi.org/SAVI/PopUps/AssetMoreInfo.aspx?AssetID=695666"}},{"type":"Feature","geometry":{"type":"Point","coordinates":[-86.13727069,39.84871096]},"properties":{"name":"St Vincent Hospice - Bereavement Support Groups Adults","assetType":"Bereaved Individuals","dataYear":"2011","assetId":"693058","subcategory":"Social and Community Services","detail":"https://classic.savi.org/SAVI/PopUps/AssetMoreInfo.aspx?AssetID=693058"}},{"type":"Feature","geometry":{"type":"Point","coordinates":[-86.22820952,39.9098518]},"properties":{"name":"St Vincent Hospice - Bereavement Support Groups Youth","assetType":"Bereaved Individuals","dataYear":"2011","assetId":"694505","subcategory":"Social and Community Services","detail":"https://classic.savi.org/SAVI/PopUps/AssetMoreInfo.aspx?AssetID=694505"}},{"type":"Feature","geometry":{"type":"Point","coordinates":[-86.073965,39.789429]},"properties":{"name":"Survivors of Suicide Victims Support Group","assetType":"Bereaved Individuals","dataYear":"2011","assetId":"691523","subcategory":"Social and Community Services","detail":"https://classic.savi.org/SAVI/PopUps/AssetMoreInfo.aspx?AssetID=691523"}},{"type":"Feature","geometry":{"type":"Point","coordinates":[-86.0644045,39.8037259]},"properties":{"name":"Survivors of Violent Death Support Group Legacy House","assetType":"Bereaved Individuals","dataYear":"2011","assetId":"693703","subcategory":"Social and Community Services","detail":"https://classic.savi.org/SAVI/PopUps/AssetMoreInfo.aspx?AssetID=693703"}},{"type":"Feature","geometry":{"type":"Point","coordinates":[-86.0644045,39.8037259]},"properties":{"name":"Survivors of Violent Death for Children Support Grp Legacy House","assetType":"Bereaved Individuals","dataYear":"2011","assetId":"695069","subcategory":"Social and Community Services","detail":"https://classic.savi.org/SAVI/PopUps/AssetMoreInfo.aspx?AssetID=695069"}},{"type":"Feature","geometry":{"type":"Point","coordinates":[-86.14907095,39.67298436]},"properties":{"name":"Vistacare Hospice - Grief and Healing Support Programs","assetType":"Bereaved Individuals","dataYear":"2011","assetId":"691980","subcategory":"Social and Community Services","detail":"https://classic.savi.org/SAVI/PopUps/AssetMoreInfo.aspx?AssetID=691980"}},{"type":"Feature","geometry":{"type":"Point","coordinates":[-86.40380443,39.76364827]},"properties":{"name":"Westside Widowed Service Support Group MHA of Hendricks Co","assetType":"Bereaved Individuals","dataYear":"2011","assetId":"694017","subcategory":"Social and Community Services","detail":"https://classic.savi.org/SAVI/PopUps/AssetMoreInfo.aspx?AssetID=694017"}},{"type":"Feature","geometry":{"type":"Point","coordinates":[-86.15652295,39.92037031]},"properties":{"name":"ALZHEIMER S ASSOCIATION GREATER INDIANA CHAPTER","assetType":"Caregiver Training","dataYear":"2017","assetId":"865549","subcategory":"Social and Community Services","detail":"https://classic.savi.org/SAVI/PopUps/AssetMoreInfo.aspx?AssetID=865549"}},{"type":"Feature","geometry":{"type":"Point","coordinates":[-86.07463028,39.47852699]},"properties":{"name":"ADULT AND CHILD - FRANKLIN","assetType":"Case Management","dataYear":"2019","assetId":"917345","subcategory":"Social and Community Services","detail":"https://classic.savi.org/SAVI/PopUps/AssetMoreInfo.aspx?AssetID=917345"}},{"type":"Feature","geometry":{"type":"Point","coordinates":[-85.76946787,39.78353605]},"properties":{"name":"ALTERNATIVES - GREENFIELD OUTREACH OFFICE","assetType":"Case Management","dataYear":"2019","assetId":"922047","subcategory":"Social and Community Services","detail":"https://classic.savi.org/SAVI/PopUps/AssetMoreInfo.aspx?AssetID=922047"}},{"type":"Feature","geometry":{"type":"Point","coordinates":[-86.14668989,39.80839124]},"properties":{"name":"ASIAN HELP SERVICES","assetType":"Case Management","dataYear":"2019","assetId":"918178","subcategory":"Social and Community Services","detail":"https://classic.savi.org/SAVI/PopUps/AssetMoreInfo.aspx?AssetID=918178"}},{"type":"Feature","geometry":{"type":"Point","coordinates":[-85.68229669,40.09583402]},"properties":{"name":"ASPIRE INDIANA - ANDERSON","assetType":"Case Management","dataYear":"2019","assetId":"917153","subcategory":"Social and Community Services","detail":"https://classic.savi.org/SAVI/PopUps/AssetMoreInfo.aspx?AssetID=917153"}},{"type":"Feature","geometry":{"type":"Point","coordinates":[-85.68258335,40.09583127]},"properties":{"name":"ASPIRE INDIANA - BOLIN BUILDING","assetType":"Case Management","dataYear":"2019","assetId":"917011","subcategory":"Social and Community Services","detail":"https://classic.savi.org/SAVI/PopUps/AssetMoreInfo.aspx?AssetID=917011"}},{"type":"Feature","geometry":{"type":"Point","coordinates":[-86.12041071,39.84271932]},"properties":{"name":"ASPIRE INDIANA - INDIANAPOLIS DEAF SERVICES","assetType":"Case Management","dataYear":"2019","assetId":"917146","subcategory":"Social and Community Services","detail":"https://classic.savi.org/SAVI/PopUps/AssetMoreInfo.aspx?AssetID=917146"}},{"type":"Feature","geometry":{"type":"Point","coordinates":[-86.48687575,40.04879108]},"properties":{"name":"ASPIRE INDIANA - LEBANON","assetType":"Case Management","dataYear":"2019","assetId":"917245","subcategory":"Social and Community Services","detail":"https://classic.savi.org/SAVI/PopUps/AssetMoreInfo.aspx?AssetID=917245"}},{"type":"Feature","geometry":{"type":"Point","coordinates":[-85.99376915,40.04869042]},"properties":{"name":"ASPIRE INDIANA - NOBLESVILLE","assetType":"Case Management","dataYear":"2019","assetId":"917236","subcategory":"Social and Community Services","detail":"https://classic.savi.org/SAVI/PopUps/AssetMoreInfo.aspx?AssetID=917236"}},{"type":"Feature","geometry":{"type":"Point","coordinates":[-86.14792946,39.66533628]},"properties":{"name":"BEACON OF HOPE CRISIS CENTER","assetType":"Case Management","dataYear":"2019","assetId":"917814","subcategory":"Social and Community Services","detail":"https://classic.savi.org/SAVI/PopUps/AssetMoreInfo.aspx?AssetID=917814"}},{"type":"Feature","geometry":{"type":"Point","coordinates":[-86.46829462,40.04390034]},"properties":{"name":"BOONE COUNTY CANCER SOCIETY","assetType":"Case Management","dataYear":"2019","assetId":"921555","subcategory":"Social and Community Services","detail":"https://classic.savi.org/SAVI/PopUps/AssetMoreInfo.aspx?AssetID=921555"}},{"type":"Feature","geometry":{"type":"Point","coordinates":[-86.37312217,39.60572357]},"properties":{"name":"CHILD ADULT RESOURCE SERVICES CARS - MOORESVILLE RESOURCE CENTER","assetType":"Case Management","dataYear":"2019","assetId":"917429","subcategory":"Social and Community Services","detail":"https://classic.savi.org/SAVI/PopUps/AssetMoreInfo.aspx?AssetID=917429"}},{"type":"Feature","geometry":{"type":"Point","coordinates":[-86.37312217,39.60572357]},"properties":{"name":"CHILD ADULT RESOURCE SERVICES CARS - MOORESVILLE RESOURCE CENTER","assetType":"Case Management","dataYear":"2019","assetId":"917428","subcategory":"Social and Community Services","detail":"https://classic.savi.org/SAVI/PopUps/AssetMoreInfo.aspx?AssetID=917428"}},{"type":"Feature","geometry":{"type":"Point","coordinates":[-86.11882492,39.82535104]},"properties":{"name":"CHILDREN S BUREAU - NEIGHBORHOOD ALLIANCE FOR CHILD SAFETY NACS CENTRAL","assetType":"Case Management","dataYear":"2019","assetId":"922279","subcategory":"Social and Community Services","detail":"https://classic.savi.org/SAVI/PopUps/AssetMoreInfo.aspx?AssetID=922279"}},{"type":"Feature","geometry":{"type":"Point","coordinates":[-86.08718449,39.85132686]},"properties":{"name":"CHILDREN S BUREAU - NEIGHBORHOOD ALLIANCE FOR CHILD SAFETY NACS FAR EAST","assetType":"Case Management","dataYear":"2019","assetId":"922217","subcategory":"Social and Community Services","detail":"https://classic.savi.org/SAVI/PopUps/AssetMoreInfo.aspx?AssetID=922217"}},{"type":"Feature","geometry":{"type":"Point","coordinates":[-86.29032437,39.77536843]},"properties":{"name":"CHILDREN S BUREAU - NEIGHBORHOOD ALLIANCE FOR CHILD SAFETY NACS WEST","assetType":"Case Management","dataYear":"2019","assetId":"922281","subcategory":"Social and Community Services","detail":"https://classic.savi.org/SAVI/PopUps/AssetMoreInfo.aspx?AssetID=922281"}},{"type":"Feature","geometry":{"type":"Point","coordinates":[-86.00324717,40.01423636]},"properties":{"name":"CHILDREN S BUREAU - NOBLESVILLE","assetType":"Case Management","dataYear":"2019","assetId":"922221","subcategory":"Social and Community Services","detail":"https://classic.savi.org/SAVI/PopUps/AssetMoreInfo.aspx?AssetID=922221"}},{"type":"Feature","geometry":{"type":"Point","coordinates":[-86.36994337,39.70912396]},"properties":{"name":"CHILDREN S BUREAU - PLAINFIELD","assetType":"Case Management","dataYear":"2019","assetId":"922220","subcategory":"Social and Community Services","detail":"https://classic.savi.org/SAVI/PopUps/AssetMoreInfo.aspx?AssetID=922220"}},{"type":"Feature","geometry":{"type":"Point","coordinates":[-86.20120413,39.7747632]},"properties":{"name":"CHRISTAMORE HOUSE FAMILY AND COMMUNITY CENTER","assetType":"Case Management","dataYear":"2019","assetId":"922107","subcategory":"Social and Community Services","detail":"https://classic.savi.org/SAVI/PopUps/AssetMoreInfo.aspx?AssetID=922107"}},{"type":"Feature","geometry":{"type":"Point","coordinates":[-86.01170847,39.82746745]},"properties":{"name":"COMMUNITY ALLIANCE OF THE FAR EASTSIDE CAF","assetType":"Case Management","dataYear":"2019","assetId":"918751","subcategory":"Social and Community Services","detail":"https://classic.savi.org/SAVI/PopUps/AssetMoreInfo.aspx?AssetID=918751"}},{"type":"Feature","geometry":{"type":"Point","coordinates":[-85.77213352,39.80378423]},"properties":{"name":"COMMUNITY BEHAVIORAL HEALTH HANCOCK COUNTY","assetType":"Case Management","dataYear":"2019","assetId":"921354","subcategory":"Social and Community Services","detail":"https://classic.savi.org/SAVI/PopUps/AssetMoreInfo.aspx?AssetID=921354"}},{"type":"Feature","geometry":{"type":"Point","coordinates":[-86.15969846,39.75008158]},"properties":{"name":"CONCORD NEIGHBORHOOD CENTER","assetType":"Case Management","dataYear":"2019","assetId":"921196","subcategory":"Social and Community Services","detail":"https://classic.savi.org/SAVI/PopUps/AssetMoreInfo.aspx?AssetID=921196"}},{"type":"Feature","geometry":{"type":"Point","coordinates":[-86.15969846,39.75008158]},"properties":{"name":"CONCORD NEIGHBORHOOD CENTER","assetType":"Case Management","dataYear":"2019","assetId":"921197","subcategory":"Social and Community Services","detail":"https://classic.savi.org/SAVI/PopUps/AssetMoreInfo.aspx?AssetID=921197"}},{"type":"Feature","geometry":{"type":"Point","coordinates":[-86.40685552,39.76168598]},"properties":{"name":"CUMMINS BEHAVIORAL HEALTH SYSTEMS - AVON","assetType":"Case Management","dataYear":"2019","assetId":"919966","subcategory":"Social and Community Services","detail":"https://classic.savi.org/SAVI/PopUps/AssetMoreInfo.aspx?AssetID=919966"}},{"type":"Feature","geometry":{"type":"Point","coordinates":[-86.85004955,39.61899858]},"properties":{"name":"CUMMINS BEHAVIORAL HEALTH SYSTEMS - GREENCASTLE","assetType":"Case Management","dataYear":"2019","assetId":"920227","subcategory":"Social and Community Services","detail":"https://classic.savi.org/SAVI/PopUps/AssetMoreInfo.aspx?AssetID=920227"}},{"type":"Feature","geometry":{"type":"Point","coordinates":[-86.16825734,39.78825891]},"properties":{"name":"Children s Bureau Inc","assetType":"Case Management","dataYear":"2019","assetId":"934141","subcategory":"Social and Community Services","detail":"https://classic.savi.org/SAVI/PopUps/AssetMoreInfo.aspx?AssetID=934141"}},{"type":"Feature","geometry":{"type":"Point","coordinates":[-86.13377625,39.76788668]},"properties":{"name":"DAMIEN CENTER","assetType":"Case Management","dataYear":"2019","assetId":"919803","subcategory":"Social and Community Services","detail":"https://classic.savi.org/SAVI/PopUps/AssetMoreInfo.aspx?AssetID=919803"}},{"type":"Feature","geometry":{"type":"Point","coordinates":[-86.12091433,39.84286011]},"properties":{"name":"EASTER SEALS CROSSROADS - DEAF COMMUNITY SERVICES","assetType":"Case Management","dataYear":"2019","assetId":"920402","subcategory":"Social and Community Services","detail":"https://classic.savi.org/SAVI/PopUps/AssetMoreInfo.aspx?AssetID=920402"}},{"type":"Feature","geometry":{"type":"Point","coordinates":[-86.18300487,39.77744769]},"properties":{"name":"ESKENAZI HEALTH - HEALTHY FAMILIES","assetType":"Case Management","dataYear":"2019","assetId":"922409","subcategory":"Social and Community Services","detail":"https://classic.savi.org/SAVI/PopUps/AssetMoreInfo.aspx?AssetID=922409"}},{"type":"Feature","geometry":{"type":"Point","coordinates":[-86.18300487,39.77744769]},"properties":{"name":"ESKENAZI HEALTH - HEALTHY FAMILIES","assetType":"Case Management","dataYear":"2019","assetId":"922408","subcategory":"Social and Community Services","detail":"https://classic.savi.org/SAVI/PopUps/AssetMoreInfo.aspx?AssetID=922408"}},{"type":"Feature","geometry":{"type":"Point","coordinates":[-86.18300487,39.77744769]},"properties":{"name":"ESKENAZI HEALTH - INFECTIOUS DISEASE CLINIC","assetType":"Case Management","dataYear":"2019","assetId":"922444","subcategory":"Social and Community Services","detail":"https://classic.savi.org/SAVI/PopUps/AssetMoreInfo.aspx?AssetID=922444"}},{"type":"Feature","geometry":{"type":"Point","coordinates":[-86.10930999,39.61086508]},"properties":{"name":"FAMILY SERVICES AND PREVENTION PROGRAMS - JOHNSON COUNTY","assetType":"Case Management","dataYear":"2019","assetId":"919809","subcategory":"Social and Community Services","detail":"https://classic.savi.org/SAVI/PopUps/AssetMoreInfo.aspx?AssetID=919809"}},{"type":"Feature","geometry":{"type":"Point","coordinates":[-86.10930999,39.61086508]},"properties":{"name":"FAMILY SERVICES AND PREVENTION PROGRAMS - JOHNSON COUNTY","assetType":"Case Management","dataYear":"2019","assetId":"919808","subcategory":"Social and Community Services","detail":"https://classic.savi.org/SAVI/PopUps/AssetMoreInfo.aspx?AssetID=919808"}},{"type":"Feature","geometry":{"type":"Point","coordinates":[-85.771406,39.50505855]},"properties":{"name":"FAMILY SERVICES AND PREVENTION PROGRAMS - SHELBY COUNTY","assetType":"Case Management","dataYear":"2019","assetId":"919810","subcategory":"Social and Community Services","detail":"https://classic.savi.org/SAVI/PopUps/AssetMoreInfo.aspx?AssetID=919810"}},{"type":"Feature","geometry":{"type":"Point","coordinates":[-85.771406,39.50505855]},"properties":{"name":"FAMILY SERVICES AND PREVENTION PROGRAMS - SHELBY COUNTY","assetType":"Case Management","dataYear":"2019","assetId":"919811","subcategory":"Social and Community Services","detail":"https://classic.savi.org/SAVI/PopUps/AssetMoreInfo.aspx?AssetID=919811"}},{"type":"Feature","geometry":{"type":"Point","coordinates":[-86.17027103,39.80159246]},"properties":{"name":"FLANNER HOUSE OF INDIANAPOLIS","assetType":"Case Management","dataYear":"2019","assetId":"919473","subcategory":"Social and Community Services","detail":"https://classic.savi.org/SAVI/PopUps/AssetMoreInfo.aspx?AssetID=919473"}},{"type":"Feature","geometry":{"type":"Point","coordinates":[-86.26526554,39.87554011]},"properties":{"name":"GOODWILL OF CENTRAL & SOUTHERN INDIANA- NURSE-FAMILY PARTNERSHIP","assetType":"Case Management","dataYear":"2019","assetId":"918788","subcategory":"Social and Community Services","detail":"https://classic.savi.org/SAVI/PopUps/AssetMoreInfo.aspx?AssetID=918788"}},{"type":"Feature","geometry":{"type":"Point","coordinates":[-86.21613954,39.80167269]},"properties":{"name":"HARBOR LIGHT CENTER THE SALVATION ARMY","assetType":"Case Management","dataYear":"2019","assetId":"918610","subcategory":"Social and Community Services","detail":"https://classic.savi.org/SAVI/PopUps/AssetMoreInfo.aspx?AssetID=918610"}},{"type":"Feature","geometry":{"type":"Point","coordinates":[-86.20166779,39.76743222]},"properties":{"name":"HAWTHORNE COMMUNITY CENTER","assetType":"Case Management","dataYear":"2019","assetId":"918422","subcategory":"Social and Community Services","detail":"https://classic.savi.org/SAVI/PopUps/AssetMoreInfo.aspx?AssetID=918422"}},{"type":"Feature","geometry":{"type":"Point","coordinates":[-86.15717919,39.79152139]},"properties":{"name":"HEALTHNET HOMELESS INITIATIVE PROGRAM HIP","assetType":"Case Management","dataYear":"2019","assetId":"918589","subcategory":"Social and Community Services","detail":"https://classic.savi.org/SAVI/PopUps/AssetMoreInfo.aspx?AssetID=918589"}},{"type":"Feature","geometry":{"type":"Point","coordinates":[-86.15717919,39.79152139]},"properties":{"name":"HEALTHNET HOMELESS INITIATIVE PROGRAM HIP","assetType":"Case Management","dataYear":"2019","assetId":"918588","subcategory":"Social and Community Services","detail":"https://classic.savi.org/SAVI/PopUps/AssetMoreInfo.aspx?AssetID=918588"}},{"type":"Feature","geometry":{"type":"Point","coordinates":[-86.13933304,39.75459711]},"properties":{"name":"HEALTHNET SOUTHEAST HEALTH AND DENTAL CENTER","assetType":"Case Management","dataYear":"2019","assetId":"918596","subcategory":"Social and Community Services","detail":"https://classic.savi.org/SAVI/PopUps/AssetMoreInfo.aspx?AssetID=918596"}},{"type":"Feature","geometry":{"type":"Point","coordinates":[-86.13933304,39.75459711]},"properties":{"name":"HEALTHNET SOUTHEAST HEALTH AND DENTAL CENTER","assetType":"Case Management","dataYear":"2019","assetId":"918595","subcategory":"Social and Community Services","detail":"https://classic.savi.org/SAVI/PopUps/AssetMoreInfo.aspx?AssetID=918595"}},{"type":"Feature","geometry":{"type":"Point","coordinates":[-86.12129118,39.84173144]},"properties":{"name":"HEALTHY FAMILIES MARION COUNTY HEALTH DEPARTMENT - MARION 4","assetType":"Case Management","dataYear":"2019","assetId":"921763","subcategory":"Social and Community Services","detail":"https://classic.savi.org/SAVI/PopUps/AssetMoreInfo.aspx?AssetID=921763"}},{"type":"Feature","geometry":{"type":"Point","coordinates":[-86.12129118,39.84173144]},"properties":{"name":"HEALTHY FAMILIES MARION COUNTY HEALTH DEPARTMENT - MARION 4","assetType":"Case Management","dataYear":"2019","assetId":"921703","subcategory":"Social and Community Services","detail":"https://classic.savi.org/SAVI/PopUps/AssetMoreInfo.aspx?AssetID=921703"}},{"type":"Feature","geometry":{"type":"Point","coordinates":[-86.52322041,39.75700956]},"properties":{"name":"HENDRICKS COUNTY HEALTH DEPARTMENT","assetType":"Case Management","dataYear":"2019","assetId":"918578","subcategory":"Social and Community Services","detail":"https://classic.savi.org/SAVI/PopUps/AssetMoreInfo.aspx?AssetID=918578"}},{"type":"Feature","geometry":{"type":"Point","coordinates":[-86.52322041,39.75700956]},"properties":{"name":"HENDRICKS COUNTY HEALTH DEPARTMENT","assetType":"Case Management","dataYear":"2019","assetId":"918577","subcategory":"Social and Community Services","detail":"https://classic.savi.org/SAVI/PopUps/AssetMoreInfo.aspx?AssetID=918577"}},{"type":"Feature","geometry":{"type":"Point","coordinates":[-86.15620964,39.78103129]},"properties":{"name":"HOOSIER VETERANS ASSISTANCE FOUNDATION HVAF","assetType":"Case Management","dataYear":"2019","assetId":"920502","subcategory":"Social and Community Services","detail":"https://classic.savi.org/SAVI/PopUps/AssetMoreInfo.aspx?AssetID=920502"}},{"type":"Feature","geometry":{"type":"Point","coordinates":[-86.13944954,39.76657632]},"properties":{"name":"HORIZON HOUSE","assetType":"Case Management","dataYear":"2019","assetId":"922032","subcategory":"Social and Community Services","detail":"https://classic.savi.org/SAVI/PopUps/AssetMoreInfo.aspx?AssetID=922032"}},{"type":"Feature","geometry":{"type":"Point","coordinates":[-86.13944954,39.76657632]},"properties":{"name":"HORIZON HOUSE","assetType":"Case Management","dataYear":"2019","assetId":"921937","subcategory":"Social and Community Services","detail":"https://classic.savi.org/SAVI/PopUps/AssetMoreInfo.aspx?AssetID=921937"}},{"type":"Feature","geometry":{"type":"Point","coordinates":[-86.15651392,39.80441448]},"properties":{"name":"INDIANA CONNECTED BY 25","assetType":"Case Management","dataYear":"2019","assetId":"919459","subcategory":"Social and Community Services","detail":"https://classic.savi.org/SAVI/PopUps/AssetMoreInfo.aspx?AssetID=919459"}},{"type":"Feature","geometry":{"type":"Point","coordinates":[-86.16130212,39.78875691]},"properties":{"name":"INDIANA UNIVERSITY HEALTH METHODIST MEDICAL TOWER","assetType":"Case Management","dataYear":"2019","assetId":"922006","subcategory":"Social and Community Services","detail":"https://classic.savi.org/SAVI/PopUps/AssetMoreInfo.aspx?AssetID=922006"}},{"type":"Feature","geometry":{"type":"Point","coordinates":[-86.16130212,39.78875691]},"properties":{"name":"INDIANA UNIVERSITY HEALTH METHODIST MEDICAL TOWER","assetType":"Case Management","dataYear":"2019","assetId":"921968","subcategory":"Social and Community Services","detail":"https://classic.savi.org/SAVI/PopUps/AssetMoreInfo.aspx?AssetID=921968"}},{"type":"Feature","geometry":{"type":"Point","coordinates":[-86.07572666,39.91342191]},"properties":{"name":"INTECARE","assetType":"Case Management","dataYear":"2019","assetId":"919611","subcategory":"Social and Community Services","detail":"https://classic.savi.org/SAVI/PopUps/AssetMoreInfo.aspx?AssetID=919611"}},{"type":"Feature","geometry":{"type":"Point","coordinates":[-86.12315795,39.78155671]},"properties":{"name":"JOHN BONER NEIGHBORHOOD CENTERS","assetType":"Case Management","dataYear":"2019","assetId":"917586","subcategory":"Social and Community Services","detail":"https://classic.savi.org/SAVI/PopUps/AssetMoreInfo.aspx?AssetID=917586"}},{"type":"Feature","geometry":{"type":"Point","coordinates":[-86.12315795,39.78155671]},"properties":{"name":"JOHN BONER NEIGHBORHOOD CENTERS","assetType":"Case Management","dataYear":"2019","assetId":"917210","subcategory":"Social and Community Services","detail":"https://classic.savi.org/SAVI/PopUps/AssetMoreInfo.aspx?AssetID=917210"}},{"type":"Feature","geometry":{"type":"Point","coordinates":[-86.05425096,39.48073267]},"properties":{"name":"JOHNSON MEMORIAL HEALTH - ASSIST","assetType":"Case Management","dataYear":"2019","assetId":"922509","subcategory":"Social and Community Services","detail":"https://classic.savi.org/SAVI/PopUps/AssetMoreInfo.aspx?AssetID=922509"}},{"type":"Feature","geometry":{"type":"Point","coordinates":[-86.0622041,39.47363501]},"properties":{"name":"KIDS IN CRISIS - INTERVENTION TEAM KIC-IT","assetType":"Case Management","dataYear":"2019","assetId":"920169","subcategory":"Social and Community Services","detail":"https://classic.savi.org/SAVI/PopUps/AssetMoreInfo.aspx?AssetID=920169"}},{"type":"Feature","geometry":{"type":"Point","coordinates":[-86.01170847,39.82746745]},"properties":{"name":"LA PLAZA","assetType":"Case Management","dataYear":"2019","assetId":"920618","subcategory":"Social and Community Services","detail":"https://classic.savi.org/SAVI/PopUps/AssetMoreInfo.aspx?AssetID=920618"}},{"type":"Feature","geometry":{"type":"Point","coordinates":[-86.15173132,39.80621771]},"properties":{"name":"LATINO COALITION AGAINST DOMESTIC AND SEXUAL VIOLENCE","assetType":"Case Management","dataYear":"2019","assetId":"918728","subcategory":"Social and Community Services","detail":"https://classic.savi.org/SAVI/PopUps/AssetMoreInfo.aspx?AssetID=918728"}},{"type":"Feature","geometry":{"type":"Point","coordinates":[-86.19465994,39.7511725]},"properties":{"name":"MARY RIGG NEIGHBORHOOD CENTER","assetType":"Case Management","dataYear":"2019","assetId":"919864","subcategory":"Social and Community Services","detail":"https://classic.savi.org/SAVI/PopUps/AssetMoreInfo.aspx?AssetID=919864"}},{"type":"Feature","geometry":{"type":"Point","coordinates":[-86.12112729,39.77187552]},"properties":{"name":"OUTREACH INC","assetType":"Case Management","dataYear":"2019","assetId":"922258","subcategory":"Social and Community Services","detail":"https://classic.savi.org/SAVI/PopUps/AssetMoreInfo.aspx?AssetID=922258"}},{"type":"Feature","geometry":{"type":"Point","coordinates":[-86.1320807,39.96426217]},"properties":{"name":"PRIMELIFE ENRICHMENT","assetType":"Case Management","dataYear":"2019","assetId":"918685","subcategory":"Social and Community Services","detail":"https://classic.savi.org/SAVI/PopUps/AssetMoreInfo.aspx?AssetID=918685"}},{"type":"Feature","geometry":{"type":"Point","coordinates":[-86.11976288,39.80829122]},"properties":{"name":"PUBLIC ADVOCATES IN COMMUNITY RE-ENTRY PACE","assetType":"Case Management","dataYear":"2019","assetId":"918170","subcategory":"Social and Community Services","detail":"https://classic.savi.org/SAVI/PopUps/AssetMoreInfo.aspx?AssetID=918170"}},{"type":"Feature","geometry":{"type":"Point","coordinates":[-86.11976288,39.80829122]},"properties":{"name":"PUBLIC ADVOCATES IN COMMUNITY RE-ENTRY PACE","assetType":"Case Management","dataYear":"2019","assetId":"918105","subcategory":"Social and Community Services","detail":"https://classic.savi.org/SAVI/PopUps/AssetMoreInfo.aspx?AssetID=918105"}},{"type":"Feature","geometry":{"type":"Point","coordinates":[-86.18754543,39.77962892]},"properties":{"name":"RICHARD L ROUDEBUSH VETERANS AFFAIRS MEDICAL CENTER VAMC","assetType":"Case Management","dataYear":"2019","assetId":"917853","subcategory":"Social and Community Services","detail":"https://classic.savi.org/SAVI/PopUps/AssetMoreInfo.aspx?AssetID=917853"}},{"type":"Feature","geometry":{"type":"Point","coordinates":[-86.18754543,39.77962892]},"properties":{"name":"RICHARD L ROUDEBUSH VETERANS AFFAIRS MEDICAL CENTER VAMC","assetType":"Case Management","dataYear":"2019","assetId":"917826","subcategory":"Social and Community Services","detail":"https://classic.savi.org/SAVI/PopUps/AssetMoreInfo.aspx?AssetID=917826"}},{"type":"Feature","geometry":{"type":"Point","coordinates":[-85.68060525,40.0962344]},"properties":{"name":"SAINT VINCENT ANDERSON REGIONAL","assetType":"Case Management","dataYear":"2019","assetId":"919380","subcategory":"Social and Community Services","detail":"https://classic.savi.org/SAVI/PopUps/AssetMoreInfo.aspx?AssetID=919380"}},{"type":"Feature","geometry":{"type":"Point","coordinates":[-85.68060525,40.0962344]},"properties":{"name":"SAINT VINCENT ANDERSON REGIONAL","assetType":"Case Management","dataYear":"2019","assetId":"919209","subcategory":"Social and Community Services","detail":"https://classic.savi.org/SAVI/PopUps/AssetMoreInfo.aspx?AssetID=919209"}},{"type":"Feature","geometry":{"type":"Point","coordinates":[-86.13933304,39.75459711]},"properties":{"name":"SOUTHEAST COMMUNITY SERVICES","assetType":"Case Management","dataYear":"2019","assetId":"917601","subcategory":"Social and Community Services","detail":"https://classic.savi.org/SAVI/PopUps/AssetMoreInfo.aspx?AssetID=917601"}},{"type":"Feature","geometry":{"type":"Point","coordinates":[-86.15788488,39.77905781]},"properties":{"name":"STEP UP SERVICES TRAINING EDUCATION AND PREVENTION","assetType":"Case Management","dataYear":"2019","assetId":"920878","subcategory":"Social and Community Services","detail":"https://classic.savi.org/SAVI/PopUps/AssetMoreInfo.aspx?AssetID=920878"}},{"type":"Feature","geometry":{"type":"Point","coordinates":[-86.12315795,39.78155671]},"properties":{"name":"STOPOVER","assetType":"Case Management","dataYear":"2019","assetId":"921719","subcategory":"Social and Community Services","detail":"https://classic.savi.org/SAVI/PopUps/AssetMoreInfo.aspx?AssetID=921719"}},{"type":"Feature","geometry":{"type":"Point","coordinates":[-86.01434363,40.04175465]},"properties":{"name":"THE VILLAGES - HAMILTON COUNTY HEALTHY FAMILIES OFFICE","assetType":"Case Management","dataYear":"2019","assetId":"922563","subcategory":"Social and Community Services","detail":"https://classic.savi.org/SAVI/PopUps/AssetMoreInfo.aspx?AssetID=922563"}},{"type":"Feature","geometry":{"type":"Point","coordinates":[-86.01434363,40.04175465]},"properties":{"name":"THE VILLAGES - HAMILTON COUNTY HEALTHY FAMILIES OFFICE","assetType":"Case Management","dataYear":"2019","assetId":"922564","subcategory":"Social and Community Services","detail":"https://classic.savi.org/SAVI/PopUps/AssetMoreInfo.aspx?AssetID=922564"}},{"type":"Feature","geometry":{"type":"Point","coordinates":[-85.7854575,39.78389761]},"properties":{"name":"THE VILLAGES - HANCOCK COUNTY HEALTHY FAMILIES OFFICE","assetType":"Case Management","dataYear":"2019","assetId":"922568","subcategory":"Social and Community Services","detail":"https://classic.savi.org/SAVI/PopUps/AssetMoreInfo.aspx?AssetID=922568"}},{"type":"Feature","geometry":{"type":"Point","coordinates":[-85.7854575,39.78389761]},"properties":{"name":"THE VILLAGES - HANCOCK COUNTY HEALTHY FAMILIES OFFICE","assetType":"Case Management","dataYear":"2019","assetId":"922567","subcategory":"Social and Community Services","detail":"https://classic.savi.org/SAVI/PopUps/AssetMoreInfo.aspx?AssetID=922567"}},{"type":"Feature","geometry":{"type":"Point","coordinates":[-86.15671567,39.8255663]},"properties":{"name":"THE VILLAGES - MARION COUNTY MOM PROJECT","assetType":"Case Management","dataYear":"2019","assetId":"922474","subcategory":"Social and Community Services","detail":"https://classic.savi.org/SAVI/PopUps/AssetMoreInfo.aspx?AssetID=922474"}},{"type":"Feature","geometry":{"type":"Point","coordinates":[-86.15671567,39.8255663]},"properties":{"name":"THE VILLAGES - MARION COUNTY MOM PROJECT","assetType":"Case Management","dataYear":"2019","assetId":"922473","subcategory":"Social and Community Services","detail":"https://classic.savi.org/SAVI/PopUps/AssetMoreInfo.aspx?AssetID=922473"}},{"type":"Feature","geometry":{"type":"Point","coordinates":[-86.04746698,39.78080525]},"properties":{"name":"VOLUNTEERS OF AMERICA","assetType":"Case Management","dataYear":"2019","assetId":"921346","subcategory":"Social and Community Services","detail":"https://classic.savi.org/SAVI/PopUps/AssetMoreInfo.aspx?AssetID=921346"}},{"type":"Feature","geometry":{"type":"Point","coordinates":[-86.04746698,39.78080525]},"properties":{"name":"VOLUNTEERS OF AMERICA","assetType":"Case Management","dataYear":"2019","assetId":"921345","subcategory":"Social and Community Services","detail":"https://classic.savi.org/SAVI/PopUps/AssetMoreInfo.aspx?AssetID=921345"}},{"type":"Feature","geometry":{"type":"Point","coordinates":[-86.12315795,39.78155671]},"properties":{"name":"JOHN BONER NEIGHBORHOOD CENTERS","assetType":"Economic Self Sufficiency Programs","dataYear":"2018","assetId":"917392","subcategory":"Social and Community Services","detail":"https://classic.savi.org/SAVI/PopUps/AssetMoreInfo.aspx?AssetID=917392"}},{"type":"Feature","geometry":{"type":"Point","coordinates":[-86.19465994,39.7511725]},"properties":{"name":"MARY RIGG NEIGHBORHOOD CENTER","assetType":"Economic Self Sufficiency Programs","dataYear":"2018","assetId":"919865","subcategory":"Social and Community Services","detail":"https://classic.savi.org/SAVI/PopUps/AssetMoreInfo.aspx?AssetID=919865"}},{"type":"Feature","geometry":{"type":"Point","coordinates":[-86.01323702,40.03641868]},"properties":{"name":"PREVAIL","assetType":"Economic Self Sufficiency Programs","dataYear":"2018","assetId":"917901","subcategory":"Social and Community Services","detail":"https://classic.savi.org/SAVI/PopUps/AssetMoreInfo.aspx?AssetID=917901"}},{"type":"Feature","geometry":{"type":"Point","coordinates":[-86.14724496,39.76673556]},"properties":{"name":"ADULT AND CHILD - EAST WASHINGTON STREET","assetType":"Family Preservation Programs","dataYear":"2018","assetId":"917416","subcategory":"Social and Community Services","detail":"https://classic.savi.org/SAVI/PopUps/AssetMoreInfo.aspx?AssetID=917416"}},{"type":"Feature","geometry":{"type":"Point","coordinates":[-86.07463028,39.47852699]},"properties":{"name":"ADULT AND CHILD - FRANKLIN","assetType":"Family Preservation Programs","dataYear":"2018","assetId":"917344","subcategory":"Social and Community Services","detail":"https://classic.savi.org/SAVI/PopUps/AssetMoreInfo.aspx?AssetID=917344"}},{"type":"Feature","geometry":{"type":"Point","coordinates":[-85.68229669,40.09583402]},"properties":{"name":"ASPIRE INDIANA - ANDERSON","assetType":"Family Preservation Programs","dataYear":"2018","assetId":"917154","subcategory":"Social and Community Services","detail":"https://classic.savi.org/SAVI/PopUps/AssetMoreInfo.aspx?AssetID=917154"}},{"type":"Feature","geometry":{"type":"Point","coordinates":[-86.48687575,40.04879108]},"properties":{"name":"ASPIRE INDIANA - LEBANON","assetType":"Family Preservation Programs","dataYear":"2018","assetId":"917246","subcategory":"Social and Community Services","detail":"https://classic.savi.org/SAVI/PopUps/AssetMoreInfo.aspx?AssetID=917246"}},{"type":"Feature","geometry":{"type":"Point","coordinates":[-85.99376915,40.04869042]},"properties":{"name":"ASPIRE INDIANA - NOBLESVILLE","assetType":"Family Preservation Programs","dataYear":"2018","assetId":"917148","subcategory":"Social and Community Services","detail":"https://classic.savi.org/SAVI/PopUps/AssetMoreInfo.aspx?AssetID=917148"}},{"type":"Feature","geometry":{"type":"Point","coordinates":[-86.44161885,39.4037522]},"properties":{"name":"CENTERSTONE - MARTINSVILLE OUTPATIENT OFFICE","assetType":"Family Preservation Programs","dataYear":"2018","assetId":"917018","subcategory":"Social and Community Services","detail":"https://classic.savi.org/SAVI/PopUps/AssetMoreInfo.aspx?AssetID=917018"}},{"type":"Feature","geometry":{"type":"Point","coordinates":[-86.22685911,39.20773146]},"properties":{"name":"CENTERSTONE - NASHVILLE OUTPATIENT OFFICE","assetType":"Family Preservation Programs","dataYear":"2018","assetId":"916944","subcategory":"Social and Community Services","detail":"https://classic.savi.org/SAVI/PopUps/AssetMoreInfo.aspx?AssetID=916944"}},{"type":"Feature","geometry":{"type":"Point","coordinates":[-86.11882492,39.82535104]},"properties":{"name":"CHILDREN S BUREAU - NEIGHBORHOOD ALLIANCE FOR CHILD SAFETY NACS CENTRAL","assetType":"Family Preservation Programs","dataYear":"2018","assetId":"922280","subcategory":"Social and Community Services","detail":"https://classic.savi.org/SAVI/PopUps/AssetMoreInfo.aspx?AssetID=922280"}},{"type":"Feature","geometry":{"type":"Point","coordinates":[-86.08718449,39.85132686]},"properties":{"name":"CHILDREN S BUREAU - NEIGHBORHOOD ALLIANCE FOR CHILD SAFETY NACS FAR EAST","assetType":"Family Preservation Programs","dataYear":"2018","assetId":"922218","subcategory":"Social and Community Services","detail":"https://classic.savi.org/SAVI/PopUps/AssetMoreInfo.aspx?AssetID=922218"}},{"type":"Feature","geometry":{"type":"Point","coordinates":[-86.29032437,39.77536843]},"properties":{"name":"CHILDREN S BUREAU - NEIGHBORHOOD ALLIANCE FOR CHILD SAFETY NACS WEST","assetType":"Family Preservation Programs","dataYear":"2018","assetId":"922223","subcategory":"Social and Community Services","detail":"https://classic.savi.org/SAVI/PopUps/AssetMoreInfo.aspx?AssetID=922223"}},{"type":"Feature","geometry":{"type":"Point","coordinates":[-86.00324717,40.01423636]},"properties":{"name":"CHILDREN S BUREAU - NOBLESVILLE","assetType":"Family Preservation Programs","dataYear":"2018","assetId":"922222","subcategory":"Social and Community Services","detail":"https://classic.savi.org/SAVI/PopUps/AssetMoreInfo.aspx?AssetID=922222"}},{"type":"Feature","geometry":{"type":"Point","coordinates":[-86.36994337,39.70912396]},"properties":{"name":"CHILDREN S BUREAU - PLAINFIELD","assetType":"Family Preservation Programs","dataYear":"2018","assetId":"922219","subcategory":"Social and Community Services","detail":"https://classic.savi.org/SAVI/PopUps/AssetMoreInfo.aspx?AssetID=922219"}},{"type":"Feature","geometry":{"type":"Point","coordinates":[-85.77213352,39.80378423]},"properties":{"name":"COMMUNITY BEHAVIORAL HEALTH HANCOCK COUNTY","assetType":"Family Preservation Programs","dataYear":"2018","assetId":"921353","subcategory":"Social and Community Services","detail":"https://classic.savi.org/SAVI/PopUps/AssetMoreInfo.aspx?AssetID=921353"}},{"type":"Feature","geometry":{"type":"Point","coordinates":[-85.776483,39.52194454]},"properties":{"name":"COMMUNITY BEHAVIORAL HEALTH SHELBY COUNTY","assetType":"Family Preservation Programs","dataYear":"2018","assetId":"921515","subcategory":"Social and Community Services","detail":"https://classic.savi.org/SAVI/PopUps/AssetMoreInfo.aspx?AssetID=921515"}},{"type":"Feature","geometry":{"type":"Point","coordinates":[-86.40685552,39.76168598]},"properties":{"name":"CUMMINS BEHAVIORAL HEALTH SYSTEMS - AVON","assetType":"Family Preservation Programs","dataYear":"2018","assetId":"920173","subcategory":"Social and Community Services","detail":"https://classic.savi.org/SAVI/PopUps/AssetMoreInfo.aspx?AssetID=920173"}},{"type":"Feature","geometry":{"type":"Point","coordinates":[-86.85004955,39.61899858]},"properties":{"name":"CUMMINS BEHAVIORAL HEALTH SYSTEMS - GREENCASTLE","assetType":"Family Preservation Programs","dataYear":"2018","assetId":"920226","subcategory":"Social and Community Services","detail":"https://classic.savi.org/SAVI/PopUps/AssetMoreInfo.aspx?AssetID=920226"}},{"type":"Feature","geometry":{"type":"Point","coordinates":[-85.69334335,40.10231094]},"properties":{"name":"Children s Bureau Exchange Club Family Resource Center","assetType":"Family Support Centers and Outreach","dataYear":"2019","assetId":"934127","subcategory":"Social and Community Services","detail":"https://classic.savi.org/SAVI/PopUps/AssetMoreInfo.aspx?AssetID=934127"}},{"type":"Feature","geometry":{"type":"Point","coordinates":[-86.0741136,39.90437328]},"properties":{"name":"IARCCA - AN ASSOCIATION OF CHILDREN AND FAMILY SERVICES","assetType":"Foster Homes for Dependent Children","dataYear":"2013","assetId":"798365","subcategory":"Social and Community Services","detail":"https://classic.savi.org/SAVI/PopUps/AssetMoreInfo.aspx?AssetID=798365"}},{"type":"Feature","geometry":{"type":"Point","coordinates":[-86.22704443,39.90944758]},"properties":{"name":"Family and Community Services St Vincent Health","assetType":"Group Homes for Children and Youth with Disabilities","dataYear":"2011","assetId":"696425","subcategory":"Social and Community Services","detail":"https://classic.savi.org/SAVI/PopUps/AssetMoreInfo.aspx?AssetID=696425"}},{"type":"Feature","geometry":{"type":"Point","coordinates":[-86.07860965,39.52558739]},"properties":{"name":"Gateway Services Johnson County ARC - Community Living Services","assetType":"Group Homes for Children and Youth with Disabilities","dataYear":"2011","assetId":"691904","subcategory":"Social and Community Services","detail":"https://classic.savi.org/SAVI/PopUps/AssetMoreInfo.aspx?AssetID=691904"}},{"type":"Feature","geometry":{"type":"Point","coordinates":[-86.22704443,39.90944758]},"properties":{"name":"St Vincent New Hope - Group Homes and Supported Living Program","assetType":"Group Homes for Children and Youth with Disabilities","dataYear":"2011","assetId":"696426","subcategory":"Social and Community Services","detail":"https://classic.savi.org/SAVI/PopUps/AssetMoreInfo.aspx?AssetID=696426"}},{"type":"Feature","geometry":{"type":"Point","coordinates":[-86.15217556,39.77558255]},"properties":{"name":"EVAN S HOUSE GROUP HOME CHILDREN S BUREAU","assetType":"Group Homes for Dependent Children","dataYear":"2013","assetId":"800168","subcategory":"Social and Community Services","detail":"https://classic.savi.org/SAVI/PopUps/AssetMoreInfo.aspx?AssetID=800168"}},{"type":"Feature","geometry":{"type":"Point","coordinates":[-86.12191535,39.84238843]},"properties":{"name":"Dawn Project Choices","assetType":"Intensive Family Reunification Services","dataYear":"2007","assetId":"625969","subcategory":"Social and Community Services","detail":"https://classic.savi.org/SAVI/PopUps/AssetMoreInfo.aspx?AssetID=625969"}},{"type":"Feature","geometry":{"type":"Point","coordinates":[-86.11892414,39.82532417]},"properties":{"name":"PASSAGES Children s Bureau","assetType":"Intensive Family Reunification Services","dataYear":"2007","assetId":"623699","subcategory":"Social and Community Services","detail":"https://classic.savi.org/SAVI/PopUps/AssetMoreInfo.aspx?AssetID=623699"}},{"type":"Feature","geometry":{"type":"Point","coordinates":[-86.15650879,39.80440691]},"properties":{"name":"Connected By 25","assetType":"Other Family Support Services","dataYear":"2016","assetId":"839475","subcategory":"Social and Community Services","detail":"https://classic.savi.org/SAVI/PopUps/AssetMoreInfo.aspx?AssetID=839475"}},{"type":"Feature","geometry":{"type":"Point","coordinates":[-86.12990444,39.81083611]},"properties":{"name":"Back to School Carnival 2007 IPS","assetType":"School Integrated Service","dataYear":"2007","assetId":"626652","subcategory":"Social and Community Services","detail":"https://classic.savi.org/SAVI/PopUps/AssetMoreInfo.aspx?AssetID=626652"}},{"type":"Feature","geometry":{"type":"Point","coordinates":[-86.15671009,39.82590096]},"properties":{"name":"Bridges to Success","assetType":"School Integrated Service","dataYear":"2007","assetId":"624871","subcategory":"Social and Community Services","detail":"https://classic.savi.org/SAVI/PopUps/AssetMoreInfo.aspx?AssetID=624871"}},{"type":"Feature","geometry":{"type":"Point","coordinates":[-86.15719,39.793512]},"properties":{"name":"Relationship Violence Relationship Respect Julian Center The","assetType":"School Integrated Service","dataYear":"2007","assetId":"625603","subcategory":"Social and Community Services","detail":"https://classic.savi.org/SAVI/PopUps/AssetMoreInfo.aspx?AssetID=625603"}},{"type":"Feature","geometry":{"type":"Point","coordinates":[-86.06334736,39.49064047]},"properties":{"name":"KIC-IT","assetType":"Street Outreach Programs","dataYear":"2019","assetId":"934133","subcategory":"Social and Community Services","detail":"https://classic.savi.org/SAVI/PopUps/AssetMoreInfo.aspx?AssetID=934133"}},{"type":"Feature","geometry":{"type":"Point","coordinates":[-86.45182802,40.03148152]},"properties":{"name":"Boone County Dept of Child Services - Foster Care","assetType":"Foster Care For Dependent Children","dataYear":"2007","assetId":"623491","subcategory":"Social and Community Services","detail":"https://classic.savi.org/SAVI/PopUps/AssetMoreInfo.aspx?AssetID=623491"}},{"type":"Feature","geometry":{"type":"Point","coordinates":[-86.11892414,39.82532417]},"properties":{"name":"Children s Bureau - Therapeutic Specialized Foster Care","assetType":"Foster Care For Dependent Children","dataYear":"2007","assetId":"624819","subcategory":"Social and Community Services","detail":"https://classic.savi.org/SAVI/PopUps/AssetMoreInfo.aspx?AssetID=624819"}},{"type":"Feature","geometry":{"type":"Point","coordinates":[-86.0115984,40.05436514]},"properties":{"name":"Hamilton County Dept of Child Services - Foster Care","assetType":"Foster Care For Dependent Children","dataYear":"2007","assetId":"623550","subcategory":"Social and Community Services","detail":"https://classic.savi.org/SAVI/PopUps/AssetMoreInfo.aspx?AssetID=623550"}},{"type":"Feature","geometry":{"type":"Point","coordinates":[-85.7733851,39.79917484]},"properties":{"name":"Hancock County Dept of Child Services - Foster Care","assetType":"Foster Care For Dependent Children","dataYear":"2007","assetId":"623926","subcategory":"Social and Community Services","detail":"https://classic.savi.org/SAVI/PopUps/AssetMoreInfo.aspx?AssetID=623926"}},{"type":"Feature","geometry":{"type":"Point","coordinates":[-86.40385421,39.7620467]},"properties":{"name":"Hendricks County Dept of Child Services - Foster Placement","assetType":"Foster Care For Dependent Children","dataYear":"2007","assetId":"623936","subcategory":"Social and Community Services","detail":"https://classic.savi.org/SAVI/PopUps/AssetMoreInfo.aspx?AssetID=623936"}},{"type":"Feature","geometry":{"type":"Point","coordinates":[-86.15769053,39.9172878]},"properties":{"name":"Indiana Mentor - Foster Care","assetType":"Foster Care For Dependent Children","dataYear":"2007","assetId":"625145","subcategory":"Social and Community Services","detail":"https://classic.savi.org/SAVI/PopUps/AssetMoreInfo.aspx?AssetID=625145"}},{"type":"Feature","geometry":{"type":"Point","coordinates":[-86.02443051,39.48116817]},"properties":{"name":"Johnson County Dept of Child Services - Foster Care","assetType":"Foster Care For Dependent Children","dataYear":"2007","assetId":"623565","subcategory":"Social and Community Services","detail":"https://classic.savi.org/SAVI/PopUps/AssetMoreInfo.aspx?AssetID=623565"}},{"type":"Feature","geometry":{"type":"Point","coordinates":[-86.16929075,39.78296527]},"properties":{"name":"Marion County DCS - Foster Care","assetType":"Foster Care For Dependent Children","dataYear":"2007","assetId":"626275","subcategory":"Social and Community Services","detail":"https://classic.savi.org/SAVI/PopUps/AssetMoreInfo.aspx?AssetID=626275"}},{"type":"Feature","geometry":{"type":"Point","coordinates":[-86.44336865,39.40677621]},"properties":{"name":"Morgan County Dept of Child Services - Foster Care","assetType":"Foster Care For Dependent Children","dataYear":"2007","assetId":"624198","subcategory":"Social and Community Services","detail":"https://classic.savi.org/SAVI/PopUps/AssetMoreInfo.aspx?AssetID=624198"}},{"type":"Feature","geometry":{"type":"Point","coordinates":[-85.74140517,39.51688198]},"properties":{"name":"Shelby County Dept of Child Resources - Foster Care","assetType":"Foster Care For Dependent Children","dataYear":"2007","assetId":"624323","subcategory":"Social and Community Services","detail":"https://classic.savi.org/SAVI/PopUps/AssetMoreInfo.aspx?AssetID=624323"}},{"type":"Feature","geometry":{"type":"Point","coordinates":[-86.05413594,39.73062498]},"properties":{"name":"Southeastern Children s Home HH","assetType":"Foster Care For Dependent Children","dataYear":"2007","assetId":"624399","subcategory":"Social and Community Services","detail":"https://classic.savi.org/SAVI/PopUps/AssetMoreInfo.aspx?AssetID=624399"}},{"type":"Feature","geometry":{"type":"Point","coordinates":[-86.12072637,39.84296464]},"properties":{"name":"Therapeutic Foster Care Indiana Youth Advocate Program","assetType":"Foster Care For Dependent Children","dataYear":"2007","assetId":"625227","subcategory":"Social and Community Services","detail":"https://classic.savi.org/SAVI/PopUps/AssetMoreInfo.aspx?AssetID=625227"}},{"type":"Feature","geometry":{"type":"Point","coordinates":[-86.14724496,39.76673556]},"properties":{"name":"ADULT AND CHILD - EAST WASHINGTON STREET","assetType":"Foster Parent/Family Recruitment","dataYear":"2018","assetId":"917417","subcategory":"Social and Community Services","detail":"https://classic.savi.org/SAVI/PopUps/AssetMoreInfo.aspx?AssetID=917417"}},{"type":"Feature","geometry":{"type":"Point","coordinates":[-86.07098151,39.8845731]},"properties":{"name":"BETHANY CHRISTIAN SERVICES","assetType":"Foster Parent/Family Recruitment","dataYear":"2018","assetId":"922631","subcategory":"Social and Community Services","detail":"https://classic.savi.org/SAVI/PopUps/AssetMoreInfo.aspx?AssetID=922631"}},{"type":"Feature","geometry":{"type":"Point","coordinates":[-86.11882492,39.82535104]},"properties":{"name":"CHILDREN S BUREAU - FAY BICCARD GLICK FAMILY PLACE","assetType":"Foster Parent/Family Recruitment","dataYear":"2018","assetId":"922282","subcategory":"Social and Community Services","detail":"https://classic.savi.org/SAVI/PopUps/AssetMoreInfo.aspx?AssetID=922282"}},{"type":"Feature","geometry":{"type":"Point","coordinates":[-86.30282761,39.67440458]},"properties":{"name":"DAMAR SERVICES","assetType":"Foster Parent/Family Recruitment","dataYear":"2018","assetId":"919856","subcategory":"Social and Community Services","detail":"https://classic.savi.org/SAVI/PopUps/AssetMoreInfo.aspx?AssetID=919856"}},{"type":"Feature","geometry":{"type":"Point","coordinates":[-86.4717652,40.0609367]},"properties":{"name":"DEPARTMENT OF CHILD SERVICES DCS - BOONE COUNTY","assetType":"Foster Parent/Family Recruitment","dataYear":"2018","assetId":"918301","subcategory":"Social and Community Services","detail":"https://classic.savi.org/SAVI/PopUps/AssetMoreInfo.aspx?AssetID=918301"}},{"type":"Feature","geometry":{"type":"Point","coordinates":[-86.2456641,39.20853166]},"properties":{"name":"DEPARTMENT OF CHILD SERVICES DCS - BROWN COUNTY","assetType":"Foster Parent/Family Recruitment","dataYear":"2018","assetId":"918484","subcategory":"Social and Community Services","detail":"https://classic.savi.org/SAVI/PopUps/AssetMoreInfo.aspx?AssetID=918484"}},{"type":"Feature","geometry":{"type":"Point","coordinates":[-86.01114724,40.05441138]},"properties":{"name":"DEPARTMENT OF CHILD SERVICES DCS - HAMILTON COUNTY","assetType":"Foster Parent/Family Recruitment","dataYear":"2018","assetId":"918396","subcategory":"Social and Community Services","detail":"https://classic.savi.org/SAVI/PopUps/AssetMoreInfo.aspx?AssetID=918396"}},{"type":"Feature","geometry":{"type":"Point","coordinates":[-85.7692108,39.78560586]},"properties":{"name":"DEPARTMENT OF CHILD SERVICES DCS - HANCOCK COUNTY","assetType":"Foster Parent/Family Recruitment","dataYear":"2018","assetId":"918300","subcategory":"Social and Community Services","detail":"https://classic.savi.org/SAVI/PopUps/AssetMoreInfo.aspx?AssetID=918300"}},{"type":"Feature","geometry":{"type":"Point","coordinates":[-86.40500161,39.7618562]},"properties":{"name":"DEPARTMENT OF CHILD SERVICES DCS - HENDRICKS COUNTY","assetType":"Foster Parent/Family Recruitment","dataYear":"2018","assetId":"918395","subcategory":"Social and Community Services","detail":"https://classic.savi.org/SAVI/PopUps/AssetMoreInfo.aspx?AssetID=918395"}},{"type":"Feature","geometry":{"type":"Point","coordinates":[-86.02443144,39.48118624]},"properties":{"name":"DEPARTMENT OF CHILD SERVICES DCS - JOHNSON COUNTY","assetType":"Foster Parent/Family Recruitment","dataYear":"2018","assetId":"918391","subcategory":"Social and Community Services","detail":"https://classic.savi.org/SAVI/PopUps/AssetMoreInfo.aspx?AssetID=918391"}},{"type":"Feature","geometry":{"type":"Point","coordinates":[-85.67588328,40.106611]},"properties":{"name":"DEPARTMENT OF CHILD SERVICES DCS - MADISON COUNTY","assetType":"Foster Parent/Family Recruitment","dataYear":"2018","assetId":"918485","subcategory":"Social and Community Services","detail":"https://classic.savi.org/SAVI/PopUps/AssetMoreInfo.aspx?AssetID=918485"}},{"type":"Feature","geometry":{"type":"Point","coordinates":[-86.12196726,39.83118604]},"properties":{"name":"DEPARTMENT OF CHILD SERVICES DCS - MARION COUNTY - MAINSCAPE","assetType":"Foster Parent/Family Recruitment","dataYear":"2018","assetId":"918494","subcategory":"Social and Community Services","detail":"https://classic.savi.org/SAVI/PopUps/AssetMoreInfo.aspx?AssetID=918494"}},{"type":"Feature","geometry":{"type":"Point","coordinates":[-86.27644189,39.80248202]},"properties":{"name":"DEPARTMENT OF CHILD SERVICES DCS - MARION COUNTY WEST","assetType":"Foster Parent/Family Recruitment","dataYear":"2018","assetId":"918291","subcategory":"Social and Community Services","detail":"https://classic.savi.org/SAVI/PopUps/AssetMoreInfo.aspx?AssetID=918291"}},{"type":"Feature","geometry":{"type":"Point","coordinates":[-86.4434118,39.40673991]},"properties":{"name":"DEPARTMENT OF CHILD SERVICES DCS - MORGAN COUNTY","assetType":"Foster Parent/Family Recruitment","dataYear":"2018","assetId":"918548","subcategory":"Social and Community Services","detail":"https://classic.savi.org/SAVI/PopUps/AssetMoreInfo.aspx?AssetID=918548"}},{"type":"Feature","geometry":{"type":"Point","coordinates":[-86.83375284,39.65011386]},"properties":{"name":"DEPARTMENT OF CHILD SERVICES DCS - PUTNAM COUNTY","assetType":"Foster Parent/Family Recruitment","dataYear":"2018","assetId":"918542","subcategory":"Social and Community Services","detail":"https://classic.savi.org/SAVI/PopUps/AssetMoreInfo.aspx?AssetID=918542"}},{"type":"Feature","geometry":{"type":"Point","coordinates":[-85.74235807,39.51693517]},"properties":{"name":"DEPARTMENT OF CHILD SERVICES DCS - SHELBY COUNTY","assetType":"Foster Parent/Family Recruitment","dataYear":"2018","assetId":"918544","subcategory":"Social and Community Services","detail":"https://classic.savi.org/SAVI/PopUps/AssetMoreInfo.aspx?AssetID=918544"}},{"type":"Feature","geometry":{"type":"Point","coordinates":[-86.12129118,39.84173144]},"properties":{"name":"NATIONAL YOUTH ADVOCATE PROGRAM - INDIANA","assetType":"Foster Parent/Family Recruitment","dataYear":"2018","assetId":"921929","subcategory":"Social and Community Services","detail":"https://classic.savi.org/SAVI/PopUps/AssetMoreInfo.aspx?AssetID=921929"}},{"type":"Feature","geometry":{"type":"Point","coordinates":[-86.11632869,39.86824363]},"properties":{"name":"SAFE FAMILIES FOR CHILDREN - CENTRAL INDIANA","assetType":"Foster Parent/Family Recruitment","dataYear":"2018","assetId":"917767","subcategory":"Social and Community Services","detail":"https://classic.savi.org/SAVI/PopUps/AssetMoreInfo.aspx?AssetID=917767"}},{"type":"Feature","geometry":{"type":"Point","coordinates":[-86.15671567,39.8255663]},"properties":{"name":"THE VILLAGES - CENTRAL INDIANA","assetType":"Foster Parent/Family Recruitment","dataYear":"2018","assetId":"922570","subcategory":"Social and Community Services","detail":"https://classic.savi.org/SAVI/PopUps/AssetMoreInfo.aspx?AssetID=922570"}},{"type":"Feature","geometry":{"type":"Point","coordinates":[-86.05918333,39.89078267]},"properties":{"name":"WHITE S RESIDENTIAL AND FAMILY SERVICES - INDIANAPOLIS","assetType":"Foster Parent/Family Recruitment","dataYear":"2018","assetId":"922373","subcategory":"Social and Community Services","detail":"https://classic.savi.org/SAVI/PopUps/AssetMoreInfo.aspx?AssetID=922373"}},{"type":"Feature","geometry":{"type":"Point","coordinates":[-86.15217556,39.77558255]},"properties":{"name":"EVAN S HOUSE GROUP HOME CHILDREN S BUREAU","assetType":"Group Homes For Dependent Children","dataYear":"2013","assetId":"800167","subcategory":"Social and Community Services","detail":"https://classic.savi.org/SAVI/PopUps/AssetMoreInfo.aspx?AssetID=800167"}},{"type":"Feature","geometry":{"type":"Point","coordinates":[-86.04836213,39.48111415]},"properties":{"name":"Children s Visitation Center Youth Connections","assetType":"Parental Visitation Monitoring","dataYear":"2007","assetId":"625358","subcategory":"Social and Community Services","detail":"https://classic.savi.org/SAVI/PopUps/AssetMoreInfo.aspx?AssetID=625358"}},{"type":"Feature","geometry":{"type":"Point","coordinates":[-86.00781342,39.85243909]},"properties":{"name":"KidsVoice - Parent Child Visitation","assetType":"Parental Visitation Monitoring","dataYear":"2007","assetId":"625109","subcategory":"Social and Community Services","detail":"https://classic.savi.org/SAVI/PopUps/AssetMoreInfo.aspx?AssetID=625109"}},{"type":"Feature","geometry":{"type":"Point","coordinates":[-86.07032729,39.50985056]},"properties":{"name":"United Way of Johnson County - Christmas Angels HH 2007","assetType":"Christmas Assistance","dataYear":"2007","assetId":"625098","subcategory":"Social and Community Services","detail":"https://classic.savi.org/SAVI/PopUps/AssetMoreInfo.aspx?AssetID=625098"}},{"type":"Feature","geometry":{"type":"Point","coordinates":[-86.20148183,39.77492423]},"properties":{"name":"Christamore House Family & Comm - Christmas Assistance","assetType":"Christmas Programs","dataYear":"2011","assetId":"694048","subcategory":"Social and Community Services","detail":"https://classic.savi.org/SAVI/PopUps/AssetMoreInfo.aspx?AssetID=694048"}},{"type":"Feature","geometry":{"type":"Point","coordinates":[-86.03679434,39.48393661]},"properties":{"name":"Christmas Dinner Grace UMC","assetType":"Christmas Programs","dataYear":"2011","assetId":"696327","subcategory":"Social and Community Services","detail":"https://classic.savi.org/SAVI/PopUps/AssetMoreInfo.aspx?AssetID=696327"}},{"type":"Feature","geometry":{"type":"Point","coordinates":[-85.768387,39.78631]},"properties":{"name":"Christmas Gift Lift Ring Out Hope MHA - Hancock Co","assetType":"Christmas Programs","dataYear":"2011","assetId":"694042","subcategory":"Social and Community Services","detail":"https://classic.savi.org/SAVI/PopUps/AssetMoreInfo.aspx?AssetID=694042"}},{"type":"Feature","geometry":{"type":"Point","coordinates":[-86.37476721,39.61249684]},"properties":{"name":"Churches in Mission - Christmas Shop","assetType":"Christmas Programs","dataYear":"2011","assetId":"694992","subcategory":"Social and Community Services","detail":"https://classic.savi.org/SAVI/PopUps/AssetMoreInfo.aspx?AssetID=694992"}},{"type":"Feature","geometry":{"type":"Point","coordinates":[-86.15107145,39.41616445]},"properties":{"name":"Lord s Locker Christmas Food Giveaway","assetType":"Christmas Programs","dataYear":"2011","assetId":"695019","subcategory":"Social and Community Services","detail":"https://classic.savi.org/SAVI/PopUps/AssetMoreInfo.aspx?AssetID=695019"}},{"type":"Feature","geometry":{"type":"Point","coordinates":[-86.11042214,39.61216202]},"properties":{"name":"Salvation Army Samaritan Services - Christmas Assistance","assetType":"Christmas Programs","dataYear":"2011","assetId":"694054","subcategory":"Social and Community Services","detail":"https://classic.savi.org/SAVI/PopUps/AssetMoreInfo.aspx?AssetID=694054"}},{"type":"Feature","geometry":{"type":"Point","coordinates":[-85.76952559,39.78354819]},"properties":{"name":"Shop With a Cop - Hancock County","assetType":"Christmas Programs","dataYear":"2011","assetId":"696541","subcategory":"Social and Community Services","detail":"https://classic.savi.org/SAVI/PopUps/AssetMoreInfo.aspx?AssetID=696541"}},{"type":"Feature","geometry":{"type":"Point","coordinates":[-86.07032729,39.50985056]},"properties":{"name":"Toys For Tots Johnson County","assetType":"Christmas Programs","dataYear":"2011","assetId":"695369","subcategory":"Social and Community Services","detail":"https://classic.savi.org/SAVI/PopUps/AssetMoreInfo.aspx?AssetID=695369"}},{"type":"Feature","geometry":{"type":"Point","coordinates":[-86.50192278,39.76763402]},"properties":{"name":"Unitarian Universalist Community Church-Christmas Dinner","assetType":"Christmas Programs","dataYear":"2011","assetId":"694069","subcategory":"Social and Community Services","detail":"https://classic.savi.org/SAVI/PopUps/AssetMoreInfo.aspx?AssetID=694069"}},{"type":"Feature","geometry":{"type":"Point","coordinates":[-86.07032729,39.50985056]},"properties":{"name":"United Way of Johnson County - Christmas Angels","assetType":"Christmas Programs","dataYear":"2011","assetId":"693431","subcategory":"Social and Community Services","detail":"https://classic.savi.org/SAVI/PopUps/AssetMoreInfo.aspx?AssetID=693431"}},{"type":"Feature","geometry":{"type":"Point","coordinates":[-86.14850635,39.76844033]},"properties":{"name":"Wheeler Mission Ministries - Christmas Breakfast","assetType":"Christmas Programs","dataYear":"2011","assetId":"693539","subcategory":"Social and Community Services","detail":"https://classic.savi.org/SAVI/PopUps/AssetMoreInfo.aspx?AssetID=693539"}},{"type":"Feature","geometry":{"type":"Point","coordinates":[-86.50192278,39.76763402]},"properties":{"name":"Hendricks County Free Thanksgiving Dinner 2010","assetType":"Holiday Assistance","dataYear":"2011","assetId":"695022","subcategory":"Social and Community Services","detail":"https://classic.savi.org/SAVI/PopUps/AssetMoreInfo.aspx?AssetID=695022"}},{"type":"Feature","geometry":{"type":"Point","coordinates":[-86.15107145,39.41616445]},"properties":{"name":"Lord s Locker Christmas Food Giveaway","assetType":"Holiday Assistance","dataYear":"2011","assetId":"695018","subcategory":"Social and Community Services","detail":"https://classic.savi.org/SAVI/PopUps/AssetMoreInfo.aspx?AssetID=695018"}},{"type":"Feature","geometry":{"type":"Point","coordinates":[-86.19485659,39.75134952]},"properties":{"name":"Mary Rigg Neighborhood Center - Holiday Assistance 2010","assetType":"Holiday Assistance","dataYear":"2011","assetId":"694315","subcategory":"Social and Community Services","detail":"https://classic.savi.org/SAVI/PopUps/AssetMoreInfo.aspx?AssetID=694315"}},{"type":"Feature","geometry":{"type":"Point","coordinates":[-85.77406091,39.52454825]},"properties":{"name":"Salvation Army Shelby County - Thanksgiving Dinner","assetType":"Holiday Assistance","dataYear":"2011","assetId":"694066","subcategory":"Social and Community Services","detail":"https://classic.savi.org/SAVI/PopUps/AssetMoreInfo.aspx?AssetID=694066"}},{"type":"Feature","geometry":{"type":"Point","coordinates":[-86.50192278,39.76763402]},"properties":{"name":"Unitarian Universalist Community Church-Christmas Dinner","assetType":"Holiday Assistance","dataYear":"2011","assetId":"694070","subcategory":"Social and Community Services","detail":"https://classic.savi.org/SAVI/PopUps/AssetMoreInfo.aspx?AssetID=694070"}},{"type":"Feature","geometry":{"type":"Point","coordinates":[-86.07032729,39.50985056]},"properties":{"name":"United Way of Johnson County - Christmas Angels","assetType":"Holiday Assistance","dataYear":"2011","assetId":"693430","subcategory":"Social and Community Services","detail":"https://classic.savi.org/SAVI/PopUps/AssetMoreInfo.aspx?AssetID=693430"}},{"type":"Feature","geometry":{"type":"Point","coordinates":[-86.14868911,39.99920968]},"properties":{"name":"MERCIFUL HELP CENTER","assetType":"Holiday Donations","dataYear":"2018","assetId":"922316","subcategory":"Social and Community Services","detail":"https://classic.savi.org/SAVI/PopUps/AssetMoreInfo.aspx?AssetID=922316"}},{"type":"Feature","geometry":{"type":"Point","coordinates":[-86.14868911,39.99920968]},"properties":{"name":"MERCIFUL HELP CENTER","assetType":"Holiday Donations","dataYear":"2018","assetId":"922317","subcategory":"Social and Community Services","detail":"https://classic.savi.org/SAVI/PopUps/AssetMoreInfo.aspx?AssetID=922317"}},{"type":"Feature","geometry":{"type":"Point","coordinates":[-86.1561614,39.78546998]},"properties":{"name":"Cathedral Kitchen - Thanksgiving Brunch & Dinner","assetType":"Thanksgiving Assistance","dataYear":"2011","assetId":"695713","subcategory":"Social and Community Services","detail":"https://classic.savi.org/SAVI/PopUps/AssetMoreInfo.aspx?AssetID=695713"}},{"type":"Feature","geometry":{"type":"Point","coordinates":[-85.8491766,39.93459918]},"properties":{"name":"First UMC - Thanksgiving Dinner","assetType":"Thanksgiving Assistance","dataYear":"2011","assetId":"695712","subcategory":"Social and Community Services","detail":"https://classic.savi.org/SAVI/PopUps/AssetMoreInfo.aspx?AssetID=695712"}},{"type":"Feature","geometry":{"type":"Point","coordinates":[-86.13652458,39.77102219]},"properties":{"name":"Hope International Ministries - Coats Clothing Food & Toys","assetType":"Thanksgiving Assistance","dataYear":"2011","assetId":"696343","subcategory":"Social and Community Services","detail":"https://classic.savi.org/SAVI/PopUps/AssetMoreInfo.aspx?AssetID=696343"}},{"type":"Feature","geometry":{"type":"Point","coordinates":[-86.046353,39.847197]},"properties":{"name":"Lawrence UMC Thanksgiving Dinner","assetType":"Thanksgiving Assistance","dataYear":"2011","assetId":"695711","subcategory":"Social and Community Services","detail":"https://classic.savi.org/SAVI/PopUps/AssetMoreInfo.aspx?AssetID=695711"}},{"type":"Feature","geometry":{"type":"Point","coordinates":[-86.38220181,39.72018533]},"properties":{"name":"Thanksgiving Dinner - Plainfield Christian Church","assetType":"Thanksgiving Assistance","dataYear":"2011","assetId":"695703","subcategory":"Social and Community Services","detail":"https://classic.savi.org/SAVI/PopUps/AssetMoreInfo.aspx?AssetID=695703"}},{"type":"Feature","geometry":{"type":"Point","coordinates":[-86.06618363,39.48179449]},"properties":{"name":"Thanksgiving Dinner Johnson County - Interchurch","assetType":"Thanksgiving Assistance","dataYear":"2011","assetId":"695694","subcategory":"Social and Community Services","detail":"https://classic.savi.org/SAVI/PopUps/AssetMoreInfo.aspx?AssetID=695694"}},{"type":"Feature","geometry":{"type":"Point","coordinates":[-86.08327218,39.83383135]},"properties":{"name":"Turkey Giveaway - True Care Academy","assetType":"Thanksgiving Assistance","dataYear":"2011","assetId":"695701","subcategory":"Social and Community Services","detail":"https://classic.savi.org/SAVI/PopUps/AssetMoreInfo.aspx?AssetID=695701"}},{"type":"Feature","geometry":{"type":"Point","coordinates":[-86.15419444,39.77044611]},"properties":{"name":"Wheeler Mission Ministries - Thanksgiving Lunch","assetType":"Thanksgiving Assistance","dataYear":"2011","assetId":"694043","subcategory":"Social and Community Services","detail":"https://classic.savi.org/SAVI/PopUps/AssetMoreInfo.aspx?AssetID=694043"}},{"type":"Feature","geometry":{"type":"Point","coordinates":[-86.00790947,40.06505639]},"properties":{"name":"White River Christian Church - Thanksgiving Dinner","assetType":"Thanksgiving Assistance","dataYear":"2011","assetId":"694820","subcategory":"Social and Community Services","detail":"https://classic.savi.org/SAVI/PopUps/AssetMoreInfo.aspx?AssetID=694820"}},{"type":"Feature","geometry":{"type":"Point","coordinates":[-85.99935344,39.97635048]},"properties":{"name":"GOOD SAMARITAN NETWORK GSN","assetType":"Thanksgiving Baskets","dataYear":"2017","assetId":"896862","subcategory":"Social and Community Services","detail":"https://classic.savi.org/SAVI/PopUps/AssetMoreInfo.aspx?AssetID=896862"}},{"type":"Feature","geometry":{"type":"Point","coordinates":[-86.50192278,39.76763402]},"properties":{"name":"Hendricks County Senior Services - In-Home Assistance","assetType":"General In-Home Assistance","dataYear":"2007","assetId":"624922","subcategory":"Social and Community Services","detail":"https://classic.savi.org/SAVI/PopUps/AssetMoreInfo.aspx?AssetID=624922"}},{"type":"Feature","geometry":{"type":"Point","coordinates":[-86.405478,39.859809]},"properties":{"name":"Interfaith Volunteer Caregivers Faith in Action","assetType":"General In-Home Assistance","dataYear":"2007","assetId":"624398","subcategory":"Social and Community Services","detail":"https://classic.savi.org/SAVI/PopUps/AssetMoreInfo.aspx?AssetID=624398"}},{"type":"Feature","geometry":{"type":"Point","coordinates":[-86.15691731,39.81495038]},"properties":{"name":"COMMUNITY ACTION OF GREATER INDIANAPOLIS CAGI - MERIDIAN STREET","assetType":"Home Maintenance Services","dataYear":"2013","assetId":"798793","subcategory":"Social and Community Services","detail":"https://classic.savi.org/SAVI/PopUps/AssetMoreInfo.aspx?AssetID=798793"}},{"type":"Feature","geometry":{"type":"Point","coordinates":[-85.7665043,39.78548449]},"properties":{"name":"HANCOCK COUNTY SENIOR SERVICES","assetType":"Home Maintenance Services","dataYear":"2013","assetId":"798209","subcategory":"Social and Community Services","detail":"https://classic.savi.org/SAVI/PopUps/AssetMoreInfo.aspx?AssetID=798209"}},{"type":"Feature","geometry":{"type":"Point","coordinates":[-86.153257,39.801737]},"properties":{"name":"KING PARK AREA DEVELOPMENT CORPORATION","assetType":"Home Maintenance Services","dataYear":"2013","assetId":"796572","subcategory":"Social and Community Services","detail":"https://classic.savi.org/SAVI/PopUps/AssetMoreInfo.aspx?AssetID=796572"}},{"type":"Feature","geometry":{"type":"Point","coordinates":[-85.77928777,39.80409527]},"properties":{"name":"LOVE IN THE NAME OF CHRIST LOVE INC OF GREATER HANCOCK COUNTY","assetType":"Home Maintenance Services","dataYear":"2013","assetId":"797329","subcategory":"Social and Community Services","detail":"https://classic.savi.org/SAVI/PopUps/AssetMoreInfo.aspx?AssetID=797329"}},{"type":"Feature","geometry":{"type":"Point","coordinates":[-86.14463267,40.00023183]},"properties":{"name":"MERCIFUL HELP CENTER","assetType":"Home Maintenance Services","dataYear":"2013","assetId":"796655","subcategory":"Social and Community Services","detail":"https://classic.savi.org/SAVI/PopUps/AssetMoreInfo.aspx?AssetID=796655"}},{"type":"Feature","geometry":{"type":"Point","coordinates":[-86.01486249,40.04266377]},"properties":{"name":"SHEPHERD S CENTER OF HAMILTON COUNTY","assetType":"Home Maintenance Services","dataYear":"2013","assetId":"798864","subcategory":"Social and Community Services","detail":"https://classic.savi.org/SAVI/PopUps/AssetMoreInfo.aspx?AssetID=798864"}},{"type":"Feature","geometry":{"type":"Point","coordinates":[-86.47341269,40.07978307]},"properties":{"name":"BOONE COUNTY SENIOR SERVICES","assetType":"Homemaker Assistance","dataYear":"2018","assetId":"919424","subcategory":"Social and Community Services","detail":"https://classic.savi.org/SAVI/PopUps/AssetMoreInfo.aspx?AssetID=919424"}},{"type":"Feature","geometry":{"type":"Point","coordinates":[-85.77416748,39.81222621]},"properties":{"name":"HANCOCK COUNTY SENIOR SERVICES","assetType":"Homemaker Assistance","dataYear":"2018","assetId":"918622","subcategory":"Social and Community Services","detail":"https://classic.savi.org/SAVI/PopUps/AssetMoreInfo.aspx?AssetID=918622"}},{"type":"Feature","geometry":{"type":"Point","coordinates":[-86.5019261,39.76763039]},"properties":{"name":"HENDRICKS COUNTY SENIOR SERVICES","assetType":"Homemaker Assistance","dataYear":"2018","assetId":"918302","subcategory":"Social and Community Services","detail":"https://classic.savi.org/SAVI/PopUps/AssetMoreInfo.aspx?AssetID=918302"}},{"type":"Feature","geometry":{"type":"Point","coordinates":[-86.15992842,39.83891448]},"properties":{"name":"HERITAGE PLACE OF INDIANAPOLIS","assetType":"Homemaker Assistance","dataYear":"2018","assetId":"918403","subcategory":"Social and Community Services","detail":"https://classic.savi.org/SAVI/PopUps/AssetMoreInfo.aspx?AssetID=918403"}},{"type":"Feature","geometry":{"type":"Point","coordinates":[-86.12637206,39.8683854]},"properties":{"name":"INDIANA WOMEN IN NEED IWIN","assetType":"Homemaker Assistance","dataYear":"2018","assetId":"919824","subcategory":"Social and Community Services","detail":"https://classic.savi.org/SAVI/PopUps/AssetMoreInfo.aspx?AssetID=919824"}},{"type":"Feature","geometry":{"type":"Point","coordinates":[-86.47556933,40.04571218]},"properties":{"name":"LOVE IN THE NAME OF CHRIST LOVE INC OF GREATER BOONE COUNTY","assetType":"Homemaker Assistance","dataYear":"2018","assetId":"919837","subcategory":"Social and Community Services","detail":"https://classic.savi.org/SAVI/PopUps/AssetMoreInfo.aspx?AssetID=919837"}},{"type":"Feature","geometry":{"type":"Point","coordinates":[-85.77875949,39.80392218]},"properties":{"name":"LOVE IN THE NAME OF CHRIST LOVE INC OF GREATER HANCOCK COUNTY","assetType":"Homemaker Assistance","dataYear":"2018","assetId":"921006","subcategory":"Social and Community Services","detail":"https://classic.savi.org/SAVI/PopUps/AssetMoreInfo.aspx?AssetID=921006"}},{"type":"Feature","geometry":{"type":"Point","coordinates":[-86.01497348,40.04265126]},"properties":{"name":"SHEPHERD S CENTER OF HAMILTON COUNTY","assetType":"Homemaker Assistance","dataYear":"2018","assetId":"917607","subcategory":"Social and Community Services","detail":"https://classic.savi.org/SAVI/PopUps/AssetMoreInfo.aspx?AssetID=917607"}},{"type":"Feature","geometry":{"type":"Point","coordinates":[-86.2276888,39.91509776]},"properties":{"name":"United Service Organization","assetType":"Social Services for Military Personnel","dataYear":"2007","assetId":"634343","subcategory":"Social and Community Services","detail":"https://classic.savi.org/SAVI/PopUps/AssetMoreInfo.aspx?AssetID=634343"}},{"type":"Feature","geometry":{"type":"Point","coordinates":[-86.00914518,39.77838009]},"properties":{"name":"WARREN TOWNSHIP TRUSTEE MARION COUNTY","assetType":"Computers","dataYear":"2012","assetId":"786535","subcategory":"Social and Community Services","detail":"https://classic.savi.org/SAVI/PopUps/AssetMoreInfo.aspx?AssetID=786535"}},{"type":"Feature","geometry":{"type":"Point","coordinates":[-86.12191535,39.84238843]},"properties":{"name":"Children Cope with Divorce Visiting Nurse Service","assetType":"Co-Parenting Workshops","dataYear":"2007","assetId":"624172","subcategory":"Social and Community Services","detail":"https://classic.savi.org/SAVI/PopUps/AssetMoreInfo.aspx?AssetID=624172"}},{"type":"Feature","geometry":{"type":"Point","coordinates":[-86.04836213,39.48111415]},"properties":{"name":"Families in Transition Youth Connections","assetType":"Co-Parenting Workshops","dataYear":"2007","assetId":"623767","subcategory":"Social and Community Services","detail":"https://classic.savi.org/SAVI/PopUps/AssetMoreInfo.aspx?AssetID=623767"}},{"type":"Feature","geometry":{"type":"Point","coordinates":[-86.15740048,39.78580834]},"properties":{"name":"Family Growth Program - Children of Divorce Catholic Charities","assetType":"Co-Parenting Workshops","dataYear":"2007","assetId":"623799","subcategory":"Social and Community Services","detail":"https://classic.savi.org/SAVI/PopUps/AssetMoreInfo.aspx?AssetID=623799"}},{"type":"Feature","geometry":{"type":"Point","coordinates":[-86.16029797,39.91262332]},"properties":{"name":"St Luke s Singles - Divorce Recovery Workshops SLUMC","assetType":"Co-Parenting Workshops","dataYear":"2007","assetId":"626203","subcategory":"Social and Community Services","detail":"https://classic.savi.org/SAVI/PopUps/AssetMoreInfo.aspx?AssetID=626203"}},{"type":"Feature","geometry":{"type":"Point","coordinates":[-86.11892414,39.82532417]},"properties":{"name":"Children s Bureau - Expectant Parent Services","assetType":"Expectant/New Parent Assistance","dataYear":"2007","assetId":"624820","subcategory":"Social and Community Services","detail":"https://classic.savi.org/SAVI/PopUps/AssetMoreInfo.aspx?AssetID=624820"}},{"type":"Feature","geometry":{"type":"Point","coordinates":[-86.11299641,39.81087536]},"properties":{"name":"BRIGHTWOOD COMMUNITY CENTER","assetType":"General Parenting Education","dataYear":"2018","assetId":"918240","subcategory":"Social and Community Services","detail":"https://classic.savi.org/SAVI/PopUps/AssetMoreInfo.aspx?AssetID=918240"}},{"type":"Feature","geometry":{"type":"Point","coordinates":[-86.3620535,39.60513224]},"properties":{"name":"CARE NET PREGNANCY CENTERS OF CENTRAL INDIANA - MOORESVILLE","assetType":"General Parenting Education","dataYear":"2018","assetId":"921610","subcategory":"Social and Community Services","detail":"https://classic.savi.org/SAVI/PopUps/AssetMoreInfo.aspx?AssetID=921610"}},{"type":"Feature","geometry":{"type":"Point","coordinates":[-86.07516032,39.55037995]},"properties":{"name":"CARE NET PREGNANCY CENTERS OF CENTRAL INDIANA - WHITELAND","assetType":"General Parenting Education","dataYear":"2018","assetId":"921659","subcategory":"Social and Community Services","detail":"https://classic.savi.org/SAVI/PopUps/AssetMoreInfo.aspx?AssetID=921659"}},{"type":"Feature","geometry":{"type":"Point","coordinates":[-86.37312217,39.60572357]},"properties":{"name":"CHILD ADULT RESOURCE SERVICES CARS - MOORESVILLE RESOURCE CENTER","assetType":"General Parenting Education","dataYear":"2018","assetId":"917427","subcategory":"Social and Community Services","detail":"https://classic.savi.org/SAVI/PopUps/AssetMoreInfo.aspx?AssetID=917427"}},{"type":"Feature","geometry":{"type":"Point","coordinates":[-86.00324717,40.01423636]},"properties":{"name":"CHILDREN S BUREAU - NOBLESVILLE","assetType":"General Parenting Education","dataYear":"2018","assetId":"918872","subcategory":"Social and Community Services","detail":"https://classic.savi.org/SAVI/PopUps/AssetMoreInfo.aspx?AssetID=918872"}},{"type":"Feature","geometry":{"type":"Point","coordinates":[-86.18300487,39.77744769]},"properties":{"name":"ESKENAZI HEALTH - HEALTHY FAMILIES","assetType":"General Parenting Education","dataYear":"2018","assetId":"922407","subcategory":"Social and Community Services","detail":"https://classic.savi.org/SAVI/PopUps/AssetMoreInfo.aspx?AssetID=922407"}},{"type":"Feature","geometry":{"type":"Point","coordinates":[-86.1518549,39.77605246]},"properties":{"name":"FAMILIES FIRST - CENTRAL OFFICE","assetType":"General Parenting Education","dataYear":"2018","assetId":"919719","subcategory":"Social and Community Services","detail":"https://classic.savi.org/SAVI/PopUps/AssetMoreInfo.aspx?AssetID=919719"}},{"type":"Feature","geometry":{"type":"Point","coordinates":[-85.78642954,39.78405298]},"properties":{"name":"FAMILIES UNITED FOR SUPPORT AND ENCOURAGEMENT FUSE","assetType":"General Parenting Education","dataYear":"2018","assetId":"921271","subcategory":"Social and Community Services","detail":"https://classic.savi.org/SAVI/PopUps/AssetMoreInfo.aspx?AssetID=921271"}},{"type":"Feature","geometry":{"type":"Point","coordinates":[-86.10930999,39.61086508]},"properties":{"name":"FAMILY SERVICES AND PREVENTION PROGRAMS - JOHNSON COUNTY","assetType":"General Parenting Education","dataYear":"2018","assetId":"919807","subcategory":"Social and Community Services","detail":"https://classic.savi.org/SAVI/PopUps/AssetMoreInfo.aspx?AssetID=919807"}},{"type":"Feature","geometry":{"type":"Point","coordinates":[-85.771406,39.50505855]},"properties":{"name":"FAMILY SERVICES AND PREVENTION PROGRAMS - SHELBY COUNTY","assetType":"General Parenting Education","dataYear":"2018","assetId":"919709","subcategory":"Social and Community Services","detail":"https://classic.savi.org/SAVI/PopUps/AssetMoreInfo.aspx?AssetID=919709"}},{"type":"Feature","geometry":{"type":"Point","coordinates":[-86.15870631,39.8074398]},"properties":{"name":"FATHERS AND FAMILIES CENTER","assetType":"General Parenting Education","dataYear":"2018","assetId":"920042","subcategory":"Social and Community Services","detail":"https://classic.savi.org/SAVI/PopUps/AssetMoreInfo.aspx?AssetID=920042"}},{"type":"Feature","geometry":{"type":"Point","coordinates":[-85.69195514,40.13278443]},"properties":{"name":"FIRST CHOICE FOR WOMEN -ANDERSON AND MADISON COUNTY","assetType":"General Parenting Education","dataYear":"2018","assetId":"919481","subcategory":"Social and Community Services","detail":"https://classic.savi.org/SAVI/PopUps/AssetMoreInfo.aspx?AssetID=919481"}},{"type":"Feature","geometry":{"type":"Point","coordinates":[-86.13933304,39.75459711]},"properties":{"name":"HEALTHNET SOUTHEAST HEALTH AND DENTAL CENTER","assetType":"General Parenting Education","dataYear":"2018","assetId":"918594","subcategory":"Social and Community Services","detail":"https://classic.savi.org/SAVI/PopUps/AssetMoreInfo.aspx?AssetID=918594"}},{"type":"Feature","geometry":{"type":"Point","coordinates":[-86.12129118,39.84173144]},"properties":{"name":"HEALTHY FAMILIES MARION COUNTY HEALTH DEPARTMENT - MARION 4","assetType":"General Parenting Education","dataYear":"2018","assetId":"921702","subcategory":"Social and Community Services","detail":"https://classic.savi.org/SAVI/PopUps/AssetMoreInfo.aspx?AssetID=921702"}},{"type":"Feature","geometry":{"type":"Point","coordinates":[-86.52322041,39.75700956]},"properties":{"name":"HENDRICKS COUNTY HEALTH DEPARTMENT","assetType":"General Parenting Education","dataYear":"2018","assetId":"918579","subcategory":"Social and Community Services","detail":"https://classic.savi.org/SAVI/PopUps/AssetMoreInfo.aspx?AssetID=918579"}},{"type":"Feature","geometry":{"type":"Point","coordinates":[-86.15670599,39.82310107]},"properties":{"name":"INDIANA YOUTH GROUP","assetType":"General Parenting Education","dataYear":"2018","assetId":"921497","subcategory":"Social and Community Services","detail":"https://classic.savi.org/SAVI/PopUps/AssetMoreInfo.aspx?AssetID=921497"}},{"type":"Feature","geometry":{"type":"Point","coordinates":[-86.12089914,39.82970004]},"properties":{"name":"INDIANAPOLIS HEALTHY START","assetType":"General Parenting Education","dataYear":"2018","assetId":"918870","subcategory":"Social and Community Services","detail":"https://classic.savi.org/SAVI/PopUps/AssetMoreInfo.aspx?AssetID=918870"}},{"type":"Feature","geometry":{"type":"Point","coordinates":[-86.12089914,39.82970004]},"properties":{"name":"INDIANAPOLIS HEALTHY START","assetType":"General Parenting Education","dataYear":"2018","assetId":"921537","subcategory":"Social and Community Services","detail":"https://classic.savi.org/SAVI/PopUps/AssetMoreInfo.aspx?AssetID=921537"}},{"type":"Feature","geometry":{"type":"Point","coordinates":[-85.68868084,40.10521593]},"properties":{"name":"INTERSECT","assetType":"General Parenting Education","dataYear":"2018","assetId":"918991","subcategory":"Social and Community Services","detail":"https://classic.savi.org/SAVI/PopUps/AssetMoreInfo.aspx?AssetID=918991"}},{"type":"Feature","geometry":{"type":"Point","coordinates":[-85.68060525,40.0962344]},"properties":{"name":"SAINT VINCENT ANDERSON REGIONAL","assetType":"General Parenting Education","dataYear":"2018","assetId":"919208","subcategory":"Social and Community Services","detail":"https://classic.savi.org/SAVI/PopUps/AssetMoreInfo.aspx?AssetID=919208"}},{"type":"Feature","geometry":{"type":"Point","coordinates":[-86.01434363,40.04175465]},"properties":{"name":"THE VILLAGES - HAMILTON COUNTY HEALTHY FAMILIES OFFICE","assetType":"General Parenting Education","dataYear":"2018","assetId":"922565","subcategory":"Social and Community Services","detail":"https://classic.savi.org/SAVI/PopUps/AssetMoreInfo.aspx?AssetID=922565"}},{"type":"Feature","geometry":{"type":"Point","coordinates":[-85.7854575,39.78389761]},"properties":{"name":"THE VILLAGES - HANCOCK COUNTY HEALTHY FAMILIES OFFICE","assetType":"General Parenting Education","dataYear":"2018","assetId":"922566","subcategory":"Social and Community Services","detail":"https://classic.savi.org/SAVI/PopUps/AssetMoreInfo.aspx?AssetID=922566"}},{"type":"Feature","geometry":{"type":"Point","coordinates":[-86.15671567,39.8255663]},"properties":{"name":"THE VILLAGES - MARION COUNTY MOM PROJECT","assetType":"General Parenting Education","dataYear":"2018","assetId":"922472","subcategory":"Social and Community Services","detail":"https://classic.savi.org/SAVI/PopUps/AssetMoreInfo.aspx?AssetID=922472"}},{"type":"Feature","geometry":{"type":"Point","coordinates":[-86.24157344,39.91087395]},"properties":{"name":"WOMEN S CARE CENTER OF INDIANAPOLIS","assetType":"General Parenting Education","dataYear":"2018","assetId":"916936","subcategory":"Social and Community Services","detail":"https://classic.savi.org/SAVI/PopUps/AssetMoreInfo.aspx?AssetID=916936"}},{"type":"Feature","geometry":{"type":"Point","coordinates":[-86.04419187,39.78165043]},"properties":{"name":"Parenting Classes - Lutheran Child & Family Services of IN KY","assetType":"Parenting Skills Development","dataYear":"2007","assetId":"625303","subcategory":"Social and Community Services","detail":"https://classic.savi.org/SAVI/PopUps/AssetMoreInfo.aspx?AssetID=625303"}},{"type":"Feature","geometry":{"type":"Point","coordinates":[-86.1674031,39.78772746]},"properties":{"name":"Parents as Teachers Children s Bureau Inc","assetType":"Parenting Skills Development","dataYear":"2007","assetId":"625938","subcategory":"Social and Community Services","detail":"https://classic.savi.org/SAVI/PopUps/AssetMoreInfo.aspx?AssetID=625938"}},{"type":"Feature","geometry":{"type":"Point","coordinates":[-86.15083078,39.8174791]},"properties":{"name":"Raphael Family Life Center - Parenting Class & Childbirth Educ","assetType":"Parenting Skills Development","dataYear":"2007","assetId":"625611","subcategory":"Social and Community Services","detail":"https://classic.savi.org/SAVI/PopUps/AssetMoreInfo.aspx?AssetID=625611"}},{"type":"Feature","geometry":{"type":"Point","coordinates":[-86.15720656,39.79357862]},"properties":{"name":"JULIAN CENTER","assetType":"Cell Phone Donation Programs","dataYear":"2018","assetId":"922553","subcategory":"Social and Community Services","detail":"https://classic.savi.org/SAVI/PopUps/AssetMoreInfo.aspx?AssetID=922553"}},{"type":"Feature","geometry":{"type":"Point","coordinates":[-86.12091433,39.84286011]},"properties":{"name":"EASTER SEALS CROSSROADS - ASSISTIVE TECHNOLOGY CENTER","assetType":"Computer Donation Programs","dataYear":"2018","assetId":"920399","subcategory":"Social and Community Services","detail":"https://classic.savi.org/SAVI/PopUps/AssetMoreInfo.aspx?AssetID=920399"}},{"type":"Feature","geometry":{"type":"Point","coordinates":[-86.14472298,39.79575538]},"properties":{"name":"David R Davis Donation Center Quest for Excellence","assetType":"Donated Specialty Items","dataYear":"2007","assetId":"626573","subcategory":"Social and Community Services","detail":"https://classic.savi.org/SAVI/PopUps/AssetMoreInfo.aspx?AssetID=626573"}},{"type":"Feature","geometry":{"type":"Point","coordinates":[-86.22834957,39.8218977]},"properties":{"name":"Extinguish the Need People s Burn Foundation","assetType":"Donated Specialty Items","dataYear":"2007","assetId":"625729","subcategory":"Social and Community Services","detail":"https://classic.savi.org/SAVI/PopUps/AssetMoreInfo.aspx?AssetID=625729"}},{"type":"Feature","geometry":{"type":"Point","coordinates":[-86.190938,39.774601]},"properties":{"name":"Goodwill Industries - Donated Vehicles","assetType":"Donated Specialty Items","dataYear":"2007","assetId":"625689","subcategory":"Social and Community Services","detail":"https://classic.savi.org/SAVI/PopUps/AssetMoreInfo.aspx?AssetID=625689"}},{"type":"Feature","geometry":{"type":"Point","coordinates":[-86.21968599,39.91433603]},"properties":{"name":"Lions Club of Indiana - Eyeglass Donations","assetType":"Donated Specialty Items","dataYear":"2007","assetId":"626654","subcategory":"Social and Community Services","detail":"https://classic.savi.org/SAVI/PopUps/AssetMoreInfo.aspx?AssetID=626654"}},{"type":"Feature","geometry":{"type":"Point","coordinates":[-86.15683314,39.81847339]},"properties":{"name":"National Marrow Donor Program Indiana Blood Center","assetType":"Donor Services","dataYear":"2007","assetId":"625546","subcategory":"Social and Community Services","detail":"https://classic.savi.org/SAVI/PopUps/AssetMoreInfo.aspx?AssetID=625546"}},{"type":"Feature","geometry":{"type":"Point","coordinates":[-86.53540828,39.75280767]},"properties":{"name":"ABUNDANT LIFE- THE HOUSE OF MERCY","assetType":"Household Goods - Donations","dataYear":"2018","assetId":"919258","subcategory":"Social and Community Services","detail":"https://classic.savi.org/SAVI/PopUps/AssetMoreInfo.aspx?AssetID=919258"}},{"type":"Feature","geometry":{"type":"Point","coordinates":[-86.02120501,40.17552689]},"properties":{"name":"ANGELS ATTIC","assetType":"Household Goods - Donations","dataYear":"2018","assetId":"918689","subcategory":"Social and Community Services","detail":"https://classic.savi.org/SAVI/PopUps/AssetMoreInfo.aspx?AssetID=918689"}},{"type":"Feature","geometry":{"type":"Point","coordinates":[-86.19367341,39.77161469]},"properties":{"name":"ANNA S HOUSE","assetType":"Household Goods - Donations","dataYear":"2018","assetId":"917443","subcategory":"Social and Community Services","detail":"https://classic.savi.org/SAVI/PopUps/AssetMoreInfo.aspx?AssetID=917443"}},{"type":"Feature","geometry":{"type":"Point","coordinates":[-86.24715136,39.20340501]},"properties":{"name":"BROWN COUNTY COMMUNITY CLOSET","assetType":"Household Goods - Donations","dataYear":"2018","assetId":"917020","subcategory":"Social and Community Services","detail":"https://classic.savi.org/SAVI/PopUps/AssetMoreInfo.aspx?AssetID=917020"}},{"type":"Feature","geometry":{"type":"Point","coordinates":[-86.15796994,39.78617821]},"properties":{"name":"CATHOLIC CHARITIES INDIANAPOLIS","assetType":"Household Goods - Donations","dataYear":"2018","assetId":"922614","subcategory":"Social and Community Services","detail":"https://classic.savi.org/SAVI/PopUps/AssetMoreInfo.aspx?AssetID=922614"}},{"type":"Feature","geometry":{"type":"Point","coordinates":[-86.15342765,39.77694703]},"properties":{"name":"CENTRAL CHRISTIAN CHURCH","assetType":"Household Goods - Donations","dataYear":"2018","assetId":"922348","subcategory":"Social and Community Services","detail":"https://classic.savi.org/SAVI/PopUps/AssetMoreInfo.aspx?AssetID=922348"}},{"type":"Feature","geometry":{"type":"Point","coordinates":[-85.67836337,40.10961757]},"properties":{"name":"CHRISTIAN CENTER THE","assetType":"Household Goods - Donations","dataYear":"2018","assetId":"920599","subcategory":"Social and Community Services","detail":"https://classic.savi.org/SAVI/PopUps/AssetMoreInfo.aspx?AssetID=920599"}},{"type":"Feature","geometry":{"type":"Point","coordinates":[-86.37452847,39.61209216]},"properties":{"name":"CHURCHES IN MISSION","assetType":"Household Goods - Donations","dataYear":"2018","assetId":"921979","subcategory":"Social and Community Services","detail":"https://classic.savi.org/SAVI/PopUps/AssetMoreInfo.aspx?AssetID=921979"}},{"type":"Feature","geometry":{"type":"Point","coordinates":[-86.39319983,39.89352635]},"properties":{"name":"CORNERSTONE CHRISTIAN CHURCH","assetType":"Household Goods - Donations","dataYear":"2018","assetId":"920890","subcategory":"Social and Community Services","detail":"https://classic.savi.org/SAVI/PopUps/AssetMoreInfo.aspx?AssetID=920890"}},{"type":"Feature","geometry":{"type":"Point","coordinates":[-86.13164498,39.75229143]},"properties":{"name":"FLETCHER PLACE COMMUNITY CENTER","assetType":"Household Goods - Donations","dataYear":"2018","assetId":"919229","subcategory":"Social and Community Services","detail":"https://classic.savi.org/SAVI/PopUps/AssetMoreInfo.aspx?AssetID=919229"}},{"type":"Feature","geometry":{"type":"Point","coordinates":[-85.99649012,40.06393037]},"properties":{"name":"GREEN VALLEY CHURCH OF CHRIST","assetType":"Household Goods - Donations","dataYear":"2018","assetId":"918938","subcategory":"Social and Community Services","detail":"https://classic.savi.org/SAVI/PopUps/AssetMoreInfo.aspx?AssetID=918938"}},{"type":"Feature","geometry":{"type":"Point","coordinates":[-86.14039789,39.79698948]},"properties":{"name":"HABITAT FOR HUMANITY INDY RESTORE","assetType":"Household Goods - Donations","dataYear":"2018","assetId":"918821","subcategory":"Social and Community Services","detail":"https://classic.savi.org/SAVI/PopUps/AssetMoreInfo.aspx?AssetID=918821"}},{"type":"Feature","geometry":{"type":"Point","coordinates":[-86.02715355,39.9378058]},"properties":{"name":"HABITAT FOR HUMANITY OF HAMILTON COUNTY","assetType":"Household Goods - Donations","dataYear":"2018","assetId":"922200","subcategory":"Social and Community Services","detail":"https://classic.savi.org/SAVI/PopUps/AssetMoreInfo.aspx?AssetID=922200"}},{"type":"Feature","geometry":{"type":"Point","coordinates":[-86.39998678,39.77870938]},"properties":{"name":"HABITAT FOR HUMANITY RESTORE - AVON","assetType":"Household Goods - Donations","dataYear":"2018","assetId":"918707","subcategory":"Social and Community Services","detail":"https://classic.savi.org/SAVI/PopUps/AssetMoreInfo.aspx?AssetID=918707"}},{"type":"Feature","geometry":{"type":"Point","coordinates":[-85.82408575,39.78213671]},"properties":{"name":"HABITAT FOR HUMANITY RESTORE - GREENFIELD","assetType":"Household Goods - Donations","dataYear":"2018","assetId":"918708","subcategory":"Social and Community Services","detail":"https://classic.savi.org/SAVI/PopUps/AssetMoreInfo.aspx?AssetID=918708"}},{"type":"Feature","geometry":{"type":"Point","coordinates":[-85.76775887,39.78097359]},"properties":{"name":"HANCOCK HOPE HOUSE","assetType":"Household Goods - Donations","dataYear":"2018","assetId":"918677","subcategory":"Social and Community Services","detail":"https://classic.savi.org/SAVI/PopUps/AssetMoreInfo.aspx?AssetID=918677"}},{"type":"Feature","geometry":{"type":"Point","coordinates":[-86.19691297,39.75120975]},"properties":{"name":"HOPE CHEST THRIFT STORE","assetType":"Household Goods - Donations","dataYear":"2018","assetId":"922201","subcategory":"Social and Community Services","detail":"https://classic.savi.org/SAVI/PopUps/AssetMoreInfo.aspx?AssetID=922201"}},{"type":"Feature","geometry":{"type":"Point","coordinates":[-86.14868911,39.99920968]},"properties":{"name":"MERCIFUL HELP CENTER","assetType":"Household Goods - Donations","dataYear":"2018","assetId":"922319","subcategory":"Social and Community Services","detail":"https://classic.savi.org/SAVI/PopUps/AssetMoreInfo.aspx?AssetID=922319"}},{"type":"Feature","geometry":{"type":"Point","coordinates":[-86.34793845,39.59775813]},"properties":{"name":"MOORESVILLE SENIOR CITIZENS CENTER","assetType":"Household Goods - Donations","dataYear":"2018","assetId":"919301","subcategory":"Social and Community Services","detail":"https://classic.savi.org/SAVI/PopUps/AssetMoreInfo.aspx?AssetID=919301"}},{"type":"Feature","geometry":{"type":"Point","coordinates":[-86.1320807,39.96426217]},"properties":{"name":"PRIMELIFE ENRICHMENT","assetType":"Household Goods - Donations","dataYear":"2018","assetId":"918687","subcategory":"Social and Community Services","detail":"https://classic.savi.org/SAVI/PopUps/AssetMoreInfo.aspx?AssetID=918687"}},{"type":"Feature","geometry":{"type":"Point","coordinates":[-86.86481878,39.64481648]},"properties":{"name":"PUTNAM COUNTY SENIOR CENTER","assetType":"Household Goods - Donations","dataYear":"2018","assetId":"919551","subcategory":"Social and Community Services","detail":"https://classic.savi.org/SAVI/PopUps/AssetMoreInfo.aspx?AssetID=919551"}},{"type":"Feature","geometry":{"type":"Point","coordinates":[-86.42679036,39.42813683]},"properties":{"name":"RED BARN","assetType":"Household Goods - Donations","dataYear":"2018","assetId":"917636","subcategory":"Social and Community Services","detail":"https://classic.savi.org/SAVI/PopUps/AssetMoreInfo.aspx?AssetID=917636"}},{"type":"Feature","geometry":{"type":"Point","coordinates":[-86.39172024,39.7038734]},"properties":{"name":"SAINT MARK S EPISCOPAL CHURCH","assetType":"Household Goods - Donations","dataYear":"2018","assetId":"917557","subcategory":"Social and Community Services","detail":"https://classic.savi.org/SAVI/PopUps/AssetMoreInfo.aspx?AssetID=917557"}},{"type":"Feature","geometry":{"type":"Point","coordinates":[-86.13756301,39.76436201]},"properties":{"name":"SAINT VINCENT DE PAUL DISTRIBUTION CENTER","assetType":"Household Goods - Donations","dataYear":"2018","assetId":"917452","subcategory":"Social and Community Services","detail":"https://classic.savi.org/SAVI/PopUps/AssetMoreInfo.aspx?AssetID=917452"}},{"type":"Feature","geometry":{"type":"Point","coordinates":[-86.14544389,39.7667668]},"properties":{"name":"SALVATION ARMY ADULT REHABILITATION CENTER - INDIANAPOLIS","assetType":"Household Goods - Donations","dataYear":"2018","assetId":"917763","subcategory":"Social and Community Services","detail":"https://classic.savi.org/SAVI/PopUps/AssetMoreInfo.aspx?AssetID=917763"}},{"type":"Feature","geometry":{"type":"Point","coordinates":[-86.06478389,39.90239647]},"properties":{"name":"SALVATION ARMY INDIANA DIVISION","assetType":"Household Goods - Donations","dataYear":"2018","assetId":"917514","subcategory":"Social and Community Services","detail":"https://classic.savi.org/SAVI/PopUps/AssetMoreInfo.aspx?AssetID=917514"}},{"type":"Feature","geometry":{"type":"Point","coordinates":[-86.1104956,39.61209097]},"properties":{"name":"SALVATION ARMY JOHNSON COUNTY","assetType":"Household Goods - Donations","dataYear":"2018","assetId":"918829","subcategory":"Social and Community Services","detail":"https://classic.savi.org/SAVI/PopUps/AssetMoreInfo.aspx?AssetID=918829"}},{"type":"Feature","geometry":{"type":"Point","coordinates":[-85.99764629,40.03979458]},"properties":{"name":"SALVATION ARMY THRIFT STORE","assetType":"Household Goods - Donations","dataYear":"2018","assetId":"917805","subcategory":"Social and Community Services","detail":"https://classic.savi.org/SAVI/PopUps/AssetMoreInfo.aspx?AssetID=917805"}},{"type":"Feature","geometry":{"type":"Point","coordinates":[-86.02111245,39.7734413]},"properties":{"name":"SALVATION ARMY THRIFT STORE","assetType":"Household Goods - Donations","dataYear":"2018","assetId":"917626","subcategory":"Social and Community Services","detail":"https://classic.savi.org/SAVI/PopUps/AssetMoreInfo.aspx?AssetID=917626"}},{"type":"Feature","geometry":{"type":"Point","coordinates":[-86.14481232,39.76627177]},"properties":{"name":"SALVATION ARMY THRIFT STORE","assetType":"Household Goods - Donations","dataYear":"2018","assetId":"917809","subcategory":"Social and Community Services","detail":"https://classic.savi.org/SAVI/PopUps/AssetMoreInfo.aspx?AssetID=917809"}},{"type":"Feature","geometry":{"type":"Point","coordinates":[-86.18242935,39.91046364]},"properties":{"name":"SALVATION ARMY THRIFT STORE","assetType":"Household Goods - Donations","dataYear":"2018","assetId":"917535","subcategory":"Social and Community Services","detail":"https://classic.savi.org/SAVI/PopUps/AssetMoreInfo.aspx?AssetID=917535"}},{"type":"Feature","geometry":{"type":"Point","coordinates":[-86.07000561,39.70591915]},"properties":{"name":"SERVANT S HEART OF INDY","assetType":"Household Goods - Donations","dataYear":"2018","assetId":"919597","subcategory":"Social and Community Services","detail":"https://classic.savi.org/SAVI/PopUps/AssetMoreInfo.aspx?AssetID=919597"}},{"type":"Feature","geometry":{"type":"Point","coordinates":[-86.1950541,39.22774248]},"properties":{"name":"SOCIETY OF SAINT VINCENT DE PAUL OF BROWN COUNTY","assetType":"Household Goods - Donations","dataYear":"2018","assetId":"917025","subcategory":"Social and Community Services","detail":"https://classic.savi.org/SAVI/PopUps/AssetMoreInfo.aspx?AssetID=917025"}},{"type":"Feature","geometry":{"type":"Point","coordinates":[-86.4823112,40.04298153]},"properties":{"name":"THE CARING CENTER","assetType":"Household Goods - Donations","dataYear":"2018","assetId":"922323","subcategory":"Social and Community Services","detail":"https://classic.savi.org/SAVI/PopUps/AssetMoreInfo.aspx?AssetID=922323"}},{"type":"Feature","geometry":{"type":"Point","coordinates":[-86.18582147,39.91207098]},"properties":{"name":"THRIFTY THREADS","assetType":"Household Goods - Donations","dataYear":"2018","assetId":"922465","subcategory":"Social and Community Services","detail":"https://classic.savi.org/SAVI/PopUps/AssetMoreInfo.aspx?AssetID=922465"}},{"type":"Feature","geometry":{"type":"Point","coordinates":[-86.15286529,39.72722035]},"properties":{"name":"WHEELER MISSION THRIFT STORE","assetType":"Household Goods - Donations","dataYear":"2018","assetId":"922730","subcategory":"Social and Community Services","detail":"https://classic.savi.org/SAVI/PopUps/AssetMoreInfo.aspx?AssetID=922730"}},{"type":"Feature","geometry":{"type":"Point","coordinates":[-86.01843522,39.79664114]},"properties":{"name":"Indiana State Police - TrafficWise","assetType":"Travelers Service","dataYear":"2011","assetId":"694886","subcategory":"Social and Community Services","detail":"https://classic.savi.org/SAVI/PopUps/AssetMoreInfo.aspx?AssetID=694886"}},{"type":"Feature","geometry":{"type":"Point","coordinates":[-85.77406091,39.52454825]},"properties":{"name":"Salvation Army Shelby County - Travelers Assistance","assetType":"Travelers Service","dataYear":"2011","assetId":"692164","subcategory":"Social and Community Services","detail":"https://classic.savi.org/SAVI/PopUps/AssetMoreInfo.aspx?AssetID=692164"}},{"type":"Feature","geometry":{"type":"Point","coordinates":[-86.47341088,40.07978424]},"properties":{"name":"BOONE COUNTY SENIOR SERVICES","assetType":"Adult Respite Care","dataYear":"2013","assetId":"797782","subcategory":"Social and Community Services","detail":"https://classic.savi.org/SAVI/PopUps/AssetMoreInfo.aspx?AssetID=797782"}},{"type":"Feature","geometry":{"type":"Point","coordinates":[-86.12088178,39.84265801]},"properties":{"name":"EASTER SEALS CROSSROADS","assetType":"Adult Respite Care","dataYear":"2013","assetId":"797461","subcategory":"Social and Community Services","detail":"https://classic.savi.org/SAVI/PopUps/AssetMoreInfo.aspx?AssetID=797461"}},{"type":"Feature","geometry":{"type":"Point","coordinates":[-85.7665043,39.78548449]},"properties":{"name":"HANCOCK COUNTY SENIOR SERVICES","assetType":"Adult Respite Care","dataYear":"2013","assetId":"798210","subcategory":"Social and Community Services","detail":"https://classic.savi.org/SAVI/PopUps/AssetMoreInfo.aspx?AssetID=798210"}},{"type":"Feature","geometry":{"type":"Point","coordinates":[-86.50192278,39.76763402]},"properties":{"name":"HENDRICKS COUNTY SENIOR SERVICES","assetType":"Adult Respite Care","dataYear":"2013","assetId":"798337","subcategory":"Social and Community Services","detail":"https://classic.savi.org/SAVI/PopUps/AssetMoreInfo.aspx?AssetID=798337"}},{"type":"Feature","geometry":{"type":"Point","coordinates":[-85.76991408,39.81009916]},"properties":{"name":"HOME HEALTH CARE OF HANCOCK COUNTY","assetType":"Adult Respite Care","dataYear":"2013","assetId":"799846","subcategory":"Social and Community Services","detail":"https://classic.savi.org/SAVI/PopUps/AssetMoreInfo.aspx?AssetID=799846"}},{"type":"Feature","geometry":{"type":"Point","coordinates":[-86.12334164,39.78141895]},"properties":{"name":"JOHN H BONER COMMUNITY CENTER","assetType":"Adult Respite Care","dataYear":"2013","assetId":"798952","subcategory":"Social and Community Services","detail":"https://classic.savi.org/SAVI/PopUps/AssetMoreInfo.aspx?AssetID=798952"}},{"type":"Feature","geometry":{"type":"Point","coordinates":[-86.13123199,39.96442678]},"properties":{"name":"PRIMELIFE ENRICHMENT","assetType":"Adult Respite Care","dataYear":"2013","assetId":"798175","subcategory":"Social and Community Services","detail":"https://classic.savi.org/SAVI/PopUps/AssetMoreInfo.aspx?AssetID=798175"}},{"type":"Feature","geometry":{"type":"Point","coordinates":[-86.134258,39.66819216]},"properties":{"name":"SOUTHPORT ADULT DAY CARE CENTER","assetType":"Adult Respite Care","dataYear":"2013","assetId":"796814","subcategory":"Social and Community Services","detail":"https://classic.savi.org/SAVI/PopUps/AssetMoreInfo.aspx?AssetID=796814"}},{"type":"Feature","geometry":{"type":"Point","coordinates":[-86.168256,39.78826]},"properties":{"name":"CHILDREN S BUREAU - GENE GLICK FAMILY SUPPORT CENTER","assetType":"Children's In or Out of Home Respite Care","dataYear":"2013","assetId":"796730","subcategory":"Social and Community Services","detail":"https://classic.savi.org/SAVI/PopUps/AssetMoreInfo.aspx?AssetID=796730"}},{"type":"Feature","geometry":{"type":"Point","coordinates":[-86.12088178,39.84265801]},"properties":{"name":"EASTER SEALS CROSSROADS","assetType":"Children's In or Out of Home Respite Care","dataYear":"2013","assetId":"797467","subcategory":"Social and Community Services","detail":"https://classic.savi.org/SAVI/PopUps/AssetMoreInfo.aspx?AssetID=797467"}},{"type":"Feature","geometry":{"type":"Point","coordinates":[-86.0741136,39.90437328]},"properties":{"name":"IARCCA - AN ASSOCIATION OF CHILDREN AND FAMILY SERVICES","assetType":"Children's In or Out of Home Respite Care","dataYear":"2013","assetId":"798366","subcategory":"Social and Community Services","detail":"https://classic.savi.org/SAVI/PopUps/AssetMoreInfo.aspx?AssetID=798366"}},{"type":"Feature","geometry":{"type":"Point","coordinates":[-86.01333308,40.04306389]},"properties":{"name":"PROMISING FUTURES OF CENTRAL INDIANA","assetType":"Children's In or Out of Home Respite Care","dataYear":"2013","assetId":"798148","subcategory":"Social and Community Services","detail":"https://classic.savi.org/SAVI/PopUps/AssetMoreInfo.aspx?AssetID=798148"}},{"type":"Feature","geometry":{"type":"Point","coordinates":[-86.06984166,39.88484111]},"properties":{"name":"SAFE FAMILIES FOR CHILDREN","assetType":"Children's In or Out of Home Respite Care","dataYear":"2013","assetId":"798798","subcategory":"Social and Community Services","detail":"https://classic.savi.org/SAVI/PopUps/AssetMoreInfo.aspx?AssetID=798798"}},{"type":"Feature","geometry":{"type":"Point","coordinates":[-86.12171574,39.84170481]},"properties":{"name":"VISITING NURSE SERVICE VNS","assetType":"Children's In or Out of Home Respite Care","dataYear":"2013","assetId":"796378","subcategory":"Social and Community Services","detail":"https://classic.savi.org/SAVI/PopUps/AssetMoreInfo.aspx?AssetID=796378"}},{"type":"Feature","geometry":{"type":"Point","coordinates":[-86.06426201,39.48101727]},"properties":{"name":"YOUTH CONNECTIONS","assetType":"Children's In or Out of Home Respite Care","dataYear":"2013","assetId":"796339","subcategory":"Social and Community Services","detail":"https://classic.savi.org/SAVI/PopUps/AssetMoreInfo.aspx?AssetID=796339"}},{"type":"Feature","geometry":{"type":"Point","coordinates":[-86.42718994,39.42774235]},"properties":{"name":"YOUTH CONNECTIONS - MORGAN COUNTY","assetType":"Children's In or Out of Home Respite Care","dataYear":"2013","assetId":"799638","subcategory":"Social and Community Services","detail":"https://classic.savi.org/SAVI/PopUps/AssetMoreInfo.aspx?AssetID=799638"}},{"type":"Feature","geometry":{"type":"Point","coordinates":[-86.12072637,39.84296464]},"properties":{"name":"Aging and Disability Resource Center CICOA","assetType":"Other Respite Care","dataYear":"2011","assetId":"693041","subcategory":"Social and Community Services","detail":"https://classic.savi.org/SAVI/PopUps/AssetMoreInfo.aspx?AssetID=693041"}},{"type":"Feature","geometry":{"type":"Point","coordinates":[-86.12072637,39.84296464]},"properties":{"name":"CareAware A Caregiver Support Service CICOA","assetType":"Other Respite Care","dataYear":"2011","assetId":"694828","subcategory":"Social and Community Services","detail":"https://classic.savi.org/SAVI/PopUps/AssetMoreInfo.aspx?AssetID=694828"}},{"type":"Feature","geometry":{"type":"Point","coordinates":[-86.16740298,39.78772494]},"properties":{"name":"Emergency Shelter Respite Care Children s Bureau","assetType":"Other Respite Care","dataYear":"2011","assetId":"693126","subcategory":"Social and Community Services","detail":"https://classic.savi.org/SAVI/PopUps/AssetMoreInfo.aspx?AssetID=693126"}},{"type":"Feature","geometry":{"type":"Point","coordinates":[-86.50192278,39.76763402]},"properties":{"name":"Hendricks County Senior Services - Respite Care","assetType":"Other Respite Care","dataYear":"2011","assetId":"692367","subcategory":"Social and Community Services","detail":"https://classic.savi.org/SAVI/PopUps/AssetMoreInfo.aspx?AssetID=692367"}},{"type":"Feature","geometry":{"type":"Point","coordinates":[-86.12072637,39.84296464]},"properties":{"name":"Home Health Aid Homemaker Care Mngmnt CICOA Aging & In Home","assetType":"Other Respite Care","dataYear":"2011","assetId":"692932","subcategory":"Social and Community Services","detail":"https://classic.savi.org/SAVI/PopUps/AssetMoreInfo.aspx?AssetID=692932"}},{"type":"Feature","geometry":{"type":"Point","coordinates":[-86.14619129,39.86489511]},"properties":{"name":"Noble of Indiana Broad Ripple Location","assetType":"Other Respite Care","dataYear":"2011","assetId":"693154","subcategory":"Social and Community Services","detail":"https://classic.savi.org/SAVI/PopUps/AssetMoreInfo.aspx?AssetID=693154"}},{"type":"Feature","geometry":{"type":"Point","coordinates":[-86.134258,39.66819216]},"properties":{"name":"Southport Adult Day Center - Adult Day Care","assetType":"Other Respite Care","dataYear":"2011","assetId":"693380","subcategory":"Social and Community Services","detail":"https://classic.savi.org/SAVI/PopUps/AssetMoreInfo.aspx?AssetID=693380"}},{"type":"Feature","geometry":{"type":"Point","coordinates":[-86.5046585,39.76724816]},"properties":{"name":"Sycamore Services - Respite Services","assetType":"Other Respite Care","dataYear":"2011","assetId":"692839","subcategory":"Social and Community Services","detail":"https://classic.savi.org/SAVI/PopUps/AssetMoreInfo.aspx?AssetID=692839"}},{"type":"Feature","geometry":{"type":"Point","coordinates":[-86.12247443,39.86577349]},"properties":{"name":"United Cerebral Palsy Assoc of Greater IN - Respite Program","assetType":"Other Respite Care","dataYear":"2011","assetId":"693952","subcategory":"Social and Community Services","detail":"https://classic.savi.org/SAVI/PopUps/AssetMoreInfo.aspx?AssetID=693952"}},{"type":"Feature","geometry":{"type":"Point","coordinates":[-86.12191535,39.84238843]},"properties":{"name":"Visiting Nurse Service - Caregiver Support","assetType":"Other Respite Care","dataYear":"2011","assetId":"692201","subcategory":"Social and Community Services","detail":"https://classic.savi.org/SAVI/PopUps/AssetMoreInfo.aspx?AssetID=692201"}},{"type":"Feature","geometry":{"type":"Point","coordinates":[-86.12191535,39.84238843]},"properties":{"name":"Visiting Nurse Service - Crisis Nursery","assetType":"Other Respite Care","dataYear":"2011","assetId":"692508","subcategory":"Social and Community Services","detail":"https://classic.savi.org/SAVI/PopUps/AssetMoreInfo.aspx?AssetID=692508"}}]}