{"type":"FeatureCollection","features":[{"type":"Feature","geometry":{"type":"Point","coordinates":[-86.04600394,39.84581633]},"properties":{"name":"Associated Builders and Contractors - Apprenticeships","assetType":"Apprenticeship Training","dataYear":"2007","assetId":"625409","subcategory":"Public Assistance","detail":"https://classic.savi.org/SAVI/PopUps/AssetMoreInfo.aspx?AssetID=625409"}},{"type":"Feature","geometry":{"type":"Point","coordinates":[-86.15599436,39.77356773]},"properties":{"name":"Construction Trades Pre-Apprenticeship Training IN Plan","assetType":"Apprenticeship Training","dataYear":"2007","assetId":"623676","subcategory":"Public Assistance","detail":"https://classic.savi.org/SAVI/PopUps/AssetMoreInfo.aspx?AssetID=623676"}},{"type":"Feature","geometry":{"type":"Point","coordinates":[-86.10652578,39.77451332]},"properties":{"name":"Indiana Association of Plumbing & Heating","assetType":"Apprenticeship Training","dataYear":"2007","assetId":"625410","subcategory":"Public Assistance","detail":"https://classic.savi.org/SAVI/PopUps/AssetMoreInfo.aspx?AssetID=625410"}},{"type":"Feature","geometry":{"type":"Point","coordinates":[-86.19240008,39.79099743]},"properties":{"name":"Leadership Development Institute Inc - Apprenticeships","assetType":"Apprenticeship Training","dataYear":"2007","assetId":"626645","subcategory":"Public Assistance","detail":"https://classic.savi.org/SAVI/PopUps/AssetMoreInfo.aspx?AssetID=626645"}},{"type":"Feature","geometry":{"type":"Point","coordinates":[-86.157147,39.769998]},"properties":{"name":"US Dept of Labor - Office of Apprenticeship and Training","assetType":"Apprenticeship Training","dataYear":"2007","assetId":"623521","subcategory":"Public Assistance","detail":"https://classic.savi.org/SAVI/PopUps/AssetMoreInfo.aspx?AssetID=623521"}},{"type":"Feature","geometry":{"type":"Point","coordinates":[-86.15670687,39.82320271]},"properties":{"name":"AMERICAN INDIAN CENTER OF INDIANA","assetType":"Career Counseling/Development","dataYear":"2018","assetId":"918288","subcategory":"Public Assistance","detail":"https://classic.savi.org/SAVI/PopUps/AssetMoreInfo.aspx?AssetID=918288"}},{"type":"Feature","geometry":{"type":"Point","coordinates":[-86.24352677,39.20661386]},"properties":{"name":"BROWN COUNTY CAREER RESOURCE CENTER","assetType":"Career Counseling/Development","dataYear":"2018","assetId":"917085","subcategory":"Public Assistance","detail":"https://classic.savi.org/SAVI/PopUps/AssetMoreInfo.aspx?AssetID=917085"}},{"type":"Feature","geometry":{"type":"Point","coordinates":[-86.12315795,39.78155671]},"properties":{"name":"JOHN BONER NEIGHBORHOOD CENTERS","assetType":"Career Counseling/Development","dataYear":"2018","assetId":"917588","subcategory":"Public Assistance","detail":"https://classic.savi.org/SAVI/PopUps/AssetMoreInfo.aspx?AssetID=917588"}},{"type":"Feature","geometry":{"type":"Point","coordinates":[-86.19465994,39.7511725]},"properties":{"name":"MARY RIGG NEIGHBORHOOD CENTER","assetType":"Career Counseling/Development","dataYear":"2018","assetId":"919505","subcategory":"Public Assistance","detail":"https://classic.savi.org/SAVI/PopUps/AssetMoreInfo.aspx?AssetID=919505"}},{"type":"Feature","geometry":{"type":"Point","coordinates":[-86.01323702,40.03641868]},"properties":{"name":"PREVAIL","assetType":"Career Counseling/Development","dataYear":"2018","assetId":"917743","subcategory":"Public Assistance","detail":"https://classic.savi.org/SAVI/PopUps/AssetMoreInfo.aspx?AssetID=917743"}},{"type":"Feature","geometry":{"type":"Point","coordinates":[-85.98532449,39.82410844]},"properties":{"name":"Central Nine Career Center - Emergency Services Training","assetType":"Career Development","dataYear":"2007","assetId":"625442","subcategory":"Public Assistance","detail":"https://classic.savi.org/SAVI/PopUps/AssetMoreInfo.aspx?AssetID=625442"}},{"type":"Feature","geometry":{"type":"Point","coordinates":[-86.24336157,39.75482444]},"properties":{"name":"Labor Finders","assetType":"Day labor","dataYear":"2010","assetId":"677374","subcategory":"Public Assistance","detail":"https://classic.savi.org/SAVI/PopUps/AssetMoreInfo.aspx?AssetID=677374"}},{"type":"Feature","geometry":{"type":"Point","coordinates":[-86.02218587,39.81661935]},"properties":{"name":"EASTER SEALS CROSSROADS - CROSSROADS INDUSTRIAL SERVICES","assetType":"Disability Related Center Based Employment","dataYear":"2013","assetId":"799315","subcategory":"Public Assistance","detail":"https://classic.savi.org/SAVI/PopUps/AssetMoreInfo.aspx?AssetID=799315"}},{"type":"Feature","geometry":{"type":"Point","coordinates":[-86.10746184,39.69397481]},"properties":{"name":"HANDI-CAPABLE HANDS","assetType":"Disability Related Center Based Employment","dataYear":"2013","assetId":"798227","subcategory":"Public Assistance","detail":"https://classic.savi.org/SAVI/PopUps/AssetMoreInfo.aspx?AssetID=798227"}},{"type":"Feature","geometry":{"type":"Point","coordinates":[-86.04566712,40.04330519]},"properties":{"name":"JANUS DEVELOPMENTAL SERVICES","assetType":"Disability Related Center Based Employment","dataYear":"2013","assetId":"798726","subcategory":"Public Assistance","detail":"https://classic.savi.org/SAVI/PopUps/AssetMoreInfo.aspx?AssetID=798726"}},{"type":"Feature","geometry":{"type":"Point","coordinates":[-86.21612151,39.80170762]},"properties":{"name":"NOBLE OF INDIANA WEST","assetType":"Disability Related Center Based Employment","dataYear":"2013","assetId":"799949","subcategory":"Public Assistance","detail":"https://classic.savi.org/SAVI/PopUps/AssetMoreInfo.aspx?AssetID=799949"}},{"type":"Feature","geometry":{"type":"Point","coordinates":[-86.47718756,40.04762162]},"properties":{"name":"THE ARC OF GREATER BOONE COUNTY - MAINSTREET ENTERPRISES","assetType":"Disability Related Center Based Employment","dataYear":"2013","assetId":"799657","subcategory":"Public Assistance","detail":"https://classic.savi.org/SAVI/PopUps/AssetMoreInfo.aspx?AssetID=799657"}},{"type":"Feature","geometry":{"type":"Point","coordinates":[-86.13944954,39.76657632]},"properties":{"name":"HORIZON HOUSE","assetType":"Ex-Offender Employment Programs","dataYear":"2018","assetId":"921936","subcategory":"Public Assistance","detail":"https://classic.savi.org/SAVI/PopUps/AssetMoreInfo.aspx?AssetID=921936"}},{"type":"Feature","geometry":{"type":"Point","coordinates":[-86.12315795,39.78155671]},"properties":{"name":"JOHN BONER NEIGHBORHOOD CENTERS","assetType":"Ex-Offender Employment Programs","dataYear":"2018","assetId":"917209","subcategory":"Public Assistance","detail":"https://classic.savi.org/SAVI/PopUps/AssetMoreInfo.aspx?AssetID=917209"}},{"type":"Feature","geometry":{"type":"Point","coordinates":[-86.13612052,39.78404419]},"properties":{"name":"KEYS TO WORK","assetType":"Ex-Offender Employment Programs","dataYear":"2018","assetId":"919001","subcategory":"Public Assistance","detail":"https://classic.savi.org/SAVI/PopUps/AssetMoreInfo.aspx?AssetID=919001"}},{"type":"Feature","geometry":{"type":"Point","coordinates":[-86.11976288,39.80829122]},"properties":{"name":"PUBLIC ADVOCATES IN COMMUNITY RE-ENTRY PACE","assetType":"Ex-Offender Employment Programs","dataYear":"2018","assetId":"918090","subcategory":"Public Assistance","detail":"https://classic.savi.org/SAVI/PopUps/AssetMoreInfo.aspx?AssetID=918090"}},{"type":"Feature","geometry":{"type":"Point","coordinates":[-86.11976288,39.80829122]},"properties":{"name":"PUBLIC ADVOCATES IN COMMUNITY RE-ENTRY PACE","assetType":"Ex-Offender Employment Programs","dataYear":"2018","assetId":"918104","subcategory":"Public Assistance","detail":"https://classic.savi.org/SAVI/PopUps/AssetMoreInfo.aspx?AssetID=918104"}},{"type":"Feature","geometry":{"type":"Point","coordinates":[-86.16543972,39.76730943]},"properties":{"name":"INDIANA STATE PERSONNEL DEPARTMENT","assetType":"Job Banks","dataYear":"2017","assetId":"867782","subcategory":"Public Assistance","detail":"https://classic.savi.org/SAVI/PopUps/AssetMoreInfo.aspx?AssetID=867782"}},{"type":"Feature","geometry":{"type":"Point","coordinates":[-86.16543972,39.76730943]},"properties":{"name":"INDIANA STATE PERSONNEL DEPARTMENT","assetType":"Job Banks","dataYear":"2017","assetId":"881886","subcategory":"Public Assistance","detail":"https://classic.savi.org/SAVI/PopUps/AssetMoreInfo.aspx?AssetID=881886"}},{"type":"Feature","geometry":{"type":"Point","coordinates":[-86.15352108,39.76797284]},"properties":{"name":"INDIANAPOLIS MARION COUNTY HUMAN RESOURCES DIVISION","assetType":"Job Banks","dataYear":"2017","assetId":"881885","subcategory":"Public Assistance","detail":"https://classic.savi.org/SAVI/PopUps/AssetMoreInfo.aspx?AssetID=881885"}},{"type":"Feature","geometry":{"type":"Point","coordinates":[-86.15352108,39.76797284]},"properties":{"name":"INDIANAPOLIS MARION COUNTY HUMAN RESOURCES DIVISION","assetType":"Job Banks","dataYear":"2017","assetId":"867781","subcategory":"Public Assistance","detail":"https://classic.savi.org/SAVI/PopUps/AssetMoreInfo.aspx?AssetID=867781"}},{"type":"Feature","geometry":{"type":"Point","coordinates":[-86.123322,39.78142]},"properties":{"name":"Job Club - John H Boner Community Center","assetType":"Job Clubs","dataYear":"2011","assetId":"696295","subcategory":"Public Assistance","detail":"https://classic.savi.org/SAVI/PopUps/AssetMoreInfo.aspx?AssetID=696295"}},{"type":"Feature","geometry":{"type":"Point","coordinates":[-86.15344711,39.76983974]},"properties":{"name":"IndyPendence Job Corps Center US Dept of Labor","assetType":"Job Corps","dataYear":"2011","assetId":"693684","subcategory":"Public Assistance","detail":"https://classic.savi.org/SAVI/PopUps/AssetMoreInfo.aspx?AssetID=693684"}},{"type":"Feature","geometry":{"type":"Point","coordinates":[-86.15344711,39.76983974]},"properties":{"name":"Job Corps American Business Corporation","assetType":"Job Corps","dataYear":"2011","assetId":"691570","subcategory":"Public Assistance","detail":"https://classic.savi.org/SAVI/PopUps/AssetMoreInfo.aspx?AssetID=691570"}},{"type":"Feature","geometry":{"type":"Point","coordinates":[-86.15715284,39.76992531]},"properties":{"name":"Senior Corps and AmeriCorps VISTA","assetType":"Job Corps","dataYear":"2011","assetId":"691147","subcategory":"Public Assistance","detail":"https://classic.savi.org/SAVI/PopUps/AssetMoreInfo.aspx?AssetID=691147"}},{"type":"Feature","geometry":{"type":"Point","coordinates":[-86.073942,39.78766]},"properties":{"name":"COMMUNITY HEALTH NETWORK","assetType":"Job Information","dataYear":"2013","assetId":"797198","subcategory":"Public Assistance","detail":"https://classic.savi.org/SAVI/PopUps/AssetMoreInfo.aspx?AssetID=797198"}},{"type":"Feature","geometry":{"type":"Point","coordinates":[-86.50102032,39.76081816]},"properties":{"name":"HENDRICKS REGIONAL HEALTH","assetType":"Job Information","dataYear":"2013","assetId":"798302","subcategory":"Public Assistance","detail":"https://classic.savi.org/SAVI/PopUps/AssetMoreInfo.aspx?AssetID=798302"}},{"type":"Feature","geometry":{"type":"Point","coordinates":[-86.16449856,39.78110989]},"properties":{"name":"INDIANA UNIVERSITY HEALTH","assetType":"Job Information","dataYear":"2013","assetId":"796794","subcategory":"Public Assistance","detail":"https://classic.savi.org/SAVI/PopUps/AssetMoreInfo.aspx?AssetID=796794"}},{"type":"Feature","geometry":{"type":"Point","coordinates":[-86.15354535,39.7671013]},"properties":{"name":"INDIANAPOLIS METROPOLITAN POLICE DEPARTMENT HUMAN RESOURCES","assetType":"Job Information","dataYear":"2013","assetId":"800193","subcategory":"Public Assistance","detail":"https://classic.savi.org/SAVI/PopUps/AssetMoreInfo.aspx?AssetID=800193"}},{"type":"Feature","geometry":{"type":"Point","coordinates":[-86.07630306,39.47912144]},"properties":{"name":"JOHNSON MEMORIAL HOSPITAL","assetType":"Job Information","dataYear":"2013","assetId":"796365","subcategory":"Public Assistance","detail":"https://classic.savi.org/SAVI/PopUps/AssetMoreInfo.aspx?AssetID=796365"}},{"type":"Feature","geometry":{"type":"Point","coordinates":[-85.78047109,39.52455754]},"properties":{"name":"MAJOR HOSPITAL","assetType":"Job Information","dataYear":"2013","assetId":"797059","subcategory":"Public Assistance","detail":"https://classic.savi.org/SAVI/PopUps/AssetMoreInfo.aspx?AssetID=797059"}},{"type":"Feature","geometry":{"type":"Point","coordinates":[-86.11688558,39.82601433]},"properties":{"name":"MARION COUNTY PUBLIC HEALTH DEPARTMENT - HASBROOK BUILDING","assetType":"Job Information","dataYear":"2013","assetId":"797134","subcategory":"Public Assistance","detail":"https://classic.savi.org/SAVI/PopUps/AssetMoreInfo.aspx?AssetID=797134"}},{"type":"Feature","geometry":{"type":"Point","coordinates":[-86.152832,39.766076]},"properties":{"name":"MARION COUNTY SHERIFF","assetType":"Job Information","dataYear":"2013","assetId":"797185","subcategory":"Public Assistance","detail":"https://classic.savi.org/SAVI/PopUps/AssetMoreInfo.aspx?AssetID=797185"}},{"type":"Feature","geometry":{"type":"Point","coordinates":[-86.18766862,39.77960172]},"properties":{"name":"RICHARD L ROUDEBUSH VA MEDICAL CENTER","assetType":"Job Information","dataYear":"2013","assetId":"798757","subcategory":"Public Assistance","detail":"https://classic.savi.org/SAVI/PopUps/AssetMoreInfo.aspx?AssetID=798757"}},{"type":"Feature","geometry":{"type":"Point","coordinates":[-86.0239415,40.04691444]},"properties":{"name":"RIVERVIEW HOSPITAL","assetType":"Job Information","dataYear":"2013","assetId":"798784","subcategory":"Public Assistance","detail":"https://classic.savi.org/SAVI/PopUps/AssetMoreInfo.aspx?AssetID=798784"}},{"type":"Feature","geometry":{"type":"Point","coordinates":[-86.15815145,39.93689936]},"properties":{"name":"SAINT VINCENT HEALTH","assetType":"Job Information","dataYear":"2013","assetId":"797042","subcategory":"Public Assistance","detail":"https://classic.savi.org/SAVI/PopUps/AssetMoreInfo.aspx?AssetID=797042"}},{"type":"Feature","geometry":{"type":"Point","coordinates":[-85.68868084,40.10521593]},"properties":{"name":"Anderson Impact Center","assetType":"Job Preparation","dataYear":"2019","assetId":"934129","subcategory":"Public Assistance","detail":"https://classic.savi.org/SAVI/PopUps/AssetMoreInfo.aspx?AssetID=934129"}},{"type":"Feature","geometry":{"type":"Point","coordinates":[-86.15670687,39.82320271]},"properties":{"name":"AMERICAN INDIAN CENTER OF INDIANA","assetType":"Job Search/Placement","dataYear":"2018","assetId":"918287","subcategory":"Public Assistance","detail":"https://classic.savi.org/SAVI/PopUps/AssetMoreInfo.aspx?AssetID=918287"}},{"type":"Feature","geometry":{"type":"Point","coordinates":[-86.15969846,39.75008158]},"properties":{"name":"CONCORD NEIGHBORHOOD CENTER","assetType":"Job Search/Placement","dataYear":"2018","assetId":"921194","subcategory":"Public Assistance","detail":"https://classic.savi.org/SAVI/PopUps/AssetMoreInfo.aspx?AssetID=921194"}},{"type":"Feature","geometry":{"type":"Point","coordinates":[-86.17027103,39.80159246]},"properties":{"name":"FLANNER HOUSE OF INDIANAPOLIS","assetType":"Job Search/Placement","dataYear":"2018","assetId":"919475","subcategory":"Public Assistance","detail":"https://classic.savi.org/SAVI/PopUps/AssetMoreInfo.aspx?AssetID=919475"}},{"type":"Feature","geometry":{"type":"Point","coordinates":[-86.20166779,39.76743222]},"properties":{"name":"HAWTHORNE COMMUNITY CENTER","assetType":"Job Search/Placement","dataYear":"2018","assetId":"918379","subcategory":"Public Assistance","detail":"https://classic.savi.org/SAVI/PopUps/AssetMoreInfo.aspx?AssetID=918379"}},{"type":"Feature","geometry":{"type":"Point","coordinates":[-86.15620964,39.78103129]},"properties":{"name":"HOOSIER VETERANS ASSISTANCE FOUNDATION HVAF","assetType":"Job Search/Placement","dataYear":"2018","assetId":"920500","subcategory":"Public Assistance","detail":"https://classic.savi.org/SAVI/PopUps/AssetMoreInfo.aspx?AssetID=920500"}},{"type":"Feature","geometry":{"type":"Point","coordinates":[-86.12315795,39.78155671]},"properties":{"name":"JOHN BONER NEIGHBORHOOD CENTERS","assetType":"Job Search/Placement","dataYear":"2018","assetId":"917585","subcategory":"Public Assistance","detail":"https://classic.savi.org/SAVI/PopUps/AssetMoreInfo.aspx?AssetID=917585"}},{"type":"Feature","geometry":{"type":"Point","coordinates":[-86.15306077,39.76970035]},"properties":{"name":"MARION COUNTY PROSECUTOR S OFFICE","assetType":"Job Search/Placement","dataYear":"2018","assetId":"920796","subcategory":"Public Assistance","detail":"https://classic.savi.org/SAVI/PopUps/AssetMoreInfo.aspx?AssetID=920796"}},{"type":"Feature","geometry":{"type":"Point","coordinates":[-86.19465994,39.7511725]},"properties":{"name":"MARY RIGG NEIGHBORHOOD CENTER","assetType":"Job Search/Placement","dataYear":"2018","assetId":"919863","subcategory":"Public Assistance","detail":"https://classic.savi.org/SAVI/PopUps/AssetMoreInfo.aspx?AssetID=919863"}},{"type":"Feature","geometry":{"type":"Point","coordinates":[-86.10124191,39.58913637]},"properties":{"name":"CENTRAL NINE CAREER CENTER","assetType":"Job Training","dataYear":"2019","assetId":"922270","subcategory":"Public Assistance","detail":"https://classic.savi.org/SAVI/PopUps/AssetMoreInfo.aspx?AssetID=922270"}},{"type":"Feature","geometry":{"type":"Point","coordinates":[-86.07395305,39.78767612]},"properties":{"name":"COMMUNITY HEALTH NETWORK","assetType":"Job Training","dataYear":"2019","assetId":"919393","subcategory":"Public Assistance","detail":"https://classic.savi.org/SAVI/PopUps/AssetMoreInfo.aspx?AssetID=919393"}},{"type":"Feature","geometry":{"type":"Point","coordinates":[-86.0825234,39.6494511]},"properties":{"name":"FRANCISCAN HEALTH INDIANAPOLIS","assetType":"Job Training","dataYear":"2019","assetId":"917386","subcategory":"Public Assistance","detail":"https://classic.savi.org/SAVI/PopUps/AssetMoreInfo.aspx?AssetID=917386"}},{"type":"Feature","geometry":{"type":"Point","coordinates":[-86.12854133,39.91231247]},"properties":{"name":"J EVERETT LIGHT CAREER CENTER","assetType":"Job Training","dataYear":"2019","assetId":"918433","subcategory":"Public Assistance","detail":"https://classic.savi.org/SAVI/PopUps/AssetMoreInfo.aspx?AssetID=918433"}},{"type":"Feature","geometry":{"type":"Point","coordinates":[-85.67588328,40.106611]},"properties":{"name":"JobSource","assetType":"Job Training","dataYear":"2019","assetId":"934121","subcategory":"Public Assistance","detail":"https://classic.savi.org/SAVI/PopUps/AssetMoreInfo.aspx?AssetID=934121"}},{"type":"Feature","geometry":{"type":"Point","coordinates":[-86.13908525,39.76569962]},"properties":{"name":"SECOND HELPINGS","assetType":"Job Training","dataYear":"2019","assetId":"922260","subcategory":"Public Assistance","detail":"https://classic.savi.org/SAVI/PopUps/AssetMoreInfo.aspx?AssetID=922260"}},{"type":"Feature","geometry":{"type":"Point","coordinates":[-85.9972236,39.79605186]},"properties":{"name":"WALKER CAREER CENTER","assetType":"Job Training","dataYear":"2019","assetId":"922557","subcategory":"Public Assistance","detail":"https://classic.savi.org/SAVI/PopUps/AssetMoreInfo.aspx?AssetID=922557"}},{"type":"Feature","geometry":{"type":"Point","coordinates":[-86.15539428,39.77473038]},"properties":{"name":"National Labor Relations Board","assetType":"Labor Regulations","dataYear":"2007","assetId":"624267","subcategory":"Public Assistance","detail":"https://classic.savi.org/SAVI/PopUps/AssetMoreInfo.aspx?AssetID=624267"}},{"type":"Feature","geometry":{"type":"Point","coordinates":[-86.15715284,39.76992531]},"properties":{"name":"US Department of Labor Wage and Hour Division","assetType":"Labor Regulations","dataYear":"2007","assetId":"624904","subcategory":"Public Assistance","detail":"https://classic.savi.org/SAVI/PopUps/AssetMoreInfo.aspx?AssetID=624904"}},{"type":"Feature","geometry":{"type":"Point","coordinates":[-86.15670687,39.82320271]},"properties":{"name":"AMERICAN INDIAN CENTER OF INDIANA","assetType":"Pre-Job Guidance","dataYear":"2018","assetId":"918289","subcategory":"Public Assistance","detail":"https://classic.savi.org/SAVI/PopUps/AssetMoreInfo.aspx?AssetID=918289"}},{"type":"Feature","geometry":{"type":"Point","coordinates":[-86.14792946,39.66533628]},"properties":{"name":"BEACON OF HOPE CRISIS CENTER","assetType":"Pre-Job Guidance","dataYear":"2018","assetId":"917537","subcategory":"Public Assistance","detail":"https://classic.savi.org/SAVI/PopUps/AssetMoreInfo.aspx?AssetID=917537"}},{"type":"Feature","geometry":{"type":"Point","coordinates":[-86.10133166,39.80299985]},"properties":{"name":"BRIGHTWOOD BRANCH LIBRARY","assetType":"Pre-Job Guidance","dataYear":"2018","assetId":"918331","subcategory":"Public Assistance","detail":"https://classic.savi.org/SAVI/PopUps/AssetMoreInfo.aspx?AssetID=918331"}},{"type":"Feature","geometry":{"type":"Point","coordinates":[-86.15676506,39.7785962]},"properties":{"name":"CENTRAL LIBRARY","assetType":"Pre-Job Guidance","dataYear":"2018","assetId":"918336","subcategory":"Public Assistance","detail":"https://classic.savi.org/SAVI/PopUps/AssetMoreInfo.aspx?AssetID=918336"}},{"type":"Feature","geometry":{"type":"Point","coordinates":[-86.20120413,39.7747632]},"properties":{"name":"CHRISTAMORE HOUSE FAMILY AND COMMUNITY CENTER","assetType":"Pre-Job Guidance","dataYear":"2018","assetId":"922108","subcategory":"Public Assistance","detail":"https://classic.savi.org/SAVI/PopUps/AssetMoreInfo.aspx?AssetID=922108"}},{"type":"Feature","geometry":{"type":"Point","coordinates":[-86.14525726,39.83191305]},"properties":{"name":"COLLEGE AVENUE BRANCH LIBRARY","assetType":"Pre-Job Guidance","dataYear":"2018","assetId":"918330","subcategory":"Public Assistance","detail":"https://classic.savi.org/SAVI/PopUps/AssetMoreInfo.aspx?AssetID=918330"}},{"type":"Feature","geometry":{"type":"Point","coordinates":[-86.23850338,39.81554679]},"properties":{"name":"EAGLE BRANCH LIBRARY","assetType":"Pre-Job Guidance","dataYear":"2018","assetId":"918073","subcategory":"Public Assistance","detail":"https://classic.savi.org/SAVI/PopUps/AssetMoreInfo.aspx?AssetID=918073"}},{"type":"Feature","geometry":{"type":"Point","coordinates":[-86.07586745,39.82556541]},"properties":{"name":"EAST 38TH STREET BRANCH LIBRARY","assetType":"Pre-Job Guidance","dataYear":"2018","assetId":"918152","subcategory":"Public Assistance","detail":"https://classic.savi.org/SAVI/PopUps/AssetMoreInfo.aspx?AssetID=918152"}},{"type":"Feature","geometry":{"type":"Point","coordinates":[-86.11906905,39.80330126]},"properties":{"name":"EDNA MARTIN CHRISTIAN CENTER","assetType":"Pre-Job Guidance","dataYear":"2018","assetId":"919848","subcategory":"Public Assistance","detail":"https://classic.savi.org/SAVI/PopUps/AssetMoreInfo.aspx?AssetID=919848"}},{"type":"Feature","geometry":{"type":"Point","coordinates":[-86.17027103,39.80159246]},"properties":{"name":"FLANNER HOUSE OF INDIANAPOLIS","assetType":"Pre-Job Guidance","dataYear":"2018","assetId":"919472","subcategory":"Public Assistance","detail":"https://classic.savi.org/SAVI/PopUps/AssetMoreInfo.aspx?AssetID=919472"}},{"type":"Feature","geometry":{"type":"Point","coordinates":[-86.14005535,39.7319632]},"properties":{"name":"GARFIELD PARK BRANCH LIBRARY","assetType":"Pre-Job Guidance","dataYear":"2018","assetId":"918141","subcategory":"Public Assistance","detail":"https://classic.savi.org/SAVI/PopUps/AssetMoreInfo.aspx?AssetID=918141"}},{"type":"Feature","geometry":{"type":"Point","coordinates":[-86.20166779,39.76743222]},"properties":{"name":"HAWTHORNE COMMUNITY CENTER","assetType":"Pre-Job Guidance","dataYear":"2018","assetId":"918458","subcategory":"Public Assistance","detail":"https://classic.savi.org/SAVI/PopUps/AssetMoreInfo.aspx?AssetID=918458"}},{"type":"Feature","geometry":{"type":"Point","coordinates":[-86.16964748,39.7776688]},"properties":{"name":"INDIANAPOLIS URBAN LEAGUE","assetType":"Pre-Job Guidance","dataYear":"2018","assetId":"921953","subcategory":"Public Assistance","detail":"https://classic.savi.org/SAVI/PopUps/AssetMoreInfo.aspx?AssetID=921953"}},{"type":"Feature","geometry":{"type":"Point","coordinates":[-86.12315795,39.78155671]},"properties":{"name":"JOHN BONER NEIGHBORHOOD CENTERS","assetType":"Pre-Job Guidance","dataYear":"2018","assetId":"917587","subcategory":"Public Assistance","detail":"https://classic.savi.org/SAVI/PopUps/AssetMoreInfo.aspx?AssetID=917587"}},{"type":"Feature","geometry":{"type":"Point","coordinates":[-86.13612052,39.78404419]},"properties":{"name":"KEYS TO WORK","assetType":"Pre-Job Guidance","dataYear":"2018","assetId":"919000","subcategory":"Public Assistance","detail":"https://classic.savi.org/SAVI/PopUps/AssetMoreInfo.aspx?AssetID=919000"}},{"type":"Feature","geometry":{"type":"Point","coordinates":[-86.19465994,39.7511725]},"properties":{"name":"MARY RIGG NEIGHBORHOOD CENTER","assetType":"Pre-Job Guidance","dataYear":"2018","assetId":"919862","subcategory":"Public Assistance","detail":"https://classic.savi.org/SAVI/PopUps/AssetMoreInfo.aspx?AssetID=919862"}},{"type":"Feature","geometry":{"type":"Point","coordinates":[-86.25889984,39.87487212]},"properties":{"name":"PIKE BRANCH LIBRARY","assetType":"Pre-Job Guidance","dataYear":"2018","assetId":"918142","subcategory":"Public Assistance","detail":"https://classic.savi.org/SAVI/PopUps/AssetMoreInfo.aspx?AssetID=918142"}},{"type":"Feature","geometry":{"type":"Point","coordinates":[-86.01323702,40.03641868]},"properties":{"name":"PREVAIL","assetType":"Pre-Job Guidance","dataYear":"2018","assetId":"917742","subcategory":"Public Assistance","detail":"https://classic.savi.org/SAVI/PopUps/AssetMoreInfo.aspx?AssetID=917742"}},{"type":"Feature","geometry":{"type":"Point","coordinates":[-86.22338425,39.91893004]},"properties":{"name":"SAINT VINCENT HEALTH SPECIAL TALENTS TO ACHIEVE AND RISE STAR","assetType":"Pre-Job Guidance","dataYear":"2018","assetId":"919451","subcategory":"Public Assistance","detail":"https://classic.savi.org/SAVI/PopUps/AssetMoreInfo.aspx?AssetID=919451"}},{"type":"Feature","geometry":{"type":"Point","coordinates":[-86.13933304,39.75459711]},"properties":{"name":"SOUTHEAST COMMUNITY SERVICES","assetType":"Pre-Job Guidance","dataYear":"2018","assetId":"917602","subcategory":"Public Assistance","detail":"https://classic.savi.org/SAVI/PopUps/AssetMoreInfo.aspx?AssetID=917602"}},{"type":"Feature","geometry":{"type":"Point","coordinates":[-86.11754042,39.65087768]},"properties":{"name":"SOUTHPORT BRANCH LIBRARY","assetType":"Pre-Job Guidance","dataYear":"2018","assetId":"918136","subcategory":"Public Assistance","detail":"https://classic.savi.org/SAVI/PopUps/AssetMoreInfo.aspx?AssetID=918136"}},{"type":"Feature","geometry":{"type":"Point","coordinates":[-85.9955155,39.79606382]},"properties":{"name":"WARREN BRANCH LIBRARY","assetType":"Pre-Job Guidance","dataYear":"2018","assetId":"918013","subcategory":"Public Assistance","detail":"https://classic.savi.org/SAVI/PopUps/AssetMoreInfo.aspx?AssetID=918013"}},{"type":"Feature","geometry":{"type":"Point","coordinates":[-86.47040586,40.07262213]},"properties":{"name":"Employment and Training - WIA Boone County","assetType":"Public Employment and Training Programs","dataYear":"2007","assetId":"623792","subcategory":"Public Assistance","detail":"https://classic.savi.org/SAVI/PopUps/AssetMoreInfo.aspx?AssetID=623792"}},{"type":"Feature","geometry":{"type":"Point","coordinates":[-86.04552259,39.89461027]},"properties":{"name":"Employment and Training Svc - WIA Shelby Co","assetType":"Public Employment and Training Programs","dataYear":"2007","assetId":"623762","subcategory":"Public Assistance","detail":"https://classic.savi.org/SAVI/PopUps/AssetMoreInfo.aspx?AssetID=623762"}},{"type":"Feature","geometry":{"type":"Point","coordinates":[-86.01030599,39.86065881]},"properties":{"name":"National Farmworker Jobs Program Transition Resources Corp","assetType":"Public Employment and Training Programs","dataYear":"2007","assetId":"625245","subcategory":"Public Assistance","detail":"https://classic.savi.org/SAVI/PopUps/AssetMoreInfo.aspx?AssetID=625245"}},{"type":"Feature","geometry":{"type":"Point","coordinates":[-86.04559791,39.80390652]},"properties":{"name":"WIA - Workforce Investment Act JobWorks Eastside Office","assetType":"Public Employment and Training Programs","dataYear":"2007","assetId":"626537","subcategory":"Public Assistance","detail":"https://classic.savi.org/SAVI/PopUps/AssetMoreInfo.aspx?AssetID=626537"}},{"type":"Feature","geometry":{"type":"Point","coordinates":[-86.40385421,39.7620467]},"properties":{"name":"WIA - Workforce Investment Act WorkOne Express Avon","assetType":"Public Employment and Training Programs","dataYear":"2007","assetId":"624187","subcategory":"Public Assistance","detail":"https://classic.savi.org/SAVI/PopUps/AssetMoreInfo.aspx?AssetID=624187"}},{"type":"Feature","geometry":{"type":"Point","coordinates":[-86.06346207,39.48498797]},"properties":{"name":"WIA - Workforce Investment Act WorkOne Express Johnson Co","assetType":"Public Employment and Training Programs","dataYear":"2007","assetId":"624031","subcategory":"Public Assistance","detail":"https://classic.savi.org/SAVI/PopUps/AssetMoreInfo.aspx?AssetID=624031"}},{"type":"Feature","geometry":{"type":"Point","coordinates":[-86.269625,39.776633]},"properties":{"name":"WIA - Workforce Investment Act West JobWorks","assetType":"Public Employment and Training Programs","dataYear":"2007","assetId":"626508","subcategory":"Public Assistance","detail":"https://classic.savi.org/SAVI/PopUps/AssetMoreInfo.aspx?AssetID=626508"}},{"type":"Feature","geometry":{"type":"Point","coordinates":[-85.76752861,39.77378424]},"properties":{"name":"WorkOne Express Hancock Co - WIA - Workforce Investment Act","assetType":"Public Employment and Training Programs","dataYear":"2007","assetId":"623545","subcategory":"Public Assistance","detail":"https://classic.savi.org/SAVI/PopUps/AssetMoreInfo.aspx?AssetID=623545"}},{"type":"Feature","geometry":{"type":"Point","coordinates":[-86.19069133,39.77462371]},"properties":{"name":"GOODWILL OF CENTRAL & SOUTHERN INDIANA","assetType":"Senior Community Service Employment Programs","dataYear":"2018","assetId":"918789","subcategory":"Public Assistance","detail":"https://classic.savi.org/SAVI/PopUps/AssetMoreInfo.aspx?AssetID=918789"}},{"type":"Feature","geometry":{"type":"Point","coordinates":[-86.47716969,40.04760938]},"properties":{"name":"Arc Rehab Services - Work Services","assetType":"Sheltered Employment","dataYear":"2007","assetId":"624700","subcategory":"Public Assistance","detail":"https://classic.savi.org/SAVI/PopUps/AssetMoreInfo.aspx?AssetID=624700"}},{"type":"Feature","geometry":{"type":"Point","coordinates":[-86.02215665,39.8165441]},"properties":{"name":"Easter Seals Crossroads Rehab Ctr - Industrial Employment","assetType":"Sheltered Employment","dataYear":"2007","assetId":"623503","subcategory":"Public Assistance","detail":"https://classic.savi.org/SAVI/PopUps/AssetMoreInfo.aspx?AssetID=623503"}},{"type":"Feature","geometry":{"type":"Point","coordinates":[-86.190938,39.774601]},"properties":{"name":"Goodwill Industries - Industrial Division","assetType":"Sheltered Employment","dataYear":"2007","assetId":"624174","subcategory":"Public Assistance","detail":"https://classic.savi.org/SAVI/PopUps/AssetMoreInfo.aspx?AssetID=624174"}},{"type":"Feature","geometry":{"type":"Point","coordinates":[-86.10834471,39.69399455]},"properties":{"name":"Handi-capable Hands","assetType":"Sheltered Employment","dataYear":"2007","assetId":"623725","subcategory":"Public Assistance","detail":"https://classic.savi.org/SAVI/PopUps/AssetMoreInfo.aspx?AssetID=623725"}},{"type":"Feature","geometry":{"type":"Point","coordinates":[-86.04566849,40.0433052]},"properties":{"name":"Janus Developmental Services - Sheltered Employment","assetType":"Sheltered Employment","dataYear":"2007","assetId":"624066","subcategory":"Public Assistance","detail":"https://classic.savi.org/SAVI/PopUps/AssetMoreInfo.aspx?AssetID=624066"}},{"type":"Feature","geometry":{"type":"Point","coordinates":[-86.2160211,39.80172249]},"properties":{"name":"Noble of Indiana - Noble Industries","assetType":"Sheltered Employment","dataYear":"2007","assetId":"623760","subcategory":"Public Assistance","detail":"https://classic.savi.org/SAVI/PopUps/AssetMoreInfo.aspx?AssetID=623760"}},{"type":"Feature","geometry":{"type":"Point","coordinates":[-86.5046585,39.76724816]},"properties":{"name":"Sycamore Services Hendricks County - Sheltered Workshop","assetType":"Sheltered Employment","dataYear":"2007","assetId":"623929","subcategory":"Public Assistance","detail":"https://classic.savi.org/SAVI/PopUps/AssetMoreInfo.aspx?AssetID=623929"}},{"type":"Feature","geometry":{"type":"Point","coordinates":[-86.15361053,39.76991165]},"properties":{"name":"ADULT AND CHILD - EAST OHIO STREET","assetType":"Supported Employment","dataYear":"2013","assetId":"799759","subcategory":"Public Assistance","detail":"https://classic.savi.org/SAVI/PopUps/AssetMoreInfo.aspx?AssetID=799759"}},{"type":"Feature","geometry":{"type":"Point","coordinates":[-86.25999753,39.89858954]},"properties":{"name":"BOSMA ENTERPRISES","assetType":"Supported Employment","dataYear":"2013","assetId":"797938","subcategory":"Public Assistance","detail":"https://classic.savi.org/SAVI/PopUps/AssetMoreInfo.aspx?AssetID=797938"}},{"type":"Feature","geometry":{"type":"Point","coordinates":[-86.12088178,39.84265801]},"properties":{"name":"EASTER SEALS CROSSROADS","assetType":"Supported Employment","dataYear":"2013","assetId":"797469","subcategory":"Public Assistance","detail":"https://classic.savi.org/SAVI/PopUps/AssetMoreInfo.aspx?AssetID=797469"}},{"type":"Feature","geometry":{"type":"Point","coordinates":[-86.19093545,39.77460328]},"properties":{"name":"GOODWILL INDUSTRIES OF CENTRAL INDIANA","assetType":"Supported Employment","dataYear":"2013","assetId":"798003","subcategory":"Public Assistance","detail":"https://classic.savi.org/SAVI/PopUps/AssetMoreInfo.aspx?AssetID=798003"}},{"type":"Feature","geometry":{"type":"Point","coordinates":[-86.04566712,40.04330519]},"properties":{"name":"JANUS DEVELOPMENTAL SERVICES","assetType":"Supported Employment","dataYear":"2013","assetId":"798725","subcategory":"Public Assistance","detail":"https://classic.savi.org/SAVI/PopUps/AssetMoreInfo.aspx?AssetID=798725"}},{"type":"Feature","geometry":{"type":"Point","coordinates":[-86.15380411,39.78637436]},"properties":{"name":"MENTAL HEALTH AMERICA OF INDIANA","assetType":"Supported Employment","dataYear":"2013","assetId":"797575","subcategory":"Public Assistance","detail":"https://classic.savi.org/SAVI/PopUps/AssetMoreInfo.aspx?AssetID=797575"}},{"type":"Feature","geometry":{"type":"Point","coordinates":[-86.11669709,39.6159485]},"properties":{"name":"MENTAL HEALTH AMERICA OF INDIANA - COMMUNITY CONNECTIONS","assetType":"Supported Employment","dataYear":"2013","assetId":"799328","subcategory":"Public Assistance","detail":"https://classic.savi.org/SAVI/PopUps/AssetMoreInfo.aspx?AssetID=799328"}},{"type":"Feature","geometry":{"type":"Point","coordinates":[-86.15917106,39.78950725]},"properties":{"name":"MIDTOWN 1700 PLACE","assetType":"Supported Employment","dataYear":"2013","assetId":"799703","subcategory":"Public Assistance","detail":"https://classic.savi.org/SAVI/PopUps/AssetMoreInfo.aspx?AssetID=799703"}},{"type":"Feature","geometry":{"type":"Point","coordinates":[-86.14960913,39.96557877]},"properties":{"name":"NOBLE OF INDIANA NORTH","assetType":"Supported Employment","dataYear":"2013","assetId":"799380","subcategory":"Public Assistance","detail":"https://classic.savi.org/SAVI/PopUps/AssetMoreInfo.aspx?AssetID=799380"}},{"type":"Feature","geometry":{"type":"Point","coordinates":[-85.76837202,39.7782568]},"properties":{"name":"SHARES INC - GREENFIELD","assetType":"Supported Employment","dataYear":"2013","assetId":"799414","subcategory":"Public Assistance","detail":"https://classic.savi.org/SAVI/PopUps/AssetMoreInfo.aspx?AssetID=799414"}},{"type":"Feature","geometry":{"type":"Point","coordinates":[-85.78550474,39.51000791]},"properties":{"name":"SHARES INC - SHELBYVILLE","assetType":"Supported Employment","dataYear":"2013","assetId":"798816","subcategory":"Public Assistance","detail":"https://classic.savi.org/SAVI/PopUps/AssetMoreInfo.aspx?AssetID=798816"}},{"type":"Feature","geometry":{"type":"Point","coordinates":[-86.50373562,39.76761051]},"properties":{"name":"SYCAMORE SERVICES","assetType":"Supported Employment","dataYear":"2013","assetId":"799094","subcategory":"Public Assistance","detail":"https://classic.savi.org/SAVI/PopUps/AssetMoreInfo.aspx?AssetID=799094"}},{"type":"Feature","geometry":{"type":"Point","coordinates":[-86.4770644,40.04762263]},"properties":{"name":"THE ARC OF GREATER BOONE COUNTY","assetType":"Supported Employment","dataYear":"2013","assetId":"796666","subcategory":"Public Assistance","detail":"https://classic.savi.org/SAVI/PopUps/AssetMoreInfo.aspx?AssetID=796666"}},{"type":"Feature","geometry":{"type":"Point","coordinates":[-86.47718756,40.04762162]},"properties":{"name":"THE ARC OF GREATER BOONE COUNTY - MAINSTREET ENTERPRISES","assetType":"Supported Employment","dataYear":"2013","assetId":"799658","subcategory":"Public Assistance","detail":"https://classic.savi.org/SAVI/PopUps/AssetMoreInfo.aspx?AssetID=799658"}},{"type":"Feature","geometry":{"type":"Point","coordinates":[-86.26207939,39.94944365]},"properties":{"name":"THE ARC OF GREATER BOONE COUNTY - ZIONSVILLE","assetType":"Supported Employment","dataYear":"2013","assetId":"799212","subcategory":"Public Assistance","detail":"https://classic.savi.org/SAVI/PopUps/AssetMoreInfo.aspx?AssetID=799212"}},{"type":"Feature","geometry":{"type":"Point","coordinates":[-86.11935686,39.86246524]},"properties":{"name":"VOCATIONAL REHABILITATION SERVICES - AREAS 13 AND14","assetType":"Vocational Assessment","dataYear":"2018","assetId":"918554","subcategory":"Public Assistance","detail":"https://classic.savi.org/SAVI/PopUps/AssetMoreInfo.aspx?AssetID=918554"}},{"type":"Feature","geometry":{"type":"Point","coordinates":[-86.11935686,39.86246524]},"properties":{"name":"VOCATIONAL REHABILITATION SERVICES - AREAS 13 AND14","assetType":"Vocational Assessment","dataYear":"2018","assetId":"918553","subcategory":"Public Assistance","detail":"https://classic.savi.org/SAVI/PopUps/AssetMoreInfo.aspx?AssetID=918553"}},{"type":"Feature","geometry":{"type":"Point","coordinates":[-86.27767424,39.82643493]},"properties":{"name":"VOCATIONAL REHABILITATION SERVICES - AREAS 15 AND 16","assetType":"Vocational Assessment","dataYear":"2018","assetId":"918552","subcategory":"Public Assistance","detail":"https://classic.savi.org/SAVI/PopUps/AssetMoreInfo.aspx?AssetID=918552"}},{"type":"Feature","geometry":{"type":"Point","coordinates":[-86.27767424,39.82643493]},"properties":{"name":"VOCATIONAL REHABILITATION SERVICES - AREAS 15 AND 16","assetType":"Vocational Assessment","dataYear":"2018","assetId":"918551","subcategory":"Public Assistance","detail":"https://classic.savi.org/SAVI/PopUps/AssetMoreInfo.aspx?AssetID=918551"}},{"type":"Feature","geometry":{"type":"Point","coordinates":[-86.11935686,39.86246524]},"properties":{"name":"VOCATIONAL REHABILITATION SERVICES - AREAS 13 AND14","assetType":"Vocational Rehabilitation","dataYear":"2018","assetId":"918555","subcategory":"Public Assistance","detail":"https://classic.savi.org/SAVI/PopUps/AssetMoreInfo.aspx?AssetID=918555"}},{"type":"Feature","geometry":{"type":"Point","coordinates":[-86.11935686,39.86246524]},"properties":{"name":"VOCATIONAL REHABILITATION SERVICES - AREAS 13 AND14","assetType":"Vocational Rehabilitation","dataYear":"2018","assetId":"918556","subcategory":"Public Assistance","detail":"https://classic.savi.org/SAVI/PopUps/AssetMoreInfo.aspx?AssetID=918556"}},{"type":"Feature","geometry":{"type":"Point","coordinates":[-86.27767424,39.82643493]},"properties":{"name":"VOCATIONAL REHABILITATION SERVICES - AREAS 15 AND 16","assetType":"Vocational Rehabilitation","dataYear":"2018","assetId":"918549","subcategory":"Public Assistance","detail":"https://classic.savi.org/SAVI/PopUps/AssetMoreInfo.aspx?AssetID=918549"}},{"type":"Feature","geometry":{"type":"Point","coordinates":[-86.27767424,39.82643493]},"properties":{"name":"VOCATIONAL REHABILITATION SERVICES - AREAS 15 AND 16","assetType":"Vocational Rehabilitation","dataYear":"2018","assetId":"918550","subcategory":"Public Assistance","detail":"https://classic.savi.org/SAVI/PopUps/AssetMoreInfo.aspx?AssetID=918550"}},{"type":"Feature","geometry":{"type":"Point","coordinates":[-86.4903543,40.04438473]},"properties":{"name":"BOONE COUNTY DIVISION OF FAMILY RESOURCES","assetType":"Welfare Recipient Employment Programs","dataYear":"2018","assetId":"920077","subcategory":"Public Assistance","detail":"https://classic.savi.org/SAVI/PopUps/AssetMoreInfo.aspx?AssetID=920077"}},{"type":"Feature","geometry":{"type":"Point","coordinates":[-86.2456641,39.20853166]},"properties":{"name":"BROWN COUNTY DIVISION OF FAMILY RESOURCES","assetType":"Welfare Recipient Employment Programs","dataYear":"2018","assetId":"919872","subcategory":"Public Assistance","detail":"https://classic.savi.org/SAVI/PopUps/AssetMoreInfo.aspx?AssetID=919872"}},{"type":"Feature","geometry":{"type":"Point","coordinates":[-86.0128125,40.03651889]},"properties":{"name":"HAMILTON COUNTY DIVISION OF FAMILY RESOURCES","assetType":"Welfare Recipient Employment Programs","dataYear":"2018","assetId":"920203","subcategory":"Public Assistance","detail":"https://classic.savi.org/SAVI/PopUps/AssetMoreInfo.aspx?AssetID=920203"}},{"type":"Feature","geometry":{"type":"Point","coordinates":[-85.76848829,39.80995404]},"properties":{"name":"HANCOCK COUNTY DIVISION OF FAMILY RESOURCES","assetType":"Welfare Recipient Employment Programs","dataYear":"2018","assetId":"920201","subcategory":"Public Assistance","detail":"https://classic.savi.org/SAVI/PopUps/AssetMoreInfo.aspx?AssetID=920201"}},{"type":"Feature","geometry":{"type":"Point","coordinates":[-86.36405978,39.71334001]},"properties":{"name":"HENDRICKS COUNTY DIVISION OF FAMILY RESOURCES","assetType":"Welfare Recipient Employment Programs","dataYear":"2018","assetId":"920080","subcategory":"Public Assistance","detail":"https://classic.savi.org/SAVI/PopUps/AssetMoreInfo.aspx?AssetID=920080"}},{"type":"Feature","geometry":{"type":"Point","coordinates":[-86.02517117,39.48082336]},"properties":{"name":"JOHNSON COUNTY DIVISION OF FAMILY RESOURCES","assetType":"Welfare Recipient Employment Programs","dataYear":"2018","assetId":"920145","subcategory":"Public Assistance","detail":"https://classic.savi.org/SAVI/PopUps/AssetMoreInfo.aspx?AssetID=920145"}},{"type":"Feature","geometry":{"type":"Point","coordinates":[-85.67588328,40.106611]},"properties":{"name":"MADISON COUNTY DIVISION OF FAMILY RESOURCES","assetType":"Welfare Recipient Employment Programs","dataYear":"2018","assetId":"920131","subcategory":"Public Assistance","detail":"https://classic.savi.org/SAVI/PopUps/AssetMoreInfo.aspx?AssetID=920131"}},{"type":"Feature","geometry":{"type":"Point","coordinates":[-86.15692077,39.81503262]},"properties":{"name":"MARION COUNTY DIVISION OF FAMILY RESOURCES - CENTRAL","assetType":"Welfare Recipient Employment Programs","dataYear":"2018","assetId":"920132","subcategory":"Public Assistance","detail":"https://classic.savi.org/SAVI/PopUps/AssetMoreInfo.aspx?AssetID=920132"}},{"type":"Feature","geometry":{"type":"Point","coordinates":[-86.06416279,39.78453312]},"properties":{"name":"MARION COUNTY DIVISION OF FAMILY RESOURCES - EAST","assetType":"Welfare Recipient Employment Programs","dataYear":"2018","assetId":"919873","subcategory":"Public Assistance","detail":"https://classic.savi.org/SAVI/PopUps/AssetMoreInfo.aspx?AssetID=919873"}},{"type":"Feature","geometry":{"type":"Point","coordinates":[-86.11935686,39.86246524]},"properties":{"name":"MARION COUNTY DIVISION OF FAMILY RESOURCES - NORTH","assetType":"Welfare Recipient Employment Programs","dataYear":"2018","assetId":"919935","subcategory":"Public Assistance","detail":"https://classic.savi.org/SAVI/PopUps/AssetMoreInfo.aspx?AssetID=919935"}},{"type":"Feature","geometry":{"type":"Point","coordinates":[-86.14336714,39.70922411]},"properties":{"name":"MARION COUNTY DIVISION OF FAMILY RESOURCES - SOUTH","assetType":"Welfare Recipient Employment Programs","dataYear":"2018","assetId":"920193","subcategory":"Public Assistance","detail":"https://classic.savi.org/SAVI/PopUps/AssetMoreInfo.aspx?AssetID=920193"}},{"type":"Feature","geometry":{"type":"Point","coordinates":[-86.25689949,39.79541962]},"properties":{"name":"MARION COUNTY DIVISION OF FAMILY RESOURCES - WEST","assetType":"Welfare Recipient Employment Programs","dataYear":"2018","assetId":"920074","subcategory":"Public Assistance","detail":"https://classic.savi.org/SAVI/PopUps/AssetMoreInfo.aspx?AssetID=920074"}},{"type":"Feature","geometry":{"type":"Point","coordinates":[-86.2687059,39.54496811]},"properties":{"name":"MORGAN COUNTY DIVISION OF FAMILY RESOURCES","assetType":"Welfare Recipient Employment Programs","dataYear":"2018","assetId":"919957","subcategory":"Public Assistance","detail":"https://classic.savi.org/SAVI/PopUps/AssetMoreInfo.aspx?AssetID=919957"}},{"type":"Feature","geometry":{"type":"Point","coordinates":[-86.83874337,39.64196476]},"properties":{"name":"PUTNAM COUNTY DIVISION OF FAMILY SERVICES","assetType":"Welfare Recipient Employment Programs","dataYear":"2018","assetId":"919871","subcategory":"Public Assistance","detail":"https://classic.savi.org/SAVI/PopUps/AssetMoreInfo.aspx?AssetID=919871"}},{"type":"Feature","geometry":{"type":"Point","coordinates":[-85.74066902,39.51636058]},"properties":{"name":"SHELBY COUNTY DIVISION OF FAMILY RESOURCES","assetType":"Welfare Recipient Employment Programs","dataYear":"2018","assetId":"920140","subcategory":"Public Assistance","detail":"https://classic.savi.org/SAVI/PopUps/AssetMoreInfo.aspx?AssetID=920140"}},{"type":"Feature","geometry":{"type":"Point","coordinates":[-86.15557793,39.77199587]},"properties":{"name":"Training Inc","assetType":"WIA Programs","dataYear":"2013","assetId":"802511","subcategory":"Public Assistance","detail":"https://classic.savi.org/SAVI/PopUps/AssetMoreInfo.aspx?AssetID=802511"}},{"type":"Feature","geometry":{"type":"Point","coordinates":[-86.168256,39.78826]},"properties":{"name":"CHILDREN S BUREAU - GENE GLICK FAMILY SUPPORT CENTER","assetType":"Youth Job Development","dataYear":"2013","assetId":"796726","subcategory":"Public Assistance","detail":"https://classic.savi.org/SAVI/PopUps/AssetMoreInfo.aspx?AssetID=796726"}},{"type":"Feature","geometry":{"type":"Point","coordinates":[-86.20116114,39.77472935]},"properties":{"name":"CHRISTAMORE HOUSE FAMILY AND COMMUNITY CENTER","assetType":"Youth Job Development","dataYear":"2013","assetId":"796879","subcategory":"Public Assistance","detail":"https://classic.savi.org/SAVI/PopUps/AssetMoreInfo.aspx?AssetID=796879"}},{"type":"Feature","geometry":{"type":"Point","coordinates":[-86.158873,39.80719714]},"properties":{"name":"FATHERS AND FAMILIES CENTER DOWNTOWN","assetType":"Youth Job Development","dataYear":"2013","assetId":"797396","subcategory":"Public Assistance","detail":"https://classic.savi.org/SAVI/PopUps/AssetMoreInfo.aspx?AssetID=797396"}},{"type":"Feature","geometry":{"type":"Point","coordinates":[-86.13693472,39.78160973]},"properties":{"name":"KEYS TO WORK","assetType":"Youth Job Development","dataYear":"2013","assetId":"798021","subcategory":"Public Assistance","detail":"https://classic.savi.org/SAVI/PopUps/AssetMoreInfo.aspx?AssetID=798021"}},{"type":"Feature","geometry":{"type":"Point","coordinates":[-86.19464315,39.75116644]},"properties":{"name":"MARY RIGG NEIGHBORHOOD CENTER","assetType":"Youth Job Development","dataYear":"2013","assetId":"797539","subcategory":"Public Assistance","detail":"https://classic.savi.org/SAVI/PopUps/AssetMoreInfo.aspx?AssetID=797539"}},{"type":"Feature","geometry":{"type":"Point","coordinates":[-85.98916951,39.82254285]},"properties":{"name":"PATHWAY RESOURCE CENTER","assetType":"Youth Job Development","dataYear":"2013","assetId":"797376","subcategory":"Public Assistance","detail":"https://classic.savi.org/SAVI/PopUps/AssetMoreInfo.aspx?AssetID=797376"}},{"type":"Feature","geometry":{"type":"Point","coordinates":[-86.22043078,40.1369393]},"properties":{"name":"ADAMS TOWNSHIP TRUSTEE HAMILTON COUNTY","assetType":"Burial/Cremation Expense Assistance","dataYear":"2018","assetId":"918477","subcategory":"Public Assistance","detail":"https://classic.savi.org/SAVI/PopUps/AssetMoreInfo.aspx?AssetID=918477"}},{"type":"Feature","geometry":{"type":"Point","coordinates":[-85.65404433,39.99248624]},"properties":{"name":"ADAMS TOWNSHIP TRUSTEE MADISON COUNTY","assetType":"Burial/Cremation Expense Assistance","dataYear":"2018","assetId":"920475","subcategory":"Public Assistance","detail":"https://classic.savi.org/SAVI/PopUps/AssetMoreInfo.aspx?AssetID=920475"}},{"type":"Feature","geometry":{"type":"Point","coordinates":[-86.58560197,39.52107037]},"properties":{"name":"ADAMS TOWNSHIP TRUSTEE MORGAN COUNTY","assetType":"Burial/Cremation Expense Assistance","dataYear":"2018","assetId":"918256","subcategory":"Public Assistance","detail":"https://classic.savi.org/SAVI/PopUps/AssetMoreInfo.aspx?AssetID=918256"}},{"type":"Feature","geometry":{"type":"Point","coordinates":[-85.774411,39.51964958]},"properties":{"name":"ADDISON TOWNSHIP TRUSTEE SHELBY COUNTY","assetType":"Burial/Cremation Expense Assistance","dataYear":"2018","assetId":"920487","subcategory":"Public Assistance","detail":"https://classic.savi.org/SAVI/PopUps/AssetMoreInfo.aspx?AssetID=920487"}},{"type":"Feature","geometry":{"type":"Point","coordinates":[-85.69186383,40.0876172]},"properties":{"name":"ANDERSON TOWNSHIP TRUSTEE MADISON COUNTY","assetType":"Burial/Cremation Expense Assistance","dataYear":"2018","assetId":"920006","subcategory":"Public Assistance","detail":"https://classic.savi.org/SAVI/PopUps/AssetMoreInfo.aspx?AssetID=920006"}},{"type":"Feature","geometry":{"type":"Point","coordinates":[-86.59015368,39.46594941]},"properties":{"name":"ASHLAND TOWNSHIP TRUSTEE MORGAN COUNTY","assetType":"Burial/Cremation Expense Assistance","dataYear":"2018","assetId":"918258","subcategory":"Public Assistance","detail":"https://classic.savi.org/SAVI/PopUps/AssetMoreInfo.aspx?AssetID=918258"}},{"type":"Feature","geometry":{"type":"Point","coordinates":[-86.53976457,39.36099715]},"properties":{"name":"BAKER TOWNSHIP TRUSTEE MORGAN COUNTY","assetType":"Burial/Cremation Expense Assistance","dataYear":"2018","assetId":"918032","subcategory":"Public Assistance","detail":"https://classic.savi.org/SAVI/PopUps/AssetMoreInfo.aspx?AssetID=918032"}},{"type":"Feature","geometry":{"type":"Point","coordinates":[-85.67692841,39.77189764]},"properties":{"name":"BLUE RIVER TOWNSHIP TRUSTEE HANCOCK COUNTY","assetType":"Burial/Cremation Expense Assistance","dataYear":"2018","assetId":"922531","subcategory":"Public Assistance","detail":"https://classic.savi.org/SAVI/PopUps/AssetMoreInfo.aspx?AssetID=922531"}},{"type":"Feature","geometry":{"type":"Point","coordinates":[-85.96678325,39.35439477]},"properties":{"name":"BLUE RIVER TOWNSHIP TRUSTEE JOHNSON COUNTY","assetType":"Burial/Cremation Expense Assistance","dataYear":"2018","assetId":"922438","subcategory":"Public Assistance","detail":"https://classic.savi.org/SAVI/PopUps/AssetMoreInfo.aspx?AssetID=922438"}},{"type":"Feature","geometry":{"type":"Point","coordinates":[-85.74290931,40.37568005]},"properties":{"name":"BOONE TOWNSHIP TRUSTEE MADISON COUNTY","assetType":"Burial/Cremation Expense Assistance","dataYear":"2018","assetId":"920673","subcategory":"Public Assistance","detail":"https://classic.savi.org/SAVI/PopUps/AssetMoreInfo.aspx?AssetID=920673"}},{"type":"Feature","geometry":{"type":"Point","coordinates":[-86.39294095,39.90907004]},"properties":{"name":"BROWN TOWNSHIP TRUSTEE HENDRICKS COUNTY","assetType":"Burial/Cremation Expense Assistance","dataYear":"2018","assetId":"917943","subcategory":"Public Assistance","detail":"https://classic.savi.org/SAVI/PopUps/AssetMoreInfo.aspx?AssetID=917943"}},{"type":"Feature","geometry":{"type":"Point","coordinates":[-86.36192889,39.6195823]},"properties":{"name":"BROWN TOWNSHIP TRUSTEE MORGAN COUNTY","assetType":"Burial/Cremation Expense Assistance","dataYear":"2018","assetId":"917955","subcategory":"Public Assistance","detail":"https://classic.savi.org/SAVI/PopUps/AssetMoreInfo.aspx?AssetID=917955"}},{"type":"Feature","geometry":{"type":"Point","coordinates":[-85.90476499,39.84593559]},"properties":{"name":"BUCK CREEK TOWNSHIP TRUSTEE HANCOCK COUNTY","assetType":"Burial/Cremation Expense Assistance","dataYear":"2018","assetId":"917715","subcategory":"Public Assistance","detail":"https://classic.savi.org/SAVI/PopUps/AssetMoreInfo.aspx?AssetID=917715"}},{"type":"Feature","geometry":{"type":"Point","coordinates":[-86.47085009,40.05665059]},"properties":{"name":"CENTER TOWNSHIP TRUSTEE BOONE COUNTY","assetType":"Burial/Cremation Expense Assistance","dataYear":"2018","assetId":"922496","subcategory":"Public Assistance","detail":"https://classic.savi.org/SAVI/PopUps/AssetMoreInfo.aspx?AssetID=922496"}},{"type":"Feature","geometry":{"type":"Point","coordinates":[-85.77210611,39.80356082]},"properties":{"name":"CENTER TOWNSHIP TRUSTEE HANCOCK COUNTY","assetType":"Burial/Cremation Expense Assistance","dataYear":"2018","assetId":"922478","subcategory":"Public Assistance","detail":"https://classic.savi.org/SAVI/PopUps/AssetMoreInfo.aspx?AssetID=922478"}},{"type":"Feature","geometry":{"type":"Point","coordinates":[-86.52411116,39.75972715]},"properties":{"name":"CENTER TOWNSHIP TRUSTEE HENDRICKS COUNTY","assetType":"Burial/Cremation Expense Assistance","dataYear":"2018","assetId":"922427","subcategory":"Public Assistance","detail":"https://classic.savi.org/SAVI/PopUps/AssetMoreInfo.aspx?AssetID=922427"}},{"type":"Feature","geometry":{"type":"Point","coordinates":[-86.14313087,39.7788428]},"properties":{"name":"CENTER TOWNSHIP TRUSTEE MARION COUNTY","assetType":"Burial/Cremation Expense Assistance","dataYear":"2018","assetId":"922357","subcategory":"Public Assistance","detail":"https://classic.savi.org/SAVI/PopUps/AssetMoreInfo.aspx?AssetID=922357"}},{"type":"Feature","geometry":{"type":"Point","coordinates":[-85.98118799,39.60996371]},"properties":{"name":"CLARK TOWNSHIP TRUSTEE JOHNSON COUNTY","assetType":"Burial/Cremation Expense Assistance","dataYear":"2018","assetId":"921665","subcategory":"Public Assistance","detail":"https://classic.savi.org/SAVI/PopUps/AssetMoreInfo.aspx?AssetID=921665"}},{"type":"Feature","geometry":{"type":"Point","coordinates":[-86.14561577,39.94343504]},"properties":{"name":"CLAY TOWNSHIP TRUSTEE HAMILTON COUNTY","assetType":"Burial/Cremation Expense Assistance","dataYear":"2018","assetId":"921789","subcategory":"Public Assistance","detail":"https://classic.savi.org/SAVI/PopUps/AssetMoreInfo.aspx?AssetID=921789"}},{"type":"Feature","geometry":{"type":"Point","coordinates":[-86.3590723,39.51288294]},"properties":{"name":"CLAY TOWNSHIP TRUSTEE MORGAN COUNTY","assetType":"Burial/Cremation Expense Assistance","dataYear":"2018","assetId":"921636","subcategory":"Public Assistance","detail":"https://classic.savi.org/SAVI/PopUps/AssetMoreInfo.aspx?AssetID=921636"}},{"type":"Feature","geometry":{"type":"Point","coordinates":[-86.42274444,40.12257272]},"properties":{"name":"CLINTON TOWNSHIP TRUSTEE BOONE COUNTY","assetType":"Burial/Cremation Expense Assistance","dataYear":"2018","assetId":"921725","subcategory":"Public Assistance","detail":"https://classic.savi.org/SAVI/PopUps/AssetMoreInfo.aspx?AssetID=921725"}},{"type":"Feature","geometry":{"type":"Point","coordinates":[-86.95747213,39.73385877]},"properties":{"name":"CLINTON TOWNSHIP TRUSTEE PUTNAM COUNTY","assetType":"Burial/Cremation Expense Assistance","dataYear":"2018","assetId":"921114","subcategory":"Public Assistance","detail":"https://classic.savi.org/SAVI/PopUps/AssetMoreInfo.aspx?AssetID=921114"}},{"type":"Feature","geometry":{"type":"Point","coordinates":[-86.79275698,39.51380749]},"properties":{"name":"CLOVERDALE TOWNSHIP TRUSTEE PUTNAM COUNTY","assetType":"Burial/Cremation Expense Assistance","dataYear":"2018","assetId":"920870","subcategory":"Public Assistance","detail":"https://classic.savi.org/SAVI/PopUps/AssetMoreInfo.aspx?AssetID=920870"}},{"type":"Feature","geometry":{"type":"Point","coordinates":[-86.27005454,39.68567771]},"properties":{"name":"DECATUR TOWNSHIP TRUSTEE MARION COUNTY","assetType":"Burial/Cremation Expense Assistance","dataYear":"2018","assetId":"919888","subcategory":"Public Assistance","detail":"https://classic.savi.org/SAVI/PopUps/AssetMoreInfo.aspx?AssetID=919888"}},{"type":"Feature","geometry":{"type":"Point","coordinates":[-86.00936241,39.97911534]},"properties":{"name":"DELAWARE TOWNSHIP TRUSTEE HAMILTON COUNTY","assetType":"Burial/Cremation Expense Assistance","dataYear":"2018","assetId":"919668","subcategory":"Public Assistance","detail":"https://classic.savi.org/SAVI/PopUps/AssetMoreInfo.aspx?AssetID=919668"}},{"type":"Feature","geometry":{"type":"Point","coordinates":[-85.81359755,40.30680295]},"properties":{"name":"DUCK CREEK TOWNSHIP TRUSTEE MADISON COUNTY","assetType":"Burial/Cremation Expense Assistance","dataYear":"2018","assetId":"920463","subcategory":"Public Assistance","detail":"https://classic.savi.org/SAVI/PopUps/AssetMoreInfo.aspx?AssetID=920463"}},{"type":"Feature","geometry":{"type":"Point","coordinates":[-86.60917955,39.85579118]},"properties":{"name":"EEL RIVER TOWNSHIP TRUSTEE HENDRICKS COUNTY","assetType":"Burial/Cremation Expense Assistance","dataYear":"2018","assetId":"919645","subcategory":"Public Assistance","detail":"https://classic.savi.org/SAVI/PopUps/AssetMoreInfo.aspx?AssetID=919645"}},{"type":"Feature","geometry":{"type":"Point","coordinates":[-85.9427756,39.95733092]},"properties":{"name":"FALL CREEK TOWNSHIP TRUSTEE HAMILTON COUNTY","assetType":"Burial/Cremation Expense Assistance","dataYear":"2018","assetId":"919577","subcategory":"Public Assistance","detail":"https://classic.savi.org/SAVI/PopUps/AssetMoreInfo.aspx?AssetID=919577"}},{"type":"Feature","geometry":{"type":"Point","coordinates":[-85.74535234,40.002336]},"properties":{"name":"FALL CREEK TOWNSHIP TRUSTEE MADISON COUNTY","assetType":"Burial/Cremation Expense Assistance","dataYear":"2018","assetId":"920456","subcategory":"Public Assistance","detail":"https://classic.savi.org/SAVI/PopUps/AssetMoreInfo.aspx?AssetID=920456"}},{"type":"Feature","geometry":{"type":"Point","coordinates":[-86.74851429,39.76137225]},"properties":{"name":"FLOYD TOWNSHIP TRUSTEE PUTNAM COUNTY","assetType":"Burial/Cremation Expense Assistance","dataYear":"2018","assetId":"920863","subcategory":"Public Assistance","detail":"https://classic.savi.org/SAVI/PopUps/AssetMoreInfo.aspx?AssetID=920863"}},{"type":"Feature","geometry":{"type":"Point","coordinates":[-86.59336074,39.63094378]},"properties":{"name":"FRANKLIN TOWNSHIP TRUSTEE HENDRICKS COUNTY","assetType":"Burial/Cremation Expense Assistance","dataYear":"2018","assetId":"919122","subcategory":"Public Assistance","detail":"https://classic.savi.org/SAVI/PopUps/AssetMoreInfo.aspx?AssetID=919122"}},{"type":"Feature","geometry":{"type":"Point","coordinates":[-86.06344638,39.49333622]},"properties":{"name":"FRANKLIN TOWNSHIP TRUSTEE JOHNSON COUNTY","assetType":"Burial/Cremation Expense Assistance","dataYear":"2018","assetId":"919117","subcategory":"Public Assistance","detail":"https://classic.savi.org/SAVI/PopUps/AssetMoreInfo.aspx?AssetID=919117"}},{"type":"Feature","geometry":{"type":"Point","coordinates":[-86.06339326,39.67761024]},"properties":{"name":"FRANKLIN TOWNSHIP TRUSTEE MARION COUNTY","assetType":"Burial/Cremation Expense Assistance","dataYear":"2018","assetId":"919362","subcategory":"Public Assistance","detail":"https://classic.savi.org/SAVI/PopUps/AssetMoreInfo.aspx?AssetID=919362"}},{"type":"Feature","geometry":{"type":"Point","coordinates":[-86.85209404,39.78100438]},"properties":{"name":"FRANKLIN TOWNSHIP TRUSTEE PUTNAM COUNTY","assetType":"Burial/Cremation Expense Assistance","dataYear":"2018","assetId":"921035","subcategory":"Public Assistance","detail":"https://classic.savi.org/SAVI/PopUps/AssetMoreInfo.aspx?AssetID=921035"}},{"type":"Feature","geometry":{"type":"Point","coordinates":[-85.7056509,39.87256909]},"properties":{"name":"GREEN TOWNSHIP TRUSTEE HANCOCK COUNTY","assetType":"Burial/Cremation Expense Assistance","dataYear":"2018","assetId":"918748","subcategory":"Public Assistance","detail":"https://classic.savi.org/SAVI/PopUps/AssetMoreInfo.aspx?AssetID=918748"}},{"type":"Feature","geometry":{"type":"Point","coordinates":[-85.80616994,39.95697613]},"properties":{"name":"GREEN TOWNSHIP TRUSTEE MADISON COUNTY","assetType":"Burial/Cremation Expense Assistance","dataYear":"2018","assetId":"920586","subcategory":"Public Assistance","detail":"https://classic.savi.org/SAVI/PopUps/AssetMoreInfo.aspx?AssetID=920586"}},{"type":"Feature","geometry":{"type":"Point","coordinates":[-86.33770312,39.45087194]},"properties":{"name":"GREEN TOWNSHIP TRUSTEE MORGAN COUNTY","assetType":"Burial/Cremation Expense Assistance","dataYear":"2018","assetId":"918777","subcategory":"Public Assistance","detail":"https://classic.savi.org/SAVI/PopUps/AssetMoreInfo.aspx?AssetID=918777"}},{"type":"Feature","geometry":{"type":"Point","coordinates":[-86.85343139,39.63713965]},"properties":{"name":"GREENCASTLE TOWNSHIP TRUSTEE PUTNAM COUNTY","assetType":"Burial/Cremation Expense Assistance","dataYear":"2018","assetId":"921029","subcategory":"Public Assistance","detail":"https://classic.savi.org/SAVI/PopUps/AssetMoreInfo.aspx?AssetID=921029"}},{"type":"Feature","geometry":{"type":"Point","coordinates":[-86.39099182,39.68236612]},"properties":{"name":"GUILFORD TOWNSHIP TRUSTEE HENDRICKS COUNTY","assetType":"Burial/Cremation Expense Assistance","dataYear":"2018","assetId":"918709","subcategory":"Public Assistance","detail":"https://classic.savi.org/SAVI/PopUps/AssetMoreInfo.aspx?AssetID=918709"}},{"type":"Feature","geometry":{"type":"Point","coordinates":[-86.11341411,39.31461451]},"properties":{"name":"HAMBLEN TOWNSHIP TRUSTEE BROWN COUNTY","assetType":"Burial/Cremation Expense Assistance","dataYear":"2018","assetId":"916910","subcategory":"Public Assistance","detail":"https://classic.savi.org/SAVI/PopUps/AssetMoreInfo.aspx?AssetID=916910"}},{"type":"Feature","geometry":{"type":"Point","coordinates":[-85.72113402,39.65080359]},"properties":{"name":"HANOVER TOWNSHIP TRUSTEE SHELBY COUNTY","assetType":"Burial/Cremation Expense Assistance","dataYear":"2018","assetId":"918524","subcategory":"Public Assistance","detail":"https://classic.savi.org/SAVI/PopUps/AssetMoreInfo.aspx?AssetID=918524"}},{"type":"Feature","geometry":{"type":"Point","coordinates":[-86.50821683,39.96447177]},"properties":{"name":"HARRISON TOWNSHIP TRUSTEE BOONE COUNTY","assetType":"Burial/Cremation Expense Assistance","dataYear":"2018","assetId":"918609","subcategory":"Public Assistance","detail":"https://classic.savi.org/SAVI/PopUps/AssetMoreInfo.aspx?AssetID=918609"}},{"type":"Feature","geometry":{"type":"Point","coordinates":[-86.27492948,39.52680434]},"properties":{"name":"HARRISON TOWNSHIP TRUSTEE MORGAN COUNTY","assetType":"Burial/Cremation Expense Assistance","dataYear":"2018","assetId":"918387","subcategory":"Public Assistance","detail":"https://classic.savi.org/SAVI/PopUps/AssetMoreInfo.aspx?AssetID=918387"}},{"type":"Feature","geometry":{"type":"Point","coordinates":[-85.93951506,39.43988051]},"properties":{"name":"HENDRICKS TOWNSHIP TRUSTEE SHELBY COUNTY","assetType":"Burial/Cremation Expense Assistance","dataYear":"2018","assetId":"918510","subcategory":"Public Assistance","detail":"https://classic.savi.org/SAVI/PopUps/AssetMoreInfo.aspx?AssetID=918510"}},{"type":"Feature","geometry":{"type":"Point","coordinates":[-86.18230398,39.38131195]},"properties":{"name":"HENSLEY TOWNSHIP TRUSTEE JOHNSON COUNTY","assetType":"Burial/Cremation Expense Assistance","dataYear":"2018","assetId":"918559","subcategory":"Public Assistance","detail":"https://classic.savi.org/SAVI/PopUps/AssetMoreInfo.aspx?AssetID=918559"}},{"type":"Feature","geometry":{"type":"Point","coordinates":[-86.58306293,39.9950641]},"properties":{"name":"JACKSON TOWNSHIP TRUSTEE BOONE COUNTY","assetType":"Burial/Cremation Expense Assistance","dataYear":"2018","assetId":"917952","subcategory":"Public Assistance","detail":"https://classic.savi.org/SAVI/PopUps/AssetMoreInfo.aspx?AssetID=917952"}},{"type":"Feature","geometry":{"type":"Point","coordinates":[-86.28781116,39.2495565]},"properties":{"name":"JACKSON TOWNSHIP TRUSTEE BROWN COUNTY","assetType":"Burial/Cremation Expense Assistance","dataYear":"2018","assetId":"916908","subcategory":"Public Assistance","detail":"https://classic.savi.org/SAVI/PopUps/AssetMoreInfo.aspx?AssetID=916908"}},{"type":"Feature","geometry":{"type":"Point","coordinates":[-86.02828584,40.17626673]},"properties":{"name":"JACKSON TOWNSHIP TRUSTEE HAMILTON COUNTY","assetType":"Burial/Cremation Expense Assistance","dataYear":"2018","assetId":"917926","subcategory":"Public Assistance","detail":"https://classic.savi.org/SAVI/PopUps/AssetMoreInfo.aspx?AssetID=917926"}},{"type":"Feature","geometry":{"type":"Point","coordinates":[-85.60301518,39.81597274]},"properties":{"name":"JACKSON TOWNSHIP TRUSTEE HANCOCK COUNTY","assetType":"Burial/Cremation Expense Assistance","dataYear":"2018","assetId":"917849","subcategory":"Public Assistance","detail":"https://classic.savi.org/SAVI/PopUps/AssetMoreInfo.aspx?AssetID=917849"}},{"type":"Feature","geometry":{"type":"Point","coordinates":[-85.8346258,40.13784922]},"properties":{"name":"JACKSON TOWNSHIP TRUSTEE MADISON COUNTY","assetType":"Burial/Cremation Expense Assistance","dataYear":"2018","assetId":"920453","subcategory":"Public Assistance","detail":"https://classic.savi.org/SAVI/PopUps/AssetMoreInfo.aspx?AssetID=920453"}},{"type":"Feature","geometry":{"type":"Point","coordinates":[-86.31296642,39.35202934]},"properties":{"name":"JACKSON TOWNSHIP TRUSTEE MORGAN COUNTY","assetType":"Burial/Cremation Expense Assistance","dataYear":"2018","assetId":"917894","subcategory":"Public Assistance","detail":"https://classic.savi.org/SAVI/PopUps/AssetMoreInfo.aspx?AssetID=917894"}},{"type":"Feature","geometry":{"type":"Point","coordinates":[-86.70608396,39.81985034]},"properties":{"name":"JACKSON TOWNSHIP TRUSTEE PUTNAM COUNTY","assetType":"Burial/Cremation Expense Assistance","dataYear":"2018","assetId":"920852","subcategory":"Public Assistance","detail":"https://classic.savi.org/SAVI/PopUps/AssetMoreInfo.aspx?AssetID=920852"}},{"type":"Feature","geometry":{"type":"Point","coordinates":[-86.62433374,40.02434205]},"properties":{"name":"JEFFERSON TOWNSHIP TRUSTEE BOONE COUNTY","assetType":"Burial/Cremation Expense Assistance","dataYear":"2018","assetId":"917632","subcategory":"Public Assistance","detail":"https://classic.savi.org/SAVI/PopUps/AssetMoreInfo.aspx?AssetID=917632"}},{"type":"Feature","geometry":{"type":"Point","coordinates":[-86.49324278,39.41198592]},"properties":{"name":"JEFFERSON TOWNSHIP TRUSTEE MORGAN COUNTY","assetType":"Burial/Cremation Expense Assistance","dataYear":"2018","assetId":"917823","subcategory":"Public Assistance","detail":"https://classic.savi.org/SAVI/PopUps/AssetMoreInfo.aspx?AssetID=917823"}},{"type":"Feature","geometry":{"type":"Point","coordinates":[-86.70185497,39.57054813]},"properties":{"name":"JEFFERSON TOWNSHIP TRUSTEE PUTNAM COUNTY","assetType":"Burial/Cremation Expense Assistance","dataYear":"2018","assetId":"920910","subcategory":"Public Assistance","detail":"https://classic.savi.org/SAVI/PopUps/AssetMoreInfo.aspx?AssetID=920910"}},{"type":"Feature","geometry":{"type":"Point","coordinates":[-86.525004,39.61456226]},"properties":{"name":"LIBERTY TOWNSHIP TRUSTEE HENDRICKS COUNTY","assetType":"Burial/Cremation Expense Assistance","dataYear":"2018","assetId":"921945","subcategory":"Public Assistance","detail":"https://classic.savi.org/SAVI/PopUps/AssetMoreInfo.aspx?AssetID=921945"}},{"type":"Feature","geometry":{"type":"Point","coordinates":[-85.63663898,39.48364154]},"properties":{"name":"LIBERTY TOWNSHIP TRUSTEE SHELBY COUNTY","assetType":"Burial/Cremation Expense Assistance","dataYear":"2018","assetId":"922185","subcategory":"Public Assistance","detail":"https://classic.savi.org/SAVI/PopUps/AssetMoreInfo.aspx?AssetID=922185"}},{"type":"Feature","geometry":{"type":"Point","coordinates":[-86.39673959,39.84266459]},"properties":{"name":"LINCOLN TOWNSHIP TRUSTEE HENDRICKS COUNTY","assetType":"Burial/Cremation Expense Assistance","dataYear":"2018","assetId":"922022","subcategory":"Public Assistance","detail":"https://classic.savi.org/SAVI/PopUps/AssetMoreInfo.aspx?AssetID=922022"}},{"type":"Feature","geometry":{"type":"Point","coordinates":[-86.29689292,39.61795335]},"properties":{"name":"MADISON TOWNSHIP TRUSTEE MORGAN COUNTY","assetType":"Burial/Cremation Expense Assistance","dataYear":"2018","assetId":"921875","subcategory":"Public Assistance","detail":"https://classic.savi.org/SAVI/PopUps/AssetMoreInfo.aspx?AssetID=921875"}},{"type":"Feature","geometry":{"type":"Point","coordinates":[-86.99653205,39.67905323]},"properties":{"name":"MADISON TOWNSHIP TRUSTEE PUTNAM COUNTY","assetType":"Burial/Cremation Expense Assistance","dataYear":"2018","assetId":"920993","subcategory":"Public Assistance","detail":"https://classic.savi.org/SAVI/PopUps/AssetMoreInfo.aspx?AssetID=920993"}},{"type":"Feature","geometry":{"type":"Point","coordinates":[-86.66406574,39.77589127]},"properties":{"name":"MARION TOWNSHIP TRUSTEE HENDRICKS COUNTY","assetType":"Burial/Cremation Expense Assistance","dataYear":"2018","assetId":"920326","subcategory":"Public Assistance","detail":"https://classic.savi.org/SAVI/PopUps/AssetMoreInfo.aspx?AssetID=920326"}},{"type":"Feature","geometry":{"type":"Point","coordinates":[-86.79046198,39.65241794]},"properties":{"name":"MARION TOWNSHIP TRUSTEE PUTNAM COUNTY","assetType":"Burial/Cremation Expense Assistance","dataYear":"2018","assetId":"921071","subcategory":"Public Assistance","detail":"https://classic.savi.org/SAVI/PopUps/AssetMoreInfo.aspx?AssetID=921071"}},{"type":"Feature","geometry":{"type":"Point","coordinates":[-85.77666802,39.56499556]},"properties":{"name":"MARION TOWNSHIP TRUSTEE SHELBY COUNTY","assetType":"Burial/Cremation Expense Assistance","dataYear":"2018","assetId":"920406","subcategory":"Public Assistance","detail":"https://classic.savi.org/SAVI/PopUps/AssetMoreInfo.aspx?AssetID=920406"}},{"type":"Feature","geometry":{"type":"Point","coordinates":[-86.45852281,39.86146427]},"properties":{"name":"MIDDLE TOWNSHIP TRUSTEE HENDRICKS COUNTY","assetType":"Burial/Cremation Expense Assistance","dataYear":"2018","assetId":"919146","subcategory":"Public Assistance","detail":"https://classic.savi.org/SAVI/PopUps/AssetMoreInfo.aspx?AssetID=919146"}},{"type":"Feature","geometry":{"type":"Point","coordinates":[-85.67605191,40.26192931]},"properties":{"name":"MONROE TOWNSHIP TRUSTEE MADISON COUNTY","assetType":"Burial/Cremation Expense Assistance","dataYear":"2018","assetId":"920442","subcategory":"Public Assistance","detail":"https://classic.savi.org/SAVI/PopUps/AssetMoreInfo.aspx?AssetID=920442"}},{"type":"Feature","geometry":{"type":"Point","coordinates":[-86.54167184,39.57131861]},"properties":{"name":"MONROE TOWNSHIP TRUSTEE MORGAN COUNTY","assetType":"Burial/Cremation Expense Assistance","dataYear":"2018","assetId":"919341","subcategory":"Public Assistance","detail":"https://classic.savi.org/SAVI/PopUps/AssetMoreInfo.aspx?AssetID=919341"}},{"type":"Feature","geometry":{"type":"Point","coordinates":[-85.63126795,39.43076653]},"properties":{"name":"NOBLE TOWNSHIP TRUSTEE SHELBY COUNTY","assetType":"Burial/Cremation Expense Assistance","dataYear":"2018","assetId":"918098","subcategory":"Public Assistance","detail":"https://classic.savi.org/SAVI/PopUps/AssetMoreInfo.aspx?AssetID=918098"}},{"type":"Feature","geometry":{"type":"Point","coordinates":[-86.0142319,40.04246142]},"properties":{"name":"NOBLESVILLE TOWNSHIP TRUSTEE HAMILTON COUNTY","assetType":"Burial/Cremation Expense Assistance","dataYear":"2018","assetId":"918265","subcategory":"Public Assistance","detail":"https://classic.savi.org/SAVI/PopUps/AssetMoreInfo.aspx?AssetID=918265"}},{"type":"Feature","geometry":{"type":"Point","coordinates":[-86.13853386,39.69444995]},"properties":{"name":"PERRY TOWNSHIP TRUSTEE MARION COUNTY","assetType":"Burial/Cremation Expense Assistance","dataYear":"2018","assetId":"917972","subcategory":"Public Assistance","detail":"https://classic.savi.org/SAVI/PopUps/AssetMoreInfo.aspx?AssetID=917972"}},{"type":"Feature","geometry":{"type":"Point","coordinates":[-86.26238428,39.85453838]},"properties":{"name":"PIKE TOWNSHIP TRUSTEE MARION COUNTY","assetType":"Burial/Cremation Expense Assistance","dataYear":"2018","assetId":"917697","subcategory":"Public Assistance","detail":"https://classic.savi.org/SAVI/PopUps/AssetMoreInfo.aspx?AssetID=917697"}},{"type":"Feature","geometry":{"type":"Point","coordinates":[-85.84206768,40.27559682]},"properties":{"name":"PIPE CREEK TOWNSHIP TRUSTEE MADISON COUNTY","assetType":"Burial/Cremation Expense Assistance","dataYear":"2018","assetId":"920573","subcategory":"Public Assistance","detail":"https://classic.savi.org/SAVI/PopUps/AssetMoreInfo.aspx?AssetID=920573"}},{"type":"Feature","geometry":{"type":"Point","coordinates":[-85.60831539,40.18993185]},"properties":{"name":"RICHLAND TOWNSHIP TRUSTEE MADISON COUNTY","assetType":"Burial/Cremation Expense Assistance","dataYear":"2018","assetId":"920566","subcategory":"Public Assistance","detail":"https://classic.savi.org/SAVI/PopUps/AssetMoreInfo.aspx?AssetID=920566"}},{"type":"Feature","geometry":{"type":"Point","coordinates":[-86.98121607,39.86149884]},"properties":{"name":"RUSSELL TOWNSHIP TRUSTEE PUTNAM COUNTY","assetType":"Burial/Cremation Expense Assistance","dataYear":"2018","assetId":"920832","subcategory":"Public Assistance","detail":"https://classic.savi.org/SAVI/PopUps/AssetMoreInfo.aspx?AssetID=920832"}},{"type":"Feature","geometry":{"type":"Point","coordinates":[-85.73148601,39.45707656]},"properties":{"name":"SHELBY TOWNSHIP TRUSTEE SHELBY COUNTY","assetType":"Burial/Cremation Expense Assistance","dataYear":"2018","assetId":"917658","subcategory":"Public Assistance","detail":"https://classic.savi.org/SAVI/PopUps/AssetMoreInfo.aspx?AssetID=917658"}},{"type":"Feature","geometry":{"type":"Point","coordinates":[-85.84831659,40.06845181]},"properties":{"name":"STONY CREEK TOWNSHIP TRUSTEE MADISON COUNTY","assetType":"Burial/Cremation Expense Assistance","dataYear":"2018","assetId":"920357","subcategory":"Public Assistance","detail":"https://classic.savi.org/SAVI/PopUps/AssetMoreInfo.aspx?AssetID=920357"}},{"type":"Feature","geometry":{"type":"Point","coordinates":[-86.60970462,40.12974715]},"properties":{"name":"SUGAR CREEK TOWNSHIP TRUSTEE BOONE COUNTY","assetType":"Burial/Cremation Expense Assistance","dataYear":"2018","assetId":"917437","subcategory":"Public Assistance","detail":"https://classic.savi.org/SAVI/PopUps/AssetMoreInfo.aspx?AssetID=917437"}},{"type":"Feature","geometry":{"type":"Point","coordinates":[-85.91319152,39.73389397]},"properties":{"name":"SUGAR CREEK TOWNSHIP TRUSTEE HANCOCK COUNTY","assetType":"Burial/Cremation Expense Assistance","dataYear":"2018","assetId":"917496","subcategory":"Public Assistance","detail":"https://classic.savi.org/SAVI/PopUps/AssetMoreInfo.aspx?AssetID=917496"}},{"type":"Feature","geometry":{"type":"Point","coordinates":[-85.93068407,39.55049257]},"properties":{"name":"SUGAR CREEK TOWNSHIP TRUSTEE SHELBY COUNTY","assetType":"Burial/Cremation Expense Assistance","dataYear":"2018","assetId":"917188","subcategory":"Public Assistance","detail":"https://classic.savi.org/SAVI/PopUps/AssetMoreInfo.aspx?AssetID=917188"}},{"type":"Feature","geometry":{"type":"Point","coordinates":[-86.54314085,39.88469476]},"properties":{"name":"UNION TOWNSHIP TRUSTEE HENDRICKS COUNTY","assetType":"Burial/Cremation Expense Assistance","dataYear":"2018","assetId":"916999","subcategory":"Public Assistance","detail":"https://classic.savi.org/SAVI/PopUps/AssetMoreInfo.aspx?AssetID=916999"}},{"type":"Feature","geometry":{"type":"Point","coordinates":[-86.16447633,39.46193135]},"properties":{"name":"UNION TOWNSHIP TRUSTEE JOHNSON COUNTY","assetType":"Burial/Cremation Expense Assistance","dataYear":"2018","assetId":"917137","subcategory":"Public Assistance","detail":"https://classic.savi.org/SAVI/PopUps/AssetMoreInfo.aspx?AssetID=917137"}},{"type":"Feature","geometry":{"type":"Point","coordinates":[-85.62176391,40.1209244]},"properties":{"name":"UNION TOWNSHIP TRUSTEE MADISON COUNTY","assetType":"Burial/Cremation Expense Assistance","dataYear":"2018","assetId":"920628","subcategory":"Public Assistance","detail":"https://classic.savi.org/SAVI/PopUps/AssetMoreInfo.aspx?AssetID=920628"}},{"type":"Feature","geometry":{"type":"Point","coordinates":[-85.63724599,39.57183058]},"properties":{"name":"UNION TOWNSHIP TRUSTEE SHELBY COUNTY","assetType":"Burial/Cremation Expense Assistance","dataYear":"2018","assetId":"917095","subcategory":"Public Assistance","detail":"https://classic.savi.org/SAVI/PopUps/AssetMoreInfo.aspx?AssetID=917095"}},{"type":"Feature","geometry":{"type":"Point","coordinates":[-86.14347708,39.12668447]},"properties":{"name":"VAN BUREN TOWNSHIP TRUSTEE BROWN COUNTY","assetType":"Burial/Cremation Expense Assistance","dataYear":"2018","assetId":"917035","subcategory":"Public Assistance","detail":"https://classic.savi.org/SAVI/PopUps/AssetMoreInfo.aspx?AssetID=917035"}},{"type":"Feature","geometry":{"type":"Point","coordinates":[-85.74404601,39.66913659]},"properties":{"name":"VAN BUREN TOWNSHIP TRUSTEE SHELBY COUNTY","assetType":"Burial/Cremation Expense Assistance","dataYear":"2018","assetId":"922521","subcategory":"Public Assistance","detail":"https://classic.savi.org/SAVI/PopUps/AssetMoreInfo.aspx?AssetID=922521"}},{"type":"Feature","geometry":{"type":"Point","coordinates":[-85.85646521,39.92796225]},"properties":{"name":"VERNON TOWNSHIP TRUSTEE HANCOCK COUNTY","assetType":"Burial/Cremation Expense Assistance","dataYear":"2018","assetId":"922580","subcategory":"Public Assistance","detail":"https://classic.savi.org/SAVI/PopUps/AssetMoreInfo.aspx?AssetID=922580"}},{"type":"Feature","geometry":{"type":"Point","coordinates":[-86.81952471,39.59939565]},"properties":{"name":"WARREN TOWNSHIP TRUSTEE PUTNAM COUNTY","assetType":"Burial/Cremation Expense Assistance","dataYear":"2018","assetId":"920974","subcategory":"Public Assistance","detail":"https://classic.savi.org/SAVI/PopUps/AssetMoreInfo.aspx?AssetID=920974"}},{"type":"Feature","geometry":{"type":"Point","coordinates":[-86.56342846,40.13318676]},"properties":{"name":"WASHINGTON TOWNSHIP TRUSTEE BOONE COUNTY","assetType":"Burial/Cremation Expense Assistance","dataYear":"2018","assetId":"922552","subcategory":"Public Assistance","detail":"https://classic.savi.org/SAVI/PopUps/AssetMoreInfo.aspx?AssetID=922552"}},{"type":"Feature","geometry":{"type":"Point","coordinates":[-86.2437373,39.2064405]},"properties":{"name":"WASHINGTON TOWNSHIP TRUSTEE BROWN COUNTY","assetType":"Burial/Cremation Expense Assistance","dataYear":"2018","assetId":"917033","subcategory":"Public Assistance","detail":"https://classic.savi.org/SAVI/PopUps/AssetMoreInfo.aspx?AssetID=917033"}},{"type":"Feature","geometry":{"type":"Point","coordinates":[-86.13001059,40.00532333]},"properties":{"name":"WASHINGTON TOWNSHIP TRUSTEE HAMILTON COUNTY","assetType":"Burial/Cremation Expense Assistance","dataYear":"2018","assetId":"922816","subcategory":"Public Assistance","detail":"https://classic.savi.org/SAVI/PopUps/AssetMoreInfo.aspx?AssetID=922816"}},{"type":"Feature","geometry":{"type":"Point","coordinates":[-86.3866421,39.76133098]},"properties":{"name":"WASHINGTON TOWNSHIP TRUSTEE HENDRICKS COUNTY","assetType":"Burial/Cremation Expense Assistance","dataYear":"2018","assetId":"922807","subcategory":"Public Assistance","detail":"https://classic.savi.org/SAVI/PopUps/AssetMoreInfo.aspx?AssetID=922807"}},{"type":"Feature","geometry":{"type":"Point","coordinates":[-86.43058849,39.42760589]},"properties":{"name":"WASHINGTON TOWNSHIP TRUSTEE MORGAN COUNTY","assetType":"Burial/Cremation Expense Assistance","dataYear":"2018","assetId":"922778","subcategory":"Public Assistance","detail":"https://classic.savi.org/SAVI/PopUps/AssetMoreInfo.aspx?AssetID=922778"}},{"type":"Feature","geometry":{"type":"Point","coordinates":[-86.99324931,39.5106066]},"properties":{"name":"WASHINGTON TOWNSHIP TRUSTEE PUTNAM COUNTY","assetType":"Burial/Cremation Expense Assistance","dataYear":"2018","assetId":"921056","subcategory":"Public Assistance","detail":"https://classic.savi.org/SAVI/PopUps/AssetMoreInfo.aspx?AssetID=921056"}},{"type":"Feature","geometry":{"type":"Point","coordinates":[-85.827034,39.40805555]},"properties":{"name":"WASHINGTON TOWNSHIP TRUSTEE SHELBY COUNTY","assetType":"Burial/Cremation Expense Assistance","dataYear":"2018","assetId":"922774","subcategory":"Public Assistance","detail":"https://classic.savi.org/SAVI/PopUps/AssetMoreInfo.aspx?AssetID=922774"}},{"type":"Feature","geometry":{"type":"Point","coordinates":[-85.93821887,40.05050669]},"properties":{"name":"WAYNE TOWNSHIP TRUSTEE HAMILTON COUNTY","assetType":"Burial/Cremation Expense Assistance","dataYear":"2018","assetId":"922744","subcategory":"Public Assistance","detail":"https://classic.savi.org/SAVI/PopUps/AssetMoreInfo.aspx?AssetID=922744"}},{"type":"Feature","geometry":{"type":"Point","coordinates":[-85.94058855,40.16133247]},"properties":{"name":"WHITE RIVER TOWNSHIP TRUSTEE HAMILTON COUNTY","assetType":"Burial/Cremation Expense Assistance","dataYear":"2018","assetId":"922719","subcategory":"Public Assistance","detail":"https://classic.savi.org/SAVI/PopUps/AssetMoreInfo.aspx?AssetID=922719"}},{"type":"Feature","geometry":{"type":"Point","coordinates":[-86.19677766,39.57247862]},"properties":{"name":"WHITE RIVER TOWNSHIP TRUSTEE JOHNSON COUNTY","assetType":"Burial/Cremation Expense Assistance","dataYear":"2018","assetId":"922696","subcategory":"Public Assistance","detail":"https://classic.savi.org/SAVI/PopUps/AssetMoreInfo.aspx?AssetID=922696"}},{"type":"Feature","geometry":{"type":"Point","coordinates":[-86.27492318,39.95141992]},"properties":{"name":"ZIONSVILLE PUBLIC ASSISTANCE OFFICE","assetType":"Burial/Cremation Expense Assistance","dataYear":"2018","assetId":"921370","subcategory":"Public Assistance","detail":"https://classic.savi.org/SAVI/PopUps/AssetMoreInfo.aspx?AssetID=921370"}},{"type":"Feature","geometry":{"type":"Point","coordinates":[-86.01158306,40.05439609]},"properties":{"name":"CHILDREN S BUREAU - COMMUNITY PARTNERS FOR CHILD SAFETY CPCS -","assetType":"Child Care Subsidies","dataYear":"2013","assetId":"799900","subcategory":"Public Assistance","detail":"https://classic.savi.org/SAVI/PopUps/AssetMoreInfo.aspx?AssetID=799900"}},{"type":"Feature","geometry":{"type":"Point","coordinates":[-86.44444797,39.75777193]},"properties":{"name":"CHILDREN S BUREAU - COMMUNITY PARTNERS FOR CHILD SAFETY CPCS -","assetType":"Child Care Subsidies","dataYear":"2013","assetId":"799985","subcategory":"Public Assistance","detail":"https://classic.savi.org/SAVI/PopUps/AssetMoreInfo.aspx?AssetID=799985"}},{"type":"Feature","geometry":{"type":"Point","coordinates":[-85.69317011,40.10208407]},"properties":{"name":"CHILDREN S BUREAU - EXCHANGE CLUB FAMILY RESOURCE CENTER","assetType":"Child Care Subsidies","dataYear":"2013","assetId":"799214","subcategory":"Public Assistance","detail":"https://classic.savi.org/SAVI/PopUps/AssetMoreInfo.aspx?AssetID=799214"}},{"type":"Feature","geometry":{"type":"Point","coordinates":[-86.09375665,39.56464313]},"properties":{"name":"CHILDREN S BUREAU - FAMILY ACTION CENTER","assetType":"Child Care Subsidies","dataYear":"2013","assetId":"800410","subcategory":"Public Assistance","detail":"https://classic.savi.org/SAVI/PopUps/AssetMoreInfo.aspx?AssetID=800410"}},{"type":"Feature","geometry":{"type":"Point","coordinates":[-86.11880312,39.82536558]},"properties":{"name":"CHILDREN S BUREAU - FAY BICCARD GLICK FAMILY PLACE","assetType":"Child Care Subsidies","dataYear":"2013","assetId":"799478","subcategory":"Public Assistance","detail":"https://classic.savi.org/SAVI/PopUps/AssetMoreInfo.aspx?AssetID=799478"}},{"type":"Feature","geometry":{"type":"Point","coordinates":[-86.168256,39.78826]},"properties":{"name":"CHILDREN S BUREAU - GENE GLICK FAMILY SUPPORT CENTER","assetType":"Child Care Subsidies","dataYear":"2013","assetId":"796725","subcategory":"Public Assistance","detail":"https://classic.savi.org/SAVI/PopUps/AssetMoreInfo.aspx?AssetID=796725"}},{"type":"Feature","geometry":{"type":"Point","coordinates":[-86.26414364,39.79837994]},"properties":{"name":"CHILDREN S BUREAU - NEIGHBORHOOD ALLIANCE FOR CHILD SAFETY NACS","assetType":"Child Care Subsidies","dataYear":"2013","assetId":"799779","subcategory":"Public Assistance","detail":"https://classic.savi.org/SAVI/PopUps/AssetMoreInfo.aspx?AssetID=799779"}},{"type":"Feature","geometry":{"type":"Point","coordinates":[-86.22049764,40.13705359]},"properties":{"name":"ADAMS TOWNSHIP TRUSTEE HAMILTON COUNTY","assetType":"Electric Bill Assistance","dataYear":"2013","assetId":"798186","subcategory":"Public Assistance","detail":"https://classic.savi.org/SAVI/PopUps/AssetMoreInfo.aspx?AssetID=798186"}},{"type":"Feature","geometry":{"type":"Point","coordinates":[-85.77469211,39.51967517]},"properties":{"name":"ADDISON TOWNSHIP TRUSTEE SHELBY COUNTY","assetType":"Electric Bill Assistance","dataYear":"2013","assetId":"797409","subcategory":"Public Assistance","detail":"https://classic.savi.org/SAVI/PopUps/AssetMoreInfo.aspx?AssetID=797409"}},{"type":"Feature","geometry":{"type":"Point","coordinates":[-86.19366691,39.7716]},"properties":{"name":"ANNA S HOUSE","assetType":"Electric Bill Assistance","dataYear":"2013","assetId":"799034","subcategory":"Public Assistance","detail":"https://classic.savi.org/SAVI/PopUps/AssetMoreInfo.aspx?AssetID=799034"}},{"type":"Feature","geometry":{"type":"Point","coordinates":[-86.564163,39.45447949]},"properties":{"name":"ASHLAND TOWNSHIP TRUSTEE MORGAN COUNTY","assetType":"Electric Bill Assistance","dataYear":"2013","assetId":"798478","subcategory":"Public Assistance","detail":"https://classic.savi.org/SAVI/PopUps/AssetMoreInfo.aspx?AssetID=798478"}},{"type":"Feature","geometry":{"type":"Point","coordinates":[-86.50933402,39.37325021]},"properties":{"name":"BAKER TOWNSHIP TRUSTEE MORGAN COUNTY","assetType":"Electric Bill Assistance","dataYear":"2013","assetId":"798505","subcategory":"Public Assistance","detail":"https://classic.savi.org/SAVI/PopUps/AssetMoreInfo.aspx?AssetID=798505"}},{"type":"Feature","geometry":{"type":"Point","coordinates":[-85.96555407,39.35414058]},"properties":{"name":"BLUE RIVER TOWNSHIP TRUSTEE JOHNSON COUNTY","assetType":"Electric Bill Assistance","dataYear":"2013","assetId":"796565","subcategory":"Public Assistance","detail":"https://classic.savi.org/SAVI/PopUps/AssetMoreInfo.aspx?AssetID=796565"}},{"type":"Feature","geometry":{"type":"Point","coordinates":[-86.12472622,39.79413209]},"properties":{"name":"BONER CENTER EAP AT EDNA MARTIN CHRISTIAN CENTER","assetType":"Electric Bill Assistance","dataYear":"2013","assetId":"799750","subcategory":"Public Assistance","detail":"https://classic.savi.org/SAVI/PopUps/AssetMoreInfo.aspx?AssetID=799750"}},{"type":"Feature","geometry":{"type":"Point","coordinates":[-86.17025519,39.80154437]},"properties":{"name":"BONER CENTER EAP AT FLANNER HOUSE","assetType":"Electric Bill Assistance","dataYear":"2013","assetId":"799617","subcategory":"Public Assistance","detail":"https://classic.savi.org/SAVI/PopUps/AssetMoreInfo.aspx?AssetID=799617"}},{"type":"Feature","geometry":{"type":"Point","coordinates":[-86.20159956,39.76658832]},"properties":{"name":"BONER CENTER EAP AT HAWTHORNE COMMUNITY CENTER","assetType":"Electric Bill Assistance","dataYear":"2013","assetId":"799886","subcategory":"Public Assistance","detail":"https://classic.savi.org/SAVI/PopUps/AssetMoreInfo.aspx?AssetID=799886"}},{"type":"Feature","geometry":{"type":"Point","coordinates":[-86.19464315,39.75116644]},"properties":{"name":"BONER CENTER EAP AT MARY RIGG","assetType":"Electric Bill Assistance","dataYear":"2013","assetId":"799415","subcategory":"Public Assistance","detail":"https://classic.savi.org/SAVI/PopUps/AssetMoreInfo.aspx?AssetID=799415"}},{"type":"Feature","geometry":{"type":"Point","coordinates":[-85.72797528,39.73572682]},"properties":{"name":"BRANDYWINE TOWNSHIP TRUSTEE HANCOCK COUNTY","assetType":"Electric Bill Assistance","dataYear":"2013","assetId":"797986","subcategory":"Public Assistance","detail":"https://classic.savi.org/SAVI/PopUps/AssetMoreInfo.aspx?AssetID=797986"}},{"type":"Feature","geometry":{"type":"Point","coordinates":[-86.39254886,39.90908062]},"properties":{"name":"BROWN TOWNSHIP TRUSTEE HENDRICKS COUNTY","assetType":"Electric Bill Assistance","dataYear":"2013","assetId":"798565","subcategory":"Public Assistance","detail":"https://classic.savi.org/SAVI/PopUps/AssetMoreInfo.aspx?AssetID=798565"}},{"type":"Feature","geometry":{"type":"Point","coordinates":[-86.36145469,39.62047257]},"properties":{"name":"BROWN TOWNSHIP TRUSTEE MORGAN COUNTY","assetType":"Electric Bill Assistance","dataYear":"2013","assetId":"798521","subcategory":"Public Assistance","detail":"https://classic.savi.org/SAVI/PopUps/AssetMoreInfo.aspx?AssetID=798521"}},{"type":"Feature","geometry":{"type":"Point","coordinates":[-85.89945047,39.84711382]},"properties":{"name":"BUCK CREEK TOWNSHIP TRUSTEE HANCOCK COUNTY","assetType":"Electric Bill Assistance","dataYear":"2013","assetId":"798619","subcategory":"Public Assistance","detail":"https://classic.savi.org/SAVI/PopUps/AssetMoreInfo.aspx?AssetID=798619"}},{"type":"Feature","geometry":{"type":"Point","coordinates":[-86.15929516,39.78654355]},"properties":{"name":"CATHOLIC CHARITIES CRISIS OFFICE","assetType":"Electric Bill Assistance","dataYear":"2013","assetId":"799647","subcategory":"Public Assistance","detail":"https://classic.savi.org/SAVI/PopUps/AssetMoreInfo.aspx?AssetID=799647"}},{"type":"Feature","geometry":{"type":"Point","coordinates":[-86.47006508,40.05351325]},"properties":{"name":"CENTER TOWNSHIP TRUSTEE BOONE COUNTY","assetType":"Electric Bill Assistance","dataYear":"2013","assetId":"796534","subcategory":"Public Assistance","detail":"https://classic.savi.org/SAVI/PopUps/AssetMoreInfo.aspx?AssetID=796534"}},{"type":"Feature","geometry":{"type":"Point","coordinates":[-85.77119143,39.80427276]},"properties":{"name":"CENTER TOWNSHIP TRUSTEE HANCOCK COUNTY","assetType":"Electric Bill Assistance","dataYear":"2013","assetId":"796556","subcategory":"Public Assistance","detail":"https://classic.savi.org/SAVI/PopUps/AssetMoreInfo.aspx?AssetID=796556"}},{"type":"Feature","geometry":{"type":"Point","coordinates":[-86.52401429,39.75949192]},"properties":{"name":"CENTER TOWNSHIP TRUSTEE HENDRICKS COUNTY","assetType":"Electric Bill Assistance","dataYear":"2013","assetId":"796585","subcategory":"Public Assistance","detail":"https://classic.savi.org/SAVI/PopUps/AssetMoreInfo.aspx?AssetID=796585"}},{"type":"Feature","geometry":{"type":"Point","coordinates":[-86.14293475,39.77902733]},"properties":{"name":"CENTER TOWNSHIP TRUSTEE MARION COUNTY","assetType":"Electric Bill Assistance","dataYear":"2013","assetId":"796592","subcategory":"Public Assistance","detail":"https://classic.savi.org/SAVI/PopUps/AssetMoreInfo.aspx?AssetID=796592"}},{"type":"Feature","geometry":{"type":"Point","coordinates":[-86.15722698,39.76876286]},"properties":{"name":"CHRIST CHURCH CATHEDRAL","assetType":"Electric Bill Assistance","dataYear":"2013","assetId":"796722","subcategory":"Public Assistance","detail":"https://classic.savi.org/SAVI/PopUps/AssetMoreInfo.aspx?AssetID=796722"}},{"type":"Feature","geometry":{"type":"Point","coordinates":[-86.20116114,39.77472935]},"properties":{"name":"CHRISTAMORE HOUSE FAMILY AND COMMUNITY CENTER","assetType":"Electric Bill Assistance","dataYear":"2013","assetId":"796884","subcategory":"Public Assistance","detail":"https://classic.savi.org/SAVI/PopUps/AssetMoreInfo.aspx?AssetID=796884"}},{"type":"Feature","geometry":{"type":"Point","coordinates":[-86.37474051,39.61246128]},"properties":{"name":"CHURCHES IN MISSION","assetType":"Electric Bill Assistance","dataYear":"2013","assetId":"797013","subcategory":"Public Assistance","detail":"https://classic.savi.org/SAVI/PopUps/AssetMoreInfo.aspx?AssetID=797013"}},{"type":"Feature","geometry":{"type":"Point","coordinates":[-85.98118728,39.60996796]},"properties":{"name":"CLARK TOWNSHIP TRUSTEE JOHNSON COUNTY","assetType":"Electric Bill Assistance","dataYear":"2013","assetId":"797067","subcategory":"Public Assistance","detail":"https://classic.savi.org/SAVI/PopUps/AssetMoreInfo.aspx?AssetID=797067"}},{"type":"Feature","geometry":{"type":"Point","coordinates":[-86.14578153,39.94301698]},"properties":{"name":"CLAY TOWNSHIP TRUSTEE HAMILTON COUNTY","assetType":"Electric Bill Assistance","dataYear":"2013","assetId":"797078","subcategory":"Public Assistance","detail":"https://classic.savi.org/SAVI/PopUps/AssetMoreInfo.aspx?AssetID=797078"}},{"type":"Feature","geometry":{"type":"Point","coordinates":[-86.35786889,39.51289195]},"properties":{"name":"CLAY TOWNSHIP TRUSTEE MORGAN COUNTY","assetType":"Electric Bill Assistance","dataYear":"2013","assetId":"797085","subcategory":"Public Assistance","detail":"https://classic.savi.org/SAVI/PopUps/AssetMoreInfo.aspx?AssetID=797085"}},{"type":"Feature","geometry":{"type":"Point","coordinates":[-86.422171,40.120875]},"properties":{"name":"CLINTON TOWNSHIP TRUSTEE BOONE COUNTY","assetType":"Electric Bill Assistance","dataYear":"2013","assetId":"797098","subcategory":"Public Assistance","detail":"https://classic.savi.org/SAVI/PopUps/AssetMoreInfo.aspx?AssetID=797098"}},{"type":"Feature","geometry":{"type":"Point","coordinates":[-86.467945,40.039802]},"properties":{"name":"COMMUNITY ACTION OF GREATER INDIANAPOLIS CAGI - BOONE COUNTY","assetType":"Electric Bill Assistance","dataYear":"2013","assetId":"799612","subcategory":"Public Assistance","detail":"https://classic.savi.org/SAVI/PopUps/AssetMoreInfo.aspx?AssetID=799612"}},{"type":"Feature","geometry":{"type":"Point","coordinates":[-86.0122869,40.03635063]},"properties":{"name":"COMMUNITY ACTION OF GREATER INDIANAPOLIS CAGI - HAMILTON COUNTY","assetType":"Electric Bill Assistance","dataYear":"2013","assetId":"799743","subcategory":"Public Assistance","detail":"https://classic.savi.org/SAVI/PopUps/AssetMoreInfo.aspx?AssetID=799743"}},{"type":"Feature","geometry":{"type":"Point","coordinates":[-86.52438305,39.76177429]},"properties":{"name":"COMMUNITY ACTION OF GREATER INDIANAPOLIS CAGI - HENDRICKS COUNT","assetType":"Electric Bill Assistance","dataYear":"2013","assetId":"799880","subcategory":"Public Assistance","detail":"https://classic.savi.org/SAVI/PopUps/AssetMoreInfo.aspx?AssetID=799880"}},{"type":"Feature","geometry":{"type":"Point","coordinates":[-86.15691731,39.81495038]},"properties":{"name":"COMMUNITY ACTION OF GREATER INDIANAPOLIS CAGI - MERIDIAN STREET","assetType":"Electric Bill Assistance","dataYear":"2013","assetId":"798788","subcategory":"Public Assistance","detail":"https://classic.savi.org/SAVI/PopUps/AssetMoreInfo.aspx?AssetID=798788"}},{"type":"Feature","geometry":{"type":"Point","coordinates":[-86.012019,39.826185]},"properties":{"name":"COMMUNITY ALLIANCE OF THE FAR EASTSIDE CAFE","assetType":"Electric Bill Assistance","dataYear":"2013","assetId":"798083","subcategory":"Public Assistance","detail":"https://classic.savi.org/SAVI/PopUps/AssetMoreInfo.aspx?AssetID=798083"}},{"type":"Feature","geometry":{"type":"Point","coordinates":[-85.95728238,39.77555544]},"properties":{"name":"COMMUNITY OUTREACH MINISTRY EASTSIDE COME","assetType":"Electric Bill Assistance","dataYear":"2013","assetId":"798769","subcategory":"Public Assistance","detail":"https://classic.savi.org/SAVI/PopUps/AssetMoreInfo.aspx?AssetID=798769"}},{"type":"Feature","geometry":{"type":"Point","coordinates":[-86.15972012,39.75007371]},"properties":{"name":"CONCORD NEIGHBORHOOD CENTER","assetType":"Electric Bill Assistance","dataYear":"2013","assetId":"797322","subcategory":"Public Assistance","detail":"https://classic.savi.org/SAVI/PopUps/AssetMoreInfo.aspx?AssetID=797322"}},{"type":"Feature","geometry":{"type":"Point","coordinates":[-86.41877067,39.42753279]},"properties":{"name":"COORDINATED AGING SERVICES FOR MORGAN COUNTY","assetType":"Electric Bill Assistance","dataYear":"2013","assetId":"797361","subcategory":"Public Assistance","detail":"https://classic.savi.org/SAVI/PopUps/AssetMoreInfo.aspx?AssetID=797361"}},{"type":"Feature","geometry":{"type":"Point","coordinates":[-86.26946745,39.68577841]},"properties":{"name":"DECATUR TOWNSHIP TRUSTEE MARION COUNTY","assetType":"Electric Bill Assistance","dataYear":"2013","assetId":"797606","subcategory":"Public Assistance","detail":"https://classic.savi.org/SAVI/PopUps/AssetMoreInfo.aspx?AssetID=797606"}},{"type":"Feature","geometry":{"type":"Point","coordinates":[-86.00867721,39.97892835]},"properties":{"name":"DELAWARE TOWNSHIP TRUSTEE HAMILTON COUNTY","assetType":"Electric Bill Assistance","dataYear":"2013","assetId":"797609","subcategory":"Public Assistance","detail":"https://classic.savi.org/SAVI/PopUps/AssetMoreInfo.aspx?AssetID=797609"}},{"type":"Feature","geometry":{"type":"Point","coordinates":[-86.39005482,39.70689559]},"properties":{"name":"DUKE ENERGY","assetType":"Electric Bill Assistance","dataYear":"2013","assetId":"798649","subcategory":"Public Assistance","detail":"https://classic.savi.org/SAVI/PopUps/AssetMoreInfo.aspx?AssetID=798649"}},{"type":"Feature","geometry":{"type":"Point","coordinates":[-86.64382177,39.85990309]},"properties":{"name":"EEL RIVER TOWNSHIP TRUSTEE HENDRICKS COUNTY","assetType":"Electric Bill Assistance","dataYear":"2013","assetId":"797666","subcategory":"Public Assistance","detail":"https://classic.savi.org/SAVI/PopUps/AssetMoreInfo.aspx?AssetID=797666"}},{"type":"Feature","geometry":{"type":"Point","coordinates":[-85.9424025,39.9573986]},"properties":{"name":"FALL CREEK TOWNSHIP TRUSTEE HAMILTON COUNTY","assetType":"Electric Bill Assistance","dataYear":"2013","assetId":"797692","subcategory":"Public Assistance","detail":"https://classic.savi.org/SAVI/PopUps/AssetMoreInfo.aspx?AssetID=797692"}},{"type":"Feature","geometry":{"type":"Point","coordinates":[-86.17025519,39.80154437]},"properties":{"name":"FLANNER HOUSE OF INDIANAPOLIS","assetType":"Electric Bill Assistance","dataYear":"2013","assetId":"797818","subcategory":"Public Assistance","detail":"https://classic.savi.org/SAVI/PopUps/AssetMoreInfo.aspx?AssetID=797818"}},{"type":"Feature","geometry":{"type":"Point","coordinates":[-86.59352029,39.62977926]},"properties":{"name":"FRANKLIN TOWNSHIP TRUSTEE HENDRICKS COUNTY","assetType":"Electric Bill Assistance","dataYear":"2013","assetId":"797888","subcategory":"Public Assistance","detail":"https://classic.savi.org/SAVI/PopUps/AssetMoreInfo.aspx?AssetID=797888"}},{"type":"Feature","geometry":{"type":"Point","coordinates":[-86.05752986,39.48056412]},"properties":{"name":"FRANKLIN TOWNSHIP TRUSTEE JOHNSON COUNTY","assetType":"Electric Bill Assistance","dataYear":"2013","assetId":"797898","subcategory":"Public Assistance","detail":"https://classic.savi.org/SAVI/PopUps/AssetMoreInfo.aspx?AssetID=797898"}},{"type":"Feature","geometry":{"type":"Point","coordinates":[-86.06336488,39.67762028]},"properties":{"name":"FRANKLIN TOWNSHIP TRUSTEE MARION COUNTY","assetType":"Electric Bill Assistance","dataYear":"2013","assetId":"797906","subcategory":"Public Assistance","detail":"https://classic.savi.org/SAVI/PopUps/AssetMoreInfo.aspx?AssetID=797906"}},{"type":"Feature","geometry":{"type":"Point","coordinates":[-85.7271411,39.90147378]},"properties":{"name":"GREEN TOWNSHIP TRUSTEE HANCOCK COUNTY","assetType":"Electric Bill Assistance","dataYear":"2013","assetId":"798032","subcategory":"Public Assistance","detail":"https://classic.savi.org/SAVI/PopUps/AssetMoreInfo.aspx?AssetID=798032"}},{"type":"Feature","geometry":{"type":"Point","coordinates":[-86.33847559,39.45185527]},"properties":{"name":"GREEN TOWNSHIP TRUSTEE MORGAN COUNTY","assetType":"Electric Bill Assistance","dataYear":"2013","assetId":"798049","subcategory":"Public Assistance","detail":"https://classic.savi.org/SAVI/PopUps/AssetMoreInfo.aspx?AssetID=798049"}},{"type":"Feature","geometry":{"type":"Point","coordinates":[-86.535997,39.545187]},"properties":{"name":"GREGG TOWNSHIP TRUSTEE MORGAN COUNTY","assetType":"Electric Bill Assistance","dataYear":"2013","assetId":"798119","subcategory":"Public Assistance","detail":"https://classic.savi.org/SAVI/PopUps/AssetMoreInfo.aspx?AssetID=798119"}},{"type":"Feature","geometry":{"type":"Point","coordinates":[-86.38976002,39.683279]},"properties":{"name":"GUILFORD TOWNSHIP TRUSTEE HENDRICKS COUNTY","assetType":"Electric Bill Assistance","dataYear":"2013","assetId":"798128","subcategory":"Public Assistance","detail":"https://classic.savi.org/SAVI/PopUps/AssetMoreInfo.aspx?AssetID=798128"}},{"type":"Feature","geometry":{"type":"Point","coordinates":[-85.719536,39.650565]},"properties":{"name":"HANOVER TOWNSHIP TRUSTEE SHELBY COUNTY","assetType":"Electric Bill Assistance","dataYear":"2013","assetId":"798235","subcategory":"Public Assistance","detail":"https://classic.savi.org/SAVI/PopUps/AssetMoreInfo.aspx?AssetID=798235"}},{"type":"Feature","geometry":{"type":"Point","coordinates":[-86.51195108,39.96128264]},"properties":{"name":"HARRISON TOWNSHIP TRUSTEE BOONE COUNTY","assetType":"Electric Bill Assistance","dataYear":"2013","assetId":"798256","subcategory":"Public Assistance","detail":"https://classic.savi.org/SAVI/PopUps/AssetMoreInfo.aspx?AssetID=798256"}},{"type":"Feature","geometry":{"type":"Point","coordinates":[-86.25833259,39.55554754]},"properties":{"name":"HARRISON TOWNSHIP TRUSTEE MORGAN COUNTY","assetType":"Electric Bill Assistance","dataYear":"2013","assetId":"798263","subcategory":"Public Assistance","detail":"https://classic.savi.org/SAVI/PopUps/AssetMoreInfo.aspx?AssetID=798263"}},{"type":"Feature","geometry":{"type":"Point","coordinates":[-86.20159956,39.76658832]},"properties":{"name":"HAWTHORNE COMMUNITY CENTER - CENTER FOR WORKING FAMILIES","assetType":"Electric Bill Assistance","dataYear":"2013","assetId":"798268","subcategory":"Public Assistance","detail":"https://classic.savi.org/SAVI/PopUps/AssetMoreInfo.aspx?AssetID=798268"}},{"type":"Feature","geometry":{"type":"Point","coordinates":[-85.93888158,39.4364929]},"properties":{"name":"HENDRICKS TOWNSHIP TRUSTEE SHELBY COUNTY","assetType":"Electric Bill Assistance","dataYear":"2013","assetId":"798343","subcategory":"Public Assistance","detail":"https://classic.savi.org/SAVI/PopUps/AssetMoreInfo.aspx?AssetID=798343"}},{"type":"Feature","geometry":{"type":"Point","coordinates":[-86.21848462,39.39530567]},"properties":{"name":"HENSLEY TOWNSHIP TRUSTEE JOHNSON COUNTY","assetType":"Electric Bill Assistance","dataYear":"2013","assetId":"798348","subcategory":"Public Assistance","detail":"https://classic.savi.org/SAVI/PopUps/AssetMoreInfo.aspx?AssetID=798348"}},{"type":"Feature","geometry":{"type":"Point","coordinates":[-86.58397634,39.99569136]},"properties":{"name":"JACKSON TOWNSHIP TRUSTEE BOONE COUNTY","assetType":"Electric Bill Assistance","dataYear":"2013","assetId":"798547","subcategory":"Public Assistance","detail":"https://classic.savi.org/SAVI/PopUps/AssetMoreInfo.aspx?AssetID=798547"}},{"type":"Feature","geometry":{"type":"Point","coordinates":[-86.02772211,40.17588898]},"properties":{"name":"JACKSON TOWNSHIP TRUSTEE HAMILTON COUNTY","assetType":"Electric Bill Assistance","dataYear":"2013","assetId":"798589","subcategory":"Public Assistance","detail":"https://classic.savi.org/SAVI/PopUps/AssetMoreInfo.aspx?AssetID=798589"}},{"type":"Feature","geometry":{"type":"Point","coordinates":[-85.60146571,39.81553224]},"properties":{"name":"JACKSON TOWNSHIP TRUSTEE HANCOCK COUNTY","assetType":"Electric Bill Assistance","dataYear":"2013","assetId":"798606","subcategory":"Public Assistance","detail":"https://classic.savi.org/SAVI/PopUps/AssetMoreInfo.aspx?AssetID=798606"}},{"type":"Feature","geometry":{"type":"Point","coordinates":[-86.39250344,39.37427782]},"properties":{"name":"JACKSON TOWNSHIP TRUSTEE MORGAN COUNTY","assetType":"Electric Bill Assistance","dataYear":"2013","assetId":"798644","subcategory":"Public Assistance","detail":"https://classic.savi.org/SAVI/PopUps/AssetMoreInfo.aspx?AssetID=798644"}},{"type":"Feature","geometry":{"type":"Point","coordinates":[-85.89331497,39.42675853]},"properties":{"name":"JACKSON TOWNSHIP TRUSTEE SHELBY COUNTY","assetType":"Electric Bill Assistance","dataYear":"2013","assetId":"798691","subcategory":"Public Assistance","detail":"https://classic.savi.org/SAVI/PopUps/AssetMoreInfo.aspx?AssetID=798691"}},{"type":"Feature","geometry":{"type":"Point","coordinates":[-86.58433319,40.0320336]},"properties":{"name":"JEFFERSON TOWNSHIP TRUSTEE BOONE COUNTY","assetType":"Electric Bill Assistance","dataYear":"2013","assetId":"798747","subcategory":"Public Assistance","detail":"https://classic.savi.org/SAVI/PopUps/AssetMoreInfo.aspx?AssetID=798747"}},{"type":"Feature","geometry":{"type":"Point","coordinates":[-86.47213832,39.42546588]},"properties":{"name":"JEFFERSON TOWNSHIP TRUSTEE MORGAN COUNTY","assetType":"Electric Bill Assistance","dataYear":"2013","assetId":"798776","subcategory":"Public Assistance","detail":"https://classic.savi.org/SAVI/PopUps/AssetMoreInfo.aspx?AssetID=798776"}},{"type":"Feature","geometry":{"type":"Point","coordinates":[-86.12334164,39.78141895]},"properties":{"name":"JOHN H BONER COMMUNITY CENTER","assetType":"Electric Bill Assistance","dataYear":"2013","assetId":"798944","subcategory":"Public Assistance","detail":"https://classic.savi.org/SAVI/PopUps/AssetMoreInfo.aspx?AssetID=798944"}},{"type":"Feature","geometry":{"type":"Point","coordinates":[-86.02486637,39.83863629]},"properties":{"name":"LAWRENCE TOWNSHIP TRUSTEE MARION COUNTY","assetType":"Electric Bill Assistance","dataYear":"2013","assetId":"796626","subcategory":"Public Assistance","detail":"https://classic.savi.org/SAVI/PopUps/AssetMoreInfo.aspx?AssetID=796626"}},{"type":"Feature","geometry":{"type":"Point","coordinates":[-86.52418579,39.61551112]},"properties":{"name":"LIBERTY TOWNSHIP TRUSTEE HENDRICKS COUNTY","assetType":"Electric Bill Assistance","dataYear":"2013","assetId":"796860","subcategory":"Public Assistance","detail":"https://classic.savi.org/SAVI/PopUps/AssetMoreInfo.aspx?AssetID=796860"}},{"type":"Feature","geometry":{"type":"Point","coordinates":[-85.63551833,39.48273099]},"properties":{"name":"LIBERTY TOWNSHIP TRUSTEE SHELBY COUNTY","assetType":"Electric Bill Assistance","dataYear":"2013","assetId":"796870","subcategory":"Public Assistance","detail":"https://classic.savi.org/SAVI/PopUps/AssetMoreInfo.aspx?AssetID=796870"}},{"type":"Feature","geometry":{"type":"Point","coordinates":[-86.39715243,39.84297932]},"properties":{"name":"LINCOLN TOWNSHIP TRUSTEE HENDRICKS COUNTY","assetType":"Electric Bill Assistance","dataYear":"2013","assetId":"796913","subcategory":"Public Assistance","detail":"https://classic.savi.org/SAVI/PopUps/AssetMoreInfo.aspx?AssetID=796913"}},{"type":"Feature","geometry":{"type":"Point","coordinates":[-85.77928777,39.80409527]},"properties":{"name":"LOVE IN THE NAME OF CHRIST LOVE INC OF GREATER HANCOCK COUNTY","assetType":"Electric Bill Assistance","dataYear":"2013","assetId":"797325","subcategory":"Public Assistance","detail":"https://classic.savi.org/SAVI/PopUps/AssetMoreInfo.aspx?AssetID=797325"}},{"type":"Feature","geometry":{"type":"Point","coordinates":[-86.29015037,39.61819579]},"properties":{"name":"MADISON TOWNSHIP TRUSTEE MORGAN COUNTY","assetType":"Electric Bill Assistance","dataYear":"2013","assetId":"797057","subcategory":"Public Assistance","detail":"https://classic.savi.org/SAVI/PopUps/AssetMoreInfo.aspx?AssetID=797057"}},{"type":"Feature","geometry":{"type":"Point","coordinates":[-86.242014,40.129251]},"properties":{"name":"MARION TOWNSHIP TRUSTEE BOONE COUNTY","assetType":"Electric Bill Assistance","dataYear":"2013","assetId":"797424","subcategory":"Public Assistance","detail":"https://classic.savi.org/SAVI/PopUps/AssetMoreInfo.aspx?AssetID=797424"}},{"type":"Feature","geometry":{"type":"Point","coordinates":[-86.65083933,39.75981302]},"properties":{"name":"MARION TOWNSHIP TRUSTEE HENDRICKS COUNTY","assetType":"Electric Bill Assistance","dataYear":"2013","assetId":"797446","subcategory":"Public Assistance","detail":"https://classic.savi.org/SAVI/PopUps/AssetMoreInfo.aspx?AssetID=797446"}},{"type":"Feature","geometry":{"type":"Point","coordinates":[-85.77240893,39.60226271]},"properties":{"name":"MARION TOWNSHIP TRUSTEE SHELBY COUNTY","assetType":"Electric Bill Assistance","dataYear":"2013","assetId":"797455","subcategory":"Public Assistance","detail":"https://classic.savi.org/SAVI/PopUps/AssetMoreInfo.aspx?AssetID=797455"}},{"type":"Feature","geometry":{"type":"Point","coordinates":[-86.15783743,39.82855386]},"properties":{"name":"MARTIN LUTHER KING COMMUNITY CENTER","assetType":"Electric Bill Assistance","dataYear":"2013","assetId":"797515","subcategory":"Public Assistance","detail":"https://classic.savi.org/SAVI/PopUps/AssetMoreInfo.aspx?AssetID=797515"}},{"type":"Feature","geometry":{"type":"Point","coordinates":[-86.14463267,40.00023183]},"properties":{"name":"MERCIFUL HELP CENTER","assetType":"Electric Bill Assistance","dataYear":"2013","assetId":"796657","subcategory":"Public Assistance","detail":"https://classic.savi.org/SAVI/PopUps/AssetMoreInfo.aspx?AssetID=796657"}},{"type":"Feature","geometry":{"type":"Point","coordinates":[-86.4588092,39.86087511]},"properties":{"name":"MIDDLE TOWNSHIP TRUSTEE HENDRICKS COUNTY","assetType":"Electric Bill Assistance","dataYear":"2013","assetId":"797852","subcategory":"Public Assistance","detail":"https://classic.savi.org/SAVI/PopUps/AssetMoreInfo.aspx?AssetID=797852"}},{"type":"Feature","geometry":{"type":"Point","coordinates":[-86.54282663,39.57184994]},"properties":{"name":"MONROE TOWNSHIP TRUSTEE MORGAN COUNTY","assetType":"Electric Bill Assistance","dataYear":"2013","assetId":"797879","subcategory":"Public Assistance","detail":"https://classic.savi.org/SAVI/PopUps/AssetMoreInfo.aspx?AssetID=797879"}},{"type":"Feature","geometry":{"type":"Point","coordinates":[-85.92421093,39.6141867]},"properties":{"name":"MORAL TOWNSHIP TRUSTEE SHELBY COUNTY","assetType":"Electric Bill Assistance","dataYear":"2013","assetId":"797924","subcategory":"Public Assistance","detail":"https://classic.savi.org/SAVI/PopUps/AssetMoreInfo.aspx?AssetID=797924"}},{"type":"Feature","geometry":{"type":"Point","coordinates":[-86.03842408,39.48217952]},"properties":{"name":"NEEDHAM TOWNSHIP TRUSTEE JOHNSON COUNTY","assetType":"Electric Bill Assistance","dataYear":"2013","assetId":"798311","subcategory":"Public Assistance","detail":"https://classic.savi.org/SAVI/PopUps/AssetMoreInfo.aspx?AssetID=798311"}},{"type":"Feature","geometry":{"type":"Point","coordinates":[-86.10775671,39.351489]},"properties":{"name":"NINEVEH TOWNSHIP TRUSTEE JOHNSON COUNTY","assetType":"Electric Bill Assistance","dataYear":"2013","assetId":"798375","subcategory":"Public Assistance","detail":"https://classic.savi.org/SAVI/PopUps/AssetMoreInfo.aspx?AssetID=798375"}},{"type":"Feature","geometry":{"type":"Point","coordinates":[-86.0141877,40.04241304]},"properties":{"name":"NOBLESVILLE TOWNSHIP TRUSTEE HAMILTON COUNTY","assetType":"Electric Bill Assistance","dataYear":"2013","assetId":"798462","subcategory":"Public Assistance","detail":"https://classic.savi.org/SAVI/PopUps/AssetMoreInfo.aspx?AssetID=798462"}},{"type":"Feature","geometry":{"type":"Point","coordinates":[-86.42252811,39.96704785]},"properties":{"name":"PERRY TOWNSHIP TRUSTEE BOONE COUNTY","assetType":"Electric Bill Assistance","dataYear":"2013","assetId":"798560","subcategory":"Public Assistance","detail":"https://classic.savi.org/SAVI/PopUps/AssetMoreInfo.aspx?AssetID=798560"}},{"type":"Feature","geometry":{"type":"Point","coordinates":[-86.13914969,39.69439952]},"properties":{"name":"PERRY TOWNSHIP TRUSTEE MARION COUNTY","assetType":"Electric Bill Assistance","dataYear":"2013","assetId":"798581","subcategory":"Public Assistance","detail":"https://classic.savi.org/SAVI/PopUps/AssetMoreInfo.aspx?AssetID=798581"}},{"type":"Feature","geometry":{"type":"Point","coordinates":[-86.26474027,39.8546241]},"properties":{"name":"PIKE TOWNSHIP TRUSTEE MARION COUNTY","assetType":"Electric Bill Assistance","dataYear":"2013","assetId":"798596","subcategory":"Public Assistance","detail":"https://classic.savi.org/SAVI/PopUps/AssetMoreInfo.aspx?AssetID=798596"}},{"type":"Feature","geometry":{"type":"Point","coordinates":[-86.07893138,39.55153431]},"properties":{"name":"PLEASANT TOWNSHIP TRUSTEE JOHNSON COUNTY","assetType":"Electric Bill Assistance","dataYear":"2013","assetId":"798624","subcategory":"Public Assistance","detail":"https://classic.savi.org/SAVI/PopUps/AssetMoreInfo.aspx?AssetID=798624"}},{"type":"Feature","geometry":{"type":"Point","coordinates":[-86.0122718,40.03401462]},"properties":{"name":"SAINT VINCENT DE PAUL CENTER HAMILTON COUNTY","assetType":"Electric Bill Assistance","dataYear":"2013","assetId":"796897","subcategory":"Public Assistance","detail":"https://classic.savi.org/SAVI/PopUps/AssetMoreInfo.aspx?AssetID=796897"}},{"type":"Feature","geometry":{"type":"Point","coordinates":[-86.13964682,39.74928895]},"properties":{"name":"SALVATION ARMY FOUNTAIN SQUARE CORPS","assetType":"Electric Bill Assistance","dataYear":"2013","assetId":"797144","subcategory":"Public Assistance","detail":"https://classic.savi.org/SAVI/PopUps/AssetMoreInfo.aspx?AssetID=797144"}},{"type":"Feature","geometry":{"type":"Point","coordinates":[-86.11042214,39.61216202]},"properties":{"name":"SALVATION ARMY JOHNSON COUNTY CORPS","assetType":"Electric Bill Assistance","dataYear":"2013","assetId":"798100","subcategory":"Public Assistance","detail":"https://classic.savi.org/SAVI/PopUps/AssetMoreInfo.aspx?AssetID=798100"}},{"type":"Feature","geometry":{"type":"Point","coordinates":[-85.73170437,39.45834988]},"properties":{"name":"SHELBY TOWNSHIP TRUSTEE SHELBY COUNTY","assetType":"Electric Bill Assistance","dataYear":"2013","assetId":"798851","subcategory":"Public Assistance","detail":"https://classic.savi.org/SAVI/PopUps/AssetMoreInfo.aspx?AssetID=798851"}},{"type":"Feature","geometry":{"type":"Point","coordinates":[-86.13967331,39.75479745]},"properties":{"name":"SOUTHEAST COMMUNITY SERVICES","assetType":"Electric Bill Assistance","dataYear":"2013","assetId":"798882","subcategory":"Public Assistance","detail":"https://classic.savi.org/SAVI/PopUps/AssetMoreInfo.aspx?AssetID=798882"}},{"type":"Feature","geometry":{"type":"Point","coordinates":[-86.60974926,40.12930842]},"properties":{"name":"SUGAR CREEK TOWNSHIP TRUSTEE BOONE COUNTY","assetType":"Electric Bill Assistance","dataYear":"2013","assetId":"799066","subcategory":"Public Assistance","detail":"https://classic.savi.org/SAVI/PopUps/AssetMoreInfo.aspx?AssetID=799066"}},{"type":"Feature","geometry":{"type":"Point","coordinates":[-85.91373605,39.73217216]},"properties":{"name":"SUGAR CREEK TOWNSHIP TRUSTEE HANCOCK COUNTY","assetType":"Electric Bill Assistance","dataYear":"2013","assetId":"799076","subcategory":"Public Assistance","detail":"https://classic.savi.org/SAVI/PopUps/AssetMoreInfo.aspx?AssetID=799076"}},{"type":"Feature","geometry":{"type":"Point","coordinates":[-85.92929828,39.55402998]},"properties":{"name":"SUGAR CREEK TOWNSHIP TRUSTEE SHELBY COUNTY","assetType":"Electric Bill Assistance","dataYear":"2013","assetId":"799084","subcategory":"Public Assistance","detail":"https://classic.savi.org/SAVI/PopUps/AssetMoreInfo.aspx?AssetID=799084"}},{"type":"Feature","geometry":{"type":"Point","coordinates":[-86.54339485,39.88375791]},"properties":{"name":"UNION TOWNSHIP TRUSTEE HENDRICKS COUNTY","assetType":"Electric Bill Assistance","dataYear":"2013","assetId":"799164","subcategory":"Public Assistance","detail":"https://classic.savi.org/SAVI/PopUps/AssetMoreInfo.aspx?AssetID=799164"}},{"type":"Feature","geometry":{"type":"Point","coordinates":[-86.21101385,39.50305695]},"properties":{"name":"UNION TOWNSHIP TRUSTEE JOHNSON COUNTY","assetType":"Electric Bill Assistance","dataYear":"2013","assetId":"799174","subcategory":"Public Assistance","detail":"https://classic.savi.org/SAVI/PopUps/AssetMoreInfo.aspx?AssetID=799174"}},{"type":"Feature","geometry":{"type":"Point","coordinates":[-85.65318151,39.59887629]},"properties":{"name":"UNION TOWNSHIP TRUSTEE SHELBY COUNTY","assetType":"Electric Bill Assistance","dataYear":"2013","assetId":"799187","subcategory":"Public Assistance","detail":"https://classic.savi.org/SAVI/PopUps/AssetMoreInfo.aspx?AssetID=799187"}},{"type":"Feature","geometry":{"type":"Point","coordinates":[-85.79307908,39.62908856]},"properties":{"name":"VAN BUREN TOWNSHIP TRUSTEE SHELBY COUNTY","assetType":"Electric Bill Assistance","dataYear":"2013","assetId":"796321","subcategory":"Public Assistance","detail":"https://classic.savi.org/SAVI/PopUps/AssetMoreInfo.aspx?AssetID=796321"}},{"type":"Feature","geometry":{"type":"Point","coordinates":[-85.84993862,39.93404183]},"properties":{"name":"VERNON TOWNSHIP TRUSTEE HANCOCK COUNTY","assetType":"Electric Bill Assistance","dataYear":"2013","assetId":"796356","subcategory":"Public Assistance","detail":"https://classic.savi.org/SAVI/PopUps/AssetMoreInfo.aspx?AssetID=796356"}},{"type":"Feature","geometry":{"type":"Point","coordinates":[-86.00914518,39.77838009]},"properties":{"name":"WARREN TOWNSHIP TRUSTEE MARION COUNTY","assetType":"Electric Bill Assistance","dataYear":"2013","assetId":"796392","subcategory":"Public Assistance","detail":"https://classic.savi.org/SAVI/PopUps/AssetMoreInfo.aspx?AssetID=796392"}},{"type":"Feature","geometry":{"type":"Point","coordinates":[-86.56380306,40.13394966]},"properties":{"name":"WASHINGTON TOWNSHIP TRUSTEE BOONE COUNTY","assetType":"Electric Bill Assistance","dataYear":"2013","assetId":"796415","subcategory":"Public Assistance","detail":"https://classic.savi.org/SAVI/PopUps/AssetMoreInfo.aspx?AssetID=796415"}},{"type":"Feature","geometry":{"type":"Point","coordinates":[-86.13021346,40.00577899]},"properties":{"name":"WASHINGTON TOWNSHIP TRUSTEE HAMILTON COUNTY","assetType":"Electric Bill Assistance","dataYear":"2013","assetId":"796425","subcategory":"Public Assistance","detail":"https://classic.savi.org/SAVI/PopUps/AssetMoreInfo.aspx?AssetID=796425"}},{"type":"Feature","geometry":{"type":"Point","coordinates":[-86.38738301,39.75881776]},"properties":{"name":"WASHINGTON TOWNSHIP TRUSTEE HENDRICKS COUNTY","assetType":"Electric Bill Assistance","dataYear":"2013","assetId":"796438","subcategory":"Public Assistance","detail":"https://classic.savi.org/SAVI/PopUps/AssetMoreInfo.aspx?AssetID=796438"}},{"type":"Feature","geometry":{"type":"Point","coordinates":[-86.12227605,39.84976962]},"properties":{"name":"WASHINGTON TOWNSHIP TRUSTEE MARION COUNTY","assetType":"Electric Bill Assistance","dataYear":"2013","assetId":"796439","subcategory":"Public Assistance","detail":"https://classic.savi.org/SAVI/PopUps/AssetMoreInfo.aspx?AssetID=796439"}},{"type":"Feature","geometry":{"type":"Point","coordinates":[-86.43052614,39.42775131]},"properties":{"name":"WASHINGTON TOWNSHIP TRUSTEE MORGAN COUNTY","assetType":"Electric Bill Assistance","dataYear":"2013","assetId":"796452","subcategory":"Public Assistance","detail":"https://classic.savi.org/SAVI/PopUps/AssetMoreInfo.aspx?AssetID=796452"}},{"type":"Feature","geometry":{"type":"Point","coordinates":[-85.826928,39.40596547]},"properties":{"name":"WASHINGTON TOWNSHIP TRUSTEE SHELBY COUNTY","assetType":"Electric Bill Assistance","dataYear":"2013","assetId":"796464","subcategory":"Public Assistance","detail":"https://classic.savi.org/SAVI/PopUps/AssetMoreInfo.aspx?AssetID=796464"}},{"type":"Feature","geometry":{"type":"Point","coordinates":[-85.90093607,40.07102618]},"properties":{"name":"WAYNE TOWNSHIP TRUSTEE HAMILTON COUNTY","assetType":"Electric Bill Assistance","dataYear":"2013","assetId":"796467","subcategory":"Public Assistance","detail":"https://classic.savi.org/SAVI/PopUps/AssetMoreInfo.aspx?AssetID=796467"}},{"type":"Feature","geometry":{"type":"Point","coordinates":[-86.2525202,39.75202199]},"properties":{"name":"WAYNE TOWNSHIP TRUSTEE MARION COUNTY","assetType":"Electric Bill Assistance","dataYear":"2013","assetId":"796481","subcategory":"Public Assistance","detail":"https://classic.savi.org/SAVI/PopUps/AssetMoreInfo.aspx?AssetID=796481"}},{"type":"Feature","geometry":{"type":"Point","coordinates":[-85.94212941,40.16174586]},"properties":{"name":"WHITE RIVER TOWNSHIP TRUSTEE HAMILTON COUNTY","assetType":"Electric Bill Assistance","dataYear":"2013","assetId":"796499","subcategory":"Public Assistance","detail":"https://classic.savi.org/SAVI/PopUps/AssetMoreInfo.aspx?AssetID=796499"}},{"type":"Feature","geometry":{"type":"Point","coordinates":[-86.19676078,39.57233429]},"properties":{"name":"WHITE RIVER TOWNSHIP TRUSTEE JOHNSON COUNTY","assetType":"Electric Bill Assistance","dataYear":"2013","assetId":"796510","subcategory":"Public Assistance","detail":"https://classic.savi.org/SAVI/PopUps/AssetMoreInfo.aspx?AssetID=796510"}},{"type":"Feature","geometry":{"type":"Point","coordinates":[-86.34606054,39.99702057]},"properties":{"name":"WORTH TOWNSHIP TRUSTEE BOONE COUNTY","assetType":"Electric Bill Assistance","dataYear":"2013","assetId":"796547","subcategory":"Public Assistance","detail":"https://classic.savi.org/SAVI/PopUps/AssetMoreInfo.aspx?AssetID=796547"}},{"type":"Feature","geometry":{"type":"Point","coordinates":[-86.24224722,39.95478058]},"properties":{"name":"ZIONSVILLE PRESBYTERIAN CHURCH","assetType":"Electric Bill Assistance","dataYear":"2013","assetId":"797192","subcategory":"Public Assistance","detail":"https://classic.savi.org/SAVI/PopUps/AssetMoreInfo.aspx?AssetID=797192"}},{"type":"Feature","geometry":{"type":"Point","coordinates":[-86.27429831,39.95004803]},"properties":{"name":"ZIONSVILLE PUBLIC ASSISTANCE OFFICE","assetType":"Electric Bill Assistance","dataYear":"2013","assetId":"799297","subcategory":"Public Assistance","detail":"https://classic.savi.org/SAVI/PopUps/AssetMoreInfo.aspx?AssetID=799297"}},{"type":"Feature","geometry":{"type":"Point","coordinates":[-86.4903543,40.04438473]},"properties":{"name":"BOONE COUNTY DIVISION OF FAMILY RESOURCES","assetType":"Food Stamps","dataYear":"2018","assetId":"920078","subcategory":"Public Assistance","detail":"https://classic.savi.org/SAVI/PopUps/AssetMoreInfo.aspx?AssetID=920078"}},{"type":"Feature","geometry":{"type":"Point","coordinates":[-86.2456641,39.20853166]},"properties":{"name":"BROWN COUNTY DIVISION OF FAMILY RESOURCES","assetType":"Food Stamps","dataYear":"2018","assetId":"920061","subcategory":"Public Assistance","detail":"https://classic.savi.org/SAVI/PopUps/AssetMoreInfo.aspx?AssetID=920061"}},{"type":"Feature","geometry":{"type":"Point","coordinates":[-86.0128125,40.03651889]},"properties":{"name":"HAMILTON COUNTY DIVISION OF FAMILY RESOURCES","assetType":"Food Stamps","dataYear":"2018","assetId":"920204","subcategory":"Public Assistance","detail":"https://classic.savi.org/SAVI/PopUps/AssetMoreInfo.aspx?AssetID=920204"}},{"type":"Feature","geometry":{"type":"Point","coordinates":[-85.76848829,39.80995404]},"properties":{"name":"HANCOCK COUNTY DIVISION OF FAMILY RESOURCES","assetType":"Food Stamps","dataYear":"2018","assetId":"920202","subcategory":"Public Assistance","detail":"https://classic.savi.org/SAVI/PopUps/AssetMoreInfo.aspx?AssetID=920202"}},{"type":"Feature","geometry":{"type":"Point","coordinates":[-86.36405978,39.71334001]},"properties":{"name":"HENDRICKS COUNTY DIVISION OF FAMILY RESOURCES","assetType":"Food Stamps","dataYear":"2018","assetId":"920079","subcategory":"Public Assistance","detail":"https://classic.savi.org/SAVI/PopUps/AssetMoreInfo.aspx?AssetID=920079"}},{"type":"Feature","geometry":{"type":"Point","coordinates":[-86.02517117,39.48082336]},"properties":{"name":"JOHNSON COUNTY DIVISION OF FAMILY RESOURCES","assetType":"Food Stamps","dataYear":"2018","assetId":"920144","subcategory":"Public Assistance","detail":"https://classic.savi.org/SAVI/PopUps/AssetMoreInfo.aspx?AssetID=920144"}},{"type":"Feature","geometry":{"type":"Point","coordinates":[-85.67588328,40.106611]},"properties":{"name":"MADISON COUNTY DIVISION OF FAMILY RESOURCES","assetType":"Food Stamps","dataYear":"2018","assetId":"920129","subcategory":"Public Assistance","detail":"https://classic.savi.org/SAVI/PopUps/AssetMoreInfo.aspx?AssetID=920129"}},{"type":"Feature","geometry":{"type":"Point","coordinates":[-86.15692077,39.81503262]},"properties":{"name":"MARION COUNTY DIVISION OF FAMILY RESOURCES - CENTRAL","assetType":"Food Stamps","dataYear":"2018","assetId":"920135","subcategory":"Public Assistance","detail":"https://classic.savi.org/SAVI/PopUps/AssetMoreInfo.aspx?AssetID=920135"}},{"type":"Feature","geometry":{"type":"Point","coordinates":[-86.06416279,39.78453312]},"properties":{"name":"MARION COUNTY DIVISION OF FAMILY RESOURCES - EAST","assetType":"Food Stamps","dataYear":"2018","assetId":"919874","subcategory":"Public Assistance","detail":"https://classic.savi.org/SAVI/PopUps/AssetMoreInfo.aspx?AssetID=919874"}},{"type":"Feature","geometry":{"type":"Point","coordinates":[-86.11935686,39.86246524]},"properties":{"name":"MARION COUNTY DIVISION OF FAMILY RESOURCES - NORTH","assetType":"Food Stamps","dataYear":"2018","assetId":"920138","subcategory":"Public Assistance","detail":"https://classic.savi.org/SAVI/PopUps/AssetMoreInfo.aspx?AssetID=920138"}},{"type":"Feature","geometry":{"type":"Point","coordinates":[-86.14336714,39.70922411]},"properties":{"name":"MARION COUNTY DIVISION OF FAMILY RESOURCES - SOUTH","assetType":"Food Stamps","dataYear":"2018","assetId":"920194","subcategory":"Public Assistance","detail":"https://classic.savi.org/SAVI/PopUps/AssetMoreInfo.aspx?AssetID=920194"}},{"type":"Feature","geometry":{"type":"Point","coordinates":[-86.25689949,39.79541962]},"properties":{"name":"MARION COUNTY DIVISION OF FAMILY RESOURCES - WEST","assetType":"Food Stamps","dataYear":"2018","assetId":"920071","subcategory":"Public Assistance","detail":"https://classic.savi.org/SAVI/PopUps/AssetMoreInfo.aspx?AssetID=920071"}},{"type":"Feature","geometry":{"type":"Point","coordinates":[-86.2687059,39.54496811]},"properties":{"name":"MORGAN COUNTY DIVISION OF FAMILY RESOURCES","assetType":"Food Stamps","dataYear":"2018","assetId":"920143","subcategory":"Public Assistance","detail":"https://classic.savi.org/SAVI/PopUps/AssetMoreInfo.aspx?AssetID=920143"}},{"type":"Feature","geometry":{"type":"Point","coordinates":[-86.83874337,39.64196476]},"properties":{"name":"PUTNAM COUNTY DIVISION OF FAMILY SERVICES","assetType":"Food Stamps","dataYear":"2018","assetId":"919868","subcategory":"Public Assistance","detail":"https://classic.savi.org/SAVI/PopUps/AssetMoreInfo.aspx?AssetID=919868"}},{"type":"Feature","geometry":{"type":"Point","coordinates":[-85.74066902,39.51636058]},"properties":{"name":"SHELBY COUNTY DIVISION OF FAMILY RESOURCES","assetType":"Food Stamps","dataYear":"2018","assetId":"920139","subcategory":"Public Assistance","detail":"https://classic.savi.org/SAVI/PopUps/AssetMoreInfo.aspx?AssetID=920139"}},{"type":"Feature","geometry":{"type":"Point","coordinates":[-86.22043078,40.1369393]},"properties":{"name":"ADAMS TOWNSHIP TRUSTEE HAMILTON COUNTY","assetType":"Gas Bill Assistance","dataYear":"2018","assetId":"918481","subcategory":"Public Assistance","detail":"https://classic.savi.org/SAVI/PopUps/AssetMoreInfo.aspx?AssetID=918481"}},{"type":"Feature","geometry":{"type":"Point","coordinates":[-85.65404433,39.99248624]},"properties":{"name":"ADAMS TOWNSHIP TRUSTEE MADISON COUNTY","assetType":"Gas Bill Assistance","dataYear":"2018","assetId":"920472","subcategory":"Public Assistance","detail":"https://classic.savi.org/SAVI/PopUps/AssetMoreInfo.aspx?AssetID=920472"}},{"type":"Feature","geometry":{"type":"Point","coordinates":[-86.58560197,39.52107037]},"properties":{"name":"ADAMS TOWNSHIP TRUSTEE MORGAN COUNTY","assetType":"Gas Bill Assistance","dataYear":"2018","assetId":"918249","subcategory":"Public Assistance","detail":"https://classic.savi.org/SAVI/PopUps/AssetMoreInfo.aspx?AssetID=918249"}},{"type":"Feature","geometry":{"type":"Point","coordinates":[-85.774411,39.51964958]},"properties":{"name":"ADDISON TOWNSHIP TRUSTEE SHELBY COUNTY","assetType":"Gas Bill Assistance","dataYear":"2018","assetId":"920488","subcategory":"Public Assistance","detail":"https://classic.savi.org/SAVI/PopUps/AssetMoreInfo.aspx?AssetID=920488"}},{"type":"Feature","geometry":{"type":"Point","coordinates":[-85.68067007,40.10393727]},"properties":{"name":"ANDERSON FIRST UNITED METHODIST CHURCH","assetType":"Gas Bill Assistance","dataYear":"2018","assetId":"920036","subcategory":"Public Assistance","detail":"https://classic.savi.org/SAVI/PopUps/AssetMoreInfo.aspx?AssetID=920036"}},{"type":"Feature","geometry":{"type":"Point","coordinates":[-85.69186383,40.0876172]},"properties":{"name":"ANDERSON TOWNSHIP TRUSTEE MADISON COUNTY","assetType":"Gas Bill Assistance","dataYear":"2018","assetId":"920003","subcategory":"Public Assistance","detail":"https://classic.savi.org/SAVI/PopUps/AssetMoreInfo.aspx?AssetID=920003"}},{"type":"Feature","geometry":{"type":"Point","coordinates":[-86.59015368,39.46594941]},"properties":{"name":"ASHLAND TOWNSHIP TRUSTEE MORGAN COUNTY","assetType":"Gas Bill Assistance","dataYear":"2018","assetId":"918043","subcategory":"Public Assistance","detail":"https://classic.savi.org/SAVI/PopUps/AssetMoreInfo.aspx?AssetID=918043"}},{"type":"Feature","geometry":{"type":"Point","coordinates":[-86.53976457,39.36099715]},"properties":{"name":"BAKER TOWNSHIP TRUSTEE MORGAN COUNTY","assetType":"Gas Bill Assistance","dataYear":"2018","assetId":"917866","subcategory":"Public Assistance","detail":"https://classic.savi.org/SAVI/PopUps/AssetMoreInfo.aspx?AssetID=917866"}},{"type":"Feature","geometry":{"type":"Point","coordinates":[-85.67692841,39.77189764]},"properties":{"name":"BLUE RIVER TOWNSHIP TRUSTEE HANCOCK COUNTY","assetType":"Gas Bill Assistance","dataYear":"2018","assetId":"922529","subcategory":"Public Assistance","detail":"https://classic.savi.org/SAVI/PopUps/AssetMoreInfo.aspx?AssetID=922529"}},{"type":"Feature","geometry":{"type":"Point","coordinates":[-85.96678325,39.35439477]},"properties":{"name":"BLUE RIVER TOWNSHIP TRUSTEE JOHNSON COUNTY","assetType":"Gas Bill Assistance","dataYear":"2018","assetId":"922379","subcategory":"Public Assistance","detail":"https://classic.savi.org/SAVI/PopUps/AssetMoreInfo.aspx?AssetID=922379"}},{"type":"Feature","geometry":{"type":"Point","coordinates":[-85.74290931,40.37568005]},"properties":{"name":"BOONE TOWNSHIP TRUSTEE MADISON COUNTY","assetType":"Gas Bill Assistance","dataYear":"2018","assetId":"920596","subcategory":"Public Assistance","detail":"https://classic.savi.org/SAVI/PopUps/AssetMoreInfo.aspx?AssetID=920596"}},{"type":"Feature","geometry":{"type":"Point","coordinates":[-86.24715136,39.20340501]},"properties":{"name":"BROWN COUNTY COMMUNITY CLOSET","assetType":"Gas Bill Assistance","dataYear":"2018","assetId":"917065","subcategory":"Public Assistance","detail":"https://classic.savi.org/SAVI/PopUps/AssetMoreInfo.aspx?AssetID=917065"}},{"type":"Feature","geometry":{"type":"Point","coordinates":[-86.39294095,39.90907004]},"properties":{"name":"BROWN TOWNSHIP TRUSTEE HENDRICKS COUNTY","assetType":"Gas Bill Assistance","dataYear":"2018","assetId":"917941","subcategory":"Public Assistance","detail":"https://classic.savi.org/SAVI/PopUps/AssetMoreInfo.aspx?AssetID=917941"}},{"type":"Feature","geometry":{"type":"Point","coordinates":[-86.36192889,39.6195823]},"properties":{"name":"BROWN TOWNSHIP TRUSTEE MORGAN COUNTY","assetType":"Gas Bill Assistance","dataYear":"2018","assetId":"918022","subcategory":"Public Assistance","detail":"https://classic.savi.org/SAVI/PopUps/AssetMoreInfo.aspx?AssetID=918022"}},{"type":"Feature","geometry":{"type":"Point","coordinates":[-86.39744444,39.84408263]},"properties":{"name":"BROWNSBURG POLICE DEPARTMENT","assetType":"Gas Bill Assistance","dataYear":"2018","assetId":"922210","subcategory":"Public Assistance","detail":"https://classic.savi.org/SAVI/PopUps/AssetMoreInfo.aspx?AssetID=922210"}},{"type":"Feature","geometry":{"type":"Point","coordinates":[-85.90476499,39.84593559]},"properties":{"name":"BUCK CREEK TOWNSHIP TRUSTEE HANCOCK COUNTY","assetType":"Gas Bill Assistance","dataYear":"2018","assetId":"917713","subcategory":"Public Assistance","detail":"https://classic.savi.org/SAVI/PopUps/AssetMoreInfo.aspx?AssetID=917713"}},{"type":"Feature","geometry":{"type":"Point","coordinates":[-86.15913237,39.78656668]},"properties":{"name":"CATHOLIC CHARITIES CRISIS OFFICE","assetType":"Gas Bill Assistance","dataYear":"2018","assetId":"922544","subcategory":"Public Assistance","detail":"https://classic.savi.org/SAVI/PopUps/AssetMoreInfo.aspx?AssetID=922544"}},{"type":"Feature","geometry":{"type":"Point","coordinates":[-86.47085009,40.05665059]},"properties":{"name":"CENTER TOWNSHIP TRUSTEE BOONE COUNTY","assetType":"Gas Bill Assistance","dataYear":"2018","assetId":"922402","subcategory":"Public Assistance","detail":"https://classic.savi.org/SAVI/PopUps/AssetMoreInfo.aspx?AssetID=922402"}},{"type":"Feature","geometry":{"type":"Point","coordinates":[-85.77210611,39.80356082]},"properties":{"name":"CENTER TOWNSHIP TRUSTEE HANCOCK COUNTY","assetType":"Gas Bill Assistance","dataYear":"2018","assetId":"922475","subcategory":"Public Assistance","detail":"https://classic.savi.org/SAVI/PopUps/AssetMoreInfo.aspx?AssetID=922475"}},{"type":"Feature","geometry":{"type":"Point","coordinates":[-86.52411116,39.75972715]},"properties":{"name":"CENTER TOWNSHIP TRUSTEE HENDRICKS COUNTY","assetType":"Gas Bill Assistance","dataYear":"2018","assetId":"922424","subcategory":"Public Assistance","detail":"https://classic.savi.org/SAVI/PopUps/AssetMoreInfo.aspx?AssetID=922424"}},{"type":"Feature","geometry":{"type":"Point","coordinates":[-86.14313087,39.7788428]},"properties":{"name":"CENTER TOWNSHIP TRUSTEE MARION COUNTY","assetType":"Gas Bill Assistance","dataYear":"2018","assetId":"922355","subcategory":"Public Assistance","detail":"https://classic.savi.org/SAVI/PopUps/AssetMoreInfo.aspx?AssetID=922355"}},{"type":"Feature","geometry":{"type":"Point","coordinates":[-86.15725157,39.7687778]},"properties":{"name":"CHRIST CHURCH CATHEDRAL","assetType":"Gas Bill Assistance","dataYear":"2018","assetId":"922224","subcategory":"Public Assistance","detail":"https://classic.savi.org/SAVI/PopUps/AssetMoreInfo.aspx?AssetID=922224"}},{"type":"Feature","geometry":{"type":"Point","coordinates":[-86.37452847,39.61209216]},"properties":{"name":"CHURCHES IN MISSION","assetType":"Gas Bill Assistance","dataYear":"2018","assetId":"921978","subcategory":"Public Assistance","detail":"https://classic.savi.org/SAVI/PopUps/AssetMoreInfo.aspx?AssetID=921978"}},{"type":"Feature","geometry":{"type":"Point","coordinates":[-86.42953447,39.42907823]},"properties":{"name":"CHURCHES IN MISSION - MARTINSVILLE","assetType":"Gas Bill Assistance","dataYear":"2018","assetId":"921835","subcategory":"Public Assistance","detail":"https://classic.savi.org/SAVI/PopUps/AssetMoreInfo.aspx?AssetID=921835"}},{"type":"Feature","geometry":{"type":"Point","coordinates":[-86.15813853,39.79396417]},"properties":{"name":"CITIZENS ENERGY GROUP","assetType":"Gas Bill Assistance","dataYear":"2018","assetId":"921646","subcategory":"Public Assistance","detail":"https://classic.savi.org/SAVI/PopUps/AssetMoreInfo.aspx?AssetID=921646"}},{"type":"Feature","geometry":{"type":"Point","coordinates":[-85.98146777,39.61091717]},"properties":{"name":"CLARK TOWNSHIP TRUSTEE JOHNSON COUNTY","assetType":"Gas Bill Assistance","dataYear":"2018","assetId":"921802","subcategory":"Public Assistance","detail":"https://classic.savi.org/SAVI/PopUps/AssetMoreInfo.aspx?AssetID=921802"}},{"type":"Feature","geometry":{"type":"Point","coordinates":[-86.14561577,39.94343504]},"properties":{"name":"CLAY TOWNSHIP TRUSTEE HAMILTON COUNTY","assetType":"Gas Bill Assistance","dataYear":"2018","assetId":"921737","subcategory":"Public Assistance","detail":"https://classic.savi.org/SAVI/PopUps/AssetMoreInfo.aspx?AssetID=921737"}},{"type":"Feature","geometry":{"type":"Point","coordinates":[-86.3590723,39.51288294]},"properties":{"name":"CLAY TOWNSHIP TRUSTEE MORGAN COUNTY","assetType":"Gas Bill Assistance","dataYear":"2018","assetId":"921634","subcategory":"Public Assistance","detail":"https://classic.savi.org/SAVI/PopUps/AssetMoreInfo.aspx?AssetID=921634"}},{"type":"Feature","geometry":{"type":"Point","coordinates":[-86.42274444,40.12257272]},"properties":{"name":"CLINTON TOWNSHIP TRUSTEE BOONE COUNTY","assetType":"Gas Bill Assistance","dataYear":"2018","assetId":"921726","subcategory":"Public Assistance","detail":"https://classic.savi.org/SAVI/PopUps/AssetMoreInfo.aspx?AssetID=921726"}},{"type":"Feature","geometry":{"type":"Point","coordinates":[-86.95747213,39.73385877]},"properties":{"name":"CLINTON TOWNSHIP TRUSTEE PUTNAM COUNTY","assetType":"Gas Bill Assistance","dataYear":"2018","assetId":"921111","subcategory":"Public Assistance","detail":"https://classic.savi.org/SAVI/PopUps/AssetMoreInfo.aspx?AssetID=921111"}},{"type":"Feature","geometry":{"type":"Point","coordinates":[-86.79275698,39.51380749]},"properties":{"name":"CLOVERDALE TOWNSHIP TRUSTEE PUTNAM COUNTY","assetType":"Gas Bill Assistance","dataYear":"2018","assetId":"920934","subcategory":"Public Assistance","detail":"https://classic.savi.org/SAVI/PopUps/AssetMoreInfo.aspx?AssetID=920934"}},{"type":"Feature","geometry":{"type":"Point","coordinates":[-86.01170847,39.82746745]},"properties":{"name":"COMMUNITY ALLIANCE OF THE FAR EASTSIDE CAF","assetType":"Gas Bill Assistance","dataYear":"2018","assetId":"918842","subcategory":"Public Assistance","detail":"https://classic.savi.org/SAVI/PopUps/AssetMoreInfo.aspx?AssetID=918842"}},{"type":"Feature","geometry":{"type":"Point","coordinates":[-86.27005454,39.68567771]},"properties":{"name":"DECATUR TOWNSHIP TRUSTEE MARION COUNTY","assetType":"Gas Bill Assistance","dataYear":"2018","assetId":"919771","subcategory":"Public Assistance","detail":"https://classic.savi.org/SAVI/PopUps/AssetMoreInfo.aspx?AssetID=919771"}},{"type":"Feature","geometry":{"type":"Point","coordinates":[-86.00936241,39.97911534]},"properties":{"name":"DELAWARE TOWNSHIP TRUSTEE HAMILTON COUNTY","assetType":"Gas Bill Assistance","dataYear":"2018","assetId":"919665","subcategory":"Public Assistance","detail":"https://classic.savi.org/SAVI/PopUps/AssetMoreInfo.aspx?AssetID=919665"}},{"type":"Feature","geometry":{"type":"Point","coordinates":[-85.81359755,40.30680295]},"properties":{"name":"DUCK CREEK TOWNSHIP TRUSTEE MADISON COUNTY","assetType":"Gas Bill Assistance","dataYear":"2018","assetId":"920460","subcategory":"Public Assistance","detail":"https://classic.savi.org/SAVI/PopUps/AssetMoreInfo.aspx?AssetID=920460"}},{"type":"Feature","geometry":{"type":"Point","coordinates":[-86.60917955,39.85579118]},"properties":{"name":"EEL RIVER TOWNSHIP TRUSTEE HENDRICKS COUNTY","assetType":"Gas Bill Assistance","dataYear":"2018","assetId":"919643","subcategory":"Public Assistance","detail":"https://classic.savi.org/SAVI/PopUps/AssetMoreInfo.aspx?AssetID=919643"}},{"type":"Feature","geometry":{"type":"Point","coordinates":[-85.84206768,40.27559682]},"properties":{"name":"ELWOOD MINISTERIAL ASSOCIATION","assetType":"Gas Bill Assistance","dataYear":"2018","assetId":"920697","subcategory":"Public Assistance","detail":"https://classic.savi.org/SAVI/PopUps/AssetMoreInfo.aspx?AssetID=920697"}},{"type":"Feature","geometry":{"type":"Point","coordinates":[-85.9427756,39.95733092]},"properties":{"name":"FALL CREEK TOWNSHIP TRUSTEE HAMILTON COUNTY","assetType":"Gas Bill Assistance","dataYear":"2018","assetId":"919575","subcategory":"Public Assistance","detail":"https://classic.savi.org/SAVI/PopUps/AssetMoreInfo.aspx?AssetID=919575"}},{"type":"Feature","geometry":{"type":"Point","coordinates":[-85.74535234,40.002336]},"properties":{"name":"FALL CREEK TOWNSHIP TRUSTEE MADISON COUNTY","assetType":"Gas Bill Assistance","dataYear":"2018","assetId":"920595","subcategory":"Public Assistance","detail":"https://classic.savi.org/SAVI/PopUps/AssetMoreInfo.aspx?AssetID=920595"}},{"type":"Feature","geometry":{"type":"Point","coordinates":[-86.17027103,39.80159246]},"properties":{"name":"FLANNER HOUSE OF INDIANAPOLIS","assetType":"Gas Bill Assistance","dataYear":"2018","assetId":"919468","subcategory":"Public Assistance","detail":"https://classic.savi.org/SAVI/PopUps/AssetMoreInfo.aspx?AssetID=919468"}},{"type":"Feature","geometry":{"type":"Point","coordinates":[-86.74851429,39.76137225]},"properties":{"name":"FLOYD TOWNSHIP TRUSTEE PUTNAM COUNTY","assetType":"Gas Bill Assistance","dataYear":"2018","assetId":"920860","subcategory":"Public Assistance","detail":"https://classic.savi.org/SAVI/PopUps/AssetMoreInfo.aspx?AssetID=920860"}},{"type":"Feature","geometry":{"type":"Point","coordinates":[-86.59336074,39.63094378]},"properties":{"name":"FRANKLIN TOWNSHIP TRUSTEE HENDRICKS COUNTY","assetType":"Gas Bill Assistance","dataYear":"2018","assetId":"919120","subcategory":"Public Assistance","detail":"https://classic.savi.org/SAVI/PopUps/AssetMoreInfo.aspx?AssetID=919120"}},{"type":"Feature","geometry":{"type":"Point","coordinates":[-86.06344638,39.49333622]},"properties":{"name":"FRANKLIN TOWNSHIP TRUSTEE JOHNSON COUNTY","assetType":"Gas Bill Assistance","dataYear":"2018","assetId":"919115","subcategory":"Public Assistance","detail":"https://classic.savi.org/SAVI/PopUps/AssetMoreInfo.aspx?AssetID=919115"}},{"type":"Feature","geometry":{"type":"Point","coordinates":[-86.06339326,39.67761024]},"properties":{"name":"FRANKLIN TOWNSHIP TRUSTEE MARION COUNTY","assetType":"Gas Bill Assistance","dataYear":"2018","assetId":"919359","subcategory":"Public Assistance","detail":"https://classic.savi.org/SAVI/PopUps/AssetMoreInfo.aspx?AssetID=919359"}},{"type":"Feature","geometry":{"type":"Point","coordinates":[-86.85209404,39.78100438]},"properties":{"name":"FRANKLIN TOWNSHIP TRUSTEE PUTNAM COUNTY","assetType":"Gas Bill Assistance","dataYear":"2018","assetId":"921032","subcategory":"Public Assistance","detail":"https://classic.savi.org/SAVI/PopUps/AssetMoreInfo.aspx?AssetID=921032"}},{"type":"Feature","geometry":{"type":"Point","coordinates":[-85.99935857,39.97635807]},"properties":{"name":"GOOD SAMARITAN NETWORK GSN","assetType":"Gas Bill Assistance","dataYear":"2018","assetId":"919532","subcategory":"Public Assistance","detail":"https://classic.savi.org/SAVI/PopUps/AssetMoreInfo.aspx?AssetID=919532"}},{"type":"Feature","geometry":{"type":"Point","coordinates":[-85.7056509,39.87256909]},"properties":{"name":"GREEN TOWNSHIP TRUSTEE HANCOCK COUNTY","assetType":"Gas Bill Assistance","dataYear":"2018","assetId":"918746","subcategory":"Public Assistance","detail":"https://classic.savi.org/SAVI/PopUps/AssetMoreInfo.aspx?AssetID=918746"}},{"type":"Feature","geometry":{"type":"Point","coordinates":[-85.80616994,39.95697613]},"properties":{"name":"GREEN TOWNSHIP TRUSTEE MADISON COUNTY","assetType":"Gas Bill Assistance","dataYear":"2018","assetId":"920583","subcategory":"Public Assistance","detail":"https://classic.savi.org/SAVI/PopUps/AssetMoreInfo.aspx?AssetID=920583"}},{"type":"Feature","geometry":{"type":"Point","coordinates":[-86.33770312,39.45087194]},"properties":{"name":"GREEN TOWNSHIP TRUSTEE MORGAN COUNTY","assetType":"Gas Bill Assistance","dataYear":"2018","assetId":"918735","subcategory":"Public Assistance","detail":"https://classic.savi.org/SAVI/PopUps/AssetMoreInfo.aspx?AssetID=918735"}},{"type":"Feature","geometry":{"type":"Point","coordinates":[-86.85343139,39.63713965]},"properties":{"name":"GREENCASTLE TOWNSHIP TRUSTEE PUTNAM COUNTY","assetType":"Gas Bill Assistance","dataYear":"2018","assetId":"921026","subcategory":"Public Assistance","detail":"https://classic.savi.org/SAVI/PopUps/AssetMoreInfo.aspx?AssetID=921026"}},{"type":"Feature","geometry":{"type":"Point","coordinates":[-86.39099182,39.68236612]},"properties":{"name":"GUILFORD TOWNSHIP TRUSTEE HENDRICKS COUNTY","assetType":"Gas Bill Assistance","dataYear":"2018","assetId":"918826","subcategory":"Public Assistance","detail":"https://classic.savi.org/SAVI/PopUps/AssetMoreInfo.aspx?AssetID=918826"}},{"type":"Feature","geometry":{"type":"Point","coordinates":[-86.11341411,39.31461451]},"properties":{"name":"HAMBLEN TOWNSHIP TRUSTEE BROWN COUNTY","assetType":"Gas Bill Assistance","dataYear":"2018","assetId":"916913","subcategory":"Public Assistance","detail":"https://classic.savi.org/SAVI/PopUps/AssetMoreInfo.aspx?AssetID=916913"}},{"type":"Feature","geometry":{"type":"Point","coordinates":[-85.72113402,39.65080359]},"properties":{"name":"HANOVER TOWNSHIP TRUSTEE SHELBY COUNTY","assetType":"Gas Bill Assistance","dataYear":"2018","assetId":"918521","subcategory":"Public Assistance","detail":"https://classic.savi.org/SAVI/PopUps/AssetMoreInfo.aspx?AssetID=918521"}},{"type":"Feature","geometry":{"type":"Point","coordinates":[-86.50821683,39.96447177]},"properties":{"name":"HARRISON TOWNSHIP TRUSTEE BOONE COUNTY","assetType":"Gas Bill Assistance","dataYear":"2018","assetId":"918661","subcategory":"Public Assistance","detail":"https://classic.savi.org/SAVI/PopUps/AssetMoreInfo.aspx?AssetID=918661"}},{"type":"Feature","geometry":{"type":"Point","coordinates":[-86.27492948,39.52680434]},"properties":{"name":"HARRISON TOWNSHIP TRUSTEE MORGAN COUNTY","assetType":"Gas Bill Assistance","dataYear":"2018","assetId":"918384","subcategory":"Public Assistance","detail":"https://classic.savi.org/SAVI/PopUps/AssetMoreInfo.aspx?AssetID=918384"}},{"type":"Feature","geometry":{"type":"Point","coordinates":[-86.20166779,39.76743222]},"properties":{"name":"HAWTHORNE COMMUNITY CENTER","assetType":"Gas Bill Assistance","dataYear":"2018","assetId":"918376","subcategory":"Public Assistance","detail":"https://classic.savi.org/SAVI/PopUps/AssetMoreInfo.aspx?AssetID=918376"}},{"type":"Feature","geometry":{"type":"Point","coordinates":[-85.93951506,39.43988051]},"properties":{"name":"HENDRICKS TOWNSHIP TRUSTEE SHELBY COUNTY","assetType":"Gas Bill Assistance","dataYear":"2018","assetId":"918564","subcategory":"Public Assistance","detail":"https://classic.savi.org/SAVI/PopUps/AssetMoreInfo.aspx?AssetID=918564"}},{"type":"Feature","geometry":{"type":"Point","coordinates":[-86.18230398,39.38131195]},"properties":{"name":"HENSLEY TOWNSHIP TRUSTEE JOHNSON COUNTY","assetType":"Gas Bill Assistance","dataYear":"2018","assetId":"918557","subcategory":"Public Assistance","detail":"https://classic.savi.org/SAVI/PopUps/AssetMoreInfo.aspx?AssetID=918557"}},{"type":"Feature","geometry":{"type":"Point","coordinates":[-86.58306293,39.9950641]},"properties":{"name":"JACKSON TOWNSHIP TRUSTEE BOONE COUNTY","assetType":"Gas Bill Assistance","dataYear":"2018","assetId":"917949","subcategory":"Public Assistance","detail":"https://classic.savi.org/SAVI/PopUps/AssetMoreInfo.aspx?AssetID=917949"}},{"type":"Feature","geometry":{"type":"Point","coordinates":[-86.28781116,39.2495565]},"properties":{"name":"JACKSON TOWNSHIP TRUSTEE BROWN COUNTY","assetType":"Gas Bill Assistance","dataYear":"2018","assetId":"916905","subcategory":"Public Assistance","detail":"https://classic.savi.org/SAVI/PopUps/AssetMoreInfo.aspx?AssetID=916905"}},{"type":"Feature","geometry":{"type":"Point","coordinates":[-86.02828584,40.17626673]},"properties":{"name":"JACKSON TOWNSHIP TRUSTEE HAMILTON COUNTY","assetType":"Gas Bill Assistance","dataYear":"2018","assetId":"917923","subcategory":"Public Assistance","detail":"https://classic.savi.org/SAVI/PopUps/AssetMoreInfo.aspx?AssetID=917923"}},{"type":"Feature","geometry":{"type":"Point","coordinates":[-85.60301518,39.81597274]},"properties":{"name":"JACKSON TOWNSHIP TRUSTEE HANCOCK COUNTY","assetType":"Gas Bill Assistance","dataYear":"2018","assetId":"917846","subcategory":"Public Assistance","detail":"https://classic.savi.org/SAVI/PopUps/AssetMoreInfo.aspx?AssetID=917846"}},{"type":"Feature","geometry":{"type":"Point","coordinates":[-85.8346258,40.13784922]},"properties":{"name":"JACKSON TOWNSHIP TRUSTEE MADISON COUNTY","assetType":"Gas Bill Assistance","dataYear":"2018","assetId":"920450","subcategory":"Public Assistance","detail":"https://classic.savi.org/SAVI/PopUps/AssetMoreInfo.aspx?AssetID=920450"}},{"type":"Feature","geometry":{"type":"Point","coordinates":[-86.31296642,39.35202934]},"properties":{"name":"JACKSON TOWNSHIP TRUSTEE MORGAN COUNTY","assetType":"Gas Bill Assistance","dataYear":"2018","assetId":"917891","subcategory":"Public Assistance","detail":"https://classic.savi.org/SAVI/PopUps/AssetMoreInfo.aspx?AssetID=917891"}},{"type":"Feature","geometry":{"type":"Point","coordinates":[-86.70608396,39.81985034]},"properties":{"name":"JACKSON TOWNSHIP TRUSTEE PUTNAM COUNTY","assetType":"Gas Bill Assistance","dataYear":"2018","assetId":"920917","subcategory":"Public Assistance","detail":"https://classic.savi.org/SAVI/PopUps/AssetMoreInfo.aspx?AssetID=920917"}},{"type":"Feature","geometry":{"type":"Point","coordinates":[-86.62433374,40.02434205]},"properties":{"name":"JEFFERSON TOWNSHIP TRUSTEE BOONE COUNTY","assetType":"Gas Bill Assistance","dataYear":"2018","assetId":"917629","subcategory":"Public Assistance","detail":"https://classic.savi.org/SAVI/PopUps/AssetMoreInfo.aspx?AssetID=917629"}},{"type":"Feature","geometry":{"type":"Point","coordinates":[-86.49324278,39.41198592]},"properties":{"name":"JEFFERSON TOWNSHIP TRUSTEE MORGAN COUNTY","assetType":"Gas Bill Assistance","dataYear":"2018","assetId":"917820","subcategory":"Public Assistance","detail":"https://classic.savi.org/SAVI/PopUps/AssetMoreInfo.aspx?AssetID=917820"}},{"type":"Feature","geometry":{"type":"Point","coordinates":[-86.70185497,39.57054813]},"properties":{"name":"JEFFERSON TOWNSHIP TRUSTEE PUTNAM COUNTY","assetType":"Gas Bill Assistance","dataYear":"2018","assetId":"920907","subcategory":"Public Assistance","detail":"https://classic.savi.org/SAVI/PopUps/AssetMoreInfo.aspx?AssetID=920907"}},{"type":"Feature","geometry":{"type":"Point","coordinates":[-86.12315795,39.78155671]},"properties":{"name":"JOHN BONER NEIGHBORHOOD CENTERS","assetType":"Gas Bill Assistance","dataYear":"2018","assetId":"917394","subcategory":"Public Assistance","detail":"https://classic.savi.org/SAVI/PopUps/AssetMoreInfo.aspx?AssetID=917394"}},{"type":"Feature","geometry":{"type":"Point","coordinates":[-86.01170847,39.82746745]},"properties":{"name":"LA PLAZA","assetType":"Gas Bill Assistance","dataYear":"2018","assetId":"920709","subcategory":"Public Assistance","detail":"https://classic.savi.org/SAVI/PopUps/AssetMoreInfo.aspx?AssetID=920709"}},{"type":"Feature","geometry":{"type":"Point","coordinates":[-86.525004,39.61456226]},"properties":{"name":"LIBERTY TOWNSHIP TRUSTEE HENDRICKS COUNTY","assetType":"Gas Bill Assistance","dataYear":"2018","assetId":"922040","subcategory":"Public Assistance","detail":"https://classic.savi.org/SAVI/PopUps/AssetMoreInfo.aspx?AssetID=922040"}},{"type":"Feature","geometry":{"type":"Point","coordinates":[-85.63663898,39.48364154]},"properties":{"name":"LIBERTY TOWNSHIP TRUSTEE SHELBY COUNTY","assetType":"Gas Bill Assistance","dataYear":"2018","assetId":"922182","subcategory":"Public Assistance","detail":"https://classic.savi.org/SAVI/PopUps/AssetMoreInfo.aspx?AssetID=922182"}},{"type":"Feature","geometry":{"type":"Point","coordinates":[-86.39673959,39.84266459]},"properties":{"name":"LINCOLN TOWNSHIP TRUSTEE HENDRICKS COUNTY","assetType":"Gas Bill Assistance","dataYear":"2018","assetId":"921927","subcategory":"Public Assistance","detail":"https://classic.savi.org/SAVI/PopUps/AssetMoreInfo.aspx?AssetID=921927"}},{"type":"Feature","geometry":{"type":"Point","coordinates":[-85.77875949,39.80392218]},"properties":{"name":"LOVE IN THE NAME OF CHRIST LOVE INC OF GREATER HANCOCK COUNTY","assetType":"Gas Bill Assistance","dataYear":"2018","assetId":"920884","subcategory":"Public Assistance","detail":"https://classic.savi.org/SAVI/PopUps/AssetMoreInfo.aspx?AssetID=920884"}},{"type":"Feature","geometry":{"type":"Point","coordinates":[-86.29689292,39.61795335]},"properties":{"name":"MADISON TOWNSHIP TRUSTEE MORGAN COUNTY","assetType":"Gas Bill Assistance","dataYear":"2018","assetId":"921872","subcategory":"Public Assistance","detail":"https://classic.savi.org/SAVI/PopUps/AssetMoreInfo.aspx?AssetID=921872"}},{"type":"Feature","geometry":{"type":"Point","coordinates":[-86.99653205,39.67905323]},"properties":{"name":"MADISON TOWNSHIP TRUSTEE PUTNAM COUNTY","assetType":"Gas Bill Assistance","dataYear":"2018","assetId":"920990","subcategory":"Public Assistance","detail":"https://classic.savi.org/SAVI/PopUps/AssetMoreInfo.aspx?AssetID=920990"}},{"type":"Feature","geometry":{"type":"Point","coordinates":[-86.66406574,39.77589127]},"properties":{"name":"MARION TOWNSHIP TRUSTEE HENDRICKS COUNTY","assetType":"Gas Bill Assistance","dataYear":"2018","assetId":"920323","subcategory":"Public Assistance","detail":"https://classic.savi.org/SAVI/PopUps/AssetMoreInfo.aspx?AssetID=920323"}},{"type":"Feature","geometry":{"type":"Point","coordinates":[-86.79046198,39.65241794]},"properties":{"name":"MARION TOWNSHIP TRUSTEE PUTNAM COUNTY","assetType":"Gas Bill Assistance","dataYear":"2018","assetId":"920904","subcategory":"Public Assistance","detail":"https://classic.savi.org/SAVI/PopUps/AssetMoreInfo.aspx?AssetID=920904"}},{"type":"Feature","geometry":{"type":"Point","coordinates":[-85.77666802,39.56499556]},"properties":{"name":"MARION TOWNSHIP TRUSTEE SHELBY COUNTY","assetType":"Gas Bill Assistance","dataYear":"2018","assetId":"920403","subcategory":"Public Assistance","detail":"https://classic.savi.org/SAVI/PopUps/AssetMoreInfo.aspx?AssetID=920403"}},{"type":"Feature","geometry":{"type":"Point","coordinates":[-86.45852281,39.86146427]},"properties":{"name":"MIDDLE TOWNSHIP TRUSTEE HENDRICKS COUNTY","assetType":"Gas Bill Assistance","dataYear":"2018","assetId":"919222","subcategory":"Public Assistance","detail":"https://classic.savi.org/SAVI/PopUps/AssetMoreInfo.aspx?AssetID=919222"}},{"type":"Feature","geometry":{"type":"Point","coordinates":[-85.67605191,40.26192931]},"properties":{"name":"MONROE TOWNSHIP TRUSTEE MADISON COUNTY","assetType":"Gas Bill Assistance","dataYear":"2018","assetId":"920365","subcategory":"Public Assistance","detail":"https://classic.savi.org/SAVI/PopUps/AssetMoreInfo.aspx?AssetID=920365"}},{"type":"Feature","geometry":{"type":"Point","coordinates":[-86.54167184,39.57131861]},"properties":{"name":"MONROE TOWNSHIP TRUSTEE MORGAN COUNTY","assetType":"Gas Bill Assistance","dataYear":"2018","assetId":"919338","subcategory":"Public Assistance","detail":"https://classic.savi.org/SAVI/PopUps/AssetMoreInfo.aspx?AssetID=919338"}},{"type":"Feature","geometry":{"type":"Point","coordinates":[-86.42752742,39.44129927]},"properties":{"name":"MORGAN COUNTY CONNECT","assetType":"Gas Bill Assistance","dataYear":"2018","assetId":"921013","subcategory":"Public Assistance","detail":"https://classic.savi.org/SAVI/PopUps/AssetMoreInfo.aspx?AssetID=921013"}},{"type":"Feature","geometry":{"type":"Point","coordinates":[-85.63126795,39.43076653]},"properties":{"name":"NOBLE TOWNSHIP TRUSTEE SHELBY COUNTY","assetType":"Gas Bill Assistance","dataYear":"2018","assetId":"918095","subcategory":"Public Assistance","detail":"https://classic.savi.org/SAVI/PopUps/AssetMoreInfo.aspx?AssetID=918095"}},{"type":"Feature","geometry":{"type":"Point","coordinates":[-86.00985432,40.03351339]},"properties":{"name":"NOBLESVILLE SOCIETY OF SAINT VINCENT DE PAUL","assetType":"Gas Bill Assistance","dataYear":"2018","assetId":"922175","subcategory":"Public Assistance","detail":"https://classic.savi.org/SAVI/PopUps/AssetMoreInfo.aspx?AssetID=922175"}},{"type":"Feature","geometry":{"type":"Point","coordinates":[-86.0142319,40.04246142]},"properties":{"name":"NOBLESVILLE TOWNSHIP TRUSTEE HAMILTON COUNTY","assetType":"Gas Bill Assistance","dataYear":"2018","assetId":"918198","subcategory":"Public Assistance","detail":"https://classic.savi.org/SAVI/PopUps/AssetMoreInfo.aspx?AssetID=918198"}},{"type":"Feature","geometry":{"type":"Point","coordinates":[-86.13853386,39.69444995]},"properties":{"name":"PERRY TOWNSHIP TRUSTEE MARION COUNTY","assetType":"Gas Bill Assistance","dataYear":"2018","assetId":"917927","subcategory":"Public Assistance","detail":"https://classic.savi.org/SAVI/PopUps/AssetMoreInfo.aspx?AssetID=917927"}},{"type":"Feature","geometry":{"type":"Point","coordinates":[-86.26238428,39.85453838]},"properties":{"name":"PIKE TOWNSHIP TRUSTEE MARION COUNTY","assetType":"Gas Bill Assistance","dataYear":"2018","assetId":"917747","subcategory":"Public Assistance","detail":"https://classic.savi.org/SAVI/PopUps/AssetMoreInfo.aspx?AssetID=917747"}},{"type":"Feature","geometry":{"type":"Point","coordinates":[-85.84206768,40.27559682]},"properties":{"name":"PIPE CREEK TOWNSHIP TRUSTEE MADISON COUNTY","assetType":"Gas Bill Assistance","dataYear":"2018","assetId":"920659","subcategory":"Public Assistance","detail":"https://classic.savi.org/SAVI/PopUps/AssetMoreInfo.aspx?AssetID=920659"}},{"type":"Feature","geometry":{"type":"Point","coordinates":[-86.39172024,39.7038734]},"properties":{"name":"PLAINFIELD FEDERATION OF CHURCHES - CHRISTIAN SUPPORT CENTER","assetType":"Gas Bill Assistance","dataYear":"2018","assetId":"917639","subcategory":"Public Assistance","detail":"https://classic.savi.org/SAVI/PopUps/AssetMoreInfo.aspx?AssetID=917639"}},{"type":"Feature","geometry":{"type":"Point","coordinates":[-85.60831539,40.18993185]},"properties":{"name":"RICHLAND TOWNSHIP TRUSTEE MADISON COUNTY","assetType":"Gas Bill Assistance","dataYear":"2018","assetId":"920563","subcategory":"Public Assistance","detail":"https://classic.savi.org/SAVI/PopUps/AssetMoreInfo.aspx?AssetID=920563"}},{"type":"Feature","geometry":{"type":"Point","coordinates":[-86.98121607,39.86149884]},"properties":{"name":"RUSSELL TOWNSHIP TRUSTEE PUTNAM COUNTY","assetType":"Gas Bill Assistance","dataYear":"2018","assetId":"921070","subcategory":"Public Assistance","detail":"https://classic.savi.org/SAVI/PopUps/AssetMoreInfo.aspx?AssetID=921070"}},{"type":"Feature","geometry":{"type":"Point","coordinates":[-85.70694591,40.0905247]},"properties":{"name":"SAINT VINCENT DE PAUL OF ANDERSON","assetType":"Gas Bill Assistance","dataYear":"2018","assetId":"920242","subcategory":"Public Assistance","detail":"https://classic.savi.org/SAVI/PopUps/AssetMoreInfo.aspx?AssetID=920242"}},{"type":"Feature","geometry":{"type":"Point","coordinates":[-86.10558351,39.60948257]},"properties":{"name":"SAINT VINCENT DE PAUL SOCIETY JOHNSON COUNTY","assetType":"Gas Bill Assistance","dataYear":"2018","assetId":"917451","subcategory":"Public Assistance","detail":"https://classic.savi.org/SAVI/PopUps/AssetMoreInfo.aspx?AssetID=917451"}},{"type":"Feature","geometry":{"type":"Point","coordinates":[-86.24827151,39.20530328]},"properties":{"name":"SALVATION ARMY BROWN COUNTY","assetType":"Gas Bill Assistance","dataYear":"2018","assetId":"916980","subcategory":"Public Assistance","detail":"https://classic.savi.org/SAVI/PopUps/AssetMoreInfo.aspx?AssetID=916980"}},{"type":"Feature","geometry":{"type":"Point","coordinates":[-86.27109654,39.83356218]},"properties":{"name":"SALVATION ARMY EAGLE CREEK CORPS","assetType":"Gas Bill Assistance","dataYear":"2018","assetId":"921473","subcategory":"Public Assistance","detail":"https://classic.savi.org/SAVI/PopUps/AssetMoreInfo.aspx?AssetID=921473"}},{"type":"Feature","geometry":{"type":"Point","coordinates":[-85.77109564,39.78436652]},"properties":{"name":"SALVATION ARMY HANCOCK COUNTY","assetType":"Gas Bill Assistance","dataYear":"2018","assetId":"919615","subcategory":"Public Assistance","detail":"https://classic.savi.org/SAVI/PopUps/AssetMoreInfo.aspx?AssetID=919615"}},{"type":"Feature","geometry":{"type":"Point","coordinates":[-86.1104956,39.61209097]},"properties":{"name":"SALVATION ARMY JOHNSON COUNTY","assetType":"Gas Bill Assistance","dataYear":"2018","assetId":"918833","subcategory":"Public Assistance","detail":"https://classic.savi.org/SAVI/PopUps/AssetMoreInfo.aspx?AssetID=918833"}},{"type":"Feature","geometry":{"type":"Point","coordinates":[-85.77352899,39.52464758]},"properties":{"name":"SALVATION ARMY SHELBYVILLE","assetType":"Gas Bill Assistance","dataYear":"2018","assetId":"917508","subcategory":"Public Assistance","detail":"https://classic.savi.org/SAVI/PopUps/AssetMoreInfo.aspx?AssetID=917508"}},{"type":"Feature","geometry":{"type":"Point","coordinates":[-85.73148601,39.45707656]},"properties":{"name":"SHELBY TOWNSHIP TRUSTEE SHELBY COUNTY","assetType":"Gas Bill Assistance","dataYear":"2018","assetId":"917656","subcategory":"Public Assistance","detail":"https://classic.savi.org/SAVI/PopUps/AssetMoreInfo.aspx?AssetID=917656"}},{"type":"Feature","geometry":{"type":"Point","coordinates":[-85.84831659,40.06845181]},"properties":{"name":"STONY CREEK TOWNSHIP TRUSTEE MADISON COUNTY","assetType":"Gas Bill Assistance","dataYear":"2018","assetId":"920354","subcategory":"Public Assistance","detail":"https://classic.savi.org/SAVI/PopUps/AssetMoreInfo.aspx?AssetID=920354"}},{"type":"Feature","geometry":{"type":"Point","coordinates":[-86.60970462,40.12974715]},"properties":{"name":"SUGAR CREEK TOWNSHIP TRUSTEE BOONE COUNTY","assetType":"Gas Bill Assistance","dataYear":"2018","assetId":"917374","subcategory":"Public Assistance","detail":"https://classic.savi.org/SAVI/PopUps/AssetMoreInfo.aspx?AssetID=917374"}},{"type":"Feature","geometry":{"type":"Point","coordinates":[-85.91319152,39.73389397]},"properties":{"name":"SUGAR CREEK TOWNSHIP TRUSTEE HANCOCK COUNTY","assetType":"Gas Bill Assistance","dataYear":"2018","assetId":"917493","subcategory":"Public Assistance","detail":"https://classic.savi.org/SAVI/PopUps/AssetMoreInfo.aspx?AssetID=917493"}},{"type":"Feature","geometry":{"type":"Point","coordinates":[-85.93068407,39.55049257]},"properties":{"name":"SUGAR CREEK TOWNSHIP TRUSTEE SHELBY COUNTY","assetType":"Gas Bill Assistance","dataYear":"2018","assetId":"917273","subcategory":"Public Assistance","detail":"https://classic.savi.org/SAVI/PopUps/AssetMoreInfo.aspx?AssetID=917273"}},{"type":"Feature","geometry":{"type":"Point","coordinates":[-86.54314085,39.88469476]},"properties":{"name":"UNION TOWNSHIP TRUSTEE HENDRICKS COUNTY","assetType":"Gas Bill Assistance","dataYear":"2018","assetId":"916996","subcategory":"Public Assistance","detail":"https://classic.savi.org/SAVI/PopUps/AssetMoreInfo.aspx?AssetID=916996"}},{"type":"Feature","geometry":{"type":"Point","coordinates":[-86.16447633,39.46193135]},"properties":{"name":"UNION TOWNSHIP TRUSTEE JOHNSON COUNTY","assetType":"Gas Bill Assistance","dataYear":"2018","assetId":"917134","subcategory":"Public Assistance","detail":"https://classic.savi.org/SAVI/PopUps/AssetMoreInfo.aspx?AssetID=917134"}},{"type":"Feature","geometry":{"type":"Point","coordinates":[-85.62176391,40.1209244]},"properties":{"name":"UNION TOWNSHIP TRUSTEE MADISON COUNTY","assetType":"Gas Bill Assistance","dataYear":"2018","assetId":"920347","subcategory":"Public Assistance","detail":"https://classic.savi.org/SAVI/PopUps/AssetMoreInfo.aspx?AssetID=920347"}},{"type":"Feature","geometry":{"type":"Point","coordinates":[-85.63724599,39.57183058]},"properties":{"name":"UNION TOWNSHIP TRUSTEE SHELBY COUNTY","assetType":"Gas Bill Assistance","dataYear":"2018","assetId":"917093","subcategory":"Public Assistance","detail":"https://classic.savi.org/SAVI/PopUps/AssetMoreInfo.aspx?AssetID=917093"}},{"type":"Feature","geometry":{"type":"Point","coordinates":[-86.14347708,39.12668447]},"properties":{"name":"VAN BUREN TOWNSHIP TRUSTEE BROWN COUNTY","assetType":"Gas Bill Assistance","dataYear":"2018","assetId":"917040","subcategory":"Public Assistance","detail":"https://classic.savi.org/SAVI/PopUps/AssetMoreInfo.aspx?AssetID=917040"}},{"type":"Feature","geometry":{"type":"Point","coordinates":[-85.74404601,39.66913659]},"properties":{"name":"VAN BUREN TOWNSHIP TRUSTEE SHELBY COUNTY","assetType":"Gas Bill Assistance","dataYear":"2018","assetId":"922662","subcategory":"Public Assistance","detail":"https://classic.savi.org/SAVI/PopUps/AssetMoreInfo.aspx?AssetID=922662"}},{"type":"Feature","geometry":{"type":"Point","coordinates":[-85.85646521,39.92796225]},"properties":{"name":"VERNON TOWNSHIP TRUSTEE HANCOCK COUNTY","assetType":"Gas Bill Assistance","dataYear":"2018","assetId":"922517","subcategory":"Public Assistance","detail":"https://classic.savi.org/SAVI/PopUps/AssetMoreInfo.aspx?AssetID=922517"}},{"type":"Feature","geometry":{"type":"Point","coordinates":[-86.81952471,39.59939565]},"properties":{"name":"WARREN TOWNSHIP TRUSTEE PUTNAM COUNTY","assetType":"Gas Bill Assistance","dataYear":"2018","assetId":"921063","subcategory":"Public Assistance","detail":"https://classic.savi.org/SAVI/PopUps/AssetMoreInfo.aspx?AssetID=921063"}},{"type":"Feature","geometry":{"type":"Point","coordinates":[-86.56342846,40.13318676]},"properties":{"name":"WASHINGTON TOWNSHIP TRUSTEE BOONE COUNTY","assetType":"Gas Bill Assistance","dataYear":"2018","assetId":"922549","subcategory":"Public Assistance","detail":"https://classic.savi.org/SAVI/PopUps/AssetMoreInfo.aspx?AssetID=922549"}},{"type":"Feature","geometry":{"type":"Point","coordinates":[-86.2437373,39.2064405]},"properties":{"name":"WASHINGTON TOWNSHIP TRUSTEE BROWN COUNTY","assetType":"Gas Bill Assistance","dataYear":"2018","assetId":"917030","subcategory":"Public Assistance","detail":"https://classic.savi.org/SAVI/PopUps/AssetMoreInfo.aspx?AssetID=917030"}},{"type":"Feature","geometry":{"type":"Point","coordinates":[-86.13001059,40.00532333]},"properties":{"name":"WASHINGTON TOWNSHIP TRUSTEE HAMILTON COUNTY","assetType":"Gas Bill Assistance","dataYear":"2018","assetId":"922813","subcategory":"Public Assistance","detail":"https://classic.savi.org/SAVI/PopUps/AssetMoreInfo.aspx?AssetID=922813"}},{"type":"Feature","geometry":{"type":"Point","coordinates":[-86.3866421,39.76133098]},"properties":{"name":"WASHINGTON TOWNSHIP TRUSTEE HENDRICKS COUNTY","assetType":"Gas Bill Assistance","dataYear":"2018","assetId":"922804","subcategory":"Public Assistance","detail":"https://classic.savi.org/SAVI/PopUps/AssetMoreInfo.aspx?AssetID=922804"}},{"type":"Feature","geometry":{"type":"Point","coordinates":[-86.43058849,39.42760589]},"properties":{"name":"WASHINGTON TOWNSHIP TRUSTEE MORGAN COUNTY","assetType":"Gas Bill Assistance","dataYear":"2018","assetId":"922775","subcategory":"Public Assistance","detail":"https://classic.savi.org/SAVI/PopUps/AssetMoreInfo.aspx?AssetID=922775"}},{"type":"Feature","geometry":{"type":"Point","coordinates":[-86.99324931,39.5106066]},"properties":{"name":"WASHINGTON TOWNSHIP TRUSTEE PUTNAM COUNTY","assetType":"Gas Bill Assistance","dataYear":"2018","assetId":"920827","subcategory":"Public Assistance","detail":"https://classic.savi.org/SAVI/PopUps/AssetMoreInfo.aspx?AssetID=920827"}},{"type":"Feature","geometry":{"type":"Point","coordinates":[-85.827034,39.40805555]},"properties":{"name":"WASHINGTON TOWNSHIP TRUSTEE SHELBY COUNTY","assetType":"Gas Bill Assistance","dataYear":"2018","assetId":"922771","subcategory":"Public Assistance","detail":"https://classic.savi.org/SAVI/PopUps/AssetMoreInfo.aspx?AssetID=922771"}},{"type":"Feature","geometry":{"type":"Point","coordinates":[-85.93821887,40.05050669]},"properties":{"name":"WAYNE TOWNSHIP TRUSTEE HAMILTON COUNTY","assetType":"Gas Bill Assistance","dataYear":"2018","assetId":"922742","subcategory":"Public Assistance","detail":"https://classic.savi.org/SAVI/PopUps/AssetMoreInfo.aspx?AssetID=922742"}},{"type":"Feature","geometry":{"type":"Point","coordinates":[-85.94058855,40.16133247]},"properties":{"name":"WHITE RIVER TOWNSHIP TRUSTEE HAMILTON COUNTY","assetType":"Gas Bill Assistance","dataYear":"2018","assetId":"922717","subcategory":"Public Assistance","detail":"https://classic.savi.org/SAVI/PopUps/AssetMoreInfo.aspx?AssetID=922717"}},{"type":"Feature","geometry":{"type":"Point","coordinates":[-86.19677766,39.57247862]},"properties":{"name":"WHITE RIVER TOWNSHIP TRUSTEE JOHNSON COUNTY","assetType":"Gas Bill Assistance","dataYear":"2018","assetId":"922693","subcategory":"Public Assistance","detail":"https://classic.savi.org/SAVI/PopUps/AssetMoreInfo.aspx?AssetID=922693"}},{"type":"Feature","geometry":{"type":"Point","coordinates":[-86.2406724,39.95521267]},"properties":{"name":"ZIONSVILLE PRESBYTERIAN CHURCH","assetType":"Gas Bill Assistance","dataYear":"2018","assetId":"921518","subcategory":"Public Assistance","detail":"https://classic.savi.org/SAVI/PopUps/AssetMoreInfo.aspx?AssetID=921518"}},{"type":"Feature","geometry":{"type":"Point","coordinates":[-86.27492318,39.95141992]},"properties":{"name":"ZIONSVILLE PUBLIC ASSISTANCE OFFICE","assetType":"Gas Bill Assistance","dataYear":"2018","assetId":"921368","subcategory":"Public Assistance","detail":"https://classic.savi.org/SAVI/PopUps/AssetMoreInfo.aspx?AssetID=921368"}},{"type":"Feature","geometry":{"type":"Point","coordinates":[-86.22043078,40.1369393]},"properties":{"name":"ADAMS TOWNSHIP TRUSTEE HAMILTON COUNTY","assetType":"Heating Fuel Assistance","dataYear":"2018","assetId":"918682","subcategory":"Public Assistance","detail":"https://classic.savi.org/SAVI/PopUps/AssetMoreInfo.aspx?AssetID=918682"}},{"type":"Feature","geometry":{"type":"Point","coordinates":[-85.65404433,39.99248624]},"properties":{"name":"ADAMS TOWNSHIP TRUSTEE MADISON COUNTY","assetType":"Heating Fuel Assistance","dataYear":"2018","assetId":"920012","subcategory":"Public Assistance","detail":"https://classic.savi.org/SAVI/PopUps/AssetMoreInfo.aspx?AssetID=920012"}},{"type":"Feature","geometry":{"type":"Point","coordinates":[-86.58560197,39.52107037]},"properties":{"name":"ADAMS TOWNSHIP TRUSTEE MORGAN COUNTY","assetType":"Heating Fuel Assistance","dataYear":"2018","assetId":"918350","subcategory":"Public Assistance","detail":"https://classic.savi.org/SAVI/PopUps/AssetMoreInfo.aspx?AssetID=918350"}},{"type":"Feature","geometry":{"type":"Point","coordinates":[-85.774411,39.51964958]},"properties":{"name":"ADDISON TOWNSHIP TRUSTEE SHELBY COUNTY","assetType":"Heating Fuel Assistance","dataYear":"2018","assetId":"920029","subcategory":"Public Assistance","detail":"https://classic.savi.org/SAVI/PopUps/AssetMoreInfo.aspx?AssetID=920029"}},{"type":"Feature","geometry":{"type":"Point","coordinates":[-85.69186383,40.0876172]},"properties":{"name":"ANDERSON TOWNSHIP TRUSTEE MADISON COUNTY","assetType":"Heating Fuel Assistance","dataYear":"2018","assetId":"920001","subcategory":"Public Assistance","detail":"https://classic.savi.org/SAVI/PopUps/AssetMoreInfo.aspx?AssetID=920001"}},{"type":"Feature","geometry":{"type":"Point","coordinates":[-86.59015368,39.46594941]},"properties":{"name":"ASHLAND TOWNSHIP TRUSTEE MORGAN COUNTY","assetType":"Heating Fuel Assistance","dataYear":"2018","assetId":"917873","subcategory":"Public Assistance","detail":"https://classic.savi.org/SAVI/PopUps/AssetMoreInfo.aspx?AssetID=917873"}},{"type":"Feature","geometry":{"type":"Point","coordinates":[-86.53976457,39.36099715]},"properties":{"name":"BAKER TOWNSHIP TRUSTEE MORGAN COUNTY","assetType":"Heating Fuel Assistance","dataYear":"2018","assetId":"917859","subcategory":"Public Assistance","detail":"https://classic.savi.org/SAVI/PopUps/AssetMoreInfo.aspx?AssetID=917859"}},{"type":"Feature","geometry":{"type":"Point","coordinates":[-85.67692841,39.77189764]},"properties":{"name":"BLUE RIVER TOWNSHIP TRUSTEE HANCOCK COUNTY","assetType":"Heating Fuel Assistance","dataYear":"2018","assetId":"922591","subcategory":"Public Assistance","detail":"https://classic.savi.org/SAVI/PopUps/AssetMoreInfo.aspx?AssetID=922591"}},{"type":"Feature","geometry":{"type":"Point","coordinates":[-85.96678325,39.35439477]},"properties":{"name":"BLUE RIVER TOWNSHIP TRUSTEE JOHNSON COUNTY","assetType":"Heating Fuel Assistance","dataYear":"2018","assetId":"922434","subcategory":"Public Assistance","detail":"https://classic.savi.org/SAVI/PopUps/AssetMoreInfo.aspx?AssetID=922434"}},{"type":"Feature","geometry":{"type":"Point","coordinates":[-85.74290931,40.37568005]},"properties":{"name":"BOONE TOWNSHIP TRUSTEE MADISON COUNTY","assetType":"Heating Fuel Assistance","dataYear":"2018","assetId":"920469","subcategory":"Public Assistance","detail":"https://classic.savi.org/SAVI/PopUps/AssetMoreInfo.aspx?AssetID=920469"}},{"type":"Feature","geometry":{"type":"Point","coordinates":[-86.24715136,39.20340501]},"properties":{"name":"BROWN COUNTY COMMUNITY CLOSET","assetType":"Heating Fuel Assistance","dataYear":"2018","assetId":"917064","subcategory":"Public Assistance","detail":"https://classic.savi.org/SAVI/PopUps/AssetMoreInfo.aspx?AssetID=917064"}},{"type":"Feature","geometry":{"type":"Point","coordinates":[-86.39294095,39.90907004]},"properties":{"name":"BROWN TOWNSHIP TRUSTEE HENDRICKS COUNTY","assetType":"Heating Fuel Assistance","dataYear":"2018","assetId":"917983","subcategory":"Public Assistance","detail":"https://classic.savi.org/SAVI/PopUps/AssetMoreInfo.aspx?AssetID=917983"}},{"type":"Feature","geometry":{"type":"Point","coordinates":[-86.36192889,39.6195823]},"properties":{"name":"BROWN TOWNSHIP TRUSTEE MORGAN COUNTY","assetType":"Heating Fuel Assistance","dataYear":"2018","assetId":"918021","subcategory":"Public Assistance","detail":"https://classic.savi.org/SAVI/PopUps/AssetMoreInfo.aspx?AssetID=918021"}},{"type":"Feature","geometry":{"type":"Point","coordinates":[-85.90476499,39.84593559]},"properties":{"name":"BUCK CREEK TOWNSHIP TRUSTEE HANCOCK COUNTY","assetType":"Heating Fuel Assistance","dataYear":"2018","assetId":"917710","subcategory":"Public Assistance","detail":"https://classic.savi.org/SAVI/PopUps/AssetMoreInfo.aspx?AssetID=917710"}},{"type":"Feature","geometry":{"type":"Point","coordinates":[-86.47085009,40.05665059]},"properties":{"name":"CENTER TOWNSHIP TRUSTEE BOONE COUNTY","assetType":"Heating Fuel Assistance","dataYear":"2018","assetId":"922399","subcategory":"Public Assistance","detail":"https://classic.savi.org/SAVI/PopUps/AssetMoreInfo.aspx?AssetID=922399"}},{"type":"Feature","geometry":{"type":"Point","coordinates":[-85.77210611,39.80356082]},"properties":{"name":"CENTER TOWNSHIP TRUSTEE HANCOCK COUNTY","assetType":"Heating Fuel Assistance","dataYear":"2018","assetId":"922388","subcategory":"Public Assistance","detail":"https://classic.savi.org/SAVI/PopUps/AssetMoreInfo.aspx?AssetID=922388"}},{"type":"Feature","geometry":{"type":"Point","coordinates":[-86.52411116,39.75972715]},"properties":{"name":"CENTER TOWNSHIP TRUSTEE HENDRICKS COUNTY","assetType":"Heating Fuel Assistance","dataYear":"2018","assetId":"922366","subcategory":"Public Assistance","detail":"https://classic.savi.org/SAVI/PopUps/AssetMoreInfo.aspx?AssetID=922366"}},{"type":"Feature","geometry":{"type":"Point","coordinates":[-86.14313087,39.7788428]},"properties":{"name":"CENTER TOWNSHIP TRUSTEE MARION COUNTY","assetType":"Heating Fuel Assistance","dataYear":"2018","assetId":"922415","subcategory":"Public Assistance","detail":"https://classic.savi.org/SAVI/PopUps/AssetMoreInfo.aspx?AssetID=922415"}},{"type":"Feature","geometry":{"type":"Point","coordinates":[-85.98146777,39.61091717]},"properties":{"name":"CLARK TOWNSHIP TRUSTEE JOHNSON COUNTY","assetType":"Heating Fuel Assistance","dataYear":"2018","assetId":"921798","subcategory":"Public Assistance","detail":"https://classic.savi.org/SAVI/PopUps/AssetMoreInfo.aspx?AssetID=921798"}},{"type":"Feature","geometry":{"type":"Point","coordinates":[-86.14561577,39.94343504]},"properties":{"name":"CLAY TOWNSHIP TRUSTEE HAMILTON COUNTY","assetType":"Heating Fuel Assistance","dataYear":"2018","assetId":"921786","subcategory":"Public Assistance","detail":"https://classic.savi.org/SAVI/PopUps/AssetMoreInfo.aspx?AssetID=921786"}},{"type":"Feature","geometry":{"type":"Point","coordinates":[-86.3590723,39.51288294]},"properties":{"name":"CLAY TOWNSHIP TRUSTEE MORGAN COUNTY","assetType":"Heating Fuel Assistance","dataYear":"2018","assetId":"921632","subcategory":"Public Assistance","detail":"https://classic.savi.org/SAVI/PopUps/AssetMoreInfo.aspx?AssetID=921632"}},{"type":"Feature","geometry":{"type":"Point","coordinates":[-86.42274444,40.12257272]},"properties":{"name":"CLINTON TOWNSHIP TRUSTEE BOONE COUNTY","assetType":"Heating Fuel Assistance","dataYear":"2018","assetId":"921781","subcategory":"Public Assistance","detail":"https://classic.savi.org/SAVI/PopUps/AssetMoreInfo.aspx?AssetID=921781"}},{"type":"Feature","geometry":{"type":"Point","coordinates":[-86.95747213,39.73385877]},"properties":{"name":"CLINTON TOWNSHIP TRUSTEE PUTNAM COUNTY","assetType":"Heating Fuel Assistance","dataYear":"2018","assetId":"921110","subcategory":"Public Assistance","detail":"https://classic.savi.org/SAVI/PopUps/AssetMoreInfo.aspx?AssetID=921110"}},{"type":"Feature","geometry":{"type":"Point","coordinates":[-86.79275698,39.51380749]},"properties":{"name":"CLOVERDALE TOWNSHIP TRUSTEE PUTNAM COUNTY","assetType":"Heating Fuel Assistance","dataYear":"2018","assetId":"920933","subcategory":"Public Assistance","detail":"https://classic.savi.org/SAVI/PopUps/AssetMoreInfo.aspx?AssetID=920933"}},{"type":"Feature","geometry":{"type":"Point","coordinates":[-86.27005454,39.68567771]},"properties":{"name":"DECATUR TOWNSHIP TRUSTEE MARION COUNTY","assetType":"Heating Fuel Assistance","dataYear":"2018","assetId":"919777","subcategory":"Public Assistance","detail":"https://classic.savi.org/SAVI/PopUps/AssetMoreInfo.aspx?AssetID=919777"}},{"type":"Feature","geometry":{"type":"Point","coordinates":[-86.00936241,39.97911534]},"properties":{"name":"DELAWARE TOWNSHIP TRUSTEE HAMILTON COUNTY","assetType":"Heating Fuel Assistance","dataYear":"2018","assetId":"919601","subcategory":"Public Assistance","detail":"https://classic.savi.org/SAVI/PopUps/AssetMoreInfo.aspx?AssetID=919601"}},{"type":"Feature","geometry":{"type":"Point","coordinates":[-85.81359755,40.30680295]},"properties":{"name":"DUCK CREEK TOWNSHIP TRUSTEE MADISON COUNTY","assetType":"Heating Fuel Assistance","dataYear":"2018","assetId":"920458","subcategory":"Public Assistance","detail":"https://classic.savi.org/SAVI/PopUps/AssetMoreInfo.aspx?AssetID=920458"}},{"type":"Feature","geometry":{"type":"Point","coordinates":[-86.60917955,39.85579118]},"properties":{"name":"EEL RIVER TOWNSHIP TRUSTEE HENDRICKS COUNTY","assetType":"Heating Fuel Assistance","dataYear":"2018","assetId":"919585","subcategory":"Public Assistance","detail":"https://classic.savi.org/SAVI/PopUps/AssetMoreInfo.aspx?AssetID=919585"}},{"type":"Feature","geometry":{"type":"Point","coordinates":[-85.9427756,39.95733092]},"properties":{"name":"FALL CREEK TOWNSHIP TRUSTEE HAMILTON COUNTY","assetType":"Heating Fuel Assistance","dataYear":"2018","assetId":"919573","subcategory":"Public Assistance","detail":"https://classic.savi.org/SAVI/PopUps/AssetMoreInfo.aspx?AssetID=919573"}},{"type":"Feature","geometry":{"type":"Point","coordinates":[-85.74535234,40.002336]},"properties":{"name":"FALL CREEK TOWNSHIP TRUSTEE MADISON COUNTY","assetType":"Heating Fuel Assistance","dataYear":"2018","assetId":"920593","subcategory":"Public Assistance","detail":"https://classic.savi.org/SAVI/PopUps/AssetMoreInfo.aspx?AssetID=920593"}},{"type":"Feature","geometry":{"type":"Point","coordinates":[-86.74851429,39.76137225]},"properties":{"name":"FLOYD TOWNSHIP TRUSTEE PUTNAM COUNTY","assetType":"Heating Fuel Assistance","dataYear":"2018","assetId":"920926","subcategory":"Public Assistance","detail":"https://classic.savi.org/SAVI/PopUps/AssetMoreInfo.aspx?AssetID=920926"}},{"type":"Feature","geometry":{"type":"Point","coordinates":[-86.59336074,39.63094378]},"properties":{"name":"FRANKLIN TOWNSHIP TRUSTEE HENDRICKS COUNTY","assetType":"Heating Fuel Assistance","dataYear":"2018","assetId":"919331","subcategory":"Public Assistance","detail":"https://classic.savi.org/SAVI/PopUps/AssetMoreInfo.aspx?AssetID=919331"}},{"type":"Feature","geometry":{"type":"Point","coordinates":[-86.06344638,39.49333622]},"properties":{"name":"FRANKLIN TOWNSHIP TRUSTEE JOHNSON COUNTY","assetType":"Heating Fuel Assistance","dataYear":"2018","assetId":"919113","subcategory":"Public Assistance","detail":"https://classic.savi.org/SAVI/PopUps/AssetMoreInfo.aspx?AssetID=919113"}},{"type":"Feature","geometry":{"type":"Point","coordinates":[-86.06339326,39.67761024]},"properties":{"name":"FRANKLIN TOWNSHIP TRUSTEE MARION COUNTY","assetType":"Heating Fuel Assistance","dataYear":"2018","assetId":"919107","subcategory":"Public Assistance","detail":"https://classic.savi.org/SAVI/PopUps/AssetMoreInfo.aspx?AssetID=919107"}},{"type":"Feature","geometry":{"type":"Point","coordinates":[-86.85209404,39.78100438]},"properties":{"name":"FRANKLIN TOWNSHIP TRUSTEE PUTNAM COUNTY","assetType":"Heating Fuel Assistance","dataYear":"2018","assetId":"921031","subcategory":"Public Assistance","detail":"https://classic.savi.org/SAVI/PopUps/AssetMoreInfo.aspx?AssetID=921031"}},{"type":"Feature","geometry":{"type":"Point","coordinates":[-85.99935857,39.97635807]},"properties":{"name":"GOOD SAMARITAN NETWORK GSN","assetType":"Heating Fuel Assistance","dataYear":"2018","assetId":"919441","subcategory":"Public Assistance","detail":"https://classic.savi.org/SAVI/PopUps/AssetMoreInfo.aspx?AssetID=919441"}},{"type":"Feature","geometry":{"type":"Point","coordinates":[-85.7056509,39.87256909]},"properties":{"name":"GREEN TOWNSHIP TRUSTEE HANCOCK COUNTY","assetType":"Heating Fuel Assistance","dataYear":"2018","assetId":"918785","subcategory":"Public Assistance","detail":"https://classic.savi.org/SAVI/PopUps/AssetMoreInfo.aspx?AssetID=918785"}},{"type":"Feature","geometry":{"type":"Point","coordinates":[-85.80616994,39.95697613]},"properties":{"name":"GREEN TOWNSHIP TRUSTEE MADISON COUNTY","assetType":"Heating Fuel Assistance","dataYear":"2018","assetId":"920581","subcategory":"Public Assistance","detail":"https://classic.savi.org/SAVI/PopUps/AssetMoreInfo.aspx?AssetID=920581"}},{"type":"Feature","geometry":{"type":"Point","coordinates":[-86.33770312,39.45087194]},"properties":{"name":"GREEN TOWNSHIP TRUSTEE MORGAN COUNTY","assetType":"Heating Fuel Assistance","dataYear":"2018","assetId":"918771","subcategory":"Public Assistance","detail":"https://classic.savi.org/SAVI/PopUps/AssetMoreInfo.aspx?AssetID=918771"}},{"type":"Feature","geometry":{"type":"Point","coordinates":[-86.85343139,39.63713965]},"properties":{"name":"GREENCASTLE TOWNSHIP TRUSTEE PUTNAM COUNTY","assetType":"Heating Fuel Assistance","dataYear":"2018","assetId":"921025","subcategory":"Public Assistance","detail":"https://classic.savi.org/SAVI/PopUps/AssetMoreInfo.aspx?AssetID=921025"}},{"type":"Feature","geometry":{"type":"Point","coordinates":[-86.39099182,39.68236612]},"properties":{"name":"GUILFORD TOWNSHIP TRUSTEE HENDRICKS COUNTY","assetType":"Heating Fuel Assistance","dataYear":"2018","assetId":"918711","subcategory":"Public Assistance","detail":"https://classic.savi.org/SAVI/PopUps/AssetMoreInfo.aspx?AssetID=918711"}},{"type":"Feature","geometry":{"type":"Point","coordinates":[-86.11341411,39.31461451]},"properties":{"name":"HAMBLEN TOWNSHIP TRUSTEE BROWN COUNTY","assetType":"Heating Fuel Assistance","dataYear":"2018","assetId":"916972","subcategory":"Public Assistance","detail":"https://classic.savi.org/SAVI/PopUps/AssetMoreInfo.aspx?AssetID=916972"}},{"type":"Feature","geometry":{"type":"Point","coordinates":[-85.72113402,39.65080359]},"properties":{"name":"HANOVER TOWNSHIP TRUSTEE SHELBY COUNTY","assetType":"Heating Fuel Assistance","dataYear":"2018","assetId":"918465","subcategory":"Public Assistance","detail":"https://classic.savi.org/SAVI/PopUps/AssetMoreInfo.aspx?AssetID=918465"}},{"type":"Feature","geometry":{"type":"Point","coordinates":[-86.50821683,39.96447177]},"properties":{"name":"HARRISON TOWNSHIP TRUSTEE BOONE COUNTY","assetType":"Heating Fuel Assistance","dataYear":"2018","assetId":"918605","subcategory":"Public Assistance","detail":"https://classic.savi.org/SAVI/PopUps/AssetMoreInfo.aspx?AssetID=918605"}},{"type":"Feature","geometry":{"type":"Point","coordinates":[-86.27492948,39.52680434]},"properties":{"name":"HARRISON TOWNSHIP TRUSTEE MORGAN COUNTY","assetType":"Heating Fuel Assistance","dataYear":"2018","assetId":"918428","subcategory":"Public Assistance","detail":"https://classic.savi.org/SAVI/PopUps/AssetMoreInfo.aspx?AssetID=918428"}},{"type":"Feature","geometry":{"type":"Point","coordinates":[-85.93951506,39.43988051]},"properties":{"name":"HENDRICKS TOWNSHIP TRUSTEE SHELBY COUNTY","assetType":"Heating Fuel Assistance","dataYear":"2018","assetId":"918512","subcategory":"Public Assistance","detail":"https://classic.savi.org/SAVI/PopUps/AssetMoreInfo.aspx?AssetID=918512"}},{"type":"Feature","geometry":{"type":"Point","coordinates":[-86.18230398,39.38131195]},"properties":{"name":"HENSLEY TOWNSHIP TRUSTEE JOHNSON COUNTY","assetType":"Heating Fuel Assistance","dataYear":"2018","assetId":"918506","subcategory":"Public Assistance","detail":"https://classic.savi.org/SAVI/PopUps/AssetMoreInfo.aspx?AssetID=918506"}},{"type":"Feature","geometry":{"type":"Point","coordinates":[-86.58306293,39.9950641]},"properties":{"name":"JACKSON TOWNSHIP TRUSTEE BOONE COUNTY","assetType":"Heating Fuel Assistance","dataYear":"2018","assetId":"917994","subcategory":"Public Assistance","detail":"https://classic.savi.org/SAVI/PopUps/AssetMoreInfo.aspx?AssetID=917994"}},{"type":"Feature","geometry":{"type":"Point","coordinates":[-86.28781116,39.2495565]},"properties":{"name":"JACKSON TOWNSHIP TRUSTEE BROWN COUNTY","assetType":"Heating Fuel Assistance","dataYear":"2018","assetId":"916965","subcategory":"Public Assistance","detail":"https://classic.savi.org/SAVI/PopUps/AssetMoreInfo.aspx?AssetID=916965"}},{"type":"Feature","geometry":{"type":"Point","coordinates":[-86.02828584,40.17626673]},"properties":{"name":"JACKSON TOWNSHIP TRUSTEE HAMILTON COUNTY","assetType":"Heating Fuel Assistance","dataYear":"2018","assetId":"917921","subcategory":"Public Assistance","detail":"https://classic.savi.org/SAVI/PopUps/AssetMoreInfo.aspx?AssetID=917921"}},{"type":"Feature","geometry":{"type":"Point","coordinates":[-85.60301518,39.81597274]},"properties":{"name":"JACKSON TOWNSHIP TRUSTEE HANCOCK COUNTY","assetType":"Heating Fuel Assistance","dataYear":"2018","assetId":"917719","subcategory":"Public Assistance","detail":"https://classic.savi.org/SAVI/PopUps/AssetMoreInfo.aspx?AssetID=917719"}},{"type":"Feature","geometry":{"type":"Point","coordinates":[-85.8346258,40.13784922]},"properties":{"name":"JACKSON TOWNSHIP TRUSTEE MADISON COUNTY","assetType":"Heating Fuel Assistance","dataYear":"2018","assetId":"920373","subcategory":"Public Assistance","detail":"https://classic.savi.org/SAVI/PopUps/AssetMoreInfo.aspx?AssetID=920373"}},{"type":"Feature","geometry":{"type":"Point","coordinates":[-86.31296642,39.35202934]},"properties":{"name":"JACKSON TOWNSHIP TRUSTEE MORGAN COUNTY","assetType":"Heating Fuel Assistance","dataYear":"2018","assetId":"917844","subcategory":"Public Assistance","detail":"https://classic.savi.org/SAVI/PopUps/AssetMoreInfo.aspx?AssetID=917844"}},{"type":"Feature","geometry":{"type":"Point","coordinates":[-86.70608396,39.81985034]},"properties":{"name":"JACKSON TOWNSHIP TRUSTEE PUTNAM COUNTY","assetType":"Heating Fuel Assistance","dataYear":"2018","assetId":"920916","subcategory":"Public Assistance","detail":"https://classic.savi.org/SAVI/PopUps/AssetMoreInfo.aspx?AssetID=920916"}},{"type":"Feature","geometry":{"type":"Point","coordinates":[-86.62433374,40.02434205]},"properties":{"name":"JEFFERSON TOWNSHIP TRUSTEE BOONE COUNTY","assetType":"Heating Fuel Assistance","dataYear":"2018","assetId":"917683","subcategory":"Public Assistance","detail":"https://classic.savi.org/SAVI/PopUps/AssetMoreInfo.aspx?AssetID=917683"}},{"type":"Feature","geometry":{"type":"Point","coordinates":[-86.49324278,39.41198592]},"properties":{"name":"JEFFERSON TOWNSHIP TRUSTEE MORGAN COUNTY","assetType":"Heating Fuel Assistance","dataYear":"2018","assetId":"917545","subcategory":"Public Assistance","detail":"https://classic.savi.org/SAVI/PopUps/AssetMoreInfo.aspx?AssetID=917545"}},{"type":"Feature","geometry":{"type":"Point","coordinates":[-86.70185497,39.57054813]},"properties":{"name":"JEFFERSON TOWNSHIP TRUSTEE PUTNAM COUNTY","assetType":"Heating Fuel Assistance","dataYear":"2018","assetId":"920906","subcategory":"Public Assistance","detail":"https://classic.savi.org/SAVI/PopUps/AssetMoreInfo.aspx?AssetID=920906"}},{"type":"Feature","geometry":{"type":"Point","coordinates":[-86.525004,39.61456226]},"properties":{"name":"LIBERTY TOWNSHIP TRUSTEE HENDRICKS COUNTY","assetType":"Heating Fuel Assistance","dataYear":"2018","assetId":"922035","subcategory":"Public Assistance","detail":"https://classic.savi.org/SAVI/PopUps/AssetMoreInfo.aspx?AssetID=922035"}},{"type":"Feature","geometry":{"type":"Point","coordinates":[-85.63663898,39.48364154]},"properties":{"name":"LIBERTY TOWNSHIP TRUSTEE SHELBY COUNTY","assetType":"Heating Fuel Assistance","dataYear":"2018","assetId":"922110","subcategory":"Public Assistance","detail":"https://classic.savi.org/SAVI/PopUps/AssetMoreInfo.aspx?AssetID=922110"}},{"type":"Feature","geometry":{"type":"Point","coordinates":[-86.39673959,39.84266459]},"properties":{"name":"LINCOLN TOWNSHIP TRUSTEE HENDRICKS COUNTY","assetType":"Heating Fuel Assistance","dataYear":"2018","assetId":"921925","subcategory":"Public Assistance","detail":"https://classic.savi.org/SAVI/PopUps/AssetMoreInfo.aspx?AssetID=921925"}},{"type":"Feature","geometry":{"type":"Point","coordinates":[-86.29689292,39.61795335]},"properties":{"name":"MADISON TOWNSHIP TRUSTEE MORGAN COUNTY","assetType":"Heating Fuel Assistance","dataYear":"2018","assetId":"921580","subcategory":"Public Assistance","detail":"https://classic.savi.org/SAVI/PopUps/AssetMoreInfo.aspx?AssetID=921580"}},{"type":"Feature","geometry":{"type":"Point","coordinates":[-86.99653205,39.67905323]},"properties":{"name":"MADISON TOWNSHIP TRUSTEE PUTNAM COUNTY","assetType":"Heating Fuel Assistance","dataYear":"2018","assetId":"921076","subcategory":"Public Assistance","detail":"https://classic.savi.org/SAVI/PopUps/AssetMoreInfo.aspx?AssetID=921076"}},{"type":"Feature","geometry":{"type":"Point","coordinates":[-86.66406574,39.77589127]},"properties":{"name":"MARION TOWNSHIP TRUSTEE HENDRICKS COUNTY","assetType":"Heating Fuel Assistance","dataYear":"2018","assetId":"920288","subcategory":"Public Assistance","detail":"https://classic.savi.org/SAVI/PopUps/AssetMoreInfo.aspx?AssetID=920288"}},{"type":"Feature","geometry":{"type":"Point","coordinates":[-86.79046198,39.65241794]},"properties":{"name":"MARION TOWNSHIP TRUSTEE PUTNAM COUNTY","assetType":"Heating Fuel Assistance","dataYear":"2018","assetId":"920903","subcategory":"Public Assistance","detail":"https://classic.savi.org/SAVI/PopUps/AssetMoreInfo.aspx?AssetID=920903"}},{"type":"Feature","geometry":{"type":"Point","coordinates":[-85.77666802,39.56499556]},"properties":{"name":"MARION TOWNSHIP TRUSTEE SHELBY COUNTY","assetType":"Heating Fuel Assistance","dataYear":"2018","assetId":"920262","subcategory":"Public Assistance","detail":"https://classic.savi.org/SAVI/PopUps/AssetMoreInfo.aspx?AssetID=920262"}},{"type":"Feature","geometry":{"type":"Point","coordinates":[-86.45852281,39.86146427]},"properties":{"name":"MIDDLE TOWNSHIP TRUSTEE HENDRICKS COUNTY","assetType":"Heating Fuel Assistance","dataYear":"2018","assetId":"919220","subcategory":"Public Assistance","detail":"https://classic.savi.org/SAVI/PopUps/AssetMoreInfo.aspx?AssetID=919220"}},{"type":"Feature","geometry":{"type":"Point","coordinates":[-85.67605191,40.26192931]},"properties":{"name":"MONROE TOWNSHIP TRUSTEE MADISON COUNTY","assetType":"Heating Fuel Assistance","dataYear":"2018","assetId":"920363","subcategory":"Public Assistance","detail":"https://classic.savi.org/SAVI/PopUps/AssetMoreInfo.aspx?AssetID=920363"}},{"type":"Feature","geometry":{"type":"Point","coordinates":[-86.54167184,39.57131861]},"properties":{"name":"MONROE TOWNSHIP TRUSTEE MORGAN COUNTY","assetType":"Heating Fuel Assistance","dataYear":"2018","assetId":"919371","subcategory":"Public Assistance","detail":"https://classic.savi.org/SAVI/PopUps/AssetMoreInfo.aspx?AssetID=919371"}},{"type":"Feature","geometry":{"type":"Point","coordinates":[-86.42752742,39.44129927]},"properties":{"name":"MORGAN COUNTY CONNECT","assetType":"Heating Fuel Assistance","dataYear":"2018","assetId":"920891","subcategory":"Public Assistance","detail":"https://classic.savi.org/SAVI/PopUps/AssetMoreInfo.aspx?AssetID=920891"}},{"type":"Feature","geometry":{"type":"Point","coordinates":[-85.63126795,39.43076653]},"properties":{"name":"NOBLE TOWNSHIP TRUSTEE SHELBY COUNTY","assetType":"Heating Fuel Assistance","dataYear":"2018","assetId":"918165","subcategory":"Public Assistance","detail":"https://classic.savi.org/SAVI/PopUps/AssetMoreInfo.aspx?AssetID=918165"}},{"type":"Feature","geometry":{"type":"Point","coordinates":[-86.0142319,40.04246142]},"properties":{"name":"NOBLESVILLE TOWNSHIP TRUSTEE HAMILTON COUNTY","assetType":"Heating Fuel Assistance","dataYear":"2018","assetId":"918193","subcategory":"Public Assistance","detail":"https://classic.savi.org/SAVI/PopUps/AssetMoreInfo.aspx?AssetID=918193"}},{"type":"Feature","geometry":{"type":"Point","coordinates":[-86.13853386,39.69444995]},"properties":{"name":"PERRY TOWNSHIP TRUSTEE MARION COUNTY","assetType":"Heating Fuel Assistance","dataYear":"2018","assetId":"917974","subcategory":"Public Assistance","detail":"https://classic.savi.org/SAVI/PopUps/AssetMoreInfo.aspx?AssetID=917974"}},{"type":"Feature","geometry":{"type":"Point","coordinates":[-86.26238428,39.85453838]},"properties":{"name":"PIKE TOWNSHIP TRUSTEE MARION COUNTY","assetType":"Heating Fuel Assistance","dataYear":"2018","assetId":"917699","subcategory":"Public Assistance","detail":"https://classic.savi.org/SAVI/PopUps/AssetMoreInfo.aspx?AssetID=917699"}},{"type":"Feature","geometry":{"type":"Point","coordinates":[-85.84206768,40.27559682]},"properties":{"name":"PIPE CREEK TOWNSHIP TRUSTEE MADISON COUNTY","assetType":"Heating Fuel Assistance","dataYear":"2018","assetId":"920657","subcategory":"Public Assistance","detail":"https://classic.savi.org/SAVI/PopUps/AssetMoreInfo.aspx?AssetID=920657"}},{"type":"Feature","geometry":{"type":"Point","coordinates":[-86.39172024,39.7038734]},"properties":{"name":"PLAINFIELD FEDERATION OF CHURCHES - CHRISTIAN SUPPORT CENTER","assetType":"Heating Fuel Assistance","dataYear":"2018","assetId":"917596","subcategory":"Public Assistance","detail":"https://classic.savi.org/SAVI/PopUps/AssetMoreInfo.aspx?AssetID=917596"}},{"type":"Feature","geometry":{"type":"Point","coordinates":[-85.60831539,40.18993185]},"properties":{"name":"RICHLAND TOWNSHIP TRUSTEE MADISON COUNTY","assetType":"Heating Fuel Assistance","dataYear":"2018","assetId":"920561","subcategory":"Public Assistance","detail":"https://classic.savi.org/SAVI/PopUps/AssetMoreInfo.aspx?AssetID=920561"}},{"type":"Feature","geometry":{"type":"Point","coordinates":[-86.98121607,39.86149884]},"properties":{"name":"RUSSELL TOWNSHIP TRUSTEE PUTNAM COUNTY","assetType":"Heating Fuel Assistance","dataYear":"2018","assetId":"921069","subcategory":"Public Assistance","detail":"https://classic.savi.org/SAVI/PopUps/AssetMoreInfo.aspx?AssetID=921069"}},{"type":"Feature","geometry":{"type":"Point","coordinates":[-86.10558351,39.60948257]},"properties":{"name":"SAINT VINCENT DE PAUL SOCIETY JOHNSON COUNTY","assetType":"Heating Fuel Assistance","dataYear":"2018","assetId":"917449","subcategory":"Public Assistance","detail":"https://classic.savi.org/SAVI/PopUps/AssetMoreInfo.aspx?AssetID=917449"}},{"type":"Feature","geometry":{"type":"Point","coordinates":[-86.24827151,39.20530328]},"properties":{"name":"SALVATION ARMY BROWN COUNTY","assetType":"Heating Fuel Assistance","dataYear":"2018","assetId":"916983","subcategory":"Public Assistance","detail":"https://classic.savi.org/SAVI/PopUps/AssetMoreInfo.aspx?AssetID=916983"}},{"type":"Feature","geometry":{"type":"Point","coordinates":[-86.27109654,39.83356218]},"properties":{"name":"SALVATION ARMY EAGLE CREEK CORPS","assetType":"Heating Fuel Assistance","dataYear":"2018","assetId":"921701","subcategory":"Public Assistance","detail":"https://classic.savi.org/SAVI/PopUps/AssetMoreInfo.aspx?AssetID=921701"}},{"type":"Feature","geometry":{"type":"Point","coordinates":[-85.77109564,39.78436652]},"properties":{"name":"SALVATION ARMY HANCOCK COUNTY","assetType":"Heating Fuel Assistance","dataYear":"2018","assetId":"919557","subcategory":"Public Assistance","detail":"https://classic.savi.org/SAVI/PopUps/AssetMoreInfo.aspx?AssetID=919557"}},{"type":"Feature","geometry":{"type":"Point","coordinates":[-86.1104956,39.61209097]},"properties":{"name":"SALVATION ARMY JOHNSON COUNTY","assetType":"Heating Fuel Assistance","dataYear":"2018","assetId":"918831","subcategory":"Public Assistance","detail":"https://classic.savi.org/SAVI/PopUps/AssetMoreInfo.aspx?AssetID=918831"}},{"type":"Feature","geometry":{"type":"Point","coordinates":[-85.77352899,39.52464758]},"properties":{"name":"SALVATION ARMY SHELBYVILLE","assetType":"Heating Fuel Assistance","dataYear":"2018","assetId":"917507","subcategory":"Public Assistance","detail":"https://classic.savi.org/SAVI/PopUps/AssetMoreInfo.aspx?AssetID=917507"}},{"type":"Feature","geometry":{"type":"Point","coordinates":[-85.73148601,39.45707656]},"properties":{"name":"SHELBY TOWNSHIP TRUSTEE SHELBY COUNTY","assetType":"Heating Fuel Assistance","dataYear":"2018","assetId":"917659","subcategory":"Public Assistance","detail":"https://classic.savi.org/SAVI/PopUps/AssetMoreInfo.aspx?AssetID=917659"}},{"type":"Feature","geometry":{"type":"Point","coordinates":[-85.84831659,40.06845181]},"properties":{"name":"STONY CREEK TOWNSHIP TRUSTEE MADISON COUNTY","assetType":"Heating Fuel Assistance","dataYear":"2018","assetId":"920352","subcategory":"Public Assistance","detail":"https://classic.savi.org/SAVI/PopUps/AssetMoreInfo.aspx?AssetID=920352"}},{"type":"Feature","geometry":{"type":"Point","coordinates":[-86.60970462,40.12974715]},"properties":{"name":"SUGAR CREEK TOWNSHIP TRUSTEE BOONE COUNTY","assetType":"Heating Fuel Assistance","dataYear":"2018","assetId":"917501","subcategory":"Public Assistance","detail":"https://classic.savi.org/SAVI/PopUps/AssetMoreInfo.aspx?AssetID=917501"}},{"type":"Feature","geometry":{"type":"Point","coordinates":[-85.91319152,39.73389397]},"properties":{"name":"SUGAR CREEK TOWNSHIP TRUSTEE HANCOCK COUNTY","assetType":"Heating Fuel Assistance","dataYear":"2018","assetId":"917370","subcategory":"Public Assistance","detail":"https://classic.savi.org/SAVI/PopUps/AssetMoreInfo.aspx?AssetID=917370"}},{"type":"Feature","geometry":{"type":"Point","coordinates":[-85.93068407,39.55049257]},"properties":{"name":"SUGAR CREEK TOWNSHIP TRUSTEE SHELBY COUNTY","assetType":"Heating Fuel Assistance","dataYear":"2018","assetId":"917268","subcategory":"Public Assistance","detail":"https://classic.savi.org/SAVI/PopUps/AssetMoreInfo.aspx?AssetID=917268"}},{"type":"Feature","geometry":{"type":"Point","coordinates":[-86.54314085,39.88469476]},"properties":{"name":"UNION TOWNSHIP TRUSTEE HENDRICKS COUNTY","assetType":"Heating Fuel Assistance","dataYear":"2018","assetId":"916995","subcategory":"Public Assistance","detail":"https://classic.savi.org/SAVI/PopUps/AssetMoreInfo.aspx?AssetID=916995"}},{"type":"Feature","geometry":{"type":"Point","coordinates":[-86.16447633,39.46193135]},"properties":{"name":"UNION TOWNSHIP TRUSTEE JOHNSON COUNTY","assetType":"Heating Fuel Assistance","dataYear":"2018","assetId":"917142","subcategory":"Public Assistance","detail":"https://classic.savi.org/SAVI/PopUps/AssetMoreInfo.aspx?AssetID=917142"}},{"type":"Feature","geometry":{"type":"Point","coordinates":[-85.62176391,40.1209244]},"properties":{"name":"UNION TOWNSHIP TRUSTEE MADISON COUNTY","assetType":"Heating Fuel Assistance","dataYear":"2018","assetId":"920345","subcategory":"Public Assistance","detail":"https://classic.savi.org/SAVI/PopUps/AssetMoreInfo.aspx?AssetID=920345"}},{"type":"Feature","geometry":{"type":"Point","coordinates":[-85.63724599,39.57183058]},"properties":{"name":"UNION TOWNSHIP TRUSTEE SHELBY COUNTY","assetType":"Heating Fuel Assistance","dataYear":"2018","assetId":"916941","subcategory":"Public Assistance","detail":"https://classic.savi.org/SAVI/PopUps/AssetMoreInfo.aspx?AssetID=916941"}},{"type":"Feature","geometry":{"type":"Point","coordinates":[-86.14347708,39.12668447]},"properties":{"name":"VAN BUREN TOWNSHIP TRUSTEE BROWN COUNTY","assetType":"Heating Fuel Assistance","dataYear":"2018","assetId":"917110","subcategory":"Public Assistance","detail":"https://classic.savi.org/SAVI/PopUps/AssetMoreInfo.aspx?AssetID=917110"}},{"type":"Feature","geometry":{"type":"Point","coordinates":[-85.74404601,39.66913659]},"properties":{"name":"VAN BUREN TOWNSHIP TRUSTEE SHELBY COUNTY","assetType":"Heating Fuel Assistance","dataYear":"2018","assetId":"922585","subcategory":"Public Assistance","detail":"https://classic.savi.org/SAVI/PopUps/AssetMoreInfo.aspx?AssetID=922585"}},{"type":"Feature","geometry":{"type":"Point","coordinates":[-85.85646521,39.92796225]},"properties":{"name":"VERNON TOWNSHIP TRUSTEE HANCOCK COUNTY","assetType":"Heating Fuel Assistance","dataYear":"2018","assetId":"922582","subcategory":"Public Assistance","detail":"https://classic.savi.org/SAVI/PopUps/AssetMoreInfo.aspx?AssetID=922582"}},{"type":"Feature","geometry":{"type":"Point","coordinates":[-86.81952471,39.59939565]},"properties":{"name":"WARREN TOWNSHIP TRUSTEE PUTNAM COUNTY","assetType":"Heating Fuel Assistance","dataYear":"2018","assetId":"921062","subcategory":"Public Assistance","detail":"https://classic.savi.org/SAVI/PopUps/AssetMoreInfo.aspx?AssetID=921062"}},{"type":"Feature","geometry":{"type":"Point","coordinates":[-86.56342846,40.13318676]},"properties":{"name":"WASHINGTON TOWNSHIP TRUSTEE BOONE COUNTY","assetType":"Heating Fuel Assistance","dataYear":"2018","assetId":"922547","subcategory":"Public Assistance","detail":"https://classic.savi.org/SAVI/PopUps/AssetMoreInfo.aspx?AssetID=922547"}},{"type":"Feature","geometry":{"type":"Point","coordinates":[-86.2437373,39.2064405]},"properties":{"name":"WASHINGTON TOWNSHIP TRUSTEE BROWN COUNTY","assetType":"Heating Fuel Assistance","dataYear":"2018","assetId":"917103","subcategory":"Public Assistance","detail":"https://classic.savi.org/SAVI/PopUps/AssetMoreInfo.aspx?AssetID=917103"}},{"type":"Feature","geometry":{"type":"Point","coordinates":[-86.13001059,40.00532333]},"properties":{"name":"WASHINGTON TOWNSHIP TRUSTEE HAMILTON COUNTY","assetType":"Heating Fuel Assistance","dataYear":"2018","assetId":"922818","subcategory":"Public Assistance","detail":"https://classic.savi.org/SAVI/PopUps/AssetMoreInfo.aspx?AssetID=922818"}},{"type":"Feature","geometry":{"type":"Point","coordinates":[-86.3866421,39.76133098]},"properties":{"name":"WASHINGTON TOWNSHIP TRUSTEE HENDRICKS COUNTY","assetType":"Heating Fuel Assistance","dataYear":"2018","assetId":"922802","subcategory":"Public Assistance","detail":"https://classic.savi.org/SAVI/PopUps/AssetMoreInfo.aspx?AssetID=922802"}},{"type":"Feature","geometry":{"type":"Point","coordinates":[-86.43058849,39.42760589]},"properties":{"name":"WASHINGTON TOWNSHIP TRUSTEE MORGAN COUNTY","assetType":"Heating Fuel Assistance","dataYear":"2018","assetId":"922780","subcategory":"Public Assistance","detail":"https://classic.savi.org/SAVI/PopUps/AssetMoreInfo.aspx?AssetID=922780"}},{"type":"Feature","geometry":{"type":"Point","coordinates":[-86.99324931,39.5106066]},"properties":{"name":"WASHINGTON TOWNSHIP TRUSTEE PUTNAM COUNTY","assetType":"Heating Fuel Assistance","dataYear":"2018","assetId":"920826","subcategory":"Public Assistance","detail":"https://classic.savi.org/SAVI/PopUps/AssetMoreInfo.aspx?AssetID=920826"}},{"type":"Feature","geometry":{"type":"Point","coordinates":[-85.827034,39.40805555]},"properties":{"name":"WASHINGTON TOWNSHIP TRUSTEE SHELBY COUNTY","assetType":"Heating Fuel Assistance","dataYear":"2018","assetId":"922769","subcategory":"Public Assistance","detail":"https://classic.savi.org/SAVI/PopUps/AssetMoreInfo.aspx?AssetID=922769"}},{"type":"Feature","geometry":{"type":"Point","coordinates":[-85.93821887,40.05050669]},"properties":{"name":"WAYNE TOWNSHIP TRUSTEE HAMILTON COUNTY","assetType":"Heating Fuel Assistance","dataYear":"2018","assetId":"922746","subcategory":"Public Assistance","detail":"https://classic.savi.org/SAVI/PopUps/AssetMoreInfo.aspx?AssetID=922746"}},{"type":"Feature","geometry":{"type":"Point","coordinates":[-85.94058855,40.16133247]},"properties":{"name":"WHITE RIVER TOWNSHIP TRUSTEE HAMILTON COUNTY","assetType":"Heating Fuel Assistance","dataYear":"2018","assetId":"922722","subcategory":"Public Assistance","detail":"https://classic.savi.org/SAVI/PopUps/AssetMoreInfo.aspx?AssetID=922722"}},{"type":"Feature","geometry":{"type":"Point","coordinates":[-86.19677766,39.57247862]},"properties":{"name":"WHITE RIVER TOWNSHIP TRUSTEE JOHNSON COUNTY","assetType":"Heating Fuel Assistance","dataYear":"2018","assetId":"922691","subcategory":"Public Assistance","detail":"https://classic.savi.org/SAVI/PopUps/AssetMoreInfo.aspx?AssetID=922691"}},{"type":"Feature","geometry":{"type":"Point","coordinates":[-86.27492318,39.95141992]},"properties":{"name":"ZIONSVILLE PUBLIC ASSISTANCE OFFICE","assetType":"Heating Fuel Assistance","dataYear":"2018","assetId":"921367","subcategory":"Public Assistance","detail":"https://classic.savi.org/SAVI/PopUps/AssetMoreInfo.aspx?AssetID=921367"}},{"type":"Feature","geometry":{"type":"Point","coordinates":[-86.1499787,39.78095796]},"properties":{"name":"AMERICAN RED CROSS OF GREATER INDIANAPOLIS - HEADQUARTERS","assetType":"Loans","dataYear":"2013","assetId":"798282","subcategory":"Public Assistance","detail":"https://classic.savi.org/SAVI/PopUps/AssetMoreInfo.aspx?AssetID=798282"}},{"type":"Feature","geometry":{"type":"Point","coordinates":[-86.15217556,39.77558255]},"properties":{"name":"FAMILIES FIRST - CENTRAL OFFICE","assetType":"Loans","dataYear":"2013","assetId":"797714","subcategory":"Public Assistance","detail":"https://classic.savi.org/SAVI/PopUps/AssetMoreInfo.aspx?AssetID=797714"}},{"type":"Feature","geometry":{"type":"Point","coordinates":[-86.1522914,39.77559414]},"properties":{"name":"Family Loan Program Ways to Work Family Service","assetType":"Low-Interest Loans","dataYear":"2007","assetId":"624473","subcategory":"Public Assistance","detail":"https://classic.savi.org/SAVI/PopUps/AssetMoreInfo.aspx?AssetID=624473"}},{"type":"Feature","geometry":{"type":"Point","coordinates":[-86.12139154,39.9095346]},"properties":{"name":"AFFILIATED SERVICE PROVIDERS OF INDIANA INC ASPIN","assetType":"Medicaid","dataYear":"2018","assetId":"918906","subcategory":"Public Assistance","detail":"https://classic.savi.org/SAVI/PopUps/AssetMoreInfo.aspx?AssetID=918906"}},{"type":"Feature","geometry":{"type":"Point","coordinates":[-86.12139154,39.9095346]},"properties":{"name":"AFFILIATED SERVICE PROVIDERS OF INDIANA INC ASPIN","assetType":"Medicaid","dataYear":"2018","assetId":"919044","subcategory":"Public Assistance","detail":"https://classic.savi.org/SAVI/PopUps/AssetMoreInfo.aspx?AssetID=919044"}},{"type":"Feature","geometry":{"type":"Point","coordinates":[-86.4903543,40.04438473]},"properties":{"name":"BOONE COUNTY DIVISION OF FAMILY RESOURCES","assetType":"Medicaid","dataYear":"2018","assetId":"919960","subcategory":"Public Assistance","detail":"https://classic.savi.org/SAVI/PopUps/AssetMoreInfo.aspx?AssetID=919960"}},{"type":"Feature","geometry":{"type":"Point","coordinates":[-86.2456641,39.20853166]},"properties":{"name":"BROWN COUNTY DIVISION OF FAMILY RESOURCES","assetType":"Medicaid","dataYear":"2018","assetId":"920060","subcategory":"Public Assistance","detail":"https://classic.savi.org/SAVI/PopUps/AssetMoreInfo.aspx?AssetID=920060"}},{"type":"Feature","geometry":{"type":"Point","coordinates":[-85.69735471,40.13038941]},"properties":{"name":"COMMUNITY HEALTH NETWORK - ANDERSON","assetType":"Medicaid","dataYear":"2018","assetId":"918978","subcategory":"Public Assistance","detail":"https://classic.savi.org/SAVI/PopUps/AssetMoreInfo.aspx?AssetID=918978"}},{"type":"Feature","geometry":{"type":"Point","coordinates":[-85.69735471,40.13038941]},"properties":{"name":"COMMUNITY HEALTH NETWORK - ANDERSON","assetType":"Medicaid","dataYear":"2018","assetId":"919033","subcategory":"Public Assistance","detail":"https://classic.savi.org/SAVI/PopUps/AssetMoreInfo.aspx?AssetID=919033"}},{"type":"Feature","geometry":{"type":"Point","coordinates":[-86.11426868,39.82522542]},"properties":{"name":"COVERING KIDS AND FAMILIES OF HEALTH AND HOSPITAL CORPORATION","assetType":"Medicaid","dataYear":"2018","assetId":"918866","subcategory":"Public Assistance","detail":"https://classic.savi.org/SAVI/PopUps/AssetMoreInfo.aspx?AssetID=918866"}},{"type":"Feature","geometry":{"type":"Point","coordinates":[-86.11426868,39.82522542]},"properties":{"name":"COVERING KIDS AND FAMILIES OF HEALTH AND HOSPITAL CORPORATION","assetType":"Medicaid","dataYear":"2018","assetId":"918868","subcategory":"Public Assistance","detail":"https://classic.savi.org/SAVI/PopUps/AssetMoreInfo.aspx?AssetID=918868"}},{"type":"Feature","geometry":{"type":"Point","coordinates":[-85.68205021,40.10491809]},"properties":{"name":"COVERING KIDS AND FAMILIES OF MADISON COUNTY","assetType":"Medicaid","dataYear":"2018","assetId":"920182","subcategory":"Public Assistance","detail":"https://classic.savi.org/SAVI/PopUps/AssetMoreInfo.aspx?AssetID=920182"}},{"type":"Feature","geometry":{"type":"Point","coordinates":[-86.16543746,39.76736422]},"properties":{"name":"DIVISION OF FAMILY RESOURCES DFR INDIANA FAMILY AND SOCIAL SERVICES ADMINISTRATION FSSA","assetType":"Medicaid","dataYear":"2018","assetId":"920091","subcategory":"Public Assistance","detail":"https://classic.savi.org/SAVI/PopUps/AssetMoreInfo.aspx?AssetID=920091"}},{"type":"Feature","geometry":{"type":"Point","coordinates":[-86.16543746,39.76736422]},"properties":{"name":"DIVISION OF FAMILY RESOURCES DFR INDIANA FAMILY AND SOCIAL SERVICES ADMINISTRATION FSSA","assetType":"Medicaid","dataYear":"2018","assetId":"920207","subcategory":"Public Assistance","detail":"https://classic.savi.org/SAVI/PopUps/AssetMoreInfo.aspx?AssetID=920207"}},{"type":"Feature","geometry":{"type":"Point","coordinates":[-86.18300487,39.77744769]},"properties":{"name":"ESKENAZI HEALTH","assetType":"Medicaid","dataYear":"2018","assetId":"922681","subcategory":"Public Assistance","detail":"https://classic.savi.org/SAVI/PopUps/AssetMoreInfo.aspx?AssetID=922681"}},{"type":"Feature","geometry":{"type":"Point","coordinates":[-86.18300487,39.77744769]},"properties":{"name":"ESKENAZI HEALTH","assetType":"Medicaid","dataYear":"2018","assetId":"922678","subcategory":"Public Assistance","detail":"https://classic.savi.org/SAVI/PopUps/AssetMoreInfo.aspx?AssetID=922678"}},{"type":"Feature","geometry":{"type":"Point","coordinates":[-86.13994636,39.74821923]},"properties":{"name":"ESKENAZI HEALTH - COTTAGE CORNER CENTER","assetType":"Medicaid","dataYear":"2018","assetId":"922669","subcategory":"Public Assistance","detail":"https://classic.savi.org/SAVI/PopUps/AssetMoreInfo.aspx?AssetID=922669"}},{"type":"Feature","geometry":{"type":"Point","coordinates":[-86.13994636,39.74821923]},"properties":{"name":"ESKENAZI HEALTH - COTTAGE CORNER CENTER","assetType":"Medicaid","dataYear":"2018","assetId":"922667","subcategory":"Public Assistance","detail":"https://classic.savi.org/SAVI/PopUps/AssetMoreInfo.aspx?AssetID=922667"}},{"type":"Feature","geometry":{"type":"Point","coordinates":[-86.10288497,39.82659175]},"properties":{"name":"ESKENAZI HEALTH - FOREST MANOR CENTER","assetType":"Medicaid","dataYear":"2018","assetId":"922647","subcategory":"Public Assistance","detail":"https://classic.savi.org/SAVI/PopUps/AssetMoreInfo.aspx?AssetID=922647"}},{"type":"Feature","geometry":{"type":"Point","coordinates":[-86.10288497,39.82659175]},"properties":{"name":"ESKENAZI HEALTH - FOREST MANOR CENTER","assetType":"Medicaid","dataYear":"2018","assetId":"922644","subcategory":"Public Assistance","detail":"https://classic.savi.org/SAVI/PopUps/AssetMoreInfo.aspx?AssetID=922644"}},{"type":"Feature","geometry":{"type":"Point","coordinates":[-86.00161822,39.82527041]},"properties":{"name":"ESKENAZI HEALTH - GRASSY CREEK CENTER","assetType":"Medicaid","dataYear":"2018","assetId":"922634","subcategory":"Public Assistance","detail":"https://classic.savi.org/SAVI/PopUps/AssetMoreInfo.aspx?AssetID=922634"}},{"type":"Feature","geometry":{"type":"Point","coordinates":[-86.00161822,39.82527041]},"properties":{"name":"ESKENAZI HEALTH - GRASSY CREEK CENTER","assetType":"Medicaid","dataYear":"2018","assetId":"922636","subcategory":"Public Assistance","detail":"https://classic.savi.org/SAVI/PopUps/AssetMoreInfo.aspx?AssetID=922636"}},{"type":"Feature","geometry":{"type":"Point","coordinates":[-86.20567397,39.77475795]},"properties":{"name":"ESKENAZI HEALTH - WESTSIDE CENTER","assetType":"Medicaid","dataYear":"2018","assetId":"922650","subcategory":"Public Assistance","detail":"https://classic.savi.org/SAVI/PopUps/AssetMoreInfo.aspx?AssetID=922650"}},{"type":"Feature","geometry":{"type":"Point","coordinates":[-86.20567397,39.77475795]},"properties":{"name":"ESKENAZI HEALTH - WESTSIDE CENTER","assetType":"Medicaid","dataYear":"2018","assetId":"922652","subcategory":"Public Assistance","detail":"https://classic.savi.org/SAVI/PopUps/AssetMoreInfo.aspx?AssetID=922652"}},{"type":"Feature","geometry":{"type":"Point","coordinates":[-86.06376587,39.80381288]},"properties":{"name":"EZKENAZI HEALTH - NORTH ARLINGTON CENTER","assetType":"Medicaid","dataYear":"2018","assetId":"922659","subcategory":"Public Assistance","detail":"https://classic.savi.org/SAVI/PopUps/AssetMoreInfo.aspx?AssetID=922659"}},{"type":"Feature","geometry":{"type":"Point","coordinates":[-86.06376587,39.80381288]},"properties":{"name":"EZKENAZI HEALTH - NORTH ARLINGTON CENTER","assetType":"Medicaid","dataYear":"2018","assetId":"922656","subcategory":"Public Assistance","detail":"https://classic.savi.org/SAVI/PopUps/AssetMoreInfo.aspx?AssetID=922656"}},{"type":"Feature","geometry":{"type":"Point","coordinates":[-86.0128125,40.03651889]},"properties":{"name":"HAMILTON COUNTY DIVISION OF FAMILY RESOURCES","assetType":"Medicaid","dataYear":"2018","assetId":"920087","subcategory":"Public Assistance","detail":"https://classic.savi.org/SAVI/PopUps/AssetMoreInfo.aspx?AssetID=920087"}},{"type":"Feature","geometry":{"type":"Point","coordinates":[-85.76848829,39.80995404]},"properties":{"name":"HANCOCK COUNTY DIVISION OF FAMILY RESOURCES","assetType":"Medicaid","dataYear":"2018","assetId":"920199","subcategory":"Public Assistance","detail":"https://classic.savi.org/SAVI/PopUps/AssetMoreInfo.aspx?AssetID=920199"}},{"type":"Feature","geometry":{"type":"Point","coordinates":[-86.36405978,39.71334001]},"properties":{"name":"HENDRICKS COUNTY DIVISION OF FAMILY RESOURCES","assetType":"Medicaid","dataYear":"2018","assetId":"920082","subcategory":"Public Assistance","detail":"https://classic.savi.org/SAVI/PopUps/AssetMoreInfo.aspx?AssetID=920082"}},{"type":"Feature","geometry":{"type":"Point","coordinates":[-86.15831983,39.76738603]},"properties":{"name":"INDIANA STATE DEPARTMENT OF HEALTH","assetType":"Medicaid","dataYear":"2018","assetId":"918157","subcategory":"Public Assistance","detail":"https://classic.savi.org/SAVI/PopUps/AssetMoreInfo.aspx?AssetID=918157"}},{"type":"Feature","geometry":{"type":"Point","coordinates":[-86.01085332,39.81025859]},"properties":{"name":"JANE PAULEY COMMUNITY HEALTH CENTER AT POST ROAD","assetType":"Medicaid","dataYear":"2018","assetId":"917477","subcategory":"Public Assistance","detail":"https://classic.savi.org/SAVI/PopUps/AssetMoreInfo.aspx?AssetID=917477"}},{"type":"Feature","geometry":{"type":"Point","coordinates":[-86.01085332,39.81025859]},"properties":{"name":"JANE PAULEY COMMUNITY HEALTH CENTER AT POST ROAD","assetType":"Medicaid","dataYear":"2018","assetId":"917574","subcategory":"Public Assistance","detail":"https://classic.savi.org/SAVI/PopUps/AssetMoreInfo.aspx?AssetID=917574"}},{"type":"Feature","geometry":{"type":"Point","coordinates":[-86.02517117,39.48082336]},"properties":{"name":"JOHNSON COUNTY DIVISION OF FAMILY RESOURCES","assetType":"Medicaid","dataYear":"2018","assetId":"920147","subcategory":"Public Assistance","detail":"https://classic.savi.org/SAVI/PopUps/AssetMoreInfo.aspx?AssetID=920147"}},{"type":"Feature","geometry":{"type":"Point","coordinates":[-85.67422701,40.26283695]},"properties":{"name":"MADISON COUNTY COMMUNITY HEALTH CENTER -ALEXANDRIA","assetType":"Medicaid","dataYear":"2018","assetId":"920123","subcategory":"Public Assistance","detail":"https://classic.savi.org/SAVI/PopUps/AssetMoreInfo.aspx?AssetID=920123"}},{"type":"Feature","geometry":{"type":"Point","coordinates":[-85.67422701,40.26283695]},"properties":{"name":"MADISON COUNTY COMMUNITY HEALTH CENTER -ALEXANDRIA","assetType":"Medicaid","dataYear":"2018","assetId":"920121","subcategory":"Public Assistance","detail":"https://classic.savi.org/SAVI/PopUps/AssetMoreInfo.aspx?AssetID=920121"}},{"type":"Feature","geometry":{"type":"Point","coordinates":[-85.66976183,40.09988334]},"properties":{"name":"MADISON COUNTY COMMUNITY HEALTH CENTER -ANDERSON","assetType":"Medicaid","dataYear":"2018","assetId":"920315","subcategory":"Public Assistance","detail":"https://classic.savi.org/SAVI/PopUps/AssetMoreInfo.aspx?AssetID=920315"}},{"type":"Feature","geometry":{"type":"Point","coordinates":[-85.66976183,40.09988334]},"properties":{"name":"MADISON COUNTY COMMUNITY HEALTH CENTER -ANDERSON","assetType":"Medicaid","dataYear":"2018","assetId":"920313","subcategory":"Public Assistance","detail":"https://classic.savi.org/SAVI/PopUps/AssetMoreInfo.aspx?AssetID=920313"}},{"type":"Feature","geometry":{"type":"Point","coordinates":[-85.84092422,40.27717189]},"properties":{"name":"MADISON COUNTY COMMUNITY HEALTH CENTER -ELWOOD","assetType":"Medicaid","dataYear":"2018","assetId":"920309","subcategory":"Public Assistance","detail":"https://classic.savi.org/SAVI/PopUps/AssetMoreInfo.aspx?AssetID=920309"}},{"type":"Feature","geometry":{"type":"Point","coordinates":[-85.84092422,40.27717189]},"properties":{"name":"MADISON COUNTY COMMUNITY HEALTH CENTER -ELWOOD","assetType":"Medicaid","dataYear":"2018","assetId":"920416","subcategory":"Public Assistance","detail":"https://classic.savi.org/SAVI/PopUps/AssetMoreInfo.aspx?AssetID=920416"}},{"type":"Feature","geometry":{"type":"Point","coordinates":[-85.67588328,40.106611]},"properties":{"name":"MADISON COUNTY DIVISION OF FAMILY RESOURCES","assetType":"Medicaid","dataYear":"2018","assetId":"920130","subcategory":"Public Assistance","detail":"https://classic.savi.org/SAVI/PopUps/AssetMoreInfo.aspx?AssetID=920130"}},{"type":"Feature","geometry":{"type":"Point","coordinates":[-86.15692077,39.81503262]},"properties":{"name":"MARION COUNTY DIVISION OF FAMILY RESOURCES - CENTRAL","assetType":"Medicaid","dataYear":"2018","assetId":"920133","subcategory":"Public Assistance","detail":"https://classic.savi.org/SAVI/PopUps/AssetMoreInfo.aspx?AssetID=920133"}},{"type":"Feature","geometry":{"type":"Point","coordinates":[-86.06416279,39.78453312]},"properties":{"name":"MARION COUNTY DIVISION OF FAMILY RESOURCES - EAST","assetType":"Medicaid","dataYear":"2018","assetId":"919928","subcategory":"Public Assistance","detail":"https://classic.savi.org/SAVI/PopUps/AssetMoreInfo.aspx?AssetID=919928"}},{"type":"Feature","geometry":{"type":"Point","coordinates":[-86.11935686,39.86246524]},"properties":{"name":"MARION COUNTY DIVISION OF FAMILY RESOURCES - NORTH","assetType":"Medicaid","dataYear":"2018","assetId":"919936","subcategory":"Public Assistance","detail":"https://classic.savi.org/SAVI/PopUps/AssetMoreInfo.aspx?AssetID=919936"}},{"type":"Feature","geometry":{"type":"Point","coordinates":[-86.14336714,39.70922411]},"properties":{"name":"MARION COUNTY DIVISION OF FAMILY RESOURCES - SOUTH","assetType":"Medicaid","dataYear":"2018","assetId":"920192","subcategory":"Public Assistance","detail":"https://classic.savi.org/SAVI/PopUps/AssetMoreInfo.aspx?AssetID=920192"}},{"type":"Feature","geometry":{"type":"Point","coordinates":[-86.25689949,39.79541962]},"properties":{"name":"MARION COUNTY DIVISION OF FAMILY RESOURCES - WEST","assetType":"Medicaid","dataYear":"2018","assetId":"920073","subcategory":"Public Assistance","detail":"https://classic.savi.org/SAVI/PopUps/AssetMoreInfo.aspx?AssetID=920073"}},{"type":"Feature","geometry":{"type":"Point","coordinates":[-86.2687059,39.54496811]},"properties":{"name":"MORGAN COUNTY DIVISION OF FAMILY RESOURCES","assetType":"Medicaid","dataYear":"2018","assetId":"919955","subcategory":"Public Assistance","detail":"https://classic.savi.org/SAVI/PopUps/AssetMoreInfo.aspx?AssetID=919955"}},{"type":"Feature","geometry":{"type":"Point","coordinates":[-85.68060291,40.09497992]},"properties":{"name":"OPEN DOOR HEALTH SERVICES - ANDERSON","assetType":"Medicaid","dataYear":"2018","assetId":"919991","subcategory":"Public Assistance","detail":"https://classic.savi.org/SAVI/PopUps/AssetMoreInfo.aspx?AssetID=919991"}},{"type":"Feature","geometry":{"type":"Point","coordinates":[-85.68060291,40.09497992]},"properties":{"name":"OPEN DOOR HEALTH SERVICES - ANDERSON","assetType":"Medicaid","dataYear":"2018","assetId":"919990","subcategory":"Public Assistance","detail":"https://classic.savi.org/SAVI/PopUps/AssetMoreInfo.aspx?AssetID=919990"}},{"type":"Feature","geometry":{"type":"Point","coordinates":[-86.83874337,39.64196476]},"properties":{"name":"PUTNAM COUNTY DIVISION OF FAMILY SERVICES","assetType":"Medicaid","dataYear":"2018","assetId":"919869","subcategory":"Public Assistance","detail":"https://classic.savi.org/SAVI/PopUps/AssetMoreInfo.aspx?AssetID=919869"}},{"type":"Feature","geometry":{"type":"Point","coordinates":[-86.15049668,39.81727883]},"properties":{"name":"RAPHAEL HEALTH CENTER","assetType":"Medicaid","dataYear":"2018","assetId":"917883","subcategory":"Public Assistance","detail":"https://classic.savi.org/SAVI/PopUps/AssetMoreInfo.aspx?AssetID=917883"}},{"type":"Feature","geometry":{"type":"Point","coordinates":[-85.84373174,40.27550743]},"properties":{"name":"RURAL AND URBAN ACCESS TO HEALTH AT SAINT VINCENT MERCY","assetType":"Medicaid","dataYear":"2018","assetId":"919375","subcategory":"Public Assistance","detail":"https://classic.savi.org/SAVI/PopUps/AssetMoreInfo.aspx?AssetID=919375"}},{"type":"Feature","geometry":{"type":"Point","coordinates":[-85.84373174,40.27550743]},"properties":{"name":"RURAL AND URBAN ACCESS TO HEALTH AT SAINT VINCENT MERCY","assetType":"Medicaid","dataYear":"2018","assetId":"919374","subcategory":"Public Assistance","detail":"https://classic.savi.org/SAVI/PopUps/AssetMoreInfo.aspx?AssetID=919374"}},{"type":"Feature","geometry":{"type":"Point","coordinates":[-85.68060525,40.0962344]},"properties":{"name":"RURAL AND URBAN ACCESS TO HEALTH SAINT VINCENT ANDERSON REGIONAL","assetType":"Medicaid","dataYear":"2018","assetId":"919378","subcategory":"Public Assistance","detail":"https://classic.savi.org/SAVI/PopUps/AssetMoreInfo.aspx?AssetID=919378"}},{"type":"Feature","geometry":{"type":"Point","coordinates":[-85.68060525,40.0962344]},"properties":{"name":"RURAL AND URBAN ACCESS TO HEALTH SAINT VINCENT ANDERSON REGIONAL","assetType":"Medicaid","dataYear":"2018","assetId":"919123","subcategory":"Public Assistance","detail":"https://classic.savi.org/SAVI/PopUps/AssetMoreInfo.aspx?AssetID=919123"}},{"type":"Feature","geometry":{"type":"Point","coordinates":[-86.22962397,39.81755795]},"properties":{"name":"SHALOM HEALTH CARE CENTER","assetType":"Medicaid","dataYear":"2018","assetId":"922044","subcategory":"Public Assistance","detail":"https://classic.savi.org/SAVI/PopUps/AssetMoreInfo.aspx?AssetID=922044"}},{"type":"Feature","geometry":{"type":"Point","coordinates":[-85.74066902,39.51636058]},"properties":{"name":"SHELBY COUNTY DIVISION OF FAMILY RESOURCES","assetType":"Medicaid","dataYear":"2018","assetId":"920142","subcategory":"Public Assistance","detail":"https://classic.savi.org/SAVI/PopUps/AssetMoreInfo.aspx?AssetID=920142"}},{"type":"Feature","geometry":{"type":"Point","coordinates":[-86.1373112,39.63643924]},"properties":{"name":"WINDROSE HEALTH NETWORK - COUNTYLINE CENTER","assetType":"Medicaid","dataYear":"2018","assetId":"920421","subcategory":"Public Assistance","detail":"https://classic.savi.org/SAVI/PopUps/AssetMoreInfo.aspx?AssetID=920421"}},{"type":"Feature","geometry":{"type":"Point","coordinates":[-86.15106322,39.68478844]},"properties":{"name":"WINDROSE HEALTH NETWORK - EPLER PARKE CENTER","assetType":"Medicaid","dataYear":"2018","assetId":"920651","subcategory":"Public Assistance","detail":"https://classic.savi.org/SAVI/PopUps/AssetMoreInfo.aspx?AssetID=920651"}},{"type":"Feature","geometry":{"type":"Point","coordinates":[-86.02743416,39.48126643]},"properties":{"name":"WINDROSE HEALTH NETWORK - FRANKLIN CENTER","assetType":"Medicaid","dataYear":"2018","assetId":"920656","subcategory":"Public Assistance","detail":"https://classic.savi.org/SAVI/PopUps/AssetMoreInfo.aspx?AssetID=920656"}},{"type":"Feature","geometry":{"type":"Point","coordinates":[-86.16011052,39.4109815]},"properties":{"name":"WINDROSE HEALTH NETWORK - TRAFALGAR CENTER","assetType":"Medicaid","dataYear":"2018","assetId":"920544","subcategory":"Public Assistance","detail":"https://classic.savi.org/SAVI/PopUps/AssetMoreInfo.aspx?AssetID=920544"}},{"type":"Feature","geometry":{"type":"Point","coordinates":[-86.14966138,39.7810538]},"properties":{"name":"American Red Cross Marion Co - First Aid Team","assetType":"Medical Bills","dataYear":"2007","assetId":"626180","subcategory":"Public Assistance","detail":"https://classic.savi.org/SAVI/PopUps/AssetMoreInfo.aspx?AssetID=626180"}},{"type":"Feature","geometry":{"type":"Point","coordinates":[-86.45182802,40.03148152]},"properties":{"name":"Boone County Dept of Child Services - Special Health Care Svc","assetType":"Medical Bills","dataYear":"2007","assetId":"623790","subcategory":"Public Assistance","detail":"https://classic.savi.org/SAVI/PopUps/AssetMoreInfo.aspx?AssetID=623790"}},{"type":"Feature","geometry":{"type":"Point","coordinates":[-86.45182802,40.03148152]},"properties":{"name":"Boone County Div of Family Resources - Hosp Care for Indigent","assetType":"Medical Bills","dataYear":"2007","assetId":"624931","subcategory":"Public Assistance","detail":"https://classic.savi.org/SAVI/PopUps/AssetMoreInfo.aspx?AssetID=624931"}},{"type":"Feature","geometry":{"type":"Point","coordinates":[-85.7733851,39.79917484]},"properties":{"name":"Hancock County Div Family Resources - Hosp Care for Indigent","assetType":"Medical Bills","dataYear":"2007","assetId":"623555","subcategory":"Public Assistance","detail":"https://classic.savi.org/SAVI/PopUps/AssetMoreInfo.aspx?AssetID=623555"}},{"type":"Feature","geometry":{"type":"Point","coordinates":[-86.17599944,39.78084944]},"properties":{"name":"Health Advantage Wishard Health Services","assetType":"Medical Bills","dataYear":"2007","assetId":"626039","subcategory":"Public Assistance","detail":"https://classic.savi.org/SAVI/PopUps/AssetMoreInfo.aspx?AssetID=626039"}},{"type":"Feature","geometry":{"type":"Point","coordinates":[-86.02443051,39.48116817]},"properties":{"name":"Johnson County Div of Family Resources - Hosp Care for Indigent","assetType":"Medical Bills","dataYear":"2007","assetId":"623563","subcategory":"Public Assistance","detail":"https://classic.savi.org/SAVI/PopUps/AssetMoreInfo.aspx?AssetID=623563"}},{"type":"Feature","geometry":{"type":"Point","coordinates":[-86.15715107,39.79100267]},"properties":{"name":"Marion County DFR - Hospital Care for the Indigent - HCI","assetType":"Medical Bills","dataYear":"2007","assetId":"623633","subcategory":"Public Assistance","detail":"https://classic.savi.org/SAVI/PopUps/AssetMoreInfo.aspx?AssetID=623633"}},{"type":"Feature","geometry":{"type":"Point","coordinates":[-85.74140517,39.51688198]},"properties":{"name":"Shelby County Div of Family Resource- Hospital Care for Indigent","assetType":"Medical Bills","dataYear":"2007","assetId":"623629","subcategory":"Public Assistance","detail":"https://classic.savi.org/SAVI/PopUps/AssetMoreInfo.aspx?AssetID=623629"}},{"type":"Feature","geometry":{"type":"Point","coordinates":[-86.22043078,40.1369393]},"properties":{"name":"ADAMS TOWNSHIP TRUSTEE HAMILTON COUNTY","assetType":"Medical Expense","dataYear":"2018","assetId":"918535","subcategory":"Public Assistance","detail":"https://classic.savi.org/SAVI/PopUps/AssetMoreInfo.aspx?AssetID=918535"}},{"type":"Feature","geometry":{"type":"Point","coordinates":[-86.22043078,40.1369393]},"properties":{"name":"ADAMS TOWNSHIP TRUSTEE HAMILTON COUNTY","assetType":"Medical Expense","dataYear":"2018","assetId":"918534","subcategory":"Public Assistance","detail":"https://classic.savi.org/SAVI/PopUps/AssetMoreInfo.aspx?AssetID=918534"}},{"type":"Feature","geometry":{"type":"Point","coordinates":[-86.22043078,40.1369393]},"properties":{"name":"ADAMS TOWNSHIP TRUSTEE HAMILTON COUNTY","assetType":"Medical Expense","dataYear":"2018","assetId":"918483","subcategory":"Public Assistance","detail":"https://classic.savi.org/SAVI/PopUps/AssetMoreInfo.aspx?AssetID=918483"}},{"type":"Feature","geometry":{"type":"Point","coordinates":[-85.65404433,39.99248624]},"properties":{"name":"ADAMS TOWNSHIP TRUSTEE MADISON COUNTY","assetType":"Medical Expense","dataYear":"2018","assetId":"920688","subcategory":"Public Assistance","detail":"https://classic.savi.org/SAVI/PopUps/AssetMoreInfo.aspx?AssetID=920688"}},{"type":"Feature","geometry":{"type":"Point","coordinates":[-85.65404433,39.99248624]},"properties":{"name":"ADAMS TOWNSHIP TRUSTEE MADISON COUNTY","assetType":"Medical Expense","dataYear":"2018","assetId":"920011","subcategory":"Public Assistance","detail":"https://classic.savi.org/SAVI/PopUps/AssetMoreInfo.aspx?AssetID=920011"}},{"type":"Feature","geometry":{"type":"Point","coordinates":[-85.65404433,39.99248624]},"properties":{"name":"ADAMS TOWNSHIP TRUSTEE MADISON COUNTY","assetType":"Medical Expense","dataYear":"2018","assetId":"920008","subcategory":"Public Assistance","detail":"https://classic.savi.org/SAVI/PopUps/AssetMoreInfo.aspx?AssetID=920008"}},{"type":"Feature","geometry":{"type":"Point","coordinates":[-86.58560197,39.52107037]},"properties":{"name":"ADAMS TOWNSHIP TRUSTEE MORGAN COUNTY","assetType":"Medical Expense","dataYear":"2018","assetId":"918253","subcategory":"Public Assistance","detail":"https://classic.savi.org/SAVI/PopUps/AssetMoreInfo.aspx?AssetID=918253"}},{"type":"Feature","geometry":{"type":"Point","coordinates":[-86.58560197,39.52107037]},"properties":{"name":"ADAMS TOWNSHIP TRUSTEE MORGAN COUNTY","assetType":"Medical Expense","dataYear":"2018","assetId":"918252","subcategory":"Public Assistance","detail":"https://classic.savi.org/SAVI/PopUps/AssetMoreInfo.aspx?AssetID=918252"}},{"type":"Feature","geometry":{"type":"Point","coordinates":[-86.58560197,39.52107037]},"properties":{"name":"ADAMS TOWNSHIP TRUSTEE MORGAN COUNTY","assetType":"Medical Expense","dataYear":"2018","assetId":"918251","subcategory":"Public Assistance","detail":"https://classic.savi.org/SAVI/PopUps/AssetMoreInfo.aspx?AssetID=918251"}},{"type":"Feature","geometry":{"type":"Point","coordinates":[-85.774411,39.51964958]},"properties":{"name":"ADDISON TOWNSHIP TRUSTEE SHELBY COUNTY","assetType":"Medical Expense","dataYear":"2018","assetId":"920491","subcategory":"Public Assistance","detail":"https://classic.savi.org/SAVI/PopUps/AssetMoreInfo.aspx?AssetID=920491"}},{"type":"Feature","geometry":{"type":"Point","coordinates":[-85.774411,39.51964958]},"properties":{"name":"ADDISON TOWNSHIP TRUSTEE SHELBY COUNTY","assetType":"Medical Expense","dataYear":"2018","assetId":"920490","subcategory":"Public Assistance","detail":"https://classic.savi.org/SAVI/PopUps/AssetMoreInfo.aspx?AssetID=920490"}},{"type":"Feature","geometry":{"type":"Point","coordinates":[-85.774411,39.51964958]},"properties":{"name":"ADDISON TOWNSHIP TRUSTEE SHELBY COUNTY","assetType":"Medical Expense","dataYear":"2018","assetId":"920492","subcategory":"Public Assistance","detail":"https://classic.savi.org/SAVI/PopUps/AssetMoreInfo.aspx?AssetID=920492"}},{"type":"Feature","geometry":{"type":"Point","coordinates":[-85.69186383,40.0876172]},"properties":{"name":"ANDERSON TOWNSHIP TRUSTEE MADISON COUNTY","assetType":"Medical Expense","dataYear":"2018","assetId":"920678","subcategory":"Public Assistance","detail":"https://classic.savi.org/SAVI/PopUps/AssetMoreInfo.aspx?AssetID=920678"}},{"type":"Feature","geometry":{"type":"Point","coordinates":[-85.69186383,40.0876172]},"properties":{"name":"ANDERSON TOWNSHIP TRUSTEE MADISON COUNTY","assetType":"Medical Expense","dataYear":"2018","assetId":"920679","subcategory":"Public Assistance","detail":"https://classic.savi.org/SAVI/PopUps/AssetMoreInfo.aspx?AssetID=920679"}},{"type":"Feature","geometry":{"type":"Point","coordinates":[-85.69186383,40.0876172]},"properties":{"name":"ANDERSON TOWNSHIP TRUSTEE MADISON COUNTY","assetType":"Medical Expense","dataYear":"2018","assetId":"920000","subcategory":"Public Assistance","detail":"https://classic.savi.org/SAVI/PopUps/AssetMoreInfo.aspx?AssetID=920000"}},{"type":"Feature","geometry":{"type":"Point","coordinates":[-86.59015368,39.46594941]},"properties":{"name":"ASHLAND TOWNSHIP TRUSTEE MORGAN COUNTY","assetType":"Medical Expense","dataYear":"2018","assetId":"917963","subcategory":"Public Assistance","detail":"https://classic.savi.org/SAVI/PopUps/AssetMoreInfo.aspx?AssetID=917963"}},{"type":"Feature","geometry":{"type":"Point","coordinates":[-86.59015368,39.46594941]},"properties":{"name":"ASHLAND TOWNSHIP TRUSTEE MORGAN COUNTY","assetType":"Medical Expense","dataYear":"2018","assetId":"917962","subcategory":"Public Assistance","detail":"https://classic.savi.org/SAVI/PopUps/AssetMoreInfo.aspx?AssetID=917962"}},{"type":"Feature","geometry":{"type":"Point","coordinates":[-86.59015368,39.46594941]},"properties":{"name":"ASHLAND TOWNSHIP TRUSTEE MORGAN COUNTY","assetType":"Medical Expense","dataYear":"2018","assetId":"918040","subcategory":"Public Assistance","detail":"https://classic.savi.org/SAVI/PopUps/AssetMoreInfo.aspx?AssetID=918040"}},{"type":"Feature","geometry":{"type":"Point","coordinates":[-86.53976457,39.36099715]},"properties":{"name":"BAKER TOWNSHIP TRUSTEE MORGAN COUNTY","assetType":"Medical Expense","dataYear":"2018","assetId":"917863","subcategory":"Public Assistance","detail":"https://classic.savi.org/SAVI/PopUps/AssetMoreInfo.aspx?AssetID=917863"}},{"type":"Feature","geometry":{"type":"Point","coordinates":[-86.53976457,39.36099715]},"properties":{"name":"BAKER TOWNSHIP TRUSTEE MORGAN COUNTY","assetType":"Medical Expense","dataYear":"2018","assetId":"917864","subcategory":"Public Assistance","detail":"https://classic.savi.org/SAVI/PopUps/AssetMoreInfo.aspx?AssetID=917864"}},{"type":"Feature","geometry":{"type":"Point","coordinates":[-86.53976457,39.36099715]},"properties":{"name":"BAKER TOWNSHIP TRUSTEE MORGAN COUNTY","assetType":"Medical Expense","dataYear":"2018","assetId":"917862","subcategory":"Public Assistance","detail":"https://classic.savi.org/SAVI/PopUps/AssetMoreInfo.aspx?AssetID=917862"}},{"type":"Feature","geometry":{"type":"Point","coordinates":[-85.67692841,39.77189764]},"properties":{"name":"BLUE RIVER TOWNSHIP TRUSTEE HANCOCK COUNTY","assetType":"Medical Expense","dataYear":"2018","assetId":"922534","subcategory":"Public Assistance","detail":"https://classic.savi.org/SAVI/PopUps/AssetMoreInfo.aspx?AssetID=922534"}},{"type":"Feature","geometry":{"type":"Point","coordinates":[-85.67692841,39.77189764]},"properties":{"name":"BLUE RIVER TOWNSHIP TRUSTEE HANCOCK COUNTY","assetType":"Medical Expense","dataYear":"2018","assetId":"922533","subcategory":"Public Assistance","detail":"https://classic.savi.org/SAVI/PopUps/AssetMoreInfo.aspx?AssetID=922533"}},{"type":"Feature","geometry":{"type":"Point","coordinates":[-85.67692841,39.77189764]},"properties":{"name":"BLUE RIVER TOWNSHIP TRUSTEE HANCOCK COUNTY","assetType":"Medical Expense","dataYear":"2018","assetId":"922532","subcategory":"Public Assistance","detail":"https://classic.savi.org/SAVI/PopUps/AssetMoreInfo.aspx?AssetID=922532"}},{"type":"Feature","geometry":{"type":"Point","coordinates":[-85.96678325,39.35439477]},"properties":{"name":"BLUE RIVER TOWNSHIP TRUSTEE JOHNSON COUNTY","assetType":"Medical Expense","dataYear":"2018","assetId":"922381","subcategory":"Public Assistance","detail":"https://classic.savi.org/SAVI/PopUps/AssetMoreInfo.aspx?AssetID=922381"}},{"type":"Feature","geometry":{"type":"Point","coordinates":[-85.96678325,39.35439477]},"properties":{"name":"BLUE RIVER TOWNSHIP TRUSTEE JOHNSON COUNTY","assetType":"Medical Expense","dataYear":"2018","assetId":"922383","subcategory":"Public Assistance","detail":"https://classic.savi.org/SAVI/PopUps/AssetMoreInfo.aspx?AssetID=922383"}},{"type":"Feature","geometry":{"type":"Point","coordinates":[-85.96678325,39.35439477]},"properties":{"name":"BLUE RIVER TOWNSHIP TRUSTEE JOHNSON COUNTY","assetType":"Medical Expense","dataYear":"2018","assetId":"922382","subcategory":"Public Assistance","detail":"https://classic.savi.org/SAVI/PopUps/AssetMoreInfo.aspx?AssetID=922382"}},{"type":"Feature","geometry":{"type":"Point","coordinates":[-85.74290931,40.37568005]},"properties":{"name":"BOONE TOWNSHIP TRUSTEE MADISON COUNTY","assetType":"Medical Expense","dataYear":"2018","assetId":"920388","subcategory":"Public Assistance","detail":"https://classic.savi.org/SAVI/PopUps/AssetMoreInfo.aspx?AssetID=920388"}},{"type":"Feature","geometry":{"type":"Point","coordinates":[-85.74290931,40.37568005]},"properties":{"name":"BOONE TOWNSHIP TRUSTEE MADISON COUNTY","assetType":"Medical Expense","dataYear":"2018","assetId":"920468","subcategory":"Public Assistance","detail":"https://classic.savi.org/SAVI/PopUps/AssetMoreInfo.aspx?AssetID=920468"}},{"type":"Feature","geometry":{"type":"Point","coordinates":[-85.74290931,40.37568005]},"properties":{"name":"BOONE TOWNSHIP TRUSTEE MADISON COUNTY","assetType":"Medical Expense","dataYear":"2018","assetId":"920387","subcategory":"Public Assistance","detail":"https://classic.savi.org/SAVI/PopUps/AssetMoreInfo.aspx?AssetID=920387"}},{"type":"Feature","geometry":{"type":"Point","coordinates":[-86.39294095,39.90907004]},"properties":{"name":"BROWN TOWNSHIP TRUSTEE HENDRICKS COUNTY","assetType":"Medical Expense","dataYear":"2018","assetId":"917986","subcategory":"Public Assistance","detail":"https://classic.savi.org/SAVI/PopUps/AssetMoreInfo.aspx?AssetID=917986"}},{"type":"Feature","geometry":{"type":"Point","coordinates":[-86.39294095,39.90907004]},"properties":{"name":"BROWN TOWNSHIP TRUSTEE HENDRICKS COUNTY","assetType":"Medical Expense","dataYear":"2018","assetId":"917938","subcategory":"Public Assistance","detail":"https://classic.savi.org/SAVI/PopUps/AssetMoreInfo.aspx?AssetID=917938"}},{"type":"Feature","geometry":{"type":"Point","coordinates":[-86.39294095,39.90907004]},"properties":{"name":"BROWN TOWNSHIP TRUSTEE HENDRICKS COUNTY","assetType":"Medical Expense","dataYear":"2018","assetId":"917937","subcategory":"Public Assistance","detail":"https://classic.savi.org/SAVI/PopUps/AssetMoreInfo.aspx?AssetID=917937"}},{"type":"Feature","geometry":{"type":"Point","coordinates":[-86.36192889,39.6195823]},"properties":{"name":"BROWN TOWNSHIP TRUSTEE MORGAN COUNTY","assetType":"Medical Expense","dataYear":"2018","assetId":"917956","subcategory":"Public Assistance","detail":"https://classic.savi.org/SAVI/PopUps/AssetMoreInfo.aspx?AssetID=917956"}},{"type":"Feature","geometry":{"type":"Point","coordinates":[-86.36192889,39.6195823]},"properties":{"name":"BROWN TOWNSHIP TRUSTEE MORGAN COUNTY","assetType":"Medical Expense","dataYear":"2018","assetId":"917957","subcategory":"Public Assistance","detail":"https://classic.savi.org/SAVI/PopUps/AssetMoreInfo.aspx?AssetID=917957"}},{"type":"Feature","geometry":{"type":"Point","coordinates":[-86.36192889,39.6195823]},"properties":{"name":"BROWN TOWNSHIP TRUSTEE MORGAN COUNTY","assetType":"Medical Expense","dataYear":"2018","assetId":"917958","subcategory":"Public Assistance","detail":"https://classic.savi.org/SAVI/PopUps/AssetMoreInfo.aspx?AssetID=917958"}},{"type":"Feature","geometry":{"type":"Point","coordinates":[-85.90476499,39.84593559]},"properties":{"name":"BUCK CREEK TOWNSHIP TRUSTEE HANCOCK COUNTY","assetType":"Medical Expense","dataYear":"2018","assetId":"917906","subcategory":"Public Assistance","detail":"https://classic.savi.org/SAVI/PopUps/AssetMoreInfo.aspx?AssetID=917906"}},{"type":"Feature","geometry":{"type":"Point","coordinates":[-85.90476499,39.84593559]},"properties":{"name":"BUCK CREEK TOWNSHIP TRUSTEE HANCOCK COUNTY","assetType":"Medical Expense","dataYear":"2018","assetId":"917905","subcategory":"Public Assistance","detail":"https://classic.savi.org/SAVI/PopUps/AssetMoreInfo.aspx?AssetID=917905"}},{"type":"Feature","geometry":{"type":"Point","coordinates":[-85.90476499,39.84593559]},"properties":{"name":"BUCK CREEK TOWNSHIP TRUSTEE HANCOCK COUNTY","assetType":"Medical Expense","dataYear":"2018","assetId":"917904","subcategory":"Public Assistance","detail":"https://classic.savi.org/SAVI/PopUps/AssetMoreInfo.aspx?AssetID=917904"}},{"type":"Feature","geometry":{"type":"Point","coordinates":[-86.15913237,39.78656668]},"properties":{"name":"CATHOLIC CHARITIES CRISIS OFFICE","assetType":"Medical Expense","dataYear":"2018","assetId":"922537","subcategory":"Public Assistance","detail":"https://classic.savi.org/SAVI/PopUps/AssetMoreInfo.aspx?AssetID=922537"}},{"type":"Feature","geometry":{"type":"Point","coordinates":[-86.15913237,39.78656668]},"properties":{"name":"CATHOLIC CHARITIES CRISIS OFFICE","assetType":"Medical Expense","dataYear":"2018","assetId":"922538","subcategory":"Public Assistance","detail":"https://classic.savi.org/SAVI/PopUps/AssetMoreInfo.aspx?AssetID=922538"}},{"type":"Feature","geometry":{"type":"Point","coordinates":[-86.47085009,40.05665059]},"properties":{"name":"CENTER TOWNSHIP TRUSTEE BOONE COUNTY","assetType":"Medical Expense","dataYear":"2018","assetId":"922404","subcategory":"Public Assistance","detail":"https://classic.savi.org/SAVI/PopUps/AssetMoreInfo.aspx?AssetID=922404"}},{"type":"Feature","geometry":{"type":"Point","coordinates":[-86.47085009,40.05665059]},"properties":{"name":"CENTER TOWNSHIP TRUSTEE BOONE COUNTY","assetType":"Medical Expense","dataYear":"2018","assetId":"922493","subcategory":"Public Assistance","detail":"https://classic.savi.org/SAVI/PopUps/AssetMoreInfo.aspx?AssetID=922493"}},{"type":"Feature","geometry":{"type":"Point","coordinates":[-86.47085009,40.05665059]},"properties":{"name":"CENTER TOWNSHIP TRUSTEE BOONE COUNTY","assetType":"Medical Expense","dataYear":"2018","assetId":"922492","subcategory":"Public Assistance","detail":"https://classic.savi.org/SAVI/PopUps/AssetMoreInfo.aspx?AssetID=922492"}},{"type":"Feature","geometry":{"type":"Point","coordinates":[-85.77210611,39.80356082]},"properties":{"name":"CENTER TOWNSHIP TRUSTEE HANCOCK COUNTY","assetType":"Medical Expense","dataYear":"2018","assetId":"922384","subcategory":"Public Assistance","detail":"https://classic.savi.org/SAVI/PopUps/AssetMoreInfo.aspx?AssetID=922384"}},{"type":"Feature","geometry":{"type":"Point","coordinates":[-85.77210611,39.80356082]},"properties":{"name":"CENTER TOWNSHIP TRUSTEE HANCOCK COUNTY","assetType":"Medical Expense","dataYear":"2018","assetId":"922440","subcategory":"Public Assistance","detail":"https://classic.savi.org/SAVI/PopUps/AssetMoreInfo.aspx?AssetID=922440"}},{"type":"Feature","geometry":{"type":"Point","coordinates":[-85.77210611,39.80356082]},"properties":{"name":"CENTER TOWNSHIP TRUSTEE HANCOCK COUNTY","assetType":"Medical Expense","dataYear":"2018","assetId":"922385","subcategory":"Public Assistance","detail":"https://classic.savi.org/SAVI/PopUps/AssetMoreInfo.aspx?AssetID=922385"}},{"type":"Feature","geometry":{"type":"Point","coordinates":[-86.52411116,39.75972715]},"properties":{"name":"CENTER TOWNSHIP TRUSTEE HENDRICKS COUNTY","assetType":"Medical Expense","dataYear":"2018","assetId":"922368","subcategory":"Public Assistance","detail":"https://classic.savi.org/SAVI/PopUps/AssetMoreInfo.aspx?AssetID=922368"}},{"type":"Feature","geometry":{"type":"Point","coordinates":[-86.52411116,39.75972715]},"properties":{"name":"CENTER TOWNSHIP TRUSTEE HENDRICKS COUNTY","assetType":"Medical Expense","dataYear":"2018","assetId":"922367","subcategory":"Public Assistance","detail":"https://classic.savi.org/SAVI/PopUps/AssetMoreInfo.aspx?AssetID=922367"}},{"type":"Feature","geometry":{"type":"Point","coordinates":[-86.52411116,39.75972715]},"properties":{"name":"CENTER TOWNSHIP TRUSTEE HENDRICKS COUNTY","assetType":"Medical Expense","dataYear":"2018","assetId":"922369","subcategory":"Public Assistance","detail":"https://classic.savi.org/SAVI/PopUps/AssetMoreInfo.aspx?AssetID=922369"}},{"type":"Feature","geometry":{"type":"Point","coordinates":[-86.14313087,39.7788428]},"properties":{"name":"CENTER TOWNSHIP TRUSTEE MARION COUNTY","assetType":"Medical Expense","dataYear":"2018","assetId":"922360","subcategory":"Public Assistance","detail":"https://classic.savi.org/SAVI/PopUps/AssetMoreInfo.aspx?AssetID=922360"}},{"type":"Feature","geometry":{"type":"Point","coordinates":[-86.14313087,39.7788428]},"properties":{"name":"CENTER TOWNSHIP TRUSTEE MARION COUNTY","assetType":"Medical Expense","dataYear":"2018","assetId":"922361","subcategory":"Public Assistance","detail":"https://classic.savi.org/SAVI/PopUps/AssetMoreInfo.aspx?AssetID=922361"}},{"type":"Feature","geometry":{"type":"Point","coordinates":[-86.14313087,39.7788428]},"properties":{"name":"CENTER TOWNSHIP TRUSTEE MARION COUNTY","assetType":"Medical Expense","dataYear":"2018","assetId":"922419","subcategory":"Public Assistance","detail":"https://classic.savi.org/SAVI/PopUps/AssetMoreInfo.aspx?AssetID=922419"}},{"type":"Feature","geometry":{"type":"Point","coordinates":[-85.98146777,39.61091717]},"properties":{"name":"CLARK TOWNSHIP TRUSTEE JOHNSON COUNTY","assetType":"Medical Expense","dataYear":"2018","assetId":"921568","subcategory":"Public Assistance","detail":"https://classic.savi.org/SAVI/PopUps/AssetMoreInfo.aspx?AssetID=921568"}},{"type":"Feature","geometry":{"type":"Point","coordinates":[-85.98146777,39.61091717]},"properties":{"name":"CLARK TOWNSHIP TRUSTEE JOHNSON COUNTY","assetType":"Medical Expense","dataYear":"2018","assetId":"921567","subcategory":"Public Assistance","detail":"https://classic.savi.org/SAVI/PopUps/AssetMoreInfo.aspx?AssetID=921567"}},{"type":"Feature","geometry":{"type":"Point","coordinates":[-85.98146777,39.61091717]},"properties":{"name":"CLARK TOWNSHIP TRUSTEE JOHNSON COUNTY","assetType":"Medical Expense","dataYear":"2018","assetId":"921569","subcategory":"Public Assistance","detail":"https://classic.savi.org/SAVI/PopUps/AssetMoreInfo.aspx?AssetID=921569"}},{"type":"Feature","geometry":{"type":"Point","coordinates":[-86.14561577,39.94343504]},"properties":{"name":"CLAY TOWNSHIP TRUSTEE HAMILTON COUNTY","assetType":"Medical Expense","dataYear":"2018","assetId":"921735","subcategory":"Public Assistance","detail":"https://classic.savi.org/SAVI/PopUps/AssetMoreInfo.aspx?AssetID=921735"}},{"type":"Feature","geometry":{"type":"Point","coordinates":[-86.14561577,39.94343504]},"properties":{"name":"CLAY TOWNSHIP TRUSTEE HAMILTON COUNTY","assetType":"Medical Expense","dataYear":"2018","assetId":"921734","subcategory":"Public Assistance","detail":"https://classic.savi.org/SAVI/PopUps/AssetMoreInfo.aspx?AssetID=921734"}},{"type":"Feature","geometry":{"type":"Point","coordinates":[-86.14561577,39.94343504]},"properties":{"name":"CLAY TOWNSHIP TRUSTEE HAMILTON COUNTY","assetType":"Medical Expense","dataYear":"2018","assetId":"921733","subcategory":"Public Assistance","detail":"https://classic.savi.org/SAVI/PopUps/AssetMoreInfo.aspx?AssetID=921733"}},{"type":"Feature","geometry":{"type":"Point","coordinates":[-86.3590723,39.51288294]},"properties":{"name":"CLAY TOWNSHIP TRUSTEE MORGAN COUNTY","assetType":"Medical Expense","dataYear":"2018","assetId":"921559","subcategory":"Public Assistance","detail":"https://classic.savi.org/SAVI/PopUps/AssetMoreInfo.aspx?AssetID=921559"}},{"type":"Feature","geometry":{"type":"Point","coordinates":[-86.3590723,39.51288294]},"properties":{"name":"CLAY TOWNSHIP TRUSTEE MORGAN COUNTY","assetType":"Medical Expense","dataYear":"2018","assetId":"921630","subcategory":"Public Assistance","detail":"https://classic.savi.org/SAVI/PopUps/AssetMoreInfo.aspx?AssetID=921630"}},{"type":"Feature","geometry":{"type":"Point","coordinates":[-86.3590723,39.51288294]},"properties":{"name":"CLAY TOWNSHIP TRUSTEE MORGAN COUNTY","assetType":"Medical Expense","dataYear":"2018","assetId":"921629","subcategory":"Public Assistance","detail":"https://classic.savi.org/SAVI/PopUps/AssetMoreInfo.aspx?AssetID=921629"}},{"type":"Feature","geometry":{"type":"Point","coordinates":[-86.42274444,40.12257272]},"properties":{"name":"CLINTON TOWNSHIP TRUSTEE BOONE COUNTY","assetType":"Medical Expense","dataYear":"2018","assetId":"921722","subcategory":"Public Assistance","detail":"https://classic.savi.org/SAVI/PopUps/AssetMoreInfo.aspx?AssetID=921722"}},{"type":"Feature","geometry":{"type":"Point","coordinates":[-86.42274444,40.12257272]},"properties":{"name":"CLINTON TOWNSHIP TRUSTEE BOONE COUNTY","assetType":"Medical Expense","dataYear":"2018","assetId":"921783","subcategory":"Public Assistance","detail":"https://classic.savi.org/SAVI/PopUps/AssetMoreInfo.aspx?AssetID=921783"}},{"type":"Feature","geometry":{"type":"Point","coordinates":[-86.42274444,40.12257272]},"properties":{"name":"CLINTON TOWNSHIP TRUSTEE BOONE COUNTY","assetType":"Medical Expense","dataYear":"2018","assetId":"921721","subcategory":"Public Assistance","detail":"https://classic.savi.org/SAVI/PopUps/AssetMoreInfo.aspx?AssetID=921721"}},{"type":"Feature","geometry":{"type":"Point","coordinates":[-86.95747213,39.73385877]},"properties":{"name":"CLINTON TOWNSHIP TRUSTEE PUTNAM COUNTY","assetType":"Medical Expense","dataYear":"2018","assetId":"921105","subcategory":"Public Assistance","detail":"https://classic.savi.org/SAVI/PopUps/AssetMoreInfo.aspx?AssetID=921105"}},{"type":"Feature","geometry":{"type":"Point","coordinates":[-86.95747213,39.73385877]},"properties":{"name":"CLINTON TOWNSHIP TRUSTEE PUTNAM COUNTY","assetType":"Medical Expense","dataYear":"2018","assetId":"921109","subcategory":"Public Assistance","detail":"https://classic.savi.org/SAVI/PopUps/AssetMoreInfo.aspx?AssetID=921109"}},{"type":"Feature","geometry":{"type":"Point","coordinates":[-86.95747213,39.73385877]},"properties":{"name":"CLINTON TOWNSHIP TRUSTEE PUTNAM COUNTY","assetType":"Medical Expense","dataYear":"2018","assetId":"921106","subcategory":"Public Assistance","detail":"https://classic.savi.org/SAVI/PopUps/AssetMoreInfo.aspx?AssetID=921106"}},{"type":"Feature","geometry":{"type":"Point","coordinates":[-86.79275698,39.51380749]},"properties":{"name":"CLOVERDALE TOWNSHIP TRUSTEE PUTNAM COUNTY","assetType":"Medical Expense","dataYear":"2018","assetId":"920932","subcategory":"Public Assistance","detail":"https://classic.savi.org/SAVI/PopUps/AssetMoreInfo.aspx?AssetID=920932"}},{"type":"Feature","geometry":{"type":"Point","coordinates":[-86.79275698,39.51380749]},"properties":{"name":"CLOVERDALE TOWNSHIP TRUSTEE PUTNAM COUNTY","assetType":"Medical Expense","dataYear":"2018","assetId":"920929","subcategory":"Public Assistance","detail":"https://classic.savi.org/SAVI/PopUps/AssetMoreInfo.aspx?AssetID=920929"}},{"type":"Feature","geometry":{"type":"Point","coordinates":[-86.79275698,39.51380749]},"properties":{"name":"CLOVERDALE TOWNSHIP TRUSTEE PUTNAM COUNTY","assetType":"Medical Expense","dataYear":"2018","assetId":"920928","subcategory":"Public Assistance","detail":"https://classic.savi.org/SAVI/PopUps/AssetMoreInfo.aspx?AssetID=920928"}},{"type":"Feature","geometry":{"type":"Point","coordinates":[-86.05770313,39.89937263]},"properties":{"name":"COMMUNITY HEALTH NETWORK - FINANCIAL SERVICES","assetType":"Medical Expense","dataYear":"2018","assetId":"921506","subcategory":"Public Assistance","detail":"https://classic.savi.org/SAVI/PopUps/AssetMoreInfo.aspx?AssetID=921506"}},{"type":"Feature","geometry":{"type":"Point","coordinates":[-86.05770313,39.89937263]},"properties":{"name":"COMMUNITY HEALTH NETWORK - FINANCIAL SERVICES","assetType":"Medical Expense","dataYear":"2018","assetId":"921505","subcategory":"Public Assistance","detail":"https://classic.savi.org/SAVI/PopUps/AssetMoreInfo.aspx?AssetID=921505"}},{"type":"Feature","geometry":{"type":"Point","coordinates":[-85.69332463,40.13039225]},"properties":{"name":"COMMUNITY HOSPITAL ANDERSON","assetType":"Medical Expense","dataYear":"2018","assetId":"919038","subcategory":"Public Assistance","detail":"https://classic.savi.org/SAVI/PopUps/AssetMoreInfo.aspx?AssetID=919038"}},{"type":"Feature","geometry":{"type":"Point","coordinates":[-85.69332463,40.13039225]},"properties":{"name":"COMMUNITY HOSPITAL ANDERSON","assetType":"Medical Expense","dataYear":"2018","assetId":"919039","subcategory":"Public Assistance","detail":"https://classic.savi.org/SAVI/PopUps/AssetMoreInfo.aspx?AssetID=919039"}},{"type":"Feature","geometry":{"type":"Point","coordinates":[-86.27005454,39.68567771]},"properties":{"name":"DECATUR TOWNSHIP TRUSTEE MARION COUNTY","assetType":"Medical Expense","dataYear":"2018","assetId":"919773","subcategory":"Public Assistance","detail":"https://classic.savi.org/SAVI/PopUps/AssetMoreInfo.aspx?AssetID=919773"}},{"type":"Feature","geometry":{"type":"Point","coordinates":[-86.27005454,39.68567771]},"properties":{"name":"DECATUR TOWNSHIP TRUSTEE MARION COUNTY","assetType":"Medical Expense","dataYear":"2018","assetId":"919775","subcategory":"Public Assistance","detail":"https://classic.savi.org/SAVI/PopUps/AssetMoreInfo.aspx?AssetID=919775"}},{"type":"Feature","geometry":{"type":"Point","coordinates":[-86.27005454,39.68567771]},"properties":{"name":"DECATUR TOWNSHIP TRUSTEE MARION COUNTY","assetType":"Medical Expense","dataYear":"2018","assetId":"919774","subcategory":"Public Assistance","detail":"https://classic.savi.org/SAVI/PopUps/AssetMoreInfo.aspx?AssetID=919774"}},{"type":"Feature","geometry":{"type":"Point","coordinates":[-86.00936241,39.97911534]},"properties":{"name":"DELAWARE TOWNSHIP TRUSTEE HAMILTON COUNTY","assetType":"Medical Expense","dataYear":"2018","assetId":"919604","subcategory":"Public Assistance","detail":"https://classic.savi.org/SAVI/PopUps/AssetMoreInfo.aspx?AssetID=919604"}},{"type":"Feature","geometry":{"type":"Point","coordinates":[-86.00936241,39.97911534]},"properties":{"name":"DELAWARE TOWNSHIP TRUSTEE HAMILTON COUNTY","assetType":"Medical Expense","dataYear":"2018","assetId":"919603","subcategory":"Public Assistance","detail":"https://classic.savi.org/SAVI/PopUps/AssetMoreInfo.aspx?AssetID=919603"}},{"type":"Feature","geometry":{"type":"Point","coordinates":[-86.00936241,39.97911534]},"properties":{"name":"DELAWARE TOWNSHIP TRUSTEE HAMILTON COUNTY","assetType":"Medical Expense","dataYear":"2018","assetId":"919605","subcategory":"Public Assistance","detail":"https://classic.savi.org/SAVI/PopUps/AssetMoreInfo.aspx?AssetID=919605"}},{"type":"Feature","geometry":{"type":"Point","coordinates":[-86.16543746,39.76736422]},"properties":{"name":"DIVISION OF FAMILY RESOURCES DFR INDIANA FAMILY AND SOCIAL SERVICES ADMINISTRATION FSSA","assetType":"Medical Expense","dataYear":"2018","assetId":"920209","subcategory":"Public Assistance","detail":"https://classic.savi.org/SAVI/PopUps/AssetMoreInfo.aspx?AssetID=920209"}},{"type":"Feature","geometry":{"type":"Point","coordinates":[-86.16543746,39.76736422]},"properties":{"name":"DIVISION OF FAMILY RESOURCES DFR INDIANA FAMILY AND SOCIAL SERVICES ADMINISTRATION FSSA","assetType":"Medical Expense","dataYear":"2018","assetId":"920208","subcategory":"Public Assistance","detail":"https://classic.savi.org/SAVI/PopUps/AssetMoreInfo.aspx?AssetID=920208"}},{"type":"Feature","geometry":{"type":"Point","coordinates":[-85.81359755,40.30680295]},"properties":{"name":"DUCK CREEK TOWNSHIP TRUSTEE MADISON COUNTY","assetType":"Medical Expense","dataYear":"2018","assetId":"920378","subcategory":"Public Assistance","detail":"https://classic.savi.org/SAVI/PopUps/AssetMoreInfo.aspx?AssetID=920378"}},{"type":"Feature","geometry":{"type":"Point","coordinates":[-85.81359755,40.30680295]},"properties":{"name":"DUCK CREEK TOWNSHIP TRUSTEE MADISON COUNTY","assetType":"Medical Expense","dataYear":"2018","assetId":"920377","subcategory":"Public Assistance","detail":"https://classic.savi.org/SAVI/PopUps/AssetMoreInfo.aspx?AssetID=920377"}},{"type":"Feature","geometry":{"type":"Point","coordinates":[-85.81359755,40.30680295]},"properties":{"name":"DUCK CREEK TOWNSHIP TRUSTEE MADISON COUNTY","assetType":"Medical Expense","dataYear":"2018","assetId":"920381","subcategory":"Public Assistance","detail":"https://classic.savi.org/SAVI/PopUps/AssetMoreInfo.aspx?AssetID=920381"}},{"type":"Feature","geometry":{"type":"Point","coordinates":[-86.60917955,39.85579118]},"properties":{"name":"EEL RIVER TOWNSHIP TRUSTEE HENDRICKS COUNTY","assetType":"Medical Expense","dataYear":"2018","assetId":"919640","subcategory":"Public Assistance","detail":"https://classic.savi.org/SAVI/PopUps/AssetMoreInfo.aspx?AssetID=919640"}},{"type":"Feature","geometry":{"type":"Point","coordinates":[-86.60917955,39.85579118]},"properties":{"name":"EEL RIVER TOWNSHIP TRUSTEE HENDRICKS COUNTY","assetType":"Medical Expense","dataYear":"2018","assetId":"919642","subcategory":"Public Assistance","detail":"https://classic.savi.org/SAVI/PopUps/AssetMoreInfo.aspx?AssetID=919642"}},{"type":"Feature","geometry":{"type":"Point","coordinates":[-86.60917955,39.85579118]},"properties":{"name":"EEL RIVER TOWNSHIP TRUSTEE HENDRICKS COUNTY","assetType":"Medical Expense","dataYear":"2018","assetId":"919641","subcategory":"Public Assistance","detail":"https://classic.savi.org/SAVI/PopUps/AssetMoreInfo.aspx?AssetID=919641"}},{"type":"Feature","geometry":{"type":"Point","coordinates":[-85.84206768,40.27559682]},"properties":{"name":"ELWOOD MINISTERIAL ASSOCIATION","assetType":"Medical Expense","dataYear":"2018","assetId":"920694","subcategory":"Public Assistance","detail":"https://classic.savi.org/SAVI/PopUps/AssetMoreInfo.aspx?AssetID=920694"}},{"type":"Feature","geometry":{"type":"Point","coordinates":[-85.84206768,40.27559682]},"properties":{"name":"ELWOOD MINISTERIAL ASSOCIATION","assetType":"Medical Expense","dataYear":"2018","assetId":"920695","subcategory":"Public Assistance","detail":"https://classic.savi.org/SAVI/PopUps/AssetMoreInfo.aspx?AssetID=920695"}},{"type":"Feature","geometry":{"type":"Point","coordinates":[-86.18300487,39.77744769]},"properties":{"name":"ESKENAZI HEALTH","assetType":"Medical Expense","dataYear":"2018","assetId":"922685","subcategory":"Public Assistance","detail":"https://classic.savi.org/SAVI/PopUps/AssetMoreInfo.aspx?AssetID=922685"}},{"type":"Feature","geometry":{"type":"Point","coordinates":[-85.9427756,39.95733092]},"properties":{"name":"FALL CREEK TOWNSHIP TRUSTEE HAMILTON COUNTY","assetType":"Medical Expense","dataYear":"2018","assetId":"919629","subcategory":"Public Assistance","detail":"https://classic.savi.org/SAVI/PopUps/AssetMoreInfo.aspx?AssetID=919629"}},{"type":"Feature","geometry":{"type":"Point","coordinates":[-85.9427756,39.95733092]},"properties":{"name":"FALL CREEK TOWNSHIP TRUSTEE HAMILTON COUNTY","assetType":"Medical Expense","dataYear":"2018","assetId":"919631","subcategory":"Public Assistance","detail":"https://classic.savi.org/SAVI/PopUps/AssetMoreInfo.aspx?AssetID=919631"}},{"type":"Feature","geometry":{"type":"Point","coordinates":[-85.9427756,39.95733092]},"properties":{"name":"FALL CREEK TOWNSHIP TRUSTEE HAMILTON COUNTY","assetType":"Medical Expense","dataYear":"2018","assetId":"919630","subcategory":"Public Assistance","detail":"https://classic.savi.org/SAVI/PopUps/AssetMoreInfo.aspx?AssetID=919630"}},{"type":"Feature","geometry":{"type":"Point","coordinates":[-85.74535234,40.002336]},"properties":{"name":"FALL CREEK TOWNSHIP TRUSTEE MADISON COUNTY","assetType":"Medical Expense","dataYear":"2018","assetId":"920592","subcategory":"Public Assistance","detail":"https://classic.savi.org/SAVI/PopUps/AssetMoreInfo.aspx?AssetID=920592"}},{"type":"Feature","geometry":{"type":"Point","coordinates":[-85.74535234,40.002336]},"properties":{"name":"FALL CREEK TOWNSHIP TRUSTEE MADISON COUNTY","assetType":"Medical Expense","dataYear":"2018","assetId":"920671","subcategory":"Public Assistance","detail":"https://classic.savi.org/SAVI/PopUps/AssetMoreInfo.aspx?AssetID=920671"}},{"type":"Feature","geometry":{"type":"Point","coordinates":[-85.74535234,40.002336]},"properties":{"name":"FALL CREEK TOWNSHIP TRUSTEE MADISON COUNTY","assetType":"Medical Expense","dataYear":"2018","assetId":"920589","subcategory":"Public Assistance","detail":"https://classic.savi.org/SAVI/PopUps/AssetMoreInfo.aspx?AssetID=920589"}},{"type":"Feature","geometry":{"type":"Point","coordinates":[-86.74851429,39.76137225]},"properties":{"name":"FLOYD TOWNSHIP TRUSTEE PUTNAM COUNTY","assetType":"Medical Expense","dataYear":"2018","assetId":"920925","subcategory":"Public Assistance","detail":"https://classic.savi.org/SAVI/PopUps/AssetMoreInfo.aspx?AssetID=920925"}},{"type":"Feature","geometry":{"type":"Point","coordinates":[-86.74851429,39.76137225]},"properties":{"name":"FLOYD TOWNSHIP TRUSTEE PUTNAM COUNTY","assetType":"Medical Expense","dataYear":"2018","assetId":"920921","subcategory":"Public Assistance","detail":"https://classic.savi.org/SAVI/PopUps/AssetMoreInfo.aspx?AssetID=920921"}},{"type":"Feature","geometry":{"type":"Point","coordinates":[-86.74851429,39.76137225]},"properties":{"name":"FLOYD TOWNSHIP TRUSTEE PUTNAM COUNTY","assetType":"Medical Expense","dataYear":"2018","assetId":"920922","subcategory":"Public Assistance","detail":"https://classic.savi.org/SAVI/PopUps/AssetMoreInfo.aspx?AssetID=920922"}},{"type":"Feature","geometry":{"type":"Point","coordinates":[-86.0825234,39.6494511]},"properties":{"name":"FRANCISCAN HEALTH INDIANAPOLIS","assetType":"Medical Expense","dataYear":"2018","assetId":"917387","subcategory":"Public Assistance","detail":"https://classic.savi.org/SAVI/PopUps/AssetMoreInfo.aspx?AssetID=917387"}},{"type":"Feature","geometry":{"type":"Point","coordinates":[-86.0825234,39.6494511]},"properties":{"name":"FRANCISCAN HEALTH INDIANAPOLIS","assetType":"Medical Expense","dataYear":"2018","assetId":"917388","subcategory":"Public Assistance","detail":"https://classic.savi.org/SAVI/PopUps/AssetMoreInfo.aspx?AssetID=917388"}},{"type":"Feature","geometry":{"type":"Point","coordinates":[-86.35656829,39.60793232]},"properties":{"name":"FRANCISCAN HEALTH - MOORESVILLE","assetType":"Medical Expense","dataYear":"2018","assetId":"917504","subcategory":"Public Assistance","detail":"https://classic.savi.org/SAVI/PopUps/AssetMoreInfo.aspx?AssetID=917504"}},{"type":"Feature","geometry":{"type":"Point","coordinates":[-86.35656829,39.60793232]},"properties":{"name":"FRANCISCAN HEALTH - MOORESVILLE","assetType":"Medical Expense","dataYear":"2018","assetId":"917481","subcategory":"Public Assistance","detail":"https://classic.savi.org/SAVI/PopUps/AssetMoreInfo.aspx?AssetID=917481"}},{"type":"Feature","geometry":{"type":"Point","coordinates":[-86.59336074,39.63094378]},"properties":{"name":"FRANKLIN TOWNSHIP TRUSTEE HENDRICKS COUNTY","assetType":"Medical Expense","dataYear":"2018","assetId":"919334","subcategory":"Public Assistance","detail":"https://classic.savi.org/SAVI/PopUps/AssetMoreInfo.aspx?AssetID=919334"}},{"type":"Feature","geometry":{"type":"Point","coordinates":[-86.59336074,39.63094378]},"properties":{"name":"FRANKLIN TOWNSHIP TRUSTEE HENDRICKS COUNTY","assetType":"Medical Expense","dataYear":"2018","assetId":"919335","subcategory":"Public Assistance","detail":"https://classic.savi.org/SAVI/PopUps/AssetMoreInfo.aspx?AssetID=919335"}},{"type":"Feature","geometry":{"type":"Point","coordinates":[-86.59336074,39.63094378]},"properties":{"name":"FRANKLIN TOWNSHIP TRUSTEE HENDRICKS COUNTY","assetType":"Medical Expense","dataYear":"2018","assetId":"919333","subcategory":"Public Assistance","detail":"https://classic.savi.org/SAVI/PopUps/AssetMoreInfo.aspx?AssetID=919333"}},{"type":"Feature","geometry":{"type":"Point","coordinates":[-86.06344638,39.49333622]},"properties":{"name":"FRANKLIN TOWNSHIP TRUSTEE JOHNSON COUNTY","assetType":"Medical Expense","dataYear":"2018","assetId":"919186","subcategory":"Public Assistance","detail":"https://classic.savi.org/SAVI/PopUps/AssetMoreInfo.aspx?AssetID=919186"}},{"type":"Feature","geometry":{"type":"Point","coordinates":[-86.06344638,39.49333622]},"properties":{"name":"FRANKLIN TOWNSHIP TRUSTEE JOHNSON COUNTY","assetType":"Medical Expense","dataYear":"2018","assetId":"919111","subcategory":"Public Assistance","detail":"https://classic.savi.org/SAVI/PopUps/AssetMoreInfo.aspx?AssetID=919111"}},{"type":"Feature","geometry":{"type":"Point","coordinates":[-86.06344638,39.49333622]},"properties":{"name":"FRANKLIN TOWNSHIP TRUSTEE JOHNSON COUNTY","assetType":"Medical Expense","dataYear":"2018","assetId":"919185","subcategory":"Public Assistance","detail":"https://classic.savi.org/SAVI/PopUps/AssetMoreInfo.aspx?AssetID=919185"}},{"type":"Feature","geometry":{"type":"Point","coordinates":[-86.06339326,39.67761024]},"properties":{"name":"FRANKLIN TOWNSHIP TRUSTEE MARION COUNTY","assetType":"Medical Expense","dataYear":"2018","assetId":"919109","subcategory":"Public Assistance","detail":"https://classic.savi.org/SAVI/PopUps/AssetMoreInfo.aspx?AssetID=919109"}},{"type":"Feature","geometry":{"type":"Point","coordinates":[-86.06339326,39.67761024]},"properties":{"name":"FRANKLIN TOWNSHIP TRUSTEE MARION COUNTY","assetType":"Medical Expense","dataYear":"2018","assetId":"919179","subcategory":"Public Assistance","detail":"https://classic.savi.org/SAVI/PopUps/AssetMoreInfo.aspx?AssetID=919179"}},{"type":"Feature","geometry":{"type":"Point","coordinates":[-86.06339326,39.67761024]},"properties":{"name":"FRANKLIN TOWNSHIP TRUSTEE MARION COUNTY","assetType":"Medical Expense","dataYear":"2018","assetId":"919110","subcategory":"Public Assistance","detail":"https://classic.savi.org/SAVI/PopUps/AssetMoreInfo.aspx?AssetID=919110"}},{"type":"Feature","geometry":{"type":"Point","coordinates":[-86.85209404,39.78100438]},"properties":{"name":"FRANKLIN TOWNSHIP TRUSTEE PUTNAM COUNTY","assetType":"Medical Expense","dataYear":"2018","assetId":"921090","subcategory":"Public Assistance","detail":"https://classic.savi.org/SAVI/PopUps/AssetMoreInfo.aspx?AssetID=921090"}},{"type":"Feature","geometry":{"type":"Point","coordinates":[-86.85209404,39.78100438]},"properties":{"name":"FRANKLIN TOWNSHIP TRUSTEE PUTNAM COUNTY","assetType":"Medical Expense","dataYear":"2018","assetId":"921091","subcategory":"Public Assistance","detail":"https://classic.savi.org/SAVI/PopUps/AssetMoreInfo.aspx?AssetID=921091"}},{"type":"Feature","geometry":{"type":"Point","coordinates":[-86.85209404,39.78100438]},"properties":{"name":"FRANKLIN TOWNSHIP TRUSTEE PUTNAM COUNTY","assetType":"Medical Expense","dataYear":"2018","assetId":"921030","subcategory":"Public Assistance","detail":"https://classic.savi.org/SAVI/PopUps/AssetMoreInfo.aspx?AssetID=921030"}},{"type":"Feature","geometry":{"type":"Point","coordinates":[-85.7056509,39.87256909]},"properties":{"name":"GREEN TOWNSHIP TRUSTEE HANCOCK COUNTY","assetType":"Medical Expense","dataYear":"2018","assetId":"918783","subcategory":"Public Assistance","detail":"https://classic.savi.org/SAVI/PopUps/AssetMoreInfo.aspx?AssetID=918783"}},{"type":"Feature","geometry":{"type":"Point","coordinates":[-85.7056509,39.87256909]},"properties":{"name":"GREEN TOWNSHIP TRUSTEE HANCOCK COUNTY","assetType":"Medical Expense","dataYear":"2018","assetId":"918781","subcategory":"Public Assistance","detail":"https://classic.savi.org/SAVI/PopUps/AssetMoreInfo.aspx?AssetID=918781"}},{"type":"Feature","geometry":{"type":"Point","coordinates":[-85.7056509,39.87256909]},"properties":{"name":"GREEN TOWNSHIP TRUSTEE HANCOCK COUNTY","assetType":"Medical Expense","dataYear":"2018","assetId":"918782","subcategory":"Public Assistance","detail":"https://classic.savi.org/SAVI/PopUps/AssetMoreInfo.aspx?AssetID=918782"}},{"type":"Feature","geometry":{"type":"Point","coordinates":[-85.80616994,39.95697613]},"properties":{"name":"GREEN TOWNSHIP TRUSTEE MADISON COUNTY","assetType":"Medical Expense","dataYear":"2018","assetId":"920729","subcategory":"Public Assistance","detail":"https://classic.savi.org/SAVI/PopUps/AssetMoreInfo.aspx?AssetID=920729"}},{"type":"Feature","geometry":{"type":"Point","coordinates":[-85.80616994,39.95697613]},"properties":{"name":"GREEN TOWNSHIP TRUSTEE MADISON COUNTY","assetType":"Medical Expense","dataYear":"2018","assetId":"920728","subcategory":"Public Assistance","detail":"https://classic.savi.org/SAVI/PopUps/AssetMoreInfo.aspx?AssetID=920728"}},{"type":"Feature","geometry":{"type":"Point","coordinates":[-85.80616994,39.95697613]},"properties":{"name":"GREEN TOWNSHIP TRUSTEE MADISON COUNTY","assetType":"Medical Expense","dataYear":"2018","assetId":"920580","subcategory":"Public Assistance","detail":"https://classic.savi.org/SAVI/PopUps/AssetMoreInfo.aspx?AssetID=920580"}},{"type":"Feature","geometry":{"type":"Point","coordinates":[-86.33770312,39.45087194]},"properties":{"name":"GREEN TOWNSHIP TRUSTEE MORGAN COUNTY","assetType":"Medical Expense","dataYear":"2018","assetId":"918773","subcategory":"Public Assistance","detail":"https://classic.savi.org/SAVI/PopUps/AssetMoreInfo.aspx?AssetID=918773"}},{"type":"Feature","geometry":{"type":"Point","coordinates":[-86.33770312,39.45087194]},"properties":{"name":"GREEN TOWNSHIP TRUSTEE MORGAN COUNTY","assetType":"Medical Expense","dataYear":"2018","assetId":"918774","subcategory":"Public Assistance","detail":"https://classic.savi.org/SAVI/PopUps/AssetMoreInfo.aspx?AssetID=918774"}},{"type":"Feature","geometry":{"type":"Point","coordinates":[-86.33770312,39.45087194]},"properties":{"name":"GREEN TOWNSHIP TRUSTEE MORGAN COUNTY","assetType":"Medical Expense","dataYear":"2018","assetId":"918775","subcategory":"Public Assistance","detail":"https://classic.savi.org/SAVI/PopUps/AssetMoreInfo.aspx?AssetID=918775"}},{"type":"Feature","geometry":{"type":"Point","coordinates":[-86.85343139,39.63713965]},"properties":{"name":"GREENCASTLE TOWNSHIP TRUSTEE PUTNAM COUNTY","assetType":"Medical Expense","dataYear":"2018","assetId":"920998","subcategory":"Public Assistance","detail":"https://classic.savi.org/SAVI/PopUps/AssetMoreInfo.aspx?AssetID=920998"}},{"type":"Feature","geometry":{"type":"Point","coordinates":[-86.85343139,39.63713965]},"properties":{"name":"GREENCASTLE TOWNSHIP TRUSTEE PUTNAM COUNTY","assetType":"Medical Expense","dataYear":"2018","assetId":"921023","subcategory":"Public Assistance","detail":"https://classic.savi.org/SAVI/PopUps/AssetMoreInfo.aspx?AssetID=921023"}},{"type":"Feature","geometry":{"type":"Point","coordinates":[-86.85343139,39.63713965]},"properties":{"name":"GREENCASTLE TOWNSHIP TRUSTEE PUTNAM COUNTY","assetType":"Medical Expense","dataYear":"2018","assetId":"921024","subcategory":"Public Assistance","detail":"https://classic.savi.org/SAVI/PopUps/AssetMoreInfo.aspx?AssetID=921024"}},{"type":"Feature","geometry":{"type":"Point","coordinates":[-86.39099182,39.68236612]},"properties":{"name":"GUILFORD TOWNSHIP TRUSTEE HENDRICKS COUNTY","assetType":"Medical Expense","dataYear":"2018","assetId":"918714","subcategory":"Public Assistance","detail":"https://classic.savi.org/SAVI/PopUps/AssetMoreInfo.aspx?AssetID=918714"}},{"type":"Feature","geometry":{"type":"Point","coordinates":[-86.39099182,39.68236612]},"properties":{"name":"GUILFORD TOWNSHIP TRUSTEE HENDRICKS COUNTY","assetType":"Medical Expense","dataYear":"2018","assetId":"918713","subcategory":"Public Assistance","detail":"https://classic.savi.org/SAVI/PopUps/AssetMoreInfo.aspx?AssetID=918713"}},{"type":"Feature","geometry":{"type":"Point","coordinates":[-86.39099182,39.68236612]},"properties":{"name":"GUILFORD TOWNSHIP TRUSTEE HENDRICKS COUNTY","assetType":"Medical Expense","dataYear":"2018","assetId":"918799","subcategory":"Public Assistance","detail":"https://classic.savi.org/SAVI/PopUps/AssetMoreInfo.aspx?AssetID=918799"}},{"type":"Feature","geometry":{"type":"Point","coordinates":[-86.11341411,39.31461451]},"properties":{"name":"HAMBLEN TOWNSHIP TRUSTEE BROWN COUNTY","assetType":"Medical Expense","dataYear":"2018","assetId":"916973","subcategory":"Public Assistance","detail":"https://classic.savi.org/SAVI/PopUps/AssetMoreInfo.aspx?AssetID=916973"}},{"type":"Feature","geometry":{"type":"Point","coordinates":[-86.11341411,39.31461451]},"properties":{"name":"HAMBLEN TOWNSHIP TRUSTEE BROWN COUNTY","assetType":"Medical Expense","dataYear":"2018","assetId":"916911","subcategory":"Public Assistance","detail":"https://classic.savi.org/SAVI/PopUps/AssetMoreInfo.aspx?AssetID=916911"}},{"type":"Feature","geometry":{"type":"Point","coordinates":[-86.11341411,39.31461451]},"properties":{"name":"HAMBLEN TOWNSHIP TRUSTEE BROWN COUNTY","assetType":"Medical Expense","dataYear":"2018","assetId":"916912","subcategory":"Public Assistance","detail":"https://classic.savi.org/SAVI/PopUps/AssetMoreInfo.aspx?AssetID=916912"}},{"type":"Feature","geometry":{"type":"Point","coordinates":[-85.76820718,39.79521071]},"properties":{"name":"HANCOCK REGIONAL HOSPITAL","assetType":"Medical Expense","dataYear":"2018","assetId":"918468","subcategory":"Public Assistance","detail":"https://classic.savi.org/SAVI/PopUps/AssetMoreInfo.aspx?AssetID=918468"}},{"type":"Feature","geometry":{"type":"Point","coordinates":[-85.76820718,39.79521071]},"properties":{"name":"HANCOCK REGIONAL HOSPITAL","assetType":"Medical Expense","dataYear":"2018","assetId":"918469","subcategory":"Public Assistance","detail":"https://classic.savi.org/SAVI/PopUps/AssetMoreInfo.aspx?AssetID=918469"}},{"type":"Feature","geometry":{"type":"Point","coordinates":[-85.72113402,39.65080359]},"properties":{"name":"HANOVER TOWNSHIP TRUSTEE SHELBY COUNTY","assetType":"Medical Expense","dataYear":"2018","assetId":"918518","subcategory":"Public Assistance","detail":"https://classic.savi.org/SAVI/PopUps/AssetMoreInfo.aspx?AssetID=918518"}},{"type":"Feature","geometry":{"type":"Point","coordinates":[-85.72113402,39.65080359]},"properties":{"name":"HANOVER TOWNSHIP TRUSTEE SHELBY COUNTY","assetType":"Medical Expense","dataYear":"2018","assetId":"918519","subcategory":"Public Assistance","detail":"https://classic.savi.org/SAVI/PopUps/AssetMoreInfo.aspx?AssetID=918519"}},{"type":"Feature","geometry":{"type":"Point","coordinates":[-85.72113402,39.65080359]},"properties":{"name":"HANOVER TOWNSHIP TRUSTEE SHELBY COUNTY","assetType":"Medical Expense","dataYear":"2018","assetId":"918520","subcategory":"Public Assistance","detail":"https://classic.savi.org/SAVI/PopUps/AssetMoreInfo.aspx?AssetID=918520"}},{"type":"Feature","geometry":{"type":"Point","coordinates":[-86.50821683,39.96447177]},"properties":{"name":"HARRISON TOWNSHIP TRUSTEE BOONE COUNTY","assetType":"Medical Expense","dataYear":"2018","assetId":"918602","subcategory":"Public Assistance","detail":"https://classic.savi.org/SAVI/PopUps/AssetMoreInfo.aspx?AssetID=918602"}},{"type":"Feature","geometry":{"type":"Point","coordinates":[-86.50821683,39.96447177]},"properties":{"name":"HARRISON TOWNSHIP TRUSTEE BOONE COUNTY","assetType":"Medical Expense","dataYear":"2018","assetId":"918601","subcategory":"Public Assistance","detail":"https://classic.savi.org/SAVI/PopUps/AssetMoreInfo.aspx?AssetID=918601"}},{"type":"Feature","geometry":{"type":"Point","coordinates":[-86.50821683,39.96447177]},"properties":{"name":"HARRISON TOWNSHIP TRUSTEE BOONE COUNTY","assetType":"Medical Expense","dataYear":"2018","assetId":"918603","subcategory":"Public Assistance","detail":"https://classic.savi.org/SAVI/PopUps/AssetMoreInfo.aspx?AssetID=918603"}},{"type":"Feature","geometry":{"type":"Point","coordinates":[-86.27492948,39.52680434]},"properties":{"name":"HARRISON TOWNSHIP TRUSTEE MORGAN COUNTY","assetType":"Medical Expense","dataYear":"2018","assetId":"918655","subcategory":"Public Assistance","detail":"https://classic.savi.org/SAVI/PopUps/AssetMoreInfo.aspx?AssetID=918655"}},{"type":"Feature","geometry":{"type":"Point","coordinates":[-86.27492948,39.52680434]},"properties":{"name":"HARRISON TOWNSHIP TRUSTEE MORGAN COUNTY","assetType":"Medical Expense","dataYear":"2018","assetId":"918431","subcategory":"Public Assistance","detail":"https://classic.savi.org/SAVI/PopUps/AssetMoreInfo.aspx?AssetID=918431"}},{"type":"Feature","geometry":{"type":"Point","coordinates":[-86.27492948,39.52680434]},"properties":{"name":"HARRISON TOWNSHIP TRUSTEE MORGAN COUNTY","assetType":"Medical Expense","dataYear":"2018","assetId":"918430","subcategory":"Public Assistance","detail":"https://classic.savi.org/SAVI/PopUps/AssetMoreInfo.aspx?AssetID=918430"}},{"type":"Feature","geometry":{"type":"Point","coordinates":[-86.50135798,39.76182864]},"properties":{"name":"HENDRICKS REGIONAL HEALTH","assetType":"Medical Expense","dataYear":"2018","assetId":"918443","subcategory":"Public Assistance","detail":"https://classic.savi.org/SAVI/PopUps/AssetMoreInfo.aspx?AssetID=918443"}},{"type":"Feature","geometry":{"type":"Point","coordinates":[-86.50135798,39.76182864]},"properties":{"name":"HENDRICKS REGIONAL HEALTH","assetType":"Medical Expense","dataYear":"2018","assetId":"918444","subcategory":"Public Assistance","detail":"https://classic.savi.org/SAVI/PopUps/AssetMoreInfo.aspx?AssetID=918444"}},{"type":"Feature","geometry":{"type":"Point","coordinates":[-85.93951506,39.43988051]},"properties":{"name":"HENDRICKS TOWNSHIP TRUSTEE SHELBY COUNTY","assetType":"Medical Expense","dataYear":"2018","assetId":"918515","subcategory":"Public Assistance","detail":"https://classic.savi.org/SAVI/PopUps/AssetMoreInfo.aspx?AssetID=918515"}},{"type":"Feature","geometry":{"type":"Point","coordinates":[-85.93951506,39.43988051]},"properties":{"name":"HENDRICKS TOWNSHIP TRUSTEE SHELBY COUNTY","assetType":"Medical Expense","dataYear":"2018","assetId":"918514","subcategory":"Public Assistance","detail":"https://classic.savi.org/SAVI/PopUps/AssetMoreInfo.aspx?AssetID=918514"}},{"type":"Feature","geometry":{"type":"Point","coordinates":[-85.93951506,39.43988051]},"properties":{"name":"HENDRICKS TOWNSHIP TRUSTEE SHELBY COUNTY","assetType":"Medical Expense","dataYear":"2018","assetId":"918516","subcategory":"Public Assistance","detail":"https://classic.savi.org/SAVI/PopUps/AssetMoreInfo.aspx?AssetID=918516"}},{"type":"Feature","geometry":{"type":"Point","coordinates":[-86.18230398,39.38131195]},"properties":{"name":"HENSLEY TOWNSHIP TRUSTEE JOHNSON COUNTY","assetType":"Medical Expense","dataYear":"2018","assetId":"918410","subcategory":"Public Assistance","detail":"https://classic.savi.org/SAVI/PopUps/AssetMoreInfo.aspx?AssetID=918410"}},{"type":"Feature","geometry":{"type":"Point","coordinates":[-86.18230398,39.38131195]},"properties":{"name":"HENSLEY TOWNSHIP TRUSTEE JOHNSON COUNTY","assetType":"Medical Expense","dataYear":"2018","assetId":"918504","subcategory":"Public Assistance","detail":"https://classic.savi.org/SAVI/PopUps/AssetMoreInfo.aspx?AssetID=918504"}},{"type":"Feature","geometry":{"type":"Point","coordinates":[-86.18230398,39.38131195]},"properties":{"name":"HENSLEY TOWNSHIP TRUSTEE JOHNSON COUNTY","assetType":"Medical Expense","dataYear":"2018","assetId":"918313","subcategory":"Public Assistance","detail":"https://classic.savi.org/SAVI/PopUps/AssetMoreInfo.aspx?AssetID=918313"}},{"type":"Feature","geometry":{"type":"Point","coordinates":[-86.15831983,39.76738603]},"properties":{"name":"INDIANA STATE DEPARTMENT OF HEALTH","assetType":"Medical Expense","dataYear":"2018","assetId":"918341","subcategory":"Public Assistance","detail":"https://classic.savi.org/SAVI/PopUps/AssetMoreInfo.aspx?AssetID=918341"}},{"type":"Feature","geometry":{"type":"Point","coordinates":[-86.04710697,39.7744164]},"properties":{"name":"INDIANA UNIVERSITY HEALTH PATIENT FINANCIAL SERVICES","assetType":"Medical Expense","dataYear":"2018","assetId":"922010","subcategory":"Public Assistance","detail":"https://classic.savi.org/SAVI/PopUps/AssetMoreInfo.aspx?AssetID=922010"}},{"type":"Feature","geometry":{"type":"Point","coordinates":[-86.04710697,39.7744164]},"properties":{"name":"INDIANA UNIVERSITY HEALTH PATIENT FINANCIAL SERVICES","assetType":"Medical Expense","dataYear":"2018","assetId":"922065","subcategory":"Public Assistance","detail":"https://classic.savi.org/SAVI/PopUps/AssetMoreInfo.aspx?AssetID=922065"}},{"type":"Feature","geometry":{"type":"Point","coordinates":[-86.58306293,39.9950641]},"properties":{"name":"JACKSON TOWNSHIP TRUSTEE BOONE COUNTY","assetType":"Medical Expense","dataYear":"2018","assetId":"917946","subcategory":"Public Assistance","detail":"https://classic.savi.org/SAVI/PopUps/AssetMoreInfo.aspx?AssetID=917946"}},{"type":"Feature","geometry":{"type":"Point","coordinates":[-86.58306293,39.9950641]},"properties":{"name":"JACKSON TOWNSHIP TRUSTEE BOONE COUNTY","assetType":"Medical Expense","dataYear":"2018","assetId":"917948","subcategory":"Public Assistance","detail":"https://classic.savi.org/SAVI/PopUps/AssetMoreInfo.aspx?AssetID=917948"}},{"type":"Feature","geometry":{"type":"Point","coordinates":[-86.58306293,39.9950641]},"properties":{"name":"JACKSON TOWNSHIP TRUSTEE BOONE COUNTY","assetType":"Medical Expense","dataYear":"2018","assetId":"917947","subcategory":"Public Assistance","detail":"https://classic.savi.org/SAVI/PopUps/AssetMoreInfo.aspx?AssetID=917947"}},{"type":"Feature","geometry":{"type":"Point","coordinates":[-86.28781116,39.2495565]},"properties":{"name":"JACKSON TOWNSHIP TRUSTEE BROWN COUNTY","assetType":"Medical Expense","dataYear":"2018","assetId":"916967","subcategory":"Public Assistance","detail":"https://classic.savi.org/SAVI/PopUps/AssetMoreInfo.aspx?AssetID=916967"}},{"type":"Feature","geometry":{"type":"Point","coordinates":[-86.28781116,39.2495565]},"properties":{"name":"JACKSON TOWNSHIP TRUSTEE BROWN COUNTY","assetType":"Medical Expense","dataYear":"2018","assetId":"916966","subcategory":"Public Assistance","detail":"https://classic.savi.org/SAVI/PopUps/AssetMoreInfo.aspx?AssetID=916966"}},{"type":"Feature","geometry":{"type":"Point","coordinates":[-86.28781116,39.2495565]},"properties":{"name":"JACKSON TOWNSHIP TRUSTEE BROWN COUNTY","assetType":"Medical Expense","dataYear":"2018","assetId":"916962","subcategory":"Public Assistance","detail":"https://classic.savi.org/SAVI/PopUps/AssetMoreInfo.aspx?AssetID=916962"}},{"type":"Feature","geometry":{"type":"Point","coordinates":[-86.02828584,40.17626673]},"properties":{"name":"JACKSON TOWNSHIP TRUSTEE HAMILTON COUNTY","assetType":"Medical Expense","dataYear":"2018","assetId":"917753","subcategory":"Public Assistance","detail":"https://classic.savi.org/SAVI/PopUps/AssetMoreInfo.aspx?AssetID=917753"}},{"type":"Feature","geometry":{"type":"Point","coordinates":[-86.02828584,40.17626673]},"properties":{"name":"JACKSON TOWNSHIP TRUSTEE HAMILTON COUNTY","assetType":"Medical Expense","dataYear":"2018","assetId":"917752","subcategory":"Public Assistance","detail":"https://classic.savi.org/SAVI/PopUps/AssetMoreInfo.aspx?AssetID=917752"}},{"type":"Feature","geometry":{"type":"Point","coordinates":[-86.02828584,40.17626673]},"properties":{"name":"JACKSON TOWNSHIP TRUSTEE HAMILTON COUNTY","assetType":"Medical Expense","dataYear":"2018","assetId":"917919","subcategory":"Public Assistance","detail":"https://classic.savi.org/SAVI/PopUps/AssetMoreInfo.aspx?AssetID=917919"}},{"type":"Feature","geometry":{"type":"Point","coordinates":[-85.60301518,39.81597274]},"properties":{"name":"JACKSON TOWNSHIP TRUSTEE HANCOCK COUNTY","assetType":"Medical Expense","dataYear":"2018","assetId":"917910","subcategory":"Public Assistance","detail":"https://classic.savi.org/SAVI/PopUps/AssetMoreInfo.aspx?AssetID=917910"}},{"type":"Feature","geometry":{"type":"Point","coordinates":[-85.60301518,39.81597274]},"properties":{"name":"JACKSON TOWNSHIP TRUSTEE HANCOCK COUNTY","assetType":"Medical Expense","dataYear":"2018","assetId":"917909","subcategory":"Public Assistance","detail":"https://classic.savi.org/SAVI/PopUps/AssetMoreInfo.aspx?AssetID=917909"}},{"type":"Feature","geometry":{"type":"Point","coordinates":[-85.60301518,39.81597274]},"properties":{"name":"JACKSON TOWNSHIP TRUSTEE HANCOCK COUNTY","assetType":"Medical Expense","dataYear":"2018","assetId":"917911","subcategory":"Public Assistance","detail":"https://classic.savi.org/SAVI/PopUps/AssetMoreInfo.aspx?AssetID=917911"}},{"type":"Feature","geometry":{"type":"Point","coordinates":[-85.8346258,40.13784922]},"properties":{"name":"JACKSON TOWNSHIP TRUSTEE MADISON COUNTY","assetType":"Medical Expense","dataYear":"2018","assetId":"920372","subcategory":"Public Assistance","detail":"https://classic.savi.org/SAVI/PopUps/AssetMoreInfo.aspx?AssetID=920372"}},{"type":"Feature","geometry":{"type":"Point","coordinates":[-85.8346258,40.13784922]},"properties":{"name":"JACKSON TOWNSHIP TRUSTEE MADISON COUNTY","assetType":"Medical Expense","dataYear":"2018","assetId":"920369","subcategory":"Public Assistance","detail":"https://classic.savi.org/SAVI/PopUps/AssetMoreInfo.aspx?AssetID=920369"}},{"type":"Feature","geometry":{"type":"Point","coordinates":[-85.8346258,40.13784922]},"properties":{"name":"JACKSON TOWNSHIP TRUSTEE MADISON COUNTY","assetType":"Medical Expense","dataYear":"2018","assetId":"920368","subcategory":"Public Assistance","detail":"https://classic.savi.org/SAVI/PopUps/AssetMoreInfo.aspx?AssetID=920368"}},{"type":"Feature","geometry":{"type":"Point","coordinates":[-86.31296642,39.35202934]},"properties":{"name":"JACKSON TOWNSHIP TRUSTEE MORGAN COUNTY","assetType":"Medical Expense","dataYear":"2018","assetId":"917705","subcategory":"Public Assistance","detail":"https://classic.savi.org/SAVI/PopUps/AssetMoreInfo.aspx?AssetID=917705"}},{"type":"Feature","geometry":{"type":"Point","coordinates":[-86.31296642,39.35202934]},"properties":{"name":"JACKSON TOWNSHIP TRUSTEE MORGAN COUNTY","assetType":"Medical Expense","dataYear":"2018","assetId":"917707","subcategory":"Public Assistance","detail":"https://classic.savi.org/SAVI/PopUps/AssetMoreInfo.aspx?AssetID=917707"}},{"type":"Feature","geometry":{"type":"Point","coordinates":[-86.31296642,39.35202934]},"properties":{"name":"JACKSON TOWNSHIP TRUSTEE MORGAN COUNTY","assetType":"Medical Expense","dataYear":"2018","assetId":"917706","subcategory":"Public Assistance","detail":"https://classic.savi.org/SAVI/PopUps/AssetMoreInfo.aspx?AssetID=917706"}},{"type":"Feature","geometry":{"type":"Point","coordinates":[-86.70608396,39.81985034]},"properties":{"name":"JACKSON TOWNSHIP TRUSTEE PUTNAM COUNTY","assetType":"Medical Expense","dataYear":"2018","assetId":"920912","subcategory":"Public Assistance","detail":"https://classic.savi.org/SAVI/PopUps/AssetMoreInfo.aspx?AssetID=920912"}},{"type":"Feature","geometry":{"type":"Point","coordinates":[-86.70608396,39.81985034]},"properties":{"name":"JACKSON TOWNSHIP TRUSTEE PUTNAM COUNTY","assetType":"Medical Expense","dataYear":"2018","assetId":"920911","subcategory":"Public Assistance","detail":"https://classic.savi.org/SAVI/PopUps/AssetMoreInfo.aspx?AssetID=920911"}},{"type":"Feature","geometry":{"type":"Point","coordinates":[-86.70608396,39.81985034]},"properties":{"name":"JACKSON TOWNSHIP TRUSTEE PUTNAM COUNTY","assetType":"Medical Expense","dataYear":"2018","assetId":"920915","subcategory":"Public Assistance","detail":"https://classic.savi.org/SAVI/PopUps/AssetMoreInfo.aspx?AssetID=920915"}},{"type":"Feature","geometry":{"type":"Point","coordinates":[-86.62433374,40.02434205]},"properties":{"name":"JEFFERSON TOWNSHIP TRUSTEE BOONE COUNTY","assetType":"Medical Expense","dataYear":"2018","assetId":"917681","subcategory":"Public Assistance","detail":"https://classic.savi.org/SAVI/PopUps/AssetMoreInfo.aspx?AssetID=917681"}},{"type":"Feature","geometry":{"type":"Point","coordinates":[-86.62433374,40.02434205]},"properties":{"name":"JEFFERSON TOWNSHIP TRUSTEE BOONE COUNTY","assetType":"Medical Expense","dataYear":"2018","assetId":"917679","subcategory":"Public Assistance","detail":"https://classic.savi.org/SAVI/PopUps/AssetMoreInfo.aspx?AssetID=917679"}},{"type":"Feature","geometry":{"type":"Point","coordinates":[-86.62433374,40.02434205]},"properties":{"name":"JEFFERSON TOWNSHIP TRUSTEE BOONE COUNTY","assetType":"Medical Expense","dataYear":"2018","assetId":"917680","subcategory":"Public Assistance","detail":"https://classic.savi.org/SAVI/PopUps/AssetMoreInfo.aspx?AssetID=917680"}},{"type":"Feature","geometry":{"type":"Point","coordinates":[-86.49324278,39.41198592]},"properties":{"name":"JEFFERSON TOWNSHIP TRUSTEE MORGAN COUNTY","assetType":"Medical Expense","dataYear":"2018","assetId":"917818","subcategory":"Public Assistance","detail":"https://classic.savi.org/SAVI/PopUps/AssetMoreInfo.aspx?AssetID=917818"}},{"type":"Feature","geometry":{"type":"Point","coordinates":[-86.49324278,39.41198592]},"properties":{"name":"JEFFERSON TOWNSHIP TRUSTEE MORGAN COUNTY","assetType":"Medical Expense","dataYear":"2018","assetId":"917819","subcategory":"Public Assistance","detail":"https://classic.savi.org/SAVI/PopUps/AssetMoreInfo.aspx?AssetID=917819"}},{"type":"Feature","geometry":{"type":"Point","coordinates":[-86.49324278,39.41198592]},"properties":{"name":"JEFFERSON TOWNSHIP TRUSTEE MORGAN COUNTY","assetType":"Medical Expense","dataYear":"2018","assetId":"917817","subcategory":"Public Assistance","detail":"https://classic.savi.org/SAVI/PopUps/AssetMoreInfo.aspx?AssetID=917817"}},{"type":"Feature","geometry":{"type":"Point","coordinates":[-86.70185497,39.57054813]},"properties":{"name":"JEFFERSON TOWNSHIP TRUSTEE PUTNAM COUNTY","assetType":"Medical Expense","dataYear":"2018","assetId":"921078","subcategory":"Public Assistance","detail":"https://classic.savi.org/SAVI/PopUps/AssetMoreInfo.aspx?AssetID=921078"}},{"type":"Feature","geometry":{"type":"Point","coordinates":[-86.70185497,39.57054813]},"properties":{"name":"JEFFERSON TOWNSHIP TRUSTEE PUTNAM COUNTY","assetType":"Medical Expense","dataYear":"2018","assetId":"921079","subcategory":"Public Assistance","detail":"https://classic.savi.org/SAVI/PopUps/AssetMoreInfo.aspx?AssetID=921079"}},{"type":"Feature","geometry":{"type":"Point","coordinates":[-86.70185497,39.57054813]},"properties":{"name":"JEFFERSON TOWNSHIP TRUSTEE PUTNAM COUNTY","assetType":"Medical Expense","dataYear":"2018","assetId":"921082","subcategory":"Public Assistance","detail":"https://classic.savi.org/SAVI/PopUps/AssetMoreInfo.aspx?AssetID=921082"}},{"type":"Feature","geometry":{"type":"Point","coordinates":[-86.03949799,39.48083898]},"properties":{"name":"JOHNSON MEMORIAL HOSPITAL","assetType":"Medical Expense","dataYear":"2018","assetId":"922574","subcategory":"Public Assistance","detail":"https://classic.savi.org/SAVI/PopUps/AssetMoreInfo.aspx?AssetID=922574"}},{"type":"Feature","geometry":{"type":"Point","coordinates":[-86.03949799,39.48083898]},"properties":{"name":"JOHNSON MEMORIAL HOSPITAL","assetType":"Medical Expense","dataYear":"2018","assetId":"922572","subcategory":"Public Assistance","detail":"https://classic.savi.org/SAVI/PopUps/AssetMoreInfo.aspx?AssetID=922572"}},{"type":"Feature","geometry":{"type":"Point","coordinates":[-86.02489138,39.8386425]},"properties":{"name":"LAWRENCE TOWNSHIP TRUSTEE MARION COUNTY","assetType":"Medical Expense","dataYear":"2018","assetId":"922263","subcategory":"Public Assistance","detail":"https://classic.savi.org/SAVI/PopUps/AssetMoreInfo.aspx?AssetID=922263"}},{"type":"Feature","geometry":{"type":"Point","coordinates":[-86.525004,39.61456226]},"properties":{"name":"LIBERTY TOWNSHIP TRUSTEE HENDRICKS COUNTY","assetType":"Medical Expense","dataYear":"2018","assetId":"922037","subcategory":"Public Assistance","detail":"https://classic.savi.org/SAVI/PopUps/AssetMoreInfo.aspx?AssetID=922037"}},{"type":"Feature","geometry":{"type":"Point","coordinates":[-86.525004,39.61456226]},"properties":{"name":"LIBERTY TOWNSHIP TRUSTEE HENDRICKS COUNTY","assetType":"Medical Expense","dataYear":"2018","assetId":"922038","subcategory":"Public Assistance","detail":"https://classic.savi.org/SAVI/PopUps/AssetMoreInfo.aspx?AssetID=922038"}},{"type":"Feature","geometry":{"type":"Point","coordinates":[-86.525004,39.61456226]},"properties":{"name":"LIBERTY TOWNSHIP TRUSTEE HENDRICKS COUNTY","assetType":"Medical Expense","dataYear":"2018","assetId":"922039","subcategory":"Public Assistance","detail":"https://classic.savi.org/SAVI/PopUps/AssetMoreInfo.aspx?AssetID=922039"}},{"type":"Feature","geometry":{"type":"Point","coordinates":[-85.63663898,39.48364154]},"properties":{"name":"LIBERTY TOWNSHIP TRUSTEE SHELBY COUNTY","assetType":"Medical Expense","dataYear":"2018","assetId":"922114","subcategory":"Public Assistance","detail":"https://classic.savi.org/SAVI/PopUps/AssetMoreInfo.aspx?AssetID=922114"}},{"type":"Feature","geometry":{"type":"Point","coordinates":[-85.63663898,39.48364154]},"properties":{"name":"LIBERTY TOWNSHIP TRUSTEE SHELBY COUNTY","assetType":"Medical Expense","dataYear":"2018","assetId":"922113","subcategory":"Public Assistance","detail":"https://classic.savi.org/SAVI/PopUps/AssetMoreInfo.aspx?AssetID=922113"}},{"type":"Feature","geometry":{"type":"Point","coordinates":[-85.63663898,39.48364154]},"properties":{"name":"LIBERTY TOWNSHIP TRUSTEE SHELBY COUNTY","assetType":"Medical Expense","dataYear":"2018","assetId":"922112","subcategory":"Public Assistance","detail":"https://classic.savi.org/SAVI/PopUps/AssetMoreInfo.aspx?AssetID=922112"}},{"type":"Feature","geometry":{"type":"Point","coordinates":[-86.39673959,39.84266459]},"properties":{"name":"LINCOLN TOWNSHIP TRUSTEE HENDRICKS COUNTY","assetType":"Medical Expense","dataYear":"2018","assetId":"921922","subcategory":"Public Assistance","detail":"https://classic.savi.org/SAVI/PopUps/AssetMoreInfo.aspx?AssetID=921922"}},{"type":"Feature","geometry":{"type":"Point","coordinates":[-86.39673959,39.84266459]},"properties":{"name":"LINCOLN TOWNSHIP TRUSTEE HENDRICKS COUNTY","assetType":"Medical Expense","dataYear":"2018","assetId":"921920","subcategory":"Public Assistance","detail":"https://classic.savi.org/SAVI/PopUps/AssetMoreInfo.aspx?AssetID=921920"}},{"type":"Feature","geometry":{"type":"Point","coordinates":[-86.39673959,39.84266459]},"properties":{"name":"LINCOLN TOWNSHIP TRUSTEE HENDRICKS COUNTY","assetType":"Medical Expense","dataYear":"2018","assetId":"921921","subcategory":"Public Assistance","detail":"https://classic.savi.org/SAVI/PopUps/AssetMoreInfo.aspx?AssetID=921921"}},{"type":"Feature","geometry":{"type":"Point","coordinates":[-86.29689292,39.61795335]},"properties":{"name":"MADISON TOWNSHIP TRUSTEE MORGAN COUNTY","assetType":"Medical Expense","dataYear":"2018","assetId":"921578","subcategory":"Public Assistance","detail":"https://classic.savi.org/SAVI/PopUps/AssetMoreInfo.aspx?AssetID=921578"}},{"type":"Feature","geometry":{"type":"Point","coordinates":[-86.29689292,39.61795335]},"properties":{"name":"MADISON TOWNSHIP TRUSTEE MORGAN COUNTY","assetType":"Medical Expense","dataYear":"2018","assetId":"921577","subcategory":"Public Assistance","detail":"https://classic.savi.org/SAVI/PopUps/AssetMoreInfo.aspx?AssetID=921577"}},{"type":"Feature","geometry":{"type":"Point","coordinates":[-86.29689292,39.61795335]},"properties":{"name":"MADISON TOWNSHIP TRUSTEE MORGAN COUNTY","assetType":"Medical Expense","dataYear":"2018","assetId":"921672","subcategory":"Public Assistance","detail":"https://classic.savi.org/SAVI/PopUps/AssetMoreInfo.aspx?AssetID=921672"}},{"type":"Feature","geometry":{"type":"Point","coordinates":[-86.99653205,39.67905323]},"properties":{"name":"MADISON TOWNSHIP TRUSTEE PUTNAM COUNTY","assetType":"Medical Expense","dataYear":"2018","assetId":"921099","subcategory":"Public Assistance","detail":"https://classic.savi.org/SAVI/PopUps/AssetMoreInfo.aspx?AssetID=921099"}},{"type":"Feature","geometry":{"type":"Point","coordinates":[-86.99653205,39.67905323]},"properties":{"name":"MADISON TOWNSHIP TRUSTEE PUTNAM COUNTY","assetType":"Medical Expense","dataYear":"2018","assetId":"921075","subcategory":"Public Assistance","detail":"https://classic.savi.org/SAVI/PopUps/AssetMoreInfo.aspx?AssetID=921075"}},{"type":"Feature","geometry":{"type":"Point","coordinates":[-86.99653205,39.67905323]},"properties":{"name":"MADISON TOWNSHIP TRUSTEE PUTNAM COUNTY","assetType":"Medical Expense","dataYear":"2018","assetId":"921100","subcategory":"Public Assistance","detail":"https://classic.savi.org/SAVI/PopUps/AssetMoreInfo.aspx?AssetID=921100"}},{"type":"Feature","geometry":{"type":"Point","coordinates":[-85.75301764,39.51998531]},"properties":{"name":"MAJOR HEALTH PARTNERS - PATIENT FINANCIAL SERVICES","assetType":"Medical Expense","dataYear":"2018","assetId":"921668","subcategory":"Public Assistance","detail":"https://classic.savi.org/SAVI/PopUps/AssetMoreInfo.aspx?AssetID=921668"}},{"type":"Feature","geometry":{"type":"Point","coordinates":[-85.75301764,39.51998531]},"properties":{"name":"MAJOR HEALTH PARTNERS - PATIENT FINANCIAL SERVICES","assetType":"Medical Expense","dataYear":"2018","assetId":"921667","subcategory":"Public Assistance","detail":"https://classic.savi.org/SAVI/PopUps/AssetMoreInfo.aspx?AssetID=921667"}},{"type":"Feature","geometry":{"type":"Point","coordinates":[-86.66406574,39.77589127]},"properties":{"name":"MARION TOWNSHIP TRUSTEE HENDRICKS COUNTY","assetType":"Medical Expense","dataYear":"2018","assetId":"920320","subcategory":"Public Assistance","detail":"https://classic.savi.org/SAVI/PopUps/AssetMoreInfo.aspx?AssetID=920320"}},{"type":"Feature","geometry":{"type":"Point","coordinates":[-86.66406574,39.77589127]},"properties":{"name":"MARION TOWNSHIP TRUSTEE HENDRICKS COUNTY","assetType":"Medical Expense","dataYear":"2018","assetId":"920321","subcategory":"Public Assistance","detail":"https://classic.savi.org/SAVI/PopUps/AssetMoreInfo.aspx?AssetID=920321"}},{"type":"Feature","geometry":{"type":"Point","coordinates":[-86.66406574,39.77589127]},"properties":{"name":"MARION TOWNSHIP TRUSTEE HENDRICKS COUNTY","assetType":"Medical Expense","dataYear":"2018","assetId":"920322","subcategory":"Public Assistance","detail":"https://classic.savi.org/SAVI/PopUps/AssetMoreInfo.aspx?AssetID=920322"}},{"type":"Feature","geometry":{"type":"Point","coordinates":[-86.79046198,39.65241794]},"properties":{"name":"MARION TOWNSHIP TRUSTEE PUTNAM COUNTY","assetType":"Medical Expense","dataYear":"2018","assetId":"920839","subcategory":"Public Assistance","detail":"https://classic.savi.org/SAVI/PopUps/AssetMoreInfo.aspx?AssetID=920839"}},{"type":"Feature","geometry":{"type":"Point","coordinates":[-86.79046198,39.65241794]},"properties":{"name":"MARION TOWNSHIP TRUSTEE PUTNAM COUNTY","assetType":"Medical Expense","dataYear":"2018","assetId":"920838","subcategory":"Public Assistance","detail":"https://classic.savi.org/SAVI/PopUps/AssetMoreInfo.aspx?AssetID=920838"}},{"type":"Feature","geometry":{"type":"Point","coordinates":[-86.79046198,39.65241794]},"properties":{"name":"MARION TOWNSHIP TRUSTEE PUTNAM COUNTY","assetType":"Medical Expense","dataYear":"2018","assetId":"920841","subcategory":"Public Assistance","detail":"https://classic.savi.org/SAVI/PopUps/AssetMoreInfo.aspx?AssetID=920841"}},{"type":"Feature","geometry":{"type":"Point","coordinates":[-85.77666802,39.56499556]},"properties":{"name":"MARION TOWNSHIP TRUSTEE SHELBY COUNTY","assetType":"Medical Expense","dataYear":"2018","assetId":"920408","subcategory":"Public Assistance","detail":"https://classic.savi.org/SAVI/PopUps/AssetMoreInfo.aspx?AssetID=920408"}},{"type":"Feature","geometry":{"type":"Point","coordinates":[-85.77666802,39.56499556]},"properties":{"name":"MARION TOWNSHIP TRUSTEE SHELBY COUNTY","assetType":"Medical Expense","dataYear":"2018","assetId":"920409","subcategory":"Public Assistance","detail":"https://classic.savi.org/SAVI/PopUps/AssetMoreInfo.aspx?AssetID=920409"}},{"type":"Feature","geometry":{"type":"Point","coordinates":[-85.77666802,39.56499556]},"properties":{"name":"MARION TOWNSHIP TRUSTEE SHELBY COUNTY","assetType":"Medical Expense","dataYear":"2018","assetId":"920407","subcategory":"Public Assistance","detail":"https://classic.savi.org/SAVI/PopUps/AssetMoreInfo.aspx?AssetID=920407"}},{"type":"Feature","geometry":{"type":"Point","coordinates":[-86.45852281,39.86146427]},"properties":{"name":"MIDDLE TOWNSHIP TRUSTEE HENDRICKS COUNTY","assetType":"Medical Expense","dataYear":"2018","assetId":"919218","subcategory":"Public Assistance","detail":"https://classic.savi.org/SAVI/PopUps/AssetMoreInfo.aspx?AssetID=919218"}},{"type":"Feature","geometry":{"type":"Point","coordinates":[-86.45852281,39.86146427]},"properties":{"name":"MIDDLE TOWNSHIP TRUSTEE HENDRICKS COUNTY","assetType":"Medical Expense","dataYear":"2018","assetId":"919217","subcategory":"Public Assistance","detail":"https://classic.savi.org/SAVI/PopUps/AssetMoreInfo.aspx?AssetID=919217"}},{"type":"Feature","geometry":{"type":"Point","coordinates":[-86.45852281,39.86146427]},"properties":{"name":"MIDDLE TOWNSHIP TRUSTEE HENDRICKS COUNTY","assetType":"Medical Expense","dataYear":"2018","assetId":"919216","subcategory":"Public Assistance","detail":"https://classic.savi.org/SAVI/PopUps/AssetMoreInfo.aspx?AssetID=919216"}},{"type":"Feature","geometry":{"type":"Point","coordinates":[-85.67605191,40.26192931]},"properties":{"name":"MONROE TOWNSHIP TRUSTEE MADISON COUNTY","assetType":"Medical Expense","dataYear":"2018","assetId":"920358","subcategory":"Public Assistance","detail":"https://classic.savi.org/SAVI/PopUps/AssetMoreInfo.aspx?AssetID=920358"}},{"type":"Feature","geometry":{"type":"Point","coordinates":[-85.67605191,40.26192931]},"properties":{"name":"MONROE TOWNSHIP TRUSTEE MADISON COUNTY","assetType":"Medical Expense","dataYear":"2018","assetId":"920362","subcategory":"Public Assistance","detail":"https://classic.savi.org/SAVI/PopUps/AssetMoreInfo.aspx?AssetID=920362"}},{"type":"Feature","geometry":{"type":"Point","coordinates":[-85.67605191,40.26192931]},"properties":{"name":"MONROE TOWNSHIP TRUSTEE MADISON COUNTY","assetType":"Medical Expense","dataYear":"2018","assetId":"920359","subcategory":"Public Assistance","detail":"https://classic.savi.org/SAVI/PopUps/AssetMoreInfo.aspx?AssetID=920359"}},{"type":"Feature","geometry":{"type":"Point","coordinates":[-86.54167184,39.57131861]},"properties":{"name":"MONROE TOWNSHIP TRUSTEE MORGAN COUNTY","assetType":"Medical Expense","dataYear":"2018","assetId":"919369","subcategory":"Public Assistance","detail":"https://classic.savi.org/SAVI/PopUps/AssetMoreInfo.aspx?AssetID=919369"}},{"type":"Feature","geometry":{"type":"Point","coordinates":[-86.54167184,39.57131861]},"properties":{"name":"MONROE TOWNSHIP TRUSTEE MORGAN COUNTY","assetType":"Medical Expense","dataYear":"2018","assetId":"919367","subcategory":"Public Assistance","detail":"https://classic.savi.org/SAVI/PopUps/AssetMoreInfo.aspx?AssetID=919367"}},{"type":"Feature","geometry":{"type":"Point","coordinates":[-86.54167184,39.57131861]},"properties":{"name":"MONROE TOWNSHIP TRUSTEE MORGAN COUNTY","assetType":"Medical Expense","dataYear":"2018","assetId":"919368","subcategory":"Public Assistance","detail":"https://classic.savi.org/SAVI/PopUps/AssetMoreInfo.aspx?AssetID=919368"}},{"type":"Feature","geometry":{"type":"Point","coordinates":[-86.42752742,39.44129927]},"properties":{"name":"MORGAN COUNTY CONNECT","assetType":"Medical Expense","dataYear":"2018","assetId":"920893","subcategory":"Public Assistance","detail":"https://classic.savi.org/SAVI/PopUps/AssetMoreInfo.aspx?AssetID=920893"}},{"type":"Feature","geometry":{"type":"Point","coordinates":[-86.42752742,39.44129927]},"properties":{"name":"MORGAN COUNTY CONNECT","assetType":"Medical Expense","dataYear":"2018","assetId":"920892","subcategory":"Public Assistance","detail":"https://classic.savi.org/SAVI/PopUps/AssetMoreInfo.aspx?AssetID=920892"}},{"type":"Feature","geometry":{"type":"Point","coordinates":[-85.63126795,39.43076653]},"properties":{"name":"NOBLE TOWNSHIP TRUSTEE SHELBY COUNTY","assetType":"Medical Expense","dataYear":"2018","assetId":"918168","subcategory":"Public Assistance","detail":"https://classic.savi.org/SAVI/PopUps/AssetMoreInfo.aspx?AssetID=918168"}},{"type":"Feature","geometry":{"type":"Point","coordinates":[-85.63126795,39.43076653]},"properties":{"name":"NOBLE TOWNSHIP TRUSTEE SHELBY COUNTY","assetType":"Medical Expense","dataYear":"2018","assetId":"918086","subcategory":"Public Assistance","detail":"https://classic.savi.org/SAVI/PopUps/AssetMoreInfo.aspx?AssetID=918086"}},{"type":"Feature","geometry":{"type":"Point","coordinates":[-85.63126795,39.43076653]},"properties":{"name":"NOBLE TOWNSHIP TRUSTEE SHELBY COUNTY","assetType":"Medical Expense","dataYear":"2018","assetId":"918167","subcategory":"Public Assistance","detail":"https://classic.savi.org/SAVI/PopUps/AssetMoreInfo.aspx?AssetID=918167"}},{"type":"Feature","geometry":{"type":"Point","coordinates":[-86.00985432,40.03351339]},"properties":{"name":"NOBLESVILLE SOCIETY OF SAINT VINCENT DE PAUL","assetType":"Medical Expense","dataYear":"2018","assetId":"921931","subcategory":"Public Assistance","detail":"https://classic.savi.org/SAVI/PopUps/AssetMoreInfo.aspx?AssetID=921931"}},{"type":"Feature","geometry":{"type":"Point","coordinates":[-86.00985432,40.03351339]},"properties":{"name":"NOBLESVILLE SOCIETY OF SAINT VINCENT DE PAUL","assetType":"Medical Expense","dataYear":"2018","assetId":"921932","subcategory":"Public Assistance","detail":"https://classic.savi.org/SAVI/PopUps/AssetMoreInfo.aspx?AssetID=921932"}},{"type":"Feature","geometry":{"type":"Point","coordinates":[-86.0142319,40.04246142]},"properties":{"name":"NOBLESVILLE TOWNSHIP TRUSTEE HAMILTON COUNTY","assetType":"Medical Expense","dataYear":"2018","assetId":"918197","subcategory":"Public Assistance","detail":"https://classic.savi.org/SAVI/PopUps/AssetMoreInfo.aspx?AssetID=918197"}},{"type":"Feature","geometry":{"type":"Point","coordinates":[-86.0142319,40.04246142]},"properties":{"name":"NOBLESVILLE TOWNSHIP TRUSTEE HAMILTON COUNTY","assetType":"Medical Expense","dataYear":"2018","assetId":"918196","subcategory":"Public Assistance","detail":"https://classic.savi.org/SAVI/PopUps/AssetMoreInfo.aspx?AssetID=918196"}},{"type":"Feature","geometry":{"type":"Point","coordinates":[-86.0142319,40.04246142]},"properties":{"name":"NOBLESVILLE TOWNSHIP TRUSTEE HAMILTON COUNTY","assetType":"Medical Expense","dataYear":"2018","assetId":"918195","subcategory":"Public Assistance","detail":"https://classic.savi.org/SAVI/PopUps/AssetMoreInfo.aspx?AssetID=918195"}},{"type":"Feature","geometry":{"type":"Point","coordinates":[-86.13853386,39.69444995]},"properties":{"name":"PERRY TOWNSHIP TRUSTEE MARION COUNTY","assetType":"Medical Expense","dataYear":"2018","assetId":"917976","subcategory":"Public Assistance","detail":"https://classic.savi.org/SAVI/PopUps/AssetMoreInfo.aspx?AssetID=917976"}},{"type":"Feature","geometry":{"type":"Point","coordinates":[-86.13853386,39.69444995]},"properties":{"name":"PERRY TOWNSHIP TRUSTEE MARION COUNTY","assetType":"Medical Expense","dataYear":"2018","assetId":"917977","subcategory":"Public Assistance","detail":"https://classic.savi.org/SAVI/PopUps/AssetMoreInfo.aspx?AssetID=917977"}},{"type":"Feature","geometry":{"type":"Point","coordinates":[-86.13853386,39.69444995]},"properties":{"name":"PERRY TOWNSHIP TRUSTEE MARION COUNTY","assetType":"Medical Expense","dataYear":"2018","assetId":"917932","subcategory":"Public Assistance","detail":"https://classic.savi.org/SAVI/PopUps/AssetMoreInfo.aspx?AssetID=917932"}},{"type":"Feature","geometry":{"type":"Point","coordinates":[-86.26238428,39.85453838]},"properties":{"name":"PIKE TOWNSHIP TRUSTEE MARION COUNTY","assetType":"Medical Expense","dataYear":"2018","assetId":"917701","subcategory":"Public Assistance","detail":"https://classic.savi.org/SAVI/PopUps/AssetMoreInfo.aspx?AssetID=917701"}},{"type":"Feature","geometry":{"type":"Point","coordinates":[-86.26238428,39.85453838]},"properties":{"name":"PIKE TOWNSHIP TRUSTEE MARION COUNTY","assetType":"Medical Expense","dataYear":"2018","assetId":"917796","subcategory":"Public Assistance","detail":"https://classic.savi.org/SAVI/PopUps/AssetMoreInfo.aspx?AssetID=917796"}},{"type":"Feature","geometry":{"type":"Point","coordinates":[-86.26238428,39.85453838]},"properties":{"name":"PIKE TOWNSHIP TRUSTEE MARION COUNTY","assetType":"Medical Expense","dataYear":"2018","assetId":"917795","subcategory":"Public Assistance","detail":"https://classic.savi.org/SAVI/PopUps/AssetMoreInfo.aspx?AssetID=917795"}},{"type":"Feature","geometry":{"type":"Point","coordinates":[-85.84206768,40.27559682]},"properties":{"name":"PIPE CREEK TOWNSHIP TRUSTEE MADISON COUNTY","assetType":"Medical Expense","dataYear":"2018","assetId":"920620","subcategory":"Public Assistance","detail":"https://classic.savi.org/SAVI/PopUps/AssetMoreInfo.aspx?AssetID=920620"}},{"type":"Feature","geometry":{"type":"Point","coordinates":[-85.84206768,40.27559682]},"properties":{"name":"PIPE CREEK TOWNSHIP TRUSTEE MADISON COUNTY","assetType":"Medical Expense","dataYear":"2018","assetId":"920621","subcategory":"Public Assistance","detail":"https://classic.savi.org/SAVI/PopUps/AssetMoreInfo.aspx?AssetID=920621"}},{"type":"Feature","geometry":{"type":"Point","coordinates":[-85.84206768,40.27559682]},"properties":{"name":"PIPE CREEK TOWNSHIP TRUSTEE MADISON COUNTY","assetType":"Medical Expense","dataYear":"2018","assetId":"920624","subcategory":"Public Assistance","detail":"https://classic.savi.org/SAVI/PopUps/AssetMoreInfo.aspx?AssetID=920624"}},{"type":"Feature","geometry":{"type":"Point","coordinates":[-86.8460895,39.6221169]},"properties":{"name":"PUTNAM COUNTY HOSPITAL","assetType":"Medical Expense","dataYear":"2018","assetId":"920645","subcategory":"Public Assistance","detail":"https://classic.savi.org/SAVI/PopUps/AssetMoreInfo.aspx?AssetID=920645"}},{"type":"Feature","geometry":{"type":"Point","coordinates":[-86.8460895,39.6221169]},"properties":{"name":"PUTNAM COUNTY HOSPITAL","assetType":"Medical Expense","dataYear":"2018","assetId":"920332","subcategory":"Public Assistance","detail":"https://classic.savi.org/SAVI/PopUps/AssetMoreInfo.aspx?AssetID=920332"}},{"type":"Feature","geometry":{"type":"Point","coordinates":[-85.60831539,40.18993185]},"properties":{"name":"RICHLAND TOWNSHIP TRUSTEE MADISON COUNTY","assetType":"Medical Expense","dataYear":"2018","assetId":"920557","subcategory":"Public Assistance","detail":"https://classic.savi.org/SAVI/PopUps/AssetMoreInfo.aspx?AssetID=920557"}},{"type":"Feature","geometry":{"type":"Point","coordinates":[-85.60831539,40.18993185]},"properties":{"name":"RICHLAND TOWNSHIP TRUSTEE MADISON COUNTY","assetType":"Medical Expense","dataYear":"2018","assetId":"920560","subcategory":"Public Assistance","detail":"https://classic.savi.org/SAVI/PopUps/AssetMoreInfo.aspx?AssetID=920560"}},{"type":"Feature","geometry":{"type":"Point","coordinates":[-85.60831539,40.18993185]},"properties":{"name":"RICHLAND TOWNSHIP TRUSTEE MADISON COUNTY","assetType":"Medical Expense","dataYear":"2018","assetId":"920556","subcategory":"Public Assistance","detail":"https://classic.savi.org/SAVI/PopUps/AssetMoreInfo.aspx?AssetID=920556"}},{"type":"Feature","geometry":{"type":"Point","coordinates":[-86.15366133,39.7730114]},"properties":{"name":"ROBERTS PARK UNITED METHODIST CHURCH","assetType":"Medical Expense","dataYear":"2018","assetId":"919521","subcategory":"Public Assistance","detail":"https://classic.savi.org/SAVI/PopUps/AssetMoreInfo.aspx?AssetID=919521"}},{"type":"Feature","geometry":{"type":"Point","coordinates":[-86.15366133,39.7730114]},"properties":{"name":"ROBERTS PARK UNITED METHODIST CHURCH","assetType":"Medical Expense","dataYear":"2018","assetId":"919522","subcategory":"Public Assistance","detail":"https://classic.savi.org/SAVI/PopUps/AssetMoreInfo.aspx?AssetID=919522"}},{"type":"Feature","geometry":{"type":"Point","coordinates":[-86.98121607,39.86149884]},"properties":{"name":"RUSSELL TOWNSHIP TRUSTEE PUTNAM COUNTY","assetType":"Medical Expense","dataYear":"2018","assetId":"920980","subcategory":"Public Assistance","detail":"https://classic.savi.org/SAVI/PopUps/AssetMoreInfo.aspx?AssetID=920980"}},{"type":"Feature","geometry":{"type":"Point","coordinates":[-86.98121607,39.86149884]},"properties":{"name":"RUSSELL TOWNSHIP TRUSTEE PUTNAM COUNTY","assetType":"Medical Expense","dataYear":"2018","assetId":"921068","subcategory":"Public Assistance","detail":"https://classic.savi.org/SAVI/PopUps/AssetMoreInfo.aspx?AssetID=921068"}},{"type":"Feature","geometry":{"type":"Point","coordinates":[-86.98121607,39.86149884]},"properties":{"name":"RUSSELL TOWNSHIP TRUSTEE PUTNAM COUNTY","assetType":"Medical Expense","dataYear":"2018","assetId":"921065","subcategory":"Public Assistance","detail":"https://classic.savi.org/SAVI/PopUps/AssetMoreInfo.aspx?AssetID=921065"}},{"type":"Feature","geometry":{"type":"Point","coordinates":[-85.77109564,39.78436652]},"properties":{"name":"SALVATION ARMY HANCOCK COUNTY","assetType":"Medical Expense","dataYear":"2018","assetId":"919561","subcategory":"Public Assistance","detail":"https://classic.savi.org/SAVI/PopUps/AssetMoreInfo.aspx?AssetID=919561"}},{"type":"Feature","geometry":{"type":"Point","coordinates":[-85.77109564,39.78436652]},"properties":{"name":"SALVATION ARMY HANCOCK COUNTY","assetType":"Medical Expense","dataYear":"2018","assetId":"919560","subcategory":"Public Assistance","detail":"https://classic.savi.org/SAVI/PopUps/AssetMoreInfo.aspx?AssetID=919560"}},{"type":"Feature","geometry":{"type":"Point","coordinates":[-85.73148601,39.45707656]},"properties":{"name":"SHELBY TOWNSHIP TRUSTEE SHELBY COUNTY","assetType":"Medical Expense","dataYear":"2018","assetId":"917661","subcategory":"Public Assistance","detail":"https://classic.savi.org/SAVI/PopUps/AssetMoreInfo.aspx?AssetID=917661"}},{"type":"Feature","geometry":{"type":"Point","coordinates":[-85.73148601,39.45707656]},"properties":{"name":"SHELBY TOWNSHIP TRUSTEE SHELBY COUNTY","assetType":"Medical Expense","dataYear":"2018","assetId":"917616","subcategory":"Public Assistance","detail":"https://classic.savi.org/SAVI/PopUps/AssetMoreInfo.aspx?AssetID=917616"}},{"type":"Feature","geometry":{"type":"Point","coordinates":[-85.73148601,39.45707656]},"properties":{"name":"SHELBY TOWNSHIP TRUSTEE SHELBY COUNTY","assetType":"Medical Expense","dataYear":"2018","assetId":"917617","subcategory":"Public Assistance","detail":"https://classic.savi.org/SAVI/PopUps/AssetMoreInfo.aspx?AssetID=917617"}},{"type":"Feature","geometry":{"type":"Point","coordinates":[-85.84831659,40.06845181]},"properties":{"name":"STONY CREEK TOWNSHIP TRUSTEE MADISON COUNTY","assetType":"Medical Expense","dataYear":"2018","assetId":"920429","subcategory":"Public Assistance","detail":"https://classic.savi.org/SAVI/PopUps/AssetMoreInfo.aspx?AssetID=920429"}},{"type":"Feature","geometry":{"type":"Point","coordinates":[-85.84831659,40.06845181]},"properties":{"name":"STONY CREEK TOWNSHIP TRUSTEE MADISON COUNTY","assetType":"Medical Expense","dataYear":"2018","assetId":"920430","subcategory":"Public Assistance","detail":"https://classic.savi.org/SAVI/PopUps/AssetMoreInfo.aspx?AssetID=920430"}},{"type":"Feature","geometry":{"type":"Point","coordinates":[-85.84831659,40.06845181]},"properties":{"name":"STONY CREEK TOWNSHIP TRUSTEE MADISON COUNTY","assetType":"Medical Expense","dataYear":"2018","assetId":"920351","subcategory":"Public Assistance","detail":"https://classic.savi.org/SAVI/PopUps/AssetMoreInfo.aspx?AssetID=920351"}},{"type":"Feature","geometry":{"type":"Point","coordinates":[-86.60970462,40.12974715]},"properties":{"name":"SUGAR CREEK TOWNSHIP TRUSTEE BOONE COUNTY","assetType":"Medical Expense","dataYear":"2018","assetId":"917520","subcategory":"Public Assistance","detail":"https://classic.savi.org/SAVI/PopUps/AssetMoreInfo.aspx?AssetID=917520"}},{"type":"Feature","geometry":{"type":"Point","coordinates":[-86.60970462,40.12974715]},"properties":{"name":"SUGAR CREEK TOWNSHIP TRUSTEE BOONE COUNTY","assetType":"Medical Expense","dataYear":"2018","assetId":"917519","subcategory":"Public Assistance","detail":"https://classic.savi.org/SAVI/PopUps/AssetMoreInfo.aspx?AssetID=917519"}},{"type":"Feature","geometry":{"type":"Point","coordinates":[-86.60970462,40.12974715]},"properties":{"name":"SUGAR CREEK TOWNSHIP TRUSTEE BOONE COUNTY","assetType":"Medical Expense","dataYear":"2018","assetId":"917503","subcategory":"Public Assistance","detail":"https://classic.savi.org/SAVI/PopUps/AssetMoreInfo.aspx?AssetID=917503"}},{"type":"Feature","geometry":{"type":"Point","coordinates":[-85.91319152,39.73389397]},"properties":{"name":"SUGAR CREEK TOWNSHIP TRUSTEE HANCOCK COUNTY","assetType":"Medical Expense","dataYear":"2018","assetId":"917435","subcategory":"Public Assistance","detail":"https://classic.savi.org/SAVI/PopUps/AssetMoreInfo.aspx?AssetID=917435"}},{"type":"Feature","geometry":{"type":"Point","coordinates":[-85.91319152,39.73389397]},"properties":{"name":"SUGAR CREEK TOWNSHIP TRUSTEE HANCOCK COUNTY","assetType":"Medical Expense","dataYear":"2018","assetId":"917436","subcategory":"Public Assistance","detail":"https://classic.savi.org/SAVI/PopUps/AssetMoreInfo.aspx?AssetID=917436"}},{"type":"Feature","geometry":{"type":"Point","coordinates":[-85.91319152,39.73389397]},"properties":{"name":"SUGAR CREEK TOWNSHIP TRUSTEE HANCOCK COUNTY","assetType":"Medical Expense","dataYear":"2018","assetId":"917434","subcategory":"Public Assistance","detail":"https://classic.savi.org/SAVI/PopUps/AssetMoreInfo.aspx?AssetID=917434"}},{"type":"Feature","geometry":{"type":"Point","coordinates":[-85.93068407,39.55049257]},"properties":{"name":"SUGAR CREEK TOWNSHIP TRUSTEE SHELBY COUNTY","assetType":"Medical Expense","dataYear":"2018","assetId":"917270","subcategory":"Public Assistance","detail":"https://classic.savi.org/SAVI/PopUps/AssetMoreInfo.aspx?AssetID=917270"}},{"type":"Feature","geometry":{"type":"Point","coordinates":[-85.93068407,39.55049257]},"properties":{"name":"SUGAR CREEK TOWNSHIP TRUSTEE SHELBY COUNTY","assetType":"Medical Expense","dataYear":"2018","assetId":"917271","subcategory":"Public Assistance","detail":"https://classic.savi.org/SAVI/PopUps/AssetMoreInfo.aspx?AssetID=917271"}},{"type":"Feature","geometry":{"type":"Point","coordinates":[-85.93068407,39.55049257]},"properties":{"name":"SUGAR CREEK TOWNSHIP TRUSTEE SHELBY COUNTY","assetType":"Medical Expense","dataYear":"2018","assetId":"917272","subcategory":"Public Assistance","detail":"https://classic.savi.org/SAVI/PopUps/AssetMoreInfo.aspx?AssetID=917272"}},{"type":"Feature","geometry":{"type":"Point","coordinates":[-86.54314085,39.88469476]},"properties":{"name":"UNION TOWNSHIP TRUSTEE HENDRICKS COUNTY","assetType":"Medical Expense","dataYear":"2018","assetId":"917002","subcategory":"Public Assistance","detail":"https://classic.savi.org/SAVI/PopUps/AssetMoreInfo.aspx?AssetID=917002"}},{"type":"Feature","geometry":{"type":"Point","coordinates":[-86.54314085,39.88469476]},"properties":{"name":"UNION TOWNSHIP TRUSTEE HENDRICKS COUNTY","assetType":"Medical Expense","dataYear":"2018","assetId":"917001","subcategory":"Public Assistance","detail":"https://classic.savi.org/SAVI/PopUps/AssetMoreInfo.aspx?AssetID=917001"}},{"type":"Feature","geometry":{"type":"Point","coordinates":[-86.54314085,39.88469476]},"properties":{"name":"UNION TOWNSHIP TRUSTEE HENDRICKS COUNTY","assetType":"Medical Expense","dataYear":"2018","assetId":"917000","subcategory":"Public Assistance","detail":"https://classic.savi.org/SAVI/PopUps/AssetMoreInfo.aspx?AssetID=917000"}},{"type":"Feature","geometry":{"type":"Point","coordinates":[-86.16447633,39.46193135]},"properties":{"name":"UNION TOWNSHIP TRUSTEE JOHNSON COUNTY","assetType":"Medical Expense","dataYear":"2018","assetId":"917139","subcategory":"Public Assistance","detail":"https://classic.savi.org/SAVI/PopUps/AssetMoreInfo.aspx?AssetID=917139"}},{"type":"Feature","geometry":{"type":"Point","coordinates":[-86.16447633,39.46193135]},"properties":{"name":"UNION TOWNSHIP TRUSTEE JOHNSON COUNTY","assetType":"Medical Expense","dataYear":"2018","assetId":"917140","subcategory":"Public Assistance","detail":"https://classic.savi.org/SAVI/PopUps/AssetMoreInfo.aspx?AssetID=917140"}},{"type":"Feature","geometry":{"type":"Point","coordinates":[-86.16447633,39.46193135]},"properties":{"name":"UNION TOWNSHIP TRUSTEE JOHNSON COUNTY","assetType":"Medical Expense","dataYear":"2018","assetId":"917138","subcategory":"Public Assistance","detail":"https://classic.savi.org/SAVI/PopUps/AssetMoreInfo.aspx?AssetID=917138"}},{"type":"Feature","geometry":{"type":"Point","coordinates":[-85.62176391,40.1209244]},"properties":{"name":"UNION TOWNSHIP TRUSTEE MADISON COUNTY","assetType":"Medical Expense","dataYear":"2018","assetId":"920626","subcategory":"Public Assistance","detail":"https://classic.savi.org/SAVI/PopUps/AssetMoreInfo.aspx?AssetID=920626"}},{"type":"Feature","geometry":{"type":"Point","coordinates":[-85.62176391,40.1209244]},"properties":{"name":"UNION TOWNSHIP TRUSTEE MADISON COUNTY","assetType":"Medical Expense","dataYear":"2018","assetId":"920344","subcategory":"Public Assistance","detail":"https://classic.savi.org/SAVI/PopUps/AssetMoreInfo.aspx?AssetID=920344"}},{"type":"Feature","geometry":{"type":"Point","coordinates":[-85.62176391,40.1209244]},"properties":{"name":"UNION TOWNSHIP TRUSTEE MADISON COUNTY","assetType":"Medical Expense","dataYear":"2018","assetId":"920341","subcategory":"Public Assistance","detail":"https://classic.savi.org/SAVI/PopUps/AssetMoreInfo.aspx?AssetID=920341"}},{"type":"Feature","geometry":{"type":"Point","coordinates":[-85.63724599,39.57183058]},"properties":{"name":"UNION TOWNSHIP TRUSTEE SHELBY COUNTY","assetType":"Medical Expense","dataYear":"2018","assetId":"917127","subcategory":"Public Assistance","detail":"https://classic.savi.org/SAVI/PopUps/AssetMoreInfo.aspx?AssetID=917127"}},{"type":"Feature","geometry":{"type":"Point","coordinates":[-85.63724599,39.57183058]},"properties":{"name":"UNION TOWNSHIP TRUSTEE SHELBY COUNTY","assetType":"Medical Expense","dataYear":"2018","assetId":"917096","subcategory":"Public Assistance","detail":"https://classic.savi.org/SAVI/PopUps/AssetMoreInfo.aspx?AssetID=917096"}},{"type":"Feature","geometry":{"type":"Point","coordinates":[-85.63724599,39.57183058]},"properties":{"name":"UNION TOWNSHIP TRUSTEE SHELBY COUNTY","assetType":"Medical Expense","dataYear":"2018","assetId":"917126","subcategory":"Public Assistance","detail":"https://classic.savi.org/SAVI/PopUps/AssetMoreInfo.aspx?AssetID=917126"}},{"type":"Feature","geometry":{"type":"Point","coordinates":[-86.14347708,39.12668447]},"properties":{"name":"VAN BUREN TOWNSHIP TRUSTEE BROWN COUNTY","assetType":"Medical Expense","dataYear":"2018","assetId":"917038","subcategory":"Public Assistance","detail":"https://classic.savi.org/SAVI/PopUps/AssetMoreInfo.aspx?AssetID=917038"}},{"type":"Feature","geometry":{"type":"Point","coordinates":[-86.14347708,39.12668447]},"properties":{"name":"VAN BUREN TOWNSHIP TRUSTEE BROWN COUNTY","assetType":"Medical Expense","dataYear":"2018","assetId":"917073","subcategory":"Public Assistance","detail":"https://classic.savi.org/SAVI/PopUps/AssetMoreInfo.aspx?AssetID=917073"}},{"type":"Feature","geometry":{"type":"Point","coordinates":[-86.14347708,39.12668447]},"properties":{"name":"VAN BUREN TOWNSHIP TRUSTEE BROWN COUNTY","assetType":"Medical Expense","dataYear":"2018","assetId":"917036","subcategory":"Public Assistance","detail":"https://classic.savi.org/SAVI/PopUps/AssetMoreInfo.aspx?AssetID=917036"}},{"type":"Feature","geometry":{"type":"Point","coordinates":[-85.74404601,39.66913659]},"properties":{"name":"VAN BUREN TOWNSHIP TRUSTEE SHELBY COUNTY","assetType":"Medical Expense","dataYear":"2018","assetId":"922522","subcategory":"Public Assistance","detail":"https://classic.savi.org/SAVI/PopUps/AssetMoreInfo.aspx?AssetID=922522"}},{"type":"Feature","geometry":{"type":"Point","coordinates":[-85.74404601,39.66913659]},"properties":{"name":"VAN BUREN TOWNSHIP TRUSTEE SHELBY COUNTY","assetType":"Medical Expense","dataYear":"2018","assetId":"922523","subcategory":"Public Assistance","detail":"https://classic.savi.org/SAVI/PopUps/AssetMoreInfo.aspx?AssetID=922523"}},{"type":"Feature","geometry":{"type":"Point","coordinates":[-85.74404601,39.66913659]},"properties":{"name":"VAN BUREN TOWNSHIP TRUSTEE SHELBY COUNTY","assetType":"Medical Expense","dataYear":"2018","assetId":"922524","subcategory":"Public Assistance","detail":"https://classic.savi.org/SAVI/PopUps/AssetMoreInfo.aspx?AssetID=922524"}},{"type":"Feature","geometry":{"type":"Point","coordinates":[-85.85646521,39.92796225]},"properties":{"name":"VERNON TOWNSHIP TRUSTEE HANCOCK COUNTY","assetType":"Medical Expense","dataYear":"2018","assetId":"922515","subcategory":"Public Assistance","detail":"https://classic.savi.org/SAVI/PopUps/AssetMoreInfo.aspx?AssetID=922515"}},{"type":"Feature","geometry":{"type":"Point","coordinates":[-85.85646521,39.92796225]},"properties":{"name":"VERNON TOWNSHIP TRUSTEE HANCOCK COUNTY","assetType":"Medical Expense","dataYear":"2018","assetId":"922514","subcategory":"Public Assistance","detail":"https://classic.savi.org/SAVI/PopUps/AssetMoreInfo.aspx?AssetID=922514"}},{"type":"Feature","geometry":{"type":"Point","coordinates":[-85.85646521,39.92796225]},"properties":{"name":"VERNON TOWNSHIP TRUSTEE HANCOCK COUNTY","assetType":"Medical Expense","dataYear":"2018","assetId":"922516","subcategory":"Public Assistance","detail":"https://classic.savi.org/SAVI/PopUps/AssetMoreInfo.aspx?AssetID=922516"}},{"type":"Feature","geometry":{"type":"Point","coordinates":[-86.81952471,39.59939565]},"properties":{"name":"WARREN TOWNSHIP TRUSTEE PUTNAM COUNTY","assetType":"Medical Expense","dataYear":"2018","assetId":"921058","subcategory":"Public Assistance","detail":"https://classic.savi.org/SAVI/PopUps/AssetMoreInfo.aspx?AssetID=921058"}},{"type":"Feature","geometry":{"type":"Point","coordinates":[-86.81952471,39.59939565]},"properties":{"name":"WARREN TOWNSHIP TRUSTEE PUTNAM COUNTY","assetType":"Medical Expense","dataYear":"2018","assetId":"921059","subcategory":"Public Assistance","detail":"https://classic.savi.org/SAVI/PopUps/AssetMoreInfo.aspx?AssetID=921059"}},{"type":"Feature","geometry":{"type":"Point","coordinates":[-86.81952471,39.59939565]},"properties":{"name":"WARREN TOWNSHIP TRUSTEE PUTNAM COUNTY","assetType":"Medical Expense","dataYear":"2018","assetId":"921061","subcategory":"Public Assistance","detail":"https://classic.savi.org/SAVI/PopUps/AssetMoreInfo.aspx?AssetID=921061"}},{"type":"Feature","geometry":{"type":"Point","coordinates":[-86.56342846,40.13318676]},"properties":{"name":"WASHINGTON TOWNSHIP TRUSTEE BOONE COUNTY","assetType":"Medical Expense","dataYear":"2018","assetId":"922831","subcategory":"Public Assistance","detail":"https://classic.savi.org/SAVI/PopUps/AssetMoreInfo.aspx?AssetID=922831"}},{"type":"Feature","geometry":{"type":"Point","coordinates":[-86.56342846,40.13318676]},"properties":{"name":"WASHINGTON TOWNSHIP TRUSTEE BOONE COUNTY","assetType":"Medical Expense","dataYear":"2018","assetId":"922457","subcategory":"Public Assistance","detail":"https://classic.savi.org/SAVI/PopUps/AssetMoreInfo.aspx?AssetID=922457"}},{"type":"Feature","geometry":{"type":"Point","coordinates":[-86.56342846,40.13318676]},"properties":{"name":"WASHINGTON TOWNSHIP TRUSTEE BOONE COUNTY","assetType":"Medical Expense","dataYear":"2018","assetId":"922545","subcategory":"Public Assistance","detail":"https://classic.savi.org/SAVI/PopUps/AssetMoreInfo.aspx?AssetID=922545"}},{"type":"Feature","geometry":{"type":"Point","coordinates":[-86.2437373,39.2064405]},"properties":{"name":"WASHINGTON TOWNSHIP TRUSTEE BROWN COUNTY","assetType":"Medical Expense","dataYear":"2018","assetId":"917105","subcategory":"Public Assistance","detail":"https://classic.savi.org/SAVI/PopUps/AssetMoreInfo.aspx?AssetID=917105"}},{"type":"Feature","geometry":{"type":"Point","coordinates":[-86.2437373,39.2064405]},"properties":{"name":"WASHINGTON TOWNSHIP TRUSTEE BROWN COUNTY","assetType":"Medical Expense","dataYear":"2018","assetId":"917101","subcategory":"Public Assistance","detail":"https://classic.savi.org/SAVI/PopUps/AssetMoreInfo.aspx?AssetID=917101"}},{"type":"Feature","geometry":{"type":"Point","coordinates":[-86.2437373,39.2064405]},"properties":{"name":"WASHINGTON TOWNSHIP TRUSTEE BROWN COUNTY","assetType":"Medical Expense","dataYear":"2018","assetId":"917104","subcategory":"Public Assistance","detail":"https://classic.savi.org/SAVI/PopUps/AssetMoreInfo.aspx?AssetID=917104"}},{"type":"Feature","geometry":{"type":"Point","coordinates":[-86.13001059,40.00532333]},"properties":{"name":"WASHINGTON TOWNSHIP TRUSTEE HAMILTON COUNTY","assetType":"Medical Expense","dataYear":"2018","assetId":"922822","subcategory":"Public Assistance","detail":"https://classic.savi.org/SAVI/PopUps/AssetMoreInfo.aspx?AssetID=922822"}},{"type":"Feature","geometry":{"type":"Point","coordinates":[-86.13001059,40.00532333]},"properties":{"name":"WASHINGTON TOWNSHIP TRUSTEE HAMILTON COUNTY","assetType":"Medical Expense","dataYear":"2018","assetId":"922821","subcategory":"Public Assistance","detail":"https://classic.savi.org/SAVI/PopUps/AssetMoreInfo.aspx?AssetID=922821"}},{"type":"Feature","geometry":{"type":"Point","coordinates":[-86.13001059,40.00532333]},"properties":{"name":"WASHINGTON TOWNSHIP TRUSTEE HAMILTON COUNTY","assetType":"Medical Expense","dataYear":"2018","assetId":"922823","subcategory":"Public Assistance","detail":"https://classic.savi.org/SAVI/PopUps/AssetMoreInfo.aspx?AssetID=922823"}},{"type":"Feature","geometry":{"type":"Point","coordinates":[-86.3866421,39.76133098]},"properties":{"name":"WASHINGTON TOWNSHIP TRUSTEE HENDRICKS COUNTY","assetType":"Medical Expense","dataYear":"2018","assetId":"922799","subcategory":"Public Assistance","detail":"https://classic.savi.org/SAVI/PopUps/AssetMoreInfo.aspx?AssetID=922799"}},{"type":"Feature","geometry":{"type":"Point","coordinates":[-86.3866421,39.76133098]},"properties":{"name":"WASHINGTON TOWNSHIP TRUSTEE HENDRICKS COUNTY","assetType":"Medical Expense","dataYear":"2018","assetId":"922795","subcategory":"Public Assistance","detail":"https://classic.savi.org/SAVI/PopUps/AssetMoreInfo.aspx?AssetID=922795"}},{"type":"Feature","geometry":{"type":"Point","coordinates":[-86.3866421,39.76133098]},"properties":{"name":"WASHINGTON TOWNSHIP TRUSTEE HENDRICKS COUNTY","assetType":"Medical Expense","dataYear":"2018","assetId":"922794","subcategory":"Public Assistance","detail":"https://classic.savi.org/SAVI/PopUps/AssetMoreInfo.aspx?AssetID=922794"}},{"type":"Feature","geometry":{"type":"Point","coordinates":[-86.43058849,39.42760589]},"properties":{"name":"WASHINGTON TOWNSHIP TRUSTEE MORGAN COUNTY","assetType":"Medical Expense","dataYear":"2018","assetId":"922783","subcategory":"Public Assistance","detail":"https://classic.savi.org/SAVI/PopUps/AssetMoreInfo.aspx?AssetID=922783"}},{"type":"Feature","geometry":{"type":"Point","coordinates":[-86.43058849,39.42760589]},"properties":{"name":"WASHINGTON TOWNSHIP TRUSTEE MORGAN COUNTY","assetType":"Medical Expense","dataYear":"2018","assetId":"922784","subcategory":"Public Assistance","detail":"https://classic.savi.org/SAVI/PopUps/AssetMoreInfo.aspx?AssetID=922784"}},{"type":"Feature","geometry":{"type":"Point","coordinates":[-86.43058849,39.42760589]},"properties":{"name":"WASHINGTON TOWNSHIP TRUSTEE MORGAN COUNTY","assetType":"Medical Expense","dataYear":"2018","assetId":"922782","subcategory":"Public Assistance","detail":"https://classic.savi.org/SAVI/PopUps/AssetMoreInfo.aspx?AssetID=922782"}},{"type":"Feature","geometry":{"type":"Point","coordinates":[-86.99324931,39.5106066]},"properties":{"name":"WASHINGTON TOWNSHIP TRUSTEE PUTNAM COUNTY","assetType":"Medical Expense","dataYear":"2018","assetId":"920777","subcategory":"Public Assistance","detail":"https://classic.savi.org/SAVI/PopUps/AssetMoreInfo.aspx?AssetID=920777"}},{"type":"Feature","geometry":{"type":"Point","coordinates":[-86.99324931,39.5106066]},"properties":{"name":"WASHINGTON TOWNSHIP TRUSTEE PUTNAM COUNTY","assetType":"Medical Expense","dataYear":"2018","assetId":"920773","subcategory":"Public Assistance","detail":"https://classic.savi.org/SAVI/PopUps/AssetMoreInfo.aspx?AssetID=920773"}},{"type":"Feature","geometry":{"type":"Point","coordinates":[-86.99324931,39.5106066]},"properties":{"name":"WASHINGTON TOWNSHIP TRUSTEE PUTNAM COUNTY","assetType":"Medical Expense","dataYear":"2018","assetId":"920774","subcategory":"Public Assistance","detail":"https://classic.savi.org/SAVI/PopUps/AssetMoreInfo.aspx?AssetID=920774"}},{"type":"Feature","geometry":{"type":"Point","coordinates":[-85.827034,39.40805555]},"properties":{"name":"WASHINGTON TOWNSHIP TRUSTEE SHELBY COUNTY","assetType":"Medical Expense","dataYear":"2018","assetId":"922766","subcategory":"Public Assistance","detail":"https://classic.savi.org/SAVI/PopUps/AssetMoreInfo.aspx?AssetID=922766"}},{"type":"Feature","geometry":{"type":"Point","coordinates":[-85.827034,39.40805555]},"properties":{"name":"WASHINGTON TOWNSHIP TRUSTEE SHELBY COUNTY","assetType":"Medical Expense","dataYear":"2018","assetId":"922767","subcategory":"Public Assistance","detail":"https://classic.savi.org/SAVI/PopUps/AssetMoreInfo.aspx?AssetID=922767"}},{"type":"Feature","geometry":{"type":"Point","coordinates":[-85.827034,39.40805555]},"properties":{"name":"WASHINGTON TOWNSHIP TRUSTEE SHELBY COUNTY","assetType":"Medical Expense","dataYear":"2018","assetId":"922765","subcategory":"Public Assistance","detail":"https://classic.savi.org/SAVI/PopUps/AssetMoreInfo.aspx?AssetID=922765"}},{"type":"Feature","geometry":{"type":"Point","coordinates":[-85.93821887,40.05050669]},"properties":{"name":"WAYNE TOWNSHIP TRUSTEE HAMILTON COUNTY","assetType":"Medical Expense","dataYear":"2018","assetId":"922749","subcategory":"Public Assistance","detail":"https://classic.savi.org/SAVI/PopUps/AssetMoreInfo.aspx?AssetID=922749"}},{"type":"Feature","geometry":{"type":"Point","coordinates":[-85.93821887,40.05050669]},"properties":{"name":"WAYNE TOWNSHIP TRUSTEE HAMILTON COUNTY","assetType":"Medical Expense","dataYear":"2018","assetId":"922748","subcategory":"Public Assistance","detail":"https://classic.savi.org/SAVI/PopUps/AssetMoreInfo.aspx?AssetID=922748"}},{"type":"Feature","geometry":{"type":"Point","coordinates":[-85.93821887,40.05050669]},"properties":{"name":"WAYNE TOWNSHIP TRUSTEE HAMILTON COUNTY","assetType":"Medical Expense","dataYear":"2018","assetId":"922750","subcategory":"Public Assistance","detail":"https://classic.savi.org/SAVI/PopUps/AssetMoreInfo.aspx?AssetID=922750"}},{"type":"Feature","geometry":{"type":"Point","coordinates":[-85.94058855,40.16133247]},"properties":{"name":"WHITE RIVER TOWNSHIP TRUSTEE HAMILTON COUNTY","assetType":"Medical Expense","dataYear":"2018","assetId":"922712","subcategory":"Public Assistance","detail":"https://classic.savi.org/SAVI/PopUps/AssetMoreInfo.aspx?AssetID=922712"}},{"type":"Feature","geometry":{"type":"Point","coordinates":[-85.94058855,40.16133247]},"properties":{"name":"WHITE RIVER TOWNSHIP TRUSTEE HAMILTON COUNTY","assetType":"Medical Expense","dataYear":"2018","assetId":"922713","subcategory":"Public Assistance","detail":"https://classic.savi.org/SAVI/PopUps/AssetMoreInfo.aspx?AssetID=922713"}},{"type":"Feature","geometry":{"type":"Point","coordinates":[-85.94058855,40.16133247]},"properties":{"name":"WHITE RIVER TOWNSHIP TRUSTEE HAMILTON COUNTY","assetType":"Medical Expense","dataYear":"2018","assetId":"922711","subcategory":"Public Assistance","detail":"https://classic.savi.org/SAVI/PopUps/AssetMoreInfo.aspx?AssetID=922711"}},{"type":"Feature","geometry":{"type":"Point","coordinates":[-86.19677766,39.57247862]},"properties":{"name":"WHITE RIVER TOWNSHIP TRUSTEE JOHNSON COUNTY","assetType":"Medical Expense","dataYear":"2018","assetId":"922697","subcategory":"Public Assistance","detail":"https://classic.savi.org/SAVI/PopUps/AssetMoreInfo.aspx?AssetID=922697"}},{"type":"Feature","geometry":{"type":"Point","coordinates":[-86.19677766,39.57247862]},"properties":{"name":"WHITE RIVER TOWNSHIP TRUSTEE JOHNSON COUNTY","assetType":"Medical Expense","dataYear":"2018","assetId":"922698","subcategory":"Public Assistance","detail":"https://classic.savi.org/SAVI/PopUps/AssetMoreInfo.aspx?AssetID=922698"}},{"type":"Feature","geometry":{"type":"Point","coordinates":[-86.19677766,39.57247862]},"properties":{"name":"WHITE RIVER TOWNSHIP TRUSTEE JOHNSON COUNTY","assetType":"Medical Expense","dataYear":"2018","assetId":"922699","subcategory":"Public Assistance","detail":"https://classic.savi.org/SAVI/PopUps/AssetMoreInfo.aspx?AssetID=922699"}},{"type":"Feature","geometry":{"type":"Point","coordinates":[-86.47344118,40.07674531]},"properties":{"name":"WITHAM HEALTH SERVICES","assetType":"Medical Expense","dataYear":"2018","assetId":"922484","subcategory":"Public Assistance","detail":"https://classic.savi.org/SAVI/PopUps/AssetMoreInfo.aspx?AssetID=922484"}},{"type":"Feature","geometry":{"type":"Point","coordinates":[-86.47344118,40.07674531]},"properties":{"name":"WITHAM HEALTH SERVICES","assetType":"Medical Expense","dataYear":"2018","assetId":"922483","subcategory":"Public Assistance","detail":"https://classic.savi.org/SAVI/PopUps/AssetMoreInfo.aspx?AssetID=922483"}},{"type":"Feature","geometry":{"type":"Point","coordinates":[-86.27492318,39.95141992]},"properties":{"name":"ZIONSVILLE PUBLIC ASSISTANCE OFFICE","assetType":"Medical Expense","dataYear":"2018","assetId":"921143","subcategory":"Public Assistance","detail":"https://classic.savi.org/SAVI/PopUps/AssetMoreInfo.aspx?AssetID=921143"}},{"type":"Feature","geometry":{"type":"Point","coordinates":[-86.27492318,39.95141992]},"properties":{"name":"ZIONSVILLE PUBLIC ASSISTANCE OFFICE","assetType":"Medical Expense","dataYear":"2018","assetId":"921210","subcategory":"Public Assistance","detail":"https://classic.savi.org/SAVI/PopUps/AssetMoreInfo.aspx?AssetID=921210"}},{"type":"Feature","geometry":{"type":"Point","coordinates":[-86.27492318,39.95141992]},"properties":{"name":"ZIONSVILLE PUBLIC ASSISTANCE OFFICE","assetType":"Medical Expense","dataYear":"2018","assetId":"921366","subcategory":"Public Assistance","detail":"https://classic.savi.org/SAVI/PopUps/AssetMoreInfo.aspx?AssetID=921366"}},{"type":"Feature","geometry":{"type":"Point","coordinates":[-86.22043078,40.1369393]},"properties":{"name":"ADAMS TOWNSHIP TRUSTEE HAMILTON COUNTY","assetType":"Other Utility Bill Payment Assistance","dataYear":"2018","assetId":"918480","subcategory":"Public Assistance","detail":"https://classic.savi.org/SAVI/PopUps/AssetMoreInfo.aspx?AssetID=918480"}},{"type":"Feature","geometry":{"type":"Point","coordinates":[-85.65404433,39.99248624]},"properties":{"name":"ADAMS TOWNSHIP TRUSTEE MADISON COUNTY","assetType":"Other Utility Bill Payment Assistance","dataYear":"2018","assetId":"920686","subcategory":"Public Assistance","detail":"https://classic.savi.org/SAVI/PopUps/AssetMoreInfo.aspx?AssetID=920686"}},{"type":"Feature","geometry":{"type":"Point","coordinates":[-86.58560197,39.52107037]},"properties":{"name":"ADAMS TOWNSHIP TRUSTEE MORGAN COUNTY","assetType":"Other Utility Bill Payment Assistance","dataYear":"2018","assetId":"918248","subcategory":"Public Assistance","detail":"https://classic.savi.org/SAVI/PopUps/AssetMoreInfo.aspx?AssetID=918248"}},{"type":"Feature","geometry":{"type":"Point","coordinates":[-85.774411,39.51964958]},"properties":{"name":"ADDISON TOWNSHIP TRUSTEE SHELBY COUNTY","assetType":"Other Utility Bill Payment Assistance","dataYear":"2018","assetId":"920023","subcategory":"Public Assistance","detail":"https://classic.savi.org/SAVI/PopUps/AssetMoreInfo.aspx?AssetID=920023"}},{"type":"Feature","geometry":{"type":"Point","coordinates":[-85.69186383,40.0876172]},"properties":{"name":"ANDERSON TOWNSHIP TRUSTEE MADISON COUNTY","assetType":"Other Utility Bill Payment Assistance","dataYear":"2018","assetId":"920676","subcategory":"Public Assistance","detail":"https://classic.savi.org/SAVI/PopUps/AssetMoreInfo.aspx?AssetID=920676"}},{"type":"Feature","geometry":{"type":"Point","coordinates":[-86.59015368,39.46594941]},"properties":{"name":"ASHLAND TOWNSHIP TRUSTEE MORGAN COUNTY","assetType":"Other Utility Bill Payment Assistance","dataYear":"2018","assetId":"918041","subcategory":"Public Assistance","detail":"https://classic.savi.org/SAVI/PopUps/AssetMoreInfo.aspx?AssetID=918041"}},{"type":"Feature","geometry":{"type":"Point","coordinates":[-86.53976457,39.36099715]},"properties":{"name":"BAKER TOWNSHIP TRUSTEE MORGAN COUNTY","assetType":"Other Utility Bill Payment Assistance","dataYear":"2018","assetId":"917860","subcategory":"Public Assistance","detail":"https://classic.savi.org/SAVI/PopUps/AssetMoreInfo.aspx?AssetID=917860"}},{"type":"Feature","geometry":{"type":"Point","coordinates":[-85.67692841,39.77189764]},"properties":{"name":"BLUE RIVER TOWNSHIP TRUSTEE HANCOCK COUNTY","assetType":"Other Utility Bill Payment Assistance","dataYear":"2018","assetId":"922535","subcategory":"Public Assistance","detail":"https://classic.savi.org/SAVI/PopUps/AssetMoreInfo.aspx?AssetID=922535"}},{"type":"Feature","geometry":{"type":"Point","coordinates":[-85.96678325,39.35439477]},"properties":{"name":"BLUE RIVER TOWNSHIP TRUSTEE JOHNSON COUNTY","assetType":"Other Utility Bill Payment Assistance","dataYear":"2018","assetId":"922378","subcategory":"Public Assistance","detail":"https://classic.savi.org/SAVI/PopUps/AssetMoreInfo.aspx?AssetID=922378"}},{"type":"Feature","geometry":{"type":"Point","coordinates":[-85.74290931,40.37568005]},"properties":{"name":"BOONE TOWNSHIP TRUSTEE MADISON COUNTY","assetType":"Other Utility Bill Payment Assistance","dataYear":"2018","assetId":"920385","subcategory":"Public Assistance","detail":"https://classic.savi.org/SAVI/PopUps/AssetMoreInfo.aspx?AssetID=920385"}},{"type":"Feature","geometry":{"type":"Point","coordinates":[-86.24715136,39.20340501]},"properties":{"name":"BROWN COUNTY COMMUNITY CLOSET","assetType":"Other Utility Bill Payment Assistance","dataYear":"2018","assetId":"917066","subcategory":"Public Assistance","detail":"https://classic.savi.org/SAVI/PopUps/AssetMoreInfo.aspx?AssetID=917066"}},{"type":"Feature","geometry":{"type":"Point","coordinates":[-86.39294095,39.90907004]},"properties":{"name":"BROWN TOWNSHIP TRUSTEE HENDRICKS COUNTY","assetType":"Other Utility Bill Payment Assistance","dataYear":"2018","assetId":"917939","subcategory":"Public Assistance","detail":"https://classic.savi.org/SAVI/PopUps/AssetMoreInfo.aspx?AssetID=917939"}},{"type":"Feature","geometry":{"type":"Point","coordinates":[-86.36192889,39.6195823]},"properties":{"name":"BROWN TOWNSHIP TRUSTEE MORGAN COUNTY","assetType":"Other Utility Bill Payment Assistance","dataYear":"2018","assetId":"917999","subcategory":"Public Assistance","detail":"https://classic.savi.org/SAVI/PopUps/AssetMoreInfo.aspx?AssetID=917999"}},{"type":"Feature","geometry":{"type":"Point","coordinates":[-86.39744444,39.84408263]},"properties":{"name":"BROWNSBURG POLICE DEPARTMENT","assetType":"Other Utility Bill Payment Assistance","dataYear":"2018","assetId":"922211","subcategory":"Public Assistance","detail":"https://classic.savi.org/SAVI/PopUps/AssetMoreInfo.aspx?AssetID=922211"}},{"type":"Feature","geometry":{"type":"Point","coordinates":[-85.90476499,39.84593559]},"properties":{"name":"BUCK CREEK TOWNSHIP TRUSTEE HANCOCK COUNTY","assetType":"Other Utility Bill Payment Assistance","dataYear":"2018","assetId":"917716","subcategory":"Public Assistance","detail":"https://classic.savi.org/SAVI/PopUps/AssetMoreInfo.aspx?AssetID=917716"}},{"type":"Feature","geometry":{"type":"Point","coordinates":[-86.15913237,39.78656668]},"properties":{"name":"CATHOLIC CHARITIES CRISIS OFFICE","assetType":"Other Utility Bill Payment Assistance","dataYear":"2018","assetId":"922541","subcategory":"Public Assistance","detail":"https://classic.savi.org/SAVI/PopUps/AssetMoreInfo.aspx?AssetID=922541"}},{"type":"Feature","geometry":{"type":"Point","coordinates":[-86.47085009,40.05665059]},"properties":{"name":"CENTER TOWNSHIP TRUSTEE BOONE COUNTY","assetType":"Other Utility Bill Payment Assistance","dataYear":"2018","assetId":"922401","subcategory":"Public Assistance","detail":"https://classic.savi.org/SAVI/PopUps/AssetMoreInfo.aspx?AssetID=922401"}},{"type":"Feature","geometry":{"type":"Point","coordinates":[-85.77210611,39.80356082]},"properties":{"name":"CENTER TOWNSHIP TRUSTEE HANCOCK COUNTY","assetType":"Other Utility Bill Payment Assistance","dataYear":"2018","assetId":"922479","subcategory":"Public Assistance","detail":"https://classic.savi.org/SAVI/PopUps/AssetMoreInfo.aspx?AssetID=922479"}},{"type":"Feature","geometry":{"type":"Point","coordinates":[-86.52411116,39.75972715]},"properties":{"name":"CENTER TOWNSHIP TRUSTEE HENDRICKS COUNTY","assetType":"Other Utility Bill Payment Assistance","dataYear":"2018","assetId":"922423","subcategory":"Public Assistance","detail":"https://classic.savi.org/SAVI/PopUps/AssetMoreInfo.aspx?AssetID=922423"}},{"type":"Feature","geometry":{"type":"Point","coordinates":[-86.14313087,39.7788428]},"properties":{"name":"CENTER TOWNSHIP TRUSTEE MARION COUNTY","assetType":"Other Utility Bill Payment Assistance","dataYear":"2018","assetId":"922358","subcategory":"Public Assistance","detail":"https://classic.savi.org/SAVI/PopUps/AssetMoreInfo.aspx?AssetID=922358"}},{"type":"Feature","geometry":{"type":"Point","coordinates":[-86.15725157,39.7687778]},"properties":{"name":"CHRIST CHURCH CATHEDRAL","assetType":"Other Utility Bill Payment Assistance","dataYear":"2018","assetId":"922287","subcategory":"Public Assistance","detail":"https://classic.savi.org/SAVI/PopUps/AssetMoreInfo.aspx?AssetID=922287"}},{"type":"Feature","geometry":{"type":"Point","coordinates":[-86.37452847,39.61209216]},"properties":{"name":"CHURCHES IN MISSION","assetType":"Other Utility Bill Payment Assistance","dataYear":"2018","assetId":"921975","subcategory":"Public Assistance","detail":"https://classic.savi.org/SAVI/PopUps/AssetMoreInfo.aspx?AssetID=921975"}},{"type":"Feature","geometry":{"type":"Point","coordinates":[-86.42953447,39.42907823]},"properties":{"name":"CHURCHES IN MISSION - MARTINSVILLE","assetType":"Other Utility Bill Payment Assistance","dataYear":"2018","assetId":"921673","subcategory":"Public Assistance","detail":"https://classic.savi.org/SAVI/PopUps/AssetMoreInfo.aspx?AssetID=921673"}},{"type":"Feature","geometry":{"type":"Point","coordinates":[-86.15813853,39.79396417]},"properties":{"name":"CITIZENS ENERGY GROUP","assetType":"Other Utility Bill Payment Assistance","dataYear":"2018","assetId":"921645","subcategory":"Public Assistance","detail":"https://classic.savi.org/SAVI/PopUps/AssetMoreInfo.aspx?AssetID=921645"}},{"type":"Feature","geometry":{"type":"Point","coordinates":[-86.15813853,39.79396417]},"properties":{"name":"CITIZENS ENERGY GROUP","assetType":"Other Utility Bill Payment Assistance","dataYear":"2018","assetId":"921583","subcategory":"Public Assistance","detail":"https://classic.savi.org/SAVI/PopUps/AssetMoreInfo.aspx?AssetID=921583"}},{"type":"Feature","geometry":{"type":"Point","coordinates":[-85.98146777,39.61091717]},"properties":{"name":"CLARK TOWNSHIP TRUSTEE JOHNSON COUNTY","assetType":"Other Utility Bill Payment Assistance","dataYear":"2018","assetId":"921565","subcategory":"Public Assistance","detail":"https://classic.savi.org/SAVI/PopUps/AssetMoreInfo.aspx?AssetID=921565"}},{"type":"Feature","geometry":{"type":"Point","coordinates":[-86.14561577,39.94343504]},"properties":{"name":"CLAY TOWNSHIP TRUSTEE HAMILTON COUNTY","assetType":"Other Utility Bill Payment Assistance","dataYear":"2018","assetId":"921736","subcategory":"Public Assistance","detail":"https://classic.savi.org/SAVI/PopUps/AssetMoreInfo.aspx?AssetID=921736"}},{"type":"Feature","geometry":{"type":"Point","coordinates":[-86.3590723,39.51288294]},"properties":{"name":"CLAY TOWNSHIP TRUSTEE MORGAN COUNTY","assetType":"Other Utility Bill Payment Assistance","dataYear":"2018","assetId":"921631","subcategory":"Public Assistance","detail":"https://classic.savi.org/SAVI/PopUps/AssetMoreInfo.aspx?AssetID=921631"}},{"type":"Feature","geometry":{"type":"Point","coordinates":[-86.42274444,40.12257272]},"properties":{"name":"CLINTON TOWNSHIP TRUSTEE BOONE COUNTY","assetType":"Other Utility Bill Payment Assistance","dataYear":"2018","assetId":"921780","subcategory":"Public Assistance","detail":"https://classic.savi.org/SAVI/PopUps/AssetMoreInfo.aspx?AssetID=921780"}},{"type":"Feature","geometry":{"type":"Point","coordinates":[-86.95747213,39.73385877]},"properties":{"name":"CLINTON TOWNSHIP TRUSTEE PUTNAM COUNTY","assetType":"Other Utility Bill Payment Assistance","dataYear":"2018","assetId":"920876","subcategory":"Public Assistance","detail":"https://classic.savi.org/SAVI/PopUps/AssetMoreInfo.aspx?AssetID=920876"}},{"type":"Feature","geometry":{"type":"Point","coordinates":[-86.79275698,39.51380749]},"properties":{"name":"CLOVERDALE TOWNSHIP TRUSTEE PUTNAM COUNTY","assetType":"Other Utility Bill Payment Assistance","dataYear":"2018","assetId":"920865","subcategory":"Public Assistance","detail":"https://classic.savi.org/SAVI/PopUps/AssetMoreInfo.aspx?AssetID=920865"}},{"type":"Feature","geometry":{"type":"Point","coordinates":[-86.27005454,39.68567771]},"properties":{"name":"DECATUR TOWNSHIP TRUSTEE MARION COUNTY","assetType":"Other Utility Bill Payment Assistance","dataYear":"2018","assetId":"919776","subcategory":"Public Assistance","detail":"https://classic.savi.org/SAVI/PopUps/AssetMoreInfo.aspx?AssetID=919776"}},{"type":"Feature","geometry":{"type":"Point","coordinates":[-86.00936241,39.97911534]},"properties":{"name":"DELAWARE TOWNSHIP TRUSTEE HAMILTON COUNTY","assetType":"Other Utility Bill Payment Assistance","dataYear":"2018","assetId":"919600","subcategory":"Public Assistance","detail":"https://classic.savi.org/SAVI/PopUps/AssetMoreInfo.aspx?AssetID=919600"}},{"type":"Feature","geometry":{"type":"Point","coordinates":[-85.81359755,40.30680295]},"properties":{"name":"DUCK CREEK TOWNSHIP TRUSTEE MADISON COUNTY","assetType":"Other Utility Bill Payment Assistance","dataYear":"2018","assetId":"920375","subcategory":"Public Assistance","detail":"https://classic.savi.org/SAVI/PopUps/AssetMoreInfo.aspx?AssetID=920375"}},{"type":"Feature","geometry":{"type":"Point","coordinates":[-86.60917955,39.85579118]},"properties":{"name":"EEL RIVER TOWNSHIP TRUSTEE HENDRICKS COUNTY","assetType":"Other Utility Bill Payment Assistance","dataYear":"2018","assetId":"919584","subcategory":"Public Assistance","detail":"https://classic.savi.org/SAVI/PopUps/AssetMoreInfo.aspx?AssetID=919584"}},{"type":"Feature","geometry":{"type":"Point","coordinates":[-85.9427756,39.95733092]},"properties":{"name":"FALL CREEK TOWNSHIP TRUSTEE HAMILTON COUNTY","assetType":"Other Utility Bill Payment Assistance","dataYear":"2018","assetId":"919572","subcategory":"Public Assistance","detail":"https://classic.savi.org/SAVI/PopUps/AssetMoreInfo.aspx?AssetID=919572"}},{"type":"Feature","geometry":{"type":"Point","coordinates":[-85.74535234,40.002336]},"properties":{"name":"FALL CREEK TOWNSHIP TRUSTEE MADISON COUNTY","assetType":"Other Utility Bill Payment Assistance","dataYear":"2018","assetId":"920669","subcategory":"Public Assistance","detail":"https://classic.savi.org/SAVI/PopUps/AssetMoreInfo.aspx?AssetID=920669"}},{"type":"Feature","geometry":{"type":"Point","coordinates":[-86.17027103,39.80159246]},"properties":{"name":"FLANNER HOUSE OF INDIANAPOLIS","assetType":"Other Utility Bill Payment Assistance","dataYear":"2018","assetId":"919414","subcategory":"Public Assistance","detail":"https://classic.savi.org/SAVI/PopUps/AssetMoreInfo.aspx?AssetID=919414"}},{"type":"Feature","geometry":{"type":"Point","coordinates":[-86.74851429,39.76137225]},"properties":{"name":"FLOYD TOWNSHIP TRUSTEE PUTNAM COUNTY","assetType":"Other Utility Bill Payment Assistance","dataYear":"2018","assetId":"921096","subcategory":"Public Assistance","detail":"https://classic.savi.org/SAVI/PopUps/AssetMoreInfo.aspx?AssetID=921096"}},{"type":"Feature","geometry":{"type":"Point","coordinates":[-86.59336074,39.63094378]},"properties":{"name":"FRANKLIN TOWNSHIP TRUSTEE HENDRICKS COUNTY","assetType":"Other Utility Bill Payment Assistance","dataYear":"2018","assetId":"919330","subcategory":"Public Assistance","detail":"https://classic.savi.org/SAVI/PopUps/AssetMoreInfo.aspx?AssetID=919330"}},{"type":"Feature","geometry":{"type":"Point","coordinates":[-86.06344638,39.49333622]},"properties":{"name":"FRANKLIN TOWNSHIP TRUSTEE JOHNSON COUNTY","assetType":"Other Utility Bill Payment Assistance","dataYear":"2018","assetId":"919112","subcategory":"Public Assistance","detail":"https://classic.savi.org/SAVI/PopUps/AssetMoreInfo.aspx?AssetID=919112"}},{"type":"Feature","geometry":{"type":"Point","coordinates":[-86.06339326,39.67761024]},"properties":{"name":"FRANKLIN TOWNSHIP TRUSTEE MARION COUNTY","assetType":"Other Utility Bill Payment Assistance","dataYear":"2018","assetId":"919363","subcategory":"Public Assistance","detail":"https://classic.savi.org/SAVI/PopUps/AssetMoreInfo.aspx?AssetID=919363"}},{"type":"Feature","geometry":{"type":"Point","coordinates":[-86.85209404,39.78100438]},"properties":{"name":"FRANKLIN TOWNSHIP TRUSTEE PUTNAM COUNTY","assetType":"Other Utility Bill Payment Assistance","dataYear":"2018","assetId":"921086","subcategory":"Public Assistance","detail":"https://classic.savi.org/SAVI/PopUps/AssetMoreInfo.aspx?AssetID=921086"}},{"type":"Feature","geometry":{"type":"Point","coordinates":[-85.7056509,39.87256909]},"properties":{"name":"GREEN TOWNSHIP TRUSTEE HANCOCK COUNTY","assetType":"Other Utility Bill Payment Assistance","dataYear":"2018","assetId":"918784","subcategory":"Public Assistance","detail":"https://classic.savi.org/SAVI/PopUps/AssetMoreInfo.aspx?AssetID=918784"}},{"type":"Feature","geometry":{"type":"Point","coordinates":[-85.80616994,39.95697613]},"properties":{"name":"GREEN TOWNSHIP TRUSTEE MADISON COUNTY","assetType":"Other Utility Bill Payment Assistance","dataYear":"2018","assetId":"920726","subcategory":"Public Assistance","detail":"https://classic.savi.org/SAVI/PopUps/AssetMoreInfo.aspx?AssetID=920726"}},{"type":"Feature","geometry":{"type":"Point","coordinates":[-86.33770312,39.45087194]},"properties":{"name":"GREEN TOWNSHIP TRUSTEE MORGAN COUNTY","assetType":"Other Utility Bill Payment Assistance","dataYear":"2018","assetId":"918770","subcategory":"Public Assistance","detail":"https://classic.savi.org/SAVI/PopUps/AssetMoreInfo.aspx?AssetID=918770"}},{"type":"Feature","geometry":{"type":"Point","coordinates":[-86.85343139,39.63713965]},"properties":{"name":"GREENCASTLE TOWNSHIP TRUSTEE PUTNAM COUNTY","assetType":"Other Utility Bill Payment Assistance","dataYear":"2018","assetId":"920858","subcategory":"Public Assistance","detail":"https://classic.savi.org/SAVI/PopUps/AssetMoreInfo.aspx?AssetID=920858"}},{"type":"Feature","geometry":{"type":"Point","coordinates":[-86.39099182,39.68236612]},"properties":{"name":"GUILFORD TOWNSHIP TRUSTEE HENDRICKS COUNTY","assetType":"Other Utility Bill Payment Assistance","dataYear":"2018","assetId":"918710","subcategory":"Public Assistance","detail":"https://classic.savi.org/SAVI/PopUps/AssetMoreInfo.aspx?AssetID=918710"}},{"type":"Feature","geometry":{"type":"Point","coordinates":[-86.11341411,39.31461451]},"properties":{"name":"HAMBLEN TOWNSHIP TRUSTEE BROWN COUNTY","assetType":"Other Utility Bill Payment Assistance","dataYear":"2018","assetId":"916970","subcategory":"Public Assistance","detail":"https://classic.savi.org/SAVI/PopUps/AssetMoreInfo.aspx?AssetID=916970"}},{"type":"Feature","geometry":{"type":"Point","coordinates":[-85.72113402,39.65080359]},"properties":{"name":"HANOVER TOWNSHIP TRUSTEE SHELBY COUNTY","assetType":"Other Utility Bill Payment Assistance","dataYear":"2018","assetId":"918464","subcategory":"Public Assistance","detail":"https://classic.savi.org/SAVI/PopUps/AssetMoreInfo.aspx?AssetID=918464"}},{"type":"Feature","geometry":{"type":"Point","coordinates":[-86.50821683,39.96447177]},"properties":{"name":"HARRISON TOWNSHIP TRUSTEE BOONE COUNTY","assetType":"Other Utility Bill Payment Assistance","dataYear":"2018","assetId":"918604","subcategory":"Public Assistance","detail":"https://classic.savi.org/SAVI/PopUps/AssetMoreInfo.aspx?AssetID=918604"}},{"type":"Feature","geometry":{"type":"Point","coordinates":[-86.27492948,39.52680434]},"properties":{"name":"HARRISON TOWNSHIP TRUSTEE MORGAN COUNTY","assetType":"Other Utility Bill Payment Assistance","dataYear":"2018","assetId":"918388","subcategory":"Public Assistance","detail":"https://classic.savi.org/SAVI/PopUps/AssetMoreInfo.aspx?AssetID=918388"}},{"type":"Feature","geometry":{"type":"Point","coordinates":[-86.20166779,39.76743222]},"properties":{"name":"HAWTHORNE COMMUNITY CENTER","assetType":"Other Utility Bill Payment Assistance","dataYear":"2018","assetId":"918374","subcategory":"Public Assistance","detail":"https://classic.savi.org/SAVI/PopUps/AssetMoreInfo.aspx?AssetID=918374"}},{"type":"Feature","geometry":{"type":"Point","coordinates":[-85.93951506,39.43988051]},"properties":{"name":"HENDRICKS TOWNSHIP TRUSTEE SHELBY COUNTY","assetType":"Other Utility Bill Payment Assistance","dataYear":"2018","assetId":"918511","subcategory":"Public Assistance","detail":"https://classic.savi.org/SAVI/PopUps/AssetMoreInfo.aspx?AssetID=918511"}},{"type":"Feature","geometry":{"type":"Point","coordinates":[-86.18230398,39.38131195]},"properties":{"name":"HENSLEY TOWNSHIP TRUSTEE JOHNSON COUNTY","assetType":"Other Utility Bill Payment Assistance","dataYear":"2018","assetId":"918505","subcategory":"Public Assistance","detail":"https://classic.savi.org/SAVI/PopUps/AssetMoreInfo.aspx?AssetID=918505"}},{"type":"Feature","geometry":{"type":"Point","coordinates":[-86.58306293,39.9950641]},"properties":{"name":"JACKSON TOWNSHIP TRUSTEE BOONE COUNTY","assetType":"Other Utility Bill Payment Assistance","dataYear":"2018","assetId":"917993","subcategory":"Public Assistance","detail":"https://classic.savi.org/SAVI/PopUps/AssetMoreInfo.aspx?AssetID=917993"}},{"type":"Feature","geometry":{"type":"Point","coordinates":[-86.28781116,39.2495565]},"properties":{"name":"JACKSON TOWNSHIP TRUSTEE BROWN COUNTY","assetType":"Other Utility Bill Payment Assistance","dataYear":"2018","assetId":"916969","subcategory":"Public Assistance","detail":"https://classic.savi.org/SAVI/PopUps/AssetMoreInfo.aspx?AssetID=916969"}},{"type":"Feature","geometry":{"type":"Point","coordinates":[-86.02828584,40.17626673]},"properties":{"name":"JACKSON TOWNSHIP TRUSTEE HAMILTON COUNTY","assetType":"Other Utility Bill Payment Assistance","dataYear":"2018","assetId":"917920","subcategory":"Public Assistance","detail":"https://classic.savi.org/SAVI/PopUps/AssetMoreInfo.aspx?AssetID=917920"}},{"type":"Feature","geometry":{"type":"Point","coordinates":[-85.60301518,39.81597274]},"properties":{"name":"JACKSON TOWNSHIP TRUSTEE HANCOCK COUNTY","assetType":"Other Utility Bill Payment Assistance","dataYear":"2018","assetId":"917718","subcategory":"Public Assistance","detail":"https://classic.savi.org/SAVI/PopUps/AssetMoreInfo.aspx?AssetID=917718"}},{"type":"Feature","geometry":{"type":"Point","coordinates":[-85.8346258,40.13784922]},"properties":{"name":"JACKSON TOWNSHIP TRUSTEE MADISON COUNTY","assetType":"Other Utility Bill Payment Assistance","dataYear":"2018","assetId":"920366","subcategory":"Public Assistance","detail":"https://classic.savi.org/SAVI/PopUps/AssetMoreInfo.aspx?AssetID=920366"}},{"type":"Feature","geometry":{"type":"Point","coordinates":[-86.31296642,39.35202934]},"properties":{"name":"JACKSON TOWNSHIP TRUSTEE MORGAN COUNTY","assetType":"Other Utility Bill Payment Assistance","dataYear":"2018","assetId":"917843","subcategory":"Public Assistance","detail":"https://classic.savi.org/SAVI/PopUps/AssetMoreInfo.aspx?AssetID=917843"}},{"type":"Feature","geometry":{"type":"Point","coordinates":[-86.70608396,39.81985034]},"properties":{"name":"JACKSON TOWNSHIP TRUSTEE PUTNAM COUNTY","assetType":"Other Utility Bill Payment Assistance","dataYear":"2018","assetId":"920847","subcategory":"Public Assistance","detail":"https://classic.savi.org/SAVI/PopUps/AssetMoreInfo.aspx?AssetID=920847"}},{"type":"Feature","geometry":{"type":"Point","coordinates":[-86.62433374,40.02434205]},"properties":{"name":"JEFFERSON TOWNSHIP TRUSTEE BOONE COUNTY","assetType":"Other Utility Bill Payment Assistance","dataYear":"2018","assetId":"917682","subcategory":"Public Assistance","detail":"https://classic.savi.org/SAVI/PopUps/AssetMoreInfo.aspx?AssetID=917682"}},{"type":"Feature","geometry":{"type":"Point","coordinates":[-86.49324278,39.41198592]},"properties":{"name":"JEFFERSON TOWNSHIP TRUSTEE MORGAN COUNTY","assetType":"Other Utility Bill Payment Assistance","dataYear":"2018","assetId":"917544","subcategory":"Public Assistance","detail":"https://classic.savi.org/SAVI/PopUps/AssetMoreInfo.aspx?AssetID=917544"}},{"type":"Feature","geometry":{"type":"Point","coordinates":[-86.70185497,39.57054813]},"properties":{"name":"JEFFERSON TOWNSHIP TRUSTEE PUTNAM COUNTY","assetType":"Other Utility Bill Payment Assistance","dataYear":"2018","assetId":"920995","subcategory":"Public Assistance","detail":"https://classic.savi.org/SAVI/PopUps/AssetMoreInfo.aspx?AssetID=920995"}},{"type":"Feature","geometry":{"type":"Point","coordinates":[-86.525004,39.61456226]},"properties":{"name":"LIBERTY TOWNSHIP TRUSTEE HENDRICKS COUNTY","assetType":"Other Utility Bill Payment Assistance","dataYear":"2018","assetId":"922034","subcategory":"Public Assistance","detail":"https://classic.savi.org/SAVI/PopUps/AssetMoreInfo.aspx?AssetID=922034"}},{"type":"Feature","geometry":{"type":"Point","coordinates":[-85.63663898,39.48364154]},"properties":{"name":"LIBERTY TOWNSHIP TRUSTEE SHELBY COUNTY","assetType":"Other Utility Bill Payment Assistance","dataYear":"2018","assetId":"922186","subcategory":"Public Assistance","detail":"https://classic.savi.org/SAVI/PopUps/AssetMoreInfo.aspx?AssetID=922186"}},{"type":"Feature","geometry":{"type":"Point","coordinates":[-86.39673959,39.84266459]},"properties":{"name":"LINCOLN TOWNSHIP TRUSTEE HENDRICKS COUNTY","assetType":"Other Utility Bill Payment Assistance","dataYear":"2018","assetId":"921924","subcategory":"Public Assistance","detail":"https://classic.savi.org/SAVI/PopUps/AssetMoreInfo.aspx?AssetID=921924"}},{"type":"Feature","geometry":{"type":"Point","coordinates":[-86.29689292,39.61795335]},"properties":{"name":"MADISON TOWNSHIP TRUSTEE MORGAN COUNTY","assetType":"Other Utility Bill Payment Assistance","dataYear":"2018","assetId":"921579","subcategory":"Public Assistance","detail":"https://classic.savi.org/SAVI/PopUps/AssetMoreInfo.aspx?AssetID=921579"}},{"type":"Feature","geometry":{"type":"Point","coordinates":[-86.99653205,39.67905323]},"properties":{"name":"MADISON TOWNSHIP TRUSTEE PUTNAM COUNTY","assetType":"Other Utility Bill Payment Assistance","dataYear":"2018","assetId":"921074","subcategory":"Public Assistance","detail":"https://classic.savi.org/SAVI/PopUps/AssetMoreInfo.aspx?AssetID=921074"}},{"type":"Feature","geometry":{"type":"Point","coordinates":[-86.66406574,39.77589127]},"properties":{"name":"MARION TOWNSHIP TRUSTEE HENDRICKS COUNTY","assetType":"Other Utility Bill Payment Assistance","dataYear":"2018","assetId":"920287","subcategory":"Public Assistance","detail":"https://classic.savi.org/SAVI/PopUps/AssetMoreInfo.aspx?AssetID=920287"}},{"type":"Feature","geometry":{"type":"Point","coordinates":[-86.79046198,39.65241794]},"properties":{"name":"MARION TOWNSHIP TRUSTEE PUTNAM COUNTY","assetType":"Other Utility Bill Payment Assistance","dataYear":"2018","assetId":"920835","subcategory":"Public Assistance","detail":"https://classic.savi.org/SAVI/PopUps/AssetMoreInfo.aspx?AssetID=920835"}},{"type":"Feature","geometry":{"type":"Point","coordinates":[-85.77666802,39.56499556]},"properties":{"name":"MARION TOWNSHIP TRUSTEE SHELBY COUNTY","assetType":"Other Utility Bill Payment Assistance","dataYear":"2018","assetId":"920410","subcategory":"Public Assistance","detail":"https://classic.savi.org/SAVI/PopUps/AssetMoreInfo.aspx?AssetID=920410"}},{"type":"Feature","geometry":{"type":"Point","coordinates":[-86.45852281,39.86146427]},"properties":{"name":"MIDDLE TOWNSHIP TRUSTEE HENDRICKS COUNTY","assetType":"Other Utility Bill Payment Assistance","dataYear":"2018","assetId":"919219","subcategory":"Public Assistance","detail":"https://classic.savi.org/SAVI/PopUps/AssetMoreInfo.aspx?AssetID=919219"}},{"type":"Feature","geometry":{"type":"Point","coordinates":[-85.67605191,40.26192931]},"properties":{"name":"MONROE TOWNSHIP TRUSTEE MADISON COUNTY","assetType":"Other Utility Bill Payment Assistance","dataYear":"2018","assetId":"920438","subcategory":"Public Assistance","detail":"https://classic.savi.org/SAVI/PopUps/AssetMoreInfo.aspx?AssetID=920438"}},{"type":"Feature","geometry":{"type":"Point","coordinates":[-86.54167184,39.57131861]},"properties":{"name":"MONROE TOWNSHIP TRUSTEE MORGAN COUNTY","assetType":"Other Utility Bill Payment Assistance","dataYear":"2018","assetId":"919370","subcategory":"Public Assistance","detail":"https://classic.savi.org/SAVI/PopUps/AssetMoreInfo.aspx?AssetID=919370"}},{"type":"Feature","geometry":{"type":"Point","coordinates":[-86.42752742,39.44129927]},"properties":{"name":"MORGAN COUNTY CONNECT","assetType":"Other Utility Bill Payment Assistance","dataYear":"2018","assetId":"921012","subcategory":"Public Assistance","detail":"https://classic.savi.org/SAVI/PopUps/AssetMoreInfo.aspx?AssetID=921012"}},{"type":"Feature","geometry":{"type":"Point","coordinates":[-85.63126795,39.43076653]},"properties":{"name":"NOBLE TOWNSHIP TRUSTEE SHELBY COUNTY","assetType":"Other Utility Bill Payment Assistance","dataYear":"2018","assetId":"918164","subcategory":"Public Assistance","detail":"https://classic.savi.org/SAVI/PopUps/AssetMoreInfo.aspx?AssetID=918164"}},{"type":"Feature","geometry":{"type":"Point","coordinates":[-86.00985432,40.03351339]},"properties":{"name":"NOBLESVILLE SOCIETY OF SAINT VINCENT DE PAUL","assetType":"Other Utility Bill Payment Assistance","dataYear":"2018","assetId":"921933","subcategory":"Public Assistance","detail":"https://classic.savi.org/SAVI/PopUps/AssetMoreInfo.aspx?AssetID=921933"}},{"type":"Feature","geometry":{"type":"Point","coordinates":[-86.0142319,40.04246142]},"properties":{"name":"NOBLESVILLE TOWNSHIP TRUSTEE HAMILTON COUNTY","assetType":"Other Utility Bill Payment Assistance","dataYear":"2018","assetId":"918192","subcategory":"Public Assistance","detail":"https://classic.savi.org/SAVI/PopUps/AssetMoreInfo.aspx?AssetID=918192"}},{"type":"Feature","geometry":{"type":"Point","coordinates":[-86.13853386,39.69444995]},"properties":{"name":"PERRY TOWNSHIP TRUSTEE MARION COUNTY","assetType":"Other Utility Bill Payment Assistance","dataYear":"2018","assetId":"917973","subcategory":"Public Assistance","detail":"https://classic.savi.org/SAVI/PopUps/AssetMoreInfo.aspx?AssetID=917973"}},{"type":"Feature","geometry":{"type":"Point","coordinates":[-86.26238428,39.85453838]},"properties":{"name":"PIKE TOWNSHIP TRUSTEE MARION COUNTY","assetType":"Other Utility Bill Payment Assistance","dataYear":"2018","assetId":"917698","subcategory":"Public Assistance","detail":"https://classic.savi.org/SAVI/PopUps/AssetMoreInfo.aspx?AssetID=917698"}},{"type":"Feature","geometry":{"type":"Point","coordinates":[-85.84206768,40.27559682]},"properties":{"name":"PIPE CREEK TOWNSHIP TRUSTEE MADISON COUNTY","assetType":"Other Utility Bill Payment Assistance","dataYear":"2018","assetId":"920569","subcategory":"Public Assistance","detail":"https://classic.savi.org/SAVI/PopUps/AssetMoreInfo.aspx?AssetID=920569"}},{"type":"Feature","geometry":{"type":"Point","coordinates":[-85.60831539,40.18993185]},"properties":{"name":"RICHLAND TOWNSHIP TRUSTEE MADISON COUNTY","assetType":"Other Utility Bill Payment Assistance","dataYear":"2018","assetId":"920437","subcategory":"Public Assistance","detail":"https://classic.savi.org/SAVI/PopUps/AssetMoreInfo.aspx?AssetID=920437"}},{"type":"Feature","geometry":{"type":"Point","coordinates":[-86.98121607,39.86149884]},"properties":{"name":"RUSSELL TOWNSHIP TRUSTEE PUTNAM COUNTY","assetType":"Other Utility Bill Payment Assistance","dataYear":"2018","assetId":"920976","subcategory":"Public Assistance","detail":"https://classic.savi.org/SAVI/PopUps/AssetMoreInfo.aspx?AssetID=920976"}},{"type":"Feature","geometry":{"type":"Point","coordinates":[-85.70694591,40.0905247]},"properties":{"name":"SAINT VINCENT DE PAUL OF ANDERSON","assetType":"Other Utility Bill Payment Assistance","dataYear":"2018","assetId":"920241","subcategory":"Public Assistance","detail":"https://classic.savi.org/SAVI/PopUps/AssetMoreInfo.aspx?AssetID=920241"}},{"type":"Feature","geometry":{"type":"Point","coordinates":[-86.10558351,39.60948257]},"properties":{"name":"SAINT VINCENT DE PAUL SOCIETY JOHNSON COUNTY","assetType":"Other Utility Bill Payment Assistance","dataYear":"2018","assetId":"917450","subcategory":"Public Assistance","detail":"https://classic.savi.org/SAVI/PopUps/AssetMoreInfo.aspx?AssetID=917450"}},{"type":"Feature","geometry":{"type":"Point","coordinates":[-86.24827151,39.20530328]},"properties":{"name":"SALVATION ARMY BROWN COUNTY","assetType":"Other Utility Bill Payment Assistance","dataYear":"2018","assetId":"916921","subcategory":"Public Assistance","detail":"https://classic.savi.org/SAVI/PopUps/AssetMoreInfo.aspx?AssetID=916921"}},{"type":"Feature","geometry":{"type":"Point","coordinates":[-86.27109654,39.83356218]},"properties":{"name":"SALVATION ARMY EAGLE CREEK CORPS","assetType":"Other Utility Bill Payment Assistance","dataYear":"2018","assetId":"921698","subcategory":"Public Assistance","detail":"https://classic.savi.org/SAVI/PopUps/AssetMoreInfo.aspx?AssetID=921698"}},{"type":"Feature","geometry":{"type":"Point","coordinates":[-85.77109564,39.78436652]},"properties":{"name":"SALVATION ARMY HANCOCK COUNTY","assetType":"Other Utility Bill Payment Assistance","dataYear":"2018","assetId":"919558","subcategory":"Public Assistance","detail":"https://classic.savi.org/SAVI/PopUps/AssetMoreInfo.aspx?AssetID=919558"}},{"type":"Feature","geometry":{"type":"Point","coordinates":[-86.1104956,39.61209097]},"properties":{"name":"SALVATION ARMY JOHNSON COUNTY","assetType":"Other Utility Bill Payment Assistance","dataYear":"2018","assetId":"918830","subcategory":"Public Assistance","detail":"https://classic.savi.org/SAVI/PopUps/AssetMoreInfo.aspx?AssetID=918830"}},{"type":"Feature","geometry":{"type":"Point","coordinates":[-85.77352899,39.52464758]},"properties":{"name":"SALVATION ARMY SHELBYVILLE","assetType":"Other Utility Bill Payment Assistance","dataYear":"2018","assetId":"917624","subcategory":"Public Assistance","detail":"https://classic.savi.org/SAVI/PopUps/AssetMoreInfo.aspx?AssetID=917624"}},{"type":"Feature","geometry":{"type":"Point","coordinates":[-85.73148601,39.45707656]},"properties":{"name":"SHELBY TOWNSHIP TRUSTEE SHELBY COUNTY","assetType":"Other Utility Bill Payment Assistance","dataYear":"2018","assetId":"917663","subcategory":"Public Assistance","detail":"https://classic.savi.org/SAVI/PopUps/AssetMoreInfo.aspx?AssetID=917663"}},{"type":"Feature","geometry":{"type":"Point","coordinates":[-85.84831659,40.06845181]},"properties":{"name":"STONY CREEK TOWNSHIP TRUSTEE MADISON COUNTY","assetType":"Other Utility Bill Payment Assistance","dataYear":"2018","assetId":"920427","subcategory":"Public Assistance","detail":"https://classic.savi.org/SAVI/PopUps/AssetMoreInfo.aspx?AssetID=920427"}},{"type":"Feature","geometry":{"type":"Point","coordinates":[-86.60970462,40.12974715]},"properties":{"name":"SUGAR CREEK TOWNSHIP TRUSTEE BOONE COUNTY","assetType":"Other Utility Bill Payment Assistance","dataYear":"2018","assetId":"917500","subcategory":"Public Assistance","detail":"https://classic.savi.org/SAVI/PopUps/AssetMoreInfo.aspx?AssetID=917500"}},{"type":"Feature","geometry":{"type":"Point","coordinates":[-85.91319152,39.73389397]},"properties":{"name":"SUGAR CREEK TOWNSHIP TRUSTEE HANCOCK COUNTY","assetType":"Other Utility Bill Payment Assistance","dataYear":"2018","assetId":"917369","subcategory":"Public Assistance","detail":"https://classic.savi.org/SAVI/PopUps/AssetMoreInfo.aspx?AssetID=917369"}},{"type":"Feature","geometry":{"type":"Point","coordinates":[-85.93068407,39.55049257]},"properties":{"name":"SUGAR CREEK TOWNSHIP TRUSTEE SHELBY COUNTY","assetType":"Other Utility Bill Payment Assistance","dataYear":"2018","assetId":"917269","subcategory":"Public Assistance","detail":"https://classic.savi.org/SAVI/PopUps/AssetMoreInfo.aspx?AssetID=917269"}},{"type":"Feature","geometry":{"type":"Point","coordinates":[-86.54314085,39.88469476]},"properties":{"name":"UNION TOWNSHIP TRUSTEE HENDRICKS COUNTY","assetType":"Other Utility Bill Payment Assistance","dataYear":"2018","assetId":"917144","subcategory":"Public Assistance","detail":"https://classic.savi.org/SAVI/PopUps/AssetMoreInfo.aspx?AssetID=917144"}},{"type":"Feature","geometry":{"type":"Point","coordinates":[-86.16447633,39.46193135]},"properties":{"name":"UNION TOWNSHIP TRUSTEE JOHNSON COUNTY","assetType":"Other Utility Bill Payment Assistance","dataYear":"2018","assetId":"917143","subcategory":"Public Assistance","detail":"https://classic.savi.org/SAVI/PopUps/AssetMoreInfo.aspx?AssetID=917143"}},{"type":"Feature","geometry":{"type":"Point","coordinates":[-85.62176391,40.1209244]},"properties":{"name":"UNION TOWNSHIP TRUSTEE MADISON COUNTY","assetType":"Other Utility Bill Payment Assistance","dataYear":"2018","assetId":"920021","subcategory":"Public Assistance","detail":"https://classic.savi.org/SAVI/PopUps/AssetMoreInfo.aspx?AssetID=920021"}},{"type":"Feature","geometry":{"type":"Point","coordinates":[-85.63724599,39.57183058]},"properties":{"name":"UNION TOWNSHIP TRUSTEE SHELBY COUNTY","assetType":"Other Utility Bill Payment Assistance","dataYear":"2018","assetId":"916940","subcategory":"Public Assistance","detail":"https://classic.savi.org/SAVI/PopUps/AssetMoreInfo.aspx?AssetID=916940"}},{"type":"Feature","geometry":{"type":"Point","coordinates":[-86.14347708,39.12668447]},"properties":{"name":"VAN BUREN TOWNSHIP TRUSTEE BROWN COUNTY","assetType":"Other Utility Bill Payment Assistance","dataYear":"2018","assetId":"917106","subcategory":"Public Assistance","detail":"https://classic.savi.org/SAVI/PopUps/AssetMoreInfo.aspx?AssetID=917106"}},{"type":"Feature","geometry":{"type":"Point","coordinates":[-85.74404601,39.66913659]},"properties":{"name":"VAN BUREN TOWNSHIP TRUSTEE SHELBY COUNTY","assetType":"Other Utility Bill Payment Assistance","dataYear":"2018","assetId":"922584","subcategory":"Public Assistance","detail":"https://classic.savi.org/SAVI/PopUps/AssetMoreInfo.aspx?AssetID=922584"}},{"type":"Feature","geometry":{"type":"Point","coordinates":[-85.85646521,39.92796225]},"properties":{"name":"VERNON TOWNSHIP TRUSTEE HANCOCK COUNTY","assetType":"Other Utility Bill Payment Assistance","dataYear":"2018","assetId":"922581","subcategory":"Public Assistance","detail":"https://classic.savi.org/SAVI/PopUps/AssetMoreInfo.aspx?AssetID=922581"}},{"type":"Feature","geometry":{"type":"Point","coordinates":[-86.81952471,39.59939565]},"properties":{"name":"WARREN TOWNSHIP TRUSTEE PUTNAM COUNTY","assetType":"Other Utility Bill Payment Assistance","dataYear":"2018","assetId":"920971","subcategory":"Public Assistance","detail":"https://classic.savi.org/SAVI/PopUps/AssetMoreInfo.aspx?AssetID=920971"}},{"type":"Feature","geometry":{"type":"Point","coordinates":[-86.56342846,40.13318676]},"properties":{"name":"WASHINGTON TOWNSHIP TRUSTEE BOONE COUNTY","assetType":"Other Utility Bill Payment Assistance","dataYear":"2018","assetId":"922546","subcategory":"Public Assistance","detail":"https://classic.savi.org/SAVI/PopUps/AssetMoreInfo.aspx?AssetID=922546"}},{"type":"Feature","geometry":{"type":"Point","coordinates":[-86.2437373,39.2064405]},"properties":{"name":"WASHINGTON TOWNSHIP TRUSTEE BROWN COUNTY","assetType":"Other Utility Bill Payment Assistance","dataYear":"2018","assetId":"917028","subcategory":"Public Assistance","detail":"https://classic.savi.org/SAVI/PopUps/AssetMoreInfo.aspx?AssetID=917028"}},{"type":"Feature","geometry":{"type":"Point","coordinates":[-86.13001059,40.00532333]},"properties":{"name":"WASHINGTON TOWNSHIP TRUSTEE HAMILTON COUNTY","assetType":"Other Utility Bill Payment Assistance","dataYear":"2018","assetId":"922817","subcategory":"Public Assistance","detail":"https://classic.savi.org/SAVI/PopUps/AssetMoreInfo.aspx?AssetID=922817"}},{"type":"Feature","geometry":{"type":"Point","coordinates":[-86.3866421,39.76133098]},"properties":{"name":"WASHINGTON TOWNSHIP TRUSTEE HENDRICKS COUNTY","assetType":"Other Utility Bill Payment Assistance","dataYear":"2018","assetId":"922801","subcategory":"Public Assistance","detail":"https://classic.savi.org/SAVI/PopUps/AssetMoreInfo.aspx?AssetID=922801"}},{"type":"Feature","geometry":{"type":"Point","coordinates":[-86.43058849,39.42760589]},"properties":{"name":"WASHINGTON TOWNSHIP TRUSTEE MORGAN COUNTY","assetType":"Other Utility Bill Payment Assistance","dataYear":"2018","assetId":"922779","subcategory":"Public Assistance","detail":"https://classic.savi.org/SAVI/PopUps/AssetMoreInfo.aspx?AssetID=922779"}},{"type":"Feature","geometry":{"type":"Point","coordinates":[-86.99324931,39.5106066]},"properties":{"name":"WASHINGTON TOWNSHIP TRUSTEE PUTNAM COUNTY","assetType":"Other Utility Bill Payment Assistance","dataYear":"2018","assetId":"920825","subcategory":"Public Assistance","detail":"https://classic.savi.org/SAVI/PopUps/AssetMoreInfo.aspx?AssetID=920825"}},{"type":"Feature","geometry":{"type":"Point","coordinates":[-85.827034,39.40805555]},"properties":{"name":"WASHINGTON TOWNSHIP TRUSTEE SHELBY COUNTY","assetType":"Other Utility Bill Payment Assistance","dataYear":"2018","assetId":"922768","subcategory":"Public Assistance","detail":"https://classic.savi.org/SAVI/PopUps/AssetMoreInfo.aspx?AssetID=922768"}},{"type":"Feature","geometry":{"type":"Point","coordinates":[-85.93821887,40.05050669]},"properties":{"name":"WAYNE TOWNSHIP TRUSTEE HAMILTON COUNTY","assetType":"Other Utility Bill Payment Assistance","dataYear":"2018","assetId":"922745","subcategory":"Public Assistance","detail":"https://classic.savi.org/SAVI/PopUps/AssetMoreInfo.aspx?AssetID=922745"}},{"type":"Feature","geometry":{"type":"Point","coordinates":[-85.94058855,40.16133247]},"properties":{"name":"WHITE RIVER TOWNSHIP TRUSTEE HAMILTON COUNTY","assetType":"Other Utility Bill Payment Assistance","dataYear":"2018","assetId":"922721","subcategory":"Public Assistance","detail":"https://classic.savi.org/SAVI/PopUps/AssetMoreInfo.aspx?AssetID=922721"}},{"type":"Feature","geometry":{"type":"Point","coordinates":[-86.19677766,39.57247862]},"properties":{"name":"WHITE RIVER TOWNSHIP TRUSTEE JOHNSON COUNTY","assetType":"Other Utility Bill Payment Assistance","dataYear":"2018","assetId":"922690","subcategory":"Public Assistance","detail":"https://classic.savi.org/SAVI/PopUps/AssetMoreInfo.aspx?AssetID=922690"}},{"type":"Feature","geometry":{"type":"Point","coordinates":[-86.2406724,39.95521267]},"properties":{"name":"ZIONSVILLE PRESBYTERIAN CHURCH","assetType":"Other Utility Bill Payment Assistance","dataYear":"2018","assetId":"921464","subcategory":"Public Assistance","detail":"https://classic.savi.org/SAVI/PopUps/AssetMoreInfo.aspx?AssetID=921464"}},{"type":"Feature","geometry":{"type":"Point","coordinates":[-86.27492318,39.95141992]},"properties":{"name":"ZIONSVILLE PUBLIC ASSISTANCE OFFICE","assetType":"Other Utility Bill Payment Assistance","dataYear":"2018","assetId":"921305","subcategory":"Public Assistance","detail":"https://classic.savi.org/SAVI/PopUps/AssetMoreInfo.aspx?AssetID=921305"}},{"type":"Feature","geometry":{"type":"Point","coordinates":[-86.012019,39.826185]},"properties":{"name":"CAFE - FEMA Rent - Limited HH","assetType":"Rent Assistance","dataYear":"2007","assetId":"625201","subcategory":"Public Assistance","detail":"https://classic.savi.org/SAVI/PopUps/AssetMoreInfo.aspx?AssetID=625201"}},{"type":"Feature","geometry":{"type":"Point","coordinates":[-86.20148183,39.77492423]},"properties":{"name":"Christamore House Family & Comm Ctr - FEMA Rent - Limited HH","assetType":"Rent Assistance","dataYear":"2007","assetId":"625149","subcategory":"Public Assistance","detail":"https://classic.savi.org/SAVI/PopUps/AssetMoreInfo.aspx?AssetID=625149"}},{"type":"Feature","geometry":{"type":"Point","coordinates":[-86.15972012,39.75007371]},"properties":{"name":"Concord Center Association - FEMA Rent - Limited HH","assetType":"Rent Assistance","dataYear":"2007","assetId":"625202","subcategory":"Public Assistance","detail":"https://classic.savi.org/SAVI/PopUps/AssetMoreInfo.aspx?AssetID=625202"}},{"type":"Feature","geometry":{"type":"Point","coordinates":[-86.211669,39.884403]},"properties":{"name":"Fay Biccard Glick Neighborhood Ctr - FEMA Rent-Limited HH","assetType":"Rent Assistance","dataYear":"2007","assetId":"625203","subcategory":"Public Assistance","detail":"https://classic.savi.org/SAVI/PopUps/AssetMoreInfo.aspx?AssetID=625203"}},{"type":"Feature","geometry":{"type":"Point","coordinates":[-86.17027278,39.80155389]},"properties":{"name":"Flanner House of Indpls - FEMA Rent - Limited HH","assetType":"Rent Assistance","dataYear":"2007","assetId":"625204","subcategory":"Public Assistance","detail":"https://classic.savi.org/SAVI/PopUps/AssetMoreInfo.aspx?AssetID=625204"}},{"type":"Feature","geometry":{"type":"Point","coordinates":[-86.0721467,39.82532441]},"properties":{"name":"Forest Manor MSC - FEMA Rent - Limited HH","assetType":"Rent Assistance","dataYear":"2007","assetId":"625205","subcategory":"Public Assistance","detail":"https://classic.savi.org/SAVI/PopUps/AssetMoreInfo.aspx?AssetID=625205"}},{"type":"Feature","geometry":{"type":"Point","coordinates":[-86.20178481,39.7676673]},"properties":{"name":"Hawthorne Community Center - FEMA Rent - Limited HH","assetType":"Rent Assistance","dataYear":"2007","assetId":"625206","subcategory":"Public Assistance","detail":"https://classic.savi.org/SAVI/PopUps/AssetMoreInfo.aspx?AssetID=625206"}},{"type":"Feature","geometry":{"type":"Point","coordinates":[-86.05629591,39.48169183]},"properties":{"name":"Human Services Johnson County - Rent Assistance","assetType":"Rent Assistance","dataYear":"2007","assetId":"624155","subcategory":"Public Assistance","detail":"https://classic.savi.org/SAVI/PopUps/AssetMoreInfo.aspx?AssetID=624155"}},{"type":"Feature","geometry":{"type":"Point","coordinates":[-85.7733851,39.79917484]},"properties":{"name":"ICAP Hancock County - Rent Assistance","assetType":"Rent Assistance","dataYear":"2007","assetId":"624180","subcategory":"Public Assistance","detail":"https://classic.savi.org/SAVI/PopUps/AssetMoreInfo.aspx?AssetID=624180"}},{"type":"Feature","geometry":{"type":"Point","coordinates":[-86.123322,39.78142]},"properties":{"name":"John H Boner Comm Ctr - FEMA Rent - Limited HH","assetType":"Rent Assistance","dataYear":"2007","assetId":"625207","subcategory":"Public Assistance","detail":"https://classic.savi.org/SAVI/PopUps/AssetMoreInfo.aspx?AssetID=625207"}},{"type":"Feature","geometry":{"type":"Point","coordinates":[-86.012019,39.826185]},"properties":{"name":"La Plaza - FEMA Rent - Limited HH","assetType":"Rent Assistance","dataYear":"2007","assetId":"625210","subcategory":"Public Assistance","detail":"https://classic.savi.org/SAVI/PopUps/AssetMoreInfo.aspx?AssetID=625210"}},{"type":"Feature","geometry":{"type":"Point","coordinates":[-86.15851728,39.82864946]},"properties":{"name":"MLK Community Center - FEMA Rent - Limited HH","assetType":"Rent Assistance","dataYear":"2007","assetId":"625208","subcategory":"Public Assistance","detail":"https://classic.savi.org/SAVI/PopUps/AssetMoreInfo.aspx?AssetID=625208"}},{"type":"Feature","geometry":{"type":"Point","coordinates":[-86.19485659,39.75134952]},"properties":{"name":"Mary Rigg Neighborhood Center-FEMA Rent - Limited HH","assetType":"Rent Assistance","dataYear":"2007","assetId":"625175","subcategory":"Public Assistance","detail":"https://classic.savi.org/SAVI/PopUps/AssetMoreInfo.aspx?AssetID=625175"}},{"type":"Feature","geometry":{"type":"Point","coordinates":[-86.139675,39.754796]},"properties":{"name":"Southeast Community Services - FEMA Rent - Limited HH","assetType":"Rent Assistance","dataYear":"2007","assetId":"625209","subcategory":"Public Assistance","detail":"https://classic.savi.org/SAVI/PopUps/AssetMoreInfo.aspx?AssetID=625209"}},{"type":"Feature","geometry":{"type":"Point","coordinates":[-86.15539428,39.77473038]},"properties":{"name":"Indpls US Social Security Adm - SSI-Supplemental Security Income","assetType":"SSI","dataYear":"2011","assetId":"691134","subcategory":"Public Assistance","detail":"https://classic.savi.org/SAVI/PopUps/AssetMoreInfo.aspx?AssetID=691134"}},{"type":"Feature","geometry":{"type":"Point","coordinates":[-85.65393589,40.11643048]},"properties":{"name":"US Soc Sec Admin - SSI - Supplemental Security In","assetType":"SSI","dataYear":"2011","assetId":"692742","subcategory":"Public Assistance","detail":"https://classic.savi.org/SAVI/PopUps/AssetMoreInfo.aspx?AssetID=692742"}},{"type":"Feature","geometry":{"type":"Point","coordinates":[-86.24383357,39.83305542]},"properties":{"name":"US Soc Sec Admin - SSI-Supplemental Security Income West Indpls","assetType":"SSI","dataYear":"2011","assetId":"693234","subcategory":"Public Assistance","detail":"https://classic.savi.org/SAVI/PopUps/AssetMoreInfo.aspx?AssetID=693234"}},{"type":"Feature","geometry":{"type":"Point","coordinates":[-86.4903543,40.04438473]},"properties":{"name":"BOONE COUNTY DIVISION OF FAMILY RESOURCES","assetType":"TANF","dataYear":"2018","assetId":"919961","subcategory":"Public Assistance","detail":"https://classic.savi.org/SAVI/PopUps/AssetMoreInfo.aspx?AssetID=919961"}},{"type":"Feature","geometry":{"type":"Point","coordinates":[-86.2456641,39.20853166]},"properties":{"name":"BROWN COUNTY DIVISION OF FAMILY RESOURCES","assetType":"TANF","dataYear":"2018","assetId":"920128","subcategory":"Public Assistance","detail":"https://classic.savi.org/SAVI/PopUps/AssetMoreInfo.aspx?AssetID=920128"}},{"type":"Feature","geometry":{"type":"Point","coordinates":[-86.0128125,40.03651889]},"properties":{"name":"HAMILTON COUNTY DIVISION OF FAMILY RESOURCES","assetType":"TANF","dataYear":"2018","assetId":"920086","subcategory":"Public Assistance","detail":"https://classic.savi.org/SAVI/PopUps/AssetMoreInfo.aspx?AssetID=920086"}},{"type":"Feature","geometry":{"type":"Point","coordinates":[-85.76848829,39.80995404]},"properties":{"name":"HANCOCK COUNTY DIVISION OF FAMILY RESOURCES","assetType":"TANF","dataYear":"2018","assetId":"920200","subcategory":"Public Assistance","detail":"https://classic.savi.org/SAVI/PopUps/AssetMoreInfo.aspx?AssetID=920200"}},{"type":"Feature","geometry":{"type":"Point","coordinates":[-86.36405978,39.71334001]},"properties":{"name":"HENDRICKS COUNTY DIVISION OF FAMILY RESOURCES","assetType":"TANF","dataYear":"2018","assetId":"920081","subcategory":"Public Assistance","detail":"https://classic.savi.org/SAVI/PopUps/AssetMoreInfo.aspx?AssetID=920081"}},{"type":"Feature","geometry":{"type":"Point","coordinates":[-86.02517117,39.48082336]},"properties":{"name":"JOHNSON COUNTY DIVISION OF FAMILY RESOURCES","assetType":"TANF","dataYear":"2018","assetId":"920146","subcategory":"Public Assistance","detail":"https://classic.savi.org/SAVI/PopUps/AssetMoreInfo.aspx?AssetID=920146"}},{"type":"Feature","geometry":{"type":"Point","coordinates":[-85.67588328,40.106611]},"properties":{"name":"MADISON COUNTY DIVISION OF FAMILY RESOURCES","assetType":"TANF","dataYear":"2018","assetId":"920068","subcategory":"Public Assistance","detail":"https://classic.savi.org/SAVI/PopUps/AssetMoreInfo.aspx?AssetID=920068"}},{"type":"Feature","geometry":{"type":"Point","coordinates":[-86.15692077,39.81503262]},"properties":{"name":"MARION COUNTY DIVISION OF FAMILY RESOURCES - CENTRAL","assetType":"TANF","dataYear":"2018","assetId":"920134","subcategory":"Public Assistance","detail":"https://classic.savi.org/SAVI/PopUps/AssetMoreInfo.aspx?AssetID=920134"}},{"type":"Feature","geometry":{"type":"Point","coordinates":[-86.06416279,39.78453312]},"properties":{"name":"MARION COUNTY DIVISION OF FAMILY RESOURCES - EAST","assetType":"TANF","dataYear":"2018","assetId":"919927","subcategory":"Public Assistance","detail":"https://classic.savi.org/SAVI/PopUps/AssetMoreInfo.aspx?AssetID=919927"}},{"type":"Feature","geometry":{"type":"Point","coordinates":[-86.11935686,39.86246524]},"properties":{"name":"MARION COUNTY DIVISION OF FAMILY RESOURCES - NORTH","assetType":"TANF","dataYear":"2018","assetId":"919937","subcategory":"Public Assistance","detail":"https://classic.savi.org/SAVI/PopUps/AssetMoreInfo.aspx?AssetID=919937"}},{"type":"Feature","geometry":{"type":"Point","coordinates":[-86.14336714,39.70922411]},"properties":{"name":"MARION COUNTY DIVISION OF FAMILY RESOURCES - SOUTH","assetType":"TANF","dataYear":"2018","assetId":"920195","subcategory":"Public Assistance","detail":"https://classic.savi.org/SAVI/PopUps/AssetMoreInfo.aspx?AssetID=920195"}},{"type":"Feature","geometry":{"type":"Point","coordinates":[-86.25689949,39.79541962]},"properties":{"name":"MARION COUNTY DIVISION OF FAMILY RESOURCES - WEST","assetType":"TANF","dataYear":"2018","assetId":"920072","subcategory":"Public Assistance","detail":"https://classic.savi.org/SAVI/PopUps/AssetMoreInfo.aspx?AssetID=920072"}},{"type":"Feature","geometry":{"type":"Point","coordinates":[-86.2687059,39.54496811]},"properties":{"name":"MORGAN COUNTY DIVISION OF FAMILY RESOURCES","assetType":"TANF","dataYear":"2018","assetId":"919956","subcategory":"Public Assistance","detail":"https://classic.savi.org/SAVI/PopUps/AssetMoreInfo.aspx?AssetID=919956"}},{"type":"Feature","geometry":{"type":"Point","coordinates":[-86.83874337,39.64196476]},"properties":{"name":"PUTNAM COUNTY DIVISION OF FAMILY SERVICES","assetType":"TANF","dataYear":"2018","assetId":"919870","subcategory":"Public Assistance","detail":"https://classic.savi.org/SAVI/PopUps/AssetMoreInfo.aspx?AssetID=919870"}},{"type":"Feature","geometry":{"type":"Point","coordinates":[-85.74066902,39.51636058]},"properties":{"name":"SHELBY COUNTY DIVISION OF FAMILY RESOURCES","assetType":"TANF","dataYear":"2018","assetId":"920141","subcategory":"Public Assistance","detail":"https://classic.savi.org/SAVI/PopUps/AssetMoreInfo.aspx?AssetID=920141"}},{"type":"Feature","geometry":{"type":"Point","coordinates":[-85.732696,39.786741]},"properties":{"name":"NINESTAR CONNECT","assetType":"Telephone Bill Assistance","dataYear":"2013","assetId":"797674","subcategory":"Public Assistance","detail":"https://classic.savi.org/SAVI/PopUps/AssetMoreInfo.aspx?AssetID=797674"}},{"type":"Feature","geometry":{"type":"Point","coordinates":[-86.4903543,40.04438473]},"properties":{"name":"BOONE COUNTY DIVISION OF FAMILY RESOURCES","assetType":"Temporary Financial Aid","dataYear":"2018","assetId":"920151","subcategory":"Public Assistance","detail":"https://classic.savi.org/SAVI/PopUps/AssetMoreInfo.aspx?AssetID=920151"}},{"type":"Feature","geometry":{"type":"Point","coordinates":[-86.2456641,39.20853166]},"properties":{"name":"BROWN COUNTY DIVISION OF FAMILY RESOURCES","assetType":"Temporary Financial Aid","dataYear":"2018","assetId":"920062","subcategory":"Public Assistance","detail":"https://classic.savi.org/SAVI/PopUps/AssetMoreInfo.aspx?AssetID=920062"}},{"type":"Feature","geometry":{"type":"Point","coordinates":[-86.0128125,40.03651889]},"properties":{"name":"HAMILTON COUNTY DIVISION OF FAMILY RESOURCES","assetType":"Temporary Financial Aid","dataYear":"2018","assetId":"920090","subcategory":"Public Assistance","detail":"https://classic.savi.org/SAVI/PopUps/AssetMoreInfo.aspx?AssetID=920090"}},{"type":"Feature","geometry":{"type":"Point","coordinates":[-85.76848829,39.80995404]},"properties":{"name":"HANCOCK COUNTY DIVISION OF FAMILY RESOURCES","assetType":"Temporary Financial Aid","dataYear":"2018","assetId":"920196","subcategory":"Public Assistance","detail":"https://classic.savi.org/SAVI/PopUps/AssetMoreInfo.aspx?AssetID=920196"}},{"type":"Feature","geometry":{"type":"Point","coordinates":[-86.36405978,39.71334001]},"properties":{"name":"HENDRICKS COUNTY DIVISION OF FAMILY RESOURCES","assetType":"Temporary Financial Aid","dataYear":"2018","assetId":"920085","subcategory":"Public Assistance","detail":"https://classic.savi.org/SAVI/PopUps/AssetMoreInfo.aspx?AssetID=920085"}},{"type":"Feature","geometry":{"type":"Point","coordinates":[-86.15424955,39.76932657]},"properties":{"name":"INDIANA LEGAL SERVICES","assetType":"Temporary Financial Aid","dataYear":"2018","assetId":"918897","subcategory":"Public Assistance","detail":"https://classic.savi.org/SAVI/PopUps/AssetMoreInfo.aspx?AssetID=918897"}},{"type":"Feature","geometry":{"type":"Point","coordinates":[-86.02517117,39.48082336]},"properties":{"name":"JOHNSON COUNTY DIVISION OF FAMILY RESOURCES","assetType":"Temporary Financial Aid","dataYear":"2018","assetId":"920150","subcategory":"Public Assistance","detail":"https://classic.savi.org/SAVI/PopUps/AssetMoreInfo.aspx?AssetID=920150"}},{"type":"Feature","geometry":{"type":"Point","coordinates":[-85.67588328,40.106611]},"properties":{"name":"MADISON COUNTY DIVISION OF FAMILY RESOURCES","assetType":"Temporary Financial Aid","dataYear":"2018","assetId":"920067","subcategory":"Public Assistance","detail":"https://classic.savi.org/SAVI/PopUps/AssetMoreInfo.aspx?AssetID=920067"}},{"type":"Feature","geometry":{"type":"Point","coordinates":[-86.15692077,39.81503262]},"properties":{"name":"MARION COUNTY DIVISION OF FAMILY RESOURCES - CENTRAL","assetType":"Temporary Financial Aid","dataYear":"2018","assetId":"920136","subcategory":"Public Assistance","detail":"https://classic.savi.org/SAVI/PopUps/AssetMoreInfo.aspx?AssetID=920136"}},{"type":"Feature","geometry":{"type":"Point","coordinates":[-86.06416279,39.78453312]},"properties":{"name":"MARION COUNTY DIVISION OF FAMILY RESOURCES - EAST","assetType":"Temporary Financial Aid","dataYear":"2018","assetId":"919931","subcategory":"Public Assistance","detail":"https://classic.savi.org/SAVI/PopUps/AssetMoreInfo.aspx?AssetID=919931"}},{"type":"Feature","geometry":{"type":"Point","coordinates":[-86.11935686,39.86246524]},"properties":{"name":"MARION COUNTY DIVISION OF FAMILY RESOURCES - NORTH","assetType":"Temporary Financial Aid","dataYear":"2018","assetId":"919932","subcategory":"Public Assistance","detail":"https://classic.savi.org/SAVI/PopUps/AssetMoreInfo.aspx?AssetID=919932"}},{"type":"Feature","geometry":{"type":"Point","coordinates":[-86.14336714,39.70922411]},"properties":{"name":"MARION COUNTY DIVISION OF FAMILY RESOURCES - SOUTH","assetType":"Temporary Financial Aid","dataYear":"2018","assetId":"920189","subcategory":"Public Assistance","detail":"https://classic.savi.org/SAVI/PopUps/AssetMoreInfo.aspx?AssetID=920189"}},{"type":"Feature","geometry":{"type":"Point","coordinates":[-86.25689949,39.79541962]},"properties":{"name":"MARION COUNTY DIVISION OF FAMILY RESOURCES - WEST","assetType":"Temporary Financial Aid","dataYear":"2018","assetId":"920137","subcategory":"Public Assistance","detail":"https://classic.savi.org/SAVI/PopUps/AssetMoreInfo.aspx?AssetID=920137"}},{"type":"Feature","geometry":{"type":"Point","coordinates":[-86.2687059,39.54496811]},"properties":{"name":"MORGAN COUNTY DIVISION OF FAMILY RESOURCES","assetType":"Temporary Financial Aid","dataYear":"2018","assetId":"919952","subcategory":"Public Assistance","detail":"https://classic.savi.org/SAVI/PopUps/AssetMoreInfo.aspx?AssetID=919952"}},{"type":"Feature","geometry":{"type":"Point","coordinates":[-86.83874337,39.64196476]},"properties":{"name":"PUTNAM COUNTY DIVISION OF FAMILY SERVICES","assetType":"Temporary Financial Aid","dataYear":"2018","assetId":"919867","subcategory":"Public Assistance","detail":"https://classic.savi.org/SAVI/PopUps/AssetMoreInfo.aspx?AssetID=919867"}},{"type":"Feature","geometry":{"type":"Point","coordinates":[-85.74066902,39.51636058]},"properties":{"name":"SHELBY COUNTY DIVISION OF FAMILY RESOURCES","assetType":"Temporary Financial Aid","dataYear":"2018","assetId":"919951","subcategory":"Public Assistance","detail":"https://classic.savi.org/SAVI/PopUps/AssetMoreInfo.aspx?AssetID=919951"}},{"type":"Feature","geometry":{"type":"Point","coordinates":[-86.121419,39.808083]},"properties":{"name":"2855 N Keystone Ave Ste 170 Public Asst - Marion County DFR","assetType":"TIPS","dataYear":"2007","assetId":"625169","subcategory":"Public Assistance","detail":"https://classic.savi.org/SAVI/PopUps/AssetMoreInfo.aspx?AssetID=625169"}},{"type":"Feature","geometry":{"type":"Point","coordinates":[-86.2295592,39.81847066]},"properties":{"name":"3500 N Lafayette Rd Public Assistance - Marion County DFR","assetType":"TIPS","dataYear":"2007","assetId":"625001","subcategory":"Public Assistance","detail":"https://classic.savi.org/SAVI/PopUps/AssetMoreInfo.aspx?AssetID=625001"}},{"type":"Feature","geometry":{"type":"Point","coordinates":[-86.156954,39.820063]},"properties":{"name":"3524 N Meridian St Public Assistance - Marion County DFR","assetType":"TIPS","dataYear":"2007","assetId":"625002","subcategory":"Public Assistance","detail":"https://classic.savi.org/SAVI/PopUps/AssetMoreInfo.aspx?AssetID=625002"}},{"type":"Feature","geometry":{"type":"Point","coordinates":[-86.12088675,39.84269767]},"properties":{"name":"4720 Kingsway Dr Ste 125 Public Assistance - Marion Co DFR","assetType":"TIPS","dataYear":"2007","assetId":"625000","subcategory":"Public Assistance","detail":"https://classic.savi.org/SAVI/PopUps/AssetMoreInfo.aspx?AssetID=625000"}},{"type":"Feature","geometry":{"type":"Point","coordinates":[-86.14293475,39.77902733]},"properties":{"name":"863 Massachusetts Ave Public Assistance - Marion County DFR","assetType":"TIPS","dataYear":"2007","assetId":"625003","subcategory":"Public Assistance","detail":"https://classic.savi.org/SAVI/PopUps/AssetMoreInfo.aspx?AssetID=625003"}},{"type":"Feature","geometry":{"type":"Point","coordinates":[-86.139675,39.754796]},"properties":{"name":"901 S Shelby St 2nd Fl New Wing Public Assistance - Marion","assetType":"TIPS","dataYear":"2007","assetId":"625170","subcategory":"Public Assistance","detail":"https://classic.savi.org/SAVI/PopUps/AssetMoreInfo.aspx?AssetID=625170"}},{"type":"Feature","geometry":{"type":"Point","coordinates":[-86.45182802,40.03148152]},"properties":{"name":"Boone County Div of Family Resources - TANF FS and Medicaid","assetType":"TIPS","dataYear":"2007","assetId":"623789","subcategory":"Public Assistance","detail":"https://classic.savi.org/SAVI/PopUps/AssetMoreInfo.aspx?AssetID=623789"}},{"type":"Feature","geometry":{"type":"Point","coordinates":[-85.68982063,40.06208397]},"properties":{"name":"IMPACT - Madison County DFR","assetType":"TIPS","dataYear":"2007","assetId":"626239","subcategory":"Public Assistance","detail":"https://classic.savi.org/SAVI/PopUps/AssetMoreInfo.aspx?AssetID=626239"}},{"type":"Feature","geometry":{"type":"Point","coordinates":[-86.02443051,39.48116817]},"properties":{"name":"Johnson County Div of Family Resources","assetType":"TIPS","dataYear":"2007","assetId":"626238","subcategory":"Public Assistance","detail":"https://classic.savi.org/SAVI/PopUps/AssetMoreInfo.aspx?AssetID=626238"}},{"type":"Feature","geometry":{"type":"Point","coordinates":[-85.68982063,40.06208397]},"properties":{"name":"Madison County Div of Family Resources","assetType":"TIPS","dataYear":"2007","assetId":"626675","subcategory":"Public Assistance","detail":"https://classic.savi.org/SAVI/PopUps/AssetMoreInfo.aspx?AssetID=626675"}},{"type":"Feature","geometry":{"type":"Point","coordinates":[-85.74140517,39.51688198]},"properties":{"name":"Shelby County Div of Family Resources","assetType":"TIPS","dataYear":"2007","assetId":"626241","subcategory":"Public Assistance","detail":"https://classic.savi.org/SAVI/PopUps/AssetMoreInfo.aspx?AssetID=626241"}},{"type":"Feature","geometry":{"type":"Point","coordinates":[-86.22043078,40.1369393]},"properties":{"name":"ADAMS TOWNSHIP TRUSTEE HAMILTON COUNTY","assetType":"Undesignated Temporary Financial Aid","dataYear":"2018","assetId":"918475","subcategory":"Public Assistance","detail":"https://classic.savi.org/SAVI/PopUps/AssetMoreInfo.aspx?AssetID=918475"}},{"type":"Feature","geometry":{"type":"Point","coordinates":[-85.65404433,39.99248624]},"properties":{"name":"ADAMS TOWNSHIP TRUSTEE MADISON COUNTY","assetType":"Undesignated Temporary Financial Aid","dataYear":"2018","assetId":"920687","subcategory":"Public Assistance","detail":"https://classic.savi.org/SAVI/PopUps/AssetMoreInfo.aspx?AssetID=920687"}},{"type":"Feature","geometry":{"type":"Point","coordinates":[-86.58560197,39.52107037]},"properties":{"name":"ADAMS TOWNSHIP TRUSTEE MORGAN COUNTY","assetType":"Undesignated Temporary Financial Aid","dataYear":"2018","assetId":"918347","subcategory":"Public Assistance","detail":"https://classic.savi.org/SAVI/PopUps/AssetMoreInfo.aspx?AssetID=918347"}},{"type":"Feature","geometry":{"type":"Point","coordinates":[-85.774411,39.51964958]},"properties":{"name":"ADDISON TOWNSHIP TRUSTEE SHELBY COUNTY","assetType":"Undesignated Temporary Financial Aid","dataYear":"2018","assetId":"920030","subcategory":"Public Assistance","detail":"https://classic.savi.org/SAVI/PopUps/AssetMoreInfo.aspx?AssetID=920030"}},{"type":"Feature","geometry":{"type":"Point","coordinates":[-85.69186383,40.0876172]},"properties":{"name":"ANDERSON TOWNSHIP TRUSTEE MADISON COUNTY","assetType":"Undesignated Temporary Financial Aid","dataYear":"2018","assetId":"920677","subcategory":"Public Assistance","detail":"https://classic.savi.org/SAVI/PopUps/AssetMoreInfo.aspx?AssetID=920677"}},{"type":"Feature","geometry":{"type":"Point","coordinates":[-86.59015368,39.46594941]},"properties":{"name":"ASHLAND TOWNSHIP TRUSTEE MORGAN COUNTY","assetType":"Undesignated Temporary Financial Aid","dataYear":"2018","assetId":"917870","subcategory":"Public Assistance","detail":"https://classic.savi.org/SAVI/PopUps/AssetMoreInfo.aspx?AssetID=917870"}},{"type":"Feature","geometry":{"type":"Point","coordinates":[-86.53976457,39.36099715]},"properties":{"name":"BAKER TOWNSHIP TRUSTEE MORGAN COUNTY","assetType":"Undesignated Temporary Financial Aid","dataYear":"2018","assetId":"918028","subcategory":"Public Assistance","detail":"https://classic.savi.org/SAVI/PopUps/AssetMoreInfo.aspx?AssetID=918028"}},{"type":"Feature","geometry":{"type":"Point","coordinates":[-85.67692841,39.77189764]},"properties":{"name":"BLUE RIVER TOWNSHIP TRUSTEE HANCOCK COUNTY","assetType":"Undesignated Temporary Financial Aid","dataYear":"2018","assetId":"922587","subcategory":"Public Assistance","detail":"https://classic.savi.org/SAVI/PopUps/AssetMoreInfo.aspx?AssetID=922587"}},{"type":"Feature","geometry":{"type":"Point","coordinates":[-85.96678325,39.35439477]},"properties":{"name":"BLUE RIVER TOWNSHIP TRUSTEE JOHNSON COUNTY","assetType":"Undesignated Temporary Financial Aid","dataYear":"2018","assetId":"922433","subcategory":"Public Assistance","detail":"https://classic.savi.org/SAVI/PopUps/AssetMoreInfo.aspx?AssetID=922433"}},{"type":"Feature","geometry":{"type":"Point","coordinates":[-85.74290931,40.37568005]},"properties":{"name":"BOONE TOWNSHIP TRUSTEE MADISON COUNTY","assetType":"Undesignated Temporary Financial Aid","dataYear":"2018","assetId":"920386","subcategory":"Public Assistance","detail":"https://classic.savi.org/SAVI/PopUps/AssetMoreInfo.aspx?AssetID=920386"}},{"type":"Feature","geometry":{"type":"Point","coordinates":[-86.39294095,39.90907004]},"properties":{"name":"BROWN TOWNSHIP TRUSTEE HENDRICKS COUNTY","assetType":"Undesignated Temporary Financial Aid","dataYear":"2018","assetId":"917985","subcategory":"Public Assistance","detail":"https://classic.savi.org/SAVI/PopUps/AssetMoreInfo.aspx?AssetID=917985"}},{"type":"Feature","geometry":{"type":"Point","coordinates":[-86.36192889,39.6195823]},"properties":{"name":"BROWN TOWNSHIP TRUSTEE MORGAN COUNTY","assetType":"Undesignated Temporary Financial Aid","dataYear":"2018","assetId":"917960","subcategory":"Public Assistance","detail":"https://classic.savi.org/SAVI/PopUps/AssetMoreInfo.aspx?AssetID=917960"}},{"type":"Feature","geometry":{"type":"Point","coordinates":[-85.90476499,39.84593559]},"properties":{"name":"BUCK CREEK TOWNSHIP TRUSTEE HANCOCK COUNTY","assetType":"Undesignated Temporary Financial Aid","dataYear":"2018","assetId":"917712","subcategory":"Public Assistance","detail":"https://classic.savi.org/SAVI/PopUps/AssetMoreInfo.aspx?AssetID=917712"}},{"type":"Feature","geometry":{"type":"Point","coordinates":[-86.47085009,40.05665059]},"properties":{"name":"CENTER TOWNSHIP TRUSTEE BOONE COUNTY","assetType":"Undesignated Temporary Financial Aid","dataYear":"2018","assetId":"922491","subcategory":"Public Assistance","detail":"https://classic.savi.org/SAVI/PopUps/AssetMoreInfo.aspx?AssetID=922491"}},{"type":"Feature","geometry":{"type":"Point","coordinates":[-85.77210611,39.80356082]},"properties":{"name":"CENTER TOWNSHIP TRUSTEE HANCOCK COUNTY","assetType":"Undesignated Temporary Financial Aid","dataYear":"2018","assetId":"922386","subcategory":"Public Assistance","detail":"https://classic.savi.org/SAVI/PopUps/AssetMoreInfo.aspx?AssetID=922386"}},{"type":"Feature","geometry":{"type":"Point","coordinates":[-86.52411116,39.75972715]},"properties":{"name":"CENTER TOWNSHIP TRUSTEE HENDRICKS COUNTY","assetType":"Undesignated Temporary Financial Aid","dataYear":"2018","assetId":"922362","subcategory":"Public Assistance","detail":"https://classic.savi.org/SAVI/PopUps/AssetMoreInfo.aspx?AssetID=922362"}},{"type":"Feature","geometry":{"type":"Point","coordinates":[-86.14313087,39.7788428]},"properties":{"name":"CENTER TOWNSHIP TRUSTEE MARION COUNTY","assetType":"Undesignated Temporary Financial Aid","dataYear":"2018","assetId":"922420","subcategory":"Public Assistance","detail":"https://classic.savi.org/SAVI/PopUps/AssetMoreInfo.aspx?AssetID=922420"}},{"type":"Feature","geometry":{"type":"Point","coordinates":[-85.98146777,39.61091717]},"properties":{"name":"CLARK TOWNSHIP TRUSTEE JOHNSON COUNTY","assetType":"Undesignated Temporary Financial Aid","dataYear":"2018","assetId":"921797","subcategory":"Public Assistance","detail":"https://classic.savi.org/SAVI/PopUps/AssetMoreInfo.aspx?AssetID=921797"}},{"type":"Feature","geometry":{"type":"Point","coordinates":[-86.14561577,39.94343504]},"properties":{"name":"CLAY TOWNSHIP TRUSTEE HAMILTON COUNTY","assetType":"Undesignated Temporary Financial Aid","dataYear":"2018","assetId":"921732","subcategory":"Public Assistance","detail":"https://classic.savi.org/SAVI/PopUps/AssetMoreInfo.aspx?AssetID=921732"}},{"type":"Feature","geometry":{"type":"Point","coordinates":[-86.3590723,39.51288294]},"properties":{"name":"CLAY TOWNSHIP TRUSTEE MORGAN COUNTY","assetType":"Undesignated Temporary Financial Aid","dataYear":"2018","assetId":"921560","subcategory":"Public Assistance","detail":"https://classic.savi.org/SAVI/PopUps/AssetMoreInfo.aspx?AssetID=921560"}},{"type":"Feature","geometry":{"type":"Point","coordinates":[-86.42274444,40.12257272]},"properties":{"name":"CLINTON TOWNSHIP TRUSTEE BOONE COUNTY","assetType":"Undesignated Temporary Financial Aid","dataYear":"2018","assetId":"921727","subcategory":"Public Assistance","detail":"https://classic.savi.org/SAVI/PopUps/AssetMoreInfo.aspx?AssetID=921727"}},{"type":"Feature","geometry":{"type":"Point","coordinates":[-86.95747213,39.73385877]},"properties":{"name":"CLINTON TOWNSHIP TRUSTEE PUTNAM COUNTY","assetType":"Undesignated Temporary Financial Aid","dataYear":"2018","assetId":"920935","subcategory":"Public Assistance","detail":"https://classic.savi.org/SAVI/PopUps/AssetMoreInfo.aspx?AssetID=920935"}},{"type":"Feature","geometry":{"type":"Point","coordinates":[-86.79275698,39.51380749]},"properties":{"name":"CLOVERDALE TOWNSHIP TRUSTEE PUTNAM COUNTY","assetType":"Undesignated Temporary Financial Aid","dataYear":"2018","assetId":"920866","subcategory":"Public Assistance","detail":"https://classic.savi.org/SAVI/PopUps/AssetMoreInfo.aspx?AssetID=920866"}},{"type":"Feature","geometry":{"type":"Point","coordinates":[-86.27005454,39.68567771]},"properties":{"name":"DECATUR TOWNSHIP TRUSTEE MARION COUNTY","assetType":"Undesignated Temporary Financial Aid","dataYear":"2018","assetId":"919886","subcategory":"Public Assistance","detail":"https://classic.savi.org/SAVI/PopUps/AssetMoreInfo.aspx?AssetID=919886"}},{"type":"Feature","geometry":{"type":"Point","coordinates":[-86.00936241,39.97911534]},"properties":{"name":"DELAWARE TOWNSHIP TRUSTEE HAMILTON COUNTY","assetType":"Undesignated Temporary Financial Aid","dataYear":"2018","assetId":"919669","subcategory":"Public Assistance","detail":"https://classic.savi.org/SAVI/PopUps/AssetMoreInfo.aspx?AssetID=919669"}},{"type":"Feature","geometry":{"type":"Point","coordinates":[-85.81359755,40.30680295]},"properties":{"name":"DUCK CREEK TOWNSHIP TRUSTEE MADISON COUNTY","assetType":"Undesignated Temporary Financial Aid","dataYear":"2018","assetId":"920376","subcategory":"Public Assistance","detail":"https://classic.savi.org/SAVI/PopUps/AssetMoreInfo.aspx?AssetID=920376"}},{"type":"Feature","geometry":{"type":"Point","coordinates":[-86.60917955,39.85579118]},"properties":{"name":"EEL RIVER TOWNSHIP TRUSTEE HENDRICKS COUNTY","assetType":"Undesignated Temporary Financial Aid","dataYear":"2018","assetId":"919646","subcategory":"Public Assistance","detail":"https://classic.savi.org/SAVI/PopUps/AssetMoreInfo.aspx?AssetID=919646"}},{"type":"Feature","geometry":{"type":"Point","coordinates":[-85.9427756,39.95733092]},"properties":{"name":"FALL CREEK TOWNSHIP TRUSTEE HAMILTON COUNTY","assetType":"Undesignated Temporary Financial Aid","dataYear":"2018","assetId":"919628","subcategory":"Public Assistance","detail":"https://classic.savi.org/SAVI/PopUps/AssetMoreInfo.aspx?AssetID=919628"}},{"type":"Feature","geometry":{"type":"Point","coordinates":[-85.74535234,40.002336]},"properties":{"name":"FALL CREEK TOWNSHIP TRUSTEE MADISON COUNTY","assetType":"Undesignated Temporary Financial Aid","dataYear":"2018","assetId":"920670","subcategory":"Public Assistance","detail":"https://classic.savi.org/SAVI/PopUps/AssetMoreInfo.aspx?AssetID=920670"}},{"type":"Feature","geometry":{"type":"Point","coordinates":[-86.74851429,39.76137225]},"properties":{"name":"FLOYD TOWNSHIP TRUSTEE PUTNAM COUNTY","assetType":"Undesignated Temporary Financial Aid","dataYear":"2018","assetId":"921097","subcategory":"Public Assistance","detail":"https://classic.savi.org/SAVI/PopUps/AssetMoreInfo.aspx?AssetID=921097"}},{"type":"Feature","geometry":{"type":"Point","coordinates":[-86.59336074,39.63094378]},"properties":{"name":"FRANKLIN TOWNSHIP TRUSTEE HENDRICKS COUNTY","assetType":"Undesignated Temporary Financial Aid","dataYear":"2018","assetId":"919336","subcategory":"Public Assistance","detail":"https://classic.savi.org/SAVI/PopUps/AssetMoreInfo.aspx?AssetID=919336"}},{"type":"Feature","geometry":{"type":"Point","coordinates":[-86.06344638,39.49333622]},"properties":{"name":"FRANKLIN TOWNSHIP TRUSTEE JOHNSON COUNTY","assetType":"Undesignated Temporary Financial Aid","dataYear":"2018","assetId":"919184","subcategory":"Public Assistance","detail":"https://classic.savi.org/SAVI/PopUps/AssetMoreInfo.aspx?AssetID=919184"}},{"type":"Feature","geometry":{"type":"Point","coordinates":[-86.06339326,39.67761024]},"properties":{"name":"FRANKLIN TOWNSHIP TRUSTEE MARION COUNTY","assetType":"Undesignated Temporary Financial Aid","dataYear":"2018","assetId":"919180","subcategory":"Public Assistance","detail":"https://classic.savi.org/SAVI/PopUps/AssetMoreInfo.aspx?AssetID=919180"}},{"type":"Feature","geometry":{"type":"Point","coordinates":[-86.85209404,39.78100438]},"properties":{"name":"FRANKLIN TOWNSHIP TRUSTEE PUTNAM COUNTY","assetType":"Undesignated Temporary Financial Aid","dataYear":"2018","assetId":"921087","subcategory":"Public Assistance","detail":"https://classic.savi.org/SAVI/PopUps/AssetMoreInfo.aspx?AssetID=921087"}},{"type":"Feature","geometry":{"type":"Point","coordinates":[-85.99935857,39.97635807]},"properties":{"name":"GOOD SAMARITAN NETWORK GSN","assetType":"Undesignated Temporary Financial Aid","dataYear":"2018","assetId":"919533","subcategory":"Public Assistance","detail":"https://classic.savi.org/SAVI/PopUps/AssetMoreInfo.aspx?AssetID=919533"}},{"type":"Feature","geometry":{"type":"Point","coordinates":[-85.7056509,39.87256909]},"properties":{"name":"GREEN TOWNSHIP TRUSTEE HANCOCK COUNTY","assetType":"Undesignated Temporary Financial Aid","dataYear":"2018","assetId":"918780","subcategory":"Public Assistance","detail":"https://classic.savi.org/SAVI/PopUps/AssetMoreInfo.aspx?AssetID=918780"}},{"type":"Feature","geometry":{"type":"Point","coordinates":[-85.80616994,39.95697613]},"properties":{"name":"GREEN TOWNSHIP TRUSTEE MADISON COUNTY","assetType":"Undesignated Temporary Financial Aid","dataYear":"2018","assetId":"920727","subcategory":"Public Assistance","detail":"https://classic.savi.org/SAVI/PopUps/AssetMoreInfo.aspx?AssetID=920727"}},{"type":"Feature","geometry":{"type":"Point","coordinates":[-86.33770312,39.45087194]},"properties":{"name":"GREEN TOWNSHIP TRUSTEE MORGAN COUNTY","assetType":"Undesignated Temporary Financial Aid","dataYear":"2018","assetId":"918732","subcategory":"Public Assistance","detail":"https://classic.savi.org/SAVI/PopUps/AssetMoreInfo.aspx?AssetID=918732"}},{"type":"Feature","geometry":{"type":"Point","coordinates":[-86.85343139,39.63713965]},"properties":{"name":"GREENCASTLE TOWNSHIP TRUSTEE PUTNAM COUNTY","assetType":"Undesignated Temporary Financial Aid","dataYear":"2018","assetId":"920859","subcategory":"Public Assistance","detail":"https://classic.savi.org/SAVI/PopUps/AssetMoreInfo.aspx?AssetID=920859"}},{"type":"Feature","geometry":{"type":"Point","coordinates":[-86.39099182,39.68236612]},"properties":{"name":"GUILFORD TOWNSHIP TRUSTEE HENDRICKS COUNTY","assetType":"Undesignated Temporary Financial Aid","dataYear":"2018","assetId":"918800","subcategory":"Public Assistance","detail":"https://classic.savi.org/SAVI/PopUps/AssetMoreInfo.aspx?AssetID=918800"}},{"type":"Feature","geometry":{"type":"Point","coordinates":[-86.11341411,39.31461451]},"properties":{"name":"HAMBLEN TOWNSHIP TRUSTEE BROWN COUNTY","assetType":"Undesignated Temporary Financial Aid","dataYear":"2018","assetId":"916976","subcategory":"Public Assistance","detail":"https://classic.savi.org/SAVI/PopUps/AssetMoreInfo.aspx?AssetID=916976"}},{"type":"Feature","geometry":{"type":"Point","coordinates":[-85.72113402,39.65080359]},"properties":{"name":"HANOVER TOWNSHIP TRUSTEE SHELBY COUNTY","assetType":"Undesignated Temporary Financial Aid","dataYear":"2018","assetId":"918466","subcategory":"Public Assistance","detail":"https://classic.savi.org/SAVI/PopUps/AssetMoreInfo.aspx?AssetID=918466"}},{"type":"Feature","geometry":{"type":"Point","coordinates":[-86.50821683,39.96447177]},"properties":{"name":"HARRISON TOWNSHIP TRUSTEE BOONE COUNTY","assetType":"Undesignated Temporary Financial Aid","dataYear":"2018","assetId":"918660","subcategory":"Public Assistance","detail":"https://classic.savi.org/SAVI/PopUps/AssetMoreInfo.aspx?AssetID=918660"}},{"type":"Feature","geometry":{"type":"Point","coordinates":[-86.27492948,39.52680434]},"properties":{"name":"HARRISON TOWNSHIP TRUSTEE MORGAN COUNTY","assetType":"Undesignated Temporary Financial Aid","dataYear":"2018","assetId":"918656","subcategory":"Public Assistance","detail":"https://classic.savi.org/SAVI/PopUps/AssetMoreInfo.aspx?AssetID=918656"}},{"type":"Feature","geometry":{"type":"Point","coordinates":[-85.93951506,39.43988051]},"properties":{"name":"HENDRICKS TOWNSHIP TRUSTEE SHELBY COUNTY","assetType":"Undesignated Temporary Financial Aid","dataYear":"2018","assetId":"918566","subcategory":"Public Assistance","detail":"https://classic.savi.org/SAVI/PopUps/AssetMoreInfo.aspx?AssetID=918566"}},{"type":"Feature","geometry":{"type":"Point","coordinates":[-86.18230398,39.38131195]},"properties":{"name":"HENSLEY TOWNSHIP TRUSTEE JOHNSON COUNTY","assetType":"Undesignated Temporary Financial Aid","dataYear":"2018","assetId":"918409","subcategory":"Public Assistance","detail":"https://classic.savi.org/SAVI/PopUps/AssetMoreInfo.aspx?AssetID=918409"}},{"type":"Feature","geometry":{"type":"Point","coordinates":[-86.58306293,39.9950641]},"properties":{"name":"JACKSON TOWNSHIP TRUSTEE BOONE COUNTY","assetType":"Undesignated Temporary Financial Aid","dataYear":"2018","assetId":"917992","subcategory":"Public Assistance","detail":"https://classic.savi.org/SAVI/PopUps/AssetMoreInfo.aspx?AssetID=917992"}},{"type":"Feature","geometry":{"type":"Point","coordinates":[-86.28781116,39.2495565]},"properties":{"name":"JACKSON TOWNSHIP TRUSTEE BROWN COUNTY","assetType":"Undesignated Temporary Financial Aid","dataYear":"2018","assetId":"916907","subcategory":"Public Assistance","detail":"https://classic.savi.org/SAVI/PopUps/AssetMoreInfo.aspx?AssetID=916907"}},{"type":"Feature","geometry":{"type":"Point","coordinates":[-86.02828584,40.17626673]},"properties":{"name":"JACKSON TOWNSHIP TRUSTEE HAMILTON COUNTY","assetType":"Undesignated Temporary Financial Aid","dataYear":"2018","assetId":"917751","subcategory":"Public Assistance","detail":"https://classic.savi.org/SAVI/PopUps/AssetMoreInfo.aspx?AssetID=917751"}},{"type":"Feature","geometry":{"type":"Point","coordinates":[-85.60301518,39.81597274]},"properties":{"name":"JACKSON TOWNSHIP TRUSTEE HANCOCK COUNTY","assetType":"Undesignated Temporary Financial Aid","dataYear":"2018","assetId":"917850","subcategory":"Public Assistance","detail":"https://classic.savi.org/SAVI/PopUps/AssetMoreInfo.aspx?AssetID=917850"}},{"type":"Feature","geometry":{"type":"Point","coordinates":[-85.8346258,40.13784922]},"properties":{"name":"JACKSON TOWNSHIP TRUSTEE MADISON COUNTY","assetType":"Undesignated Temporary Financial Aid","dataYear":"2018","assetId":"920367","subcategory":"Public Assistance","detail":"https://classic.savi.org/SAVI/PopUps/AssetMoreInfo.aspx?AssetID=920367"}},{"type":"Feature","geometry":{"type":"Point","coordinates":[-86.31296642,39.35202934]},"properties":{"name":"JACKSON TOWNSHIP TRUSTEE MORGAN COUNTY","assetType":"Undesignated Temporary Financial Aid","dataYear":"2018","assetId":"917708","subcategory":"Public Assistance","detail":"https://classic.savi.org/SAVI/PopUps/AssetMoreInfo.aspx?AssetID=917708"}},{"type":"Feature","geometry":{"type":"Point","coordinates":[-86.70608396,39.81985034]},"properties":{"name":"JACKSON TOWNSHIP TRUSTEE PUTNAM COUNTY","assetType":"Undesignated Temporary Financial Aid","dataYear":"2018","assetId":"920848","subcategory":"Public Assistance","detail":"https://classic.savi.org/SAVI/PopUps/AssetMoreInfo.aspx?AssetID=920848"}},{"type":"Feature","geometry":{"type":"Point","coordinates":[-86.62433374,40.02434205]},"properties":{"name":"JEFFERSON TOWNSHIP TRUSTEE BOONE COUNTY","assetType":"Undesignated Temporary Financial Aid","dataYear":"2018","assetId":"917678","subcategory":"Public Assistance","detail":"https://classic.savi.org/SAVI/PopUps/AssetMoreInfo.aspx?AssetID=917678"}},{"type":"Feature","geometry":{"type":"Point","coordinates":[-86.49324278,39.41198592]},"properties":{"name":"JEFFERSON TOWNSHIP TRUSTEE MORGAN COUNTY","assetType":"Undesignated Temporary Financial Aid","dataYear":"2018","assetId":"917824","subcategory":"Public Assistance","detail":"https://classic.savi.org/SAVI/PopUps/AssetMoreInfo.aspx?AssetID=917824"}},{"type":"Feature","geometry":{"type":"Point","coordinates":[-86.70185497,39.57054813]},"properties":{"name":"JEFFERSON TOWNSHIP TRUSTEE PUTNAM COUNTY","assetType":"Undesignated Temporary Financial Aid","dataYear":"2018","assetId":"920996","subcategory":"Public Assistance","detail":"https://classic.savi.org/SAVI/PopUps/AssetMoreInfo.aspx?AssetID=920996"}},{"type":"Feature","geometry":{"type":"Point","coordinates":[-86.525004,39.61456226]},"properties":{"name":"LIBERTY TOWNSHIP TRUSTEE HENDRICKS COUNTY","assetType":"Undesignated Temporary Financial Aid","dataYear":"2018","assetId":"921943","subcategory":"Public Assistance","detail":"https://classic.savi.org/SAVI/PopUps/AssetMoreInfo.aspx?AssetID=921943"}},{"type":"Feature","geometry":{"type":"Point","coordinates":[-85.63663898,39.48364154]},"properties":{"name":"LIBERTY TOWNSHIP TRUSTEE SHELBY COUNTY","assetType":"Undesignated Temporary Financial Aid","dataYear":"2018","assetId":"922115","subcategory":"Public Assistance","detail":"https://classic.savi.org/SAVI/PopUps/AssetMoreInfo.aspx?AssetID=922115"}},{"type":"Feature","geometry":{"type":"Point","coordinates":[-86.39673959,39.84266459]},"properties":{"name":"LINCOLN TOWNSHIP TRUSTEE HENDRICKS COUNTY","assetType":"Undesignated Temporary Financial Aid","dataYear":"2018","assetId":"921923","subcategory":"Public Assistance","detail":"https://classic.savi.org/SAVI/PopUps/AssetMoreInfo.aspx?AssetID=921923"}},{"type":"Feature","geometry":{"type":"Point","coordinates":[-86.29689292,39.61795335]},"properties":{"name":"MADISON TOWNSHIP TRUSTEE MORGAN COUNTY","assetType":"Undesignated Temporary Financial Aid","dataYear":"2018","assetId":"921575","subcategory":"Public Assistance","detail":"https://classic.savi.org/SAVI/PopUps/AssetMoreInfo.aspx?AssetID=921575"}},{"type":"Feature","geometry":{"type":"Point","coordinates":[-86.99653205,39.67905323]},"properties":{"name":"MADISON TOWNSHIP TRUSTEE PUTNAM COUNTY","assetType":"Undesignated Temporary Financial Aid","dataYear":"2018","assetId":"921098","subcategory":"Public Assistance","detail":"https://classic.savi.org/SAVI/PopUps/AssetMoreInfo.aspx?AssetID=921098"}},{"type":"Feature","geometry":{"type":"Point","coordinates":[-86.66406574,39.77589127]},"properties":{"name":"MARION TOWNSHIP TRUSTEE HENDRICKS COUNTY","assetType":"Undesignated Temporary Financial Aid","dataYear":"2018","assetId":"920327","subcategory":"Public Assistance","detail":"https://classic.savi.org/SAVI/PopUps/AssetMoreInfo.aspx?AssetID=920327"}},{"type":"Feature","geometry":{"type":"Point","coordinates":[-86.79046198,39.65241794]},"properties":{"name":"MARION TOWNSHIP TRUSTEE PUTNAM COUNTY","assetType":"Undesignated Temporary Financial Aid","dataYear":"2018","assetId":"920836","subcategory":"Public Assistance","detail":"https://classic.savi.org/SAVI/PopUps/AssetMoreInfo.aspx?AssetID=920836"}},{"type":"Feature","geometry":{"type":"Point","coordinates":[-85.77666802,39.56499556]},"properties":{"name":"MARION TOWNSHIP TRUSTEE SHELBY COUNTY","assetType":"Undesignated Temporary Financial Aid","dataYear":"2018","assetId":"920261","subcategory":"Public Assistance","detail":"https://classic.savi.org/SAVI/PopUps/AssetMoreInfo.aspx?AssetID=920261"}},{"type":"Feature","geometry":{"type":"Point","coordinates":[-86.45852281,39.86146427]},"properties":{"name":"MIDDLE TOWNSHIP TRUSTEE HENDRICKS COUNTY","assetType":"Undesignated Temporary Financial Aid","dataYear":"2018","assetId":"919147","subcategory":"Public Assistance","detail":"https://classic.savi.org/SAVI/PopUps/AssetMoreInfo.aspx?AssetID=919147"}},{"type":"Feature","geometry":{"type":"Point","coordinates":[-85.67605191,40.26192931]},"properties":{"name":"MONROE TOWNSHIP TRUSTEE MADISON COUNTY","assetType":"Undesignated Temporary Financial Aid","dataYear":"2018","assetId":"920439","subcategory":"Public Assistance","detail":"https://classic.savi.org/SAVI/PopUps/AssetMoreInfo.aspx?AssetID=920439"}},{"type":"Feature","geometry":{"type":"Point","coordinates":[-86.54167184,39.57131861]},"properties":{"name":"MONROE TOWNSHIP TRUSTEE MORGAN COUNTY","assetType":"Undesignated Temporary Financial Aid","dataYear":"2018","assetId":"919337","subcategory":"Public Assistance","detail":"https://classic.savi.org/SAVI/PopUps/AssetMoreInfo.aspx?AssetID=919337"}},{"type":"Feature","geometry":{"type":"Point","coordinates":[-85.63126795,39.43076653]},"properties":{"name":"NOBLE TOWNSHIP TRUSTEE SHELBY COUNTY","assetType":"Undesignated Temporary Financial Aid","dataYear":"2018","assetId":"918163","subcategory":"Public Assistance","detail":"https://classic.savi.org/SAVI/PopUps/AssetMoreInfo.aspx?AssetID=918163"}},{"type":"Feature","geometry":{"type":"Point","coordinates":[-86.0142319,40.04246142]},"properties":{"name":"NOBLESVILLE TOWNSHIP TRUSTEE HAMILTON COUNTY","assetType":"Undesignated Temporary Financial Aid","dataYear":"2018","assetId":"918270","subcategory":"Public Assistance","detail":"https://classic.savi.org/SAVI/PopUps/AssetMoreInfo.aspx?AssetID=918270"}},{"type":"Feature","geometry":{"type":"Point","coordinates":[-85.6714243,40.09554184]},"properties":{"name":"OPERATION LOVE MINISTRIES","assetType":"Undesignated Temporary Financial Aid","dataYear":"2018","assetId":"920602","subcategory":"Public Assistance","detail":"https://classic.savi.org/SAVI/PopUps/AssetMoreInfo.aspx?AssetID=920602"}},{"type":"Feature","geometry":{"type":"Point","coordinates":[-86.13853386,39.69444995]},"properties":{"name":"PERRY TOWNSHIP TRUSTEE MARION COUNTY","assetType":"Undesignated Temporary Financial Aid","dataYear":"2018","assetId":"917978","subcategory":"Public Assistance","detail":"https://classic.savi.org/SAVI/PopUps/AssetMoreInfo.aspx?AssetID=917978"}},{"type":"Feature","geometry":{"type":"Point","coordinates":[-86.26238428,39.85453838]},"properties":{"name":"PIKE TOWNSHIP TRUSTEE MARION COUNTY","assetType":"Undesignated Temporary Financial Aid","dataYear":"2018","assetId":"917798","subcategory":"Public Assistance","detail":"https://classic.savi.org/SAVI/PopUps/AssetMoreInfo.aspx?AssetID=917798"}},{"type":"Feature","geometry":{"type":"Point","coordinates":[-85.84206768,40.27559682]},"properties":{"name":"PIPE CREEK TOWNSHIP TRUSTEE MADISON COUNTY","assetType":"Undesignated Temporary Financial Aid","dataYear":"2018","assetId":"920570","subcategory":"Public Assistance","detail":"https://classic.savi.org/SAVI/PopUps/AssetMoreInfo.aspx?AssetID=920570"}},{"type":"Feature","geometry":{"type":"Point","coordinates":[-85.60831539,40.18993185]},"properties":{"name":"RICHLAND TOWNSHIP TRUSTEE MADISON COUNTY","assetType":"Undesignated Temporary Financial Aid","dataYear":"2018","assetId":"920555","subcategory":"Public Assistance","detail":"https://classic.savi.org/SAVI/PopUps/AssetMoreInfo.aspx?AssetID=920555"}},{"type":"Feature","geometry":{"type":"Point","coordinates":[-86.98121607,39.86149884]},"properties":{"name":"RUSSELL TOWNSHIP TRUSTEE PUTNAM COUNTY","assetType":"Undesignated Temporary Financial Aid","dataYear":"2018","assetId":"920977","subcategory":"Public Assistance","detail":"https://classic.savi.org/SAVI/PopUps/AssetMoreInfo.aspx?AssetID=920977"}},{"type":"Feature","geometry":{"type":"Point","coordinates":[-85.73148601,39.45707656]},"properties":{"name":"SHELBY TOWNSHIP TRUSTEE SHELBY COUNTY","assetType":"Undesignated Temporary Financial Aid","dataYear":"2018","assetId":"917614","subcategory":"Public Assistance","detail":"https://classic.savi.org/SAVI/PopUps/AssetMoreInfo.aspx?AssetID=917614"}},{"type":"Feature","geometry":{"type":"Point","coordinates":[-85.84831659,40.06845181]},"properties":{"name":"STONY CREEK TOWNSHIP TRUSTEE MADISON COUNTY","assetType":"Undesignated Temporary Financial Aid","dataYear":"2018","assetId":"920428","subcategory":"Public Assistance","detail":"https://classic.savi.org/SAVI/PopUps/AssetMoreInfo.aspx?AssetID=920428"}},{"type":"Feature","geometry":{"type":"Point","coordinates":[-86.60970462,40.12974715]},"properties":{"name":"SUGAR CREEK TOWNSHIP TRUSTEE BOONE COUNTY","assetType":"Undesignated Temporary Financial Aid","dataYear":"2018","assetId":"917441","subcategory":"Public Assistance","detail":"https://classic.savi.org/SAVI/PopUps/AssetMoreInfo.aspx?AssetID=917441"}},{"type":"Feature","geometry":{"type":"Point","coordinates":[-85.91319152,39.73389397]},"properties":{"name":"SUGAR CREEK TOWNSHIP TRUSTEE HANCOCK COUNTY","assetType":"Undesignated Temporary Financial Aid","dataYear":"2018","assetId":"917492","subcategory":"Public Assistance","detail":"https://classic.savi.org/SAVI/PopUps/AssetMoreInfo.aspx?AssetID=917492"}},{"type":"Feature","geometry":{"type":"Point","coordinates":[-85.93068407,39.55049257]},"properties":{"name":"SUGAR CREEK TOWNSHIP TRUSTEE SHELBY COUNTY","assetType":"Undesignated Temporary Financial Aid","dataYear":"2018","assetId":"917192","subcategory":"Public Assistance","detail":"https://classic.savi.org/SAVI/PopUps/AssetMoreInfo.aspx?AssetID=917192"}},{"type":"Feature","geometry":{"type":"Point","coordinates":[-86.54314085,39.88469476]},"properties":{"name":"UNION TOWNSHIP TRUSTEE HENDRICKS COUNTY","assetType":"Undesignated Temporary Financial Aid","dataYear":"2018","assetId":"917003","subcategory":"Public Assistance","detail":"https://classic.savi.org/SAVI/PopUps/AssetMoreInfo.aspx?AssetID=917003"}},{"type":"Feature","geometry":{"type":"Point","coordinates":[-86.16447633,39.46193135]},"properties":{"name":"UNION TOWNSHIP TRUSTEE JOHNSON COUNTY","assetType":"Undesignated Temporary Financial Aid","dataYear":"2018","assetId":"917050","subcategory":"Public Assistance","detail":"https://classic.savi.org/SAVI/PopUps/AssetMoreInfo.aspx?AssetID=917050"}},{"type":"Feature","geometry":{"type":"Point","coordinates":[-85.62176391,40.1209244]},"properties":{"name":"UNION TOWNSHIP TRUSTEE MADISON COUNTY","assetType":"Undesignated Temporary Financial Aid","dataYear":"2018","assetId":"920625","subcategory":"Public Assistance","detail":"https://classic.savi.org/SAVI/PopUps/AssetMoreInfo.aspx?AssetID=920625"}},{"type":"Feature","geometry":{"type":"Point","coordinates":[-85.63724599,39.57183058]},"properties":{"name":"UNION TOWNSHIP TRUSTEE SHELBY COUNTY","assetType":"Undesignated Temporary Financial Aid","dataYear":"2018","assetId":"917128","subcategory":"Public Assistance","detail":"https://classic.savi.org/SAVI/PopUps/AssetMoreInfo.aspx?AssetID=917128"}},{"type":"Feature","geometry":{"type":"Point","coordinates":[-86.14347708,39.12668447]},"properties":{"name":"VAN BUREN TOWNSHIP TRUSTEE BROWN COUNTY","assetType":"Undesignated Temporary Financial Aid","dataYear":"2018","assetId":"917112","subcategory":"Public Assistance","detail":"https://classic.savi.org/SAVI/PopUps/AssetMoreInfo.aspx?AssetID=917112"}},{"type":"Feature","geometry":{"type":"Point","coordinates":[-85.74404601,39.66913659]},"properties":{"name":"VAN BUREN TOWNSHIP TRUSTEE SHELBY COUNTY","assetType":"Undesignated Temporary Financial Aid","dataYear":"2018","assetId":"922525","subcategory":"Public Assistance","detail":"https://classic.savi.org/SAVI/PopUps/AssetMoreInfo.aspx?AssetID=922525"}},{"type":"Feature","geometry":{"type":"Point","coordinates":[-85.85646521,39.92796225]},"properties":{"name":"VERNON TOWNSHIP TRUSTEE HANCOCK COUNTY","assetType":"Undesignated Temporary Financial Aid","dataYear":"2018","assetId":"922513","subcategory":"Public Assistance","detail":"https://classic.savi.org/SAVI/PopUps/AssetMoreInfo.aspx?AssetID=922513"}},{"type":"Feature","geometry":{"type":"Point","coordinates":[-86.81952471,39.59939565]},"properties":{"name":"WARREN TOWNSHIP TRUSTEE PUTNAM COUNTY","assetType":"Undesignated Temporary Financial Aid","dataYear":"2018","assetId":"920972","subcategory":"Public Assistance","detail":"https://classic.savi.org/SAVI/PopUps/AssetMoreInfo.aspx?AssetID=920972"}},{"type":"Feature","geometry":{"type":"Point","coordinates":[-86.56342846,40.13318676]},"properties":{"name":"WASHINGTON TOWNSHIP TRUSTEE BOONE COUNTY","assetType":"Undesignated Temporary Financial Aid","dataYear":"2018","assetId":"922460","subcategory":"Public Assistance","detail":"https://classic.savi.org/SAVI/PopUps/AssetMoreInfo.aspx?AssetID=922460"}},{"type":"Feature","geometry":{"type":"Point","coordinates":[-86.2437373,39.2064405]},"properties":{"name":"WASHINGTON TOWNSHIP TRUSTEE BROWN COUNTY","assetType":"Undesignated Temporary Financial Aid","dataYear":"2018","assetId":"917032","subcategory":"Public Assistance","detail":"https://classic.savi.org/SAVI/PopUps/AssetMoreInfo.aspx?AssetID=917032"}},{"type":"Feature","geometry":{"type":"Point","coordinates":[-86.13001059,40.00532333]},"properties":{"name":"WASHINGTON TOWNSHIP TRUSTEE HAMILTON COUNTY","assetType":"Undesignated Temporary Financial Aid","dataYear":"2018","assetId":"922820","subcategory":"Public Assistance","detail":"https://classic.savi.org/SAVI/PopUps/AssetMoreInfo.aspx?AssetID=922820"}},{"type":"Feature","geometry":{"type":"Point","coordinates":[-86.3866421,39.76133098]},"properties":{"name":"WASHINGTON TOWNSHIP TRUSTEE HENDRICKS COUNTY","assetType":"Undesignated Temporary Financial Aid","dataYear":"2018","assetId":"922800","subcategory":"Public Assistance","detail":"https://classic.savi.org/SAVI/PopUps/AssetMoreInfo.aspx?AssetID=922800"}},{"type":"Feature","geometry":{"type":"Point","coordinates":[-86.43058849,39.42760589]},"properties":{"name":"WASHINGTON TOWNSHIP TRUSTEE MORGAN COUNTY","assetType":"Undesignated Temporary Financial Aid","dataYear":"2018","assetId":"922785","subcategory":"Public Assistance","detail":"https://classic.savi.org/SAVI/PopUps/AssetMoreInfo.aspx?AssetID=922785"}},{"type":"Feature","geometry":{"type":"Point","coordinates":[-86.99324931,39.5106066]},"properties":{"name":"WASHINGTON TOWNSHIP TRUSTEE PUTNAM COUNTY","assetType":"Undesignated Temporary Financial Aid","dataYear":"2018","assetId":"920770","subcategory":"Public Assistance","detail":"https://classic.savi.org/SAVI/PopUps/AssetMoreInfo.aspx?AssetID=920770"}},{"type":"Feature","geometry":{"type":"Point","coordinates":[-85.827034,39.40805555]},"properties":{"name":"WASHINGTON TOWNSHIP TRUSTEE SHELBY COUNTY","assetType":"Undesignated Temporary Financial Aid","dataYear":"2018","assetId":"922764","subcategory":"Public Assistance","detail":"https://classic.savi.org/SAVI/PopUps/AssetMoreInfo.aspx?AssetID=922764"}},{"type":"Feature","geometry":{"type":"Point","coordinates":[-85.93821887,40.05050669]},"properties":{"name":"WAYNE TOWNSHIP TRUSTEE HAMILTON COUNTY","assetType":"Undesignated Temporary Financial Aid","dataYear":"2018","assetId":"922751","subcategory":"Public Assistance","detail":"https://classic.savi.org/SAVI/PopUps/AssetMoreInfo.aspx?AssetID=922751"}},{"type":"Feature","geometry":{"type":"Point","coordinates":[-85.94058855,40.16133247]},"properties":{"name":"WHITE RIVER TOWNSHIP TRUSTEE HAMILTON COUNTY","assetType":"Undesignated Temporary Financial Aid","dataYear":"2018","assetId":"922710","subcategory":"Public Assistance","detail":"https://classic.savi.org/SAVI/PopUps/AssetMoreInfo.aspx?AssetID=922710"}},{"type":"Feature","geometry":{"type":"Point","coordinates":[-86.19677766,39.57247862]},"properties":{"name":"WHITE RIVER TOWNSHIP TRUSTEE JOHNSON COUNTY","assetType":"Undesignated Temporary Financial Aid","dataYear":"2018","assetId":"922700","subcategory":"Public Assistance","detail":"https://classic.savi.org/SAVI/PopUps/AssetMoreInfo.aspx?AssetID=922700"}},{"type":"Feature","geometry":{"type":"Point","coordinates":[-86.27492318,39.95141992]},"properties":{"name":"ZIONSVILLE PUBLIC ASSISTANCE OFFICE","assetType":"Undesignated Temporary Financial Aid","dataYear":"2018","assetId":"921211","subcategory":"Public Assistance","detail":"https://classic.savi.org/SAVI/PopUps/AssetMoreInfo.aspx?AssetID=921211"}},{"type":"Feature","geometry":{"type":"Point","coordinates":[-86.467945,40.039802]},"properties":{"name":"CAGI - Energy Assistance Program -10 11 Boone County","assetType":"Utility Assistance","dataYear":"2011","assetId":"696556","subcategory":"Public Assistance","detail":"https://classic.savi.org/SAVI/PopUps/AssetMoreInfo.aspx?AssetID=696556"}},{"type":"Feature","geometry":{"type":"Point","coordinates":[-86.01190625,40.02972417]},"properties":{"name":"CAGI - Energy Assistance Program -10 11 Hamilton County","assetType":"Utility Assistance","dataYear":"2011","assetId":"696557","subcategory":"Public Assistance","detail":"https://classic.savi.org/SAVI/PopUps/AssetMoreInfo.aspx?AssetID=696557"}},{"type":"Feature","geometry":{"type":"Point","coordinates":[-86.11952614,39.84034285]},"properties":{"name":"CAGI - Energy Assistance Program -10 11 Heating Season","assetType":"Utility Assistance","dataYear":"2011","assetId":"694321","subcategory":"Public Assistance","detail":"https://classic.savi.org/SAVI/PopUps/AssetMoreInfo.aspx?AssetID=694321"}},{"type":"Feature","geometry":{"type":"Point","coordinates":[-86.52438305,39.76177429]},"properties":{"name":"CAGI - Energy Assistance Program -10 11 Hendricks County","assetType":"Utility Assistance","dataYear":"2011","assetId":"696558","subcategory":"Public Assistance","detail":"https://classic.savi.org/SAVI/PopUps/AssetMoreInfo.aspx?AssetID=696558"}},{"type":"Feature","geometry":{"type":"Point","coordinates":[-86.632079,39.47167]},"properties":{"name":"Ashland Township Trustee Morgan County","assetType":"Utility Assistance","dataYear":"2011","assetId":"692221","subcategory":"Public Assistance","detail":"https://classic.savi.org/SAVI/PopUps/AssetMoreInfo.aspx?AssetID=692221"}},{"type":"Feature","geometry":{"type":"Point","coordinates":[-86.50933196,39.37325422]},"properties":{"name":"Baker Township Trustee Morgan County","assetType":"Utility Assistance","dataYear":"2011","assetId":"692338","subcategory":"Public Assistance","detail":"https://classic.savi.org/SAVI/PopUps/AssetMoreInfo.aspx?AssetID=692338"}},{"type":"Feature","geometry":{"type":"Point","coordinates":[-85.64383635,39.742094]},"properties":{"name":"Blue River Township Trustee Hancock County","assetType":"Utility Assistance","dataYear":"2011","assetId":"691701","subcategory":"Public Assistance","detail":"https://classic.savi.org/SAVI/PopUps/AssetMoreInfo.aspx?AssetID=691701"}},{"type":"Feature","geometry":{"type":"Point","coordinates":[-85.96560241,39.35350605]},"properties":{"name":"Blue River Township Trustee Johnson County","assetType":"Utility Assistance","dataYear":"2011","assetId":"692358","subcategory":"Public Assistance","detail":"https://classic.savi.org/SAVI/PopUps/AssetMoreInfo.aspx?AssetID=692358"}},{"type":"Feature","geometry":{"type":"Point","coordinates":[-85.72646822,39.73571329]},"properties":{"name":"Brandywine Township Trustee Hancock County","assetType":"Utility Assistance","dataYear":"2011","assetId":"691702","subcategory":"Public Assistance","detail":"https://classic.savi.org/SAVI/PopUps/AssetMoreInfo.aspx?AssetID=691702"}},{"type":"Feature","geometry":{"type":"Point","coordinates":[-85.86250636,39.58672399]},"properties":{"name":"Brandywine Township Trustee Shelby County","assetType":"Utility Assistance","dataYear":"2011","assetId":"692195","subcategory":"Public Assistance","detail":"https://classic.savi.org/SAVI/PopUps/AssetMoreInfo.aspx?AssetID=692195"}},{"type":"Feature","geometry":{"type":"Point","coordinates":[-86.15918218,39.79509011]},"properties":{"name":"Budget Billing Indianapolis Power & Light Company","assetType":"Utility Assistance","dataYear":"2011","assetId":"694805","subcategory":"Public Assistance","detail":"https://classic.savi.org/SAVI/PopUps/AssetMoreInfo.aspx?AssetID=694805"}},{"type":"Feature","geometry":{"type":"Point","coordinates":[-86.012019,39.826185]},"properties":{"name":"CAFE - CERF","assetType":"Utility Assistance","dataYear":"2011","assetId":"694326","subcategory":"Public Assistance","detail":"https://classic.savi.org/SAVI/PopUps/AssetMoreInfo.aspx?AssetID=694326"}},{"type":"Feature","geometry":{"type":"Point","coordinates":[-86.012019,39.826185]},"properties":{"name":"CAFE - Energy Assistance","assetType":"Utility Assistance","dataYear":"2011","assetId":"694325","subcategory":"Public Assistance","detail":"https://classic.savi.org/SAVI/PopUps/AssetMoreInfo.aspx?AssetID=694325"}},{"type":"Feature","geometry":{"type":"Point","coordinates":[-86.46796339,40.03981665]},"properties":{"name":"CAGI - Boone County Programs","assetType":"Utility Assistance","dataYear":"2011","assetId":"693618","subcategory":"Public Assistance","detail":"https://classic.savi.org/SAVI/PopUps/AssetMoreInfo.aspx?AssetID=693618"}},{"type":"Feature","geometry":{"type":"Point","coordinates":[-86.01190997,40.02970962]},"properties":{"name":"CAGI - Hamilton County Programs","assetType":"Utility Assistance","dataYear":"2011","assetId":"693629","subcategory":"Public Assistance","detail":"https://classic.savi.org/SAVI/PopUps/AssetMoreInfo.aspx?AssetID=693629"}},{"type":"Feature","geometry":{"type":"Point","coordinates":[-86.52421615,39.7613111]},"properties":{"name":"CAGI - Hendricks County Programs","assetType":"Utility Assistance","dataYear":"2011","assetId":"693621","subcategory":"Public Assistance","detail":"https://classic.savi.org/SAVI/PopUps/AssetMoreInfo.aspx?AssetID=693621"}},{"type":"Feature","geometry":{"type":"Point","coordinates":[-86.470833,40.056566]},"properties":{"name":"Center Township Trustee Boone County","assetType":"Utility Assistance","dataYear":"2011","assetId":"691679","subcategory":"Public Assistance","detail":"https://classic.savi.org/SAVI/PopUps/AssetMoreInfo.aspx?AssetID=691679"}},{"type":"Feature","geometry":{"type":"Point","coordinates":[-85.77148998,39.80413172]},"properties":{"name":"Center Township Trustee Hancock County","assetType":"Utility Assistance","dataYear":"2011","assetId":"691706","subcategory":"Public Assistance","detail":"https://classic.savi.org/SAVI/PopUps/AssetMoreInfo.aspx?AssetID=691706"}},{"type":"Feature","geometry":{"type":"Point","coordinates":[-86.52353872,39.75958198]},"properties":{"name":"Center Township Trustee Hendricks County","assetType":"Utility Assistance","dataYear":"2011","assetId":"692335","subcategory":"Public Assistance","detail":"https://classic.savi.org/SAVI/PopUps/AssetMoreInfo.aspx?AssetID=692335"}},{"type":"Feature","geometry":{"type":"Point","coordinates":[-86.14293475,39.77902733]},"properties":{"name":"Center Township Trustee Marion County","assetType":"Utility Assistance","dataYear":"2011","assetId":"691211","subcategory":"Public Assistance","detail":"https://classic.savi.org/SAVI/PopUps/AssetMoreInfo.aspx?AssetID=691211"}},{"type":"Feature","geometry":{"type":"Point","coordinates":[-86.20148183,39.77492423]},"properties":{"name":"Christamore House Family & Comm - Energy Assistance","assetType":"Utility Assistance","dataYear":"2011","assetId":"694323","subcategory":"Public Assistance","detail":"https://classic.savi.org/SAVI/PopUps/AssetMoreInfo.aspx?AssetID=694323"}},{"type":"Feature","geometry":{"type":"Point","coordinates":[-86.39179536,39.70382715]},"properties":{"name":"Christian Support Center","assetType":"Utility Assistance","dataYear":"2011","assetId":"695179","subcategory":"Public Assistance","detail":"https://classic.savi.org/SAVI/PopUps/AssetMoreInfo.aspx?AssetID=695179"}},{"type":"Feature","geometry":{"type":"Point","coordinates":[-86.39179536,39.70382715]},"properties":{"name":"Christian Support Center - Clothing","assetType":"Utility Assistance","dataYear":"2011","assetId":"696540","subcategory":"Public Assistance","detail":"https://classic.savi.org/SAVI/PopUps/AssetMoreInfo.aspx?AssetID=696540"}},{"type":"Feature","geometry":{"type":"Point","coordinates":[-86.15737908,39.79385118]},"properties":{"name":"Citizens Energy Gro - Special Situations C2H READ FIRST","assetType":"Utility Assistance","dataYear":"2011","assetId":"695328","subcategory":"Public Assistance","detail":"https://classic.savi.org/SAVI/PopUps/AssetMoreInfo.aspx?AssetID=695328"}},{"type":"Feature","geometry":{"type":"Point","coordinates":[-86.15737908,39.79385118]},"properties":{"name":"Citizens Energy Group - Crisis Line","assetType":"Utility Assistance","dataYear":"2011","assetId":"693600","subcategory":"Public Assistance","detail":"https://classic.savi.org/SAVI/PopUps/AssetMoreInfo.aspx?AssetID=693600"}},{"type":"Feature","geometry":{"type":"Point","coordinates":[-86.15737908,39.79385118]},"properties":{"name":"Citizens Energy Group - Customer Relations","assetType":"Utility Assistance","dataYear":"2011","assetId":"693324","subcategory":"Public Assistance","detail":"https://classic.savi.org/SAVI/PopUps/AssetMoreInfo.aspx?AssetID=693324"}},{"type":"Feature","geometry":{"type":"Point","coordinates":[-86.15737908,39.79385118]},"properties":{"name":"Citizens Energy Savers Cash Rebates Citizens Energy Group","assetType":"Utility Assistance","dataYear":"2011","assetId":"695681","subcategory":"Public Assistance","detail":"https://classic.savi.org/SAVI/PopUps/AssetMoreInfo.aspx?AssetID=695681"}},{"type":"Feature","geometry":{"type":"Point","coordinates":[-86.14578451,39.94313319]},"properties":{"name":"Clay Township Trustee Hamilton County","assetType":"Utility Assistance","dataYear":"2011","assetId":"691684","subcategory":"Public Assistance","detail":"https://classic.savi.org/SAVI/PopUps/AssetMoreInfo.aspx?AssetID=691684"}},{"type":"Feature","geometry":{"type":"Point","coordinates":[-86.35907,39.51287]},"properties":{"name":"Clay Township Trustee Morgan County","assetType":"Utility Assistance","dataYear":"2011","assetId":"692340","subcategory":"Public Assistance","detail":"https://classic.savi.org/SAVI/PopUps/AssetMoreInfo.aspx?AssetID=692340"}},{"type":"Feature","geometry":{"type":"Point","coordinates":[-86.43499306,40.1262679]},"properties":{"name":"Clinton Township Trustee Boone County","assetType":"Utility Assistance","dataYear":"2011","assetId":"691680","subcategory":"Public Assistance","detail":"https://classic.savi.org/SAVI/PopUps/AssetMoreInfo.aspx?AssetID=691680"}},{"type":"Feature","geometry":{"type":"Point","coordinates":[-86.15972012,39.75007371]},"properties":{"name":"Concord Center Association - Utility Assistance","assetType":"Utility Assistance","dataYear":"2011","assetId":"694322","subcategory":"Public Assistance","detail":"https://classic.savi.org/SAVI/PopUps/AssetMoreInfo.aspx?AssetID=694322"}},{"type":"Feature","geometry":{"type":"Point","coordinates":[-86.26947971,39.6858721]},"properties":{"name":"Decatur Township Trustee Marion County","assetType":"Utility Assistance","dataYear":"2011","assetId":"691217","subcategory":"Public Assistance","detail":"https://classic.savi.org/SAVI/PopUps/AssetMoreInfo.aspx?AssetID=691217"}},{"type":"Feature","geometry":{"type":"Point","coordinates":[-86.00938317,39.97911181]},"properties":{"name":"Delaware Township Trustee Hamilton County","assetType":"Utility Assistance","dataYear":"2011","assetId":"691689","subcategory":"Public Assistance","detail":"https://classic.savi.org/SAVI/PopUps/AssetMoreInfo.aspx?AssetID=691689"}},{"type":"Feature","geometry":{"type":"Point","coordinates":[-86.27110127,39.83356255]},"properties":{"name":"Eagle Creek Community Westside Soc Svc - Limited Fin An Help H","assetType":"Utility Assistance","dataYear":"2011","assetId":"694892","subcategory":"Public Assistance","detail":"https://classic.savi.org/SAVI/PopUps/AssetMoreInfo.aspx?AssetID=694892"}},{"type":"Feature","geometry":{"type":"Point","coordinates":[-86.211669,39.884403]},"properties":{"name":"Fay Biccard Glick - Emergency Assistance","assetType":"Utility Assistance","dataYear":"2011","assetId":"694371","subcategory":"Public Assistance","detail":"https://classic.savi.org/SAVI/PopUps/AssetMoreInfo.aspx?AssetID=694371"}},{"type":"Feature","geometry":{"type":"Point","coordinates":[-86.15915341,39.78655617]},"properties":{"name":"Financial and Identification Assistance Catholic Charities","assetType":"Utility Assistance","dataYear":"2011","assetId":"694137","subcategory":"Public Assistance","detail":"https://classic.savi.org/SAVI/PopUps/AssetMoreInfo.aspx?AssetID=694137"}},{"type":"Feature","geometry":{"type":"Point","coordinates":[-86.17027278,39.80155389]},"properties":{"name":"Flanner House of Indianapolis - Emergency Assistance","assetType":"Utility Assistance","dataYear":"2011","assetId":"694833","subcategory":"Public Assistance","detail":"https://classic.savi.org/SAVI/PopUps/AssetMoreInfo.aspx?AssetID=694833"}},{"type":"Feature","geometry":{"type":"Point","coordinates":[-86.17031826,39.80173028]},"properties":{"name":"Flanner House of Indpls - Energy Assistance Heat","assetType":"Utility Assistance","dataYear":"2011","assetId":"694327","subcategory":"Public Assistance","detail":"https://classic.savi.org/SAVI/PopUps/AssetMoreInfo.aspx?AssetID=694327"}},{"type":"Feature","geometry":{"type":"Point","coordinates":[-86.06336163,39.67763664]},"properties":{"name":"Franklin Township Trustee Marion County","assetType":"Utility Assistance","dataYear":"2011","assetId":"691225","subcategory":"Public Assistance","detail":"https://classic.savi.org/SAVI/PopUps/AssetMoreInfo.aspx?AssetID=691225"}},{"type":"Feature","geometry":{"type":"Point","coordinates":[-86.3384718,39.45187227]},"properties":{"name":"Green Township Trustee Morgan County","assetType":"Utility Assistance","dataYear":"2011","assetId":"692343","subcategory":"Public Assistance","detail":"https://classic.savi.org/SAVI/PopUps/AssetMoreInfo.aspx?AssetID=692343"}},{"type":"Feature","geometry":{"type":"Point","coordinates":[-86.51193351,39.96129764]},"properties":{"name":"Harrison Township Trustee Boone County","assetType":"Utility Assistance","dataYear":"2011","assetId":"692187","subcategory":"Public Assistance","detail":"https://classic.savi.org/SAVI/PopUps/AssetMoreInfo.aspx?AssetID=692187"}},{"type":"Feature","geometry":{"type":"Point","coordinates":[-86.25866774,39.55548697]},"properties":{"name":"Harrison Township Trustee Morgan County","assetType":"Utility Assistance","dataYear":"2011","assetId":"692198","subcategory":"Public Assistance","detail":"https://classic.savi.org/SAVI/PopUps/AssetMoreInfo.aspx?AssetID=692198"}},{"type":"Feature","geometry":{"type":"Point","coordinates":[-86.20178481,39.7676673]},"properties":{"name":"Hawthorne Community Center - Energy Assistance","assetType":"Utility Assistance","dataYear":"2011","assetId":"694832","subcategory":"Public Assistance","detail":"https://classic.savi.org/SAVI/PopUps/AssetMoreInfo.aspx?AssetID=694832"}},{"type":"Feature","geometry":{"type":"Point","coordinates":[-86.20217788,39.76805407]},"properties":{"name":"Hawthorne Community Center - Last 25 or 50 of a bill","assetType":"Utility Assistance","dataYear":"2011","assetId":"693436","subcategory":"Public Assistance","detail":"https://classic.savi.org/SAVI/PopUps/AssetMoreInfo.aspx?AssetID=693436"}},{"type":"Feature","geometry":{"type":"Point","coordinates":[-86.20178481,39.7676673]},"properties":{"name":"Hawthorne Community Ctr - Energy Assistance","assetType":"Utility Assistance","dataYear":"2011","assetId":"694324","subcategory":"Public Assistance","detail":"https://classic.savi.org/SAVI/PopUps/AssetMoreInfo.aspx?AssetID=694324"}},{"type":"Feature","geometry":{"type":"Point","coordinates":[-86.05629591,39.48169183]},"properties":{"name":"Human Services Johnson County - Seasonal Utility Assistance","assetType":"Utility Assistance","dataYear":"2011","assetId":"692176","subcategory":"Public Assistance","detail":"https://classic.savi.org/SAVI/PopUps/AssetMoreInfo.aspx?AssetID=692176"}},{"type":"Feature","geometry":{"type":"Point","coordinates":[-85.76868376,39.80940172]},"properties":{"name":"ICAP Hancock County - Seasonal Utility Assistance","assetType":"Utility Assistance","dataYear":"2011","assetId":"691342","subcategory":"Public Assistance","detail":"https://classic.savi.org/SAVI/PopUps/AssetMoreInfo.aspx?AssetID=691342"}},{"type":"Feature","geometry":{"type":"Point","coordinates":[-86.15918218,39.79509011]},"properties":{"name":"Indianapolis Power & Light Company - Customer Service","assetType":"Utility Assistance","dataYear":"2011","assetId":"691796","subcategory":"Public Assistance","detail":"https://classic.savi.org/SAVI/PopUps/AssetMoreInfo.aspx?AssetID=691796"}},{"type":"Feature","geometry":{"type":"Point","coordinates":[-86.18402208,39.78416293]},"properties":{"name":"Indianapolis Water Company - Customer Service","assetType":"Utility Assistance","dataYear":"2011","assetId":"693336","subcategory":"Public Assistance","detail":"https://classic.savi.org/SAVI/PopUps/AssetMoreInfo.aspx?AssetID=693336"}},{"type":"Feature","geometry":{"type":"Point","coordinates":[-86.123322,39.78142]},"properties":{"name":"John H Boner Comm Ctr - FEMA Energy Assistance","assetType":"Utility Assistance","dataYear":"2011","assetId":"694328","subcategory":"Public Assistance","detail":"https://classic.savi.org/SAVI/PopUps/AssetMoreInfo.aspx?AssetID=694328"}},{"type":"Feature","geometry":{"type":"Point","coordinates":[-86.012019,39.826185]},"properties":{"name":"La Plaza - FEMA Energy Assistance Winter","assetType":"Utility Assistance","dataYear":"2011","assetId":"694330","subcategory":"Public Assistance","detail":"https://classic.savi.org/SAVI/PopUps/AssetMoreInfo.aspx?AssetID=694330"}},{"type":"Feature","geometry":{"type":"Point","coordinates":[-86.47459414,39.84847912]},"properties":{"name":"Lifeline Link-up Hancock Telecom","assetType":"Utility Assistance","dataYear":"2011","assetId":"695034","subcategory":"Public Assistance","detail":"https://classic.savi.org/SAVI/PopUps/AssetMoreInfo.aspx?AssetID=695034"}},{"type":"Feature","geometry":{"type":"Point","coordinates":[-86.15851728,39.82864946]},"properties":{"name":"MLK Community Center - Energy Assistance Winter","assetType":"Utility Assistance","dataYear":"2011","assetId":"694329","subcategory":"Public Assistance","detail":"https://classic.savi.org/SAVI/PopUps/AssetMoreInfo.aspx?AssetID=694329"}},{"type":"Feature","geometry":{"type":"Point","coordinates":[-86.13913942,39.69439255]},"properties":{"name":"Perry Township Trustee Marion County","assetType":"Utility Assistance","dataYear":"2011","assetId":"691391","subcategory":"Public Assistance","detail":"https://classic.savi.org/SAVI/PopUps/AssetMoreInfo.aspx?AssetID=691391"}},{"type":"Feature","geometry":{"type":"Point","coordinates":[-86.26439347,39.8542316]},"properties":{"name":"Pike Township Trustee Marion County","assetType":"Utility Assistance","dataYear":"2011","assetId":"691227","subcategory":"Public Assistance","detail":"https://classic.savi.org/SAVI/PopUps/AssetMoreInfo.aspx?AssetID=691227"}},{"type":"Feature","geometry":{"type":"Point","coordinates":[-86.43014035,39.42676075]},"properties":{"name":"South Central CAP Morgan County - Energy Assistance","assetType":"Utility Assistance","dataYear":"2011","assetId":"692178","subcategory":"Public Assistance","detail":"https://classic.savi.org/SAVI/PopUps/AssetMoreInfo.aspx?AssetID=692178"}},{"type":"Feature","geometry":{"type":"Point","coordinates":[-86.139675,39.754796]},"properties":{"name":"Southeast Community Services - Energy Assistance","assetType":"Utility Assistance","dataYear":"2011","assetId":"694331","subcategory":"Public Assistance","detail":"https://classic.savi.org/SAVI/PopUps/AssetMoreInfo.aspx?AssetID=694331"}},{"type":"Feature","geometry":{"type":"Point","coordinates":[-86.15618349,39.7687157]},"properties":{"name":"The Arc of Indiana - Winter Heating Assistance","assetType":"Utility Assistance","dataYear":"2011","assetId":"695709","subcategory":"Public Assistance","detail":"https://classic.savi.org/SAVI/PopUps/AssetMoreInfo.aspx?AssetID=695709"}},{"type":"Feature","geometry":{"type":"Point","coordinates":[-86.12072637,39.84296464]},"properties":{"name":"WAF - CICOA Aging & In Home Solutions","assetType":"Utility Assistance","dataYear":"2011","assetId":"695759","subcategory":"Public Assistance","detail":"https://classic.savi.org/SAVI/PopUps/AssetMoreInfo.aspx?AssetID=695759"}},{"type":"Feature","geometry":{"type":"Point","coordinates":[-86.17299888,39.87939763]},"properties":{"name":"WAF - Elder Source","assetType":"Utility Assistance","dataYear":"2011","assetId":"695726","subcategory":"Public Assistance","detail":"https://classic.savi.org/SAVI/PopUps/AssetMoreInfo.aspx?AssetID=695726"}},{"type":"Feature","geometry":{"type":"Point","coordinates":[-86.15737908,39.79385118]},"properties":{"name":"Warm Heart Warm Home Citizens Energy Group","assetType":"Utility Assistance","dataYear":"2011","assetId":"694583","subcategory":"Public Assistance","detail":"https://classic.savi.org/SAVI/PopUps/AssetMoreInfo.aspx?AssetID=694583"}},{"type":"Feature","geometry":{"type":"Point","coordinates":[-86.00905849,39.77835215]},"properties":{"name":"Warren Township Trustee Marion County","assetType":"Utility Assistance","dataYear":"2011","assetId":"691232","subcategory":"Public Assistance","detail":"https://classic.savi.org/SAVI/PopUps/AssetMoreInfo.aspx?AssetID=691232"}},{"type":"Feature","geometry":{"type":"Point","coordinates":[-86.25251879,39.75201595]},"properties":{"name":"Wayne Township Trustee Marion County","assetType":"Utility Assistance","dataYear":"2011","assetId":"691335","subcategory":"Public Assistance","detail":"https://classic.savi.org/SAVI/PopUps/AssetMoreInfo.aspx?AssetID=691335"}},{"type":"Feature","geometry":{"type":"Point","coordinates":[-86.157478,39.793633]},"properties":{"name":"CITIZENS ENERGY GROUP","assetType":"Utility Assistance","dataYear":"2013","assetId":"797037","subcategory":"Public Assistance","detail":"https://classic.savi.org/SAVI/PopUps/AssetMoreInfo.aspx?AssetID=797037"}},{"type":"Feature","geometry":{"type":"Point","coordinates":[-86.15577276,39.80796388]},"properties":{"name":"ACTION HEALTH CENTER - WIC OFFICE","assetType":"WIC","dataYear":"2018","assetId":"921051","subcategory":"Public Assistance","detail":"https://classic.savi.org/SAVI/PopUps/AssetMoreInfo.aspx?AssetID=921051"}},{"type":"Feature","geometry":{"type":"Point","coordinates":[-86.15577276,39.80796388]},"properties":{"name":"Action Center WIC","assetType":"WIC","dataYear":"2018","assetId":"923113","subcategory":"Public Assistance","detail":"https://classic.savi.org/SAVI/PopUps/AssetMoreInfo.aspx?AssetID=923113"}},{"type":"Feature","geometry":{"type":"Point","coordinates":[-86.23013784,39.81890779]},"properties":{"name":"Action Center WIC Program","assetType":"WIC","dataYear":"2018","assetId":"923226","subcategory":"Public Assistance","detail":"https://classic.savi.org/SAVI/PopUps/AssetMoreInfo.aspx?AssetID=923226"}},{"type":"Feature","geometry":{"type":"Point","coordinates":[-86.47699148,40.04781546]},"properties":{"name":"Arc Rehab Service Inc","assetType":"WIC","dataYear":"2018","assetId":"924851","subcategory":"Public Assistance","detail":"https://classic.savi.org/SAVI/PopUps/AssetMoreInfo.aspx?AssetID=924851"}},{"type":"Feature","geometry":{"type":"Point","coordinates":[-86.11511119,39.82809566]},"properties":{"name":"Avondale Meadows WIC","assetType":"WIC","dataYear":"2018","assetId":"923329","subcategory":"Public Assistance","detail":"https://classic.savi.org/SAVI/PopUps/AssetMoreInfo.aspx?AssetID=923329"}},{"type":"Feature","geometry":{"type":"Point","coordinates":[-86.10783338,39.7373667]},"properties":{"name":"BARRINGTON WIC CLINIC","assetType":"WIC","dataYear":"2018","assetId":"920958","subcategory":"Public Assistance","detail":"https://classic.savi.org/SAVI/PopUps/AssetMoreInfo.aspx?AssetID=920958"}},{"type":"Feature","geometry":{"type":"Point","coordinates":[-86.17178708,39.80552985]},"properties":{"name":"BLACKBURN HEALTH CENTER WIC OFFICE","assetType":"WIC","dataYear":"2018","assetId":"920962","subcategory":"Public Assistance","detail":"https://classic.savi.org/SAVI/PopUps/AssetMoreInfo.aspx?AssetID=920962"}},{"type":"Feature","geometry":{"type":"Point","coordinates":[-86.47712242,40.04723656]},"properties":{"name":"BOONE COUNTY WIC OFFICE","assetType":"WIC","dataYear":"2018","assetId":"920765","subcategory":"Public Assistance","detail":"https://classic.savi.org/SAVI/PopUps/AssetMoreInfo.aspx?AssetID=920765"}},{"type":"Feature","geometry":{"type":"Point","coordinates":[-86.24040212,39.20141948]},"properties":{"name":"BROWN CO IGA","assetType":"WIC","dataYear":"2018","assetId":"923973","subcategory":"Public Assistance","detail":"https://classic.savi.org/SAVI/PopUps/AssetMoreInfo.aspx?AssetID=923973"}},{"type":"Feature","geometry":{"type":"Point","coordinates":[-86.2476771,39.2055025]},"properties":{"name":"BROWN COUNTY WIC OFFICE","assetType":"WIC","dataYear":"2018","assetId":"921047","subcategory":"Public Assistance","detail":"https://classic.savi.org/SAVI/PopUps/AssetMoreInfo.aspx?AssetID=921047"}},{"type":"Feature","geometry":{"type":"Point","coordinates":[-86.15758877,39.72194709]},"properties":{"name":"BUCKS SUPERMARKET","assetType":"WIC","dataYear":"2018","assetId":"923138","subcategory":"Public Assistance","detail":"https://classic.savi.org/SAVI/PopUps/AssetMoreInfo.aspx?AssetID=923138"}},{"type":"Feature","geometry":{"type":"Point","coordinates":[-86.13993006,39.75012191]},"properties":{"name":"BUDS SUPERMARKET","assetType":"WIC","dataYear":"2018","assetId":"925038","subcategory":"Public Assistance","detail":"https://classic.savi.org/SAVI/PopUps/AssetMoreInfo.aspx?AssetID=925038"}},{"type":"Feature","geometry":{"type":"Point","coordinates":[-86.10783338,39.7373667]},"properties":{"name":"Barrington WIC Clinic","assetType":"WIC","dataYear":"2018","assetId":"923343","subcategory":"Public Assistance","detail":"https://classic.savi.org/SAVI/PopUps/AssetMoreInfo.aspx?AssetID=923343"}},{"type":"Feature","geometry":{"type":"Point","coordinates":[-86.10783338,39.7373667]},"properties":{"name":"Barrington WIC Clinic","assetType":"WIC","dataYear":"2018","assetId":"924687","subcategory":"Public Assistance","detail":"https://classic.savi.org/SAVI/PopUps/AssetMoreInfo.aspx?AssetID=924687"}},{"type":"Feature","geometry":{"type":"Point","coordinates":[-86.17181183,39.80558222]},"properties":{"name":"Blackburn Clinic","assetType":"WIC","dataYear":"2018","assetId":"923158","subcategory":"Public Assistance","detail":"https://classic.savi.org/SAVI/PopUps/AssetMoreInfo.aspx?AssetID=923158"}},{"type":"Feature","geometry":{"type":"Point","coordinates":[-86.17181183,39.80558222]},"properties":{"name":"Blackburn Clinic","assetType":"WIC","dataYear":"2018","assetId":"923766","subcategory":"Public Assistance","detail":"https://classic.savi.org/SAVI/PopUps/AssetMoreInfo.aspx?AssetID=923766"}},{"type":"Feature","geometry":{"type":"Point","coordinates":[-86.47712242,40.04723656]},"properties":{"name":"Boone Co WIC Program","assetType":"WIC","dataYear":"2018","assetId":"924076","subcategory":"Public Assistance","detail":"https://classic.savi.org/SAVI/PopUps/AssetMoreInfo.aspx?AssetID=924076"}},{"type":"Feature","geometry":{"type":"Point","coordinates":[-86.47712242,40.04723656]},"properties":{"name":"Boone County WIC","assetType":"WIC","dataYear":"2018","assetId":"923208","subcategory":"Public Assistance","detail":"https://classic.savi.org/SAVI/PopUps/AssetMoreInfo.aspx?AssetID=923208"}},{"type":"Feature","geometry":{"type":"Point","coordinates":[-86.2476771,39.2055025]},"properties":{"name":"Brown Co WIC Program","assetType":"WIC","dataYear":"2018","assetId":"924537","subcategory":"Public Assistance","detail":"https://classic.savi.org/SAVI/PopUps/AssetMoreInfo.aspx?AssetID=924537"}},{"type":"Feature","geometry":{"type":"Point","coordinates":[-86.22037589,39.76287501]},"properties":{"name":"CARNICERIA EL RANCHITO","assetType":"WIC","dataYear":"2018","assetId":"922944","subcategory":"Public Assistance","detail":"https://classic.savi.org/SAVI/PopUps/AssetMoreInfo.aspx?AssetID=922944"}},{"type":"Feature","geometry":{"type":"Point","coordinates":[-86.12059724,39.84273489]},"properties":{"name":"CENTRAL INDIANA COUNCIL ON AGING","assetType":"WIC","dataYear":"2018","assetId":"923412","subcategory":"Public Assistance","detail":"https://classic.savi.org/SAVI/PopUps/AssetMoreInfo.aspx?AssetID=923412"}},{"type":"Feature","geometry":{"type":"Point","coordinates":[-86.80926233,39.52327264]},"properties":{"name":"CLOVERDALE VALUE MARKET","assetType":"WIC","dataYear":"2018","assetId":"923481","subcategory":"Public Assistance","detail":"https://classic.savi.org/SAVI/PopUps/AssetMoreInfo.aspx?AssetID=923481"}},{"type":"Feature","geometry":{"type":"Point","coordinates":[-86.13994636,39.74821923]},"properties":{"name":"COTTAGE CORNER WIC CLINIC","assetType":"WIC","dataYear":"2018","assetId":"920955","subcategory":"Public Assistance","detail":"https://classic.savi.org/SAVI/PopUps/AssetMoreInfo.aspx?AssetID=920955"}},{"type":"Feature","geometry":{"type":"Point","coordinates":[-86.11586648,39.76914236]},"properties":{"name":"Care Center Shelter","assetType":"WIC","dataYear":"2018","assetId":"924855","subcategory":"Public Assistance","detail":"https://classic.savi.org/SAVI/PopUps/AssetMoreInfo.aspx?AssetID=924855"}},{"type":"Feature","geometry":{"type":"Point","coordinates":[-86.0739627,39.78763739]},"properties":{"name":"Community East Hospital","assetType":"WIC","dataYear":"2018","assetId":"923241","subcategory":"Public Assistance","detail":"https://classic.savi.org/SAVI/PopUps/AssetMoreInfo.aspx?AssetID=923241"}},{"type":"Feature","geometry":{"type":"Point","coordinates":[-85.69332463,40.13039225]},"properties":{"name":"Community Hospital Anderson","assetType":"WIC","dataYear":"2018","assetId":"923607","subcategory":"Public Assistance","detail":"https://classic.savi.org/SAVI/PopUps/AssetMoreInfo.aspx?AssetID=923607"}},{"type":"Feature","geometry":{"type":"Point","coordinates":[-86.04323874,39.90035733]},"properties":{"name":"Community North Hospital","assetType":"WIC","dataYear":"2018","assetId":"924038","subcategory":"Public Assistance","detail":"https://classic.savi.org/SAVI/PopUps/AssetMoreInfo.aspx?AssetID=924038"}},{"type":"Feature","geometry":{"type":"Point","coordinates":[-86.13252062,39.6371186]},"properties":{"name":"Community South Hospital","assetType":"WIC","dataYear":"2018","assetId":"924731","subcategory":"Public Assistance","detail":"https://classic.savi.org/SAVI/PopUps/AssetMoreInfo.aspx?AssetID=924731"}},{"type":"Feature","geometry":{"type":"Point","coordinates":[-86.14009831,39.74778985]},"properties":{"name":"Cottage Corner WIC Office","assetType":"WIC","dataYear":"2018","assetId":"923478","subcategory":"Public Assistance","detail":"https://classic.savi.org/SAVI/PopUps/AssetMoreInfo.aspx?AssetID=923478"}},{"type":"Feature","geometry":{"type":"Point","coordinates":[-86.14009831,39.74778985]},"properties":{"name":"Cottage Corner WIC Office","assetType":"WIC","dataYear":"2018","assetId":"925036","subcategory":"Public Assistance","detail":"https://classic.savi.org/SAVI/PopUps/AssetMoreInfo.aspx?AssetID=925036"}},{"type":"Feature","geometry":{"type":"Point","coordinates":[-86.14808076,39.81794553]},"properties":{"name":"DOUBLE 8 FOODS","assetType":"WIC","dataYear":"2018","assetId":"924166","subcategory":"Public Assistance","detail":"https://classic.savi.org/SAVI/PopUps/AssetMoreInfo.aspx?AssetID=924166"}},{"type":"Feature","geometry":{"type":"Point","coordinates":[-86.17286904,39.80843777]},"properties":{"name":"DOUBLE 8 FOODS","assetType":"WIC","dataYear":"2018","assetId":"923574","subcategory":"Public Assistance","detail":"https://classic.savi.org/SAVI/PopUps/AssetMoreInfo.aspx?AssetID=923574"}},{"type":"Feature","geometry":{"type":"Point","coordinates":[-86.1595992,39.82653265]},"properties":{"name":"DOUBLE 8 FOODS","assetType":"WIC","dataYear":"2018","assetId":"923442","subcategory":"Public Assistance","detail":"https://classic.savi.org/SAVI/PopUps/AssetMoreInfo.aspx?AssetID=923442"}},{"type":"Feature","geometry":{"type":"Point","coordinates":[-86.10241417,39.81004775]},"properties":{"name":"DOUBLE 8 FOODS 1","assetType":"WIC","dataYear":"2018","assetId":"923000","subcategory":"Public Assistance","detail":"https://classic.savi.org/SAVI/PopUps/AssetMoreInfo.aspx?AssetID=923000"}},{"type":"Feature","geometry":{"type":"Point","coordinates":[-86.14928962,39.78760572]},"properties":{"name":"Day Spring Shelter","assetType":"WIC","dataYear":"2018","assetId":"923418","subcategory":"Public Assistance","detail":"https://classic.savi.org/SAVI/PopUps/AssetMoreInfo.aspx?AssetID=923418"}},{"type":"Feature","geometry":{"type":"Point","coordinates":[-86.12398263,39.83733031]},"properties":{"name":"Duke Street Warehouse","assetType":"WIC","dataYear":"2018","assetId":"925238","subcategory":"Public Assistance","detail":"https://classic.savi.org/SAVI/PopUps/AssetMoreInfo.aspx?AssetID=925238"}},{"type":"Feature","geometry":{"type":"Point","coordinates":[-86.12398263,39.83733031]},"properties":{"name":"Duke Street Warehouse","assetType":"WIC","dataYear":"2018","assetId":"925273","subcategory":"Public Assistance","detail":"https://classic.savi.org/SAVI/PopUps/AssetMoreInfo.aspx?AssetID=925273"}},{"type":"Feature","geometry":{"type":"Point","coordinates":[-86.18302418,39.77762562]},"properties":{"name":"Eskenazi Hospital","assetType":"WIC","dataYear":"2018","assetId":"923178","subcategory":"Public Assistance","detail":"https://classic.savi.org/SAVI/PopUps/AssetMoreInfo.aspx?AssetID=923178"}},{"type":"Feature","geometry":{"type":"Point","coordinates":[-86.48054822,39.58538198]},"properties":{"name":"FRABERGS IGA 1489","assetType":"WIC","dataYear":"2018","assetId":"924382","subcategory":"Public Assistance","detail":"https://classic.savi.org/SAVI/PopUps/AssetMoreInfo.aspx?AssetID=924382"}},{"type":"Feature","geometry":{"type":"Point","coordinates":[-86.00642997,39.8565406]},"properties":{"name":"FT HARRISON COMMISSARY","assetType":"WIC","dataYear":"2018","assetId":"922835","subcategory":"Public Assistance","detail":"https://classic.savi.org/SAVI/PopUps/AssetMoreInfo.aspx?AssetID=922835"}},{"type":"Feature","geometry":{"type":"Point","coordinates":[-86.10286914,39.82650641]},"properties":{"name":"Forest Manor Breastfeeding Center","assetType":"WIC","dataYear":"2018","assetId":"923184","subcategory":"Public Assistance","detail":"https://classic.savi.org/SAVI/PopUps/AssetMoreInfo.aspx?AssetID=923184"}},{"type":"Feature","geometry":{"type":"Point","coordinates":[-86.10286914,39.82650641]},"properties":{"name":"Forest Manor Health Center","assetType":"WIC","dataYear":"2018","assetId":"924130","subcategory":"Public Assistance","detail":"https://classic.savi.org/SAVI/PopUps/AssetMoreInfo.aspx?AssetID=924130"}},{"type":"Feature","geometry":{"type":"Point","coordinates":[-86.00161822,39.82527041]},"properties":{"name":"GRASSY CREEK HEALTH CENTER WIC OFFICE","assetType":"WIC","dataYear":"2018","assetId":"920956","subcategory":"Public Assistance","detail":"https://classic.savi.org/SAVI/PopUps/AssetMoreInfo.aspx?AssetID=920956"}},{"type":"Feature","geometry":{"type":"Point","coordinates":[-86.24055564,39.82729727]},"properties":{"name":"Georgetown Clinic WIC Program","assetType":"WIC","dataYear":"2018","assetId":"924059","subcategory":"Public Assistance","detail":"https://classic.savi.org/SAVI/PopUps/AssetMoreInfo.aspx?AssetID=924059"}},{"type":"Feature","geometry":{"type":"Point","coordinates":[-86.26094522,39.71064183]},"properties":{"name":"Gleaners Food Bank of Indiana","assetType":"WIC","dataYear":"2018","assetId":"925239","subcategory":"Public Assistance","detail":"https://classic.savi.org/SAVI/PopUps/AssetMoreInfo.aspx?AssetID=925239"}},{"type":"Feature","geometry":{"type":"Point","coordinates":[-86.00161822,39.82527041]},"properties":{"name":"Grassy Creek Clinic","assetType":"WIC","dataYear":"2018","assetId":"923541","subcategory":"Public Assistance","detail":"https://classic.savi.org/SAVI/PopUps/AssetMoreInfo.aspx?AssetID=923541"}},{"type":"Feature","geometry":{"type":"Point","coordinates":[-86.00161822,39.82527041]},"properties":{"name":"Grassy Creek Clinic","assetType":"WIC","dataYear":"2018","assetId":"925256","subcategory":"Public Assistance","detail":"https://classic.savi.org/SAVI/PopUps/AssetMoreInfo.aspx?AssetID=925256"}},{"type":"Feature","geometry":{"type":"Point","coordinates":[-86.01158953,40.05439647]},"properties":{"name":"HAMILTON COUNTY WIC OFFICE","assetType":"WIC","dataYear":"2018","assetId":"920763","subcategory":"Public Assistance","detail":"https://classic.savi.org/SAVI/PopUps/AssetMoreInfo.aspx?AssetID=920763"}},{"type":"Feature","geometry":{"type":"Point","coordinates":[-85.7717526,39.79997756]},"properties":{"name":"HANCOCK COUNTY WIC CLINIC","assetType":"WIC","dataYear":"2018","assetId":"920761","subcategory":"Public Assistance","detail":"https://classic.savi.org/SAVI/PopUps/AssetMoreInfo.aspx?AssetID=920761"}},{"type":"Feature","geometry":{"type":"Point","coordinates":[-85.84121124,40.28699081]},"properties":{"name":"HARVEST 1","assetType":"WIC","dataYear":"2018","assetId":"924831","subcategory":"Public Assistance","detail":"https://classic.savi.org/SAVI/PopUps/AssetMoreInfo.aspx?AssetID=924831"}},{"type":"Feature","geometry":{"type":"Point","coordinates":[-85.60177603,40.11216]},"properties":{"name":"HARVEST 10","assetType":"WIC","dataYear":"2018","assetId":"923112","subcategory":"Public Assistance","detail":"https://classic.savi.org/SAVI/PopUps/AssetMoreInfo.aspx?AssetID=923112"}},{"type":"Feature","geometry":{"type":"Point","coordinates":[-85.67854456,40.13486865]},"properties":{"name":"HARVEST 4","assetType":"WIC","dataYear":"2018","assetId":"925184","subcategory":"Public Assistance","detail":"https://classic.savi.org/SAVI/PopUps/AssetMoreInfo.aspx?AssetID=925184"}},{"type":"Feature","geometry":{"type":"Point","coordinates":[-85.65204985,40.10760698]},"properties":{"name":"HARVEST 6","assetType":"WIC","dataYear":"2018","assetId":"923451","subcategory":"Public Assistance","detail":"https://classic.savi.org/SAVI/PopUps/AssetMoreInfo.aspx?AssetID=923451"}},{"type":"Feature","geometry":{"type":"Point","coordinates":[-85.67230408,40.27373616]},"properties":{"name":"HARVEST 7","assetType":"WIC","dataYear":"2018","assetId":"924826","subcategory":"Public Assistance","detail":"https://classic.savi.org/SAVI/PopUps/AssetMoreInfo.aspx?AssetID=924826"}},{"type":"Feature","geometry":{"type":"Point","coordinates":[-85.76579543,40.21995322]},"properties":{"name":"HARVEST 8","assetType":"WIC","dataYear":"2018","assetId":"923689","subcategory":"Public Assistance","detail":"https://classic.savi.org/SAVI/PopUps/AssetMoreInfo.aspx?AssetID=923689"}},{"type":"Feature","geometry":{"type":"Point","coordinates":[-86.52009439,39.75840175]},"properties":{"name":"HENDRICKS COUNTY WIC OFFICE","assetType":"WIC","dataYear":"2018","assetId":"921055","subcategory":"Public Assistance","detail":"https://classic.savi.org/SAVI/PopUps/AssetMoreInfo.aspx?AssetID=921055"}},{"type":"Feature","geometry":{"type":"Point","coordinates":[-86.01158953,40.05439647]},"properties":{"name":"Hamilton County WIC Program","assetType":"WIC","dataYear":"2018","assetId":"923358","subcategory":"Public Assistance","detail":"https://classic.savi.org/SAVI/PopUps/AssetMoreInfo.aspx?AssetID=923358"}},{"type":"Feature","geometry":{"type":"Point","coordinates":[-85.7717526,39.79997756]},"properties":{"name":"Hancock Co WIC Clinic","assetType":"WIC","dataYear":"2018","assetId":"923594","subcategory":"Public Assistance","detail":"https://classic.savi.org/SAVI/PopUps/AssetMoreInfo.aspx?AssetID=923594"}},{"type":"Feature","geometry":{"type":"Point","coordinates":[-85.7717526,39.79997756]},"properties":{"name":"Hancock Co WIC Clinic","assetType":"WIC","dataYear":"2018","assetId":"924153","subcategory":"Public Assistance","detail":"https://classic.savi.org/SAVI/PopUps/AssetMoreInfo.aspx?AssetID=924153"}},{"type":"Feature","geometry":{"type":"Point","coordinates":[-86.11688823,39.82601137]},"properties":{"name":"Hasbrook - Administration WIC Coord","assetType":"WIC","dataYear":"2018","assetId":"922888","subcategory":"Public Assistance","detail":"https://classic.savi.org/SAVI/PopUps/AssetMoreInfo.aspx?AssetID=922888"}},{"type":"Feature","geometry":{"type":"Point","coordinates":[-86.11688823,39.82601137]},"properties":{"name":"Hasbrook - Administration WIC Coord","assetType":"WIC","dataYear":"2018","assetId":"923997","subcategory":"Public Assistance","detail":"https://classic.savi.org/SAVI/PopUps/AssetMoreInfo.aspx?AssetID=923997"}},{"type":"Feature","geometry":{"type":"Point","coordinates":[-86.52009439,39.75840175]},"properties":{"name":"Hendricks County Health Foundation Inc","assetType":"WIC","dataYear":"2018","assetId":"922998","subcategory":"Public Assistance","detail":"https://classic.savi.org/SAVI/PopUps/AssetMoreInfo.aspx?AssetID=922998"}},{"type":"Feature","geometry":{"type":"Point","coordinates":[-86.52009439,39.75840175]},"properties":{"name":"Hendricks County WIC Program","assetType":"WIC","dataYear":"2018","assetId":"923543","subcategory":"Public Assistance","detail":"https://classic.savi.org/SAVI/PopUps/AssetMoreInfo.aspx?AssetID=923543"}},{"type":"Feature","geometry":{"type":"Point","coordinates":[-86.52009439,39.75840175]},"properties":{"name":"Hendricks County WIC Program","assetType":"WIC","dataYear":"2018","assetId":"923483","subcategory":"Public Assistance","detail":"https://classic.savi.org/SAVI/PopUps/AssetMoreInfo.aspx?AssetID=923483"}},{"type":"Feature","geometry":{"type":"Point","coordinates":[-86.14630243,39.7749305]},"properties":{"name":"Hispanic Center","assetType":"WIC","dataYear":"2018","assetId":"923477","subcategory":"Public Assistance","detail":"https://classic.savi.org/SAVI/PopUps/AssetMoreInfo.aspx?AssetID=923477"}},{"type":"Feature","geometry":{"type":"Point","coordinates":[-86.01158953,40.05439647]},"properties":{"name":"Indiana Health Centers","assetType":"WIC","dataYear":"2018","assetId":"924498","subcategory":"Public Assistance","detail":"https://classic.savi.org/SAVI/PopUps/AssetMoreInfo.aspx?AssetID=924498"}},{"type":"Feature","geometry":{"type":"Point","coordinates":[-86.05437887,39.90270867]},"properties":{"name":"Indiana Health Centers Inc","assetType":"WIC","dataYear":"2018","assetId":"924052","subcategory":"Public Assistance","detail":"https://classic.savi.org/SAVI/PopUps/AssetMoreInfo.aspx?AssetID=924052"}},{"type":"Feature","geometry":{"type":"Point","coordinates":[-86.41212534,39.42765386]},"properties":{"name":"Indiana University Health Morgan Hospital","assetType":"WIC","dataYear":"2018","assetId":"924604","subcategory":"Public Assistance","detail":"https://classic.savi.org/SAVI/PopUps/AssetMoreInfo.aspx?AssetID=924604"}},{"type":"Feature","geometry":{"type":"Point","coordinates":[-86.28898274,39.80064487]},"properties":{"name":"Indiana Women s Prison shelter","assetType":"WIC","dataYear":"2018","assetId":"924313","subcategory":"Public Assistance","detail":"https://classic.savi.org/SAVI/PopUps/AssetMoreInfo.aspx?AssetID=924313"}},{"type":"Feature","geometry":{"type":"Point","coordinates":[-86.06279488,39.47374713]},"properties":{"name":"JOHNSON COUNTY WIC OFFICE","assetType":"WIC","dataYear":"2018","assetId":"920764","subcategory":"Public Assistance","detail":"https://classic.savi.org/SAVI/PopUps/AssetMoreInfo.aspx?AssetID=920764"}},{"type":"Feature","geometry":{"type":"Point","coordinates":[-86.05599054,39.48012402]},"properties":{"name":"Johnson County Health Department","assetType":"WIC","dataYear":"2018","assetId":"923863","subcategory":"Public Assistance","detail":"https://classic.savi.org/SAVI/PopUps/AssetMoreInfo.aspx?AssetID=923863"}},{"type":"Feature","geometry":{"type":"Point","coordinates":[-86.06279488,39.47374713]},"properties":{"name":"Johnson County WIC Program","assetType":"WIC","dataYear":"2018","assetId":"924534","subcategory":"Public Assistance","detail":"https://classic.savi.org/SAVI/PopUps/AssetMoreInfo.aspx?AssetID=924534"}},{"type":"Feature","geometry":{"type":"Point","coordinates":[-86.06279488,39.47374713]},"properties":{"name":"Johnson County WIC Program","assetType":"WIC","dataYear":"2018","assetId":"924397","subcategory":"Public Assistance","detail":"https://classic.savi.org/SAVI/PopUps/AssetMoreInfo.aspx?AssetID=924397"}},{"type":"Feature","geometry":{"type":"Point","coordinates":[-86.84438747,39.63365157]},"properties":{"name":"Johnson Nichols Health Clinic","assetType":"WIC","dataYear":"2018","assetId":"925062","subcategory":"Public Assistance","detail":"https://classic.savi.org/SAVI/PopUps/AssetMoreInfo.aspx?AssetID=925062"}},{"type":"Feature","geometry":{"type":"Point","coordinates":[-86.15719079,39.79346974]},"properties":{"name":"Julian Center Shelter","assetType":"WIC","dataYear":"2018","assetId":"924976","subcategory":"Public Assistance","detail":"https://classic.savi.org/SAVI/PopUps/AssetMoreInfo.aspx?AssetID=924976"}},{"type":"Feature","geometry":{"type":"Point","coordinates":[-86.14900557,39.78853133]},"properties":{"name":"KROGER J001","assetType":"WIC","dataYear":"2018","assetId":"923280","subcategory":"Public Assistance","detail":"https://classic.savi.org/SAVI/PopUps/AssetMoreInfo.aspx?AssetID=923280"}},{"type":"Feature","geometry":{"type":"Point","coordinates":[-86.20453461,39.77558027]},"properties":{"name":"KROGER J016","assetType":"WIC","dataYear":"2018","assetId":"923443","subcategory":"Public Assistance","detail":"https://classic.savi.org/SAVI/PopUps/AssetMoreInfo.aspx?AssetID=923443"}},{"type":"Feature","geometry":{"type":"Point","coordinates":[-86.24673054,39.75276655]},"properties":{"name":"KROGER J066","assetType":"WIC","dataYear":"2018","assetId":"924746","subcategory":"Public Assistance","detail":"https://classic.savi.org/SAVI/PopUps/AssetMoreInfo.aspx?AssetID=924746"}},{"type":"Feature","geometry":{"type":"Point","coordinates":[-86.11911916,39.87585031]},"properties":{"name":"KROGER J086","assetType":"WIC","dataYear":"2018","assetId":"924784","subcategory":"Public Assistance","detail":"https://classic.savi.org/SAVI/PopUps/AssetMoreInfo.aspx?AssetID=924784"}},{"type":"Feature","geometry":{"type":"Point","coordinates":[-86.04218248,39.78167384]},"properties":{"name":"KROGER J100","assetType":"WIC","dataYear":"2018","assetId":"924419","subcategory":"Public Assistance","detail":"https://classic.savi.org/SAVI/PopUps/AssetMoreInfo.aspx?AssetID=924419"}},{"type":"Feature","geometry":{"type":"Point","coordinates":[-86.06184901,39.84052149]},"properties":{"name":"KROGER J106","assetType":"WIC","dataYear":"2018","assetId":"923561","subcategory":"Public Assistance","detail":"https://classic.savi.org/SAVI/PopUps/AssetMoreInfo.aspx?AssetID=923561"}},{"type":"Feature","geometry":{"type":"Point","coordinates":[-86.23573513,39.71536367]},"properties":{"name":"KROGER J110","assetType":"WIC","dataYear":"2018","assetId":"924008","subcategory":"Public Assistance","detail":"https://classic.savi.org/SAVI/PopUps/AssetMoreInfo.aspx?AssetID=924008"}},{"type":"Feature","geometry":{"type":"Point","coordinates":[-86.39084295,39.85473448]},"properties":{"name":"KROGER J115","assetType":"WIC","dataYear":"2018","assetId":"924554","subcategory":"Public Assistance","detail":"https://classic.savi.org/SAVI/PopUps/AssetMoreInfo.aspx?AssetID=924554"}},{"type":"Feature","geometry":{"type":"Point","coordinates":[-86.11505441,39.7583763]},"properties":{"name":"KROGER J116","assetType":"WIC","dataYear":"2018","assetId":"923568","subcategory":"Public Assistance","detail":"https://classic.savi.org/SAVI/PopUps/AssetMoreInfo.aspx?AssetID=923568"}},{"type":"Feature","geometry":{"type":"Point","coordinates":[-86.37550358,39.71097083]},"properties":{"name":"KROGER J118","assetType":"WIC","dataYear":"2018","assetId":"925133","subcategory":"Public Assistance","detail":"https://classic.savi.org/SAVI/PopUps/AssetMoreInfo.aspx?AssetID=925133"}},{"type":"Feature","geometry":{"type":"Point","coordinates":[-86.26101912,39.79636523]},"properties":{"name":"KROGER J500","assetType":"WIC","dataYear":"2018","assetId":"923864","subcategory":"Public Assistance","detail":"https://classic.savi.org/SAVI/PopUps/AssetMoreInfo.aspx?AssetID=923864"}},{"type":"Feature","geometry":{"type":"Point","coordinates":[-86.06938535,39.88349963]},"properties":{"name":"KROGER J804","assetType":"WIC","dataYear":"2018","assetId":"923563","subcategory":"Public Assistance","detail":"https://classic.savi.org/SAVI/PopUps/AssetMoreInfo.aspx?AssetID=923563"}},{"type":"Feature","geometry":{"type":"Point","coordinates":[-86.09350148,39.78133568]},"properties":{"name":"KROGER J820","assetType":"WIC","dataYear":"2018","assetId":"923862","subcategory":"Public Assistance","detail":"https://classic.savi.org/SAVI/PopUps/AssetMoreInfo.aspx?AssetID=923862"}},{"type":"Feature","geometry":{"type":"Point","coordinates":[-85.97024469,39.8619235]},"properties":{"name":"KROGER J862","assetType":"WIC","dataYear":"2018","assetId":"923080","subcategory":"Public Assistance","detail":"https://classic.savi.org/SAVI/PopUps/AssetMoreInfo.aspx?AssetID=923080"}},{"type":"Feature","geometry":{"type":"Point","coordinates":[-86.10263417,39.58420163]},"properties":{"name":"KROGER J864","assetType":"WIC","dataYear":"2018","assetId":"924349","subcategory":"Public Assistance","detail":"https://classic.savi.org/SAVI/PopUps/AssetMoreInfo.aspx?AssetID=924349"}},{"type":"Feature","geometry":{"type":"Point","coordinates":[-86.08256762,39.63828925]},"properties":{"name":"KROGER J894","assetType":"WIC","dataYear":"2018","assetId":"924819","subcategory":"Public Assistance","detail":"https://classic.savi.org/SAVI/PopUps/AssetMoreInfo.aspx?AssetID=924819"}},{"type":"Feature","geometry":{"type":"Point","coordinates":[-85.99642899,39.95510851]},"properties":{"name":"KROGER J895","assetType":"WIC","dataYear":"2018","assetId":"924202","subcategory":"Public Assistance","detail":"https://classic.savi.org/SAVI/PopUps/AssetMoreInfo.aspx?AssetID=924202"}},{"type":"Feature","geometry":{"type":"Point","coordinates":[-86.30533574,39.76424024]},"properties":{"name":"KROGER J905","assetType":"WIC","dataYear":"2018","assetId":"924807","subcategory":"Public Assistance","detail":"https://classic.savi.org/SAVI/PopUps/AssetMoreInfo.aspx?AssetID=924807"}},{"type":"Feature","geometry":{"type":"Point","coordinates":[-86.20658257,39.9122978]},"properties":{"name":"KROGER J906","assetType":"WIC","dataYear":"2018","assetId":"924191","subcategory":"Public Assistance","detail":"https://classic.savi.org/SAVI/PopUps/AssetMoreInfo.aspx?AssetID=924191"}},{"type":"Feature","geometry":{"type":"Point","coordinates":[-86.42349234,39.41212532]},"properties":{"name":"KROGER J907","assetType":"WIC","dataYear":"2018","assetId":"924346","subcategory":"Public Assistance","detail":"https://classic.savi.org/SAVI/PopUps/AssetMoreInfo.aspx?AssetID=924346"}},{"type":"Feature","geometry":{"type":"Point","coordinates":[-86.15884608,39.61812934]},"properties":{"name":"KROGER J909","assetType":"WIC","dataYear":"2018","assetId":"923182","subcategory":"Public Assistance","detail":"https://classic.savi.org/SAVI/PopUps/AssetMoreInfo.aspx?AssetID=923182"}},{"type":"Feature","geometry":{"type":"Point","coordinates":[-86.37628226,39.60489156]},"properties":{"name":"KROGER J921","assetType":"WIC","dataYear":"2018","assetId":"923836","subcategory":"Public Assistance","detail":"https://classic.savi.org/SAVI/PopUps/AssetMoreInfo.aspx?AssetID=923836"}},{"type":"Feature","geometry":{"type":"Point","coordinates":[-86.14912034,39.70442999]},"properties":{"name":"KROGER J927","assetType":"WIC","dataYear":"2018","assetId":"924719","subcategory":"Public Assistance","detail":"https://classic.savi.org/SAVI/PopUps/AssetMoreInfo.aspx?AssetID=924719"}},{"type":"Feature","geometry":{"type":"Point","coordinates":[-86.4736816,40.06964297]},"properties":{"name":"KROGER J940","assetType":"WIC","dataYear":"2018","assetId":"924356","subcategory":"Public Assistance","detail":"https://classic.savi.org/SAVI/PopUps/AssetMoreInfo.aspx?AssetID=924356"}},{"type":"Feature","geometry":{"type":"Point","coordinates":[-86.04141039,39.95850119]},"properties":{"name":"KROGER J944","assetType":"WIC","dataYear":"2018","assetId":"922939","subcategory":"Public Assistance","detail":"https://classic.savi.org/SAVI/PopUps/AssetMoreInfo.aspx?AssetID=922939"}},{"type":"Feature","geometry":{"type":"Point","coordinates":[-85.98080929,39.77546495]},"properties":{"name":"KROGER J945","assetType":"WIC","dataYear":"2018","assetId":"923716","subcategory":"Public Assistance","detail":"https://classic.savi.org/SAVI/PopUps/AssetMoreInfo.aspx?AssetID=923716"}},{"type":"Feature","geometry":{"type":"Point","coordinates":[-86.5089604,39.75694178]},"properties":{"name":"KROGER J947","assetType":"WIC","dataYear":"2018","assetId":"923603","subcategory":"Public Assistance","detail":"https://classic.savi.org/SAVI/PopUps/AssetMoreInfo.aspx?AssetID=923603"}},{"type":"Feature","geometry":{"type":"Point","coordinates":[-85.76700711,39.80615273]},"properties":{"name":"KROGER J952","assetType":"WIC","dataYear":"2018","assetId":"922907","subcategory":"Public Assistance","detail":"https://classic.savi.org/SAVI/PopUps/AssetMoreInfo.aspx?AssetID=922907"}},{"type":"Feature","geometry":{"type":"Point","coordinates":[-86.06685679,39.4945356]},"properties":{"name":"KROGER J956","assetType":"WIC","dataYear":"2018","assetId":"924559","subcategory":"Public Assistance","detail":"https://classic.savi.org/SAVI/PopUps/AssetMoreInfo.aspx?AssetID=924559"}},{"type":"Feature","geometry":{"type":"Point","coordinates":[-86.01937266,40.0482521]},"properties":{"name":"KROGER J957","assetType":"WIC","dataYear":"2018","assetId":"925225","subcategory":"Public Assistance","detail":"https://classic.savi.org/SAVI/PopUps/AssetMoreInfo.aspx?AssetID=925225"}},{"type":"Feature","geometry":{"type":"Point","coordinates":[-86.1257216,39.96249581]},"properties":{"name":"KROGER J959","assetType":"WIC","dataYear":"2018","assetId":"924078","subcategory":"Public Assistance","detail":"https://classic.savi.org/SAVI/PopUps/AssetMoreInfo.aspx?AssetID=924078"}},{"type":"Feature","geometry":{"type":"Point","coordinates":[-86.84842399,39.64480985]},"properties":{"name":"KROGER J961","assetType":"WIC","dataYear":"2018","assetId":"923258","subcategory":"Public Assistance","detail":"https://classic.savi.org/SAVI/PopUps/AssetMoreInfo.aspx?AssetID=923258"}},{"type":"Feature","geometry":{"type":"Point","coordinates":[-86.24639803,39.88075188]},"properties":{"name":"KROGER J962","assetType":"WIC","dataYear":"2018","assetId":"924680","subcategory":"Public Assistance","detail":"https://classic.savi.org/SAVI/PopUps/AssetMoreInfo.aspx?AssetID=924680"}},{"type":"Feature","geometry":{"type":"Point","coordinates":[-85.99386474,39.89771985]},"properties":{"name":"KROGER J965","assetType":"WIC","dataYear":"2018","assetId":"924251","subcategory":"Public Assistance","detail":"https://classic.savi.org/SAVI/PopUps/AssetMoreInfo.aspx?AssetID=924251"}},{"type":"Feature","geometry":{"type":"Point","coordinates":[-85.92212113,39.9597812]},"properties":{"name":"KROGER J969","assetType":"WIC","dataYear":"2018","assetId":"924060","subcategory":"Public Assistance","detail":"https://classic.savi.org/SAVI/PopUps/AssetMoreInfo.aspx?AssetID=924060"}},{"type":"Feature","geometry":{"type":"Point","coordinates":[-86.16143045,40.02195761]},"properties":{"name":"KROGER J970","assetType":"WIC","dataYear":"2018","assetId":"922940","subcategory":"Public Assistance","detail":"https://classic.savi.org/SAVI/PopUps/AssetMoreInfo.aspx?AssetID=922940"}},{"type":"Feature","geometry":{"type":"Point","coordinates":[-85.75486503,39.51797757]},"properties":{"name":"KROGER J974","assetType":"WIC","dataYear":"2018","assetId":"923814","subcategory":"Public Assistance","detail":"https://classic.savi.org/SAVI/PopUps/AssetMoreInfo.aspx?AssetID=923814"}},{"type":"Feature","geometry":{"type":"Point","coordinates":[-86.0679985,40.00330347]},"properties":{"name":"KROGER J980","assetType":"WIC","dataYear":"2018","assetId":"922982","subcategory":"Public Assistance","detail":"https://classic.savi.org/SAVI/PopUps/AssetMoreInfo.aspx?AssetID=922982"}},{"type":"Feature","geometry":{"type":"Point","coordinates":[-86.10557288,40.04084101]},"properties":{"name":"KROGER J983","assetType":"WIC","dataYear":"2018","assetId":"924752","subcategory":"Public Assistance","detail":"https://classic.savi.org/SAVI/PopUps/AssetMoreInfo.aspx?AssetID=924752"}},{"type":"Feature","geometry":{"type":"Point","coordinates":[-86.3997443,39.76351385]},"properties":{"name":"KROGER J985","assetType":"WIC","dataYear":"2018","assetId":"924991","subcategory":"Public Assistance","detail":"https://classic.savi.org/SAVI/PopUps/AssetMoreInfo.aspx?AssetID=924991"}},{"type":"Feature","geometry":{"type":"Point","coordinates":[-86.13224599,39.68049349]},"properties":{"name":"KROGER J992","assetType":"WIC","dataYear":"2018","assetId":"925171","subcategory":"Public Assistance","detail":"https://classic.savi.org/SAVI/PopUps/AssetMoreInfo.aspx?AssetID=925171"}},{"type":"Feature","geometry":{"type":"Point","coordinates":[-86.18338222,39.6639623]},"properties":{"name":"KROGER J993","assetType":"WIC","dataYear":"2018","assetId":"923636","subcategory":"Public Assistance","detail":"https://classic.savi.org/SAVI/PopUps/AssetMoreInfo.aspx?AssetID=923636"}},{"type":"Feature","geometry":{"type":"Point","coordinates":[-86.07818323,39.6947758]},"properties":{"name":"KROGER J995","assetType":"WIC","dataYear":"2018","assetId":"923034","subcategory":"Public Assistance","detail":"https://classic.savi.org/SAVI/PopUps/AssetMoreInfo.aspx?AssetID=923034"}},{"type":"Feature","geometry":{"type":"Point","coordinates":[-86.13770189,39.91235032]},"properties":{"name":"KROGER J998","assetType":"WIC","dataYear":"2018","assetId":"925280","subcategory":"Public Assistance","detail":"https://classic.savi.org/SAVI/PopUps/AssetMoreInfo.aspx?AssetID=925280"}},{"type":"Feature","geometry":{"type":"Point","coordinates":[-86.01170847,39.82746745]},"properties":{"name":"LA PLAZA WIC OFFICE","assetType":"WIC","dataYear":"2018","assetId":"920957","subcategory":"Public Assistance","detail":"https://classic.savi.org/SAVI/PopUps/AssetMoreInfo.aspx?AssetID=920957"}},{"type":"Feature","geometry":{"type":"Point","coordinates":[-86.01170847,39.82746745]},"properties":{"name":"LaPlaza Hispanic Center","assetType":"WIC","dataYear":"2018","assetId":"923633","subcategory":"Public Assistance","detail":"https://classic.savi.org/SAVI/PopUps/AssetMoreInfo.aspx?AssetID=923633"}},{"type":"Feature","geometry":{"type":"Point","coordinates":[-85.67875679,40.12293969]},"properties":{"name":"MADISON COUNTY WIC OFFICE - ANDERSON","assetType":"WIC","dataYear":"2018","assetId":"921053","subcategory":"Public Assistance","detail":"https://classic.savi.org/SAVI/PopUps/AssetMoreInfo.aspx?AssetID=921053"}},{"type":"Feature","geometry":{"type":"Point","coordinates":[-85.84206768,40.27559682]},"properties":{"name":"MADISON COUNTY WIC OFFICE - ELWOOD","assetType":"WIC","dataYear":"2018","assetId":"921052","subcategory":"Public Assistance","detail":"https://classic.savi.org/SAVI/PopUps/AssetMoreInfo.aspx?AssetID=921052"}},{"type":"Feature","geometry":{"type":"Point","coordinates":[-85.71862032,40.10282032]},"properties":{"name":"MARSH 311","assetType":"WIC","dataYear":"2018","assetId":"924733","subcategory":"Public Assistance","detail":"https://classic.savi.org/SAVI/PopUps/AssetMoreInfo.aspx?AssetID=924733"}},{"type":"Feature","geometry":{"type":"Point","coordinates":[-86.02733285,39.84668163]},"properties":{"name":"MARSH 10","assetType":"WIC","dataYear":"2018","assetId":"922913","subcategory":"Public Assistance","detail":"https://classic.savi.org/SAVI/PopUps/AssetMoreInfo.aspx?AssetID=922913"}},{"type":"Feature","geometry":{"type":"Point","coordinates":[-85.73108084,40.00144031]},"properties":{"name":"MARSH 101","assetType":"WIC","dataYear":"2018","assetId":"922868","subcategory":"Public Assistance","detail":"https://classic.savi.org/SAVI/PopUps/AssetMoreInfo.aspx?AssetID=922868"}},{"type":"Feature","geometry":{"type":"Point","coordinates":[-86.26446805,39.91313341]},"properties":{"name":"MARSH 104","assetType":"WIC","dataYear":"2018","assetId":"924323","subcategory":"Public Assistance","detail":"https://classic.savi.org/SAVI/PopUps/AssetMoreInfo.aspx?AssetID=924323"}},{"type":"Feature","geometry":{"type":"Point","coordinates":[-86.16224876,39.77408845]},"properties":{"name":"MARSH 109","assetType":"WIC","dataYear":"2018","assetId":"923264","subcategory":"Public Assistance","detail":"https://classic.savi.org/SAVI/PopUps/AssetMoreInfo.aspx?AssetID=923264"}},{"type":"Feature","geometry":{"type":"Point","coordinates":[-86.11763999,39.95838395]},"properties":{"name":"MARSH 14","assetType":"WIC","dataYear":"2018","assetId":"923990","subcategory":"Public Assistance","detail":"https://classic.savi.org/SAVI/PopUps/AssetMoreInfo.aspx?AssetID=923990"}},{"type":"Feature","geometry":{"type":"Point","coordinates":[-85.77152403,39.80058998]},"properties":{"name":"MARSH 18","assetType":"WIC","dataYear":"2018","assetId":"923807","subcategory":"Public Assistance","detail":"https://classic.savi.org/SAVI/PopUps/AssetMoreInfo.aspx?AssetID=923807"}},{"type":"Feature","geometry":{"type":"Point","coordinates":[-86.13538644,39.91268962]},"properties":{"name":"MARSH 19","assetType":"WIC","dataYear":"2018","assetId":"924786","subcategory":"Public Assistance","detail":"https://classic.savi.org/SAVI/PopUps/AssetMoreInfo.aspx?AssetID=924786"}},{"type":"Feature","geometry":{"type":"Point","coordinates":[-85.9115647,39.72639489]},"properties":{"name":"MARSH 2","assetType":"WIC","dataYear":"2018","assetId":"925146","subcategory":"Public Assistance","detail":"https://classic.savi.org/SAVI/PopUps/AssetMoreInfo.aspx?AssetID=925146"}},{"type":"Feature","geometry":{"type":"Point","coordinates":[-86.38444417,39.83699414]},"properties":{"name":"MARSH 20","assetType":"WIC","dataYear":"2018","assetId":"924759","subcategory":"Public Assistance","detail":"https://classic.savi.org/SAVI/PopUps/AssetMoreInfo.aspx?AssetID=924759"}},{"type":"Feature","geometry":{"type":"Point","coordinates":[-86.15168001,39.77196617]},"properties":{"name":"MARSH 209","assetType":"WIC","dataYear":"2018","assetId":"923532","subcategory":"Public Assistance","detail":"https://classic.savi.org/SAVI/PopUps/AssetMoreInfo.aspx?AssetID=923532"}},{"type":"Feature","geometry":{"type":"Point","coordinates":[-86.23645621,39.94322832]},"properties":{"name":"MARSH 21","assetType":"WIC","dataYear":"2018","assetId":"924842","subcategory":"Public Assistance","detail":"https://classic.savi.org/SAVI/PopUps/AssetMoreInfo.aspx?AssetID=924842"}},{"type":"Feature","geometry":{"type":"Point","coordinates":[-86.12151523,39.6487497]},"properties":{"name":"MARSH 303","assetType":"WIC","dataYear":"2018","assetId":"924156","subcategory":"Public Assistance","detail":"https://classic.savi.org/SAVI/PopUps/AssetMoreInfo.aspx?AssetID=924156"}},{"type":"Feature","geometry":{"type":"Point","coordinates":[-86.27586335,39.95017229]},"properties":{"name":"MARSH 34","assetType":"WIC","dataYear":"2018","assetId":"923842","subcategory":"Public Assistance","detail":"https://classic.savi.org/SAVI/PopUps/AssetMoreInfo.aspx?AssetID=923842"}},{"type":"Feature","geometry":{"type":"Point","coordinates":[-86.00165874,39.9983384]},"properties":{"name":"MARSH 37","assetType":"WIC","dataYear":"2018","assetId":"922901","subcategory":"Public Assistance","detail":"https://classic.savi.org/SAVI/PopUps/AssetMoreInfo.aspx?AssetID=922901"}},{"type":"Feature","geometry":{"type":"Point","coordinates":[-86.24018517,39.85439689]},"properties":{"name":"MARSH 38","assetType":"WIC","dataYear":"2018","assetId":"924032","subcategory":"Public Assistance","detail":"https://classic.savi.org/SAVI/PopUps/AssetMoreInfo.aspx?AssetID=924032"}},{"type":"Feature","geometry":{"type":"Point","coordinates":[-85.96072969,39.90199034]},"properties":{"name":"MARSH 40","assetType":"WIC","dataYear":"2018","assetId":"923709","subcategory":"Public Assistance","detail":"https://classic.savi.org/SAVI/PopUps/AssetMoreInfo.aspx?AssetID=923709"}},{"type":"Feature","geometry":{"type":"Point","coordinates":[-86.08340097,39.90489925]},"properties":{"name":"MARSH 41","assetType":"WIC","dataYear":"2018","assetId":"923362","subcategory":"Public Assistance","detail":"https://classic.savi.org/SAVI/PopUps/AssetMoreInfo.aspx?AssetID=923362"}},{"type":"Feature","geometry":{"type":"Point","coordinates":[-86.10362354,39.72326857]},"properties":{"name":"MARSH 42","assetType":"WIC","dataYear":"2018","assetId":"923304","subcategory":"Public Assistance","detail":"https://classic.savi.org/SAVI/PopUps/AssetMoreInfo.aspx?AssetID=923304"}},{"type":"Feature","geometry":{"type":"Point","coordinates":[-86.15905227,39.57246965]},"properties":{"name":"MARSH 44","assetType":"WIC","dataYear":"2018","assetId":"924509","subcategory":"Public Assistance","detail":"https://classic.savi.org/SAVI/PopUps/AssetMoreInfo.aspx?AssetID=924509"}},{"type":"Feature","geometry":{"type":"Point","coordinates":[-86.37339608,39.69833091]},"properties":{"name":"MARSH 52","assetType":"WIC","dataYear":"2018","assetId":"924669","subcategory":"Public Assistance","detail":"https://classic.savi.org/SAVI/PopUps/AssetMoreInfo.aspx?AssetID=924669"}},{"type":"Feature","geometry":{"type":"Point","coordinates":[-86.24015279,39.71170013]},"properties":{"name":"MARSH 53","assetType":"WIC","dataYear":"2018","assetId":"922916","subcategory":"Public Assistance","detail":"https://classic.savi.org/SAVI/PopUps/AssetMoreInfo.aspx?AssetID=922916"}},{"type":"Feature","geometry":{"type":"Point","coordinates":[-86.02966313,40.04851702]},"properties":{"name":"MARSH 58","assetType":"WIC","dataYear":"2018","assetId":"924058","subcategory":"Public Assistance","detail":"https://classic.savi.org/SAVI/PopUps/AssetMoreInfo.aspx?AssetID=924058"}},{"type":"Feature","geometry":{"type":"Point","coordinates":[-86.0586884,39.77128304]},"properties":{"name":"MARSH 6","assetType":"WIC","dataYear":"2018","assetId":"924118","subcategory":"Public Assistance","detail":"https://classic.savi.org/SAVI/PopUps/AssetMoreInfo.aspx?AssetID=924118"}},{"type":"Feature","geometry":{"type":"Point","coordinates":[-86.0092646,39.79752347]},"properties":{"name":"MARSH 72","assetType":"WIC","dataYear":"2018","assetId":"924493","subcategory":"Public Assistance","detail":"https://classic.savi.org/SAVI/PopUps/AssetMoreInfo.aspx?AssetID=924493"}},{"type":"Feature","geometry":{"type":"Point","coordinates":[-85.97212089,39.77371614]},"properties":{"name":"MARSH 73","assetType":"WIC","dataYear":"2018","assetId":"922997","subcategory":"Public Assistance","detail":"https://classic.savi.org/SAVI/PopUps/AssetMoreInfo.aspx?AssetID=922997"}},{"type":"Feature","geometry":{"type":"Point","coordinates":[-85.81656924,40.26402584]},"properties":{"name":"MARSH 78","assetType":"WIC","dataYear":"2018","assetId":"923635","subcategory":"Public Assistance","detail":"https://classic.savi.org/SAVI/PopUps/AssetMoreInfo.aspx?AssetID=923635"}},{"type":"Feature","geometry":{"type":"Point","coordinates":[-86.0459671,39.88985185]},"properties":{"name":"MARSH 79","assetType":"WIC","dataYear":"2018","assetId":"924368","subcategory":"Public Assistance","detail":"https://classic.savi.org/SAVI/PopUps/AssetMoreInfo.aspx?AssetID=924368"}},{"type":"Feature","geometry":{"type":"Point","coordinates":[-86.2911808,39.77770356]},"properties":{"name":"MARSH 8","assetType":"WIC","dataYear":"2018","assetId":"924268","subcategory":"Public Assistance","detail":"https://classic.savi.org/SAVI/PopUps/AssetMoreInfo.aspx?AssetID=924268"}},{"type":"Feature","geometry":{"type":"Point","coordinates":[-86.12403266,40.00395801]},"properties":{"name":"MARSH 80","assetType":"WIC","dataYear":"2018","assetId":"923987","subcategory":"Public Assistance","detail":"https://classic.savi.org/SAVI/PopUps/AssetMoreInfo.aspx?AssetID=923987"}},{"type":"Feature","geometry":{"type":"Point","coordinates":[-86.28216114,39.82314034]},"properties":{"name":"MARSH 83","assetType":"WIC","dataYear":"2018","assetId":"923482","subcategory":"Public Assistance","detail":"https://classic.savi.org/SAVI/PopUps/AssetMoreInfo.aspx?AssetID=923482"}},{"type":"Feature","geometry":{"type":"Point","coordinates":[-86.18562807,39.9120254]},"properties":{"name":"MARSH 90","assetType":"WIC","dataYear":"2018","assetId":"925250","subcategory":"Public Assistance","detail":"https://classic.savi.org/SAVI/PopUps/AssetMoreInfo.aspx?AssetID=925250"}},{"type":"Feature","geometry":{"type":"Point","coordinates":[-85.67262775,40.14877892]},"properties":{"name":"MARSH 91","assetType":"WIC","dataYear":"2018","assetId":"924092","subcategory":"Public Assistance","detail":"https://classic.savi.org/SAVI/PopUps/AssetMoreInfo.aspx?AssetID=924092"}},{"type":"Feature","geometry":{"type":"Point","coordinates":[-86.1233021,39.86980505]},"properties":{"name":"MARSH 93","assetType":"WIC","dataYear":"2018","assetId":"924040","subcategory":"Public Assistance","detail":"https://classic.savi.org/SAVI/PopUps/AssetMoreInfo.aspx?AssetID=924040"}},{"type":"Feature","geometry":{"type":"Point","coordinates":[-86.12288784,39.84943962]},"properties":{"name":"MARSH HOMETOWN MARKET 314","assetType":"WIC","dataYear":"2018","assetId":"924900","subcategory":"Public Assistance","detail":"https://classic.savi.org/SAVI/PopUps/AssetMoreInfo.aspx?AssetID=924900"}},{"type":"Feature","geometry":{"type":"Point","coordinates":[-86.25302107,39.8299397]},"properties":{"name":"MEIJER 129","assetType":"WIC","dataYear":"2018","assetId":"922903","subcategory":"Public Assistance","detail":"https://classic.savi.org/SAVI/PopUps/AssetMoreInfo.aspx?AssetID=922903"}},{"type":"Feature","geometry":{"type":"Point","coordinates":[-86.15287953,39.97300234]},"properties":{"name":"MEIJER 130","assetType":"WIC","dataYear":"2018","assetId":"924359","subcategory":"Public Assistance","detail":"https://classic.savi.org/SAVI/PopUps/AssetMoreInfo.aspx?AssetID=924359"}},{"type":"Feature","geometry":{"type":"Point","coordinates":[-85.96452287,39.77600702]},"properties":{"name":"MEIJER 131","assetType":"WIC","dataYear":"2018","assetId":"924978","subcategory":"Public Assistance","detail":"https://classic.savi.org/SAVI/PopUps/AssetMoreInfo.aspx?AssetID=924978"}},{"type":"Feature","geometry":{"type":"Point","coordinates":[-86.16196462,39.61428944]},"properties":{"name":"MEIJER 132","assetType":"WIC","dataYear":"2018","assetId":"923935","subcategory":"Public Assistance","detail":"https://classic.savi.org/SAVI/PopUps/AssetMoreInfo.aspx?AssetID=923935"}},{"type":"Feature","geometry":{"type":"Point","coordinates":[-86.32978696,39.76359036]},"properties":{"name":"MEIJER 133","assetType":"WIC","dataYear":"2018","assetId":"923718","subcategory":"Public Assistance","detail":"https://classic.savi.org/SAVI/PopUps/AssetMoreInfo.aspx?AssetID=923718"}},{"type":"Feature","geometry":{"type":"Point","coordinates":[-86.07764834,39.66587858]},"properties":{"name":"MEIJER 134","assetType":"WIC","dataYear":"2018","assetId":"923845","subcategory":"Public Assistance","detail":"https://classic.savi.org/SAVI/PopUps/AssetMoreInfo.aspx?AssetID=923845"}},{"type":"Feature","geometry":{"type":"Point","coordinates":[-85.64852066,40.04896637]},"properties":{"name":"MEIJER 136","assetType":"WIC","dataYear":"2018","assetId":"923821","subcategory":"Public Assistance","detail":"https://classic.savi.org/SAVI/PopUps/AssetMoreInfo.aspx?AssetID=923821"}},{"type":"Feature","geometry":{"type":"Point","coordinates":[-86.34219023,39.94942754]},"properties":{"name":"MEIJER 152","assetType":"WIC","dataYear":"2018","assetId":"925093","subcategory":"Public Assistance","detail":"https://classic.savi.org/SAVI/PopUps/AssetMoreInfo.aspx?AssetID=925093"}},{"type":"Feature","geometry":{"type":"Point","coordinates":[-86.02028015,39.92709035]},"properties":{"name":"MEIJER 154","assetType":"WIC","dataYear":"2018","assetId":"924328","subcategory":"Public Assistance","detail":"https://classic.savi.org/SAVI/PopUps/AssetMoreInfo.aspx?AssetID=924328"}},{"type":"Feature","geometry":{"type":"Point","coordinates":[-86.33571335,39.63766409]},"properties":{"name":"MEIJER 204","assetType":"WIC","dataYear":"2018","assetId":"923441","subcategory":"Public Assistance","detail":"https://classic.savi.org/SAVI/PopUps/AssetMoreInfo.aspx?AssetID=923441"}},{"type":"Feature","geometry":{"type":"Point","coordinates":[-85.99212028,40.03518237]},"properties":{"name":"MEIJER 230","assetType":"WIC","dataYear":"2018","assetId":"923891","subcategory":"Public Assistance","detail":"https://classic.savi.org/SAVI/PopUps/AssetMoreInfo.aspx?AssetID=923891"}},{"type":"Feature","geometry":{"type":"Point","coordinates":[-86.38089285,39.71267368]},"properties":{"name":"MEIJER 256","assetType":"WIC","dataYear":"2018","assetId":"923055","subcategory":"Public Assistance","detail":"https://classic.savi.org/SAVI/PopUps/AssetMoreInfo.aspx?AssetID=923055"}},{"type":"Feature","geometry":{"type":"Point","coordinates":[-85.77638403,39.51762158]},"properties":{"name":"MICKEYS T MART","assetType":"WIC","dataYear":"2018","assetId":"923740","subcategory":"Public Assistance","detail":"https://classic.savi.org/SAVI/PopUps/AssetMoreInfo.aspx?AssetID=923740"}},{"type":"Feature","geometry":{"type":"Point","coordinates":[-86.41212534,39.42765386]},"properties":{"name":"MORGAN COUNTY WIC OFFICE","assetType":"WIC","dataYear":"2018","assetId":"920767","subcategory":"Public Assistance","detail":"https://classic.savi.org/SAVI/PopUps/AssetMoreInfo.aspx?AssetID=920767"}},{"type":"Feature","geometry":{"type":"Point","coordinates":[-86.37312217,39.60572357]},"properties":{"name":"MORGAN COUNTY WIC PROGRAM - MOORESVILLE","assetType":"WIC","dataYear":"2018","assetId":"920961","subcategory":"Public Assistance","detail":"https://classic.savi.org/SAVI/PopUps/AssetMoreInfo.aspx?AssetID=920961"}},{"type":"Feature","geometry":{"type":"Point","coordinates":[-85.67875679,40.12293969]},"properties":{"name":"Madison County WIC Program-Anderson","assetType":"WIC","dataYear":"2018","assetId":"924953","subcategory":"Public Assistance","detail":"https://classic.savi.org/SAVI/PopUps/AssetMoreInfo.aspx?AssetID=924953"}},{"type":"Feature","geometry":{"type":"Point","coordinates":[-85.84206768,40.27559682]},"properties":{"name":"Madison County WIC Program-Elwood","assetType":"WIC","dataYear":"2018","assetId":"922984","subcategory":"Public Assistance","detail":"https://classic.savi.org/SAVI/PopUps/AssetMoreInfo.aspx?AssetID=922984"}},{"type":"Feature","geometry":{"type":"Point","coordinates":[-86.11688823,39.82601137]},"properties":{"name":"Marion County Health Department","assetType":"WIC","dataYear":"2018","assetId":"924659","subcategory":"Public Assistance","detail":"https://classic.savi.org/SAVI/PopUps/AssetMoreInfo.aspx?AssetID=924659"}},{"type":"Feature","geometry":{"type":"Point","coordinates":[-86.16276137,39.95479318]},"properties":{"name":"Market District","assetType":"WIC","dataYear":"2018","assetId":"922957","subcategory":"Public Assistance","detail":"https://classic.savi.org/SAVI/PopUps/AssetMoreInfo.aspx?AssetID=922957"}},{"type":"Feature","geometry":{"type":"Point","coordinates":[-86.44112446,39.40965466]},"properties":{"name":"Martinsville WIC Program","assetType":"WIC","dataYear":"2018","assetId":"923446","subcategory":"Public Assistance","detail":"https://classic.savi.org/SAVI/PopUps/AssetMoreInfo.aspx?AssetID=923446"}},{"type":"Feature","geometry":{"type":"Point","coordinates":[-86.16517168,39.79039732]},"properties":{"name":"Methodist Hospital","assetType":"WIC","dataYear":"2018","assetId":"922985","subcategory":"Public Assistance","detail":"https://classic.savi.org/SAVI/PopUps/AssetMoreInfo.aspx?AssetID=922985"}},{"type":"Feature","geometry":{"type":"Point","coordinates":[-86.37312217,39.60572357]},"properties":{"name":"Mooresville WIC Clinic","assetType":"WIC","dataYear":"2018","assetId":"925128","subcategory":"Public Assistance","detail":"https://classic.savi.org/SAVI/PopUps/AssetMoreInfo.aspx?AssetID=925128"}},{"type":"Feature","geometry":{"type":"Point","coordinates":[-86.41212534,39.42765386]},"properties":{"name":"Morgan County WIC Program-Martinsville","assetType":"WIC","dataYear":"2018","assetId":"924225","subcategory":"Public Assistance","detail":"https://classic.savi.org/SAVI/PopUps/AssetMoreInfo.aspx?AssetID=924225"}},{"type":"Feature","geometry":{"type":"Point","coordinates":[-86.37312217,39.60572357]},"properties":{"name":"Morgan County WIC-Mooresville","assetType":"WIC","dataYear":"2018","assetId":"923577","subcategory":"Public Assistance","detail":"https://classic.savi.org/SAVI/PopUps/AssetMoreInfo.aspx?AssetID=923577"}},{"type":"Feature","geometry":{"type":"Point","coordinates":[-86.14587578,39.71053646]},"properties":{"name":"NATIONAL SQUARE WIC CLINIC","assetType":"WIC","dataYear":"2018","assetId":"920963","subcategory":"Public Assistance","detail":"https://classic.savi.org/SAVI/PopUps/AssetMoreInfo.aspx?AssetID=920963"}},{"type":"Feature","geometry":{"type":"Point","coordinates":[-86.06304808,39.79729547]},"properties":{"name":"NEDHO WIC - Administration","assetType":"WIC","dataYear":"2018","assetId":"922948","subcategory":"Public Assistance","detail":"https://classic.savi.org/SAVI/PopUps/AssetMoreInfo.aspx?AssetID=922948"}},{"type":"Feature","geometry":{"type":"Point","coordinates":[-86.06304808,39.79729547]},"properties":{"name":"NEDHO WIC - Administration","assetType":"WIC","dataYear":"2018","assetId":"923177","subcategory":"Public Assistance","detail":"https://classic.savi.org/SAVI/PopUps/AssetMoreInfo.aspx?AssetID=923177"}},{"type":"Feature","geometry":{"type":"Point","coordinates":[-86.06376587,39.80381288]},"properties":{"name":"NORTH ARLINGTON HEALTH CENTER WIC OFFICE","assetType":"WIC","dataYear":"2018","assetId":"920959","subcategory":"Public Assistance","detail":"https://classic.savi.org/SAVI/PopUps/AssetMoreInfo.aspx?AssetID=920959"}},{"type":"Feature","geometry":{"type":"Point","coordinates":[-86.14587578,39.71053646]},"properties":{"name":"National Square WIC","assetType":"WIC","dataYear":"2018","assetId":"924567","subcategory":"Public Assistance","detail":"https://classic.savi.org/SAVI/PopUps/AssetMoreInfo.aspx?AssetID=924567"}},{"type":"Feature","geometry":{"type":"Point","coordinates":[-86.14587578,39.71053646]},"properties":{"name":"National Square WIC Clinic","assetType":"WIC","dataYear":"2018","assetId":"923012","subcategory":"Public Assistance","detail":"https://classic.savi.org/SAVI/PopUps/AssetMoreInfo.aspx?AssetID=923012"}},{"type":"Feature","geometry":{"type":"Point","coordinates":[-86.06376587,39.80381288]},"properties":{"name":"North Arlington WIC","assetType":"WIC","dataYear":"2018","assetId":"923703","subcategory":"Public Assistance","detail":"https://classic.savi.org/SAVI/PopUps/AssetMoreInfo.aspx?AssetID=923703"}},{"type":"Feature","geometry":{"type":"Point","coordinates":[-86.06376587,39.80381288]},"properties":{"name":"North Arlington WIC","assetType":"WIC","dataYear":"2018","assetId":"924179","subcategory":"Public Assistance","detail":"https://classic.savi.org/SAVI/PopUps/AssetMoreInfo.aspx?AssetID=924179"}},{"type":"Feature","geometry":{"type":"Point","coordinates":[-86.15922553,39.63677795]},"properties":{"name":"OMALIA 213","assetType":"WIC","dataYear":"2018","assetId":"922908","subcategory":"Public Assistance","detail":"https://classic.savi.org/SAVI/PopUps/AssetMoreInfo.aspx?AssetID=922908"}},{"type":"Feature","geometry":{"type":"Point","coordinates":[-86.56511591,39.39487151]},"properties":{"name":"PARAGON SUPERMARKET","assetType":"WIC","dataYear":"2018","assetId":"924834","subcategory":"Public Assistance","detail":"https://classic.savi.org/SAVI/PopUps/AssetMoreInfo.aspx?AssetID=924834"}},{"type":"Feature","geometry":{"type":"Point","coordinates":[-85.66113275,40.1333393]},"properties":{"name":"PAY LESS J 814","assetType":"WIC","dataYear":"2018","assetId":"925199","subcategory":"Public Assistance","detail":"https://classic.savi.org/SAVI/PopUps/AssetMoreInfo.aspx?AssetID=925199"}},{"type":"Feature","geometry":{"type":"Point","coordinates":[-85.65699007,40.05693243]},"properties":{"name":"PAY LESS J 816","assetType":"WIC","dataYear":"2018","assetId":"924472","subcategory":"Public Assistance","detail":"https://classic.savi.org/SAVI/PopUps/AssetMoreInfo.aspx?AssetID=924472"}},{"type":"Feature","geometry":{"type":"Point","coordinates":[-85.6790367,40.08623742]},"properties":{"name":"PAY LESS J 848","assetType":"WIC","dataYear":"2018","assetId":"923904","subcategory":"Public Assistance","detail":"https://classic.savi.org/SAVI/PopUps/AssetMoreInfo.aspx?AssetID=923904"}},{"type":"Feature","geometry":{"type":"Point","coordinates":[-86.20822639,39.88119655]},"properties":{"name":"PECAR HEALTH CENTER WIC OFFICE","assetType":"WIC","dataYear":"2018","assetId":"921050","subcategory":"Public Assistance","detail":"https://classic.savi.org/SAVI/PopUps/AssetMoreInfo.aspx?AssetID=921050"}},{"type":"Feature","geometry":{"type":"Point","coordinates":[-86.8460895,39.6221169]},"properties":{"name":"PUTNAM COUNTY WIC OFFICE -JOHNSON NICHOLS HEALTH CLINIC","assetType":"WIC","dataYear":"2018","assetId":"920766","subcategory":"Public Assistance","detail":"https://classic.savi.org/SAVI/PopUps/AssetMoreInfo.aspx?AssetID=920766"}},{"type":"Feature","geometry":{"type":"Point","coordinates":[-86.21176237,39.88188392]},"properties":{"name":"Pecar","assetType":"WIC","dataYear":"2018","assetId":"923895","subcategory":"Public Assistance","detail":"https://classic.savi.org/SAVI/PopUps/AssetMoreInfo.aspx?AssetID=923895"}},{"type":"Feature","geometry":{"type":"Point","coordinates":[-86.21176237,39.88188392]},"properties":{"name":"Pecar Health Center WIC Program","assetType":"WIC","dataYear":"2018","assetId":"923303","subcategory":"Public Assistance","detail":"https://classic.savi.org/SAVI/PopUps/AssetMoreInfo.aspx?AssetID=923303"}},{"type":"Feature","geometry":{"type":"Point","coordinates":[-86.84438747,39.63365157]},"properties":{"name":"Putnam County WIC Program","assetType":"WIC","dataYear":"2018","assetId":"923647","subcategory":"Public Assistance","detail":"https://classic.savi.org/SAVI/PopUps/AssetMoreInfo.aspx?AssetID=923647"}},{"type":"Feature","geometry":{"type":"Point","coordinates":[-86.84438747,39.63365157]},"properties":{"name":"Putnam County WIC Program","assetType":"WIC","dataYear":"2018","assetId":"923874","subcategory":"Public Assistance","detail":"https://classic.savi.org/SAVI/PopUps/AssetMoreInfo.aspx?AssetID=923874"}},{"type":"Feature","geometry":{"type":"Point","coordinates":[-86.29917393,39.76488818]},"properties":{"name":"ROCKVILLE ROAD WIC CLINIC","assetType":"WIC","dataYear":"2018","assetId":"921048","subcategory":"Public Assistance","detail":"https://classic.savi.org/SAVI/PopUps/AssetMoreInfo.aspx?AssetID=921048"}},{"type":"Feature","geometry":{"type":"Point","coordinates":[-86.18009735,39.77739713]},"properties":{"name":"Riley hospital for children","assetType":"WIC","dataYear":"2018","assetId":"925095","subcategory":"Public Assistance","detail":"https://classic.savi.org/SAVI/PopUps/AssetMoreInfo.aspx?AssetID=925095"}},{"type":"Feature","geometry":{"type":"Point","coordinates":[-86.29917393,39.76488818]},"properties":{"name":"Rockville Road WIC Clinic","assetType":"WIC","dataYear":"2018","assetId":"923949","subcategory":"Public Assistance","detail":"https://classic.savi.org/SAVI/PopUps/AssetMoreInfo.aspx?AssetID=923949"}},{"type":"Feature","geometry":{"type":"Point","coordinates":[-86.14010461,39.7382358]},"properties":{"name":"SAFEWAY 404","assetType":"WIC","dataYear":"2018","assetId":"924802","subcategory":"Public Assistance","detail":"https://classic.savi.org/SAVI/PopUps/AssetMoreInfo.aspx?AssetID=924802"}},{"type":"Feature","geometry":{"type":"Point","coordinates":[-86.10133166,39.80299985]},"properties":{"name":"SAFEWAY 407","assetType":"WIC","dataYear":"2018","assetId":"924704","subcategory":"Public Assistance","detail":"https://classic.savi.org/SAVI/PopUps/AssetMoreInfo.aspx?AssetID=924704"}},{"type":"Feature","geometry":{"type":"Point","coordinates":[-86.0837242,39.78918779]},"properties":{"name":"SAFEWAY 6","assetType":"WIC","dataYear":"2018","assetId":"924446","subcategory":"Public Assistance","detail":"https://classic.savi.org/SAVI/PopUps/AssetMoreInfo.aspx?AssetID=924446"}},{"type":"Feature","geometry":{"type":"Point","coordinates":[-86.2119901,39.81023917]},"properties":{"name":"SAFEWAY 14","assetType":"WIC","dataYear":"2018","assetId":"924760","subcategory":"Public Assistance","detail":"https://classic.savi.org/SAVI/PopUps/AssetMoreInfo.aspx?AssetID=924760"}},{"type":"Feature","geometry":{"type":"Point","coordinates":[-86.0653121,39.78230897]},"properties":{"name":"SAVE-A-LOT 876","assetType":"WIC","dataYear":"2018","assetId":"925192","subcategory":"Public Assistance","detail":"https://classic.savi.org/SAVI/PopUps/AssetMoreInfo.aspx?AssetID=925192"}},{"type":"Feature","geometry":{"type":"Point","coordinates":[-86.23787438,39.82661778]},"properties":{"name":"SAVE-A-LOT 877","assetType":"WIC","dataYear":"2018","assetId":"924306","subcategory":"Public Assistance","detail":"https://classic.savi.org/SAVI/PopUps/AssetMoreInfo.aspx?AssetID=924306"}},{"type":"Feature","geometry":{"type":"Point","coordinates":[-86.02369384,39.83787929]},"properties":{"name":"SAVE-A-LOT 875","assetType":"WIC","dataYear":"2018","assetId":"923307","subcategory":"Public Assistance","detail":"https://classic.savi.org/SAVI/PopUps/AssetMoreInfo.aspx?AssetID=923307"}},{"type":"Feature","geometry":{"type":"Point","coordinates":[-86.42801327,39.415545]},"properties":{"name":"SAVE-A-LOT 878","assetType":"WIC","dataYear":"2018","assetId":"924473","subcategory":"Public Assistance","detail":"https://classic.savi.org/SAVI/PopUps/AssetMoreInfo.aspx?AssetID=924473"}},{"type":"Feature","geometry":{"type":"Point","coordinates":[-86.14737627,39.71114059]},"properties":{"name":"SAVE-A-LOT 879","assetType":"WIC","dataYear":"2018","assetId":"923134","subcategory":"Public Assistance","detail":"https://classic.savi.org/SAVI/PopUps/AssetMoreInfo.aspx?AssetID=923134"}},{"type":"Feature","geometry":{"type":"Point","coordinates":[-85.77566703,39.52430757]},"properties":{"name":"SHELBY COUNTY WIC OFFICE","assetType":"WIC","dataYear":"2018","assetId":"920762","subcategory":"Public Assistance","detail":"https://classic.savi.org/SAVI/PopUps/AssetMoreInfo.aspx?AssetID=920762"}},{"type":"Feature","geometry":{"type":"Point","coordinates":[-86.11829536,39.65068143]},"properties":{"name":"STOP 11 WIC CLINIC","assetType":"WIC","dataYear":"2018","assetId":"921054","subcategory":"Public Assistance","detail":"https://classic.savi.org/SAVI/PopUps/AssetMoreInfo.aspx?AssetID=921054"}},{"type":"Feature","geometry":{"type":"Point","coordinates":[-85.84398032,39.93961153]},"properties":{"name":"STROUGHS SUPERMARKET INC","assetType":"WIC","dataYear":"2018","assetId":"922967","subcategory":"Public Assistance","detail":"https://classic.savi.org/SAVI/PopUps/AssetMoreInfo.aspx?AssetID=922967"}},{"type":"Feature","geometry":{"type":"Point","coordinates":[-86.15254335,39.77407345]},"properties":{"name":"Salvation Army Shelter","assetType":"WIC","dataYear":"2018","assetId":"924280","subcategory":"Public Assistance","detail":"https://classic.savi.org/SAVI/PopUps/AssetMoreInfo.aspx?AssetID=924280"}},{"type":"Feature","geometry":{"type":"Point","coordinates":[-86.26783481,39.74944458]},"properties":{"name":"Save-a-Lot 890","assetType":"WIC","dataYear":"2018","assetId":"923159","subcategory":"Public Assistance","detail":"https://classic.savi.org/SAVI/PopUps/AssetMoreInfo.aspx?AssetID=923159"}},{"type":"Feature","geometry":{"type":"Point","coordinates":[-85.77566703,39.52430757]},"properties":{"name":"Shelby Co WIC Program","assetType":"WIC","dataYear":"2018","assetId":"923366","subcategory":"Public Assistance","detail":"https://classic.savi.org/SAVI/PopUps/AssetMoreInfo.aspx?AssetID=923366"}},{"type":"Feature","geometry":{"type":"Point","coordinates":[-85.77566703,39.52430757]},"properties":{"name":"Shelby Co WIC Program","assetType":"WIC","dataYear":"2018","assetId":"924959","subcategory":"Public Assistance","detail":"https://classic.savi.org/SAVI/PopUps/AssetMoreInfo.aspx?AssetID=924959"}},{"type":"Feature","geometry":{"type":"Point","coordinates":[-86.20285834,39.90351176]},"properties":{"name":"St Vincent s Women s Hospital","assetType":"WIC","dataYear":"2018","assetId":"924986","subcategory":"Public Assistance","detail":"https://classic.savi.org/SAVI/PopUps/AssetMoreInfo.aspx?AssetID=924986"}},{"type":"Feature","geometry":{"type":"Point","coordinates":[-86.08249763,39.64896429]},"properties":{"name":"St Francis South Campus","assetType":"WIC","dataYear":"2018","assetId":"924520","subcategory":"Public Assistance","detail":"https://classic.savi.org/SAVI/PopUps/AssetMoreInfo.aspx?AssetID=924520"}},{"type":"Feature","geometry":{"type":"Point","coordinates":[-86.20285834,39.90351176]},"properties":{"name":"St Vincent s Women Hospital WIC","assetType":"WIC","dataYear":"2018","assetId":"925123","subcategory":"Public Assistance","detail":"https://classic.savi.org/SAVI/PopUps/AssetMoreInfo.aspx?AssetID=925123"}},{"type":"Feature","geometry":{"type":"Point","coordinates":[-86.15831983,39.76738603]},"properties":{"name":"State WIC","assetType":"WIC","dataYear":"2018","assetId":"923331","subcategory":"Public Assistance","detail":"https://classic.savi.org/SAVI/PopUps/AssetMoreInfo.aspx?AssetID=923331"}},{"type":"Feature","geometry":{"type":"Point","coordinates":[-86.11829536,39.65068143]},"properties":{"name":"Stop 11 Clinic","assetType":"WIC","dataYear":"2018","assetId":"923340","subcategory":"Public Assistance","detail":"https://classic.savi.org/SAVI/PopUps/AssetMoreInfo.aspx?AssetID=923340"}},{"type":"Feature","geometry":{"type":"Point","coordinates":[-86.27930185,39.82127971]},"properties":{"name":"TARGET 0881","assetType":"WIC","dataYear":"2018","assetId":"924838","subcategory":"Public Assistance","detail":"https://classic.savi.org/SAVI/PopUps/AssetMoreInfo.aspx?AssetID=924838"}},{"type":"Feature","geometry":{"type":"Point","coordinates":[-86.12950445,40.00930577]},"properties":{"name":"TARGET 1063","assetType":"WIC","dataYear":"2018","assetId":"924823","subcategory":"Public Assistance","detail":"https://classic.savi.org/SAVI/PopUps/AssetMoreInfo.aspx?AssetID=924823"}},{"type":"Feature","geometry":{"type":"Point","coordinates":[-86.01000547,39.95935435]},"properties":{"name":"TARGET 1350","assetType":"WIC","dataYear":"2018","assetId":"923293","subcategory":"Public Assistance","detail":"https://classic.savi.org/SAVI/PopUps/AssetMoreInfo.aspx?AssetID=923293"}},{"type":"Feature","geometry":{"type":"Point","coordinates":[-86.15902801,39.60298479]},"properties":{"name":"TARGET 1364","assetType":"WIC","dataYear":"2018","assetId":"924169","subcategory":"Public Assistance","detail":"https://classic.savi.org/SAVI/PopUps/AssetMoreInfo.aspx?AssetID=924169"}},{"type":"Feature","geometry":{"type":"Point","coordinates":[-86.23259064,39.93641321]},"properties":{"name":"TARGET 1366","assetType":"WIC","dataYear":"2018","assetId":"924814","subcategory":"Public Assistance","detail":"https://classic.savi.org/SAVI/PopUps/AssetMoreInfo.aspx?AssetID=924814"}},{"type":"Feature","geometry":{"type":"Point","coordinates":[-86.34231086,39.76361834]},"properties":{"name":"TARGET 1788","assetType":"WIC","dataYear":"2018","assetId":"924790","subcategory":"Public Assistance","detail":"https://classic.savi.org/SAVI/PopUps/AssetMoreInfo.aspx?AssetID=924790"}},{"type":"Feature","geometry":{"type":"Point","coordinates":[-86.08395422,39.66598582]},"properties":{"name":"TARGET 1789","assetType":"WIC","dataYear":"2018","assetId":"922977","subcategory":"Public Assistance","detail":"https://classic.savi.org/SAVI/PopUps/AssetMoreInfo.aspx?AssetID=922977"}},{"type":"Feature","geometry":{"type":"Point","coordinates":[-86.12201718,39.86503057]},"properties":{"name":"TARGET 2391","assetType":"WIC","dataYear":"2018","assetId":"923515","subcategory":"Public Assistance","detail":"https://classic.savi.org/SAVI/PopUps/AssetMoreInfo.aspx?AssetID=923515"}},{"type":"Feature","geometry":{"type":"Point","coordinates":[-86.13773651,39.91268962]},"properties":{"name":"Target 1848","assetType":"WIC","dataYear":"2018","assetId":"925145","subcategory":"Public Assistance","detail":"https://classic.savi.org/SAVI/PopUps/AssetMoreInfo.aspx?AssetID=925145"}},{"type":"Feature","geometry":{"type":"Point","coordinates":[-86.36877184,39.71309203]},"properties":{"name":"WAL MART 0828","assetType":"WIC","dataYear":"2018","assetId":"923525","subcategory":"Public Assistance","detail":"https://classic.savi.org/SAVI/PopUps/AssetMoreInfo.aspx?AssetID=923525"}},{"type":"Feature","geometry":{"type":"Point","coordinates":[-85.74237499,39.52685454]},"properties":{"name":"WAL MART 0884","assetType":"WIC","dataYear":"2018","assetId":"923674","subcategory":"Public Assistance","detail":"https://classic.savi.org/SAVI/PopUps/AssetMoreInfo.aspx?AssetID=923674"}},{"type":"Feature","geometry":{"type":"Point","coordinates":[-86.81940626,39.64606237]},"properties":{"name":"WAL MART 0902","assetType":"WIC","dataYear":"2018","assetId":"923626","subcategory":"Public Assistance","detail":"https://classic.savi.org/SAVI/PopUps/AssetMoreInfo.aspx?AssetID=923626"}},{"type":"Feature","geometry":{"type":"Point","coordinates":[-85.9983109,40.03391363]},"properties":{"name":"WAL MART 0923","assetType":"WIC","dataYear":"2018","assetId":"924511","subcategory":"Public Assistance","detail":"https://classic.savi.org/SAVI/PopUps/AssetMoreInfo.aspx?AssetID=924511"}},{"type":"Feature","geometry":{"type":"Point","coordinates":[-86.06648679,39.50200875]},"properties":{"name":"WAL MART 0995","assetType":"WIC","dataYear":"2018","assetId":"923471","subcategory":"Public Assistance","detail":"https://classic.savi.org/SAVI/PopUps/AssetMoreInfo.aspx?AssetID=923471"}},{"type":"Feature","geometry":{"type":"Point","coordinates":[-85.76658671,39.81294783]},"properties":{"name":"WAL MART 1141","assetType":"WIC","dataYear":"2018","assetId":"925023","subcategory":"Public Assistance","detail":"https://classic.savi.org/SAVI/PopUps/AssetMoreInfo.aspx?AssetID=925023"}},{"type":"Feature","geometry":{"type":"Point","coordinates":[-86.47409604,40.07145071]},"properties":{"name":"WAL MART 1275","assetType":"WIC","dataYear":"2018","assetId":"925168","subcategory":"Public Assistance","detail":"https://classic.savi.org/SAVI/PopUps/AssetMoreInfo.aspx?AssetID=925168"}},{"type":"Feature","geometry":{"type":"Point","coordinates":[-86.40715977,39.4181593]},"properties":{"name":"WAL MART 1356","assetType":"WIC","dataYear":"2018","assetId":"924981","subcategory":"Public Assistance","detail":"https://classic.savi.org/SAVI/PopUps/AssetMoreInfo.aspx?AssetID=924981"}},{"type":"Feature","geometry":{"type":"Point","coordinates":[-86.14358217,39.659573]},"properties":{"name":"WAL MART 1459","assetType":"WIC","dataYear":"2018","assetId":"924314","subcategory":"Public Assistance","detail":"https://classic.savi.org/SAVI/PopUps/AssetMoreInfo.aspx?AssetID=924314"}},{"type":"Feature","geometry":{"type":"Point","coordinates":[-86.21566146,39.91160322]},"properties":{"name":"WAL MART 1518","assetType":"WIC","dataYear":"2018","assetId":"922891","subcategory":"Public Assistance","detail":"https://classic.savi.org/SAVI/PopUps/AssetMoreInfo.aspx?AssetID=922891"}},{"type":"Feature","geometry":{"type":"Point","coordinates":[-86.02046989,39.92925154]},"properties":{"name":"WAL MART 1557","assetType":"WIC","dataYear":"2018","assetId":"925048","subcategory":"Public Assistance","detail":"https://classic.savi.org/SAVI/PopUps/AssetMoreInfo.aspx?AssetID=925048"}},{"type":"Feature","geometry":{"type":"Point","coordinates":[-85.97771539,39.77536882]},"properties":{"name":"WAL MART 1580","assetType":"WIC","dataYear":"2018","assetId":"924071","subcategory":"Public Assistance","detail":"https://classic.savi.org/SAVI/PopUps/AssetMoreInfo.aspx?AssetID=924071"}},{"type":"Feature","geometry":{"type":"Point","coordinates":[-86.12433358,40.00657345]},"properties":{"name":"WAL MART 1601","assetType":"WIC","dataYear":"2018","assetId":"924816","subcategory":"Public Assistance","detail":"https://classic.savi.org/SAVI/PopUps/AssetMoreInfo.aspx?AssetID=924816"}},{"type":"Feature","geometry":{"type":"Point","coordinates":[-85.6499057,40.06506728]},"properties":{"name":"WAL MART 1728","assetType":"WIC","dataYear":"2018","assetId":"923458","subcategory":"Public Assistance","detail":"https://classic.savi.org/SAVI/PopUps/AssetMoreInfo.aspx?AssetID=923458"}},{"type":"Feature","geometry":{"type":"Point","coordinates":[-86.35485403,39.76594235]},"properties":{"name":"WAL MART 2786","assetType":"WIC","dataYear":"2018","assetId":"924887","subcategory":"Public Assistance","detail":"https://classic.savi.org/SAVI/PopUps/AssetMoreInfo.aspx?AssetID=924887"}},{"type":"Feature","geometry":{"type":"Point","coordinates":[-86.11898018,39.88762807]},"properties":{"name":"WAL MART 2787","assetType":"WIC","dataYear":"2018","assetId":"924967","subcategory":"Public Assistance","detail":"https://classic.savi.org/SAVI/PopUps/AssetMoreInfo.aspx?AssetID=924967"}},{"type":"Feature","geometry":{"type":"Point","coordinates":[-86.39619307,39.85926525]},"properties":{"name":"WAL MART 2788","assetType":"WIC","dataYear":"2018","assetId":"923847","subcategory":"Public Assistance","detail":"https://classic.savi.org/SAVI/PopUps/AssetMoreInfo.aspx?AssetID=923847"}},{"type":"Feature","geometry":{"type":"Point","coordinates":[-86.08003417,39.6340196]},"properties":{"name":"WAL MART 3435","assetType":"WIC","dataYear":"2018","assetId":"923681","subcategory":"Public Assistance","detail":"https://classic.savi.org/SAVI/PopUps/AssetMoreInfo.aspx?AssetID=923681"}},{"type":"Feature","geometry":{"type":"Point","coordinates":[-85.97599961,39.85834202]},"properties":{"name":"WAL MART 3529","assetType":"WIC","dataYear":"2018","assetId":"923947","subcategory":"Public Assistance","detail":"https://classic.savi.org/SAVI/PopUps/AssetMoreInfo.aspx?AssetID=923947"}},{"type":"Feature","geometry":{"type":"Point","coordinates":[-86.24783987,39.83756065]},"properties":{"name":"WAL MART 3781","assetType":"WIC","dataYear":"2018","assetId":"923768","subcategory":"Public Assistance","detail":"https://classic.savi.org/SAVI/PopUps/AssetMoreInfo.aspx?AssetID=923768"}},{"type":"Feature","geometry":{"type":"Point","coordinates":[-86.32812925,39.64213726]},"properties":{"name":"WAL MART 4417","assetType":"WIC","dataYear":"2018","assetId":"923155","subcategory":"Public Assistance","detail":"https://classic.savi.org/SAVI/PopUps/AssetMoreInfo.aspx?AssetID=923155"}},{"type":"Feature","geometry":{"type":"Point","coordinates":[-86.08545873,39.69955074]},"properties":{"name":"WAL MART 5443","assetType":"WIC","dataYear":"2018","assetId":"923767","subcategory":"Public Assistance","detail":"https://classic.savi.org/SAVI/PopUps/AssetMoreInfo.aspx?AssetID=923767"}},{"type":"Feature","geometry":{"type":"Point","coordinates":[-86.19314136,39.85281547]},"properties":{"name":"WAL MART MARKET 4053","assetType":"WIC","dataYear":"2018","assetId":"924465","subcategory":"Public Assistance","detail":"https://classic.savi.org/SAVI/PopUps/AssetMoreInfo.aspx?AssetID=924465"}},{"type":"Feature","geometry":{"type":"Point","coordinates":[-86.02605071,39.82809512]},"properties":{"name":"WAL MART MARKET 5406","assetType":"WIC","dataYear":"2018","assetId":"923469","subcategory":"Public Assistance","detail":"https://classic.savi.org/SAVI/PopUps/AssetMoreInfo.aspx?AssetID=923469"}},{"type":"Feature","geometry":{"type":"Point","coordinates":[-86.11918308,39.71104698]},"properties":{"name":"WAL MART MARKET 5408","assetType":"WIC","dataYear":"2018","assetId":"924311","subcategory":"Public Assistance","detail":"https://classic.savi.org/SAVI/PopUps/AssetMoreInfo.aspx?AssetID=924311"}},{"type":"Feature","geometry":{"type":"Point","coordinates":[-86.00148554,39.98096324]},"properties":{"name":"WAL MART MARKET 5767","assetType":"WIC","dataYear":"2018","assetId":"923799","subcategory":"Public Assistance","detail":"https://classic.savi.org/SAVI/PopUps/AssetMoreInfo.aspx?AssetID=923799"}},{"type":"Feature","geometry":{"type":"Point","coordinates":[-86.26286936,39.77952952]},"properties":{"name":"WAL MART MARKET 5804","assetType":"WIC","dataYear":"2018","assetId":"924751","subcategory":"Public Assistance","detail":"https://classic.savi.org/SAVI/PopUps/AssetMoreInfo.aspx?AssetID=924751"}},{"type":"Feature","geometry":{"type":"Point","coordinates":[-86.08437119,39.85245792]},"properties":{"name":"WAL MART MARKET 6390","assetType":"WIC","dataYear":"2018","assetId":"924923","subcategory":"Public Assistance","detail":"https://classic.savi.org/SAVI/PopUps/AssetMoreInfo.aspx?AssetID=924923"}},{"type":"Feature","geometry":{"type":"Point","coordinates":[-86.41456451,39.69897668]},"properties":{"name":"WAL MART MARKET 6470","assetType":"WIC","dataYear":"2018","assetId":"923365","subcategory":"Public Assistance","detail":"https://classic.savi.org/SAVI/PopUps/AssetMoreInfo.aspx?AssetID=923365"}},{"type":"Feature","geometry":{"type":"Point","coordinates":[-86.12730009,39.66582354]},"properties":{"name":"WALGREENS 2830","assetType":"WIC","dataYear":"2018","assetId":"923782","subcategory":"Public Assistance","detail":"https://classic.savi.org/SAVI/PopUps/AssetMoreInfo.aspx?AssetID=923782"}},{"type":"Feature","geometry":{"type":"Point","coordinates":[-86.15928788,39.60234399]},"properties":{"name":"WALMART 5483","assetType":"WIC","dataYear":"2018","assetId":"923924","subcategory":"Public Assistance","detail":"https://classic.savi.org/SAVI/PopUps/AssetMoreInfo.aspx?AssetID=923924"}},{"type":"Feature","geometry":{"type":"Point","coordinates":[-86.25753595,39.82364625]},"properties":{"name":"WEST 38TH STREET WIC CLINIC","assetType":"WIC","dataYear":"2018","assetId":"921049","subcategory":"Public Assistance","detail":"https://classic.savi.org/SAVI/PopUps/AssetMoreInfo.aspx?AssetID=921049"}},{"type":"Feature","geometry":{"type":"Point","coordinates":[-86.20567397,39.77475795]},"properties":{"name":"WESTSIDE HEALTH CENTER WIC OFFICE","assetType":"WIC","dataYear":"2018","assetId":"920960","subcategory":"Public Assistance","detail":"https://classic.savi.org/SAVI/PopUps/AssetMoreInfo.aspx?AssetID=920960"}},{"type":"Feature","geometry":{"type":"Point","coordinates":[-86.26351716,39.37060834]},"properties":{"name":"WOODCHUCK IGA 74","assetType":"WIC","dataYear":"2018","assetId":"924596","subcategory":"Public Assistance","detail":"https://classic.savi.org/SAVI/PopUps/AssetMoreInfo.aspx?AssetID=924596"}},{"type":"Feature","geometry":{"type":"Point","coordinates":[-86.26671977,39.6969242]},"properties":{"name":"Walmart Neighborhood Market 4054","assetType":"WIC","dataYear":"2018","assetId":"923489","subcategory":"Public Assistance","detail":"https://classic.savi.org/SAVI/PopUps/AssetMoreInfo.aspx?AssetID=923489"}},{"type":"Feature","geometry":{"type":"Point","coordinates":[-86.25740533,39.82361033]},"properties":{"name":"West 38th Street WIC Office","assetType":"WIC","dataYear":"2018","assetId":"923796","subcategory":"Public Assistance","detail":"https://classic.savi.org/SAVI/PopUps/AssetMoreInfo.aspx?AssetID=923796"}},{"type":"Feature","geometry":{"type":"Point","coordinates":[-86.20587725,39.77469101]},"properties":{"name":"Westside Health Center WIC","assetType":"WIC","dataYear":"2018","assetId":"924199","subcategory":"Public Assistance","detail":"https://classic.savi.org/SAVI/PopUps/AssetMoreInfo.aspx?AssetID=924199"}},{"type":"Feature","geometry":{"type":"Point","coordinates":[-86.20587725,39.77469101]},"properties":{"name":"Westside Health Center WIC","assetType":"WIC","dataYear":"2018","assetId":"924354","subcategory":"Public Assistance","detail":"https://classic.savi.org/SAVI/PopUps/AssetMoreInfo.aspx?AssetID=924354"}},{"type":"Feature","geometry":{"type":"Point","coordinates":[-85.67361464,40.25968992]},"properties":{"name":"ALEXANDRIA COMMUNITY CENTER","assetType":"Baby Food / Formula","dataYear":"2018","assetId":"919544","subcategory":"Public Assistance","detail":"https://classic.savi.org/SAVI/PopUps/AssetMoreInfo.aspx?AssetID=919544"}},{"type":"Feature","geometry":{"type":"Point","coordinates":[-85.99402325,40.08848229]},"properties":{"name":"BETHEL LUTHERAN CHURCH","assetType":"Baby Food / Formula","dataYear":"2018","assetId":"919518","subcategory":"Public Assistance","detail":"https://classic.savi.org/SAVI/PopUps/AssetMoreInfo.aspx?AssetID=919518"}},{"type":"Feature","geometry":{"type":"Point","coordinates":[-86.21796714,39.19802347]},"properties":{"name":"CLARITY PREGNANCY SERVICES OF BROWN COUNTY","assetType":"Baby Food / Formula","dataYear":"2018","assetId":"916895","subcategory":"Public Assistance","detail":"https://classic.savi.org/SAVI/PopUps/AssetMoreInfo.aspx?AssetID=916895"}},{"type":"Feature","geometry":{"type":"Point","coordinates":[-85.74414503,39.52377555]},"properties":{"name":"CLARITY PREGNANCY SERVICES OF SHELBY COUNTY","assetType":"Baby Food / Formula","dataYear":"2018","assetId":"916892","subcategory":"Public Assistance","detail":"https://classic.savi.org/SAVI/PopUps/AssetMoreInfo.aspx?AssetID=916892"}},{"type":"Feature","geometry":{"type":"Point","coordinates":[-85.69195514,40.13278443]},"properties":{"name":"FIRST CHOICE FOR WOMEN -ANDERSON AND MADISON COUNTY","assetType":"Baby Food / Formula","dataYear":"2018","assetId":"919483","subcategory":"Public Assistance","detail":"https://classic.savi.org/SAVI/PopUps/AssetMoreInfo.aspx?AssetID=919483"}},{"type":"Feature","geometry":{"type":"Point","coordinates":[-85.97067382,39.78627753]},"properties":{"name":"HEATHER HILLS BAPTIST CHURCH","assetType":"Baby Food / Formula","dataYear":"2018","assetId":"919153","subcategory":"Public Assistance","detail":"https://classic.savi.org/SAVI/PopUps/AssetMoreInfo.aspx?AssetID=919153"}},{"type":"Feature","geometry":{"type":"Point","coordinates":[-85.77009907,39.80255164]},"properties":{"name":"LIFE CHOICES CARE CENTER OF GREENFIELD","assetType":"Baby Food / Formula","dataYear":"2018","assetId":"920725","subcategory":"Public Assistance","detail":"https://classic.savi.org/SAVI/PopUps/AssetMoreInfo.aspx?AssetID=920725"}},{"type":"Feature","geometry":{"type":"Point","coordinates":[-85.67948507,40.0999835]},"properties":{"name":"SALVATION ARMY ANDERSON","assetType":"Baby Food / Formula","dataYear":"2018","assetId":"920606","subcategory":"Public Assistance","detail":"https://classic.savi.org/SAVI/PopUps/AssetMoreInfo.aspx?AssetID=920606"}},{"type":"Feature","geometry":{"type":"Point","coordinates":[-86.04245742,39.88739976]},"properties":{"name":"AHEPA NATIONAL HOUSING CORPORATION","assetType":"Congregate Meals","dataYear":"2018","assetId":"920938","subcategory":"Public Assistance","detail":"https://classic.savi.org/SAVI/PopUps/AssetMoreInfo.aspx?AssetID=920938"}},{"type":"Feature","geometry":{"type":"Point","coordinates":[-86.86459637,39.64481175]},"properties":{"name":"AREA 7 MEAL SITE - PUTNAM SENIOR CENTER","assetType":"Congregate Meals","dataYear":"2018","assetId":"920943","subcategory":"Public Assistance","detail":"https://classic.savi.org/SAVI/PopUps/AssetMoreInfo.aspx?AssetID=920943"}},{"type":"Feature","geometry":{"type":"Point","coordinates":[-86.13961931,39.71429276]},"properties":{"name":"BETHANY VILLAGE","assetType":"Congregate Meals","dataYear":"2018","assetId":"920999","subcategory":"Public Assistance","detail":"https://classic.savi.org/SAVI/PopUps/AssetMoreInfo.aspx?AssetID=920999"}},{"type":"Feature","geometry":{"type":"Point","coordinates":[-86.24037814,39.19901046]},"properties":{"name":"BROWN COUNTY COMMUNITY YMCA","assetType":"Congregate Meals","dataYear":"2018","assetId":"916889","subcategory":"Public Assistance","detail":"https://classic.savi.org/SAVI/PopUps/AssetMoreInfo.aspx?AssetID=916889"}},{"type":"Feature","geometry":{"type":"Point","coordinates":[-86.08000264,39.71554647]},"properties":{"name":"CAMBRIDGE SQUARE OF BEECH GROVE","assetType":"Congregate Meals","dataYear":"2018","assetId":"921191","subcategory":"Public Assistance","detail":"https://classic.savi.org/SAVI/PopUps/AssetMoreInfo.aspx?AssetID=921191"}},{"type":"Feature","geometry":{"type":"Point","coordinates":[-86.12060539,39.87279546]},"properties":{"name":"CARRIAGE HOUSE OF GLENDALE","assetType":"Congregate Meals","dataYear":"2018","assetId":"921000","subcategory":"Public Assistance","detail":"https://classic.savi.org/SAVI/PopUps/AssetMoreInfo.aspx?AssetID=921000"}},{"type":"Feature","geometry":{"type":"Point","coordinates":[-86.20041545,39.77505634]},"properties":{"name":"CHRISTAMORE COURT APARTMENTS","assetType":"Congregate Meals","dataYear":"2018","assetId":"922103","subcategory":"Public Assistance","detail":"https://classic.savi.org/SAVI/PopUps/AssetMoreInfo.aspx?AssetID=922103"}},{"type":"Feature","geometry":{"type":"Point","coordinates":[-86.01170847,39.82746745]},"properties":{"name":"COMMUNITY ALLIANCE OF THE FAR EASTSIDE CAFE","assetType":"Congregate Meals","dataYear":"2018","assetId":"921115","subcategory":"Public Assistance","detail":"https://classic.savi.org/SAVI/PopUps/AssetMoreInfo.aspx?AssetID=921115"}},{"type":"Feature","geometry":{"type":"Point","coordinates":[-86.21681317,39.89902678]},"properties":{"name":"CROOKED CREEK TOWER","assetType":"Congregate Meals","dataYear":"2018","assetId":"920936","subcategory":"Public Assistance","detail":"https://classic.savi.org/SAVI/PopUps/AssetMoreInfo.aspx?AssetID=920936"}},{"type":"Feature","geometry":{"type":"Point","coordinates":[-86.17435667,39.87751223]},"properties":{"name":"ELDERSOURCE OF GREATER INDIANAPOLIS - LIBBY FOGLE LUNCH BUNCH","assetType":"Congregate Meals","dataYear":"2018","assetId":"921189","subcategory":"Public Assistance","detail":"https://classic.savi.org/SAVI/PopUps/AssetMoreInfo.aspx?AssetID=921189"}},{"type":"Feature","geometry":{"type":"Point","coordinates":[-86.13164498,39.75229143]},"properties":{"name":"FLETCHER PLACE COMMUNITY CENTER","assetType":"Congregate Meals","dataYear":"2018","assetId":"919231","subcategory":"Public Assistance","detail":"https://classic.savi.org/SAVI/PopUps/AssetMoreInfo.aspx?AssetID=919231"}},{"type":"Feature","geometry":{"type":"Point","coordinates":[-85.68435281,40.09964678]},"properties":{"name":"GEATER CENTER CAF","assetType":"Congregate Meals","dataYear":"2018","assetId":"920054","subcategory":"Public Assistance","detail":"https://classic.savi.org/SAVI/PopUps/AssetMoreInfo.aspx?AssetID=920054"}},{"type":"Feature","geometry":{"type":"Point","coordinates":[-86.22906787,39.71299171]},"properties":{"name":"GOODWIN COMMUNITY CENTER","assetType":"Congregate Meals","dataYear":"2018","assetId":"918456","subcategory":"Public Assistance","detail":"https://classic.savi.org/SAVI/PopUps/AssetMoreInfo.aspx?AssetID=918456"}},{"type":"Feature","geometry":{"type":"Point","coordinates":[-86.15610526,39.65013019]},"properties":{"name":"GREEN PARK TERRACE","assetType":"Congregate Meals","dataYear":"2018","assetId":"920940","subcategory":"Public Assistance","detail":"https://classic.savi.org/SAVI/PopUps/AssetMoreInfo.aspx?AssetID=920940"}},{"type":"Feature","geometry":{"type":"Point","coordinates":[-85.75695584,39.78841125]},"properties":{"name":"GREENFIELD SENIOR CENTER","assetType":"Congregate Meals","dataYear":"2018","assetId":"918812","subcategory":"Public Assistance","detail":"https://classic.savi.org/SAVI/PopUps/AssetMoreInfo.aspx?AssetID=918812"}},{"type":"Feature","geometry":{"type":"Point","coordinates":[-86.5019261,39.76763039]},"properties":{"name":"HENDRICKS COUNTY SENIOR SERVICES","assetType":"Congregate Meals","dataYear":"2018","assetId":"921188","subcategory":"Public Assistance","detail":"https://classic.savi.org/SAVI/PopUps/AssetMoreInfo.aspx?AssetID=921188"}},{"type":"Feature","geometry":{"type":"Point","coordinates":[-86.17182381,39.77913409]},"properties":{"name":"INDIANA AVENUE APARTMENTS","assetType":"Congregate Meals","dataYear":"2018","assetId":"921123","subcategory":"Public Assistance","detail":"https://classic.savi.org/SAVI/PopUps/AssetMoreInfo.aspx?AssetID=921123"}},{"type":"Feature","geometry":{"type":"Point","coordinates":[-86.12315795,39.78155671]},"properties":{"name":"JOHN H BONER COMMUNITY CENTER","assetType":"Congregate Meals","dataYear":"2018","assetId":"921119","subcategory":"Public Assistance","detail":"https://classic.savi.org/SAVI/PopUps/AssetMoreInfo.aspx?AssetID=921119"}},{"type":"Feature","geometry":{"type":"Point","coordinates":[-85.76797617,39.79009681]},"properties":{"name":"JOHN J BARTON ANNEX","assetType":"Congregate Meals","dataYear":"2018","assetId":"921001","subcategory":"Public Assistance","detail":"https://classic.savi.org/SAVI/PopUps/AssetMoreInfo.aspx?AssetID=921001"}},{"type":"Feature","geometry":{"type":"Point","coordinates":[-86.43211575,39.42902609]},"properties":{"name":"KEN-MAR APARTMENTS","assetType":"Congregate Meals","dataYear":"2018","assetId":"921192","subcategory":"Public Assistance","detail":"https://classic.savi.org/SAVI/PopUps/AssetMoreInfo.aspx?AssetID=921192"}},{"type":"Feature","geometry":{"type":"Point","coordinates":[-85.6753151,40.10384088]},"properties":{"name":"LONGFELLOW PLAZA","assetType":"Congregate Meals","dataYear":"2018","assetId":"920052","subcategory":"Public Assistance","detail":"https://classic.savi.org/SAVI/PopUps/AssetMoreInfo.aspx?AssetID=920052"}},{"type":"Feature","geometry":{"type":"Point","coordinates":[-86.14984577,39.77923891]},"properties":{"name":"LUGAR TOWERS","assetType":"Congregate Meals","dataYear":"2018","assetId":"921122","subcategory":"Public Assistance","detail":"https://classic.savi.org/SAVI/PopUps/AssetMoreInfo.aspx?AssetID=921122"}},{"type":"Feature","geometry":{"type":"Point","coordinates":[-86.42752742,39.44129927]},"properties":{"name":"MARTINSVILLE AREA SENIOR CENTER","assetType":"Congregate Meals","dataYear":"2018","assetId":"920210","subcategory":"Public Assistance","detail":"https://classic.savi.org/SAVI/PopUps/AssetMoreInfo.aspx?AssetID=920210"}},{"type":"Feature","geometry":{"type":"Point","coordinates":[-86.19199127,39.84765422]},"properties":{"name":"MOUNT ZION SUBURBAN","assetType":"Congregate Meals","dataYear":"2018","assetId":"920939","subcategory":"Public Assistance","detail":"https://classic.savi.org/SAVI/PopUps/AssetMoreInfo.aspx?AssetID=920939"}},{"type":"Feature","geometry":{"type":"Point","coordinates":[-86.13756202,39.91697072]},"properties":{"name":"NORA COMMONS ON THE MONON","assetType":"Congregate Meals","dataYear":"2018","assetId":"920937","subcategory":"Public Assistance","detail":"https://classic.savi.org/SAVI/PopUps/AssetMoreInfo.aspx?AssetID=920937"}},{"type":"Feature","geometry":{"type":"Point","coordinates":[-86.21467568,39.91525318]},"properties":{"name":"PARK REGENCY APARTMENTS","assetType":"Congregate Meals","dataYear":"2018","assetId":"921193","subcategory":"Public Assistance","detail":"https://classic.savi.org/SAVI/PopUps/AssetMoreInfo.aspx?AssetID=921193"}},{"type":"Feature","geometry":{"type":"Point","coordinates":[-85.73561982,40.00418524]},"properties":{"name":"PENDLETON LIBRARY COMMUNITY CAF","assetType":"Congregate Meals","dataYear":"2018","assetId":"920053","subcategory":"Public Assistance","detail":"https://classic.savi.org/SAVI/PopUps/AssetMoreInfo.aspx?AssetID=920053"}},{"type":"Feature","geometry":{"type":"Point","coordinates":[-86.12115866,39.66627542]},"properties":{"name":"PERRY SENIOR CITIZENS SERVICES","assetType":"Congregate Meals","dataYear":"2018","assetId":"921190","subcategory":"Public Assistance","detail":"https://classic.savi.org/SAVI/PopUps/AssetMoreInfo.aspx?AssetID=921190"}},{"type":"Feature","geometry":{"type":"Point","coordinates":[-86.1320807,39.96426217]},"properties":{"name":"PRIMELIFE ENRICHMENT","assetType":"Congregate Meals","dataYear":"2018","assetId":"921118","subcategory":"Public Assistance","detail":"https://classic.savi.org/SAVI/PopUps/AssetMoreInfo.aspx?AssetID=921118"}},{"type":"Feature","geometry":{"type":"Point","coordinates":[-86.86481878,39.64481648]},"properties":{"name":"PUTNAM COUNTY SENIOR CENTER","assetType":"Congregate Meals","dataYear":"2018","assetId":"919549","subcategory":"Public Assistance","detail":"https://classic.savi.org/SAVI/PopUps/AssetMoreInfo.aspx?AssetID=919549"}},{"type":"Feature","geometry":{"type":"Point","coordinates":[-85.77349801,39.51119057]},"properties":{"name":"SHELBY SENIOR SERVICES","assetType":"Congregate Meals","dataYear":"2018","assetId":"921120","subcategory":"Public Assistance","detail":"https://classic.savi.org/SAVI/PopUps/AssetMoreInfo.aspx?AssetID=921120"}},{"type":"Feature","geometry":{"type":"Point","coordinates":[-85.69000271,40.09653272]},"properties":{"name":"SHERMAN STREET CHURCH OF GOD ANNEX","assetType":"Congregate Meals","dataYear":"2018","assetId":"920051","subcategory":"Public Assistance","detail":"https://classic.savi.org/SAVI/PopUps/AssetMoreInfo.aspx?AssetID=920051"}},{"type":"Feature","geometry":{"type":"Point","coordinates":[-86.09783995,39.60783575]},"properties":{"name":"SOCIAL OF GREENWOOD","assetType":"Congregate Meals","dataYear":"2018","assetId":"921116","subcategory":"Public Assistance","detail":"https://classic.savi.org/SAVI/PopUps/AssetMoreInfo.aspx?AssetID=921116"}},{"type":"Feature","geometry":{"type":"Point","coordinates":[-86.14486918,39.81025745]},"properties":{"name":"STETSON SENIOR APARTMENTS","assetType":"Congregate Meals","dataYear":"2018","assetId":"921121","subcategory":"Public Assistance","detail":"https://classic.savi.org/SAVI/PopUps/AssetMoreInfo.aspx?AssetID=921121"}},{"type":"Feature","geometry":{"type":"Point","coordinates":[-86.60631179,40.12972587]},"properties":{"name":"THORNTOWN PUBLIC LIBRARY","assetType":"Congregate Meals","dataYear":"2018","assetId":"921117","subcategory":"Public Assistance","detail":"https://classic.savi.org/SAVI/PopUps/AssetMoreInfo.aspx?AssetID=921117"}},{"type":"Feature","geometry":{"type":"Point","coordinates":[-86.26094522,39.71064183]},"properties":{"name":"GLEANERS FOOD BANK OF INDIANA","assetType":"Food Banks","dataYear":"2018","assetId":"918931","subcategory":"Public Assistance","detail":"https://classic.savi.org/SAVI/PopUps/AssetMoreInfo.aspx?AssetID=918931"}},{"type":"Feature","geometry":{"type":"Point","coordinates":[-86.19879602,39.67241799]},"properties":{"name":"MIDWEST FOOD BANK","assetType":"Food Banks","dataYear":"2018","assetId":"921438","subcategory":"Public Assistance","detail":"https://classic.savi.org/SAVI/PopUps/AssetMoreInfo.aspx?AssetID=921438"}},{"type":"Feature","geometry":{"type":"Point","coordinates":[-86.39555889,39.74901997]},"properties":{"name":"Avon Christian SHARE FOOD SHARE FOOD of Central Illinois","assetType":"Food Co-Ops","dataYear":"2007","assetId":"624949","subcategory":"Public Assistance","detail":"https://classic.savi.org/SAVI/PopUps/AssetMoreInfo.aspx?AssetID=624949"}},{"type":"Feature","geometry":{"type":"Point","coordinates":[-86.3748237,39.6195601]},"properties":{"name":"First Christian Church SHARE FOOD SHARE FOOD of Central Illinois","assetType":"Food Co-Ops","dataYear":"2007","assetId":"624948","subcategory":"Public Assistance","detail":"https://classic.savi.org/SAVI/PopUps/AssetMoreInfo.aspx?AssetID=624948"}},{"type":"Feature","geometry":{"type":"Point","coordinates":[-86.12446241,39.84631741]},"properties":{"name":"Lebanon SHARE FOOD SHARE FOOD of Central Illinois Indiana Inc","assetType":"Food Co-Ops","dataYear":"2007","assetId":"624950","subcategory":"Public Assistance","detail":"https://classic.savi.org/SAVI/PopUps/AssetMoreInfo.aspx?AssetID=624950"}},{"type":"Feature","geometry":{"type":"Point","coordinates":[-86.19366691,39.7716]},"properties":{"name":"ANNA S HOUSE","assetType":"Food Donation Programs","dataYear":"2013","assetId":"799037","subcategory":"Public Assistance","detail":"https://classic.savi.org/SAVI/PopUps/AssetMoreInfo.aspx?AssetID=799037"}},{"type":"Feature","geometry":{"type":"Point","coordinates":[-85.87033753,40.19936953]},"properties":{"name":"AROMA UNITED METHODIST CHURCH","assetType":"Food Donation Programs","dataYear":"2013","assetId":"797171","subcategory":"Public Assistance","detail":"https://classic.savi.org/SAVI/PopUps/AssetMoreInfo.aspx?AssetID=797171"}},{"type":"Feature","geometry":{"type":"Point","coordinates":[-86.15010178,39.772637]},"properties":{"name":"BETHEL AFRICAN METHODIST EPISCOPAL CHURCH","assetType":"Food Donation Programs","dataYear":"2013","assetId":"797114","subcategory":"Public Assistance","detail":"https://classic.savi.org/SAVI/PopUps/AssetMoreInfo.aspx?AssetID=797114"}},{"type":"Feature","geometry":{"type":"Point","coordinates":[-85.99462353,40.08791973]},"properties":{"name":"BETHEL LUTHERAN CHURCH","assetType":"Food Donation Programs","dataYear":"2013","assetId":"797743","subcategory":"Public Assistance","detail":"https://classic.savi.org/SAVI/PopUps/AssetMoreInfo.aspx?AssetID=797743"}},{"type":"Feature","geometry":{"type":"Point","coordinates":[-86.191423,39.75124731]},"properties":{"name":"BILLIE S FOOD PANTRY","assetType":"Food Donation Programs","dataYear":"2013","assetId":"798629","subcategory":"Public Assistance","detail":"https://classic.savi.org/SAVI/PopUps/AssetMoreInfo.aspx?AssetID=798629"}},{"type":"Feature","geometry":{"type":"Point","coordinates":[-86.1641536,39.83218003]},"properties":{"name":"BOULEVARD PLACE FOOD PANTRY-SVDP","assetType":"Food Donation Programs","dataYear":"2013","assetId":"799623","subcategory":"Public Assistance","detail":"https://classic.savi.org/SAVI/PopUps/AssetMoreInfo.aspx?AssetID=799623"}},{"type":"Feature","geometry":{"type":"Point","coordinates":[-86.3207015,39.73098802]},"properties":{"name":"BRIDGEPORT CENTRAL BAPTIST CHURCH","assetType":"Food Donation Programs","dataYear":"2013","assetId":"798060","subcategory":"Public Assistance","detail":"https://classic.savi.org/SAVI/PopUps/AssetMoreInfo.aspx?AssetID=798060"}},{"type":"Feature","geometry":{"type":"Point","coordinates":[-86.104185,39.80218]},"properties":{"name":"BRIGHTWOOD COMMUNITY CENTER","assetType":"Food Donation Programs","dataYear":"2013","assetId":"798428","subcategory":"Public Assistance","detail":"https://classic.savi.org/SAVI/PopUps/AssetMoreInfo.aspx?AssetID=798428"}},{"type":"Feature","geometry":{"type":"Point","coordinates":[-86.48181004,40.04283809]},"properties":{"name":"CARING CENTER","assetType":"Food Donation Programs","dataYear":"2013","assetId":"796641","subcategory":"Public Assistance","detail":"https://classic.savi.org/SAVI/PopUps/AssetMoreInfo.aspx?AssetID=796641"}},{"type":"Feature","geometry":{"type":"Point","coordinates":[-86.12683532,39.9721933]},"properties":{"name":"CARMEL UNITED METHODIST CHURCH","assetType":"Food Donation Programs","dataYear":"2013","assetId":"797109","subcategory":"Public Assistance","detail":"https://classic.savi.org/SAVI/PopUps/AssetMoreInfo.aspx?AssetID=797109"}},{"type":"Feature","geometry":{"type":"Point","coordinates":[-86.15589166,39.78510775]},"properties":{"name":"CATHEDRAL KITCHEN","assetType":"Food Donation Programs","dataYear":"2013","assetId":"796332","subcategory":"Public Assistance","detail":"https://classic.savi.org/SAVI/PopUps/AssetMoreInfo.aspx?AssetID=796332"}},{"type":"Feature","geometry":{"type":"Point","coordinates":[-86.15929516,39.78654355]},"properties":{"name":"CATHOLIC CHARITIES CRISIS OFFICE","assetType":"Food Donation Programs","dataYear":"2013","assetId":"799645","subcategory":"Public Assistance","detail":"https://classic.savi.org/SAVI/PopUps/AssetMoreInfo.aspx?AssetID=799645"}},{"type":"Feature","geometry":{"type":"Point","coordinates":[-86.11495417,39.78197411]},"properties":{"name":"CENTENARY CHRISTIAN CHURCH","assetType":"Food Donation Programs","dataYear":"2013","assetId":"797181","subcategory":"Public Assistance","detail":"https://classic.savi.org/SAVI/PopUps/AssetMoreInfo.aspx?AssetID=797181"}},{"type":"Feature","geometry":{"type":"Point","coordinates":[-86.28881246,39.79269132]},"properties":{"name":"CHAPEL ROCK CHRISTIAN CHURCH","assetType":"Food Donation Programs","dataYear":"2013","assetId":"796664","subcategory":"Public Assistance","detail":"https://classic.savi.org/SAVI/PopUps/AssetMoreInfo.aspx?AssetID=796664"}},{"type":"Feature","geometry":{"type":"Point","coordinates":[-86.18855075,39.87693272]},"properties":{"name":"CHRIST CHURCH APOSTOLIC","assetType":"Food Donation Programs","dataYear":"2013","assetId":"796846","subcategory":"Public Assistance","detail":"https://classic.savi.org/SAVI/PopUps/AssetMoreInfo.aspx?AssetID=796846"}},{"type":"Feature","geometry":{"type":"Point","coordinates":[-86.13178095,39.64214072]},"properties":{"name":"CHRIST UNITED METHODIST CHURCH","assetType":"Food Donation Programs","dataYear":"2013","assetId":"796952","subcategory":"Public Assistance","detail":"https://classic.savi.org/SAVI/PopUps/AssetMoreInfo.aspx?AssetID=796952"}},{"type":"Feature","geometry":{"type":"Point","coordinates":[-86.11079722,39.712635]},"properties":{"name":"CHURCH OF ACTS","assetType":"Food Donation Programs","dataYear":"2013","assetId":"798843","subcategory":"Public Assistance","detail":"https://classic.savi.org/SAVI/PopUps/AssetMoreInfo.aspx?AssetID=798843"}},{"type":"Feature","geometry":{"type":"Point","coordinates":[-86.37474051,39.61246128]},"properties":{"name":"CHURCHES IN MISSION","assetType":"Food Donation Programs","dataYear":"2013","assetId":"797015","subcategory":"Public Assistance","detail":"https://classic.savi.org/SAVI/PopUps/AssetMoreInfo.aspx?AssetID=797015"}},{"type":"Feature","geometry":{"type":"Point","coordinates":[-86.02502111,40.11836944]},"properties":{"name":"CICERO CHRISTIAN CHURCH","assetType":"Food Donation Programs","dataYear":"2013","assetId":"797157","subcategory":"Public Assistance","detail":"https://classic.savi.org/SAVI/PopUps/AssetMoreInfo.aspx?AssetID=797157"}},{"type":"Feature","geometry":{"type":"Point","coordinates":[-86.012019,39.826185]},"properties":{"name":"COMMUNITY ALLIANCE OF THE FAR EASTSIDE CAFE","assetType":"Food Donation Programs","dataYear":"2013","assetId":"798081","subcategory":"Public Assistance","detail":"https://classic.savi.org/SAVI/PopUps/AssetMoreInfo.aspx?AssetID=798081"}},{"type":"Feature","geometry":{"type":"Point","coordinates":[-86.22531232,39.72372352]},"properties":{"name":"COMMUNITY CARING AND SHARING","assetType":"Food Donation Programs","dataYear":"2013","assetId":"797168","subcategory":"Public Assistance","detail":"https://classic.savi.org/SAVI/PopUps/AssetMoreInfo.aspx?AssetID=797168"}},{"type":"Feature","geometry":{"type":"Point","coordinates":[-86.39274786,39.89348766]},"properties":{"name":"CORNERSTONE CHRISTIAN CHURCH","assetType":"Food Donation Programs","dataYear":"2013","assetId":"797363","subcategory":"Public Assistance","detail":"https://classic.savi.org/SAVI/PopUps/AssetMoreInfo.aspx?AssetID=797363"}},{"type":"Feature","geometry":{"type":"Point","coordinates":[-86.21407656,39.78066078]},"properties":{"name":"DALTON S PLACE FOOD PANTRY","assetType":"Food Donation Programs","dataYear":"2013","assetId":"798992","subcategory":"Public Assistance","detail":"https://classic.savi.org/SAVI/PopUps/AssetMoreInfo.aspx?AssetID=798992"}},{"type":"Feature","geometry":{"type":"Point","coordinates":[-86.5349077,39.75695842]},"properties":{"name":"DANVILLE UNITED METHODIST CHURCH","assetType":"Food Donation Programs","dataYear":"2013","assetId":"797128","subcategory":"Public Assistance","detail":"https://classic.savi.org/SAVI/PopUps/AssetMoreInfo.aspx?AssetID=797128"}},{"type":"Feature","geometry":{"type":"Point","coordinates":[-86.00867721,39.97892835]},"properties":{"name":"DELAWARE TOWNSHIP TRUSTEE HAMILTON COUNTY","assetType":"Food Donation Programs","dataYear":"2013","assetId":"797613","subcategory":"Public Assistance","detail":"https://classic.savi.org/SAVI/PopUps/AssetMoreInfo.aspx?AssetID=797613"}},{"type":"Feature","geometry":{"type":"Point","coordinates":[-86.27088,39.861343]},"properties":{"name":"EAGLE CREEK ASSEMBLY OF GOD","assetType":"Food Donation Programs","dataYear":"2013","assetId":"799044","subcategory":"Public Assistance","detail":"https://classic.savi.org/SAVI/PopUps/AssetMoreInfo.aspx?AssetID=799044"}},{"type":"Feature","geometry":{"type":"Point","coordinates":[-86.27026587,39.86192509]},"properties":{"name":"EAGLE CREEK COMMUNITY CHURCH","assetType":"Food Donation Programs","dataYear":"2013","assetId":"797176","subcategory":"Public Assistance","detail":"https://classic.savi.org/SAVI/PopUps/AssetMoreInfo.aspx?AssetID=797176"}},{"type":"Feature","geometry":{"type":"Point","coordinates":[-85.96556571,39.35395517]},"properties":{"name":"EDINBURGH FOOD PANTRY","assetType":"Food Donation Programs","dataYear":"2013","assetId":"797624","subcategory":"Public Assistance","detail":"https://classic.savi.org/SAVI/PopUps/AssetMoreInfo.aspx?AssetID=797624"}},{"type":"Feature","geometry":{"type":"Point","coordinates":[-86.12472622,39.79413209]},"properties":{"name":"EDNA MARTIN CHRISTIAN CENTER","assetType":"Food Donation Programs","dataYear":"2013","assetId":"797633","subcategory":"Public Assistance","detail":"https://classic.savi.org/SAVI/PopUps/AssetMoreInfo.aspx?AssetID=797633"}},{"type":"Feature","geometry":{"type":"Point","coordinates":[-86.13674219,39.75098012]},"properties":{"name":"EMMAUS LUTHERAN CHURCH FOOD PANTRY","assetType":"Food Donation Programs","dataYear":"2013","assetId":"799333","subcategory":"Public Assistance","detail":"https://classic.savi.org/SAVI/PopUps/AssetMoreInfo.aspx?AssetID=799333"}},{"type":"Feature","geometry":{"type":"Point","coordinates":[-86.38519114,39.76382762]},"properties":{"name":"FAITH LUTHERAN CHURCH","assetType":"Food Donation Programs","dataYear":"2013","assetId":"799126","subcategory":"Public Assistance","detail":"https://classic.savi.org/SAVI/PopUps/AssetMoreInfo.aspx?AssetID=799126"}},{"type":"Feature","geometry":{"type":"Point","coordinates":[-86.211669,39.884403]},"properties":{"name":"FAY BICCARD GLICK NEIGHBORHOOD CENTER AT CROOKED CREEK","assetType":"Food Donation Programs","dataYear":"2013","assetId":"797436","subcategory":"Public Assistance","detail":"https://classic.savi.org/SAVI/PopUps/AssetMoreInfo.aspx?AssetID=797436"}},{"type":"Feature","geometry":{"type":"Point","coordinates":[-86.14599003,39.91306002]},"properties":{"name":"FIRST BAPTIST CHURCH OF INDIANAPOLIS","assetType":"Food Donation Programs","dataYear":"2013","assetId":"799032","subcategory":"Public Assistance","detail":"https://classic.savi.org/SAVI/PopUps/AssetMoreInfo.aspx?AssetID=799032"}},{"type":"Feature","geometry":{"type":"Point","coordinates":[-85.77739865,39.52306131]},"properties":{"name":"FIRST BAPTIST CHURCH OF SHELBYVILLE","assetType":"Food Donation Programs","dataYear":"2013","assetId":"797996","subcategory":"Public Assistance","detail":"https://classic.savi.org/SAVI/PopUps/AssetMoreInfo.aspx?AssetID=797996"}},{"type":"Feature","geometry":{"type":"Point","coordinates":[-86.12589911,39.78407921]},"properties":{"name":"FIRST FREE METHODIST CHURCH","assetType":"Food Donation Programs","dataYear":"2013","assetId":"797749","subcategory":"Public Assistance","detail":"https://classic.savi.org/SAVI/PopUps/AssetMoreInfo.aspx?AssetID=797749"}},{"type":"Feature","geometry":{"type":"Point","coordinates":[-86.00274729,39.95709673]},"properties":{"name":"FISHERS UNITED METHODIST CHURCH","assetType":"Food Donation Programs","dataYear":"2013","assetId":"797859","subcategory":"Public Assistance","detail":"https://classic.savi.org/SAVI/PopUps/AssetMoreInfo.aspx?AssetID=797859"}},{"type":"Feature","geometry":{"type":"Point","coordinates":[-86.13160802,39.75228669]},"properties":{"name":"FLETCHER PLACE COMMUNITY CENTER","assetType":"Food Donation Programs","dataYear":"2013","assetId":"797829","subcategory":"Public Assistance","detail":"https://classic.savi.org/SAVI/PopUps/AssetMoreInfo.aspx?AssetID=797829"}},{"type":"Feature","geometry":{"type":"Point","coordinates":[-85.84355015,39.92050891]},"properties":{"name":"FORTVILLE CHRISTIAN CHURCH","assetType":"Food Donation Programs","dataYear":"2013","assetId":"796740","subcategory":"Public Assistance","detail":"https://classic.savi.org/SAVI/PopUps/AssetMoreInfo.aspx?AssetID=796740"}},{"type":"Feature","geometry":{"type":"Point","coordinates":[-86.14032936,39.7300977]},"properties":{"name":"GARFIELD PARK BAPTIST CHURCH","assetType":"Food Donation Programs","dataYear":"2013","assetId":"798845","subcategory":"Public Assistance","detail":"https://classic.savi.org/SAVI/PopUps/AssetMoreInfo.aspx?AssetID=798845"}},{"type":"Feature","geometry":{"type":"Point","coordinates":[-86.11932949,39.80903751]},"properties":{"name":"GREATER TRUE GOSPEL TABERNACLE","assetType":"Food Donation Programs","dataYear":"2013","assetId":"796942","subcategory":"Public Assistance","detail":"https://classic.savi.org/SAVI/PopUps/AssetMoreInfo.aspx?AssetID=796942"}},{"type":"Feature","geometry":{"type":"Point","coordinates":[-85.99737944,40.00452198]},"properties":{"name":"HARVEST BIBLE CHAPEL","assetType":"Food Donation Programs","dataYear":"2013","assetId":"798513","subcategory":"Public Assistance","detail":"https://classic.savi.org/SAVI/PopUps/AssetMoreInfo.aspx?AssetID=798513"}},{"type":"Feature","geometry":{"type":"Point","coordinates":[-86.20203975,39.76814086]},"properties":{"name":"HAWTHORNE COMMUNITY CENTER - OHIO STREET FACILITY","assetType":"Food Donation Programs","dataYear":"2013","assetId":"799370","subcategory":"Public Assistance","detail":"https://classic.savi.org/SAVI/PopUps/AssetMoreInfo.aspx?AssetID=799370"}},{"type":"Feature","geometry":{"type":"Point","coordinates":[-86.52199688,39.61621613]},"properties":{"name":"HAZELWOOD CHRISTIAN CHURCH","assetType":"Food Donation Programs","dataYear":"2013","assetId":"799000","subcategory":"Public Assistance","detail":"https://classic.savi.org/SAVI/PopUps/AssetMoreInfo.aspx?AssetID=799000"}},{"type":"Feature","geometry":{"type":"Point","coordinates":[-86.10909,39.760041]},"properties":{"name":"HOPE AND HELP CENTER","assetType":"Food Donation Programs","dataYear":"2013","assetId":"797161","subcategory":"Public Assistance","detail":"https://classic.savi.org/SAVI/PopUps/AssetMoreInfo.aspx?AssetID=797161"}},{"type":"Feature","geometry":{"type":"Point","coordinates":[-86.1363434,39.68690325]},"properties":{"name":"HUNGER INC","assetType":"Food Donation Programs","dataYear":"2013","assetId":"798363","subcategory":"Public Assistance","detail":"https://classic.savi.org/SAVI/PopUps/AssetMoreInfo.aspx?AssetID=798363"}},{"type":"Feature","geometry":{"type":"Point","coordinates":[-86.0572852,39.51576327]},"properties":{"name":"INTERCHURCH FOOD PANTRY OF JOHNSON COUNTY","assetType":"Food Donation Programs","dataYear":"2013","assetId":"797569","subcategory":"Public Assistance","detail":"https://classic.savi.org/SAVI/PopUps/AssetMoreInfo.aspx?AssetID=797569"}},{"type":"Feature","geometry":{"type":"Point","coordinates":[-86.11921946,39.8185481]},"properties":{"name":"JONES TABERNACLE AME ZION CHURCH","assetType":"Food Donation Programs","dataYear":"2013","assetId":"796381","subcategory":"Public Assistance","detail":"https://classic.savi.org/SAVI/PopUps/AssetMoreInfo.aspx?AssetID=796381"}},{"type":"Feature","geometry":{"type":"Point","coordinates":[-86.38153279,39.77767498]},"properties":{"name":"KINGSWAY CHRISTIAN CHURCH","assetType":"Food Donation Programs","dataYear":"2013","assetId":"797127","subcategory":"Public Assistance","detail":"https://classic.savi.org/SAVI/PopUps/AssetMoreInfo.aspx?AssetID=797127"}},{"type":"Feature","geometry":{"type":"Point","coordinates":[-86.2643028,39.76675745]},"properties":{"name":"LAKEVIEW CHURCH","assetType":"Food Donation Programs","dataYear":"2013","assetId":"797195","subcategory":"Public Assistance","detail":"https://classic.savi.org/SAVI/PopUps/AssetMoreInfo.aspx?AssetID=797195"}},{"type":"Feature","geometry":{"type":"Point","coordinates":[-86.37599835,39.74852994]},"properties":{"name":"LIGHT AND LIFE FREE METHODIST CHURCH","assetType":"Food Donation Programs","dataYear":"2013","assetId":"797550","subcategory":"Public Assistance","detail":"https://classic.savi.org/SAVI/PopUps/AssetMoreInfo.aspx?AssetID=797550"}},{"type":"Feature","geometry":{"type":"Point","coordinates":[-86.09351563,39.77488403]},"properties":{"name":"LINWOOD CHRISTIAN CHURCH","assetType":"Food Donation Programs","dataYear":"2013","assetId":"796927","subcategory":"Public Assistance","detail":"https://classic.savi.org/SAVI/PopUps/AssetMoreInfo.aspx?AssetID=796927"}},{"type":"Feature","geometry":{"type":"Point","coordinates":[-86.15107145,39.41616445]},"properties":{"name":"LORD S LOCKER","assetType":"Food Donation Programs","dataYear":"2013","assetId":"797224","subcategory":"Public Assistance","detail":"https://classic.savi.org/SAVI/PopUps/AssetMoreInfo.aspx?AssetID=797224"}},{"type":"Feature","geometry":{"type":"Point","coordinates":[-86.15783743,39.82855386]},"properties":{"name":"MARTIN LUTHER KING COMMUNITY CENTER","assetType":"Food Donation Programs","dataYear":"2013","assetId":"797512","subcategory":"Public Assistance","detail":"https://classic.savi.org/SAVI/PopUps/AssetMoreInfo.aspx?AssetID=797512"}},{"type":"Feature","geometry":{"type":"Point","coordinates":[-86.19464315,39.75116644]},"properties":{"name":"MARY RIGG NEIGHBORHOOD CENTER","assetType":"Food Donation Programs","dataYear":"2013","assetId":"797536","subcategory":"Public Assistance","detail":"https://classic.savi.org/SAVI/PopUps/AssetMoreInfo.aspx?AssetID=797536"}},{"type":"Feature","geometry":{"type":"Point","coordinates":[-86.14463267,40.00023183]},"properties":{"name":"MERCIFUL HELP CENTER","assetType":"Food Donation Programs","dataYear":"2013","assetId":"796648","subcategory":"Public Assistance","detail":"https://classic.savi.org/SAVI/PopUps/AssetMoreInfo.aspx?AssetID=796648"}},{"type":"Feature","geometry":{"type":"Point","coordinates":[-86.40140825,39.83402953]},"properties":{"name":"MESSIAH LUTHERAN CHURCH","assetType":"Food Donation Programs","dataYear":"2013","assetId":"799008","subcategory":"Public Assistance","detail":"https://classic.savi.org/SAVI/PopUps/AssetMoreInfo.aspx?AssetID=799008"}},{"type":"Feature","geometry":{"type":"Point","coordinates":[-86.15589169,39.78061034]},"properties":{"name":"METRO BAPTIST CENTER","assetType":"Food Donation Programs","dataYear":"2013","assetId":"797647","subcategory":"Public Assistance","detail":"https://classic.savi.org/SAVI/PopUps/AssetMoreInfo.aspx?AssetID=797647"}},{"type":"Feature","geometry":{"type":"Point","coordinates":[-86.156636,39.816287]},"properties":{"name":"MID-NORTH FOOD PANTRY","assetType":"Food Donation Programs","dataYear":"2013","assetId":"797826","subcategory":"Public Assistance","detail":"https://classic.savi.org/SAVI/PopUps/AssetMoreInfo.aspx?AssetID=797826"}},{"type":"Feature","geometry":{"type":"Point","coordinates":[-86.196662,39.671801]},"properties":{"name":"MIDWEST FOOD BANK","assetType":"Food Donation Programs","dataYear":"2013","assetId":"797213","subcategory":"Public Assistance","detail":"https://classic.savi.org/SAVI/PopUps/AssetMoreInfo.aspx?AssetID=797213"}},{"type":"Feature","geometry":{"type":"Point","coordinates":[-86.52469434,39.68909914]},"properties":{"name":"MILL CREEK CHRISTIAN SUPPORT CENTER","assetType":"Food Donation Programs","dataYear":"2013","assetId":"797872","subcategory":"Public Assistance","detail":"https://classic.savi.org/SAVI/PopUps/AssetMoreInfo.aspx?AssetID=797872"}},{"type":"Feature","geometry":{"type":"Point","coordinates":[-86.3489059,39.59825569]},"properties":{"name":"MOORESVILLE SENIOR CITIZENS CENTER","assetType":"Food Donation Programs","dataYear":"2013","assetId":"797915","subcategory":"Public Assistance","detail":"https://classic.savi.org/SAVI/PopUps/AssetMoreInfo.aspx?AssetID=797915"}},{"type":"Feature","geometry":{"type":"Point","coordinates":[-86.26164162,39.37135525]},"properties":{"name":"MORGANTOWN FOOD PANTRY","assetType":"Food Donation Programs","dataYear":"2013","assetId":"799533","subcategory":"Public Assistance","detail":"https://classic.savi.org/SAVI/PopUps/AssetMoreInfo.aspx?AssetID=799533"}},{"type":"Feature","geometry":{"type":"Point","coordinates":[-85.99917014,39.83362468]},"properties":{"name":"MOUNT CARMEL BAPTIST CHURCH","assetType":"Food Donation Programs","dataYear":"2013","assetId":"798999","subcategory":"Public Assistance","detail":"https://classic.savi.org/SAVI/PopUps/AssetMoreInfo.aspx?AssetID=798999"}},{"type":"Feature","geometry":{"type":"Point","coordinates":[-86.11365222,39.88315204]},"properties":{"name":"NORTHSIDE BAPTIST CHURCH","assetType":"Food Donation Programs","dataYear":"2013","assetId":"797993","subcategory":"Public Assistance","detail":"https://classic.savi.org/SAVI/PopUps/AssetMoreInfo.aspx?AssetID=797993"}},{"type":"Feature","geometry":{"type":"Point","coordinates":[-86.15005122,39.83895382]},"properties":{"name":"NORTHWOOD CHRISTIAN CHURCH","assetType":"Food Donation Programs","dataYear":"2013","assetId":"798500","subcategory":"Public Assistance","detail":"https://classic.savi.org/SAVI/PopUps/AssetMoreInfo.aspx?AssetID=798500"}},{"type":"Feature","geometry":{"type":"Point","coordinates":[-86.02609682,39.79662809]},"properties":{"name":"OLD BETHEL UNITED METHODIST CHURCH","assetType":"Food Donation Programs","dataYear":"2013","assetId":"798528","subcategory":"Public Assistance","detail":"https://classic.savi.org/SAVI/PopUps/AssetMoreInfo.aspx?AssetID=798528"}},{"type":"Feature","geometry":{"type":"Point","coordinates":[-86.15656139,39.73709089]},"properties":{"name":"OLIVE BRANCH CHRISTIAN CHURCH","assetType":"Food Donation Programs","dataYear":"2013","assetId":"797183","subcategory":"Public Assistance","detail":"https://classic.savi.org/SAVI/PopUps/AssetMoreInfo.aspx?AssetID=797183"}},{"type":"Feature","geometry":{"type":"Point","coordinates":[-86.12853496,40.04183688]},"properties":{"name":"OPEN DOORS OF WESTFIELD WASHINGTON TOWNSHIP","assetType":"Food Donation Programs","dataYear":"2013","assetId":"798529","subcategory":"Public Assistance","detail":"https://classic.savi.org/SAVI/PopUps/AssetMoreInfo.aspx?AssetID=798529"}},{"type":"Feature","geometry":{"type":"Point","coordinates":[-86.17380578,39.80219697]},"properties":{"name":"PROMISE LAND CHRISTIAN COMMUNITY CHURCH","assetType":"Food Donation Programs","dataYear":"2013","assetId":"796876","subcategory":"Public Assistance","detail":"https://classic.savi.org/SAVI/PopUps/AssetMoreInfo.aspx?AssetID=796876"}},{"type":"Feature","geometry":{"type":"Point","coordinates":[-86.42673885,39.42796127]},"properties":{"name":"RED BARN","assetType":"Food Donation Programs","dataYear":"2013","assetId":"798739","subcategory":"Public Assistance","detail":"https://classic.savi.org/SAVI/PopUps/AssetMoreInfo.aspx?AssetID=798739"}},{"type":"Feature","geometry":{"type":"Point","coordinates":[-86.25003326,39.75625925]},"properties":{"name":"RESTORING LIVES WEST","assetType":"Food Donation Programs","dataYear":"2013","assetId":"798058","subcategory":"Public Assistance","detail":"https://classic.savi.org/SAVI/PopUps/AssetMoreInfo.aspx?AssetID=798058"}},{"type":"Feature","geometry":{"type":"Point","coordinates":[-86.0177791,40.1282458]},"properties":{"name":"SACRED HEART OF JESUS CATHOLIC CHURCH","assetType":"Food Donation Programs","dataYear":"2013","assetId":"798111","subcategory":"Public Assistance","detail":"https://classic.savi.org/SAVI/PopUps/AssetMoreInfo.aspx?AssetID=798111"}},{"type":"Feature","geometry":{"type":"Point","coordinates":[-86.26154207,39.80899444]},"properties":{"name":"SAINT JOHN S EPISCOPAL CHURCH","assetType":"Food Donation Programs","dataYear":"2013","assetId":"797564","subcategory":"Public Assistance","detail":"https://classic.savi.org/SAVI/PopUps/AssetMoreInfo.aspx?AssetID=797564"}},{"type":"Feature","geometry":{"type":"Point","coordinates":[-86.13519607,39.79039609]},"properties":{"name":"SAINT JOHN S MISSIONARY BAPTIST CHURCH","assetType":"Food Donation Programs","dataYear":"2013","assetId":"798975","subcategory":"Public Assistance","detail":"https://classic.savi.org/SAVI/PopUps/AssetMoreInfo.aspx?AssetID=798975"}},{"type":"Feature","geometry":{"type":"Point","coordinates":[-86.03189093,39.95196628]},"properties":{"name":"SAINT LOUIS DE MONTFORT","assetType":"Food Donation Programs","dataYear":"2013","assetId":"798092","subcategory":"Public Assistance","detail":"https://classic.savi.org/SAVI/PopUps/AssetMoreInfo.aspx?AssetID=798092"}},{"type":"Feature","geometry":{"type":"Point","coordinates":[-86.16511015,40.03459908]},"properties":{"name":"SAINT MARIA GORETTI CATHOLIC CHURCH","assetType":"Food Donation Programs","dataYear":"2013","assetId":"796850","subcategory":"Public Assistance","detail":"https://classic.savi.org/SAVI/PopUps/AssetMoreInfo.aspx?AssetID=796850"}},{"type":"Feature","geometry":{"type":"Point","coordinates":[-86.39237265,39.70335826]},"properties":{"name":"SAINT MARK S EPISCOPAL CHURCH","assetType":"Food Donation Programs","dataYear":"2013","assetId":"799003","subcategory":"Public Assistance","detail":"https://classic.savi.org/SAVI/PopUps/AssetMoreInfo.aspx?AssetID=799003"}},{"type":"Feature","geometry":{"type":"Point","coordinates":[-86.11698726,39.6937448]},"properties":{"name":"SAINT TIMOTHY EPISCOPAL CHURCH","assetType":"Food Donation Programs","dataYear":"2013","assetId":"799042","subcategory":"Public Assistance","detail":"https://classic.savi.org/SAVI/PopUps/AssetMoreInfo.aspx?AssetID=799042"}},{"type":"Feature","geometry":{"type":"Point","coordinates":[-86.1145014,39.81066131]},"properties":{"name":"SAINT VINCENT DE PAUL FOOD PANTRY","assetType":"Food Donation Programs","dataYear":"2013","assetId":"799429","subcategory":"Public Assistance","detail":"https://classic.savi.org/SAVI/PopUps/AssetMoreInfo.aspx?AssetID=799429"}},{"type":"Feature","geometry":{"type":"Point","coordinates":[-86.11042214,39.61216202]},"properties":{"name":"SALVATION ARMY JOHNSON COUNTY CORPS","assetType":"Food Donation Programs","dataYear":"2013","assetId":"798107","subcategory":"Public Assistance","detail":"https://classic.savi.org/SAVI/PopUps/AssetMoreInfo.aspx?AssetID=798107"}},{"type":"Feature","geometry":{"type":"Point","coordinates":[-86.07082606,39.70580946]},"properties":{"name":"SERVANT S HEART OF INDY","assetType":"Food Donation Programs","dataYear":"2013","assetId":"797636","subcategory":"Public Assistance","detail":"https://classic.savi.org/SAVI/PopUps/AssetMoreInfo.aspx?AssetID=797636"}},{"type":"Feature","geometry":{"type":"Point","coordinates":[-86.07918794,39.83295449]},"properties":{"name":"SHARING PLACE","assetType":"Food Donation Programs","dataYear":"2013","assetId":"799503","subcategory":"Public Assistance","detail":"https://classic.savi.org/SAVI/PopUps/AssetMoreInfo.aspx?AssetID=799503"}},{"type":"Feature","geometry":{"type":"Point","coordinates":[-86.09738593,39.76932435]},"properties":{"name":"SHEPHERD COMMUNITY CENTER","assetType":"Food Donation Programs","dataYear":"2013","assetId":"798871","subcategory":"Public Assistance","detail":"https://classic.savi.org/SAVI/PopUps/AssetMoreInfo.aspx?AssetID=798871"}},{"type":"Feature","geometry":{"type":"Point","coordinates":[-86.09748519,39.8263828]},"properties":{"name":"SHILOH MISSIONARY BAPTIST CHURCH","assetType":"Food Donation Programs","dataYear":"2013","assetId":"798873","subcategory":"Public Assistance","detail":"https://classic.savi.org/SAVI/PopUps/AssetMoreInfo.aspx?AssetID=798873"}},{"type":"Feature","geometry":{"type":"Point","coordinates":[-86.08896711,39.74544806]},"properties":{"name":"SOUTHEASTERN CHRISTIAN FELLOWSHIP CHURCH","assetType":"Food Donation Programs","dataYear":"2013","assetId":"797339","subcategory":"Public Assistance","detail":"https://classic.savi.org/SAVI/PopUps/AssetMoreInfo.aspx?AssetID=797339"}},{"type":"Feature","geometry":{"type":"Point","coordinates":[-86.05413594,39.73062498]},"properties":{"name":"SOUTHEASTERN CHURCH OF CHRIST","assetType":"Food Donation Programs","dataYear":"2013","assetId":"798904","subcategory":"Public Assistance","detail":"https://classic.savi.org/SAVI/PopUps/AssetMoreInfo.aspx?AssetID=798904"}},{"type":"Feature","geometry":{"type":"Point","coordinates":[-86.01185039,40.01746809]},"properties":{"name":"THIRD PHASE","assetType":"Food Donation Programs","dataYear":"2013","assetId":"799135","subcategory":"Public Assistance","detail":"https://classic.savi.org/SAVI/PopUps/AssetMoreInfo.aspx?AssetID=799135"}},{"type":"Feature","geometry":{"type":"Point","coordinates":[-86.0179698,39.44140634]},"properties":{"name":"TRINITY BROADCASTING NETWORK TBN","assetType":"Food Donation Programs","dataYear":"2013","assetId":"799152","subcategory":"Public Assistance","detail":"https://classic.savi.org/SAVI/PopUps/AssetMoreInfo.aspx?AssetID=799152"}},{"type":"Feature","geometry":{"type":"Point","coordinates":[-86.09722532,39.76999529]},"properties":{"name":"TUXEDO PARK BAPTIST CHURCH","assetType":"Food Donation Programs","dataYear":"2013","assetId":"798917","subcategory":"Public Assistance","detail":"https://classic.savi.org/SAVI/PopUps/AssetMoreInfo.aspx?AssetID=798917"}},{"type":"Feature","geometry":{"type":"Point","coordinates":[-86.206814,39.76514996]},"properties":{"name":"VIDA NUEVA UNITED METHODIST CHURCH - CENTRO FAMILIAR","assetType":"Food Donation Programs","dataYear":"2013","assetId":"796399","subcategory":"Public Assistance","detail":"https://classic.savi.org/SAVI/PopUps/AssetMoreInfo.aspx?AssetID=796399"}},{"type":"Feature","geometry":{"type":"Point","coordinates":[-86.13050628,39.7731073]},"properties":{"name":"WESTMINSTER NEIGHBORHOOD MINISTRIES","assetType":"Food Donation Programs","dataYear":"2013","assetId":"796489","subcategory":"Public Assistance","detail":"https://classic.savi.org/SAVI/PopUps/AssetMoreInfo.aspx?AssetID=796489"}},{"type":"Feature","geometry":{"type":"Point","coordinates":[-86.00699189,40.06515044]},"properties":{"name":"WHITE RIVER CHRISTIAN CHURCH","assetType":"Food Donation Programs","dataYear":"2013","assetId":"797492","subcategory":"Public Assistance","detail":"https://classic.savi.org/SAVI/PopUps/AssetMoreInfo.aspx?AssetID=797492"}},{"type":"Feature","geometry":{"type":"Point","coordinates":[-86.53540828,39.75280767]},"properties":{"name":"ABUNDANT LIFE- THE HOUSE OF MERCY","assetType":"Food Pantries","dataYear":"2019","assetId":"919262","subcategory":"Public Assistance","detail":"https://classic.savi.org/SAVI/PopUps/AssetMoreInfo.aspx?AssetID=919262"}},{"type":"Feature","geometry":{"type":"Point","coordinates":[-85.91833586,39.89507983]},"properties":{"name":"ANGEL CONNECTION FOOD PANTRY","assetType":"Food Pantries","dataYear":"2019","assetId":"918878","subcategory":"Public Assistance","detail":"https://classic.savi.org/SAVI/PopUps/AssetMoreInfo.aspx?AssetID=918878"}},{"type":"Feature","geometry":{"type":"Point","coordinates":[-86.02120501,40.17552689]},"properties":{"name":"ANGELS ATTIC","assetType":"Food Pantries","dataYear":"2019","assetId":"918692","subcategory":"Public Assistance","detail":"https://classic.savi.org/SAVI/PopUps/AssetMoreInfo.aspx?AssetID=918692"}},{"type":"Feature","geometry":{"type":"Point","coordinates":[-86.19367341,39.77161469]},"properties":{"name":"ANNA S HOUSE","assetType":"Food Pantries","dataYear":"2019","assetId":"917445","subcategory":"Public Assistance","detail":"https://classic.savi.org/SAVI/PopUps/AssetMoreInfo.aspx?AssetID=917445"}},{"type":"Feature","geometry":{"type":"Point","coordinates":[-85.87279984,40.19921889]},"properties":{"name":"AROMA UNITED METHODIST CHURCH","assetType":"Food Pantries","dataYear":"2019","assetId":"921472","subcategory":"Public Assistance","detail":"https://classic.savi.org/SAVI/PopUps/AssetMoreInfo.aspx?AssetID=921472"}},{"type":"Feature","geometry":{"type":"Point","coordinates":[-86.2186313,39.88153478]},"properties":{"name":"AUGUSTA CHRISTIAN CHURCH POWERHOUSE INTERNATIONAL MINISTRIES","assetType":"Food Pantries","dataYear":"2019","assetId":"919087","subcategory":"Public Assistance","detail":"https://classic.savi.org/SAVI/PopUps/AssetMoreInfo.aspx?AssetID=919087"}},{"type":"Feature","geometry":{"type":"Point","coordinates":[-86.41408907,39.76326614]},"properties":{"name":"AVON PARKSIDE CHURCH OF THE NAZARENE","assetType":"Food Pantries","dataYear":"2019","assetId":"917341","subcategory":"Public Assistance","detail":"https://classic.savi.org/SAVI/PopUps/AssetMoreInfo.aspx?AssetID=917341"}},{"type":"Feature","geometry":{"type":"Point","coordinates":[-86.17584824,39.81021841]},"properties":{"name":"BARNES UNITED METHODIST CHURCH","assetType":"Food Pantries","dataYear":"2019","assetId":"918994","subcategory":"Public Assistance","detail":"https://classic.savi.org/SAVI/PopUps/AssetMoreInfo.aspx?AssetID=918994"}},{"type":"Feature","geometry":{"type":"Point","coordinates":[-86.2504684,39.7644084]},"properties":{"name":"BETHEL FAMILY WORSHIP CENTER","assetType":"Food Pantries","dataYear":"2019","assetId":"918921","subcategory":"Public Assistance","detail":"https://classic.savi.org/SAVI/PopUps/AssetMoreInfo.aspx?AssetID=918921"}},{"type":"Feature","geometry":{"type":"Point","coordinates":[-85.99402325,40.08848229]},"properties":{"name":"BETHEL LUTHERAN CHURCH","assetType":"Food Pantries","dataYear":"2019","assetId":"919517","subcategory":"Public Assistance","detail":"https://classic.savi.org/SAVI/PopUps/AssetMoreInfo.aspx?AssetID=919517"}},{"type":"Feature","geometry":{"type":"Point","coordinates":[-86.19143354,39.75126224]},"properties":{"name":"BILLIE S FOOD PANTRY","assetType":"Food Pantries","dataYear":"2019","assetId":"917785","subcategory":"Public Assistance","detail":"https://classic.savi.org/SAVI/PopUps/AssetMoreInfo.aspx?AssetID=917785"}},{"type":"Feature","geometry":{"type":"Point","coordinates":[-86.19190167,39.75133632]},"properties":{"name":"BILLIES FOOD PANTRY","assetType":"Food Pantries","dataYear":"2019","assetId":"929826","subcategory":"Public Assistance","detail":"https://classic.savi.org/SAVI/PopUps/AssetMoreInfo.aspx?AssetID=929826"}},{"type":"Feature","geometry":{"type":"Point","coordinates":[-86.32076558,39.7302614]},"properties":{"name":"BRIDGEPORT CENTRAL BAPTIST CHURCH","assetType":"Food Pantries","dataYear":"2019","assetId":"918956","subcategory":"Public Assistance","detail":"https://classic.savi.org/SAVI/PopUps/AssetMoreInfo.aspx?AssetID=918956"}},{"type":"Feature","geometry":{"type":"Point","coordinates":[-86.14305823,39.86797068]},"properties":{"name":"BROAD RIPPLE UNITED METHODIST CHURCH","assetType":"Food Pantries","dataYear":"2019","assetId":"919486","subcategory":"Public Assistance","detail":"https://classic.savi.org/SAVI/PopUps/AssetMoreInfo.aspx?AssetID=919486"}},{"type":"Feature","geometry":{"type":"Point","coordinates":[-86.3686488,39.53778971]},"properties":{"name":"BROOKLYN CHRISTIAN CHURCH","assetType":"Food Pantries","dataYear":"2019","assetId":"918943","subcategory":"Public Assistance","detail":"https://classic.savi.org/SAVI/PopUps/AssetMoreInfo.aspx?AssetID=918943"}},{"type":"Feature","geometry":{"type":"Point","coordinates":[-86.23941012,39.20592846]},"properties":{"name":"BROWN COUNTY MOTHER S CUPBOARD COMMUNITY KITCHEN","assetType":"Food Pantries","dataYear":"2019","assetId":"916990","subcategory":"Public Assistance","detail":"https://classic.savi.org/SAVI/PopUps/AssetMoreInfo.aspx?AssetID=916990"}},{"type":"Feature","geometry":{"type":"Point","coordinates":[-86.12999962,39.84246651]},"properties":{"name":"CAPITOL CITY SEVENTH-DAY ADVENTIST CHURCH - FOOD PANTRY","assetType":"Food Pantries","dataYear":"2019","assetId":"919063","subcategory":"Public Assistance","detail":"https://classic.savi.org/SAVI/PopUps/AssetMoreInfo.aspx?AssetID=919063"}},{"type":"Feature","geometry":{"type":"Point","coordinates":[-86.17016138,39.8053411]},"properties":{"name":"CARE MOBILE FOOD PANTRY AT CHRIST OUR KING CHRISTIAN CHURCH","assetType":"Food Pantries","dataYear":"2019","assetId":"918928","subcategory":"Public Assistance","detail":"https://classic.savi.org/SAVI/PopUps/AssetMoreInfo.aspx?AssetID=918928"}},{"type":"Feature","geometry":{"type":"Point","coordinates":[-86.1361729,39.97713625]},"properties":{"name":"CARMEL FRIENDS CHURCH","assetType":"Food Pantries","dataYear":"2019","assetId":"920803","subcategory":"Public Assistance","detail":"https://classic.savi.org/SAVI/PopUps/AssetMoreInfo.aspx?AssetID=920803"}},{"type":"Feature","geometry":{"type":"Point","coordinates":[-86.12581982,39.97211581]},"properties":{"name":"CARMEL UNITED METHODIST CHURCH","assetType":"Food Pantries","dataYear":"2019","assetId":"921720","subcategory":"Public Assistance","detail":"https://classic.savi.org/SAVI/PopUps/AssetMoreInfo.aspx?AssetID=921720"}},{"type":"Feature","geometry":{"type":"Point","coordinates":[-85.71663438,40.09654334]},"properties":{"name":"CARRIE MAE HYATT WESTSIDE COMMUNITY FOOD PANTRY","assetType":"Food Pantries","dataYear":"2019","assetId":"919058","subcategory":"Public Assistance","detail":"https://classic.savi.org/SAVI/PopUps/AssetMoreInfo.aspx?AssetID=919058"}},{"type":"Feature","geometry":{"type":"Point","coordinates":[-86.15615701,39.78547954]},"properties":{"name":"CATHEDRAL KITCHEN","assetType":"Food Pantries","dataYear":"2019","assetId":"919554","subcategory":"Public Assistance","detail":"https://classic.savi.org/SAVI/PopUps/AssetMoreInfo.aspx?AssetID=919554"}},{"type":"Feature","geometry":{"type":"Point","coordinates":[-86.15913237,39.78656668]},"properties":{"name":"CATHOLIC CHARITIES CRISIS OFFICE","assetType":"Food Pantries","dataYear":"2019","assetId":"922603","subcategory":"Public Assistance","detail":"https://classic.savi.org/SAVI/PopUps/AssetMoreInfo.aspx?AssetID=922603"}},{"type":"Feature","geometry":{"type":"Point","coordinates":[-86.19678322,39.57263447]},"properties":{"name":"CENTER GROVE ALTERNATIVE ACADEMY CARE PANTRY","assetType":"Food Pantries","dataYear":"2019","assetId":"917402","subcategory":"Public Assistance","detail":"https://classic.savi.org/SAVI/PopUps/AssetMoreInfo.aspx?AssetID=917402"}},{"type":"Feature","geometry":{"type":"Point","coordinates":[-86.15342765,39.77694703]},"properties":{"name":"CENTRAL CHRISTIAN CHURCH","assetType":"Food Pantries","dataYear":"2019","assetId":"922349","subcategory":"Public Assistance","detail":"https://classic.savi.org/SAVI/PopUps/AssetMoreInfo.aspx?AssetID=922349"}},{"type":"Feature","geometry":{"type":"Point","coordinates":[-86.28904667,39.77835342]},"properties":{"name":"CHAPEL HILL UNITED METHODIST CHURCH","assetType":"Food Pantries","dataYear":"2019","assetId":"920715","subcategory":"Public Assistance","detail":"https://classic.savi.org/SAVI/PopUps/AssetMoreInfo.aspx?AssetID=920715"}},{"type":"Feature","geometry":{"type":"Point","coordinates":[-86.29023687,39.79296491]},"properties":{"name":"CHAPEL ROCK CHRISTIAN CHURCH","assetType":"Food Pantries","dataYear":"2019","assetId":"922248","subcategory":"Public Assistance","detail":"https://classic.savi.org/SAVI/PopUps/AssetMoreInfo.aspx?AssetID=922248"}},{"type":"Feature","geometry":{"type":"Point","coordinates":[-85.60158611,40.11226806]},"properties":{"name":"CHESTERFIELD COMMUNITY FOOD PANTRY","assetType":"Food Pantries","dataYear":"2019","assetId":"920600","subcategory":"Public Assistance","detail":"https://classic.savi.org/SAVI/PopUps/AssetMoreInfo.aspx?AssetID=920600"}},{"type":"Feature","geometry":{"type":"Point","coordinates":[-86.18856118,39.87721332]},"properties":{"name":"CHRIST CHURCH APOSTOLIC","assetType":"Food Pantries","dataYear":"2019","assetId":"922194","subcategory":"Public Assistance","detail":"https://classic.savi.org/SAVI/PopUps/AssetMoreInfo.aspx?AssetID=922194"}},{"type":"Feature","geometry":{"type":"Point","coordinates":[-86.13172329,39.64206259]},"properties":{"name":"CHRIST UNITED METHODIST CHURCH","assetType":"Food Pantries","dataYear":"2019","assetId":"922159","subcategory":"Public Assistance","detail":"https://classic.savi.org/SAVI/PopUps/AssetMoreInfo.aspx?AssetID=922159"}},{"type":"Feature","geometry":{"type":"Point","coordinates":[-86.11106403,39.71270494]},"properties":{"name":"CHURCH OF ACTS","assetType":"Food Pantries","dataYear":"2019","assetId":"917666","subcategory":"Public Assistance","detail":"https://classic.savi.org/SAVI/PopUps/AssetMoreInfo.aspx?AssetID=917666"}},{"type":"Feature","geometry":{"type":"Point","coordinates":[-86.11106403,39.71270494]},"properties":{"name":"CHURCH OF ACTS FOOD PANTRY","assetType":"Food Pantries","dataYear":"2019","assetId":"929408","subcategory":"Public Assistance","detail":"https://classic.savi.org/SAVI/PopUps/AssetMoreInfo.aspx?AssetID=929408"}},{"type":"Feature","geometry":{"type":"Point","coordinates":[-86.37452847,39.61209216]},"properties":{"name":"CHURCHES IN MISSION","assetType":"Food Pantries","dataYear":"2019","assetId":"921981","subcategory":"Public Assistance","detail":"https://classic.savi.org/SAVI/PopUps/AssetMoreInfo.aspx?AssetID=921981"}},{"type":"Feature","geometry":{"type":"Point","coordinates":[-86.42953447,39.42907823]},"properties":{"name":"CHURCHES IN MISSION - MARTINSVILLE","assetType":"Food Pantries","dataYear":"2019","assetId":"921661","subcategory":"Public Assistance","detail":"https://classic.savi.org/SAVI/PopUps/AssetMoreInfo.aspx?AssetID=921661"}},{"type":"Feature","geometry":{"type":"Point","coordinates":[-86.22533551,39.72373182]},"properties":{"name":"COMMUNITY CARING AND SHARING","assetType":"Food Pantries","dataYear":"2019","assetId":"921695","subcategory":"Public Assistance","detail":"https://classic.savi.org/SAVI/PopUps/AssetMoreInfo.aspx?AssetID=921695"}},{"type":"Feature","geometry":{"type":"Point","coordinates":[-85.95733225,39.77557248]},"properties":{"name":"COMMUNITY OUTREACH MINISTRY EASTSIDE COME","assetType":"Food Pantries","dataYear":"2019","assetId":"917851","subcategory":"Public Assistance","detail":"https://classic.savi.org/SAVI/PopUps/AssetMoreInfo.aspx?AssetID=917851"}},{"type":"Feature","geometry":{"type":"Point","coordinates":[-86.39319983,39.89352635]},"properties":{"name":"CORNERSTONE CHRISTIAN CHURCH","assetType":"Food Pantries","dataYear":"2019","assetId":"920889","subcategory":"Public Assistance","detail":"https://classic.savi.org/SAVI/PopUps/AssetMoreInfo.aspx?AssetID=920889"}},{"type":"Feature","geometry":{"type":"Point","coordinates":[-86.03972726,39.76302528]},"properties":{"name":"CORNERSTONE FAMILY WORSHIP CENTER","assetType":"Food Pantries","dataYear":"2019","assetId":"920330","subcategory":"Public Assistance","detail":"https://classic.savi.org/SAVI/PopUps/AssetMoreInfo.aspx?AssetID=920330"}},{"type":"Feature","geometry":{"type":"Point","coordinates":[-85.91057885,39.73406539]},"properties":{"name":"CROSS OF GRACE LUTHERAN CHURCH","assetType":"Food Pantries","dataYear":"2019","assetId":"919065","subcategory":"Public Assistance","detail":"https://classic.savi.org/SAVI/PopUps/AssetMoreInfo.aspx?AssetID=919065"}},{"type":"Feature","geometry":{"type":"Point","coordinates":[-86.26094522,39.71064183]},"properties":{"name":"CYNTHIA H HUBERT COMMUNITY CUPBOARD AT GLEANERS FOOD BANK","assetType":"Food Pantries","dataYear":"2019","assetId":"918929","subcategory":"Public Assistance","detail":"https://classic.savi.org/SAVI/PopUps/AssetMoreInfo.aspx?AssetID=918929"}},{"type":"Feature","geometry":{"type":"Point","coordinates":[-86.26094522,39.71064183]},"properties":{"name":"CYNTHIA H HUBERT COMMUNITY CUPBOARD AT GLEANERS FOOD BANK","assetType":"Food Pantries","dataYear":"2019","assetId":"918930","subcategory":"Public Assistance","detail":"https://classic.savi.org/SAVI/PopUps/AssetMoreInfo.aspx?AssetID=918930"}},{"type":"Feature","geometry":{"type":"Point","coordinates":[-86.2140669,39.78066681]},"properties":{"name":"DALTONS FOOD PANTRY","assetType":"Food Pantries","dataYear":"2019","assetId":"929363","subcategory":"Public Assistance","detail":"https://classic.savi.org/SAVI/PopUps/AssetMoreInfo.aspx?AssetID=929363"}},{"type":"Feature","geometry":{"type":"Point","coordinates":[-86.53652706,39.75768331]},"properties":{"name":"DANVILLE UNITED METHODIST CHURCH","assetType":"Food Pantries","dataYear":"2019","assetId":"921623","subcategory":"Public Assistance","detail":"https://classic.savi.org/SAVI/PopUps/AssetMoreInfo.aspx?AssetID=921623"}},{"type":"Feature","geometry":{"type":"Point","coordinates":[-86.00936241,39.97911534]},"properties":{"name":"DELAWARE TOWNSHIP TRUSTEE HAMILTON COUNTY","assetType":"Food Pantries","dataYear":"2019","assetId":"919674","subcategory":"Public Assistance","detail":"https://classic.savi.org/SAVI/PopUps/AssetMoreInfo.aspx?AssetID=919674"}},{"type":"Feature","geometry":{"type":"Point","coordinates":[-86.01548698,39.83773726]},"properties":{"name":"DELIVERANCE TEMPLE","assetType":"Food Pantries","dataYear":"2019","assetId":"919256","subcategory":"Public Assistance","detail":"https://classic.savi.org/SAVI/PopUps/AssetMoreInfo.aspx?AssetID=919256"}},{"type":"Feature","geometry":{"type":"Point","coordinates":[-86.13101844,39.84009942]},"properties":{"name":"DIVINE DIRECTION CHRISTIAN CHURCH","assetType":"Food Pantries","dataYear":"2019","assetId":"921843","subcategory":"Public Assistance","detail":"https://classic.savi.org/SAVI/PopUps/AssetMoreInfo.aspx?AssetID=921843"}},{"type":"Feature","geometry":{"type":"Point","coordinates":[-86.20894276,39.88020409]},"properties":{"name":"EAGLE CREEK CHURCH OF CHRIST","assetType":"Food Pantries","dataYear":"2019","assetId":"919212","subcategory":"Public Assistance","detail":"https://classic.savi.org/SAVI/PopUps/AssetMoreInfo.aspx?AssetID=919212"}},{"type":"Feature","geometry":{"type":"Point","coordinates":[-86.27032015,39.86197162]},"properties":{"name":"EAGLE CREEK COMMUNITY CHURCH","assetType":"Food Pantries","dataYear":"2019","assetId":"921471","subcategory":"Public Assistance","detail":"https://classic.savi.org/SAVI/PopUps/AssetMoreInfo.aspx?AssetID=921471"}},{"type":"Feature","geometry":{"type":"Point","coordinates":[-85.67236382,40.06278463]},"properties":{"name":"EAST LYNN CHRISTIAN CHURCH","assetType":"Food Pantries","dataYear":"2019","assetId":"920708","subcategory":"Public Assistance","detail":"https://classic.savi.org/SAVI/PopUps/AssetMoreInfo.aspx?AssetID=920708"}},{"type":"Feature","geometry":{"type":"Point","coordinates":[-86.06989054,39.81587045]},"properties":{"name":"EASTERN STAR CARE CENTER","assetType":"Food Pantries","dataYear":"2019","assetId":"919083","subcategory":"Public Assistance","detail":"https://classic.savi.org/SAVI/PopUps/AssetMoreInfo.aspx?AssetID=919083"}},{"type":"Feature","geometry":{"type":"Point","coordinates":[-86.18639019,39.7924608]},"properties":{"name":"EBENEZER BAPTIST CHURCH - RAINBOW HOUSE FOOD PANTRY","assetType":"Food Pantries","dataYear":"2019","assetId":"921431","subcategory":"Public Assistance","detail":"https://classic.savi.org/SAVI/PopUps/AssetMoreInfo.aspx?AssetID=921431"}},{"type":"Feature","geometry":{"type":"Point","coordinates":[-85.95910632,39.36260727]},"properties":{"name":"EDINBURGH FOOD PANTRY","assetType":"Food Pantries","dataYear":"2019","assetId":"919661","subcategory":"Public Assistance","detail":"https://classic.savi.org/SAVI/PopUps/AssetMoreInfo.aspx?AssetID=919661"}},{"type":"Feature","geometry":{"type":"Point","coordinates":[-86.11906905,39.80330126]},"properties":{"name":"EDNA MARTIN CHRISTIAN CENTER","assetType":"Food Pantries","dataYear":"2019","assetId":"919850","subcategory":"Public Assistance","detail":"https://classic.savi.org/SAVI/PopUps/AssetMoreInfo.aspx?AssetID=919850"}},{"type":"Feature","geometry":{"type":"Point","coordinates":[-85.84206768,40.27559682]},"properties":{"name":"ELWOOD MINISTERIAL ASSOCIATION","assetType":"Food Pantries","dataYear":"2019","assetId":"920693","subcategory":"Public Assistance","detail":"https://classic.savi.org/SAVI/PopUps/AssetMoreInfo.aspx?AssetID=920693"}},{"type":"Feature","geometry":{"type":"Point","coordinates":[-86.08346757,39.77271972]},"properties":{"name":"EMERSON AVENUE FOOD PANTRY","assetType":"Food Pantries","dataYear":"2019","assetId":"928964","subcategory":"Public Assistance","detail":"https://classic.savi.org/SAVI/PopUps/AssetMoreInfo.aspx?AssetID=928964"}},{"type":"Feature","geometry":{"type":"Point","coordinates":[-86.64013245,39.52308777]},"properties":{"name":"EMINENCE CHRISTIAN CHURCH","assetType":"Food Pantries","dataYear":"2019","assetId":"918957","subcategory":"Public Assistance","detail":"https://classic.savi.org/SAVI/PopUps/AssetMoreInfo.aspx?AssetID=918957"}},{"type":"Feature","geometry":{"type":"Point","coordinates":[-86.1366367,39.75058819]},"properties":{"name":"EMMAUS FOOD PANTRY","assetType":"Food Pantries","dataYear":"2019","assetId":"928962","subcategory":"Public Assistance","detail":"https://classic.savi.org/SAVI/PopUps/AssetMoreInfo.aspx?AssetID=928962"}},{"type":"Feature","geometry":{"type":"Point","coordinates":[-86.1366367,39.75058819]},"properties":{"name":"EMMAUS LUTHERAN CHURCH FOOD PANTRY","assetType":"Food Pantries","dataYear":"2019","assetId":"919729","subcategory":"Public Assistance","detail":"https://classic.savi.org/SAVI/PopUps/AssetMoreInfo.aspx?AssetID=919729"}},{"type":"Feature","geometry":{"type":"Point","coordinates":[-86.42575632,39.77702491]},"properties":{"name":"FAITH LUTHERAN CHURCH","assetType":"Food Pantries","dataYear":"2019","assetId":"917340","subcategory":"Public Assistance","detail":"https://classic.savi.org/SAVI/PopUps/AssetMoreInfo.aspx?AssetID=917340"}},{"type":"Feature","geometry":{"type":"Point","coordinates":[-86.09682265,39.69439037]},"properties":{"name":"FAITH UNITED CHURCH OF CHRIST","assetType":"Food Pantries","dataYear":"2019","assetId":"918791","subcategory":"Public Assistance","detail":"https://classic.savi.org/SAVI/PopUps/AssetMoreInfo.aspx?AssetID=918791"}},{"type":"Feature","geometry":{"type":"Point","coordinates":[-86.15784867,39.82856687]},"properties":{"name":"FAITH HOPE AND LOVE COMMUNITY","assetType":"Food Pantries","dataYear":"2019","assetId":"919612","subcategory":"Public Assistance","detail":"https://classic.savi.org/SAVI/PopUps/AssetMoreInfo.aspx?AssetID=919612"}},{"type":"Feature","geometry":{"type":"Point","coordinates":[-85.9427756,39.95733092]},"properties":{"name":"FALL CREEK TOWNSHIP TRUSTEE HAMILTON COUNTY","assetType":"Food Pantries","dataYear":"2019","assetId":"919570","subcategory":"Public Assistance","detail":"https://classic.savi.org/SAVI/PopUps/AssetMoreInfo.aspx?AssetID=919570"}},{"type":"Feature","geometry":{"type":"Point","coordinates":[-85.69325672,40.11090342]},"properties":{"name":"FIFTH STREET UNITED METHODIST CHURCH","assetType":"Food Pantries","dataYear":"2019","assetId":"920699","subcategory":"Public Assistance","detail":"https://classic.savi.org/SAVI/PopUps/AssetMoreInfo.aspx?AssetID=920699"}},{"type":"Feature","geometry":{"type":"Point","coordinates":[-86.14600155,39.91258825]},"properties":{"name":"FIRST BAPTIST CHURCH OF INDIANAPOLIS","assetType":"Food Pantries","dataYear":"2019","assetId":"917446","subcategory":"Public Assistance","detail":"https://classic.savi.org/SAVI/PopUps/AssetMoreInfo.aspx?AssetID=917446"}},{"type":"Feature","geometry":{"type":"Point","coordinates":[-85.77772602,39.52309057]},"properties":{"name":"FIRST BAPTIST CHURCH OF SHELBYVILLE - FOOD PANTRY","assetType":"Food Pantries","dataYear":"2019","assetId":"918793","subcategory":"Public Assistance","detail":"https://classic.savi.org/SAVI/PopUps/AssetMoreInfo.aspx?AssetID=918793"}},{"type":"Feature","geometry":{"type":"Point","coordinates":[-86.00170249,39.80286681]},"properties":{"name":"FIRST CHURCH OF THE NAZARENE","assetType":"Food Pantries","dataYear":"2019","assetId":"918876","subcategory":"Public Assistance","detail":"https://classic.savi.org/SAVI/PopUps/AssetMoreInfo.aspx?AssetID=918876"}},{"type":"Feature","geometry":{"type":"Point","coordinates":[-86.12622177,39.78394092]},"properties":{"name":"FIRST FREE METHODIST CHURCH","assetType":"Food Pantries","dataYear":"2019","assetId":"919283","subcategory":"Public Assistance","detail":"https://classic.savi.org/SAVI/PopUps/AssetMoreInfo.aspx?AssetID=919283"}},{"type":"Feature","geometry":{"type":"Point","coordinates":[-86.00327573,39.95610796]},"properties":{"name":"FISHERS UNITED METHODIST CHURCH","assetType":"Food Pantries","dataYear":"2019","assetId":"919406","subcategory":"Public Assistance","detail":"https://classic.savi.org/SAVI/PopUps/AssetMoreInfo.aspx?AssetID=919406"}},{"type":"Feature","geometry":{"type":"Point","coordinates":[-86.23575567,39.75801341]},"properties":{"name":"FLEMING GARDEN CHRISTIAN CHURCH","assetType":"Food Pantries","dataYear":"2019","assetId":"919005","subcategory":"Public Assistance","detail":"https://classic.savi.org/SAVI/PopUps/AssetMoreInfo.aspx?AssetID=919005"}},{"type":"Feature","geometry":{"type":"Point","coordinates":[-86.13164498,39.75229143]},"properties":{"name":"FLETCHER PLACE COMMUNITY CENTER","assetType":"Food Pantries","dataYear":"2019","assetId":"919227","subcategory":"Public Assistance","detail":"https://classic.savi.org/SAVI/PopUps/AssetMoreInfo.aspx?AssetID=919227"}},{"type":"Feature","geometry":{"type":"Point","coordinates":[-86.13164498,39.75229143]},"properties":{"name":"FLETCHER PLACE COMMUNITY CENTER","assetType":"Food Pantries","dataYear":"2019","assetId":"919236","subcategory":"Public Assistance","detail":"https://classic.savi.org/SAVI/PopUps/AssetMoreInfo.aspx?AssetID=919236"}},{"type":"Feature","geometry":{"type":"Point","coordinates":[-85.84426516,39.92159132]},"properties":{"name":"FORTVILLE CHRISTIAN CHURCH","assetType":"Food Pantries","dataYear":"2019","assetId":"922149","subcategory":"Public Assistance","detail":"https://classic.savi.org/SAVI/PopUps/AssetMoreInfo.aspx?AssetID=922149"}},{"type":"Feature","geometry":{"type":"Point","coordinates":[-85.7795342,40.22393576]},"properties":{"name":"FRANKTON CHRISTIAN CHURCH FOOD PANTRY","assetType":"Food Pantries","dataYear":"2019","assetId":"920393","subcategory":"Public Assistance","detail":"https://classic.savi.org/SAVI/PopUps/AssetMoreInfo.aspx?AssetID=920393"}},{"type":"Feature","geometry":{"type":"Point","coordinates":[-86.11863487,39.80368199]},"properties":{"name":"GALILEE MISSIONARY BAPTIST CHURCH","assetType":"Food Pantries","dataYear":"2019","assetId":"919010","subcategory":"Public Assistance","detail":"https://classic.savi.org/SAVI/PopUps/AssetMoreInfo.aspx?AssetID=919010"}},{"type":"Feature","geometry":{"type":"Point","coordinates":[-86.14004215,39.72970886]},"properties":{"name":"GARFIELD PARK BAPTIST CHURCH","assetType":"Food Pantries","dataYear":"2019","assetId":"917665","subcategory":"Public Assistance","detail":"https://classic.savi.org/SAVI/PopUps/AssetMoreInfo.aspx?AssetID=917665"}},{"type":"Feature","geometry":{"type":"Point","coordinates":[-86.26094522,39.71064183]},"properties":{"name":"GLEANERS FOOD BANK OF INDIANA","assetType":"Food Pantries","dataYear":"2019","assetId":"918932","subcategory":"Public Assistance","detail":"https://classic.savi.org/SAVI/PopUps/AssetMoreInfo.aspx?AssetID=918932"}},{"type":"Feature","geometry":{"type":"Point","coordinates":[-86.11588346,39.86928886]},"properties":{"name":"GLENDALE SEVENTH-DAY ADVENTIST CHURCH","assetType":"Food Pantries","dataYear":"2019","assetId":"919660","subcategory":"Public Assistance","detail":"https://classic.savi.org/SAVI/PopUps/AssetMoreInfo.aspx?AssetID=919660"}},{"type":"Feature","geometry":{"type":"Point","coordinates":[-86.11691871,39.85475608]},"properties":{"name":"GLORY POINT","assetType":"Food Pantries","dataYear":"2019","assetId":"917561","subcategory":"Public Assistance","detail":"https://classic.savi.org/SAVI/PopUps/AssetMoreInfo.aspx?AssetID=917561"}},{"type":"Feature","geometry":{"type":"Point","coordinates":[-86.00857245,39.70392564]},"properties":{"name":"GOD S BOUNTY FOOD PANTRY","assetType":"Food Pantries","dataYear":"2019","assetId":"922157","subcategory":"Public Assistance","detail":"https://classic.savi.org/SAVI/PopUps/AssetMoreInfo.aspx?AssetID=922157"}},{"type":"Feature","geometry":{"type":"Point","coordinates":[-86.22906787,39.71299171]},"properties":{"name":"GOODWIN COMMUNITY CENTER","assetType":"Food Pantries","dataYear":"2019","assetId":"918371","subcategory":"Public Assistance","detail":"https://classic.savi.org/SAVI/PopUps/AssetMoreInfo.aspx?AssetID=918371"}},{"type":"Feature","geometry":{"type":"Point","coordinates":[-86.07647877,40.00328699]},"properties":{"name":"GRACE CARE CENTER","assetType":"Food Pantries","dataYear":"2019","assetId":"919727","subcategory":"Public Assistance","detail":"https://classic.savi.org/SAVI/PopUps/AssetMoreInfo.aspx?AssetID=919727"}},{"type":"Feature","geometry":{"type":"Point","coordinates":[-86.37302252,39.66030879]},"properties":{"name":"GRACEWAY FELLOWSHIP","assetType":"Food Pantries","dataYear":"2019","assetId":"919529","subcategory":"Public Assistance","detail":"https://classic.savi.org/SAVI/PopUps/AssetMoreInfo.aspx?AssetID=919529"}},{"type":"Feature","geometry":{"type":"Point","coordinates":[-86.06739949,39.7890602]},"properties":{"name":"GREATER ONE WAY APOSTOLIC CHURCH","assetType":"Food Pantries","dataYear":"2019","assetId":"918110","subcategory":"Public Assistance","detail":"https://classic.savi.org/SAVI/PopUps/AssetMoreInfo.aspx?AssetID=918110"}},{"type":"Feature","geometry":{"type":"Point","coordinates":[-85.80616994,39.95697613]},"properties":{"name":"GREEN TOWNSHIP TRUSTEE MADISON COUNTY","assetType":"Food Pantries","dataYear":"2019","assetId":"920588","subcategory":"Public Assistance","detail":"https://classic.savi.org/SAVI/PopUps/AssetMoreInfo.aspx?AssetID=920588"}},{"type":"Feature","geometry":{"type":"Point","coordinates":[-85.99649012,40.06393037]},"properties":{"name":"GREEN VALLEY CHURCH OF CHRIST","assetType":"Food Pantries","dataYear":"2019","assetId":"918715","subcategory":"Public Assistance","detail":"https://classic.savi.org/SAVI/PopUps/AssetMoreInfo.aspx?AssetID=918715"}},{"type":"Feature","geometry":{"type":"Point","coordinates":[-86.84829564,39.62785086]},"properties":{"name":"GREENCASTLE CHRISTIAN CHURCH","assetType":"Food Pantries","dataYear":"2019","assetId":"919404","subcategory":"Public Assistance","detail":"https://classic.savi.org/SAVI/PopUps/AssetMoreInfo.aspx?AssetID=919404"}},{"type":"Feature","geometry":{"type":"Point","coordinates":[-85.98385951,39.97121567]},"properties":{"name":"HAMILTON HILLS CHURCH","assetType":"Food Pantries","dataYear":"2019","assetId":"918925","subcategory":"Public Assistance","detail":"https://classic.savi.org/SAVI/PopUps/AssetMoreInfo.aspx?AssetID=918925"}},{"type":"Feature","geometry":{"type":"Point","coordinates":[-86.20166779,39.76743222]},"properties":{"name":"HAWTHORNE COMMUNITY CENTER","assetType":"Food Pantries","dataYear":"2019","assetId":"918421","subcategory":"Public Assistance","detail":"https://classic.savi.org/SAVI/PopUps/AssetMoreInfo.aspx?AssetID=918421"}},{"type":"Feature","geometry":{"type":"Point","coordinates":[-86.06902204,39.99809999]},"properties":{"name":"HAZEL DELL CHRISTIAN CHURCH","assetType":"Food Pantries","dataYear":"2019","assetId":"919962","subcategory":"Public Assistance","detail":"https://classic.savi.org/SAVI/PopUps/AssetMoreInfo.aspx?AssetID=919962"}},{"type":"Feature","geometry":{"type":"Point","coordinates":[-86.52182569,39.61644715]},"properties":{"name":"HAZELWOOD CHRISTIAN CHURCH","assetType":"Food Pantries","dataYear":"2019","assetId":"917558","subcategory":"Public Assistance","detail":"https://classic.savi.org/SAVI/PopUps/AssetMoreInfo.aspx?AssetID=917558"}},{"type":"Feature","geometry":{"type":"Point","coordinates":[-86.5019261,39.76763039]},"properties":{"name":"HENDRICKS COUNTY SENIOR SERVICES","assetType":"Food Pantries","dataYear":"2019","assetId":"918318","subcategory":"Public Assistance","detail":"https://classic.savi.org/SAVI/PopUps/AssetMoreInfo.aspx?AssetID=918318"}},{"type":"Feature","geometry":{"type":"Point","coordinates":[-86.15620964,39.78103129]},"properties":{"name":"HOOSIER VETERANS ASSISTANCE FOUNDATION HVAF","assetType":"Food Pantries","dataYear":"2019","assetId":"920501","subcategory":"Public Assistance","detail":"https://classic.savi.org/SAVI/PopUps/AssetMoreInfo.aspx?AssetID=920501"}},{"type":"Feature","geometry":{"type":"Point","coordinates":[-85.77880601,39.51706954]},"properties":{"name":"HUMAN SERVICES OF SHELBY COUNTY","assetType":"Food Pantries","dataYear":"2019","assetId":"916954","subcategory":"Public Assistance","detail":"https://classic.savi.org/SAVI/PopUps/AssetMoreInfo.aspx?AssetID=916954"}},{"type":"Feature","geometry":{"type":"Point","coordinates":[-86.13592948,39.68723893]},"properties":{"name":"HUNGER","assetType":"Food Pantries","dataYear":"2019","assetId":"928594","subcategory":"Public Assistance","detail":"https://classic.savi.org/SAVI/PopUps/AssetMoreInfo.aspx?AssetID=928594"}},{"type":"Feature","geometry":{"type":"Point","coordinates":[-86.13592948,39.68723893]},"properties":{"name":"HUNGER INC","assetType":"Food Pantries","dataYear":"2019","assetId":"918311","subcategory":"Public Assistance","detail":"https://classic.savi.org/SAVI/PopUps/AssetMoreInfo.aspx?AssetID=918311"}},{"type":"Feature","geometry":{"type":"Point","coordinates":[-86.07652741,39.76855739]},"properties":{"name":"I C A N FOOD PANTRY","assetType":"Food Pantries","dataYear":"2019","assetId":"928514","subcategory":"Public Assistance","detail":"https://classic.savi.org/SAVI/PopUps/AssetMoreInfo.aspx?AssetID=928514"}},{"type":"Feature","geometry":{"type":"Point","coordinates":[-86.20362286,39.80739982]},"properties":{"name":"INDIANAPOLIS MUSLIM COMMUNITY ASSOCIATION IMCA","assetType":"Food Pantries","dataYear":"2019","assetId":"918723","subcategory":"Public Assistance","detail":"https://classic.savi.org/SAVI/PopUps/AssetMoreInfo.aspx?AssetID=918723"}},{"type":"Feature","geometry":{"type":"Point","coordinates":[-86.06601922,39.50705482]},"properties":{"name":"INTERCHURCH FOOD PANTRY OF JOHNSON COUNTY","assetType":"Food Pantries","dataYear":"2019","assetId":"919907","subcategory":"Public Assistance","detail":"https://classic.savi.org/SAVI/PopUps/AssetMoreInfo.aspx?AssetID=919907"}},{"type":"Feature","geometry":{"type":"Point","coordinates":[-86.07652741,39.76855739]},"properties":{"name":"IRVINGTON CHURCHES ADVOCACY NETWORK ICAN AT DOWNEY AVENUE CHRISTIAN CHURCH","assetType":"Food Pantries","dataYear":"2019","assetId":"920745","subcategory":"Public Assistance","detail":"https://classic.savi.org/SAVI/PopUps/AssetMoreInfo.aspx?AssetID=920745"}},{"type":"Feature","geometry":{"type":"Point","coordinates":[-86.13144623,39.74532879]},"properties":{"name":"JESUS INSIDE PRISON MINISTRY","assetType":"Food Pantries","dataYear":"2019","assetId":"919595","subcategory":"Public Assistance","detail":"https://classic.savi.org/SAVI/PopUps/AssetMoreInfo.aspx?AssetID=919595"}},{"type":"Feature","geometry":{"type":"Point","coordinates":[-86.0437914,39.47245069]},"properties":{"name":"JOHNSON COUNTY SENIOR SERVICES","assetType":"Food Pantries","dataYear":"2019","assetId":"917052","subcategory":"Public Assistance","detail":"https://classic.savi.org/SAVI/PopUps/AssetMoreInfo.aspx?AssetID=917052"}},{"type":"Feature","geometry":{"type":"Point","coordinates":[-86.20894276,39.88020409]},"properties":{"name":"JOSEPHS PLAN FOOD PANTRY","assetType":"Food Pantries","dataYear":"2019","assetId":"928310","subcategory":"Public Assistance","detail":"https://classic.savi.org/SAVI/PopUps/AssetMoreInfo.aspx?AssetID=928310"}},{"type":"Feature","geometry":{"type":"Point","coordinates":[-86.2140669,39.78066681]},"properties":{"name":"JR DALTON","assetType":"Food Pantries","dataYear":"2019","assetId":"917562","subcategory":"Public Assistance","detail":"https://classic.savi.org/SAVI/PopUps/AssetMoreInfo.aspx?AssetID=917562"}},{"type":"Feature","geometry":{"type":"Point","coordinates":[-86.12515318,39.72300068]},"properties":{"name":"KEENAN-STAHL BOYS AND GIRLS CLUB","assetType":"Food Pantries","dataYear":"2019","assetId":"919770","subcategory":"Public Assistance","detail":"https://classic.savi.org/SAVI/PopUps/AssetMoreInfo.aspx?AssetID=919770"}},{"type":"Feature","geometry":{"type":"Point","coordinates":[-86.26430299,39.76666908]},"properties":{"name":"LAKEVIEW CHURCH","assetType":"Food Pantries","dataYear":"2019","assetId":"921459","subcategory":"Public Assistance","detail":"https://classic.savi.org/SAVI/PopUps/AssetMoreInfo.aspx?AssetID=921459"}},{"type":"Feature","geometry":{"type":"Point","coordinates":[-85.84912983,40.07222243]},"properties":{"name":"LAPEL COMMUNITY FOOD PANTRY","assetType":"Food Pantries","dataYear":"2019","assetId":"920690","subcategory":"Public Assistance","detail":"https://classic.savi.org/SAVI/PopUps/AssetMoreInfo.aspx?AssetID=920690"}},{"type":"Feature","geometry":{"type":"Point","coordinates":[-86.04420326,39.82769413]},"properties":{"name":"LAWRENCE TOWNSHIP HUNGER COALITION","assetType":"Food Pantries","dataYear":"2019","assetId":"919072","subcategory":"Public Assistance","detail":"https://classic.savi.org/SAVI/PopUps/AssetMoreInfo.aspx?AssetID=919072"}},{"type":"Feature","geometry":{"type":"Point","coordinates":[-86.32279279,39.77795681]},"properties":{"name":"LIFE CHURCH","assetType":"Food Pantries","dataYear":"2019","assetId":"919252","subcategory":"Public Assistance","detail":"https://classic.savi.org/SAVI/PopUps/AssetMoreInfo.aspx?AssetID=919252"}},{"type":"Feature","geometry":{"type":"Point","coordinates":[-86.26992915,39.86079052]},"properties":{"name":"LIFE CHURCH","assetType":"Food Pantries","dataYear":"2019","assetId":"917525","subcategory":"Public Assistance","detail":"https://classic.savi.org/SAVI/PopUps/AssetMoreInfo.aspx?AssetID=917525"}},{"type":"Feature","geometry":{"type":"Point","coordinates":[-86.14551601,39.94037734]},"properties":{"name":"LIFE RESTORATION CHURCH","assetType":"Food Pantries","dataYear":"2019","assetId":"919043","subcategory":"Public Assistance","detail":"https://classic.savi.org/SAVI/PopUps/AssetMoreInfo.aspx?AssetID=919043"}},{"type":"Feature","geometry":{"type":"Point","coordinates":[-86.37565907,39.74850968]},"properties":{"name":"LIGHT AND LIFE FREE METHODIST CHURCH","assetType":"Food Pantries","dataYear":"2019","assetId":"919798","subcategory":"Public Assistance","detail":"https://classic.savi.org/SAVI/PopUps/AssetMoreInfo.aspx?AssetID=919798"}},{"type":"Feature","geometry":{"type":"Point","coordinates":[-86.09311115,39.77503806]},"properties":{"name":"LINWOOD CHRISTIAN CHURCH","assetType":"Food Pantries","dataYear":"2019","assetId":"922171","subcategory":"Public Assistance","detail":"https://classic.savi.org/SAVI/PopUps/AssetMoreInfo.aspx?AssetID=922171"}},{"type":"Feature","geometry":{"type":"Point","coordinates":[-86.19219241,39.75298915]},"properties":{"name":"LIRIOS DE LOS VALLES","assetType":"Food Pantries","dataYear":"2019","assetId":"919613","subcategory":"Public Assistance","detail":"https://classic.savi.org/SAVI/PopUps/AssetMoreInfo.aspx?AssetID=919613"}},{"type":"Feature","geometry":{"type":"Point","coordinates":[-86.47556933,40.04571218]},"properties":{"name":"LOVE IN THE NAME OF CHRIST LOVE INC OF GREATER BOONE COUNTY","assetType":"Food Pantries","dataYear":"2019","assetId":"919839","subcategory":"Public Assistance","detail":"https://classic.savi.org/SAVI/PopUps/AssetMoreInfo.aspx?AssetID=919839"}},{"type":"Feature","geometry":{"type":"Point","coordinates":[-85.77875949,39.80392218]},"properties":{"name":"LOVE IN THE NAME OF CHRIST LOVE INC OF GREATER HANCOCK COUNTY","assetType":"Food Pantries","dataYear":"2019","assetId":"921004","subcategory":"Public Assistance","detail":"https://classic.savi.org/SAVI/PopUps/AssetMoreInfo.aspx?AssetID=921004"}},{"type":"Feature","geometry":{"type":"Point","coordinates":[-86.01160324,40.05296045]},"properties":{"name":"LOVING HANDS FOOD AND CLOTHING PANTRY","assetType":"Food Pantries","dataYear":"2019","assetId":"920941","subcategory":"Public Assistance","detail":"https://classic.savi.org/SAVI/PopUps/AssetMoreInfo.aspx?AssetID=920941"}},{"type":"Feature","geometry":{"type":"Point","coordinates":[-85.849974,39.93469631]},"properties":{"name":"MAIN STREET FOOD PANTRY","assetType":"Food Pantries","dataYear":"2019","assetId":"917204","subcategory":"Public Assistance","detail":"https://classic.savi.org/SAVI/PopUps/AssetMoreInfo.aspx?AssetID=917204"}},{"type":"Feature","geometry":{"type":"Point","coordinates":[-86.22051773,40.13720194]},"properties":{"name":"MAMA S CUPBOARD","assetType":"Food Pantries","dataYear":"2019","assetId":"920184","subcategory":"Public Assistance","detail":"https://classic.savi.org/SAVI/PopUps/AssetMoreInfo.aspx?AssetID=920184"}},{"type":"Feature","geometry":{"type":"Point","coordinates":[-86.40908061,39.4212818]},"properties":{"name":"MARTINSVILLE FIRST CHURCH OF THE NAZARENE","assetType":"Food Pantries","dataYear":"2019","assetId":"919634","subcategory":"Public Assistance","detail":"https://classic.savi.org/SAVI/PopUps/AssetMoreInfo.aspx?AssetID=919634"}},{"type":"Feature","geometry":{"type":"Point","coordinates":[-86.19465994,39.7511725]},"properties":{"name":"MARY RIGG FOOD PANTRY","assetType":"Food Pantries","dataYear":"2019","assetId":"927680","subcategory":"Public Assistance","detail":"https://classic.savi.org/SAVI/PopUps/AssetMoreInfo.aspx?AssetID=927680"}},{"type":"Feature","geometry":{"type":"Point","coordinates":[-86.19465994,39.7511725]},"properties":{"name":"MARY RIGG NEIGHBORHOOD CENTER","assetType":"Food Pantries","dataYear":"2019","assetId":"919859","subcategory":"Public Assistance","detail":"https://classic.savi.org/SAVI/PopUps/AssetMoreInfo.aspx?AssetID=919859"}},{"type":"Feature","geometry":{"type":"Point","coordinates":[-86.12089452,39.83038839]},"properties":{"name":"MASJID AL MUMINEEN","assetType":"Food Pantries","dataYear":"2019","assetId":"918998","subcategory":"Public Assistance","detail":"https://classic.savi.org/SAVI/PopUps/AssetMoreInfo.aspx?AssetID=918998"}},{"type":"Feature","geometry":{"type":"Point","coordinates":[-85.92301461,39.89376923]},"properties":{"name":"MCCORDSVILLE UNITED METHODIST CHURCH","assetType":"Food Pantries","dataYear":"2019","assetId":"918898","subcategory":"Public Assistance","detail":"https://classic.savi.org/SAVI/PopUps/AssetMoreInfo.aspx?AssetID=918898"}},{"type":"Feature","geometry":{"type":"Point","coordinates":[-86.14868911,39.99920968]},"properties":{"name":"MERCIFUL HELP CENTER","assetType":"Food Pantries","dataYear":"2019","assetId":"922252","subcategory":"Public Assistance","detail":"https://classic.savi.org/SAVI/PopUps/AssetMoreInfo.aspx?AssetID=922252"}},{"type":"Feature","geometry":{"type":"Point","coordinates":[-86.40039119,39.83075893]},"properties":{"name":"MESSIAH LUTHERAN CHURCH","assetType":"Food Pantries","dataYear":"2019","assetId":"917306","subcategory":"Public Assistance","detail":"https://classic.savi.org/SAVI/PopUps/AssetMoreInfo.aspx?AssetID=917306"}},{"type":"Feature","geometry":{"type":"Point","coordinates":[-86.15614424,39.78054157]},"properties":{"name":"METRO BAPTIST CENTER","assetType":"Food Pantries","dataYear":"2019","assetId":"919738","subcategory":"Public Assistance","detail":"https://classic.savi.org/SAVI/PopUps/AssetMoreInfo.aspx?AssetID=919738"}},{"type":"Feature","geometry":{"type":"Point","coordinates":[-86.15633349,39.81647458]},"properties":{"name":"MID-NORTH FOOD PANTRY","assetType":"Food Pantries","dataYear":"2019","assetId":"919238","subcategory":"Public Assistance","detail":"https://classic.savi.org/SAVI/PopUps/AssetMoreInfo.aspx?AssetID=919238"}},{"type":"Feature","geometry":{"type":"Point","coordinates":[-86.15633349,39.81647458]},"properties":{"name":"MID-NORTH FOOD PANTRY","assetType":"Food Pantries","dataYear":"2019","assetId":"927728","subcategory":"Public Assistance","detail":"https://classic.savi.org/SAVI/PopUps/AssetMoreInfo.aspx?AssetID=927728"}},{"type":"Feature","geometry":{"type":"Point","coordinates":[-86.52196272,39.68887958]},"properties":{"name":"MILL CREEK CHRISTIAN SUPPORT CENTER","assetType":"Food Pantries","dataYear":"2019","assetId":"919383","subcategory":"Public Assistance","detail":"https://classic.savi.org/SAVI/PopUps/AssetMoreInfo.aspx?AssetID=919383"}},{"type":"Feature","geometry":{"type":"Point","coordinates":[-86.0982473,39.81853819]},"properties":{"name":"MIRACLES AND BLESSINGS","assetType":"Food Pantries","dataYear":"2019","assetId":"920306","subcategory":"Public Assistance","detail":"https://classic.savi.org/SAVI/PopUps/AssetMoreInfo.aspx?AssetID=920306"}},{"type":"Feature","geometry":{"type":"Point","coordinates":[-86.47916378,39.5780932]},"properties":{"name":"MONROVIA UNITED METHODIST CHURCH","assetType":"Food Pantries","dataYear":"2019","assetId":"919007","subcategory":"Public Assistance","detail":"https://classic.savi.org/SAVI/PopUps/AssetMoreInfo.aspx?AssetID=919007"}},{"type":"Feature","geometry":{"type":"Point","coordinates":[-86.34793845,39.59775813]},"properties":{"name":"MOORESVILLE SENIOR CITIZENS CENTER","assetType":"Food Pantries","dataYear":"2019","assetId":"919305","subcategory":"Public Assistance","detail":"https://classic.savi.org/SAVI/PopUps/AssetMoreInfo.aspx?AssetID=919305"}},{"type":"Feature","geometry":{"type":"Point","coordinates":[-86.26219156,39.37145808]},"properties":{"name":"MORGANTOWN FOOD PANTRY","assetType":"Food Pantries","dataYear":"2019","assetId":"920551","subcategory":"Public Assistance","detail":"https://classic.savi.org/SAVI/PopUps/AssetMoreInfo.aspx?AssetID=920551"}},{"type":"Feature","geometry":{"type":"Point","coordinates":[-85.9991721,39.83364083]},"properties":{"name":"MOUNT CARMEL CHURCH","assetType":"Food Pantries","dataYear":"2019","assetId":"917560","subcategory":"Public Assistance","detail":"https://classic.savi.org/SAVI/PopUps/AssetMoreInfo.aspx?AssetID=917560"}},{"type":"Feature","geometry":{"type":"Point","coordinates":[-86.13180858,39.80030346]},"properties":{"name":"MOUNT NEBO MISSIONARY BAPTIST CHURCH","assetType":"Food Pantries","dataYear":"2019","assetId":"919042","subcategory":"Public Assistance","detail":"https://classic.savi.org/SAVI/PopUps/AssetMoreInfo.aspx?AssetID=919042"}},{"type":"Feature","geometry":{"type":"Point","coordinates":[-86.17933839,39.78808172]},"properties":{"name":"MOUNT OLIVE MISSIONARY BAPTIST CHURCH","assetType":"Food Pantries","dataYear":"2019","assetId":"919061","subcategory":"Public Assistance","detail":"https://classic.savi.org/SAVI/PopUps/AssetMoreInfo.aspx?AssetID=919061"}},{"type":"Feature","geometry":{"type":"Point","coordinates":[-86.20848887,39.61854228]},"properties":{"name":"MOUNT PLEASANT CHRISTIAN CHURCH","assetType":"Food Pantries","dataYear":"2019","assetId":"922142","subcategory":"Public Assistance","detail":"https://classic.savi.org/SAVI/PopUps/AssetMoreInfo.aspx?AssetID=922142"}},{"type":"Feature","geometry":{"type":"Point","coordinates":[-86.13180858,39.80030346]},"properties":{"name":"MT NEBO FOOD PANTRY","assetType":"Food Pantries","dataYear":"2019","assetId":"927612","subcategory":"Public Assistance","detail":"https://classic.savi.org/SAVI/PopUps/AssetMoreInfo.aspx?AssetID=927612"}},{"type":"Feature","geometry":{"type":"Point","coordinates":[-86.13538143,39.7876675]},"properties":{"name":"NEW BETHEL MISSIONARY BAPTIST CHURCH","assetType":"Food Pantries","dataYear":"2019","assetId":"922202","subcategory":"Public Assistance","detail":"https://classic.savi.org/SAVI/PopUps/AssetMoreInfo.aspx?AssetID=922202"}},{"type":"Feature","geometry":{"type":"Point","coordinates":[-86.07800516,39.82558282]},"properties":{"name":"NEW DIRECTION CHURCH","assetType":"Food Pantries","dataYear":"2019","assetId":"918857","subcategory":"Public Assistance","detail":"https://classic.savi.org/SAVI/PopUps/AssetMoreInfo.aspx?AssetID=918857"}},{"type":"Feature","geometry":{"type":"Point","coordinates":[-86.84841584,39.63458908]},"properties":{"name":"NEW LIFE BAPTIST CHURCH","assetType":"Food Pantries","dataYear":"2019","assetId":"920495","subcategory":"Public Assistance","detail":"https://classic.savi.org/SAVI/PopUps/AssetMoreInfo.aspx?AssetID=920495"}},{"type":"Feature","geometry":{"type":"Point","coordinates":[-86.75335153,39.56659448]},"properties":{"name":"NEW PROVIDENCE BAPTIST CHURCH","assetType":"Food Pantries","dataYear":"2019","assetId":"920613","subcategory":"Public Assistance","detail":"https://classic.savi.org/SAVI/PopUps/AssetMoreInfo.aspx?AssetID=920613"}},{"type":"Feature","geometry":{"type":"Point","coordinates":[-85.95601685,39.87989986]},"properties":{"name":"NEW REVELATIONS CHRISTIAN CHURCH","assetType":"Food Pantries","dataYear":"2019","assetId":"919353","subcategory":"Public Assistance","detail":"https://classic.savi.org/SAVI/PopUps/AssetMoreInfo.aspx?AssetID=919353"}},{"type":"Feature","geometry":{"type":"Point","coordinates":[-86.12572433,39.81461824]},"properties":{"name":"NEW VISION MINISTRIES INC","assetType":"Food Pantries","dataYear":"2019","assetId":"918986","subcategory":"Public Assistance","detail":"https://classic.savi.org/SAVI/PopUps/AssetMoreInfo.aspx?AssetID=918986"}},{"type":"Feature","geometry":{"type":"Point","coordinates":[-86.09211712,39.75815406]},"properties":{"name":"NEW VISION MISSIONARY BAPTIST CHURCH","assetType":"Food Pantries","dataYear":"2019","assetId":"918851","subcategory":"Public Assistance","detail":"https://classic.savi.org/SAVI/PopUps/AssetMoreInfo.aspx?AssetID=918851"}},{"type":"Feature","geometry":{"type":"Point","coordinates":[-86.23583202,39.82240951]},"properties":{"name":"NEW WINESKIN MINISTRIES","assetType":"Food Pantries","dataYear":"2019","assetId":"919905","subcategory":"Public Assistance","detail":"https://classic.savi.org/SAVI/PopUps/AssetMoreInfo.aspx?AssetID=919905"}},{"type":"Feature","geometry":{"type":"Point","coordinates":[-86.23583202,39.82240951]},"properties":{"name":"NEW WINESKIN PANTRY","assetType":"Food Pantries","dataYear":"2019","assetId":"927793","subcategory":"Public Assistance","detail":"https://classic.savi.org/SAVI/PopUps/AssetMoreInfo.aspx?AssetID=927793"}},{"type":"Feature","geometry":{"type":"Point","coordinates":[-86.00985432,40.03351339]},"properties":{"name":"NOBLESVILLE SOCIETY OF SAINT VINCENT DE PAUL","assetType":"Food Pantries","dataYear":"2019","assetId":"922176","subcategory":"Public Assistance","detail":"https://classic.savi.org/SAVI/PopUps/AssetMoreInfo.aspx?AssetID=922176"}},{"type":"Feature","geometry":{"type":"Point","coordinates":[-86.0142319,40.04246142]},"properties":{"name":"NOBLESVILLE TOWNSHIP TRUSTEE HAMILTON COUNTY","assetType":"Food Pantries","dataYear":"2019","assetId":"918269","subcategory":"Public Assistance","detail":"https://classic.savi.org/SAVI/PopUps/AssetMoreInfo.aspx?AssetID=918269"}},{"type":"Feature","geometry":{"type":"Point","coordinates":[-86.14335274,39.92083604]},"properties":{"name":"NORA FOOD PANTRY","assetType":"Food Pantries","dataYear":"2019","assetId":"927852","subcategory":"Public Assistance","detail":"https://classic.savi.org/SAVI/PopUps/AssetMoreInfo.aspx?AssetID=927852"}},{"type":"Feature","geometry":{"type":"Point","coordinates":[-86.64668927,39.8604602]},"properties":{"name":"NORTH SALEM CHRISTIAN CHURCH","assetType":"Food Pantries","dataYear":"2019","assetId":"919049","subcategory":"Public Assistance","detail":"https://classic.savi.org/SAVI/PopUps/AssetMoreInfo.aspx?AssetID=919049"}},{"type":"Feature","geometry":{"type":"Point","coordinates":[-86.11561615,39.20079554]},"properties":{"name":"NORTH SALEM UNITED METHODIST CHURCH","assetType":"Food Pantries","dataYear":"2019","assetId":"917061","subcategory":"Public Assistance","detail":"https://classic.savi.org/SAVI/PopUps/AssetMoreInfo.aspx?AssetID=917061"}},{"type":"Feature","geometry":{"type":"Point","coordinates":[-86.11328953,39.88315274]},"properties":{"name":"NORTHSIDE BAPTIST CHURCH","assetType":"Food Pantries","dataYear":"2019","assetId":"918927","subcategory":"Public Assistance","detail":"https://classic.savi.org/SAVI/PopUps/AssetMoreInfo.aspx?AssetID=918927"}},{"type":"Feature","geometry":{"type":"Point","coordinates":[-86.15071755,39.83923492]},"properties":{"name":"NORTHWOOD CHRISTIAN CHURCH","assetType":"Food Pantries","dataYear":"2019","assetId":"918116","subcategory":"Public Assistance","detail":"https://classic.savi.org/SAVI/PopUps/AssetMoreInfo.aspx?AssetID=918116"}},{"type":"Feature","geometry":{"type":"Point","coordinates":[-86.14516171,39.80560521]},"properties":{"name":"NU CORINTHIAN BAPTIST CHURCH - INNER CITY MINISTRY SANCTITY OF SALVATION","assetType":"Food Pantries","dataYear":"2019","assetId":"920887","subcategory":"Public Assistance","detail":"https://classic.savi.org/SAVI/PopUps/AssetMoreInfo.aspx?AssetID=920887"}},{"type":"Feature","geometry":{"type":"Point","coordinates":[-86.14244415,39.75236992]},"properties":{"name":"OFFICER DAVID S MOORE FOOD PANTRY","assetType":"Food Pantries","dataYear":"2019","assetId":"919164","subcategory":"Public Assistance","detail":"https://classic.savi.org/SAVI/PopUps/AssetMoreInfo.aspx?AssetID=919164"}},{"type":"Feature","geometry":{"type":"Point","coordinates":[-86.14176381,39.75268685]},"properties":{"name":"OFFICER DAVID S MOORE FOOD PANTRY","assetType":"Food Pantries","dataYear":"2019","assetId":"927691","subcategory":"Public Assistance","detail":"https://classic.savi.org/SAVI/PopUps/AssetMoreInfo.aspx?AssetID=927691"}},{"type":"Feature","geometry":{"type":"Point","coordinates":[-86.02584022,39.7970814]},"properties":{"name":"OLD BETHEL UNITED METHODIST CHURCH","assetType":"Food Pantries","dataYear":"2019","assetId":"918111","subcategory":"Public Assistance","detail":"https://classic.savi.org/SAVI/PopUps/AssetMoreInfo.aspx?AssetID=918111"}},{"type":"Feature","geometry":{"type":"Point","coordinates":[-86.13578476,39.72066012]},"properties":{"name":"ONE BODY MINISTRIES PANTRY","assetType":"Food Pantries","dataYear":"2019","assetId":"919167","subcategory":"Public Assistance","detail":"https://classic.savi.org/SAVI/PopUps/AssetMoreInfo.aspx?AssetID=919167"}},{"type":"Feature","geometry":{"type":"Point","coordinates":[-86.13731582,40.06841973]},"properties":{"name":"OPEN DOORS OF WESTFIELD WASHINGTON TOWNSHIP","assetType":"Food Pantries","dataYear":"2019","assetId":"918109","subcategory":"Public Assistance","detail":"https://classic.savi.org/SAVI/PopUps/AssetMoreInfo.aspx?AssetID=918109"}},{"type":"Feature","geometry":{"type":"Point","coordinates":[-85.6714243,40.09554184]},"properties":{"name":"OPERATION LOVE MINISTRIES","assetType":"Food Pantries","dataYear":"2019","assetId":"920605","subcategory":"Public Assistance","detail":"https://classic.savi.org/SAVI/PopUps/AssetMoreInfo.aspx?AssetID=920605"}},{"type":"Feature","geometry":{"type":"Point","coordinates":[-85.66917121,40.11104132]},"properties":{"name":"PARK PLACE COMMUNITY CENTER","assetType":"Food Pantries","dataYear":"2019","assetId":"920706","subcategory":"Public Assistance","detail":"https://classic.savi.org/SAVI/PopUps/AssetMoreInfo.aspx?AssetID=920706"}},{"type":"Feature","geometry":{"type":"Point","coordinates":[-86.17600733,39.77391154]},"properties":{"name":"PAWS PANTRY at IUPUI","assetType":"Food Pantries","dataYear":"2019","assetId":"927506","subcategory":"Public Assistance","detail":"https://classic.savi.org/SAVI/PopUps/AssetMoreInfo.aspx?AssetID=927506"}},{"type":"Feature","geometry":{"type":"Point","coordinates":[-85.61469635,39.98080438]},"properties":{"name":"PENDLETON COMMUNITY PUBLIC LIBRARY READ N FEED AT EAST CHRISTIAN CHURCH IN MARKLEVILLE","assetType":"Food Pantries","dataYear":"2019","assetId":"919792","subcategory":"Public Assistance","detail":"https://classic.savi.org/SAVI/PopUps/AssetMoreInfo.aspx?AssetID=919792"}},{"type":"Feature","geometry":{"type":"Point","coordinates":[-85.7478221,40.00237862]},"properties":{"name":"PENDLETON COMMUNITY PUBLIC LIBRARY READ N FEED AT PENDLETON FIRST UNITED METHODIST CHURCH","assetType":"Food Pantries","dataYear":"2019","assetId":"919791","subcategory":"Public Assistance","detail":"https://classic.savi.org/SAVI/PopUps/AssetMoreInfo.aspx?AssetID=919791"}},{"type":"Feature","geometry":{"type":"Point","coordinates":[-85.80616994,39.95697613]},"properties":{"name":"PENDLETON COMMUNITY PUBLIC LIBRARY READ N FEED AT SOUTH MADISON CHRISTIAN CHURCH","assetType":"Food Pantries","dataYear":"2019","assetId":"919789","subcategory":"Public Assistance","detail":"https://classic.savi.org/SAVI/PopUps/AssetMoreInfo.aspx?AssetID=919789"}},{"type":"Feature","geometry":{"type":"Point","coordinates":[-85.67770093,40.26259124]},"properties":{"name":"PETE S PANTRY","assetType":"Food Pantries","dataYear":"2019","assetId":"920700","subcategory":"Public Assistance","detail":"https://classic.savi.org/SAVI/PopUps/AssetMoreInfo.aspx?AssetID=920700"}},{"type":"Feature","geometry":{"type":"Point","coordinates":[-86.46774055,39.86597097]},"properties":{"name":"PITTSBORO CHRISTIAN CHURCH","assetType":"Food Pantries","dataYear":"2019","assetId":"919596","subcategory":"Public Assistance","detail":"https://classic.savi.org/SAVI/PopUps/AssetMoreInfo.aspx?AssetID=919596"}},{"type":"Feature","geometry":{"type":"Point","coordinates":[-86.39172024,39.7038734]},"properties":{"name":"PLAINFIELD FEDERATION OF CHURCHES - CHRISTIAN SUPPORT CENTER","assetType":"Food Pantries","dataYear":"2019","assetId":"917641","subcategory":"Public Assistance","detail":"https://classic.savi.org/SAVI/PopUps/AssetMoreInfo.aspx?AssetID=917641"}},{"type":"Feature","geometry":{"type":"Point","coordinates":[-86.17378006,39.80218159]},"properties":{"name":"PROMISE LAND CHRISTIAN COMMUNITY CHURCH","assetType":"Food Pantries","dataYear":"2019","assetId":"922180","subcategory":"Public Assistance","detail":"https://classic.savi.org/SAVI/PopUps/AssetMoreInfo.aspx?AssetID=922180"}},{"type":"Feature","geometry":{"type":"Point","coordinates":[-86.8615327,39.64486074]},"properties":{"name":"PUTNAM COUNTY EMERGENCY FOOD PANTRY","assetType":"Food Pantries","dataYear":"2019","assetId":"922330","subcategory":"Public Assistance","detail":"https://classic.savi.org/SAVI/PopUps/AssetMoreInfo.aspx?AssetID=922330"}},{"type":"Feature","geometry":{"type":"Point","coordinates":[-85.80566074,39.96068377]},"properties":{"name":"REAL COMMUNITY CHURCH OF GOD","assetType":"Food Pantries","dataYear":"2019","assetId":"919436","subcategory":"Public Assistance","detail":"https://classic.savi.org/SAVI/PopUps/AssetMoreInfo.aspx?AssetID=919436"}},{"type":"Feature","geometry":{"type":"Point","coordinates":[-86.42679036,39.42813683]},"properties":{"name":"RED BARN","assetType":"Food Pantries","dataYear":"2019","assetId":"917830","subcategory":"Public Assistance","detail":"https://classic.savi.org/SAVI/PopUps/AssetMoreInfo.aspx?AssetID=917830"}},{"type":"Feature","geometry":{"type":"Point","coordinates":[-86.08981851,39.61506048]},"properties":{"name":"REFUGE THE","assetType":"Food Pantries","dataYear":"2019","assetId":"920754","subcategory":"Public Assistance","detail":"https://classic.savi.org/SAVI/PopUps/AssetMoreInfo.aspx?AssetID=920754"}},{"type":"Feature","geometry":{"type":"Point","coordinates":[-86.01806206,40.12851227]},"properties":{"name":"SACRED HEART OF JESUS FOOD PANTRY","assetType":"Food Pantries","dataYear":"2019","assetId":"918935","subcategory":"Public Assistance","detail":"https://classic.savi.org/SAVI/PopUps/AssetMoreInfo.aspx?AssetID=918935"}},{"type":"Feature","geometry":{"type":"Point","coordinates":[-86.25996841,39.80851259]},"properties":{"name":"SAINT JOHN S EPISCOPAL CHURCH","assetType":"Food Pantries","dataYear":"2019","assetId":"919799","subcategory":"Public Assistance","detail":"https://classic.savi.org/SAVI/PopUps/AssetMoreInfo.aspx?AssetID=919799"}},{"type":"Feature","geometry":{"type":"Point","coordinates":[-85.67559313,40.06256401]},"properties":{"name":"SAINT JOHN S EVANGELICAL LUTHERAN CHURCH","assetType":"Food Pantries","dataYear":"2019","assetId":"920691","subcategory":"Public Assistance","detail":"https://classic.savi.org/SAVI/PopUps/AssetMoreInfo.aspx?AssetID=920691"}},{"type":"Feature","geometry":{"type":"Point","coordinates":[-86.13521825,39.79037782]},"properties":{"name":"SAINT JOHN S MISSIONARY BAPTIST CHURCH","assetType":"Food Pantries","dataYear":"2019","assetId":"917569","subcategory":"Public Assistance","detail":"https://classic.savi.org/SAVI/PopUps/AssetMoreInfo.aspx?AssetID=917569"}},{"type":"Feature","geometry":{"type":"Point","coordinates":[-86.03158178,39.95205062]},"properties":{"name":"SAINT LOUIS DE MONTFORT","assetType":"Food Pantries","dataYear":"2019","assetId":"918717","subcategory":"Public Assistance","detail":"https://classic.savi.org/SAVI/PopUps/AssetMoreInfo.aspx?AssetID=918717"}},{"type":"Feature","geometry":{"type":"Point","coordinates":[-86.16883018,40.03306627]},"properties":{"name":"SAINT MARIA GORETTI CATHOLIC CHURCH","assetType":"Food Pantries","dataYear":"2019","assetId":"922190","subcategory":"Public Assistance","detail":"https://classic.savi.org/SAVI/PopUps/AssetMoreInfo.aspx?AssetID=922190"}},{"type":"Feature","geometry":{"type":"Point","coordinates":[-86.41970467,39.69937262]},"properties":{"name":"SAINT STEPHEN S LUTHERAN CHURCH","assetType":"Food Pantries","dataYear":"2019","assetId":"919515","subcategory":"Public Assistance","detail":"https://classic.savi.org/SAVI/PopUps/AssetMoreInfo.aspx?AssetID=919515"}},{"type":"Feature","geometry":{"type":"Point","coordinates":[-86.11722862,39.69301362]},"properties":{"name":"SAINT TIMOTHY EPISCOPAL CHURCH","assetType":"Food Pantries","dataYear":"2019","assetId":"917526","subcategory":"Public Assistance","detail":"https://classic.savi.org/SAVI/PopUps/AssetMoreInfo.aspx?AssetID=917526"}},{"type":"Feature","geometry":{"type":"Point","coordinates":[-86.16435437,39.83236003]},"properties":{"name":"SAINT VINCENT DE PAUL BOULEVARD PLACE FOOD PANTRY","assetType":"Food Pantries","dataYear":"2019","assetId":"917550","subcategory":"Public Assistance","detail":"https://classic.savi.org/SAVI/PopUps/AssetMoreInfo.aspx?AssetID=917550"}},{"type":"Feature","geometry":{"type":"Point","coordinates":[-86.46574511,40.04658229]},"properties":{"name":"SAINT VINCENT DE PAUL OF SAINT JOSEPH ROMAN CATHOLIC CHURCH","assetType":"Food Pantries","dataYear":"2019","assetId":"919026","subcategory":"Public Assistance","detail":"https://classic.savi.org/SAVI/PopUps/AssetMoreInfo.aspx?AssetID=919026"}},{"type":"Feature","geometry":{"type":"Point","coordinates":[-86.10558351,39.60948257]},"properties":{"name":"SAINT VINCENT DE PAUL SOCIETY JOHNSON COUNTY","assetType":"Food Pantries","dataYear":"2019","assetId":"917448","subcategory":"Public Assistance","detail":"https://classic.savi.org/SAVI/PopUps/AssetMoreInfo.aspx?AssetID=917448"}},{"type":"Feature","geometry":{"type":"Point","coordinates":[-86.21498279,39.59022163]},"properties":{"name":"SAINTS FRANCIS AND CLARE","assetType":"Food Pantries","dataYear":"2019","assetId":"920614","subcategory":"Public Assistance","detail":"https://classic.savi.org/SAVI/PopUps/AssetMoreInfo.aspx?AssetID=920614"}},{"type":"Feature","geometry":{"type":"Point","coordinates":[-85.77405599,39.52454592]},"properties":{"name":"SALVATION ARMY","assetType":"Food Pantries","dataYear":"2019","assetId":"934107","subcategory":"Public Assistance","detail":"https://classic.savi.org/SAVI/PopUps/AssetMoreInfo.aspx?AssetID=934107"}},{"type":"Feature","geometry":{"type":"Point","coordinates":[-85.67948507,40.0999835]},"properties":{"name":"SALVATION ARMY ANDERSON","assetType":"Food Pantries","dataYear":"2019","assetId":"920608","subcategory":"Public Assistance","detail":"https://classic.savi.org/SAVI/PopUps/AssetMoreInfo.aspx?AssetID=920608"}},{"type":"Feature","geometry":{"type":"Point","coordinates":[-86.24827151,39.20530328]},"properties":{"name":"SALVATION ARMY BROWN COUNTY","assetType":"Food Pantries","dataYear":"2019","assetId":"916979","subcategory":"Public Assistance","detail":"https://classic.savi.org/SAVI/PopUps/AssetMoreInfo.aspx?AssetID=916979"}},{"type":"Feature","geometry":{"type":"Point","coordinates":[-86.27109654,39.83356218]},"properties":{"name":"SALVATION ARMY EAGLE CREEK CORPS","assetType":"Food Pantries","dataYear":"2019","assetId":"921697","subcategory":"Public Assistance","detail":"https://classic.savi.org/SAVI/PopUps/AssetMoreInfo.aspx?AssetID=921697"}},{"type":"Feature","geometry":{"type":"Point","coordinates":[-86.13965878,39.74927514]},"properties":{"name":"SALVATION ARMY FOUNTAIN SQUARE CORPS","assetType":"Food Pantries","dataYear":"2019","assetId":"921696","subcategory":"Public Assistance","detail":"https://classic.savi.org/SAVI/PopUps/AssetMoreInfo.aspx?AssetID=921696"}},{"type":"Feature","geometry":{"type":"Point","coordinates":[-86.1104956,39.61209097]},"properties":{"name":"SALVATION ARMY JOHNSON COUNTY","assetType":"Food Pantries","dataYear":"2019","assetId":"918834","subcategory":"Public Assistance","detail":"https://classic.savi.org/SAVI/PopUps/AssetMoreInfo.aspx?AssetID=918834"}},{"type":"Feature","geometry":{"type":"Point","coordinates":[-85.77352899,39.52464758]},"properties":{"name":"SALVATION ARMY SHELBYVILLE","assetType":"Food Pantries","dataYear":"2019","assetId":"917511","subcategory":"Public Assistance","detail":"https://classic.savi.org/SAVI/PopUps/AssetMoreInfo.aspx?AssetID=917511"}},{"type":"Feature","geometry":{"type":"Point","coordinates":[-86.12161115,39.85392723]},"properties":{"name":"SECOND CHANCE RESTORATION TEMPLE","assetType":"Food Pantries","dataYear":"2019","assetId":"919137","subcategory":"Public Assistance","detail":"https://classic.savi.org/SAVI/PopUps/AssetMoreInfo.aspx?AssetID=919137"}},{"type":"Feature","geometry":{"type":"Point","coordinates":[-85.71841682,40.09950744]},"properties":{"name":"SECOND HARVEST TAILGATE PANTRY - MADISON COUNTY","assetType":"Food Pantries","dataYear":"2019","assetId":"920704","subcategory":"Public Assistance","detail":"https://classic.savi.org/SAVI/PopUps/AssetMoreInfo.aspx?AssetID=920704"}},{"type":"Feature","geometry":{"type":"Point","coordinates":[-86.15799452,39.89443168]},"properties":{"name":"SECOND PRESBYTERIAN CHURCH","assetType":"Food Pantries","dataYear":"2019","assetId":"919326","subcategory":"Public Assistance","detail":"https://classic.savi.org/SAVI/PopUps/AssetMoreInfo.aspx?AssetID=919326"}},{"type":"Feature","geometry":{"type":"Point","coordinates":[-86.07000561,39.70591915]},"properties":{"name":"SERVANT S HEART OF INDY","assetType":"Food Pantries","dataYear":"2019","assetId":"919844","subcategory":"Public Assistance","detail":"https://classic.savi.org/SAVI/PopUps/AssetMoreInfo.aspx?AssetID=919844"}},{"type":"Feature","geometry":{"type":"Point","coordinates":[-85.77415199,39.52021155]},"properties":{"name":"SEVENTH-DAY ADVENTIST CENTER","assetType":"Food Pantries","dataYear":"2019","assetId":"918875","subcategory":"Public Assistance","detail":"https://classic.savi.org/SAVI/PopUps/AssetMoreInfo.aspx?AssetID=918875"}},{"type":"Feature","geometry":{"type":"Point","coordinates":[-85.97308217,39.87649083]},"properties":{"name":"SHARING PLACE","assetType":"Food Pantries","dataYear":"2019","assetId":"921876","subcategory":"Public Assistance","detail":"https://classic.savi.org/SAVI/PopUps/AssetMoreInfo.aspx?AssetID=921876"}},{"type":"Feature","geometry":{"type":"Point","coordinates":[-85.77349801,39.51119057]},"properties":{"name":"SHELBY SENIOR SERVICES","assetType":"Food Pantries","dataYear":"2019","assetId":"917670","subcategory":"Public Assistance","detail":"https://classic.savi.org/SAVI/PopUps/AssetMoreInfo.aspx?AssetID=917670"}},{"type":"Feature","geometry":{"type":"Point","coordinates":[-86.09727306,39.76934427]},"properties":{"name":"SHEPHERD COMMUNITY CENTER","assetType":"Food Pantries","dataYear":"2019","assetId":"917651","subcategory":"Public Assistance","detail":"https://classic.savi.org/SAVI/PopUps/AssetMoreInfo.aspx?AssetID=917651"}},{"type":"Feature","geometry":{"type":"Point","coordinates":[-86.22937494,40.13775527]},"properties":{"name":"SHERIDAN CHURCH OF GOD","assetType":"Food Pantries","dataYear":"2019","assetId":"919964","subcategory":"Public Assistance","detail":"https://classic.savi.org/SAVI/PopUps/AssetMoreInfo.aspx?AssetID=919964"}},{"type":"Feature","geometry":{"type":"Point","coordinates":[-86.09783462,39.82541007]},"properties":{"name":"SHILOH MISSIONARY BAPTIST CHURCH","assetType":"Food Pantries","dataYear":"2019","assetId":"917650","subcategory":"Public Assistance","detail":"https://classic.savi.org/SAVI/PopUps/AssetMoreInfo.aspx?AssetID=917650"}},{"type":"Feature","geometry":{"type":"Point","coordinates":[-86.11435541,39.8101194]},"properties":{"name":"SOCIETY OF SAINT VINCENT DE PAUL - INDIANAPOLIS","assetType":"Food Pantries","dataYear":"2019","assetId":"917454","subcategory":"Public Assistance","detail":"https://classic.savi.org/SAVI/PopUps/AssetMoreInfo.aspx?AssetID=917454"}},{"type":"Feature","geometry":{"type":"Point","coordinates":[-86.1950541,39.22774248]},"properties":{"name":"SOCIETY OF SAINT VINCENT DE PAUL OF BROWN COUNTY","assetType":"Food Pantries","dataYear":"2019","assetId":"916947","subcategory":"Public Assistance","detail":"https://classic.savi.org/SAVI/PopUps/AssetMoreInfo.aspx?AssetID=916947"}},{"type":"Feature","geometry":{"type":"Point","coordinates":[-86.12481059,39.7312616]},"properties":{"name":"ST ANDREW UNITED METHODIST CHURCH FOOD PANTRY","assetType":"Food Pantries","dataYear":"2019","assetId":"927086","subcategory":"Public Assistance","detail":"https://classic.savi.org/SAVI/PopUps/AssetMoreInfo.aspx?AssetID=927086"}},{"type":"Feature","geometry":{"type":"Point","coordinates":[-86.25077446,39.78717005]},"properties":{"name":"ST CHRISTOPHER CHURCH FOOD PANTRY","assetType":"Food Pantries","dataYear":"2019","assetId":"927085","subcategory":"Public Assistance","detail":"https://classic.savi.org/SAVI/PopUps/AssetMoreInfo.aspx?AssetID=927085"}},{"type":"Feature","geometry":{"type":"Point","coordinates":[-86.11722862,39.69301362]},"properties":{"name":"ST TIMOTHY FOOD PANTRY","assetType":"Food Pantries","dataYear":"2019","assetId":"927024","subcategory":"Public Assistance","detail":"https://classic.savi.org/SAVI/PopUps/AssetMoreInfo.aspx?AssetID=927024"}},{"type":"Feature","geometry":{"type":"Point","coordinates":[-86.11435541,39.8101194]},"properties":{"name":"ST VINCENT DE PAUL CLIENT CHOICE PANTRY","assetType":"Food Pantries","dataYear":"2019","assetId":"927023","subcategory":"Public Assistance","detail":"https://classic.savi.org/SAVI/PopUps/AssetMoreInfo.aspx?AssetID=927023"}},{"type":"Feature","geometry":{"type":"Point","coordinates":[-86.63145697,39.63845607]},"properties":{"name":"STILESVILLE CHRISTIAN CHURCH","assetType":"Food Pantries","dataYear":"2019","assetId":"919725","subcategory":"Public Assistance","detail":"https://classic.savi.org/SAVI/PopUps/AssetMoreInfo.aspx?AssetID=919725"}},{"type":"Feature","geometry":{"type":"Point","coordinates":[-86.16457205,39.83205172]},"properties":{"name":"SVDP BOULEVARD PLACE FOOD PANTRY","assetType":"Food Pantries","dataYear":"2019","assetId":"926686","subcategory":"Public Assistance","detail":"https://classic.savi.org/SAVI/PopUps/AssetMoreInfo.aspx?AssetID=926686"}},{"type":"Feature","geometry":{"type":"Point","coordinates":[-85.68004614,40.1048371]},"properties":{"name":"Second Harvest","assetType":"Food Pantries","dataYear":"2019","assetId":"934115","subcategory":"Public Assistance","detail":"https://classic.savi.org/SAVI/PopUps/AssetMoreInfo.aspx?AssetID=934115"}},{"type":"Feature","geometry":{"type":"Point","coordinates":[-86.4823112,40.04298153]},"properties":{"name":"THE CARING CENTER","assetType":"Food Pantries","dataYear":"2019","assetId":"922322","subcategory":"Public Assistance","detail":"https://classic.savi.org/SAVI/PopUps/AssetMoreInfo.aspx?AssetID=922322"}},{"type":"Feature","geometry":{"type":"Point","coordinates":[-86.19945052,39.86915148]},"properties":{"name":"THE CUPBOARD","assetType":"Food Pantries","dataYear":"2019","assetId":"926894","subcategory":"Public Assistance","detail":"https://classic.savi.org/SAVI/PopUps/AssetMoreInfo.aspx?AssetID=926894"}},{"type":"Feature","geometry":{"type":"Point","coordinates":[-86.62792513,39.92589514]},"properties":{"name":"THE GIVING TREE","assetType":"Food Pantries","dataYear":"2019","assetId":"918999","subcategory":"Public Assistance","detail":"https://classic.savi.org/SAVI/PopUps/AssetMoreInfo.aspx?AssetID=918999"}},{"type":"Feature","geometry":{"type":"Point","coordinates":[-86.43710744,39.75976906]},"properties":{"name":"THE JOURNEY CHURCH","assetType":"Food Pantries","dataYear":"2019","assetId":"919461","subcategory":"Public Assistance","detail":"https://classic.savi.org/SAVI/PopUps/AssetMoreInfo.aspx?AssetID=919461"}},{"type":"Feature","geometry":{"type":"Point","coordinates":[-86.15073225,39.41640317]},"properties":{"name":"THE LORD S LOCKER","assetType":"Food Pantries","dataYear":"2019","assetId":"921605","subcategory":"Public Assistance","detail":"https://classic.savi.org/SAVI/PopUps/AssetMoreInfo.aspx?AssetID=921605"}},{"type":"Feature","geometry":{"type":"Point","coordinates":[-85.98546463,39.82721931]},"properties":{"name":"THE ROCK MISSIONARY BAPTIST CHURCH","assetType":"Food Pantries","dataYear":"2019","assetId":"918753","subcategory":"Public Assistance","detail":"https://classic.savi.org/SAVI/PopUps/AssetMoreInfo.aspx?AssetID=918753"}},{"type":"Feature","geometry":{"type":"Point","coordinates":[-86.09783995,39.60783575]},"properties":{"name":"THE SOCIAL OF GREENWOOD","assetType":"Food Pantries","dataYear":"2019","assetId":"918806","subcategory":"Public Assistance","detail":"https://classic.savi.org/SAVI/PopUps/AssetMoreInfo.aspx?AssetID=918806"}},{"type":"Feature","geometry":{"type":"Point","coordinates":[-86.01120668,40.01809204]},"properties":{"name":"THIRD PHASE","assetType":"Food Pantries","dataYear":"2019","assetId":"917220","subcategory":"Public Assistance","detail":"https://classic.savi.org/SAVI/PopUps/AssetMoreInfo.aspx?AssetID=917220"}},{"type":"Feature","geometry":{"type":"Point","coordinates":[-86.13535709,39.79876799]},"properties":{"name":"TRINITY CHRISTIAN METHODIST EPISCOPAL CHURCH","assetType":"Food Pantries","dataYear":"2019","assetId":"917527","subcategory":"Public Assistance","detail":"https://classic.savi.org/SAVI/PopUps/AssetMoreInfo.aspx?AssetID=917527"}},{"type":"Feature","geometry":{"type":"Point","coordinates":[-86.01065161,39.84032604]},"properties":{"name":"TURNING POINT FAMILY WORSHIP CENTER - FOOD AND CLOTHING PANTRY","assetType":"Food Pantries","dataYear":"2019","assetId":"920702","subcategory":"Public Assistance","detail":"https://classic.savi.org/SAVI/PopUps/AssetMoreInfo.aspx?AssetID=920702"}},{"type":"Feature","geometry":{"type":"Point","coordinates":[-86.09706134,39.77046915]},"properties":{"name":"TUXEDO PARK BAPTIST CHURCH","assetType":"Food Pantries","dataYear":"2019","assetId":"917396","subcategory":"Public Assistance","detail":"https://classic.savi.org/SAVI/PopUps/AssetMoreInfo.aspx?AssetID=917396"}},{"type":"Feature","geometry":{"type":"Point","coordinates":[-86.81203263,39.76484058]},"properties":{"name":"TWO FISH FOOD PANTRY","assetType":"Food Pantries","dataYear":"2019","assetId":"919395","subcategory":"Public Assistance","detail":"https://classic.savi.org/SAVI/PopUps/AssetMoreInfo.aspx?AssetID=919395"}},{"type":"Feature","geometry":{"type":"Point","coordinates":[-86.10943155,39.60894871]},"properties":{"name":"VINEYARD COMMUNITY CHURCH","assetType":"Food Pantries","dataYear":"2019","assetId":"919835","subcategory":"Public Assistance","detail":"https://classic.savi.org/SAVI/PopUps/AssetMoreInfo.aspx?AssetID=919835"}},{"type":"Feature","geometry":{"type":"Point","coordinates":[-85.66591097,39.45452254]},"properties":{"name":"WALDRON BAPTIST CHURCH","assetType":"Food Pantries","dataYear":"2019","assetId":"919701","subcategory":"Public Assistance","detail":"https://classic.savi.org/SAVI/PopUps/AssetMoreInfo.aspx?AssetID=919701"}},{"type":"Feature","geometry":{"type":"Point","coordinates":[-85.66826,39.45401053]},"properties":{"name":"WALDRON UNITED METHODIST CHURCH","assetType":"Food Pantries","dataYear":"2019","assetId":"918989","subcategory":"Public Assistance","detail":"https://classic.savi.org/SAVI/PopUps/AssetMoreInfo.aspx?AssetID=918989"}},{"type":"Feature","geometry":{"type":"Point","coordinates":[-86.04571428,39.82412333]},"properties":{"name":"WALK BY FAITH CHRISTIAN MINISTRIES","assetType":"Food Pantries","dataYear":"2019","assetId":"918764","subcategory":"Public Assistance","detail":"https://classic.savi.org/SAVI/PopUps/AssetMoreInfo.aspx?AssetID=918764"}},{"type":"Feature","geometry":{"type":"Point","coordinates":[-86.12208917,39.77146334]},"properties":{"name":"WESTMINSTER NEIGHBORHOOD SERVICES","assetType":"Food Pantries","dataYear":"2019","assetId":"922737","subcategory":"Public Assistance","detail":"https://classic.savi.org/SAVI/PopUps/AssetMoreInfo.aspx?AssetID=922737"}},{"type":"Feature","geometry":{"type":"Point","coordinates":[-86.12208917,39.77146334]},"properties":{"name":"WESTMINSTER NEIGHBORHOOD SERVICES","assetType":"Food Pantries","dataYear":"2019","assetId":"922735","subcategory":"Public Assistance","detail":"https://classic.savi.org/SAVI/PopUps/AssetMoreInfo.aspx?AssetID=922735"}},{"type":"Feature","geometry":{"type":"Point","coordinates":[-86.31426856,39.77896405]},"properties":{"name":"WESTSIDE CHURCH OF THE NAZARENE","assetType":"Food Pantries","dataYear":"2019","assetId":"918919","subcategory":"Public Assistance","detail":"https://classic.savi.org/SAVI/PopUps/AssetMoreInfo.aspx?AssetID=918919"}},{"type":"Feature","geometry":{"type":"Point","coordinates":[-86.00849982,40.06354479]},"properties":{"name":"WHITE RIVER CHRISTIAN CHURCH - FOOD PANTRY","assetType":"Food Pantries","dataYear":"2019","assetId":"920389","subcategory":"Public Assistance","detail":"https://classic.savi.org/SAVI/PopUps/AssetMoreInfo.aspx?AssetID=920389"}},{"type":"Feature","geometry":{"type":"Point","coordinates":[-86.67001695,39.76068527]},"properties":{"name":"WHITESTONE CHRISTIAN CHURCH","assetType":"Food Pantries","dataYear":"2019","assetId":"920611","subcategory":"Public Assistance","detail":"https://classic.savi.org/SAVI/PopUps/AssetMoreInfo.aspx?AssetID=920611"}},{"type":"Feature","geometry":{"type":"Point","coordinates":[-86.13118598,39.79252823]},"properties":{"name":"ZION HILL MISSIONARY BAPTIST CHURCH","assetType":"Food Pantries","dataYear":"2019","assetId":"918923","subcategory":"Public Assistance","detail":"https://classic.savi.org/SAVI/PopUps/AssetMoreInfo.aspx?AssetID=918923"}},{"type":"Feature","geometry":{"type":"Point","coordinates":[-86.10261353,39.82860118]},"properties":{"name":"ZION TABERNACLE APOSTOLIC FAITH CHURCH","assetType":"Food Pantries","dataYear":"2019","assetId":"919016","subcategory":"Public Assistance","detail":"https://classic.savi.org/SAVI/PopUps/AssetMoreInfo.aspx?AssetID=919016"}},{"type":"Feature","geometry":{"type":"Point","coordinates":[-86.2406724,39.95521267]},"properties":{"name":"ZIONSVILLE PRESBYTERIAN CHURCH","assetType":"Food Pantries","dataYear":"2019","assetId":"921463","subcategory":"Public Assistance","detail":"https://classic.savi.org/SAVI/PopUps/AssetMoreInfo.aspx?AssetID=921463"}},{"type":"Feature","geometry":{"type":"Point","coordinates":[-86.44482347,40.02548705]},"properties":{"name":"PURDUE EXTENSION - BOONE COUNTY","assetType":"Food Production Support Services","dataYear":"2018","assetId":"917890","subcategory":"Public Assistance","detail":"https://classic.savi.org/SAVI/PopUps/AssetMoreInfo.aspx?AssetID=917890"}},{"type":"Feature","geometry":{"type":"Point","coordinates":[-86.23931413,39.20650249]},"properties":{"name":"PURDUE EXTENSION - BROWN COUNTY","assetType":"Food Production Support Services","dataYear":"2018","assetId":"917122","subcategory":"Public Assistance","detail":"https://classic.savi.org/SAVI/PopUps/AssetMoreInfo.aspx?AssetID=917122"}},{"type":"Feature","geometry":{"type":"Point","coordinates":[-85.9991649,40.03872541]},"properties":{"name":"PURDUE EXTENSION - HAMILTON COUNTY","assetType":"Food Production Support Services","dataYear":"2018","assetId":"917779","subcategory":"Public Assistance","detail":"https://classic.savi.org/SAVI/PopUps/AssetMoreInfo.aspx?AssetID=917779"}},{"type":"Feature","geometry":{"type":"Point","coordinates":[-85.75621044,39.79312228]},"properties":{"name":"PURDUE EXTENSION - HANCOCK COUNTY","assetType":"Food Production Support Services","dataYear":"2018","assetId":"917732","subcategory":"Public Assistance","detail":"https://classic.savi.org/SAVI/PopUps/AssetMoreInfo.aspx?AssetID=917732"}},{"type":"Feature","geometry":{"type":"Point","coordinates":[-86.48761787,39.76269924]},"properties":{"name":"PURDUE EXTENSION - HENDRICKS COUNTY","assetType":"Food Production Support Services","dataYear":"2018","assetId":"917773","subcategory":"Public Assistance","detail":"https://classic.savi.org/SAVI/PopUps/AssetMoreInfo.aspx?AssetID=917773"}},{"type":"Feature","geometry":{"type":"Point","coordinates":[-86.06624099,39.48543223]},"properties":{"name":"PURDUE EXTENSION - JOHNSON COUNTY","assetType":"Food Production Support Services","dataYear":"2018","assetId":"917886","subcategory":"Public Assistance","detail":"https://classic.savi.org/SAVI/PopUps/AssetMoreInfo.aspx?AssetID=917886"}},{"type":"Feature","geometry":{"type":"Point","coordinates":[-85.62939442,40.09049888]},"properties":{"name":"PURDUE EXTENSION - MADISON COUNTY","assetType":"Food Production Support Services","dataYear":"2018","assetId":"920251","subcategory":"Public Assistance","detail":"https://classic.savi.org/SAVI/PopUps/AssetMoreInfo.aspx?AssetID=920251"}},{"type":"Feature","geometry":{"type":"Point","coordinates":[-86.13857184,39.82549148]},"properties":{"name":"PURDUE EXTENSION - MARION COUNTY","assetType":"Food Production Support Services","dataYear":"2018","assetId":"917769","subcategory":"Public Assistance","detail":"https://classic.savi.org/SAVI/PopUps/AssetMoreInfo.aspx?AssetID=917769"}},{"type":"Feature","geometry":{"type":"Point","coordinates":[-86.42895695,39.42523923]},"properties":{"name":"PURDUE EXTENSION - MORGAN COUNTY","assetType":"Food Production Support Services","dataYear":"2018","assetId":"917690","subcategory":"Public Assistance","detail":"https://classic.savi.org/SAVI/PopUps/AssetMoreInfo.aspx?AssetID=917690"}},{"type":"Feature","geometry":{"type":"Point","coordinates":[-86.8659586,39.64535633]},"properties":{"name":"PURDUE EXTENSION - PUTNAM COUNTY","assetType":"Food Production Support Services","dataYear":"2018","assetId":"919567","subcategory":"Public Assistance","detail":"https://classic.savi.org/SAVI/PopUps/AssetMoreInfo.aspx?AssetID=919567"}},{"type":"Feature","geometry":{"type":"Point","coordinates":[-86.13908525,39.76569962]},"properties":{"name":"SECOND HELPINGS","assetType":"Food Rescue Programs","dataYear":"2018","assetId":"922259","subcategory":"Public Assistance","detail":"https://classic.savi.org/SAVI/PopUps/AssetMoreInfo.aspx?AssetID=922259"}},{"type":"Feature","geometry":{"type":"Point","coordinates":[-86.22043078,40.1369393]},"properties":{"name":"ADAMS TOWNSHIP TRUSTEE HAMILTON COUNTY","assetType":"Food Vouchers","dataYear":"2018","assetId":"918479","subcategory":"Public Assistance","detail":"https://classic.savi.org/SAVI/PopUps/AssetMoreInfo.aspx?AssetID=918479"}},{"type":"Feature","geometry":{"type":"Point","coordinates":[-85.65404433,39.99248624]},"properties":{"name":"ADAMS TOWNSHIP TRUSTEE MADISON COUNTY","assetType":"Food Vouchers","dataYear":"2018","assetId":"920473","subcategory":"Public Assistance","detail":"https://classic.savi.org/SAVI/PopUps/AssetMoreInfo.aspx?AssetID=920473"}},{"type":"Feature","geometry":{"type":"Point","coordinates":[-86.58560197,39.52107037]},"properties":{"name":"ADAMS TOWNSHIP TRUSTEE MORGAN COUNTY","assetType":"Food Vouchers","dataYear":"2018","assetId":"918254","subcategory":"Public Assistance","detail":"https://classic.savi.org/SAVI/PopUps/AssetMoreInfo.aspx?AssetID=918254"}},{"type":"Feature","geometry":{"type":"Point","coordinates":[-85.774411,39.51964958]},"properties":{"name":"ADDISON TOWNSHIP TRUSTEE SHELBY COUNTY","assetType":"Food Vouchers","dataYear":"2018","assetId":"920485","subcategory":"Public Assistance","detail":"https://classic.savi.org/SAVI/PopUps/AssetMoreInfo.aspx?AssetID=920485"}},{"type":"Feature","geometry":{"type":"Point","coordinates":[-85.69186383,40.0876172]},"properties":{"name":"ANDERSON TOWNSHIP TRUSTEE MADISON COUNTY","assetType":"Food Vouchers","dataYear":"2018","assetId":"920004","subcategory":"Public Assistance","detail":"https://classic.savi.org/SAVI/PopUps/AssetMoreInfo.aspx?AssetID=920004"}},{"type":"Feature","geometry":{"type":"Point","coordinates":[-86.59015368,39.46594941]},"properties":{"name":"ASHLAND TOWNSHIP TRUSTEE MORGAN COUNTY","assetType":"Food Vouchers","dataYear":"2018","assetId":"918259","subcategory":"Public Assistance","detail":"https://classic.savi.org/SAVI/PopUps/AssetMoreInfo.aspx?AssetID=918259"}},{"type":"Feature","geometry":{"type":"Point","coordinates":[-86.53976457,39.36099715]},"properties":{"name":"BAKER TOWNSHIP TRUSTEE MORGAN COUNTY","assetType":"Food Vouchers","dataYear":"2018","assetId":"917865","subcategory":"Public Assistance","detail":"https://classic.savi.org/SAVI/PopUps/AssetMoreInfo.aspx?AssetID=917865"}},{"type":"Feature","geometry":{"type":"Point","coordinates":[-85.67692841,39.77189764]},"properties":{"name":"BLUE RIVER TOWNSHIP TRUSTEE HANCOCK COUNTY","assetType":"Food Vouchers","dataYear":"2018","assetId":"922528","subcategory":"Public Assistance","detail":"https://classic.savi.org/SAVI/PopUps/AssetMoreInfo.aspx?AssetID=922528"}},{"type":"Feature","geometry":{"type":"Point","coordinates":[-85.96678325,39.35439477]},"properties":{"name":"BLUE RIVER TOWNSHIP TRUSTEE JOHNSON COUNTY","assetType":"Food Vouchers","dataYear":"2018","assetId":"922375","subcategory":"Public Assistance","detail":"https://classic.savi.org/SAVI/PopUps/AssetMoreInfo.aspx?AssetID=922375"}},{"type":"Feature","geometry":{"type":"Point","coordinates":[-85.74290931,40.37568005]},"properties":{"name":"BOONE TOWNSHIP TRUSTEE MADISON COUNTY","assetType":"Food Vouchers","dataYear":"2018","assetId":"920597","subcategory":"Public Assistance","detail":"https://classic.savi.org/SAVI/PopUps/AssetMoreInfo.aspx?AssetID=920597"}},{"type":"Feature","geometry":{"type":"Point","coordinates":[-86.39294095,39.90907004]},"properties":{"name":"BROWN TOWNSHIP TRUSTEE HENDRICKS COUNTY","assetType":"Food Vouchers","dataYear":"2018","assetId":"917944","subcategory":"Public Assistance","detail":"https://classic.savi.org/SAVI/PopUps/AssetMoreInfo.aspx?AssetID=917944"}},{"type":"Feature","geometry":{"type":"Point","coordinates":[-86.36192889,39.6195823]},"properties":{"name":"BROWN TOWNSHIP TRUSTEE MORGAN COUNTY","assetType":"Food Vouchers","dataYear":"2018","assetId":"918023","subcategory":"Public Assistance","detail":"https://classic.savi.org/SAVI/PopUps/AssetMoreInfo.aspx?AssetID=918023"}},{"type":"Feature","geometry":{"type":"Point","coordinates":[-85.90476499,39.84593559]},"properties":{"name":"BUCK CREEK TOWNSHIP TRUSTEE HANCOCK COUNTY","assetType":"Food Vouchers","dataYear":"2018","assetId":"917786","subcategory":"Public Assistance","detail":"https://classic.savi.org/SAVI/PopUps/AssetMoreInfo.aspx?AssetID=917786"}},{"type":"Feature","geometry":{"type":"Point","coordinates":[-86.47085009,40.05665059]},"properties":{"name":"CENTER TOWNSHIP TRUSTEE BOONE COUNTY","assetType":"Food Vouchers","dataYear":"2018","assetId":"922495","subcategory":"Public Assistance","detail":"https://classic.savi.org/SAVI/PopUps/AssetMoreInfo.aspx?AssetID=922495"}},{"type":"Feature","geometry":{"type":"Point","coordinates":[-85.77210611,39.80356082]},"properties":{"name":"CENTER TOWNSHIP TRUSTEE HANCOCK COUNTY","assetType":"Food Vouchers","dataYear":"2018","assetId":"922477","subcategory":"Public Assistance","detail":"https://classic.savi.org/SAVI/PopUps/AssetMoreInfo.aspx?AssetID=922477"}},{"type":"Feature","geometry":{"type":"Point","coordinates":[-86.52411116,39.75972715]},"properties":{"name":"CENTER TOWNSHIP TRUSTEE HENDRICKS COUNTY","assetType":"Food Vouchers","dataYear":"2018","assetId":"922428","subcategory":"Public Assistance","detail":"https://classic.savi.org/SAVI/PopUps/AssetMoreInfo.aspx?AssetID=922428"}},{"type":"Feature","geometry":{"type":"Point","coordinates":[-86.14313087,39.7788428]},"properties":{"name":"CENTER TOWNSHIP TRUSTEE MARION COUNTY","assetType":"Food Vouchers","dataYear":"2018","assetId":"922416","subcategory":"Public Assistance","detail":"https://classic.savi.org/SAVI/PopUps/AssetMoreInfo.aspx?AssetID=922416"}},{"type":"Feature","geometry":{"type":"Point","coordinates":[-85.98146777,39.61091717]},"properties":{"name":"CLARK TOWNSHIP TRUSTEE JOHNSON COUNTY","assetType":"Food Vouchers","dataYear":"2018","assetId":"921804","subcategory":"Public Assistance","detail":"https://classic.savi.org/SAVI/PopUps/AssetMoreInfo.aspx?AssetID=921804"}},{"type":"Feature","geometry":{"type":"Point","coordinates":[-86.14561577,39.94343504]},"properties":{"name":"CLAY TOWNSHIP TRUSTEE HAMILTON COUNTY","assetType":"Food Vouchers","dataYear":"2018","assetId":"921790","subcategory":"Public Assistance","detail":"https://classic.savi.org/SAVI/PopUps/AssetMoreInfo.aspx?AssetID=921790"}},{"type":"Feature","geometry":{"type":"Point","coordinates":[-86.3590723,39.51288294]},"properties":{"name":"CLAY TOWNSHIP TRUSTEE MORGAN COUNTY","assetType":"Food Vouchers","dataYear":"2018","assetId":"921664","subcategory":"Public Assistance","detail":"https://classic.savi.org/SAVI/PopUps/AssetMoreInfo.aspx?AssetID=921664"}},{"type":"Feature","geometry":{"type":"Point","coordinates":[-86.42274444,40.12257272]},"properties":{"name":"CLINTON TOWNSHIP TRUSTEE BOONE COUNTY","assetType":"Food Vouchers","dataYear":"2018","assetId":"921723","subcategory":"Public Assistance","detail":"https://classic.savi.org/SAVI/PopUps/AssetMoreInfo.aspx?AssetID=921723"}},{"type":"Feature","geometry":{"type":"Point","coordinates":[-86.95747213,39.73385877]},"properties":{"name":"CLINTON TOWNSHIP TRUSTEE PUTNAM COUNTY","assetType":"Food Vouchers","dataYear":"2018","assetId":"921112","subcategory":"Public Assistance","detail":"https://classic.savi.org/SAVI/PopUps/AssetMoreInfo.aspx?AssetID=921112"}},{"type":"Feature","geometry":{"type":"Point","coordinates":[-86.79275698,39.51380749]},"properties":{"name":"CLOVERDALE TOWNSHIP TRUSTEE PUTNAM COUNTY","assetType":"Food Vouchers","dataYear":"2018","assetId":"920868","subcategory":"Public Assistance","detail":"https://classic.savi.org/SAVI/PopUps/AssetMoreInfo.aspx?AssetID=920868"}},{"type":"Feature","geometry":{"type":"Point","coordinates":[-86.27005454,39.68567771]},"properties":{"name":"DECATUR TOWNSHIP TRUSTEE MARION COUNTY","assetType":"Food Vouchers","dataYear":"2018","assetId":"919887","subcategory":"Public Assistance","detail":"https://classic.savi.org/SAVI/PopUps/AssetMoreInfo.aspx?AssetID=919887"}},{"type":"Feature","geometry":{"type":"Point","coordinates":[-86.00936241,39.97911534]},"properties":{"name":"DELAWARE TOWNSHIP TRUSTEE HAMILTON COUNTY","assetType":"Food Vouchers","dataYear":"2018","assetId":"919667","subcategory":"Public Assistance","detail":"https://classic.savi.org/SAVI/PopUps/AssetMoreInfo.aspx?AssetID=919667"}},{"type":"Feature","geometry":{"type":"Point","coordinates":[-85.81359755,40.30680295]},"properties":{"name":"DUCK CREEK TOWNSHIP TRUSTEE MADISON COUNTY","assetType":"Food Vouchers","dataYear":"2018","assetId":"920461","subcategory":"Public Assistance","detail":"https://classic.savi.org/SAVI/PopUps/AssetMoreInfo.aspx?AssetID=920461"}},{"type":"Feature","geometry":{"type":"Point","coordinates":[-86.60917955,39.85579118]},"properties":{"name":"EEL RIVER TOWNSHIP TRUSTEE HENDRICKS COUNTY","assetType":"Food Vouchers","dataYear":"2018","assetId":"919590","subcategory":"Public Assistance","detail":"https://classic.savi.org/SAVI/PopUps/AssetMoreInfo.aspx?AssetID=919590"}},{"type":"Feature","geometry":{"type":"Point","coordinates":[-85.9427756,39.95733092]},"properties":{"name":"FALL CREEK TOWNSHIP TRUSTEE HAMILTON COUNTY","assetType":"Food Vouchers","dataYear":"2018","assetId":"919623","subcategory":"Public Assistance","detail":"https://classic.savi.org/SAVI/PopUps/AssetMoreInfo.aspx?AssetID=919623"}},{"type":"Feature","geometry":{"type":"Point","coordinates":[-85.74535234,40.002336]},"properties":{"name":"FALL CREEK TOWNSHIP TRUSTEE MADISON COUNTY","assetType":"Food Vouchers","dataYear":"2018","assetId":"920454","subcategory":"Public Assistance","detail":"https://classic.savi.org/SAVI/PopUps/AssetMoreInfo.aspx?AssetID=920454"}},{"type":"Feature","geometry":{"type":"Point","coordinates":[-86.74851429,39.76137225]},"properties":{"name":"FLOYD TOWNSHIP TRUSTEE PUTNAM COUNTY","assetType":"Food Vouchers","dataYear":"2018","assetId":"920861","subcategory":"Public Assistance","detail":"https://classic.savi.org/SAVI/PopUps/AssetMoreInfo.aspx?AssetID=920861"}},{"type":"Feature","geometry":{"type":"Point","coordinates":[-86.59336074,39.63094378]},"properties":{"name":"FRANKLIN TOWNSHIP TRUSTEE HENDRICKS COUNTY","assetType":"Food Vouchers","dataYear":"2018","assetId":"919195","subcategory":"Public Assistance","detail":"https://classic.savi.org/SAVI/PopUps/AssetMoreInfo.aspx?AssetID=919195"}},{"type":"Feature","geometry":{"type":"Point","coordinates":[-86.06344638,39.49333622]},"properties":{"name":"FRANKLIN TOWNSHIP TRUSTEE JOHNSON COUNTY","assetType":"Food Vouchers","dataYear":"2018","assetId":"919118","subcategory":"Public Assistance","detail":"https://classic.savi.org/SAVI/PopUps/AssetMoreInfo.aspx?AssetID=919118"}},{"type":"Feature","geometry":{"type":"Point","coordinates":[-86.06339326,39.67761024]},"properties":{"name":"FRANKLIN TOWNSHIP TRUSTEE MARION COUNTY","assetType":"Food Vouchers","dataYear":"2018","assetId":"919361","subcategory":"Public Assistance","detail":"https://classic.savi.org/SAVI/PopUps/AssetMoreInfo.aspx?AssetID=919361"}},{"type":"Feature","geometry":{"type":"Point","coordinates":[-86.85209404,39.78100438]},"properties":{"name":"FRANKLIN TOWNSHIP TRUSTEE PUTNAM COUNTY","assetType":"Food Vouchers","dataYear":"2018","assetId":"921033","subcategory":"Public Assistance","detail":"https://classic.savi.org/SAVI/PopUps/AssetMoreInfo.aspx?AssetID=921033"}},{"type":"Feature","geometry":{"type":"Point","coordinates":[-85.7056509,39.87256909]},"properties":{"name":"GREEN TOWNSHIP TRUSTEE HANCOCK COUNTY","assetType":"Food Vouchers","dataYear":"2018","assetId":"918745","subcategory":"Public Assistance","detail":"https://classic.savi.org/SAVI/PopUps/AssetMoreInfo.aspx?AssetID=918745"}},{"type":"Feature","geometry":{"type":"Point","coordinates":[-85.80616994,39.95697613]},"properties":{"name":"GREEN TOWNSHIP TRUSTEE MADISON COUNTY","assetType":"Food Vouchers","dataYear":"2018","assetId":"920584","subcategory":"Public Assistance","detail":"https://classic.savi.org/SAVI/PopUps/AssetMoreInfo.aspx?AssetID=920584"}},{"type":"Feature","geometry":{"type":"Point","coordinates":[-86.33770312,39.45087194]},"properties":{"name":"GREEN TOWNSHIP TRUSTEE MORGAN COUNTY","assetType":"Food Vouchers","dataYear":"2018","assetId":"918734","subcategory":"Public Assistance","detail":"https://classic.savi.org/SAVI/PopUps/AssetMoreInfo.aspx?AssetID=918734"}},{"type":"Feature","geometry":{"type":"Point","coordinates":[-86.85343139,39.63713965]},"properties":{"name":"GREENCASTLE TOWNSHIP TRUSTEE PUTNAM COUNTY","assetType":"Food Vouchers","dataYear":"2018","assetId":"921027","subcategory":"Public Assistance","detail":"https://classic.savi.org/SAVI/PopUps/AssetMoreInfo.aspx?AssetID=921027"}},{"type":"Feature","geometry":{"type":"Point","coordinates":[-86.39099182,39.68236612]},"properties":{"name":"GUILFORD TOWNSHIP TRUSTEE HENDRICKS COUNTY","assetType":"Food Vouchers","dataYear":"2018","assetId":"918828","subcategory":"Public Assistance","detail":"https://classic.savi.org/SAVI/PopUps/AssetMoreInfo.aspx?AssetID=918828"}},{"type":"Feature","geometry":{"type":"Point","coordinates":[-86.11341411,39.31461451]},"properties":{"name":"HAMBLEN TOWNSHIP TRUSTEE BROWN COUNTY","assetType":"Food Vouchers","dataYear":"2018","assetId":"916974","subcategory":"Public Assistance","detail":"https://classic.savi.org/SAVI/PopUps/AssetMoreInfo.aspx?AssetID=916974"}},{"type":"Feature","geometry":{"type":"Point","coordinates":[-85.72113402,39.65080359]},"properties":{"name":"HANOVER TOWNSHIP TRUSTEE SHELBY COUNTY","assetType":"Food Vouchers","dataYear":"2018","assetId":"918523","subcategory":"Public Assistance","detail":"https://classic.savi.org/SAVI/PopUps/AssetMoreInfo.aspx?AssetID=918523"}},{"type":"Feature","geometry":{"type":"Point","coordinates":[-86.50821683,39.96447177]},"properties":{"name":"HARRISON TOWNSHIP TRUSTEE BOONE COUNTY","assetType":"Food Vouchers","dataYear":"2018","assetId":"918608","subcategory":"Public Assistance","detail":"https://classic.savi.org/SAVI/PopUps/AssetMoreInfo.aspx?AssetID=918608"}},{"type":"Feature","geometry":{"type":"Point","coordinates":[-86.27492948,39.52680434]},"properties":{"name":"HARRISON TOWNSHIP TRUSTEE MORGAN COUNTY","assetType":"Food Vouchers","dataYear":"2018","assetId":"918386","subcategory":"Public Assistance","detail":"https://classic.savi.org/SAVI/PopUps/AssetMoreInfo.aspx?AssetID=918386"}},{"type":"Feature","geometry":{"type":"Point","coordinates":[-85.93951506,39.43988051]},"properties":{"name":"HENDRICKS TOWNSHIP TRUSTEE SHELBY COUNTY","assetType":"Food Vouchers","dataYear":"2018","assetId":"918509","subcategory":"Public Assistance","detail":"https://classic.savi.org/SAVI/PopUps/AssetMoreInfo.aspx?AssetID=918509"}},{"type":"Feature","geometry":{"type":"Point","coordinates":[-86.18230398,39.38131195]},"properties":{"name":"HENSLEY TOWNSHIP TRUSTEE JOHNSON COUNTY","assetType":"Food Vouchers","dataYear":"2018","assetId":"918508","subcategory":"Public Assistance","detail":"https://classic.savi.org/SAVI/PopUps/AssetMoreInfo.aspx?AssetID=918508"}},{"type":"Feature","geometry":{"type":"Point","coordinates":[-86.58306293,39.9950641]},"properties":{"name":"JACKSON TOWNSHIP TRUSTEE BOONE COUNTY","assetType":"Food Vouchers","dataYear":"2018","assetId":"917951","subcategory":"Public Assistance","detail":"https://classic.savi.org/SAVI/PopUps/AssetMoreInfo.aspx?AssetID=917951"}},{"type":"Feature","geometry":{"type":"Point","coordinates":[-86.28781116,39.2495565]},"properties":{"name":"JACKSON TOWNSHIP TRUSTEE BROWN COUNTY","assetType":"Food Vouchers","dataYear":"2018","assetId":"916963","subcategory":"Public Assistance","detail":"https://classic.savi.org/SAVI/PopUps/AssetMoreInfo.aspx?AssetID=916963"}},{"type":"Feature","geometry":{"type":"Point","coordinates":[-86.02828584,40.17626673]},"properties":{"name":"JACKSON TOWNSHIP TRUSTEE HAMILTON COUNTY","assetType":"Food Vouchers","dataYear":"2018","assetId":"917925","subcategory":"Public Assistance","detail":"https://classic.savi.org/SAVI/PopUps/AssetMoreInfo.aspx?AssetID=917925"}},{"type":"Feature","geometry":{"type":"Point","coordinates":[-85.60301518,39.81597274]},"properties":{"name":"JACKSON TOWNSHIP TRUSTEE HANCOCK COUNTY","assetType":"Food Vouchers","dataYear":"2018","assetId":"917848","subcategory":"Public Assistance","detail":"https://classic.savi.org/SAVI/PopUps/AssetMoreInfo.aspx?AssetID=917848"}},{"type":"Feature","geometry":{"type":"Point","coordinates":[-85.8346258,40.13784922]},"properties":{"name":"JACKSON TOWNSHIP TRUSTEE MADISON COUNTY","assetType":"Food Vouchers","dataYear":"2018","assetId":"920451","subcategory":"Public Assistance","detail":"https://classic.savi.org/SAVI/PopUps/AssetMoreInfo.aspx?AssetID=920451"}},{"type":"Feature","geometry":{"type":"Point","coordinates":[-86.31296642,39.35202934]},"properties":{"name":"JACKSON TOWNSHIP TRUSTEE MORGAN COUNTY","assetType":"Food Vouchers","dataYear":"2018","assetId":"917893","subcategory":"Public Assistance","detail":"https://classic.savi.org/SAVI/PopUps/AssetMoreInfo.aspx?AssetID=917893"}},{"type":"Feature","geometry":{"type":"Point","coordinates":[-86.70608396,39.81985034]},"properties":{"name":"JACKSON TOWNSHIP TRUSTEE PUTNAM COUNTY","assetType":"Food Vouchers","dataYear":"2018","assetId":"920918","subcategory":"Public Assistance","detail":"https://classic.savi.org/SAVI/PopUps/AssetMoreInfo.aspx?AssetID=920918"}},{"type":"Feature","geometry":{"type":"Point","coordinates":[-86.62433374,40.02434205]},"properties":{"name":"JEFFERSON TOWNSHIP TRUSTEE BOONE COUNTY","assetType":"Food Vouchers","dataYear":"2018","assetId":"917631","subcategory":"Public Assistance","detail":"https://classic.savi.org/SAVI/PopUps/AssetMoreInfo.aspx?AssetID=917631"}},{"type":"Feature","geometry":{"type":"Point","coordinates":[-86.49324278,39.41198592]},"properties":{"name":"JEFFERSON TOWNSHIP TRUSTEE MORGAN COUNTY","assetType":"Food Vouchers","dataYear":"2018","assetId":"917822","subcategory":"Public Assistance","detail":"https://classic.savi.org/SAVI/PopUps/AssetMoreInfo.aspx?AssetID=917822"}},{"type":"Feature","geometry":{"type":"Point","coordinates":[-86.70185497,39.57054813]},"properties":{"name":"JEFFERSON TOWNSHIP TRUSTEE PUTNAM COUNTY","assetType":"Food Vouchers","dataYear":"2018","assetId":"920908","subcategory":"Public Assistance","detail":"https://classic.savi.org/SAVI/PopUps/AssetMoreInfo.aspx?AssetID=920908"}},{"type":"Feature","geometry":{"type":"Point","coordinates":[-86.525004,39.61456226]},"properties":{"name":"LIBERTY TOWNSHIP TRUSTEE HENDRICKS COUNTY","assetType":"Food Vouchers","dataYear":"2018","assetId":"921944","subcategory":"Public Assistance","detail":"https://classic.savi.org/SAVI/PopUps/AssetMoreInfo.aspx?AssetID=921944"}},{"type":"Feature","geometry":{"type":"Point","coordinates":[-85.63663898,39.48364154]},"properties":{"name":"LIBERTY TOWNSHIP TRUSTEE SHELBY COUNTY","assetType":"Food Vouchers","dataYear":"2018","assetId":"922184","subcategory":"Public Assistance","detail":"https://classic.savi.org/SAVI/PopUps/AssetMoreInfo.aspx?AssetID=922184"}},{"type":"Feature","geometry":{"type":"Point","coordinates":[-86.39673959,39.84266459]},"properties":{"name":"LINCOLN TOWNSHIP TRUSTEE HENDRICKS COUNTY","assetType":"Food Vouchers","dataYear":"2018","assetId":"922021","subcategory":"Public Assistance","detail":"https://classic.savi.org/SAVI/PopUps/AssetMoreInfo.aspx?AssetID=922021"}},{"type":"Feature","geometry":{"type":"Point","coordinates":[-86.29689292,39.61795335]},"properties":{"name":"MADISON TOWNSHIP TRUSTEE MORGAN COUNTY","assetType":"Food Vouchers","dataYear":"2018","assetId":"921874","subcategory":"Public Assistance","detail":"https://classic.savi.org/SAVI/PopUps/AssetMoreInfo.aspx?AssetID=921874"}},{"type":"Feature","geometry":{"type":"Point","coordinates":[-86.99653205,39.67905323]},"properties":{"name":"MADISON TOWNSHIP TRUSTEE PUTNAM COUNTY","assetType":"Food Vouchers","dataYear":"2018","assetId":"920991","subcategory":"Public Assistance","detail":"https://classic.savi.org/SAVI/PopUps/AssetMoreInfo.aspx?AssetID=920991"}},{"type":"Feature","geometry":{"type":"Point","coordinates":[-86.66406574,39.77589127]},"properties":{"name":"MARION TOWNSHIP TRUSTEE HENDRICKS COUNTY","assetType":"Food Vouchers","dataYear":"2018","assetId":"920325","subcategory":"Public Assistance","detail":"https://classic.savi.org/SAVI/PopUps/AssetMoreInfo.aspx?AssetID=920325"}},{"type":"Feature","geometry":{"type":"Point","coordinates":[-86.79046198,39.65241794]},"properties":{"name":"MARION TOWNSHIP TRUSTEE PUTNAM COUNTY","assetType":"Food Vouchers","dataYear":"2018","assetId":"920984","subcategory":"Public Assistance","detail":"https://classic.savi.org/SAVI/PopUps/AssetMoreInfo.aspx?AssetID=920984"}},{"type":"Feature","geometry":{"type":"Point","coordinates":[-85.77666802,39.56499556]},"properties":{"name":"MARION TOWNSHIP TRUSTEE SHELBY COUNTY","assetType":"Food Vouchers","dataYear":"2018","assetId":"920405","subcategory":"Public Assistance","detail":"https://classic.savi.org/SAVI/PopUps/AssetMoreInfo.aspx?AssetID=920405"}},{"type":"Feature","geometry":{"type":"Point","coordinates":[-86.45852281,39.86146427]},"properties":{"name":"MIDDLE TOWNSHIP TRUSTEE HENDRICKS COUNTY","assetType":"Food Vouchers","dataYear":"2018","assetId":"919145","subcategory":"Public Assistance","detail":"https://classic.savi.org/SAVI/PopUps/AssetMoreInfo.aspx?AssetID=919145"}},{"type":"Feature","geometry":{"type":"Point","coordinates":[-85.67605191,40.26192931]},"properties":{"name":"MONROE TOWNSHIP TRUSTEE MADISON COUNTY","assetType":"Food Vouchers","dataYear":"2018","assetId":"920440","subcategory":"Public Assistance","detail":"https://classic.savi.org/SAVI/PopUps/AssetMoreInfo.aspx?AssetID=920440"}},{"type":"Feature","geometry":{"type":"Point","coordinates":[-86.54167184,39.57131861]},"properties":{"name":"MONROE TOWNSHIP TRUSTEE MORGAN COUNTY","assetType":"Food Vouchers","dataYear":"2018","assetId":"919340","subcategory":"Public Assistance","detail":"https://classic.savi.org/SAVI/PopUps/AssetMoreInfo.aspx?AssetID=919340"}},{"type":"Feature","geometry":{"type":"Point","coordinates":[-86.42752742,39.44129927]},"properties":{"name":"MORGAN COUNTY CONNECT","assetType":"Food Vouchers","dataYear":"2018","assetId":"921011","subcategory":"Public Assistance","detail":"https://classic.savi.org/SAVI/PopUps/AssetMoreInfo.aspx?AssetID=921011"}},{"type":"Feature","geometry":{"type":"Point","coordinates":[-85.63126795,39.43076653]},"properties":{"name":"NOBLE TOWNSHIP TRUSTEE SHELBY COUNTY","assetType":"Food Vouchers","dataYear":"2018","assetId":"918097","subcategory":"Public Assistance","detail":"https://classic.savi.org/SAVI/PopUps/AssetMoreInfo.aspx?AssetID=918097"}},{"type":"Feature","geometry":{"type":"Point","coordinates":[-86.0142319,40.04246142]},"properties":{"name":"NOBLESVILLE TOWNSHIP TRUSTEE HAMILTON COUNTY","assetType":"Food Vouchers","dataYear":"2018","assetId":"918264","subcategory":"Public Assistance","detail":"https://classic.savi.org/SAVI/PopUps/AssetMoreInfo.aspx?AssetID=918264"}},{"type":"Feature","geometry":{"type":"Point","coordinates":[-86.13853386,39.69444995]},"properties":{"name":"PERRY TOWNSHIP TRUSTEE MARION COUNTY","assetType":"Food Vouchers","dataYear":"2018","assetId":"917935","subcategory":"Public Assistance","detail":"https://classic.savi.org/SAVI/PopUps/AssetMoreInfo.aspx?AssetID=917935"}},{"type":"Feature","geometry":{"type":"Point","coordinates":[-86.26238428,39.85453838]},"properties":{"name":"PIKE TOWNSHIP TRUSTEE MARION COUNTY","assetType":"Food Vouchers","dataYear":"2018","assetId":"917696","subcategory":"Public Assistance","detail":"https://classic.savi.org/SAVI/PopUps/AssetMoreInfo.aspx?AssetID=917696"}},{"type":"Feature","geometry":{"type":"Point","coordinates":[-85.84206768,40.27559682]},"properties":{"name":"PIPE CREEK TOWNSHIP TRUSTEE MADISON COUNTY","assetType":"Food Vouchers","dataYear":"2018","assetId":"920571","subcategory":"Public Assistance","detail":"https://classic.savi.org/SAVI/PopUps/AssetMoreInfo.aspx?AssetID=920571"}},{"type":"Feature","geometry":{"type":"Point","coordinates":[-85.60831539,40.18993185]},"properties":{"name":"RICHLAND TOWNSHIP TRUSTEE MADISON COUNTY","assetType":"Food Vouchers","dataYear":"2018","assetId":"920564","subcategory":"Public Assistance","detail":"https://classic.savi.org/SAVI/PopUps/AssetMoreInfo.aspx?AssetID=920564"}},{"type":"Feature","geometry":{"type":"Point","coordinates":[-86.98121607,39.86149884]},"properties":{"name":"RUSSELL TOWNSHIP TRUSTEE PUTNAM COUNTY","assetType":"Food Vouchers","dataYear":"2018","assetId":"920830","subcategory":"Public Assistance","detail":"https://classic.savi.org/SAVI/PopUps/AssetMoreInfo.aspx?AssetID=920830"}},{"type":"Feature","geometry":{"type":"Point","coordinates":[-85.73148601,39.45707656]},"properties":{"name":"SHELBY TOWNSHIP TRUSTEE SHELBY COUNTY","assetType":"Food Vouchers","dataYear":"2018","assetId":"917618","subcategory":"Public Assistance","detail":"https://classic.savi.org/SAVI/PopUps/AssetMoreInfo.aspx?AssetID=917618"}},{"type":"Feature","geometry":{"type":"Point","coordinates":[-85.84831659,40.06845181]},"properties":{"name":"STONY CREEK TOWNSHIP TRUSTEE MADISON COUNTY","assetType":"Food Vouchers","dataYear":"2018","assetId":"920355","subcategory":"Public Assistance","detail":"https://classic.savi.org/SAVI/PopUps/AssetMoreInfo.aspx?AssetID=920355"}},{"type":"Feature","geometry":{"type":"Point","coordinates":[-86.60970462,40.12974715]},"properties":{"name":"SUGAR CREEK TOWNSHIP TRUSTEE BOONE COUNTY","assetType":"Food Vouchers","dataYear":"2018","assetId":"917376","subcategory":"Public Assistance","detail":"https://classic.savi.org/SAVI/PopUps/AssetMoreInfo.aspx?AssetID=917376"}},{"type":"Feature","geometry":{"type":"Point","coordinates":[-85.91319152,39.73389397]},"properties":{"name":"SUGAR CREEK TOWNSHIP TRUSTEE HANCOCK COUNTY","assetType":"Food Vouchers","dataYear":"2018","assetId":"917495","subcategory":"Public Assistance","detail":"https://classic.savi.org/SAVI/PopUps/AssetMoreInfo.aspx?AssetID=917495"}},{"type":"Feature","geometry":{"type":"Point","coordinates":[-85.93068407,39.55049257]},"properties":{"name":"SUGAR CREEK TOWNSHIP TRUSTEE SHELBY COUNTY","assetType":"Food Vouchers","dataYear":"2018","assetId":"917187","subcategory":"Public Assistance","detail":"https://classic.savi.org/SAVI/PopUps/AssetMoreInfo.aspx?AssetID=917187"}},{"type":"Feature","geometry":{"type":"Point","coordinates":[-86.54314085,39.88469476]},"properties":{"name":"UNION TOWNSHIP TRUSTEE HENDRICKS COUNTY","assetType":"Food Vouchers","dataYear":"2018","assetId":"916998","subcategory":"Public Assistance","detail":"https://classic.savi.org/SAVI/PopUps/AssetMoreInfo.aspx?AssetID=916998"}},{"type":"Feature","geometry":{"type":"Point","coordinates":[-86.16447633,39.46193135]},"properties":{"name":"UNION TOWNSHIP TRUSTEE JOHNSON COUNTY","assetType":"Food Vouchers","dataYear":"2018","assetId":"917136","subcategory":"Public Assistance","detail":"https://classic.savi.org/SAVI/PopUps/AssetMoreInfo.aspx?AssetID=917136"}},{"type":"Feature","geometry":{"type":"Point","coordinates":[-85.62176391,40.1209244]},"properties":{"name":"UNION TOWNSHIP TRUSTEE MADISON COUNTY","assetType":"Food Vouchers","dataYear":"2018","assetId":"920348","subcategory":"Public Assistance","detail":"https://classic.savi.org/SAVI/PopUps/AssetMoreInfo.aspx?AssetID=920348"}},{"type":"Feature","geometry":{"type":"Point","coordinates":[-85.63724599,39.57183058]},"properties":{"name":"UNION TOWNSHIP TRUSTEE SHELBY COUNTY","assetType":"Food Vouchers","dataYear":"2018","assetId":"917043","subcategory":"Public Assistance","detail":"https://classic.savi.org/SAVI/PopUps/AssetMoreInfo.aspx?AssetID=917043"}},{"type":"Feature","geometry":{"type":"Point","coordinates":[-86.14347708,39.12668447]},"properties":{"name":"VAN BUREN TOWNSHIP TRUSTEE BROWN COUNTY","assetType":"Food Vouchers","dataYear":"2018","assetId":"917108","subcategory":"Public Assistance","detail":"https://classic.savi.org/SAVI/PopUps/AssetMoreInfo.aspx?AssetID=917108"}},{"type":"Feature","geometry":{"type":"Point","coordinates":[-85.74404601,39.66913659]},"properties":{"name":"VAN BUREN TOWNSHIP TRUSTEE SHELBY COUNTY","assetType":"Food Vouchers","dataYear":"2018","assetId":"922520","subcategory":"Public Assistance","detail":"https://classic.savi.org/SAVI/PopUps/AssetMoreInfo.aspx?AssetID=922520"}},{"type":"Feature","geometry":{"type":"Point","coordinates":[-85.85646521,39.92796225]},"properties":{"name":"VERNON TOWNSHIP TRUSTEE HANCOCK COUNTY","assetType":"Food Vouchers","dataYear":"2018","assetId":"922578","subcategory":"Public Assistance","detail":"https://classic.savi.org/SAVI/PopUps/AssetMoreInfo.aspx?AssetID=922578"}},{"type":"Feature","geometry":{"type":"Point","coordinates":[-86.81952471,39.59939565]},"properties":{"name":"WARREN TOWNSHIP TRUSTEE PUTNAM COUNTY","assetType":"Food Vouchers","dataYear":"2018","assetId":"921064","subcategory":"Public Assistance","detail":"https://classic.savi.org/SAVI/PopUps/AssetMoreInfo.aspx?AssetID=921064"}},{"type":"Feature","geometry":{"type":"Point","coordinates":[-86.56342846,40.13318676]},"properties":{"name":"WASHINGTON TOWNSHIP TRUSTEE BOONE COUNTY","assetType":"Food Vouchers","dataYear":"2018","assetId":"922551","subcategory":"Public Assistance","detail":"https://classic.savi.org/SAVI/PopUps/AssetMoreInfo.aspx?AssetID=922551"}},{"type":"Feature","geometry":{"type":"Point","coordinates":[-86.2437373,39.2064405]},"properties":{"name":"WASHINGTON TOWNSHIP TRUSTEE BROWN COUNTY","assetType":"Food Vouchers","dataYear":"2018","assetId":"917102","subcategory":"Public Assistance","detail":"https://classic.savi.org/SAVI/PopUps/AssetMoreInfo.aspx?AssetID=917102"}},{"type":"Feature","geometry":{"type":"Point","coordinates":[-86.13001059,40.00532333]},"properties":{"name":"WASHINGTON TOWNSHIP TRUSTEE HAMILTON COUNTY","assetType":"Food Vouchers","dataYear":"2018","assetId":"922815","subcategory":"Public Assistance","detail":"https://classic.savi.org/SAVI/PopUps/AssetMoreInfo.aspx?AssetID=922815"}},{"type":"Feature","geometry":{"type":"Point","coordinates":[-86.3866421,39.76133098]},"properties":{"name":"WASHINGTON TOWNSHIP TRUSTEE HENDRICKS COUNTY","assetType":"Food Vouchers","dataYear":"2018","assetId":"922806","subcategory":"Public Assistance","detail":"https://classic.savi.org/SAVI/PopUps/AssetMoreInfo.aspx?AssetID=922806"}},{"type":"Feature","geometry":{"type":"Point","coordinates":[-86.43058849,39.42760589]},"properties":{"name":"WASHINGTON TOWNSHIP TRUSTEE MORGAN COUNTY","assetType":"Food Vouchers","dataYear":"2018","assetId":"922777","subcategory":"Public Assistance","detail":"https://classic.savi.org/SAVI/PopUps/AssetMoreInfo.aspx?AssetID=922777"}},{"type":"Feature","geometry":{"type":"Point","coordinates":[-86.99324931,39.5106066]},"properties":{"name":"WASHINGTON TOWNSHIP TRUSTEE PUTNAM COUNTY","assetType":"Food Vouchers","dataYear":"2018","assetId":"920828","subcategory":"Public Assistance","detail":"https://classic.savi.org/SAVI/PopUps/AssetMoreInfo.aspx?AssetID=920828"}},{"type":"Feature","geometry":{"type":"Point","coordinates":[-85.827034,39.40805555]},"properties":{"name":"WASHINGTON TOWNSHIP TRUSTEE SHELBY COUNTY","assetType":"Food Vouchers","dataYear":"2018","assetId":"922773","subcategory":"Public Assistance","detail":"https://classic.savi.org/SAVI/PopUps/AssetMoreInfo.aspx?AssetID=922773"}},{"type":"Feature","geometry":{"type":"Point","coordinates":[-85.93821887,40.05050669]},"properties":{"name":"WAYNE TOWNSHIP TRUSTEE HAMILTON COUNTY","assetType":"Food Vouchers","dataYear":"2018","assetId":"922743","subcategory":"Public Assistance","detail":"https://classic.savi.org/SAVI/PopUps/AssetMoreInfo.aspx?AssetID=922743"}},{"type":"Feature","geometry":{"type":"Point","coordinates":[-85.94058855,40.16133247]},"properties":{"name":"WHITE RIVER TOWNSHIP TRUSTEE HAMILTON COUNTY","assetType":"Food Vouchers","dataYear":"2018","assetId":"922718","subcategory":"Public Assistance","detail":"https://classic.savi.org/SAVI/PopUps/AssetMoreInfo.aspx?AssetID=922718"}},{"type":"Feature","geometry":{"type":"Point","coordinates":[-86.19677766,39.57247862]},"properties":{"name":"WHITE RIVER TOWNSHIP TRUSTEE JOHNSON COUNTY","assetType":"Food Vouchers","dataYear":"2018","assetId":"922695","subcategory":"Public Assistance","detail":"https://classic.savi.org/SAVI/PopUps/AssetMoreInfo.aspx?AssetID=922695"}},{"type":"Feature","geometry":{"type":"Point","coordinates":[-86.12139154,39.9095346]},"properties":{"name":"CICOA AGING & IN-HOME SOLUTIONS","assetType":"Home Delivered Meals","dataYear":"2019","assetId":"917348","subcategory":"Public Assistance","detail":"https://classic.savi.org/SAVI/PopUps/AssetMoreInfo.aspx?AssetID=917348"}},{"type":"Feature","geometry":{"type":"Point","coordinates":[-86.12139154,39.9095346]},"properties":{"name":"CICOA AGING & IN-HOME SOLUTIONS","assetType":"Home Delivered Meals","dataYear":"2019","assetId":"917265","subcategory":"Public Assistance","detail":"https://classic.savi.org/SAVI/PopUps/AssetMoreInfo.aspx?AssetID=917265"}},{"type":"Feature","geometry":{"type":"Point","coordinates":[-86.10218874,39.60419646]},"properties":{"name":"GREENWOOD MEALS ON WHEELS","assetType":"Home Delivered Meals","dataYear":"2019","assetId":"918718","subcategory":"Public Assistance","detail":"https://classic.savi.org/SAVI/PopUps/AssetMoreInfo.aspx?AssetID=918718"}},{"type":"Feature","geometry":{"type":"Point","coordinates":[-86.47060188,40.0418852]},"properties":{"name":"LEBANON COMMUNITY OF SHALOM","assetType":"Home Delivered Meals","dataYear":"2019","assetId":"919067","subcategory":"Public Assistance","detail":"https://classic.savi.org/SAVI/PopUps/AssetMoreInfo.aspx?AssetID=919067"}},{"type":"Feature","geometry":{"type":"Point","coordinates":[-86.15716919,39.79078586]},"properties":{"name":"LITTLE RED DOOR CANCER AGENCY","assetType":"Home Delivered Meals","dataYear":"2019","assetId":"921859","subcategory":"Public Assistance","detail":"https://classic.savi.org/SAVI/PopUps/AssetMoreInfo.aspx?AssetID=921859"}},{"type":"Feature","geometry":{"type":"Point","coordinates":[-85.77655927,39.52589804]},"properties":{"name":"MEALS ON WHEELS","assetType":"Home Delivered Meals","dataYear":"2019","assetId":"934106","subcategory":"Public Assistance","detail":"https://classic.savi.org/SAVI/PopUps/AssetMoreInfo.aspx?AssetID=934106"}},{"type":"Feature","geometry":{"type":"Point","coordinates":[-86.02303344,40.04528011]},"properties":{"name":"MEALS ON WHEELS OF HAMILTON COUNTY","assetType":"Home Delivered Meals","dataYear":"2019","assetId":"919852","subcategory":"Public Assistance","detail":"https://classic.savi.org/SAVI/PopUps/AssetMoreInfo.aspx?AssetID=919852"}},{"type":"Feature","geometry":{"type":"Point","coordinates":[-85.78642954,39.78405298]},"properties":{"name":"MEALS ON WHEELS OF HANCOCK COUNTY","assetType":"Home Delivered Meals","dataYear":"2019","assetId":"921655","subcategory":"Public Assistance","detail":"https://classic.savi.org/SAVI/PopUps/AssetMoreInfo.aspx?AssetID=921655"}},{"type":"Feature","geometry":{"type":"Point","coordinates":[-86.50135798,39.76182864]},"properties":{"name":"MEALS ON WHEELS OF HENDRICKS COUNTY","assetType":"Home Delivered Meals","dataYear":"2019","assetId":"919787","subcategory":"Public Assistance","detail":"https://classic.savi.org/SAVI/PopUps/AssetMoreInfo.aspx?AssetID=919787"}},{"type":"Feature","geometry":{"type":"Point","coordinates":[-85.77678402,39.52591056]},"properties":{"name":"MEALS ON WHEELS OF SHELBY COUNTY","assetType":"Home Delivered Meals","dataYear":"2019","assetId":"919786","subcategory":"Public Assistance","detail":"https://classic.savi.org/SAVI/PopUps/AssetMoreInfo.aspx?AssetID=919786"}},{"type":"Feature","geometry":{"type":"Point","coordinates":[-86.1451515,39.77394679]},"properties":{"name":"MEALS ON WHEELS INC","assetType":"Home Delivered Meals","dataYear":"2019","assetId":"919800","subcategory":"Public Assistance","detail":"https://classic.savi.org/SAVI/PopUps/AssetMoreInfo.aspx?AssetID=919800"}},{"type":"Feature","geometry":{"type":"Point","coordinates":[-86.53540828,39.75280767]},"properties":{"name":"ABUNDANT LIFE- THE HOUSE OF MERCY","assetType":"Soup Kitchens","dataYear":"2018","assetId":"919260","subcategory":"Public Assistance","detail":"https://classic.savi.org/SAVI/PopUps/AssetMoreInfo.aspx?AssetID=919260"}},{"type":"Feature","geometry":{"type":"Point","coordinates":[-85.68067007,40.10393727]},"properties":{"name":"ANDERSON FIRST UNITED METHODIST CHURCH","assetType":"Soup Kitchens","dataYear":"2018","assetId":"920037","subcategory":"Public Assistance","detail":"https://classic.savi.org/SAVI/PopUps/AssetMoreInfo.aspx?AssetID=920037"}},{"type":"Feature","geometry":{"type":"Point","coordinates":[-86.19367341,39.77161469]},"properties":{"name":"ANNA S HOUSE","assetType":"Soup Kitchens","dataYear":"2018","assetId":"917530","subcategory":"Public Assistance","detail":"https://classic.savi.org/SAVI/PopUps/AssetMoreInfo.aspx?AssetID=917530"}},{"type":"Feature","geometry":{"type":"Point","coordinates":[-86.17584824,39.81021841]},"properties":{"name":"BARNES UNITED METHODIST CHURCH","assetType":"Soup Kitchens","dataYear":"2018","assetId":"918995","subcategory":"Public Assistance","detail":"https://classic.savi.org/SAVI/PopUps/AssetMoreInfo.aspx?AssetID=918995"}},{"type":"Feature","geometry":{"type":"Point","coordinates":[-86.24817705,39.68226551]},"properties":{"name":"BLUE GOLD ACADEMY ELEMENTARY","assetType":"Soup Kitchens","dataYear":"2018","assetId":"919076","subcategory":"Public Assistance","detail":"https://classic.savi.org/SAVI/PopUps/AssetMoreInfo.aspx?AssetID=919076"}},{"type":"Feature","geometry":{"type":"Point","coordinates":[-86.10700644,39.78886961]},"properties":{"name":"BROOKSIDE PARK AND FAMILY CENTER","assetType":"Soup Kitchens","dataYear":"2018","assetId":"918320","subcategory":"Public Assistance","detail":"https://classic.savi.org/SAVI/PopUps/AssetMoreInfo.aspx?AssetID=918320"}},{"type":"Feature","geometry":{"type":"Point","coordinates":[-86.23941012,39.20592846]},"properties":{"name":"BROWN COUNTY MOTHER S CUPBOARD COMMUNITY KITCHEN","assetType":"Soup Kitchens","dataYear":"2018","assetId":"916991","subcategory":"Public Assistance","detail":"https://classic.savi.org/SAVI/PopUps/AssetMoreInfo.aspx?AssetID=916991"}},{"type":"Feature","geometry":{"type":"Point","coordinates":[-86.15615701,39.78547954]},"properties":{"name":"CATHEDRAL KITCHEN","assetType":"Soup Kitchens","dataYear":"2018","assetId":"919555","subcategory":"Public Assistance","detail":"https://classic.savi.org/SAVI/PopUps/AssetMoreInfo.aspx?AssetID=919555"}},{"type":"Feature","geometry":{"type":"Point","coordinates":[-86.15725157,39.7687778]},"properties":{"name":"CHRIST CHURCH CATHEDRAL","assetType":"Soup Kitchens","dataYear":"2018","assetId":"922286","subcategory":"Public Assistance","detail":"https://classic.savi.org/SAVI/PopUps/AssetMoreInfo.aspx?AssetID=922286"}},{"type":"Feature","geometry":{"type":"Point","coordinates":[-85.67836337,40.10961757]},"properties":{"name":"CHRISTIAN CENTER THE","assetType":"Soup Kitchens","dataYear":"2018","assetId":"920013","subcategory":"Public Assistance","detail":"https://classic.savi.org/SAVI/PopUps/AssetMoreInfo.aspx?AssetID=920013"}},{"type":"Feature","geometry":{"type":"Point","coordinates":[-86.18069108,39.79952829]},"properties":{"name":"CITY VIEW CHRISTIAN CENTER","assetType":"Soup Kitchens","dataYear":"2018","assetId":"918765","subcategory":"Public Assistance","detail":"https://classic.savi.org/SAVI/PopUps/AssetMoreInfo.aspx?AssetID=918765"}},{"type":"Feature","geometry":{"type":"Point","coordinates":[-86.13101844,39.84009942]},"properties":{"name":"DIVINE DIRECTION CHRISTIAN CHURCH","assetType":"Soup Kitchens","dataYear":"2018","assetId":"921842","subcategory":"Public Assistance","detail":"https://classic.savi.org/SAVI/PopUps/AssetMoreInfo.aspx?AssetID=921842"}},{"type":"Feature","geometry":{"type":"Point","coordinates":[-86.09682265,39.69439037]},"properties":{"name":"FAITH UNITED CHURCH OF CHRIST","assetType":"Soup Kitchens","dataYear":"2018","assetId":"918792","subcategory":"Public Assistance","detail":"https://classic.savi.org/SAVI/PopUps/AssetMoreInfo.aspx?AssetID=918792"}},{"type":"Feature","geometry":{"type":"Point","coordinates":[-86.12622177,39.78394092]},"properties":{"name":"FIRST FREE METHODIST CHURCH","assetType":"Soup Kitchens","dataYear":"2018","assetId":"919253","subcategory":"Public Assistance","detail":"https://classic.savi.org/SAVI/PopUps/AssetMoreInfo.aspx?AssetID=919253"}},{"type":"Feature","geometry":{"type":"Point","coordinates":[-86.13164498,39.75229143]},"properties":{"name":"FLETCHER PLACE COMMUNITY CENTER","assetType":"Soup Kitchens","dataYear":"2018","assetId":"919234","subcategory":"Public Assistance","detail":"https://classic.savi.org/SAVI/PopUps/AssetMoreInfo.aspx?AssetID=919234"}},{"type":"Feature","geometry":{"type":"Point","coordinates":[-86.13164498,39.75229143]},"properties":{"name":"FLETCHER PLACE COMMUNITY CENTER","assetType":"Soup Kitchens","dataYear":"2018","assetId":"919233","subcategory":"Public Assistance","detail":"https://classic.savi.org/SAVI/PopUps/AssetMoreInfo.aspx?AssetID=919233"}},{"type":"Feature","geometry":{"type":"Point","coordinates":[-86.14004215,39.72970886]},"properties":{"name":"GARFIELD PARK BAPTIST CHURCH","assetType":"Soup Kitchens","dataYear":"2018","assetId":"917623","subcategory":"Public Assistance","detail":"https://classic.savi.org/SAVI/PopUps/AssetMoreInfo.aspx?AssetID=917623"}},{"type":"Feature","geometry":{"type":"Point","coordinates":[-86.07363804,39.82555808]},"properties":{"name":"GREATER SAINT MARK MISSIONARY BAPTIST CHURCH","assetType":"Soup Kitchens","dataYear":"2018","assetId":"919801","subcategory":"Public Assistance","detail":"https://classic.savi.org/SAVI/PopUps/AssetMoreInfo.aspx?AssetID=919801"}},{"type":"Feature","geometry":{"type":"Point","coordinates":[-86.14143174,39.77386406]},"properties":{"name":"HELPERS HELPING OTHERS OUTREACH TEAM HHOOT","assetType":"Soup Kitchens","dataYear":"2018","assetId":"918819","subcategory":"Public Assistance","detail":"https://classic.savi.org/SAVI/PopUps/AssetMoreInfo.aspx?AssetID=918819"}},{"type":"Feature","geometry":{"type":"Point","coordinates":[-86.15913111,39.58114669]},"properties":{"name":"JOHNSON COUNTY COMMUNITY MEALS AT CENTER GROVE CHURCH","assetType":"Soup Kitchens","dataYear":"2018","assetId":"919446","subcategory":"Public Assistance","detail":"https://classic.savi.org/SAVI/PopUps/AssetMoreInfo.aspx?AssetID=919446"}},{"type":"Feature","geometry":{"type":"Point","coordinates":[-86.10771157,39.61391776]},"properties":{"name":"JOHNSON COUNTY COMMUNITY MEALS AT FIRST PRESBYTERIAN CHURCH","assetType":"Soup Kitchens","dataYear":"2018","assetId":"919442","subcategory":"Public Assistance","detail":"https://classic.savi.org/SAVI/PopUps/AssetMoreInfo.aspx?AssetID=919442"}},{"type":"Feature","geometry":{"type":"Point","coordinates":[-86.03515718,39.48383679]},"properties":{"name":"JOHNSON COUNTY COMMUNITY MEALS AT FRANKLIN GRACE UNITED METHODIST CHURCH","assetType":"Soup Kitchens","dataYear":"2018","assetId":"919536","subcategory":"Public Assistance","detail":"https://classic.savi.org/SAVI/PopUps/AssetMoreInfo.aspx?AssetID=919536"}},{"type":"Feature","geometry":{"type":"Point","coordinates":[-86.11887248,39.58743427]},"properties":{"name":"JOHNSON COUNTY COMMUNITY MEALS AT GREENWOOD CHRISTIAN CHURCH","assetType":"Soup Kitchens","dataYear":"2018","assetId":"919539","subcategory":"Public Assistance","detail":"https://classic.savi.org/SAVI/PopUps/AssetMoreInfo.aspx?AssetID=919539"}},{"type":"Feature","geometry":{"type":"Point","coordinates":[-86.10737584,39.61355029]},"properties":{"name":"JOHNSON COUNTY COMMUNITY MEALS AT GREENWOOD FIRST BAPTIST CHURCH","assetType":"Soup Kitchens","dataYear":"2018","assetId":"919535","subcategory":"Public Assistance","detail":"https://classic.savi.org/SAVI/PopUps/AssetMoreInfo.aspx?AssetID=919535"}},{"type":"Feature","geometry":{"type":"Point","coordinates":[-86.11231107,39.62192405]},"properties":{"name":"JOHNSON COUNTY COMMUNITY MEALS AT GREENWOOD UNITED METHODIST","assetType":"Soup Kitchens","dataYear":"2018","assetId":"919538","subcategory":"Public Assistance","detail":"https://classic.savi.org/SAVI/PopUps/AssetMoreInfo.aspx?AssetID=919538"}},{"type":"Feature","geometry":{"type":"Point","coordinates":[-86.13998718,39.57726919]},"properties":{"name":"JOHNSON COUNTY COMMUNITY MEALS AT HONEY CREEK UNITED METHODIST CHURCH","assetType":"Soup Kitchens","dataYear":"2018","assetId":"919447","subcategory":"Public Assistance","detail":"https://classic.savi.org/SAVI/PopUps/AssetMoreInfo.aspx?AssetID=919447"}},{"type":"Feature","geometry":{"type":"Point","coordinates":[-86.1162833,39.49491824]},"properties":{"name":"JOHNSON COUNTY COMMUNITY MEALS AT HOPEWELL PRESBYTERIAN CHURCH","assetType":"Soup Kitchens","dataYear":"2018","assetId":"919445","subcategory":"Public Assistance","detail":"https://classic.savi.org/SAVI/PopUps/AssetMoreInfo.aspx?AssetID=919445"}},{"type":"Feature","geometry":{"type":"Point","coordinates":[-86.23694585,39.57638349]},"properties":{"name":"JOHNSON COUNTY COMMUNITY MEALS AT STONES CROSSING CHURCH","assetType":"Soup Kitchens","dataYear":"2018","assetId":"919443","subcategory":"Public Assistance","detail":"https://classic.savi.org/SAVI/PopUps/AssetMoreInfo.aspx?AssetID=919443"}},{"type":"Feature","geometry":{"type":"Point","coordinates":[-86.05428402,39.48231812]},"properties":{"name":"JOHNSON COUNTY COMMUNITY MEALS AT TABERNACLE CHRISTIAN CHURCH","assetType":"Soup Kitchens","dataYear":"2018","assetId":"919444","subcategory":"Public Assistance","detail":"https://classic.savi.org/SAVI/PopUps/AssetMoreInfo.aspx?AssetID=919444"}},{"type":"Feature","geometry":{"type":"Point","coordinates":[-86.07987741,39.52756608]},"properties":{"name":"JOHNSON COUNTY COMMUNITY MEALS AT TURNING POINT CHURCH","assetType":"Soup Kitchens","dataYear":"2018","assetId":"919537","subcategory":"Public Assistance","detail":"https://classic.savi.org/SAVI/PopUps/AssetMoreInfo.aspx?AssetID=919537"}},{"type":"Feature","geometry":{"type":"Point","coordinates":[-85.76759952,39.78543792]},"properties":{"name":"KENNETH BUTLER MEMORIAL SOUP KITCHEN","assetType":"Soup Kitchens","dataYear":"2018","assetId":"917759","subcategory":"Public Assistance","detail":"https://classic.savi.org/SAVI/PopUps/AssetMoreInfo.aspx?AssetID=917759"}},{"type":"Feature","geometry":{"type":"Point","coordinates":[-86.47060188,40.0418852]},"properties":{"name":"LEBANON COMMUNITY OF SHALOM","assetType":"Soup Kitchens","dataYear":"2018","assetId":"919009","subcategory":"Public Assistance","detail":"https://classic.savi.org/SAVI/PopUps/AssetMoreInfo.aspx?AssetID=919009"}},{"type":"Feature","geometry":{"type":"Point","coordinates":[-86.4293835,39.42775684]},"properties":{"name":"MANNA MISSION OPERATION OUTREACH MINISTRIES","assetType":"Soup Kitchens","dataYear":"2018","assetId":"919059","subcategory":"Public Assistance","detail":"https://classic.savi.org/SAVI/PopUps/AssetMoreInfo.aspx?AssetID=919059"}},{"type":"Feature","geometry":{"type":"Point","coordinates":[-86.13984525,39.72949047]},"properties":{"name":"NATIONAL CHRISTIAN OUTREACH COMPASSION CENTER","assetType":"Soup Kitchens","dataYear":"2018","assetId":"918850","subcategory":"Public Assistance","detail":"https://classic.savi.org/SAVI/PopUps/AssetMoreInfo.aspx?AssetID=918850"}},{"type":"Feature","geometry":{"type":"Point","coordinates":[-86.0000204,40.05055426]},"properties":{"name":"NOBLESVILLE FIRST UNITED METHODIST CHURCH","assetType":"Soup Kitchens","dataYear":"2018","assetId":"919825","subcategory":"Public Assistance","detail":"https://classic.savi.org/SAVI/PopUps/AssetMoreInfo.aspx?AssetID=919825"}},{"type":"Feature","geometry":{"type":"Point","coordinates":[-86.15699976,39.82520138]},"properties":{"name":"NORTH UNITED METHODIST CHURCH","assetType":"Soup Kitchens","dataYear":"2018","assetId":"918119","subcategory":"Public Assistance","detail":"https://classic.savi.org/SAVI/PopUps/AssetMoreInfo.aspx?AssetID=918119"}},{"type":"Feature","geometry":{"type":"Point","coordinates":[-86.14516171,39.80560521]},"properties":{"name":"NU CORINTHIAN BAPTIST CHURCH - INNER CITY MINISTRY SANCTITY OF SALVATION","assetType":"Soup Kitchens","dataYear":"2018","assetId":"921009","subcategory":"Public Assistance","detail":"https://classic.savi.org/SAVI/PopUps/AssetMoreInfo.aspx?AssetID=921009"}},{"type":"Feature","geometry":{"type":"Point","coordinates":[-85.74972948,39.98637106]},"properties":{"name":"PENDLETON CHRISTIAN CHURCH","assetType":"Soup Kitchens","dataYear":"2018","assetId":"919309","subcategory":"Public Assistance","detail":"https://classic.savi.org/SAVI/PopUps/AssetMoreInfo.aspx?AssetID=919309"}},{"type":"Feature","geometry":{"type":"Point","coordinates":[-86.15292462,39.81796519]},"properties":{"name":"PHILLIPS TEMPLE CHRISTIAN METHODIST EPISCOPAL CHURCH","assetType":"Soup Kitchens","dataYear":"2018","assetId":"919855","subcategory":"Public Assistance","detail":"https://classic.savi.org/SAVI/PopUps/AssetMoreInfo.aspx?AssetID=919855"}},{"type":"Feature","geometry":{"type":"Point","coordinates":[-86.86481878,39.64481648]},"properties":{"name":"PUTNAM COUNTY SENIOR CENTER","assetType":"Soup Kitchens","dataYear":"2018","assetId":"919548","subcategory":"Public Assistance","detail":"https://classic.savi.org/SAVI/PopUps/AssetMoreInfo.aspx?AssetID=919548"}},{"type":"Feature","geometry":{"type":"Point","coordinates":[-86.15061342,39.65019747]},"properties":{"name":"RESURRECTION LUTHERAN CHURCH","assetType":"Soup Kitchens","dataYear":"2018","assetId":"919151","subcategory":"Public Assistance","detail":"https://classic.savi.org/SAVI/PopUps/AssetMoreInfo.aspx?AssetID=919151"}},{"type":"Feature","geometry":{"type":"Point","coordinates":[-86.15366133,39.7730114]},"properties":{"name":"ROBERTS PARK UNITED METHODIST CHURCH","assetType":"Soup Kitchens","dataYear":"2018","assetId":"919524","subcategory":"Public Assistance","detail":"https://classic.savi.org/SAVI/PopUps/AssetMoreInfo.aspx?AssetID=919524"}},{"type":"Feature","geometry":{"type":"Point","coordinates":[-86.15366133,39.7730114]},"properties":{"name":"ROBERTS PARK UNITED METHODIST CHURCH","assetType":"Soup Kitchens","dataYear":"2018","assetId":"919523","subcategory":"Public Assistance","detail":"https://classic.savi.org/SAVI/PopUps/AssetMoreInfo.aspx?AssetID=919523"}},{"type":"Feature","geometry":{"type":"Point","coordinates":[-86.16122979,39.76480023]},"properties":{"name":"SAINT JOHN THE EVANGELIST","assetType":"Soup Kitchens","dataYear":"2018","assetId":"919616","subcategory":"Public Assistance","detail":"https://classic.savi.org/SAVI/PopUps/AssetMoreInfo.aspx?AssetID=919616"}},{"type":"Feature","geometry":{"type":"Point","coordinates":[-86.07768967,39.81087496]},"properties":{"name":"SAINT LUKE MISSIONARY BAPTIST CHURCH","assetType":"Soup Kitchens","dataYear":"2018","assetId":"919547","subcategory":"Public Assistance","detail":"https://classic.savi.org/SAVI/PopUps/AssetMoreInfo.aspx?AssetID=919547"}},{"type":"Feature","geometry":{"type":"Point","coordinates":[-86.39172024,39.7038734]},"properties":{"name":"SAINT MARK S EPISCOPAL CHURCH","assetType":"Soup Kitchens","dataYear":"2018","assetId":"917554","subcategory":"Public Assistance","detail":"https://classic.savi.org/SAVI/PopUps/AssetMoreInfo.aspx?AssetID=917554"}},{"type":"Feature","geometry":{"type":"Point","coordinates":[-85.77352899,39.52464758]},"properties":{"name":"SALVATION ARMY SHELBYVILLE","assetType":"Soup Kitchens","dataYear":"2018","assetId":"917510","subcategory":"Public Assistance","detail":"https://classic.savi.org/SAVI/PopUps/AssetMoreInfo.aspx?AssetID=917510"}},{"type":"Feature","geometry":{"type":"Point","coordinates":[-86.13535594,39.79738468]},"properties":{"name":"SCOTT UNITED METHODIST CHURCH","assetType":"Soup Kitchens","dataYear":"2018","assetId":"922244","subcategory":"Public Assistance","detail":"https://classic.savi.org/SAVI/PopUps/AssetMoreInfo.aspx?AssetID=922244"}},{"type":"Feature","geometry":{"type":"Point","coordinates":[-86.2296181,39.71236864]},"properties":{"name":"STEPHEN DECATUR ELEMENTARY SCHOOL","assetType":"Soup Kitchens","dataYear":"2018","assetId":"919020","subcategory":"Public Assistance","detail":"https://classic.savi.org/SAVI/PopUps/AssetMoreInfo.aspx?AssetID=919020"}},{"type":"Feature","geometry":{"type":"Point","coordinates":[-86.14222104,39.79151738]},"properties":{"name":"SUNRISE MISSIONARY BAPTIST CHURCH","assetType":"Soup Kitchens","dataYear":"2018","assetId":"918787","subcategory":"Public Assistance","detail":"https://classic.savi.org/SAVI/PopUps/AssetMoreInfo.aspx?AssetID=918787"}},{"type":"Feature","geometry":{"type":"Point","coordinates":[-86.15043193,39.8180145]},"properties":{"name":"TABERNACLE PRESBYTERIAN CHURCH","assetType":"Soup Kitchens","dataYear":"2018","assetId":"917432","subcategory":"Public Assistance","detail":"https://classic.savi.org/SAVI/PopUps/AssetMoreInfo.aspx?AssetID=917432"}},{"type":"Feature","geometry":{"type":"Point","coordinates":[-86.13535709,39.79876799]},"properties":{"name":"TRINITY CHRISTIAN METHODIST EPISCOPAL CHURCH","assetType":"Soup Kitchens","dataYear":"2018","assetId":"917528","subcategory":"Public Assistance","detail":"https://classic.savi.org/SAVI/PopUps/AssetMoreInfo.aspx?AssetID=917528"}},{"type":"Feature","geometry":{"type":"Point","coordinates":[-86.01579985,39.78941693]},"properties":{"name":"TRINITY LUTHERAN","assetType":"Soup Kitchens","dataYear":"2018","assetId":"918852","subcategory":"Public Assistance","detail":"https://classic.savi.org/SAVI/PopUps/AssetMoreInfo.aspx?AssetID=918852"}},{"type":"Feature","geometry":{"type":"Point","coordinates":[-86.15633349,39.81647458]},"properties":{"name":"TRINITY OUTREACH CENTER","assetType":"Soup Kitchens","dataYear":"2018","assetId":"919354","subcategory":"Public Assistance","detail":"https://classic.savi.org/SAVI/PopUps/AssetMoreInfo.aspx?AssetID=919354"}},{"type":"Feature","geometry":{"type":"Point","coordinates":[-86.09706134,39.77046915]},"properties":{"name":"TUXEDO PARK BAPTIST CHURCH","assetType":"Soup Kitchens","dataYear":"2018","assetId":"917598","subcategory":"Public Assistance","detail":"https://classic.savi.org/SAVI/PopUps/AssetMoreInfo.aspx?AssetID=917598"}},{"type":"Feature","geometry":{"type":"Point","coordinates":[-86.26847325,39.689445]},"properties":{"name":"VALLEY MILLS ELEMENTARY","assetType":"Soup Kitchens","dataYear":"2018","assetId":"919019","subcategory":"Public Assistance","detail":"https://classic.savi.org/SAVI/PopUps/AssetMoreInfo.aspx?AssetID=919019"}},{"type":"Feature","geometry":{"type":"Point","coordinates":[-85.66826,39.45401053]},"properties":{"name":"WALDRON UNITED METHODIST CHURCH","assetType":"Soup Kitchens","dataYear":"2018","assetId":"918988","subcategory":"Public Assistance","detail":"https://classic.savi.org/SAVI/PopUps/AssetMoreInfo.aspx?AssetID=918988"}},{"type":"Feature","geometry":{"type":"Point","coordinates":[-86.12208917,39.77146334]},"properties":{"name":"WESTMINSTER NEIGHBORHOOD SERVICES","assetType":"Soup Kitchens","dataYear":"2018","assetId":"922734","subcategory":"Public Assistance","detail":"https://classic.savi.org/SAVI/PopUps/AssetMoreInfo.aspx?AssetID=922734"}},{"type":"Feature","geometry":{"type":"Point","coordinates":[-86.11048493,39.77469885]},"properties":{"name":"WHEELER MISSION CENTER FOR WOMEN AND CHILDREN","assetType":"Soup Kitchens","dataYear":"2018","assetId":"922726","subcategory":"Public Assistance","detail":"https://classic.savi.org/SAVI/PopUps/AssetMoreInfo.aspx?AssetID=922726"}},{"type":"Feature","geometry":{"type":"Point","coordinates":[-86.14818007,39.76861768]},"properties":{"name":"WHEELER MISSION SHELTER FOR MEN","assetType":"Soup Kitchens","dataYear":"2018","assetId":"922725","subcategory":"Public Assistance","detail":"https://classic.savi.org/SAVI/PopUps/AssetMoreInfo.aspx?AssetID=922725"}},{"type":"Feature","geometry":{"type":"Point","coordinates":[-86.00825386,40.0649044]},"properties":{"name":"WHITE RIVER CHRISTIAN CHURCH","assetType":"Soup Kitchens","dataYear":"2018","assetId":"920391","subcategory":"Public Assistance","detail":"https://classic.savi.org/SAVI/PopUps/AssetMoreInfo.aspx?AssetID=920391"}},{"type":"Feature","geometry":{"type":"Point","coordinates":[-86.15539428,39.77473038]},"properties":{"name":"Indianapolis US Social Security Adm - Black Lung Program","assetType":"Coal Miner Worker's Compensation","dataYear":"2007","assetId":"623739","subcategory":"Public Assistance","detail":"https://classic.savi.org/SAVI/PopUps/AssetMoreInfo.aspx?AssetID=623739"}},{"type":"Feature","geometry":{"type":"Point","coordinates":[-86.24383357,39.83305542]},"properties":{"name":"US Soc Sec Admin - Black Lung Program West Indpls Office","assetType":"Coal Miner Worker's Compensation","dataYear":"2007","assetId":"624952","subcategory":"Public Assistance","detail":"https://classic.savi.org/SAVI/PopUps/AssetMoreInfo.aspx?AssetID=624952"}},{"type":"Feature","geometry":{"type":"Point","coordinates":[-85.65393589,40.11643048]},"properties":{"name":"US Soc Sec Admin - Black Lung Anderson Office","assetType":"Coal Miner Worker's Compensation","dataYear":"2007","assetId":"624848","subcategory":"Public Assistance","detail":"https://classic.savi.org/SAVI/PopUps/AssetMoreInfo.aspx?AssetID=624848"}},{"type":"Feature","geometry":{"type":"Point","coordinates":[-86.16543746,39.76736422]},"properties":{"name":"DIVISION OF FAMILY RESOURCES DFR INDIANA FAMILY AND SOCIAL SERVICES ADMINISTRATION FSSA","assetType":"Medicare","dataYear":"2018","assetId":"920205","subcategory":"Public Assistance","detail":"https://classic.savi.org/SAVI/PopUps/AssetMoreInfo.aspx?AssetID=920205"}},{"type":"Feature","geometry":{"type":"Point","coordinates":[-86.15704535,39.77072998]},"properties":{"name":"UNITED STATES RAILROAD RETIREMENT BOARD - INDIANAPOLIS FIELD OFFICE","assetType":"Railroad Workers Retirement Benefits","dataYear":"2017","assetId":"864107","subcategory":"Public Assistance","detail":"https://classic.savi.org/SAVI/PopUps/AssetMoreInfo.aspx?AssetID=864107"}},{"type":"Feature","geometry":{"type":"Point","coordinates":[-86.15715107,39.79100267]},"properties":{"name":"Medicaid Funeral Assistance - Marion County DFR","assetType":"Social Health Insurance","dataYear":"2007","assetId":"625480","subcategory":"Public Assistance","detail":"https://classic.savi.org/SAVI/PopUps/AssetMoreInfo.aspx?AssetID=625480"}},{"type":"Feature","geometry":{"type":"Point","coordinates":[-86.15539428,39.77473038]},"properties":{"name":"Indianapolis US Social Security - SSD-Social Security Disability","assetType":"Social Security Disability","dataYear":"2011","assetId":"691424","subcategory":"Public Assistance","detail":"https://classic.savi.org/SAVI/PopUps/AssetMoreInfo.aspx?AssetID=691424"}},{"type":"Feature","geometry":{"type":"Point","coordinates":[-85.65393589,40.11643048]},"properties":{"name":"US Soc Sec Admin - SSD - Social Security Disability","assetType":"Social Security Disability","dataYear":"2011","assetId":"693161","subcategory":"Public Assistance","detail":"https://classic.savi.org/SAVI/PopUps/AssetMoreInfo.aspx?AssetID=693161"}},{"type":"Feature","geometry":{"type":"Point","coordinates":[-86.24383357,39.83305542]},"properties":{"name":"US Soc Sec Admin - SSD-Social Security Disability West Indpls","assetType":"Social Security Disability","dataYear":"2011","assetId":"693233","subcategory":"Public Assistance","detail":"https://classic.savi.org/SAVI/PopUps/AssetMoreInfo.aspx?AssetID=693233"}},{"type":"Feature","geometry":{"type":"Point","coordinates":[-86.15539428,39.77473038]},"properties":{"name":"Indpls US Social Security - PASS-Plan for Achieving Self Support","assetType":"Social Security Disability/Pass","dataYear":"2007","assetId":"623736","subcategory":"Public Assistance","detail":"https://classic.savi.org/SAVI/PopUps/AssetMoreInfo.aspx?AssetID=623736"}},{"type":"Feature","geometry":{"type":"Point","coordinates":[-85.65393589,40.11643048]},"properties":{"name":"US Soc Sec Admin - PASS-Plan for Achieving Self Sup Anderson","assetType":"Social Security Disability/Pass","dataYear":"2007","assetId":"624851","subcategory":"Public Assistance","detail":"https://classic.savi.org/SAVI/PopUps/AssetMoreInfo.aspx?AssetID=624851"}},{"type":"Feature","geometry":{"type":"Point","coordinates":[-86.27414099,39.81995348]},"properties":{"name":"Greenfield Senior Citizens Center","assetType":"Social Security Retirement Benefits","dataYear":"2011","assetId":"692160","subcategory":"Public Assistance","detail":"https://classic.savi.org/SAVI/PopUps/AssetMoreInfo.aspx?AssetID=692160"}},{"type":"Feature","geometry":{"type":"Point","coordinates":[-86.154236,39.76917]},"properties":{"name":"Indiana Legal Services - Website","assetType":"Social Security Retirement Benefits","dataYear":"2011","assetId":"693596","subcategory":"Public Assistance","detail":"https://classic.savi.org/SAVI/PopUps/AssetMoreInfo.aspx?AssetID=693596"}},{"type":"Feature","geometry":{"type":"Point","coordinates":[-86.15539428,39.77473038]},"properties":{"name":"Indianapolis US Social Security Adm - Black Lung Program","assetType":"Social Security Retirement Benefits","dataYear":"2011","assetId":"691567","subcategory":"Public Assistance","detail":"https://classic.savi.org/SAVI/PopUps/AssetMoreInfo.aspx?AssetID=691567"}},{"type":"Feature","geometry":{"type":"Point","coordinates":[-86.15539428,39.77473038]},"properties":{"name":"Indpls US Social Sec Admin - Social Security Retirement Benefits","assetType":"Social Security Retirement Benefits","dataYear":"2011","assetId":"691133","subcategory":"Public Assistance","detail":"https://classic.savi.org/SAVI/PopUps/AssetMoreInfo.aspx?AssetID=691133"}},{"type":"Feature","geometry":{"type":"Point","coordinates":[-86.15539428,39.77473038]},"properties":{"name":"Indpls US Social Sec Admin - Social Security Survivors Benefits","assetType":"Social Security Retirement Benefits","dataYear":"2011","assetId":"691564","subcategory":"Public Assistance","detail":"https://classic.savi.org/SAVI/PopUps/AssetMoreInfo.aspx?AssetID=691564"}},{"type":"Feature","geometry":{"type":"Point","coordinates":[-86.15539428,39.77473038]},"properties":{"name":"Indpls US Social Security - PASS-Plan for Achieving Self Support","assetType":"Social Security Retirement Benefits","dataYear":"2011","assetId":"691563","subcategory":"Public Assistance","detail":"https://classic.savi.org/SAVI/PopUps/AssetMoreInfo.aspx?AssetID=691563"}},{"type":"Feature","geometry":{"type":"Point","coordinates":[-85.65393589,40.11643048]},"properties":{"name":"US Soc Sec Admin - Black Lung Anderson Office","assetType":"Social Security Retirement Benefits","dataYear":"2011","assetId":"693158","subcategory":"Public Assistance","detail":"https://classic.savi.org/SAVI/PopUps/AssetMoreInfo.aspx?AssetID=693158"}},{"type":"Feature","geometry":{"type":"Point","coordinates":[-86.15539428,39.77473038]},"properties":{"name":"US Soc Sec Admin - Indianapolis Downtown Office","assetType":"Social Security Retirement Benefits","dataYear":"2011","assetId":"694772","subcategory":"Public Assistance","detail":"https://classic.savi.org/SAVI/PopUps/AssetMoreInfo.aspx?AssetID=694772"}},{"type":"Feature","geometry":{"type":"Point","coordinates":[-86.01018331,39.85413519]},"properties":{"name":"US Soc Sec Admin - Indianapolis Eastside","assetType":"Social Security Retirement Benefits","dataYear":"2011","assetId":"695404","subcategory":"Public Assistance","detail":"https://classic.savi.org/SAVI/PopUps/AssetMoreInfo.aspx?AssetID=695404"}},{"type":"Feature","geometry":{"type":"Point","coordinates":[-85.65393589,40.11643048]},"properties":{"name":"US Soc Sec Admin - SS Retirement Benefits","assetType":"Social Security Retirement Benefits","dataYear":"2011","assetId":"692743","subcategory":"Public Assistance","detail":"https://classic.savi.org/SAVI/PopUps/AssetMoreInfo.aspx?AssetID=692743"}},{"type":"Feature","geometry":{"type":"Point","coordinates":[-86.24383357,39.83305542]},"properties":{"name":"US Soc Sec Admin - Social Security Retirement West Indpls Office","assetType":"Social Security Retirement Benefits","dataYear":"2011","assetId":"693235","subcategory":"Public Assistance","detail":"https://classic.savi.org/SAVI/PopUps/AssetMoreInfo.aspx?AssetID=693235"}},{"type":"Feature","geometry":{"type":"Point","coordinates":[-85.65393589,40.11643048]},"properties":{"name":"US Soc Sec Admin Anderson Office","assetType":"Social Security Retirement Benefits","dataYear":"2011","assetId":"694727","subcategory":"Public Assistance","detail":"https://classic.savi.org/SAVI/PopUps/AssetMoreInfo.aspx?AssetID=694727"}},{"type":"Feature","geometry":{"type":"Point","coordinates":[-86.15539428,39.77473038]},"properties":{"name":"Indpls US Social Sec Admin - Social Security Survivors Benefits","assetType":"Social Security Survivors Insurance","dataYear":"2007","assetId":"623737","subcategory":"Public Assistance","detail":"https://classic.savi.org/SAVI/PopUps/AssetMoreInfo.aspx?AssetID=623737"}},{"type":"Feature","geometry":{"type":"Point","coordinates":[-86.24383357,39.83305542]},"properties":{"name":"US Soc Sec Admin - Social Security Survivors Benefit West Indpls","assetType":"Social Security Survivors Insurance","dataYear":"2007","assetId":"624958","subcategory":"Public Assistance","detail":"https://classic.savi.org/SAVI/PopUps/AssetMoreInfo.aspx?AssetID=624958"}},{"type":"Feature","geometry":{"type":"Point","coordinates":[-85.65393589,40.11643048]},"properties":{"name":"US Soc Sec Admin - Social Security Survivors Ben","assetType":"Social Security Survivors Insurance","dataYear":"2007","assetId":"624855","subcategory":"Public Assistance","detail":"https://classic.savi.org/SAVI/PopUps/AssetMoreInfo.aspx?AssetID=624855"}},{"type":"Feature","geometry":{"type":"Point","coordinates":[-86.04552259,39.89461027]},"properties":{"name":"Employment and Training - Unemployment Insurance Benefit Shelby","assetType":"State Unemployment Insurance","dataYear":"2007","assetId":"624615","subcategory":"Public Assistance","detail":"https://classic.savi.org/SAVI/PopUps/AssetMoreInfo.aspx?AssetID=624615"}},{"type":"Feature","geometry":{"type":"Point","coordinates":[-86.269625,39.776633]},"properties":{"name":"WorkOne West - Unemployment Insurance Benefits JobWorks","assetType":"State Unemployment Insurance","dataYear":"2007","assetId":"626511","subcategory":"Public Assistance","detail":"https://classic.savi.org/SAVI/PopUps/AssetMoreInfo.aspx?AssetID=626511"}},{"type":"Feature","geometry":{"type":"Point","coordinates":[-86.16364156,39.76737116]},"properties":{"name":"INDIANA DEPARTMENT OF WORKFORCE DEVELOPMENT - REGION 12","assetType":"Unemployment Insurance","dataYear":"2018","assetId":"919296","subcategory":"Public Assistance","detail":"https://classic.savi.org/SAVI/PopUps/AssetMoreInfo.aspx?AssetID=919296"}},{"type":"Feature","geometry":{"type":"Point","coordinates":[-85.67588328,40.106611]},"properties":{"name":"WORKONE - ANDERSON MADISON COUNTY","assetType":"Unemployment Insurance","dataYear":"2018","assetId":"919097","subcategory":"Public Assistance","detail":"https://classic.savi.org/SAVI/PopUps/AssetMoreInfo.aspx?AssetID=919097"}},{"type":"Feature","geometry":{"type":"Point","coordinates":[-86.39328666,39.71382238]},"properties":{"name":"WORKONE - PLAINFIELD HENDRICKS COUNTY","assetType":"Unemployment Insurance","dataYear":"2018","assetId":"919098","subcategory":"Public Assistance","detail":"https://classic.savi.org/SAVI/PopUps/AssetMoreInfo.aspx?AssetID=919098"}},{"type":"Feature","geometry":{"type":"Point","coordinates":[-86.83859302,39.64146025]},"properties":{"name":"WORKONE EXPRESS - GREENCASTLE PUTNAM COUNTY","assetType":"Unemployment Insurance","dataYear":"2018","assetId":"919298","subcategory":"Public Assistance","detail":"https://classic.savi.org/SAVI/PopUps/AssetMoreInfo.aspx?AssetID=919298"}},{"type":"Feature","geometry":{"type":"Point","coordinates":[-85.76761695,39.77408946]},"properties":{"name":"WORKONE EXPRESS - GREENFIELD HANCOCK COUNTY","assetType":"Unemployment Insurance","dataYear":"2018","assetId":"919099","subcategory":"Public Assistance","detail":"https://classic.savi.org/SAVI/PopUps/AssetMoreInfo.aspx?AssetID=919099"}},{"type":"Feature","geometry":{"type":"Point","coordinates":[-86.49026888,40.04434345]},"properties":{"name":"WORKONE EXPRESS - LEBANON BOONE COUNTY","assetType":"Unemployment Insurance","dataYear":"2018","assetId":"919101","subcategory":"Public Assistance","detail":"https://classic.savi.org/SAVI/PopUps/AssetMoreInfo.aspx?AssetID=919101"}},{"type":"Feature","geometry":{"type":"Point","coordinates":[-86.24352677,39.20661386]},"properties":{"name":"WORKONE EXPRESS - NASHVILLE BROWN COUNTY","assetType":"Unemployment Insurance","dataYear":"2018","assetId":"919297","subcategory":"Public Assistance","detail":"https://classic.savi.org/SAVI/PopUps/AssetMoreInfo.aspx?AssetID=919297"}},{"type":"Feature","geometry":{"type":"Point","coordinates":[-86.00319945,40.04799249]},"properties":{"name":"WORKONE EXPRESS - NOBLESVILLE HAMILTON COUNTY","assetType":"Unemployment Insurance","dataYear":"2018","assetId":"919100","subcategory":"Public Assistance","detail":"https://classic.savi.org/SAVI/PopUps/AssetMoreInfo.aspx?AssetID=919100"}},{"type":"Feature","geometry":{"type":"Point","coordinates":[-85.78265301,39.54786456]},"properties":{"name":"WORKONE EXPRESS - SHELBYVILLE SHELBY COUNTY","assetType":"Unemployment Insurance","dataYear":"2018","assetId":"919096","subcategory":"Public Assistance","detail":"https://classic.savi.org/SAVI/PopUps/AssetMoreInfo.aspx?AssetID=919096"}},{"type":"Feature","geometry":{"type":"Point","coordinates":[-86.0454317,39.80390651]},"properties":{"name":"WORKONE INDY EAST - MARION COUNTY","assetType":"Unemployment Insurance","dataYear":"2018","assetId":"919295","subcategory":"Public Assistance","detail":"https://classic.savi.org/SAVI/PopUps/AssetMoreInfo.aspx?AssetID=919295"}},{"type":"Feature","geometry":{"type":"Point","coordinates":[-86.22962397,39.81755795]},"properties":{"name":"WORKONE INDY WEST - MARION COUNTY","assetType":"Unemployment Insurance","dataYear":"2018","assetId":"919294","subcategory":"Public Assistance","detail":"https://classic.savi.org/SAVI/PopUps/AssetMoreInfo.aspx?AssetID=919294"}},{"type":"Feature","geometry":{"type":"Point","coordinates":[-86.42908145,39.42868015]},"properties":{"name":"Re-Store Habitat for Humanity of Morgan County","assetType":"Material Assistance - Appliances","dataYear":"2011","assetId":"695771","subcategory":"Public Assistance","detail":"https://classic.savi.org/SAVI/PopUps/AssetMoreInfo.aspx?AssetID=695771"}},{"type":"Feature","geometry":{"type":"Point","coordinates":[-86.139866,39.797612]},"properties":{"name":"ReStore Habitat for Humanity of Greater Indianapolis","assetType":"Material Assistance - Appliances","dataYear":"2011","assetId":"695202","subcategory":"Public Assistance","detail":"https://classic.savi.org/SAVI/PopUps/AssetMoreInfo.aspx?AssetID=695202"}},{"type":"Feature","geometry":{"type":"Point","coordinates":[-86.399732,39.770796]},"properties":{"name":"ReStore Habitat for Humanity of Hendricks County","assetType":"Material Assistance - Appliances","dataYear":"2011","assetId":"695992","subcategory":"Public Assistance","detail":"https://classic.savi.org/SAVI/PopUps/AssetMoreInfo.aspx?AssetID=695992"}},{"type":"Feature","geometry":{"type":"Point","coordinates":[-86.13792878,39.76469628]},"properties":{"name":"St Vincent de Paul Society - Furniture Household","assetType":"Material Assistance - Appliances","dataYear":"2011","assetId":"692548","subcategory":"Public Assistance","detail":"https://classic.savi.org/SAVI/PopUps/AssetMoreInfo.aspx?AssetID=692548"}},{"type":"Feature","geometry":{"type":"Point","coordinates":[-86.00324717,40.01423636]},"properties":{"name":"CHILDREN S BUREAU - NOBLESVILLE","assetType":"Material Assistance - Baby Furniture","dataYear":"2018","assetId":"918873","subcategory":"Public Assistance","detail":"https://classic.savi.org/SAVI/PopUps/AssetMoreInfo.aspx?AssetID=918873"}},{"type":"Feature","geometry":{"type":"Point","coordinates":[-86.21796714,39.19802347]},"properties":{"name":"CLARITY PREGNANCY SERVICES OF BROWN COUNTY","assetType":"Material Assistance - Baby Furniture","dataYear":"2018","assetId":"916897","subcategory":"Public Assistance","detail":"https://classic.savi.org/SAVI/PopUps/AssetMoreInfo.aspx?AssetID=916897"}},{"type":"Feature","geometry":{"type":"Point","coordinates":[-85.74414503,39.52377555]},"properties":{"name":"CLARITY PREGNANCY SERVICES OF SHELBY COUNTY","assetType":"Material Assistance - Baby Furniture","dataYear":"2018","assetId":"916890","subcategory":"Public Assistance","detail":"https://classic.savi.org/SAVI/PopUps/AssetMoreInfo.aspx?AssetID=916890"}},{"type":"Feature","geometry":{"type":"Point","coordinates":[-85.97067382,39.78627753]},"properties":{"name":"HEATHER HILLS BAPTIST CHURCH","assetType":"Material Assistance - Baby Furniture","dataYear":"2018","assetId":"919225","subcategory":"Public Assistance","detail":"https://classic.savi.org/SAVI/PopUps/AssetMoreInfo.aspx?AssetID=919225"}},{"type":"Feature","geometry":{"type":"Point","coordinates":[-86.12089914,39.82970004]},"properties":{"name":"INDIANAPOLIS HEALTHY START","assetType":"Material Assistance - Baby Furniture","dataYear":"2018","assetId":"918871","subcategory":"Public Assistance","detail":"https://classic.savi.org/SAVI/PopUps/AssetMoreInfo.aspx?AssetID=918871"}},{"type":"Feature","geometry":{"type":"Point","coordinates":[-86.47556933,40.04571218]},"properties":{"name":"LOVE IN THE NAME OF CHRIST LOVE INC OF GREATER BOONE COUNTY","assetType":"Material Assistance - Baby Furniture","dataYear":"2018","assetId":"919593","subcategory":"Public Assistance","detail":"https://classic.savi.org/SAVI/PopUps/AssetMoreInfo.aspx?AssetID=919593"}},{"type":"Feature","geometry":{"type":"Point","coordinates":[-86.11691736,39.82600084]},"properties":{"name":"MARION COUNTY PUBLIC HEALTH DEPARTMENT","assetType":"Material Assistance - Baby Furniture","dataYear":"2018","assetId":"921621","subcategory":"Public Assistance","detail":"https://classic.savi.org/SAVI/PopUps/AssetMoreInfo.aspx?AssetID=921621"}},{"type":"Feature","geometry":{"type":"Point","coordinates":[-86.14868911,39.99920968]},"properties":{"name":"MERCIFUL HELP CENTER","assetType":"Material Assistance - Baby Furniture","dataYear":"2018","assetId":"922253","subcategory":"Public Assistance","detail":"https://classic.savi.org/SAVI/PopUps/AssetMoreInfo.aspx?AssetID=922253"}},{"type":"Feature","geometry":{"type":"Point","coordinates":[-86.02120501,40.17552689]},"properties":{"name":"ANGELS ATTIC","assetType":"Bedding/Linen","dataYear":"2018","assetId":"918838","subcategory":"Public Assistance","detail":"https://classic.savi.org/SAVI/PopUps/AssetMoreInfo.aspx?AssetID=918838"}},{"type":"Feature","geometry":{"type":"Point","coordinates":[-86.24715136,39.20340501]},"properties":{"name":"BROWN COUNTY COMMUNITY CLOSET","assetType":"Bedding/Linen","dataYear":"2018","assetId":"917068","subcategory":"Public Assistance","detail":"https://classic.savi.org/SAVI/PopUps/AssetMoreInfo.aspx?AssetID=917068"}},{"type":"Feature","geometry":{"type":"Point","coordinates":[-86.13164498,39.75229143]},"properties":{"name":"FLETCHER PLACE COMMUNITY CENTER","assetType":"Bedding/Linen","dataYear":"2018","assetId":"919232","subcategory":"Public Assistance","detail":"https://classic.savi.org/SAVI/PopUps/AssetMoreInfo.aspx?AssetID=919232"}},{"type":"Feature","geometry":{"type":"Point","coordinates":[-86.14868911,39.99920968]},"properties":{"name":"MERCIFUL HELP CENTER","assetType":"Bedding/Linen","dataYear":"2018","assetId":"922320","subcategory":"Public Assistance","detail":"https://classic.savi.org/SAVI/PopUps/AssetMoreInfo.aspx?AssetID=922320"}},{"type":"Feature","geometry":{"type":"Point","coordinates":[-86.00985432,40.03351339]},"properties":{"name":"NOBLESVILLE SOCIETY OF SAINT VINCENT DE PAUL","assetType":"Bedding/Linen","dataYear":"2018","assetId":"922101","subcategory":"Public Assistance","detail":"https://classic.savi.org/SAVI/PopUps/AssetMoreInfo.aspx?AssetID=922101"}},{"type":"Feature","geometry":{"type":"Point","coordinates":[-85.6714243,40.09554184]},"properties":{"name":"OPERATION LOVE MINISTRIES","assetType":"Bedding/Linen","dataYear":"2018","assetId":"920603","subcategory":"Public Assistance","detail":"https://classic.savi.org/SAVI/PopUps/AssetMoreInfo.aspx?AssetID=920603"}},{"type":"Feature","geometry":{"type":"Point","coordinates":[-86.86481878,39.64481648]},"properties":{"name":"PUTNAM COUNTY SENIOR CENTER","assetType":"Bedding/Linen","dataYear":"2018","assetId":"919553","subcategory":"Public Assistance","detail":"https://classic.savi.org/SAVI/PopUps/AssetMoreInfo.aspx?AssetID=919553"}},{"type":"Feature","geometry":{"type":"Point","coordinates":[-86.13756301,39.76436201]},"properties":{"name":"SAINT VINCENT DE PAUL DISTRIBUTION CENTER","assetType":"Bedding/Linen","dataYear":"2018","assetId":"917552","subcategory":"Public Assistance","detail":"https://classic.savi.org/SAVI/PopUps/AssetMoreInfo.aspx?AssetID=917552"}},{"type":"Feature","geometry":{"type":"Point","coordinates":[-86.07000561,39.70591915]},"properties":{"name":"SERVANT S HEART OF INDY","assetType":"Bedding/Linen","dataYear":"2018","assetId":"919843","subcategory":"Public Assistance","detail":"https://classic.savi.org/SAVI/PopUps/AssetMoreInfo.aspx?AssetID=919843"}},{"type":"Feature","geometry":{"type":"Point","coordinates":[-86.1950541,39.22774248]},"properties":{"name":"SOCIETY OF SAINT VINCENT DE PAUL OF BROWN COUNTY","assetType":"Bedding/Linen","dataYear":"2018","assetId":"917024","subcategory":"Public Assistance","detail":"https://classic.savi.org/SAVI/PopUps/AssetMoreInfo.aspx?AssetID=917024"}},{"type":"Feature","geometry":{"type":"Point","coordinates":[-86.01120668,40.01809204]},"properties":{"name":"THIRD PHASE","assetType":"Bedding/Linen","dataYear":"2018","assetId":"917256","subcategory":"Public Assistance","detail":"https://classic.savi.org/SAVI/PopUps/AssetMoreInfo.aspx?AssetID=917256"}},{"type":"Feature","geometry":{"type":"Point","coordinates":[-86.53540828,39.75280767]},"properties":{"name":"ABUNDANT LIFE- THE HOUSE OF MERCY","assetType":"Material Assistance - Clothing","dataYear":"2019","assetId":"919259","subcategory":"Public Assistance","detail":"https://classic.savi.org/SAVI/PopUps/AssetMoreInfo.aspx?AssetID=919259"}},{"type":"Feature","geometry":{"type":"Point","coordinates":[-86.53540828,39.75280767]},"properties":{"name":"ABUNDANT LIFE- THE HOUSE OF MERCY","assetType":"Material Assistance - Clothing","dataYear":"2019","assetId":"919257","subcategory":"Public Assistance","detail":"https://classic.savi.org/SAVI/PopUps/AssetMoreInfo.aspx?AssetID=919257"}},{"type":"Feature","geometry":{"type":"Point","coordinates":[-86.22043078,40.1369393]},"properties":{"name":"ADAMS TOWNSHIP TRUSTEE HAMILTON COUNTY","assetType":"Material Assistance - Clothing","dataYear":"2019","assetId":"918532","subcategory":"Public Assistance","detail":"https://classic.savi.org/SAVI/PopUps/AssetMoreInfo.aspx?AssetID=918532"}},{"type":"Feature","geometry":{"type":"Point","coordinates":[-85.65404433,39.99248624]},"properties":{"name":"ADAMS TOWNSHIP TRUSTEE MADISON COUNTY","assetType":"Material Assistance - Clothing","dataYear":"2019","assetId":"920683","subcategory":"Public Assistance","detail":"https://classic.savi.org/SAVI/PopUps/AssetMoreInfo.aspx?AssetID=920683"}},{"type":"Feature","geometry":{"type":"Point","coordinates":[-86.58560197,39.52107037]},"properties":{"name":"ADAMS TOWNSHIP TRUSTEE MORGAN COUNTY","assetType":"Material Assistance - Clothing","dataYear":"2019","assetId":"918345","subcategory":"Public Assistance","detail":"https://classic.savi.org/SAVI/PopUps/AssetMoreInfo.aspx?AssetID=918345"}},{"type":"Feature","geometry":{"type":"Point","coordinates":[-85.774411,39.51964958]},"properties":{"name":"ADDISON TOWNSHIP TRUSTEE SHELBY COUNTY","assetType":"Material Assistance - Clothing","dataYear":"2019","assetId":"920025","subcategory":"Public Assistance","detail":"https://classic.savi.org/SAVI/PopUps/AssetMoreInfo.aspx?AssetID=920025"}},{"type":"Feature","geometry":{"type":"Point","coordinates":[-85.67361464,40.25968992]},"properties":{"name":"ALEXANDRIA COMMUNITY CENTER","assetType":"Material Assistance - Clothing","dataYear":"2019","assetId":"919545","subcategory":"Public Assistance","detail":"https://classic.savi.org/SAVI/PopUps/AssetMoreInfo.aspx?AssetID=919545"}},{"type":"Feature","geometry":{"type":"Point","coordinates":[-85.68067007,40.10393727]},"properties":{"name":"ANDERSON FIRST UNITED METHODIST CHURCH","assetType":"Material Assistance - Clothing","dataYear":"2019","assetId":"920034","subcategory":"Public Assistance","detail":"https://classic.savi.org/SAVI/PopUps/AssetMoreInfo.aspx?AssetID=920034"}},{"type":"Feature","geometry":{"type":"Point","coordinates":[-85.69186383,40.0876172]},"properties":{"name":"ANDERSON TOWNSHIP TRUSTEE MADISON COUNTY","assetType":"Material Assistance - Clothing","dataYear":"2019","assetId":"920007","subcategory":"Public Assistance","detail":"https://classic.savi.org/SAVI/PopUps/AssetMoreInfo.aspx?AssetID=920007"}},{"type":"Feature","geometry":{"type":"Point","coordinates":[-86.02120501,40.17552689]},"properties":{"name":"ANGELS ATTIC","assetType":"Material Assistance - Clothing","dataYear":"2019","assetId":"918837","subcategory":"Public Assistance","detail":"https://classic.savi.org/SAVI/PopUps/AssetMoreInfo.aspx?AssetID=918837"}},{"type":"Feature","geometry":{"type":"Point","coordinates":[-86.02120501,40.17552689]},"properties":{"name":"ANGELS ATTIC","assetType":"Material Assistance - Clothing","dataYear":"2019","assetId":"918690","subcategory":"Public Assistance","detail":"https://classic.savi.org/SAVI/PopUps/AssetMoreInfo.aspx?AssetID=918690"}},{"type":"Feature","geometry":{"type":"Point","coordinates":[-86.02120501,40.17552689]},"properties":{"name":"ANGELS ATTIC","assetType":"Material Assistance - Clothing","dataYear":"2019","assetId":"918691","subcategory":"Public Assistance","detail":"https://classic.savi.org/SAVI/PopUps/AssetMoreInfo.aspx?AssetID=918691"}},{"type":"Feature","geometry":{"type":"Point","coordinates":[-86.59015368,39.46594941]},"properties":{"name":"ASHLAND TOWNSHIP TRUSTEE MORGAN COUNTY","assetType":"Material Assistance - Clothing","dataYear":"2019","assetId":"917868","subcategory":"Public Assistance","detail":"https://classic.savi.org/SAVI/PopUps/AssetMoreInfo.aspx?AssetID=917868"}},{"type":"Feature","geometry":{"type":"Point","coordinates":[-86.53976457,39.36099715]},"properties":{"name":"BAKER TOWNSHIP TRUSTEE MORGAN COUNTY","assetType":"Material Assistance - Clothing","dataYear":"2019","assetId":"918027","subcategory":"Public Assistance","detail":"https://classic.savi.org/SAVI/PopUps/AssetMoreInfo.aspx?AssetID=918027"}},{"type":"Feature","geometry":{"type":"Point","coordinates":[-86.17584824,39.81021841]},"properties":{"name":"BARNES UNITED METHODIST CHURCH","assetType":"Material Assistance - Clothing","dataYear":"2019","assetId":"918996","subcategory":"Public Assistance","detail":"https://classic.savi.org/SAVI/PopUps/AssetMoreInfo.aspx?AssetID=918996"}},{"type":"Feature","geometry":{"type":"Point","coordinates":[-86.17584824,39.81021841]},"properties":{"name":"BARNES UNITED METHODIST CHURCH","assetType":"Material Assistance - Clothing","dataYear":"2019","assetId":"918997","subcategory":"Public Assistance","detail":"https://classic.savi.org/SAVI/PopUps/AssetMoreInfo.aspx?AssetID=918997"}},{"type":"Feature","geometry":{"type":"Point","coordinates":[-85.99402325,40.08848229]},"properties":{"name":"BETHEL LUTHERAN CHURCH","assetType":"Material Assistance - Clothing","dataYear":"2019","assetId":"919519","subcategory":"Public Assistance","detail":"https://classic.savi.org/SAVI/PopUps/AssetMoreInfo.aspx?AssetID=919519"}},{"type":"Feature","geometry":{"type":"Point","coordinates":[-85.67692841,39.77189764]},"properties":{"name":"BLUE RIVER TOWNSHIP TRUSTEE HANCOCK COUNTY","assetType":"Material Assistance - Clothing","dataYear":"2019","assetId":"922595","subcategory":"Public Assistance","detail":"https://classic.savi.org/SAVI/PopUps/AssetMoreInfo.aspx?AssetID=922595"}},{"type":"Feature","geometry":{"type":"Point","coordinates":[-85.96678325,39.35439477]},"properties":{"name":"BLUE RIVER TOWNSHIP TRUSTEE JOHNSON COUNTY","assetType":"Material Assistance - Clothing","dataYear":"2019","assetId":"922377","subcategory":"Public Assistance","detail":"https://classic.savi.org/SAVI/PopUps/AssetMoreInfo.aspx?AssetID=922377"}},{"type":"Feature","geometry":{"type":"Point","coordinates":[-86.47131878,40.05792428]},"properties":{"name":"BOONE COUNTY PREGNANCY CENTER","assetType":"Material Assistance - Clothing","dataYear":"2019","assetId":"920637","subcategory":"Public Assistance","detail":"https://classic.savi.org/SAVI/PopUps/AssetMoreInfo.aspx?AssetID=920637"}},{"type":"Feature","geometry":{"type":"Point","coordinates":[-86.47131878,40.05792428]},"properties":{"name":"BOONE COUNTY PREGNANCY CENTER","assetType":"Material Assistance - Clothing","dataYear":"2019","assetId":"920636","subcategory":"Public Assistance","detail":"https://classic.savi.org/SAVI/PopUps/AssetMoreInfo.aspx?AssetID=920636"}},{"type":"Feature","geometry":{"type":"Point","coordinates":[-85.74290931,40.37568005]},"properties":{"name":"BOONE TOWNSHIP TRUSTEE MADISON COUNTY","assetType":"Material Assistance - Clothing","dataYear":"2019","assetId":"920382","subcategory":"Public Assistance","detail":"https://classic.savi.org/SAVI/PopUps/AssetMoreInfo.aspx?AssetID=920382"}},{"type":"Feature","geometry":{"type":"Point","coordinates":[-86.32076558,39.7302614]},"properties":{"name":"BRIDGEPORT CENTRAL BAPTIST CHURCH","assetType":"Material Assistance - Clothing","dataYear":"2019","assetId":"918955","subcategory":"Public Assistance","detail":"https://classic.savi.org/SAVI/PopUps/AssetMoreInfo.aspx?AssetID=918955"}},{"type":"Feature","geometry":{"type":"Point","coordinates":[-86.24715136,39.20340501]},"properties":{"name":"BROWN COUNTY COMMUNITY CLOSET","assetType":"Material Assistance - Clothing","dataYear":"2019","assetId":"917063","subcategory":"Public Assistance","detail":"https://classic.savi.org/SAVI/PopUps/AssetMoreInfo.aspx?AssetID=917063"}},{"type":"Feature","geometry":{"type":"Point","coordinates":[-86.24715136,39.20340501]},"properties":{"name":"BROWN COUNTY COMMUNITY CLOSET","assetType":"Material Assistance - Clothing","dataYear":"2019","assetId":"917021","subcategory":"Public Assistance","detail":"https://classic.savi.org/SAVI/PopUps/AssetMoreInfo.aspx?AssetID=917021"}},{"type":"Feature","geometry":{"type":"Point","coordinates":[-86.39294095,39.90907004]},"properties":{"name":"BROWN TOWNSHIP TRUSTEE HENDRICKS COUNTY","assetType":"Material Assistance - Clothing","dataYear":"2019","assetId":"917979","subcategory":"Public Assistance","detail":"https://classic.savi.org/SAVI/PopUps/AssetMoreInfo.aspx?AssetID=917979"}},{"type":"Feature","geometry":{"type":"Point","coordinates":[-86.36192889,39.6195823]},"properties":{"name":"BROWN TOWNSHIP TRUSTEE MORGAN COUNTY","assetType":"Material Assistance - Clothing","dataYear":"2019","assetId":"917961","subcategory":"Public Assistance","detail":"https://classic.savi.org/SAVI/PopUps/AssetMoreInfo.aspx?AssetID=917961"}},{"type":"Feature","geometry":{"type":"Point","coordinates":[-85.90476499,39.84593559]},"properties":{"name":"BUCK CREEK TOWNSHIP TRUSTEE HANCOCK COUNTY","assetType":"Material Assistance - Clothing","dataYear":"2019","assetId":"917903","subcategory":"Public Assistance","detail":"https://classic.savi.org/SAVI/PopUps/AssetMoreInfo.aspx?AssetID=917903"}},{"type":"Feature","geometry":{"type":"Point","coordinates":[-85.97172327,39.81644645]},"properties":{"name":"CALVARY BAPTIST CHURCH","assetType":"Material Assistance - Clothing","dataYear":"2019","assetId":"919568","subcategory":"Public Assistance","detail":"https://classic.savi.org/SAVI/PopUps/AssetMoreInfo.aspx?AssetID=919568"}},{"type":"Feature","geometry":{"type":"Point","coordinates":[-86.3620535,39.60513224]},"properties":{"name":"CARE NET PREGNANCY CENTERS OF CENTRAL INDIANA - MOORESVILLE","assetType":"Material Assistance - Clothing","dataYear":"2019","assetId":"921656","subcategory":"Public Assistance","detail":"https://classic.savi.org/SAVI/PopUps/AssetMoreInfo.aspx?AssetID=921656"}},{"type":"Feature","geometry":{"type":"Point","coordinates":[-86.07516032,39.55037995]},"properties":{"name":"CARE NET PREGNANCY CENTERS OF CENTRAL INDIANA - WHITELAND","assetType":"Material Assistance - Clothing","dataYear":"2019","assetId":"921657","subcategory":"Public Assistance","detail":"https://classic.savi.org/SAVI/PopUps/AssetMoreInfo.aspx?AssetID=921657"}},{"type":"Feature","geometry":{"type":"Point","coordinates":[-86.1566092,39.80187119]},"properties":{"name":"CARING FOR A CAUSE","assetType":"Material Assistance - Clothing","dataYear":"2019","assetId":"918862","subcategory":"Public Assistance","detail":"https://classic.savi.org/SAVI/PopUps/AssetMoreInfo.aspx?AssetID=918862"}},{"type":"Feature","geometry":{"type":"Point","coordinates":[-86.15913237,39.78656668]},"properties":{"name":"CATHOLIC CHARITIES CRISIS OFFICE","assetType":"Material Assistance - Clothing","dataYear":"2019","assetId":"922540","subcategory":"Public Assistance","detail":"https://classic.savi.org/SAVI/PopUps/AssetMoreInfo.aspx?AssetID=922540"}},{"type":"Feature","geometry":{"type":"Point","coordinates":[-86.15913237,39.78656668]},"properties":{"name":"CATHOLIC CHARITIES CRISIS OFFICE","assetType":"Material Assistance - Clothing","dataYear":"2019","assetId":"922604","subcategory":"Public Assistance","detail":"https://classic.savi.org/SAVI/PopUps/AssetMoreInfo.aspx?AssetID=922604"}},{"type":"Feature","geometry":{"type":"Point","coordinates":[-86.47085009,40.05665059]},"properties":{"name":"CENTER TOWNSHIP TRUSTEE BOONE COUNTY","assetType":"Material Assistance - Clothing","dataYear":"2019","assetId":"922488","subcategory":"Public Assistance","detail":"https://classic.savi.org/SAVI/PopUps/AssetMoreInfo.aspx?AssetID=922488"}},{"type":"Feature","geometry":{"type":"Point","coordinates":[-85.77210611,39.80356082]},"properties":{"name":"CENTER TOWNSHIP TRUSTEE HANCOCK COUNTY","assetType":"Material Assistance - Clothing","dataYear":"2019","assetId":"922391","subcategory":"Public Assistance","detail":"https://classic.savi.org/SAVI/PopUps/AssetMoreInfo.aspx?AssetID=922391"}},{"type":"Feature","geometry":{"type":"Point","coordinates":[-86.52411116,39.75972715]},"properties":{"name":"CENTER TOWNSHIP TRUSTEE HENDRICKS COUNTY","assetType":"Material Assistance - Clothing","dataYear":"2019","assetId":"922429","subcategory":"Public Assistance","detail":"https://classic.savi.org/SAVI/PopUps/AssetMoreInfo.aspx?AssetID=922429"}},{"type":"Feature","geometry":{"type":"Point","coordinates":[-86.14313087,39.7788428]},"properties":{"name":"CENTER TOWNSHIP TRUSTEE MARION COUNTY","assetType":"Material Assistance - Clothing","dataYear":"2019","assetId":"922354","subcategory":"Public Assistance","detail":"https://classic.savi.org/SAVI/PopUps/AssetMoreInfo.aspx?AssetID=922354"}},{"type":"Feature","geometry":{"type":"Point","coordinates":[-86.15342765,39.77694703]},"properties":{"name":"CENTRAL CHRISTIAN CHURCH","assetType":"Material Assistance - Clothing","dataYear":"2019","assetId":"922347","subcategory":"Public Assistance","detail":"https://classic.savi.org/SAVI/PopUps/AssetMoreInfo.aspx?AssetID=922347"}},{"type":"Feature","geometry":{"type":"Point","coordinates":[-86.15342765,39.77694703]},"properties":{"name":"CENTRAL CHRISTIAN CHURCH","assetType":"Material Assistance - Clothing","dataYear":"2019","assetId":"922350","subcategory":"Public Assistance","detail":"https://classic.savi.org/SAVI/PopUps/AssetMoreInfo.aspx?AssetID=922350"}},{"type":"Feature","geometry":{"type":"Point","coordinates":[-86.18856118,39.87721332]},"properties":{"name":"CHRIST CHURCH APOSTOLIC","assetType":"Material Assistance - Clothing","dataYear":"2019","assetId":"922192","subcategory":"Public Assistance","detail":"https://classic.savi.org/SAVI/PopUps/AssetMoreInfo.aspx?AssetID=922192"}},{"type":"Feature","geometry":{"type":"Point","coordinates":[-85.66709419,40.14517995]},"properties":{"name":"CHRIST LUTHERAN CHURCH","assetType":"Material Assistance - Clothing","dataYear":"2019","assetId":"919351","subcategory":"Public Assistance","detail":"https://classic.savi.org/SAVI/PopUps/AssetMoreInfo.aspx?AssetID=919351"}},{"type":"Feature","geometry":{"type":"Point","coordinates":[-85.66709419,40.14517995]},"properties":{"name":"CHRIST LUTHERAN CHURCH","assetType":"Material Assistance - Clothing","dataYear":"2019","assetId":"919350","subcategory":"Public Assistance","detail":"https://classic.savi.org/SAVI/PopUps/AssetMoreInfo.aspx?AssetID=919350"}},{"type":"Feature","geometry":{"type":"Point","coordinates":[-85.67836337,40.10961757]},"properties":{"name":"CHRISTIAN CENTER THE","assetType":"Material Assistance - Clothing","dataYear":"2019","assetId":"920015","subcategory":"Public Assistance","detail":"https://classic.savi.org/SAVI/PopUps/AssetMoreInfo.aspx?AssetID=920015"}},{"type":"Feature","geometry":{"type":"Point","coordinates":[-85.67576431,40.26366895]},"properties":{"name":"CHURCH STREET COMMONS MINISTRY","assetType":"Material Assistance - Clothing","dataYear":"2019","assetId":"919163","subcategory":"Public Assistance","detail":"https://classic.savi.org/SAVI/PopUps/AssetMoreInfo.aspx?AssetID=919163"}},{"type":"Feature","geometry":{"type":"Point","coordinates":[-86.37452847,39.61209216]},"properties":{"name":"CHURCHES IN MISSION","assetType":"Material Assistance - Clothing","dataYear":"2019","assetId":"921980","subcategory":"Public Assistance","detail":"https://classic.savi.org/SAVI/PopUps/AssetMoreInfo.aspx?AssetID=921980"}},{"type":"Feature","geometry":{"type":"Point","coordinates":[-86.37452847,39.61209216]},"properties":{"name":"CHURCHES IN MISSION","assetType":"Material Assistance - Clothing","dataYear":"2019","assetId":"921836","subcategory":"Public Assistance","detail":"https://classic.savi.org/SAVI/PopUps/AssetMoreInfo.aspx?AssetID=921836"}},{"type":"Feature","geometry":{"type":"Point","coordinates":[-86.42953447,39.42907823]},"properties":{"name":"CHURCHES IN MISSION - MARTINSVILLE","assetType":"Material Assistance - Clothing","dataYear":"2019","assetId":"921663","subcategory":"Public Assistance","detail":"https://classic.savi.org/SAVI/PopUps/AssetMoreInfo.aspx?AssetID=921663"}},{"type":"Feature","geometry":{"type":"Point","coordinates":[-86.42953447,39.42907823]},"properties":{"name":"CHURCHES IN MISSION - MARTINSVILLE","assetType":"Material Assistance - Clothing","dataYear":"2019","assetId":"921660","subcategory":"Public Assistance","detail":"https://classic.savi.org/SAVI/PopUps/AssetMoreInfo.aspx?AssetID=921660"}},{"type":"Feature","geometry":{"type":"Point","coordinates":[-86.21796714,39.19802347]},"properties":{"name":"CLARITY PREGNANCY SERVICES OF BROWN COUNTY","assetType":"Material Assistance - Clothing","dataYear":"2019","assetId":"916894","subcategory":"Public Assistance","detail":"https://classic.savi.org/SAVI/PopUps/AssetMoreInfo.aspx?AssetID=916894"}},{"type":"Feature","geometry":{"type":"Point","coordinates":[-86.21796714,39.19802347]},"properties":{"name":"CLARITY PREGNANCY SERVICES OF BROWN COUNTY","assetType":"Material Assistance - Clothing","dataYear":"2019","assetId":"916896","subcategory":"Public Assistance","detail":"https://classic.savi.org/SAVI/PopUps/AssetMoreInfo.aspx?AssetID=916896"}},{"type":"Feature","geometry":{"type":"Point","coordinates":[-85.74414503,39.52377555]},"properties":{"name":"CLARITY PREGNANCY SERVICES OF SHELBY COUNTY","assetType":"Material Assistance - Clothing","dataYear":"2019","assetId":"916891","subcategory":"Public Assistance","detail":"https://classic.savi.org/SAVI/PopUps/AssetMoreInfo.aspx?AssetID=916891"}},{"type":"Feature","geometry":{"type":"Point","coordinates":[-85.74414503,39.52377555]},"properties":{"name":"CLARITY PREGNANCY SERVICES OF SHELBY COUNTY","assetType":"Material Assistance - Clothing","dataYear":"2019","assetId":"916893","subcategory":"Public Assistance","detail":"https://classic.savi.org/SAVI/PopUps/AssetMoreInfo.aspx?AssetID=916893"}},{"type":"Feature","geometry":{"type":"Point","coordinates":[-85.98146777,39.61091717]},"properties":{"name":"CLARK TOWNSHIP TRUSTEE JOHNSON COUNTY","assetType":"Material Assistance - Clothing","dataYear":"2019","assetId":"921571","subcategory":"Public Assistance","detail":"https://classic.savi.org/SAVI/PopUps/AssetMoreInfo.aspx?AssetID=921571"}},{"type":"Feature","geometry":{"type":"Point","coordinates":[-86.14561577,39.94343504]},"properties":{"name":"CLAY TOWNSHIP TRUSTEE HAMILTON COUNTY","assetType":"Material Assistance - Clothing","dataYear":"2019","assetId":"921794","subcategory":"Public Assistance","detail":"https://classic.savi.org/SAVI/PopUps/AssetMoreInfo.aspx?AssetID=921794"}},{"type":"Feature","geometry":{"type":"Point","coordinates":[-86.3590723,39.51288294]},"properties":{"name":"CLAY TOWNSHIP TRUSTEE MORGAN COUNTY","assetType":"Material Assistance - Clothing","dataYear":"2019","assetId":"921557","subcategory":"Public Assistance","detail":"https://classic.savi.org/SAVI/PopUps/AssetMoreInfo.aspx?AssetID=921557"}},{"type":"Feature","geometry":{"type":"Point","coordinates":[-86.42274444,40.12257272]},"properties":{"name":"CLINTON TOWNSHIP TRUSTEE BOONE COUNTY","assetType":"Material Assistance - Clothing","dataYear":"2019","assetId":"921778","subcategory":"Public Assistance","detail":"https://classic.savi.org/SAVI/PopUps/AssetMoreInfo.aspx?AssetID=921778"}},{"type":"Feature","geometry":{"type":"Point","coordinates":[-86.95747213,39.73385877]},"properties":{"name":"CLINTON TOWNSHIP TRUSTEE PUTNAM COUNTY","assetType":"Material Assistance - Clothing","dataYear":"2019","assetId":"920874","subcategory":"Public Assistance","detail":"https://classic.savi.org/SAVI/PopUps/AssetMoreInfo.aspx?AssetID=920874"}},{"type":"Feature","geometry":{"type":"Point","coordinates":[-86.79275698,39.51380749]},"properties":{"name":"CLOVERDALE TOWNSHIP TRUSTEE PUTNAM COUNTY","assetType":"Material Assistance - Clothing","dataYear":"2019","assetId":"920873","subcategory":"Public Assistance","detail":"https://classic.savi.org/SAVI/PopUps/AssetMoreInfo.aspx?AssetID=920873"}},{"type":"Feature","geometry":{"type":"Point","coordinates":[-86.27005454,39.68567771]},"properties":{"name":"DECATUR TOWNSHIP TRUSTEE MARION COUNTY","assetType":"Material Assistance - Clothing","dataYear":"2019","assetId":"919678","subcategory":"Public Assistance","detail":"https://classic.savi.org/SAVI/PopUps/AssetMoreInfo.aspx?AssetID=919678"}},{"type":"Feature","geometry":{"type":"Point","coordinates":[-86.00936241,39.97911534]},"properties":{"name":"DELAWARE TOWNSHIP TRUSTEE HAMILTON COUNTY","assetType":"Material Assistance - Clothing","dataYear":"2019","assetId":"919677","subcategory":"Public Assistance","detail":"https://classic.savi.org/SAVI/PopUps/AssetMoreInfo.aspx?AssetID=919677"}},{"type":"Feature","geometry":{"type":"Point","coordinates":[-86.15692077,39.81503262]},"properties":{"name":"DOWNTOWN PREGNANCY CENTER","assetType":"Material Assistance - Clothing","dataYear":"2019","assetId":"920520","subcategory":"Public Assistance","detail":"https://classic.savi.org/SAVI/PopUps/AssetMoreInfo.aspx?AssetID=920520"}},{"type":"Feature","geometry":{"type":"Point","coordinates":[-86.15692077,39.81503262]},"properties":{"name":"DOWNTOWN PREGNANCY CENTER","assetType":"Material Assistance - Clothing","dataYear":"2019","assetId":"920521","subcategory":"Public Assistance","detail":"https://classic.savi.org/SAVI/PopUps/AssetMoreInfo.aspx?AssetID=920521"}},{"type":"Feature","geometry":{"type":"Point","coordinates":[-85.81359755,40.30680295]},"properties":{"name":"DUCK CREEK TOWNSHIP TRUSTEE MADISON COUNTY","assetType":"Material Assistance - Clothing","dataYear":"2019","assetId":"920465","subcategory":"Public Assistance","detail":"https://classic.savi.org/SAVI/PopUps/AssetMoreInfo.aspx?AssetID=920465"}},{"type":"Feature","geometry":{"type":"Point","coordinates":[-86.06380078,39.78201331]},"properties":{"name":"EAST PREGNANCY CENTER","assetType":"Material Assistance - Clothing","dataYear":"2019","assetId":"920516","subcategory":"Public Assistance","detail":"https://classic.savi.org/SAVI/PopUps/AssetMoreInfo.aspx?AssetID=920516"}},{"type":"Feature","geometry":{"type":"Point","coordinates":[-86.06380078,39.78201331]},"properties":{"name":"EAST PREGNANCY CENTER","assetType":"Material Assistance - Clothing","dataYear":"2019","assetId":"920517","subcategory":"Public Assistance","detail":"https://classic.savi.org/SAVI/PopUps/AssetMoreInfo.aspx?AssetID=920517"}},{"type":"Feature","geometry":{"type":"Point","coordinates":[-86.60917955,39.85579118]},"properties":{"name":"EEL RIVER TOWNSHIP TRUSTEE HENDRICKS COUNTY","assetType":"Material Assistance - Clothing","dataYear":"2019","assetId":"919591","subcategory":"Public Assistance","detail":"https://classic.savi.org/SAVI/PopUps/AssetMoreInfo.aspx?AssetID=919591"}},{"type":"Feature","geometry":{"type":"Point","coordinates":[-86.09682265,39.69439037]},"properties":{"name":"FAITH UNITED CHURCH OF CHRIST","assetType":"Material Assistance - Clothing","dataYear":"2019","assetId":"918790","subcategory":"Public Assistance","detail":"https://classic.savi.org/SAVI/PopUps/AssetMoreInfo.aspx?AssetID=918790"}},{"type":"Feature","geometry":{"type":"Point","coordinates":[-85.9427756,39.95733092]},"properties":{"name":"FALL CREEK TOWNSHIP TRUSTEE HAMILTON COUNTY","assetType":"Material Assistance - Clothing","dataYear":"2019","assetId":"919624","subcategory":"Public Assistance","detail":"https://classic.savi.org/SAVI/PopUps/AssetMoreInfo.aspx?AssetID=919624"}},{"type":"Feature","geometry":{"type":"Point","coordinates":[-85.74535234,40.002336]},"properties":{"name":"FALL CREEK TOWNSHIP TRUSTEE MADISON COUNTY","assetType":"Material Assistance - Clothing","dataYear":"2019","assetId":"920665","subcategory":"Public Assistance","detail":"https://classic.savi.org/SAVI/PopUps/AssetMoreInfo.aspx?AssetID=920665"}},{"type":"Feature","geometry":{"type":"Point","coordinates":[-85.69195514,40.13278443]},"properties":{"name":"FIRST CHOICE FOR WOMEN -ANDERSON AND MADISON COUNTY","assetType":"Material Assistance - Clothing","dataYear":"2019","assetId":"919484","subcategory":"Public Assistance","detail":"https://classic.savi.org/SAVI/PopUps/AssetMoreInfo.aspx?AssetID=919484"}},{"type":"Feature","geometry":{"type":"Point","coordinates":[-86.13164498,39.75229143]},"properties":{"name":"FLETCHER PLACE COMMUNITY CENTER","assetType":"Material Assistance - Clothing","dataYear":"2019","assetId":"919237","subcategory":"Public Assistance","detail":"https://classic.savi.org/SAVI/PopUps/AssetMoreInfo.aspx?AssetID=919237"}},{"type":"Feature","geometry":{"type":"Point","coordinates":[-86.13164498,39.75229143]},"properties":{"name":"FLETCHER PLACE COMMUNITY CENTER","assetType":"Material Assistance - Clothing","dataYear":"2019","assetId":"919230","subcategory":"Public Assistance","detail":"https://classic.savi.org/SAVI/PopUps/AssetMoreInfo.aspx?AssetID=919230"}},{"type":"Feature","geometry":{"type":"Point","coordinates":[-86.74851429,39.76137225]},"properties":{"name":"FLOYD TOWNSHIP TRUSTEE PUTNAM COUNTY","assetType":"Material Assistance - Clothing","dataYear":"2019","assetId":"921095","subcategory":"Public Assistance","detail":"https://classic.savi.org/SAVI/PopUps/AssetMoreInfo.aspx?AssetID=921095"}},{"type":"Feature","geometry":{"type":"Point","coordinates":[-86.59336074,39.63094378]},"properties":{"name":"FRANKLIN TOWNSHIP TRUSTEE HENDRICKS COUNTY","assetType":"Material Assistance - Clothing","dataYear":"2019","assetId":"919189","subcategory":"Public Assistance","detail":"https://classic.savi.org/SAVI/PopUps/AssetMoreInfo.aspx?AssetID=919189"}},{"type":"Feature","geometry":{"type":"Point","coordinates":[-86.06344638,39.49333622]},"properties":{"name":"FRANKLIN TOWNSHIP TRUSTEE JOHNSON COUNTY","assetType":"Material Assistance - Clothing","dataYear":"2019","assetId":"919188","subcategory":"Public Assistance","detail":"https://classic.savi.org/SAVI/PopUps/AssetMoreInfo.aspx?AssetID=919188"}},{"type":"Feature","geometry":{"type":"Point","coordinates":[-86.06339326,39.67761024]},"properties":{"name":"FRANKLIN TOWNSHIP TRUSTEE MARION COUNTY","assetType":"Material Assistance - Clothing","dataYear":"2019","assetId":"919327","subcategory":"Public Assistance","detail":"https://classic.savi.org/SAVI/PopUps/AssetMoreInfo.aspx?AssetID=919327"}},{"type":"Feature","geometry":{"type":"Point","coordinates":[-86.85209404,39.78100438]},"properties":{"name":"FRANKLIN TOWNSHIP TRUSTEE PUTNAM COUNTY","assetType":"Material Assistance - Clothing","dataYear":"2019","assetId":"921037","subcategory":"Public Assistance","detail":"https://classic.savi.org/SAVI/PopUps/AssetMoreInfo.aspx?AssetID=921037"}},{"type":"Feature","geometry":{"type":"Point","coordinates":[-85.7056509,39.87256909]},"properties":{"name":"GREEN TOWNSHIP TRUSTEE HANCOCK COUNTY","assetType":"Material Assistance - Clothing","dataYear":"2019","assetId":"918749","subcategory":"Public Assistance","detail":"https://classic.savi.org/SAVI/PopUps/AssetMoreInfo.aspx?AssetID=918749"}},{"type":"Feature","geometry":{"type":"Point","coordinates":[-85.80616994,39.95697613]},"properties":{"name":"GREEN TOWNSHIP TRUSTEE MADISON COUNTY","assetType":"Material Assistance - Clothing","dataYear":"2019","assetId":"920664","subcategory":"Public Assistance","detail":"https://classic.savi.org/SAVI/PopUps/AssetMoreInfo.aspx?AssetID=920664"}},{"type":"Feature","geometry":{"type":"Point","coordinates":[-85.80616994,39.95697613]},"properties":{"name":"GREEN TOWNSHIP TRUSTEE MADISON COUNTY","assetType":"Material Assistance - Clothing","dataYear":"2019","assetId":"920663","subcategory":"Public Assistance","detail":"https://classic.savi.org/SAVI/PopUps/AssetMoreInfo.aspx?AssetID=920663"}},{"type":"Feature","geometry":{"type":"Point","coordinates":[-86.33770312,39.45087194]},"properties":{"name":"GREEN TOWNSHIP TRUSTEE MORGAN COUNTY","assetType":"Material Assistance - Clothing","dataYear":"2019","assetId":"918736","subcategory":"Public Assistance","detail":"https://classic.savi.org/SAVI/PopUps/AssetMoreInfo.aspx?AssetID=918736"}},{"type":"Feature","geometry":{"type":"Point","coordinates":[-85.99649012,40.06393037]},"properties":{"name":"GREEN VALLEY CHURCH OF CHRIST","assetType":"Material Assistance - Clothing","dataYear":"2019","assetId":"918937","subcategory":"Public Assistance","detail":"https://classic.savi.org/SAVI/PopUps/AssetMoreInfo.aspx?AssetID=918937"}},{"type":"Feature","geometry":{"type":"Point","coordinates":[-86.84829564,39.62785086]},"properties":{"name":"GREENCASTLE CHRISTIAN CHURCH","assetType":"Material Assistance - Clothing","dataYear":"2019","assetId":"919402","subcategory":"Public Assistance","detail":"https://classic.savi.org/SAVI/PopUps/AssetMoreInfo.aspx?AssetID=919402"}},{"type":"Feature","geometry":{"type":"Point","coordinates":[-86.84829564,39.62785086]},"properties":{"name":"GREENCASTLE CHRISTIAN CHURCH","assetType":"Material Assistance - Clothing","dataYear":"2019","assetId":"919401","subcategory":"Public Assistance","detail":"https://classic.savi.org/SAVI/PopUps/AssetMoreInfo.aspx?AssetID=919401"}},{"type":"Feature","geometry":{"type":"Point","coordinates":[-86.85343139,39.63713965]},"properties":{"name":"GREENCASTLE TOWNSHIP TRUSTEE PUTNAM COUNTY","assetType":"Material Assistance - Clothing","dataYear":"2019","assetId":"920857","subcategory":"Public Assistance","detail":"https://classic.savi.org/SAVI/PopUps/AssetMoreInfo.aspx?AssetID=920857"}},{"type":"Feature","geometry":{"type":"Point","coordinates":[-86.39099182,39.68236612]},"properties":{"name":"GUILFORD TOWNSHIP TRUSTEE HENDRICKS COUNTY","assetType":"Material Assistance - Clothing","dataYear":"2019","assetId":"918802","subcategory":"Public Assistance","detail":"https://classic.savi.org/SAVI/PopUps/AssetMoreInfo.aspx?AssetID=918802"}},{"type":"Feature","geometry":{"type":"Point","coordinates":[-86.11341411,39.31461451]},"properties":{"name":"HAMBLEN TOWNSHIP TRUSTEE BROWN COUNTY","assetType":"Material Assistance - Clothing","dataYear":"2019","assetId":"916916","subcategory":"Public Assistance","detail":"https://classic.savi.org/SAVI/PopUps/AssetMoreInfo.aspx?AssetID=916916"}},{"type":"Feature","geometry":{"type":"Point","coordinates":[-86.12581982,39.97211581]},"properties":{"name":"HAMILTON COUNTY KIDS COATS - CARMEL","assetType":"Material Assistance - Clothing","dataYear":"2019","assetId":"921468","subcategory":"Public Assistance","detail":"https://classic.savi.org/SAVI/PopUps/AssetMoreInfo.aspx?AssetID=921468"}},{"type":"Feature","geometry":{"type":"Point","coordinates":[-86.02594455,40.04864871]},"properties":{"name":"HAMILTON COUNTY PREGNANCY CENTER","assetType":"Material Assistance - Clothing","dataYear":"2019","assetId":"920638","subcategory":"Public Assistance","detail":"https://classic.savi.org/SAVI/PopUps/AssetMoreInfo.aspx?AssetID=920638"}},{"type":"Feature","geometry":{"type":"Point","coordinates":[-86.02594455,40.04864871]},"properties":{"name":"HAMILTON COUNTY PREGNANCY CENTER","assetType":"Material Assistance - Clothing","dataYear":"2019","assetId":"920639","subcategory":"Public Assistance","detail":"https://classic.savi.org/SAVI/PopUps/AssetMoreInfo.aspx?AssetID=920639"}},{"type":"Feature","geometry":{"type":"Point","coordinates":[-85.80133088,39.77691083]},"properties":{"name":"HANCOCK COUNTY SOLID WASTE MANAGEMENT DISTRICT - COLLECTION EVENT","assetType":"Material Assistance - Clothing","dataYear":"2019","assetId":"922130","subcategory":"Public Assistance","detail":"https://classic.savi.org/SAVI/PopUps/AssetMoreInfo.aspx?AssetID=922130"}},{"type":"Feature","geometry":{"type":"Point","coordinates":[-85.72113402,39.65080359]},"properties":{"name":"HANOVER TOWNSHIP TRUSTEE SHELBY COUNTY","assetType":"Material Assistance - Clothing","dataYear":"2019","assetId":"918459","subcategory":"Public Assistance","detail":"https://classic.savi.org/SAVI/PopUps/AssetMoreInfo.aspx?AssetID=918459"}},{"type":"Feature","geometry":{"type":"Point","coordinates":[-86.50821683,39.96447177]},"properties":{"name":"HARRISON TOWNSHIP TRUSTEE BOONE COUNTY","assetType":"Material Assistance - Clothing","dataYear":"2019","assetId":"918664","subcategory":"Public Assistance","detail":"https://classic.savi.org/SAVI/PopUps/AssetMoreInfo.aspx?AssetID=918664"}},{"type":"Feature","geometry":{"type":"Point","coordinates":[-86.27492948,39.52680434]},"properties":{"name":"HARRISON TOWNSHIP TRUSTEE MORGAN COUNTY","assetType":"Material Assistance - Clothing","dataYear":"2019","assetId":"918427","subcategory":"Public Assistance","detail":"https://classic.savi.org/SAVI/PopUps/AssetMoreInfo.aspx?AssetID=918427"}},{"type":"Feature","geometry":{"type":"Point","coordinates":[-85.97067382,39.78627753]},"properties":{"name":"HEATHER HILLS BAPTIST CHURCH","assetType":"Material Assistance - Clothing","dataYear":"2019","assetId":"919226","subcategory":"Public Assistance","detail":"https://classic.savi.org/SAVI/PopUps/AssetMoreInfo.aspx?AssetID=919226"}},{"type":"Feature","geometry":{"type":"Point","coordinates":[-85.97067382,39.78627753]},"properties":{"name":"HEATHER HILLS BAPTIST CHURCH","assetType":"Material Assistance - Clothing","dataYear":"2019","assetId":"919152","subcategory":"Public Assistance","detail":"https://classic.savi.org/SAVI/PopUps/AssetMoreInfo.aspx?AssetID=919152"}},{"type":"Feature","geometry":{"type":"Point","coordinates":[-85.97067382,39.78627753]},"properties":{"name":"HEATHER HILLS BAPTIST CHURCH","assetType":"Material Assistance - Clothing","dataYear":"2019","assetId":"919224","subcategory":"Public Assistance","detail":"https://classic.savi.org/SAVI/PopUps/AssetMoreInfo.aspx?AssetID=919224"}},{"type":"Feature","geometry":{"type":"Point","coordinates":[-85.93951506,39.43988051]},"properties":{"name":"HENDRICKS TOWNSHIP TRUSTEE SHELBY COUNTY","assetType":"Material Assistance - Clothing","dataYear":"2019","assetId":"918562","subcategory":"Public Assistance","detail":"https://classic.savi.org/SAVI/PopUps/AssetMoreInfo.aspx?AssetID=918562"}},{"type":"Feature","geometry":{"type":"Point","coordinates":[-86.18230398,39.38131195]},"properties":{"name":"HENSLEY TOWNSHIP TRUSTEE JOHNSON COUNTY","assetType":"Material Assistance - Clothing","dataYear":"2019","assetId":"918561","subcategory":"Public Assistance","detail":"https://classic.savi.org/SAVI/PopUps/AssetMoreInfo.aspx?AssetID=918561"}},{"type":"Feature","geometry":{"type":"Point","coordinates":[-86.20509429,39.77883893]},"properties":{"name":"HOLY FAMILY SHELTER","assetType":"Material Assistance - Clothing","dataYear":"2019","assetId":"922536","subcategory":"Public Assistance","detail":"https://classic.savi.org/SAVI/PopUps/AssetMoreInfo.aspx?AssetID=922536"}},{"type":"Feature","geometry":{"type":"Point","coordinates":[-86.15620964,39.78103129]},"properties":{"name":"HOOSIER VETERANS ASSISTANCE FOUNDATION HVAF","assetType":"Material Assistance - Clothing","dataYear":"2019","assetId":"920498","subcategory":"Public Assistance","detail":"https://classic.savi.org/SAVI/PopUps/AssetMoreInfo.aspx?AssetID=920498"}},{"type":"Feature","geometry":{"type":"Point","coordinates":[-86.06279488,39.47374713]},"properties":{"name":"HUMAN SERVICES OF JOHNSON COUNTY","assetType":"Material Assistance - Clothing","dataYear":"2019","assetId":"916898","subcategory":"Public Assistance","detail":"https://classic.savi.org/SAVI/PopUps/AssetMoreInfo.aspx?AssetID=916898"}},{"type":"Feature","geometry":{"type":"Point","coordinates":[-85.77880601,39.51706954]},"properties":{"name":"HUMAN SERVICES OF SHELBY COUNTY","assetType":"Material Assistance - Clothing","dataYear":"2019","assetId":"916953","subcategory":"Public Assistance","detail":"https://classic.savi.org/SAVI/PopUps/AssetMoreInfo.aspx?AssetID=916953"}},{"type":"Feature","geometry":{"type":"Point","coordinates":[-86.58306293,39.9950641]},"properties":{"name":"JACKSON TOWNSHIP TRUSTEE BOONE COUNTY","assetType":"Material Assistance - Clothing","dataYear":"2019","assetId":"917953","subcategory":"Public Assistance","detail":"https://classic.savi.org/SAVI/PopUps/AssetMoreInfo.aspx?AssetID=917953"}},{"type":"Feature","geometry":{"type":"Point","coordinates":[-86.28781116,39.2495565]},"properties":{"name":"JACKSON TOWNSHIP TRUSTEE BROWN COUNTY","assetType":"Material Assistance - Clothing","dataYear":"2019","assetId":"916903","subcategory":"Public Assistance","detail":"https://classic.savi.org/SAVI/PopUps/AssetMoreInfo.aspx?AssetID=916903"}},{"type":"Feature","geometry":{"type":"Point","coordinates":[-86.02828584,40.17626673]},"properties":{"name":"JACKSON TOWNSHIP TRUSTEE HAMILTON COUNTY","assetType":"Material Assistance - Clothing","dataYear":"2019","assetId":"917702","subcategory":"Public Assistance","detail":"https://classic.savi.org/SAVI/PopUps/AssetMoreInfo.aspx?AssetID=917702"}},{"type":"Feature","geometry":{"type":"Point","coordinates":[-85.60301518,39.81597274]},"properties":{"name":"JACKSON TOWNSHIP TRUSTEE HANCOCK COUNTY","assetType":"Material Assistance - Clothing","dataYear":"2019","assetId":"917916","subcategory":"Public Assistance","detail":"https://classic.savi.org/SAVI/PopUps/AssetMoreInfo.aspx?AssetID=917916"}},{"type":"Feature","geometry":{"type":"Point","coordinates":[-85.8346258,40.13784922]},"properties":{"name":"JACKSON TOWNSHIP TRUSTEE MADISON COUNTY","assetType":"Material Assistance - Clothing","dataYear":"2019","assetId":"920445","subcategory":"Public Assistance","detail":"https://classic.savi.org/SAVI/PopUps/AssetMoreInfo.aspx?AssetID=920445"}},{"type":"Feature","geometry":{"type":"Point","coordinates":[-86.31296642,39.35202934]},"properties":{"name":"JACKSON TOWNSHIP TRUSTEE MORGAN COUNTY","assetType":"Material Assistance - Clothing","dataYear":"2019","assetId":"917899","subcategory":"Public Assistance","detail":"https://classic.savi.org/SAVI/PopUps/AssetMoreInfo.aspx?AssetID=917899"}},{"type":"Feature","geometry":{"type":"Point","coordinates":[-86.70608396,39.81985034]},"properties":{"name":"JACKSON TOWNSHIP TRUSTEE PUTNAM COUNTY","assetType":"Material Assistance - Clothing","dataYear":"2019","assetId":"920845","subcategory":"Public Assistance","detail":"https://classic.savi.org/SAVI/PopUps/AssetMoreInfo.aspx?AssetID=920845"}},{"type":"Feature","geometry":{"type":"Point","coordinates":[-86.62433374,40.02434205]},"properties":{"name":"JEFFERSON TOWNSHIP TRUSTEE BOONE COUNTY","assetType":"Material Assistance - Clothing","dataYear":"2019","assetId":"917634","subcategory":"Public Assistance","detail":"https://classic.savi.org/SAVI/PopUps/AssetMoreInfo.aspx?AssetID=917634"}},{"type":"Feature","geometry":{"type":"Point","coordinates":[-86.49324278,39.41198592]},"properties":{"name":"JEFFERSON TOWNSHIP TRUSTEE MORGAN COUNTY","assetType":"Material Assistance - Clothing","dataYear":"2019","assetId":"917675","subcategory":"Public Assistance","detail":"https://classic.savi.org/SAVI/PopUps/AssetMoreInfo.aspx?AssetID=917675"}},{"type":"Feature","geometry":{"type":"Point","coordinates":[-86.70185497,39.57054813]},"properties":{"name":"JEFFERSON TOWNSHIP TRUSTEE PUTNAM COUNTY","assetType":"Material Assistance - Clothing","dataYear":"2019","assetId":"920844","subcategory":"Public Assistance","detail":"https://classic.savi.org/SAVI/PopUps/AssetMoreInfo.aspx?AssetID=920844"}},{"type":"Feature","geometry":{"type":"Point","coordinates":[-86.13144623,39.74532879]},"properties":{"name":"JESUS INSIDE PRISON MINISTRY","assetType":"Material Assistance - Clothing","dataYear":"2019","assetId":"919594","subcategory":"Public Assistance","detail":"https://classic.savi.org/SAVI/PopUps/AssetMoreInfo.aspx?AssetID=919594"}},{"type":"Feature","geometry":{"type":"Point","coordinates":[-85.98070493,39.8621486]},"properties":{"name":"LAMBSWEAR INC","assetType":"Material Assistance - Clothing","dataYear":"2019","assetId":"918853","subcategory":"Public Assistance","detail":"https://classic.savi.org/SAVI/PopUps/AssetMoreInfo.aspx?AssetID=918853"}},{"type":"Feature","geometry":{"type":"Point","coordinates":[-85.98070493,39.8621486]},"properties":{"name":"LAMBSWEAR INC","assetType":"Material Assistance - Clothing","dataYear":"2019","assetId":"918854","subcategory":"Public Assistance","detail":"https://classic.savi.org/SAVI/PopUps/AssetMoreInfo.aspx?AssetID=918854"}},{"type":"Feature","geometry":{"type":"Point","coordinates":[-85.98070493,39.8621486]},"properties":{"name":"LAMBSWEAR INC","assetType":"Material Assistance - Clothing","dataYear":"2019","assetId":"918855","subcategory":"Public Assistance","detail":"https://classic.savi.org/SAVI/PopUps/AssetMoreInfo.aspx?AssetID=918855"}},{"type":"Feature","geometry":{"type":"Point","coordinates":[-86.525004,39.61456226]},"properties":{"name":"LIBERTY TOWNSHIP TRUSTEE HENDRICKS COUNTY","assetType":"Material Assistance - Clothing","dataYear":"2019","assetId":"921942","subcategory":"Public Assistance","detail":"https://classic.savi.org/SAVI/PopUps/AssetMoreInfo.aspx?AssetID=921942"}},{"type":"Feature","geometry":{"type":"Point","coordinates":[-85.63663898,39.48364154]},"properties":{"name":"LIBERTY TOWNSHIP TRUSTEE SHELBY COUNTY","assetType":"Material Assistance - Clothing","dataYear":"2019","assetId":"922030","subcategory":"Public Assistance","detail":"https://classic.savi.org/SAVI/PopUps/AssetMoreInfo.aspx?AssetID=922030"}},{"type":"Feature","geometry":{"type":"Point","coordinates":[-85.77009907,39.80255164]},"properties":{"name":"LIFE CHOICES CARE CENTER OF GREENFIELD","assetType":"Material Assistance - Clothing","dataYear":"2019","assetId":"920724","subcategory":"Public Assistance","detail":"https://classic.savi.org/SAVI/PopUps/AssetMoreInfo.aspx?AssetID=920724"}},{"type":"Feature","geometry":{"type":"Point","coordinates":[-85.77009907,39.80255164]},"properties":{"name":"LIFE CHOICES CARE CENTER OF GREENFIELD","assetType":"Material Assistance - Clothing","dataYear":"2019","assetId":"920723","subcategory":"Public Assistance","detail":"https://classic.savi.org/SAVI/PopUps/AssetMoreInfo.aspx?AssetID=920723"}},{"type":"Feature","geometry":{"type":"Point","coordinates":[-86.32279279,39.77795681]},"properties":{"name":"LIFE CHURCH","assetType":"Material Assistance - Clothing","dataYear":"2019","assetId":"919349","subcategory":"Public Assistance","detail":"https://classic.savi.org/SAVI/PopUps/AssetMoreInfo.aspx?AssetID=919349"}},{"type":"Feature","geometry":{"type":"Point","coordinates":[-86.39673959,39.84266459]},"properties":{"name":"LINCOLN TOWNSHIP TRUSTEE HENDRICKS COUNTY","assetType":"Material Assistance - Clothing","dataYear":"2019","assetId":"922015","subcategory":"Public Assistance","detail":"https://classic.savi.org/SAVI/PopUps/AssetMoreInfo.aspx?AssetID=922015"}},{"type":"Feature","geometry":{"type":"Point","coordinates":[-86.47556933,40.04571218]},"properties":{"name":"LOVE IN THE NAME OF CHRIST LOVE INC OF GREATER BOONE COUNTY","assetType":"Material Assistance - Clothing","dataYear":"2019","assetId":"919841","subcategory":"Public Assistance","detail":"https://classic.savi.org/SAVI/PopUps/AssetMoreInfo.aspx?AssetID=919841"}},{"type":"Feature","geometry":{"type":"Point","coordinates":[-86.47556933,40.04571218]},"properties":{"name":"LOVE IN THE NAME OF CHRIST LOVE INC OF GREATER BOONE COUNTY","assetType":"Material Assistance - Clothing","dataYear":"2019","assetId":"919838","subcategory":"Public Assistance","detail":"https://classic.savi.org/SAVI/PopUps/AssetMoreInfo.aspx?AssetID=919838"}},{"type":"Feature","geometry":{"type":"Point","coordinates":[-86.47556933,40.04571218]},"properties":{"name":"LOVE IN THE NAME OF CHRIST LOVE INC OF GREATER BOONE COUNTY","assetType":"Material Assistance - Clothing","dataYear":"2019","assetId":"919840","subcategory":"Public Assistance","detail":"https://classic.savi.org/SAVI/PopUps/AssetMoreInfo.aspx?AssetID=919840"}},{"type":"Feature","geometry":{"type":"Point","coordinates":[-85.77875949,39.80392218]},"properties":{"name":"LOVE IN THE NAME OF CHRIST LOVE INC OF GREATER HANCOCK COUNTY","assetType":"Material Assistance - Clothing","dataYear":"2019","assetId":"921003","subcategory":"Public Assistance","detail":"https://classic.savi.org/SAVI/PopUps/AssetMoreInfo.aspx?AssetID=921003"}},{"type":"Feature","geometry":{"type":"Point","coordinates":[-86.01160324,40.05296045]},"properties":{"name":"LOVING HANDS FOOD AND CLOTHING PANTRY","assetType":"Material Assistance - Clothing","dataYear":"2019","assetId":"921021","subcategory":"Public Assistance","detail":"https://classic.savi.org/SAVI/PopUps/AssetMoreInfo.aspx?AssetID=921021"}},{"type":"Feature","geometry":{"type":"Point","coordinates":[-86.01160324,40.05296045]},"properties":{"name":"LOVING HANDS FOOD AND CLOTHING PANTRY","assetType":"Material Assistance - Clothing","dataYear":"2019","assetId":"921022","subcategory":"Public Assistance","detail":"https://classic.savi.org/SAVI/PopUps/AssetMoreInfo.aspx?AssetID=921022"}},{"type":"Feature","geometry":{"type":"Point","coordinates":[-86.29689292,39.61795335]},"properties":{"name":"MADISON TOWNSHIP TRUSTEE MORGAN COUNTY","assetType":"Material Assistance - Clothing","dataYear":"2019","assetId":"921671","subcategory":"Public Assistance","detail":"https://classic.savi.org/SAVI/PopUps/AssetMoreInfo.aspx?AssetID=921671"}},{"type":"Feature","geometry":{"type":"Point","coordinates":[-86.99653205,39.67905323]},"properties":{"name":"MADISON TOWNSHIP TRUSTEE PUTNAM COUNTY","assetType":"Material Assistance - Clothing","dataYear":"2019","assetId":"920989","subcategory":"Public Assistance","detail":"https://classic.savi.org/SAVI/PopUps/AssetMoreInfo.aspx?AssetID=920989"}},{"type":"Feature","geometry":{"type":"Point","coordinates":[-86.66406574,39.77589127]},"properties":{"name":"MARION TOWNSHIP TRUSTEE HENDRICKS COUNTY","assetType":"Material Assistance - Clothing","dataYear":"2019","assetId":"920285","subcategory":"Public Assistance","detail":"https://classic.savi.org/SAVI/PopUps/AssetMoreInfo.aspx?AssetID=920285"}},{"type":"Feature","geometry":{"type":"Point","coordinates":[-86.79046198,39.65241794]},"properties":{"name":"MARION TOWNSHIP TRUSTEE PUTNAM COUNTY","assetType":"Material Assistance - Clothing","dataYear":"2019","assetId":"920985","subcategory":"Public Assistance","detail":"https://classic.savi.org/SAVI/PopUps/AssetMoreInfo.aspx?AssetID=920985"}},{"type":"Feature","geometry":{"type":"Point","coordinates":[-85.77666802,39.56499556]},"properties":{"name":"MARION TOWNSHIP TRUSTEE SHELBY COUNTY","assetType":"Material Assistance - Clothing","dataYear":"2019","assetId":"920044","subcategory":"Public Assistance","detail":"https://classic.savi.org/SAVI/PopUps/AssetMoreInfo.aspx?AssetID=920044"}},{"type":"Feature","geometry":{"type":"Point","coordinates":[-86.19465994,39.7511725]},"properties":{"name":"MARY RIGG NEIGHBORHOOD CENTER","assetType":"Material Assistance - Clothing","dataYear":"2019","assetId":"919507","subcategory":"Public Assistance","detail":"https://classic.savi.org/SAVI/PopUps/AssetMoreInfo.aspx?AssetID=919507"}},{"type":"Feature","geometry":{"type":"Point","coordinates":[-86.14868911,39.99920968]},"properties":{"name":"MERCIFUL HELP CENTER","assetType":"Material Assistance - Clothing","dataYear":"2019","assetId":"922254","subcategory":"Public Assistance","detail":"https://classic.savi.org/SAVI/PopUps/AssetMoreInfo.aspx?AssetID=922254"}},{"type":"Feature","geometry":{"type":"Point","coordinates":[-86.14868911,39.99920968]},"properties":{"name":"MERCIFUL HELP CENTER","assetType":"Material Assistance - Clothing","dataYear":"2019","assetId":"922318","subcategory":"Public Assistance","detail":"https://classic.savi.org/SAVI/PopUps/AssetMoreInfo.aspx?AssetID=922318"}},{"type":"Feature","geometry":{"type":"Point","coordinates":[-86.40039119,39.83075893]},"properties":{"name":"MESSIAH LUTHERAN CHURCH","assetType":"Material Assistance - Clothing","dataYear":"2019","assetId":"917307","subcategory":"Public Assistance","detail":"https://classic.savi.org/SAVI/PopUps/AssetMoreInfo.aspx?AssetID=917307"}},{"type":"Feature","geometry":{"type":"Point","coordinates":[-86.40039119,39.83075893]},"properties":{"name":"MESSIAH LUTHERAN CHURCH","assetType":"Material Assistance - Clothing","dataYear":"2019","assetId":"917308","subcategory":"Public Assistance","detail":"https://classic.savi.org/SAVI/PopUps/AssetMoreInfo.aspx?AssetID=917308"}},{"type":"Feature","geometry":{"type":"Point","coordinates":[-86.40039119,39.83075893]},"properties":{"name":"MESSIAH LUTHERAN CHURCH","assetType":"Material Assistance - Clothing","dataYear":"2019","assetId":"917310","subcategory":"Public Assistance","detail":"https://classic.savi.org/SAVI/PopUps/AssetMoreInfo.aspx?AssetID=917310"}},{"type":"Feature","geometry":{"type":"Point","coordinates":[-86.40039119,39.83075893]},"properties":{"name":"MESSIAH LUTHERAN CHURCH","assetType":"Material Assistance - Clothing","dataYear":"2019","assetId":"917309","subcategory":"Public Assistance","detail":"https://classic.savi.org/SAVI/PopUps/AssetMoreInfo.aspx?AssetID=917309"}},{"type":"Feature","geometry":{"type":"Point","coordinates":[-86.15614424,39.78054157]},"properties":{"name":"METRO BAPTIST CENTER","assetType":"Material Assistance - Clothing","dataYear":"2019","assetId":"919737","subcategory":"Public Assistance","detail":"https://classic.savi.org/SAVI/PopUps/AssetMoreInfo.aspx?AssetID=919737"}},{"type":"Feature","geometry":{"type":"Point","coordinates":[-86.15614424,39.78054157]},"properties":{"name":"METRO BAPTIST CENTER","assetType":"Material Assistance - Clothing","dataYear":"2019","assetId":"919739","subcategory":"Public Assistance","detail":"https://classic.savi.org/SAVI/PopUps/AssetMoreInfo.aspx?AssetID=919739"}},{"type":"Feature","geometry":{"type":"Point","coordinates":[-86.45852281,39.86146427]},"properties":{"name":"MIDDLE TOWNSHIP TRUSTEE HENDRICKS COUNTY","assetType":"Material Assistance - Clothing","dataYear":"2019","assetId":"919149","subcategory":"Public Assistance","detail":"https://classic.savi.org/SAVI/PopUps/AssetMoreInfo.aspx?AssetID=919149"}},{"type":"Feature","geometry":{"type":"Point","coordinates":[-85.67605191,40.26192931]},"properties":{"name":"MONROE TOWNSHIP TRUSTEE MADISON COUNTY","assetType":"Material Assistance - Clothing","dataYear":"2019","assetId":"920576","subcategory":"Public Assistance","detail":"https://classic.savi.org/SAVI/PopUps/AssetMoreInfo.aspx?AssetID=920576"}},{"type":"Feature","geometry":{"type":"Point","coordinates":[-86.54167184,39.57131861]},"properties":{"name":"MONROE TOWNSHIP TRUSTEE MORGAN COUNTY","assetType":"Material Assistance - Clothing","dataYear":"2019","assetId":"919308","subcategory":"Public Assistance","detail":"https://classic.savi.org/SAVI/PopUps/AssetMoreInfo.aspx?AssetID=919308"}},{"type":"Feature","geometry":{"type":"Point","coordinates":[-86.34793845,39.59775813]},"properties":{"name":"MOORESVILLE SENIOR CITIZENS CENTER","assetType":"Material Assistance - Clothing","dataYear":"2019","assetId":"919303","subcategory":"Public Assistance","detail":"https://classic.savi.org/SAVI/PopUps/AssetMoreInfo.aspx?AssetID=919303"}},{"type":"Feature","geometry":{"type":"Point","coordinates":[-86.20848887,39.61854228]},"properties":{"name":"MOUNT PLEASANT CHRISTIAN CHURCH","assetType":"Material Assistance - Clothing","dataYear":"2019","assetId":"922140","subcategory":"Public Assistance","detail":"https://classic.savi.org/SAVI/PopUps/AssetMoreInfo.aspx?AssetID=922140"}},{"type":"Feature","geometry":{"type":"Point","coordinates":[-86.20848887,39.61854228]},"properties":{"name":"MOUNT PLEASANT CHRISTIAN CHURCH","assetType":"Material Assistance - Clothing","dataYear":"2019","assetId":"922141","subcategory":"Public Assistance","detail":"https://classic.savi.org/SAVI/PopUps/AssetMoreInfo.aspx?AssetID=922141"}},{"type":"Feature","geometry":{"type":"Point","coordinates":[-86.12230603,39.78984004]},"properties":{"name":"NEW WAY COMMUNITY CHURCH","assetType":"Material Assistance - Clothing","dataYear":"2019","assetId":"919066","subcategory":"Public Assistance","detail":"https://classic.savi.org/SAVI/PopUps/AssetMoreInfo.aspx?AssetID=919066"}},{"type":"Feature","geometry":{"type":"Point","coordinates":[-85.63126795,39.43076653]},"properties":{"name":"NOBLE TOWNSHIP TRUSTEE SHELBY COUNTY","assetType":"Material Assistance - Clothing","dataYear":"2019","assetId":"918085","subcategory":"Public Assistance","detail":"https://classic.savi.org/SAVI/PopUps/AssetMoreInfo.aspx?AssetID=918085"}},{"type":"Feature","geometry":{"type":"Point","coordinates":[-86.00985432,40.03351339]},"properties":{"name":"NOBLESVILLE SOCIETY OF SAINT VINCENT DE PAUL","assetType":"Material Assistance - Clothing","dataYear":"2019","assetId":"921930","subcategory":"Public Assistance","detail":"https://classic.savi.org/SAVI/PopUps/AssetMoreInfo.aspx?AssetID=921930"}},{"type":"Feature","geometry":{"type":"Point","coordinates":[-86.0142319,40.04246142]},"properties":{"name":"NOBLESVILLE TOWNSHIP TRUSTEE HAMILTON COUNTY","assetType":"Material Assistance - Clothing","dataYear":"2019","assetId":"918271","subcategory":"Public Assistance","detail":"https://classic.savi.org/SAVI/PopUps/AssetMoreInfo.aspx?AssetID=918271"}},{"type":"Feature","geometry":{"type":"Point","coordinates":[-86.02796763,39.83628558]},"properties":{"name":"NORTHEAST PREGNANCY CENTER","assetType":"Material Assistance - Clothing","dataYear":"2019","assetId":"920518","subcategory":"Public Assistance","detail":"https://classic.savi.org/SAVI/PopUps/AssetMoreInfo.aspx?AssetID=920518"}},{"type":"Feature","geometry":{"type":"Point","coordinates":[-86.15796994,39.78617821]},"properties":{"name":"OFFICE OF HUMAN LIFE AND DIGNITY OFFICE OF MARRIAGE AND FAMILY LIFE","assetType":"Material Assistance - Clothing","dataYear":"2019","assetId":"922623","subcategory":"Public Assistance","detail":"https://classic.savi.org/SAVI/PopUps/AssetMoreInfo.aspx?AssetID=922623"}},{"type":"Feature","geometry":{"type":"Point","coordinates":[-86.13731582,40.06841973]},"properties":{"name":"OPEN DOORS OF WESTFIELD WASHINGTON TOWNSHIP","assetType":"Material Assistance - Clothing","dataYear":"2019","assetId":"918107","subcategory":"Public Assistance","detail":"https://classic.savi.org/SAVI/PopUps/AssetMoreInfo.aspx?AssetID=918107"}},{"type":"Feature","geometry":{"type":"Point","coordinates":[-86.13731582,40.06841973]},"properties":{"name":"OPEN DOORS OF WESTFIELD WASHINGTON TOWNSHIP","assetType":"Material Assistance - Clothing","dataYear":"2019","assetId":"918108","subcategory":"Public Assistance","detail":"https://classic.savi.org/SAVI/PopUps/AssetMoreInfo.aspx?AssetID=918108"}},{"type":"Feature","geometry":{"type":"Point","coordinates":[-85.6714243,40.09554184]},"properties":{"name":"OPERATION LOVE MINISTRIES","assetType":"Material Assistance - Clothing","dataYear":"2019","assetId":"920604","subcategory":"Public Assistance","detail":"https://classic.savi.org/SAVI/PopUps/AssetMoreInfo.aspx?AssetID=920604"}},{"type":"Feature","geometry":{"type":"Point","coordinates":[-86.13853386,39.69444995]},"properties":{"name":"PERRY TOWNSHIP TRUSTEE MARION COUNTY","assetType":"Material Assistance - Clothing","dataYear":"2019","assetId":"917934","subcategory":"Public Assistance","detail":"https://classic.savi.org/SAVI/PopUps/AssetMoreInfo.aspx?AssetID=917934"}},{"type":"Feature","geometry":{"type":"Point","coordinates":[-86.15292462,39.81796519]},"properties":{"name":"PHILLIPS TEMPLE CHRISTIAN METHODIST EPISCOPAL CHURCH","assetType":"Material Assistance - Clothing","dataYear":"2019","assetId":"919853","subcategory":"Public Assistance","detail":"https://classic.savi.org/SAVI/PopUps/AssetMoreInfo.aspx?AssetID=919853"}},{"type":"Feature","geometry":{"type":"Point","coordinates":[-86.15292462,39.81796519]},"properties":{"name":"PHILLIPS TEMPLE CHRISTIAN METHODIST EPISCOPAL CHURCH","assetType":"Material Assistance - Clothing","dataYear":"2019","assetId":"919854","subcategory":"Public Assistance","detail":"https://classic.savi.org/SAVI/PopUps/AssetMoreInfo.aspx?AssetID=919854"}},{"type":"Feature","geometry":{"type":"Point","coordinates":[-86.26238428,39.85453838]},"properties":{"name":"PIKE TOWNSHIP TRUSTEE MARION COUNTY","assetType":"Material Assistance - Clothing","dataYear":"2019","assetId":"917803","subcategory":"Public Assistance","detail":"https://classic.savi.org/SAVI/PopUps/AssetMoreInfo.aspx?AssetID=917803"}},{"type":"Feature","geometry":{"type":"Point","coordinates":[-85.84206768,40.27559682]},"properties":{"name":"PIPE CREEK TOWNSHIP TRUSTEE MADISON COUNTY","assetType":"Material Assistance - Clothing","dataYear":"2019","assetId":"920575","subcategory":"Public Assistance","detail":"https://classic.savi.org/SAVI/PopUps/AssetMoreInfo.aspx?AssetID=920575"}},{"type":"Feature","geometry":{"type":"Point","coordinates":[-86.39172024,39.7038734]},"properties":{"name":"PLAINFIELD FEDERATION OF CHURCHES - CHRISTIAN SUPPORT CENTER","assetType":"Material Assistance - Clothing","dataYear":"2019","assetId":"917642","subcategory":"Public Assistance","detail":"https://classic.savi.org/SAVI/PopUps/AssetMoreInfo.aspx?AssetID=917642"}},{"type":"Feature","geometry":{"type":"Point","coordinates":[-86.86481878,39.64481648]},"properties":{"name":"PUTNAM COUNTY SENIOR CENTER","assetType":"Material Assistance - Clothing","dataYear":"2019","assetId":"919606","subcategory":"Public Assistance","detail":"https://classic.savi.org/SAVI/PopUps/AssetMoreInfo.aspx?AssetID=919606"}},{"type":"Feature","geometry":{"type":"Point","coordinates":[-86.86481878,39.64481648]},"properties":{"name":"PUTNAM COUNTY SENIOR CENTER","assetType":"Material Assistance - Clothing","dataYear":"2019","assetId":"919550","subcategory":"Public Assistance","detail":"https://classic.savi.org/SAVI/PopUps/AssetMoreInfo.aspx?AssetID=919550"}},{"type":"Feature","geometry":{"type":"Point","coordinates":[-85.77655927,39.52589804]},"properties":{"name":"Project Clothes for Kids","assetType":"Material Assistance - Clothing","dataYear":"2019","assetId":"934101","subcategory":"Public Assistance","detail":"https://classic.savi.org/SAVI/PopUps/AssetMoreInfo.aspx?AssetID=934101"}},{"type":"Feature","geometry":{"type":"Point","coordinates":[-86.42679036,39.42813683]},"properties":{"name":"RED BARN","assetType":"Material Assistance - Clothing","dataYear":"2019","assetId":"917637","subcategory":"Public Assistance","detail":"https://classic.savi.org/SAVI/PopUps/AssetMoreInfo.aspx?AssetID=917637"}},{"type":"Feature","geometry":{"type":"Point","coordinates":[-86.42679036,39.42813683]},"properties":{"name":"RED BARN","assetType":"Material Assistance - Clothing","dataYear":"2019","assetId":"917829","subcategory":"Public Assistance","detail":"https://classic.savi.org/SAVI/PopUps/AssetMoreInfo.aspx?AssetID=917829"}},{"type":"Feature","geometry":{"type":"Point","coordinates":[-85.60831539,40.18993185]},"properties":{"name":"RICHLAND TOWNSHIP TRUSTEE MADISON COUNTY","assetType":"Material Assistance - Clothing","dataYear":"2019","assetId":"920433","subcategory":"Public Assistance","detail":"https://classic.savi.org/SAVI/PopUps/AssetMoreInfo.aspx?AssetID=920433"}},{"type":"Feature","geometry":{"type":"Point","coordinates":[-86.98121607,39.86149884]},"properties":{"name":"RUSSELL TOWNSHIP TRUSTEE PUTNAM COUNTY","assetType":"Material Assistance - Clothing","dataYear":"2019","assetId":"920778","subcategory":"Public Assistance","detail":"https://classic.savi.org/SAVI/PopUps/AssetMoreInfo.aspx?AssetID=920778"}},{"type":"Feature","geometry":{"type":"Point","coordinates":[-86.1154506,39.73306227]},"properties":{"name":"SAINT ELIZABETH COLEMAN","assetType":"Material Assistance - Clothing","dataYear":"2019","assetId":"922597","subcategory":"Public Assistance","detail":"https://classic.savi.org/SAVI/PopUps/AssetMoreInfo.aspx?AssetID=922597"}},{"type":"Feature","geometry":{"type":"Point","coordinates":[-86.16883018,40.03306627]},"properties":{"name":"SAINT MARIA GORETTI CATHOLIC CHURCH","assetType":"Material Assistance - Clothing","dataYear":"2019","assetId":"922191","subcategory":"Public Assistance","detail":"https://classic.savi.org/SAVI/PopUps/AssetMoreInfo.aspx?AssetID=922191"}},{"type":"Feature","geometry":{"type":"Point","coordinates":[-86.16883018,40.03306627]},"properties":{"name":"SAINT MARIA GORETTI CATHOLIC CHURCH","assetType":"Material Assistance - Clothing","dataYear":"2019","assetId":"922189","subcategory":"Public Assistance","detail":"https://classic.savi.org/SAVI/PopUps/AssetMoreInfo.aspx?AssetID=922189"}},{"type":"Feature","geometry":{"type":"Point","coordinates":[-86.39172024,39.7038734]},"properties":{"name":"SAINT MARK S EPISCOPAL CHURCH","assetType":"Material Assistance - Clothing","dataYear":"2019","assetId":"917555","subcategory":"Public Assistance","detail":"https://classic.savi.org/SAVI/PopUps/AssetMoreInfo.aspx?AssetID=917555"}},{"type":"Feature","geometry":{"type":"Point","coordinates":[-86.13756301,39.76436201]},"properties":{"name":"SAINT VINCENT DE PAUL DISTRIBUTION CENTER","assetType":"Material Assistance - Clothing","dataYear":"2019","assetId":"917453","subcategory":"Public Assistance","detail":"https://classic.savi.org/SAVI/PopUps/AssetMoreInfo.aspx?AssetID=917453"}},{"type":"Feature","geometry":{"type":"Point","coordinates":[-86.13756301,39.76436201]},"properties":{"name":"SAINT VINCENT DE PAUL DISTRIBUTION CENTER","assetType":"Material Assistance - Clothing","dataYear":"2019","assetId":"917551","subcategory":"Public Assistance","detail":"https://classic.savi.org/SAVI/PopUps/AssetMoreInfo.aspx?AssetID=917551"}},{"type":"Feature","geometry":{"type":"Point","coordinates":[-86.14544389,39.7667668]},"properties":{"name":"SALVATION ARMY ADULT REHABILITATION CENTER - INDIANAPOLIS","assetType":"Material Assistance - Clothing","dataYear":"2019","assetId":"917764","subcategory":"Public Assistance","detail":"https://classic.savi.org/SAVI/PopUps/AssetMoreInfo.aspx?AssetID=917764"}},{"type":"Feature","geometry":{"type":"Point","coordinates":[-85.67948507,40.0999835]},"properties":{"name":"SALVATION ARMY ANDERSON","assetType":"Material Assistance - Clothing","dataYear":"2019","assetId":"920607","subcategory":"Public Assistance","detail":"https://classic.savi.org/SAVI/PopUps/AssetMoreInfo.aspx?AssetID=920607"}},{"type":"Feature","geometry":{"type":"Point","coordinates":[-86.06478389,39.90239647]},"properties":{"name":"SALVATION ARMY INDIANA DIVISION","assetType":"Material Assistance - Clothing","dataYear":"2019","assetId":"917515","subcategory":"Public Assistance","detail":"https://classic.savi.org/SAVI/PopUps/AssetMoreInfo.aspx?AssetID=917515"}},{"type":"Feature","geometry":{"type":"Point","coordinates":[-86.14481232,39.76627177]},"properties":{"name":"SALVATION ARMY THRIFT STORE","assetType":"Material Assistance - Clothing","dataYear":"2019","assetId":"917760","subcategory":"Public Assistance","detail":"https://classic.savi.org/SAVI/PopUps/AssetMoreInfo.aspx?AssetID=917760"}},{"type":"Feature","geometry":{"type":"Point","coordinates":[-85.99764629,40.03979458]},"properties":{"name":"SALVATION ARMY THRIFT STORE","assetType":"Material Assistance - Clothing","dataYear":"2019","assetId":"917806","subcategory":"Public Assistance","detail":"https://classic.savi.org/SAVI/PopUps/AssetMoreInfo.aspx?AssetID=917806"}},{"type":"Feature","geometry":{"type":"Point","coordinates":[-86.02111245,39.7734413]},"properties":{"name":"SALVATION ARMY THRIFT STORE","assetType":"Material Assistance - Clothing","dataYear":"2019","assetId":"917627","subcategory":"Public Assistance","detail":"https://classic.savi.org/SAVI/PopUps/AssetMoreInfo.aspx?AssetID=917627"}},{"type":"Feature","geometry":{"type":"Point","coordinates":[-86.18242935,39.91046364]},"properties":{"name":"SALVATION ARMY THRIFT STORE","assetType":"Material Assistance - Clothing","dataYear":"2019","assetId":"917536","subcategory":"Public Assistance","detail":"https://classic.savi.org/SAVI/PopUps/AssetMoreInfo.aspx?AssetID=917536"}},{"type":"Feature","geometry":{"type":"Point","coordinates":[-86.07000561,39.70591915]},"properties":{"name":"SERVANT S HEART OF INDY","assetType":"Material Assistance - Clothing","dataYear":"2019","assetId":"919845","subcategory":"Public Assistance","detail":"https://classic.savi.org/SAVI/PopUps/AssetMoreInfo.aspx?AssetID=919845"}},{"type":"Feature","geometry":{"type":"Point","coordinates":[-86.07000561,39.70591915]},"properties":{"name":"SERVANT S HEART OF INDY","assetType":"Material Assistance - Clothing","dataYear":"2019","assetId":"919656","subcategory":"Public Assistance","detail":"https://classic.savi.org/SAVI/PopUps/AssetMoreInfo.aspx?AssetID=919656"}},{"type":"Feature","geometry":{"type":"Point","coordinates":[-85.73148601,39.45707656]},"properties":{"name":"SHELBY TOWNSHIP TRUSTEE SHELBY COUNTY","assetType":"Material Assistance - Clothing","dataYear":"2019","assetId":"917619","subcategory":"Public Assistance","detail":"https://classic.savi.org/SAVI/PopUps/AssetMoreInfo.aspx?AssetID=917619"}},{"type":"Feature","geometry":{"type":"Point","coordinates":[-86.1950541,39.22774248]},"properties":{"name":"SOCIETY OF SAINT VINCENT DE PAUL OF BROWN COUNTY","assetType":"Material Assistance - Clothing","dataYear":"2019","assetId":"917022","subcategory":"Public Assistance","detail":"https://classic.savi.org/SAVI/PopUps/AssetMoreInfo.aspx?AssetID=917022"}},{"type":"Feature","geometry":{"type":"Point","coordinates":[-86.1950541,39.22774248]},"properties":{"name":"SOCIETY OF SAINT VINCENT DE PAUL OF BROWN COUNTY","assetType":"Material Assistance - Clothing","dataYear":"2019","assetId":"917023","subcategory":"Public Assistance","detail":"https://classic.savi.org/SAVI/PopUps/AssetMoreInfo.aspx?AssetID=917023"}},{"type":"Feature","geometry":{"type":"Point","coordinates":[-86.14381061,39.70837177]},"properties":{"name":"SOUTH PREGNANCY CENTER","assetType":"Material Assistance - Clothing","dataYear":"2019","assetId":"920512","subcategory":"Public Assistance","detail":"https://classic.savi.org/SAVI/PopUps/AssetMoreInfo.aspx?AssetID=920512"}},{"type":"Feature","geometry":{"type":"Point","coordinates":[-86.14381061,39.70837177]},"properties":{"name":"SOUTH PREGNANCY CENTER","assetType":"Material Assistance - Clothing","dataYear":"2019","assetId":"920513","subcategory":"Public Assistance","detail":"https://classic.savi.org/SAVI/PopUps/AssetMoreInfo.aspx?AssetID=920513"}},{"type":"Feature","geometry":{"type":"Point","coordinates":[-85.84831659,40.06845181]},"properties":{"name":"STONY CREEK TOWNSHIP TRUSTEE MADISON COUNTY","assetType":"Material Assistance - Clothing","dataYear":"2019","assetId":"920432","subcategory":"Public Assistance","detail":"https://classic.savi.org/SAVI/PopUps/AssetMoreInfo.aspx?AssetID=920432"}},{"type":"Feature","geometry":{"type":"Point","coordinates":[-86.12315795,39.78155671]},"properties":{"name":"STOPOVER","assetType":"Material Assistance - Clothing","dataYear":"2019","assetId":"921716","subcategory":"Public Assistance","detail":"https://classic.savi.org/SAVI/PopUps/AssetMoreInfo.aspx?AssetID=921716"}},{"type":"Feature","geometry":{"type":"Point","coordinates":[-86.60970462,40.12974715]},"properties":{"name":"SUGAR CREEK TOWNSHIP TRUSTEE BOONE COUNTY","assetType":"Material Assistance - Clothing","dataYear":"2019","assetId":"917442","subcategory":"Public Assistance","detail":"https://classic.savi.org/SAVI/PopUps/AssetMoreInfo.aspx?AssetID=917442"}},{"type":"Feature","geometry":{"type":"Point","coordinates":[-85.91319152,39.73389397]},"properties":{"name":"SUGAR CREEK TOWNSHIP TRUSTEE HANCOCK COUNTY","assetType":"Material Assistance - Clothing","dataYear":"2019","assetId":"917491","subcategory":"Public Assistance","detail":"https://classic.savi.org/SAVI/PopUps/AssetMoreInfo.aspx?AssetID=917491"}},{"type":"Feature","geometry":{"type":"Point","coordinates":[-85.93068407,39.55049257]},"properties":{"name":"SUGAR CREEK TOWNSHIP TRUSTEE SHELBY COUNTY","assetType":"Material Assistance - Clothing","dataYear":"2019","assetId":"917193","subcategory":"Public Assistance","detail":"https://classic.savi.org/SAVI/PopUps/AssetMoreInfo.aspx?AssetID=917193"}},{"type":"Feature","geometry":{"type":"Point","coordinates":[-86.4823112,40.04298153]},"properties":{"name":"THE CARING CENTER","assetType":"Material Assistance - Clothing","dataYear":"2019","assetId":"922325","subcategory":"Public Assistance","detail":"https://classic.savi.org/SAVI/PopUps/AssetMoreInfo.aspx?AssetID=922325"}},{"type":"Feature","geometry":{"type":"Point","coordinates":[-86.4823112,40.04298153]},"properties":{"name":"THE CARING CENTER","assetType":"Material Assistance - Clothing","dataYear":"2019","assetId":"922256","subcategory":"Public Assistance","detail":"https://classic.savi.org/SAVI/PopUps/AssetMoreInfo.aspx?AssetID=922256"}},{"type":"Feature","geometry":{"type":"Point","coordinates":[-86.15073225,39.41640317]},"properties":{"name":"THE LORD S LOCKER","assetType":"Material Assistance - Clothing","dataYear":"2019","assetId":"921604","subcategory":"Public Assistance","detail":"https://classic.savi.org/SAVI/PopUps/AssetMoreInfo.aspx?AssetID=921604"}},{"type":"Feature","geometry":{"type":"Point","coordinates":[-85.98546463,39.82721931]},"properties":{"name":"THE ROCK MISSIONARY BAPTIST CHURCH","assetType":"Material Assistance - Clothing","dataYear":"2019","assetId":"918752","subcategory":"Public Assistance","detail":"https://classic.savi.org/SAVI/PopUps/AssetMoreInfo.aspx?AssetID=918752"}},{"type":"Feature","geometry":{"type":"Point","coordinates":[-86.01120668,40.01809204]},"properties":{"name":"THIRD PHASE","assetType":"Material Assistance - Clothing","dataYear":"2019","assetId":"917254","subcategory":"Public Assistance","detail":"https://classic.savi.org/SAVI/PopUps/AssetMoreInfo.aspx?AssetID=917254"}},{"type":"Feature","geometry":{"type":"Point","coordinates":[-86.01120668,40.01809204]},"properties":{"name":"THIRD PHASE","assetType":"Material Assistance - Clothing","dataYear":"2019","assetId":"917221","subcategory":"Public Assistance","detail":"https://classic.savi.org/SAVI/PopUps/AssetMoreInfo.aspx?AssetID=917221"}},{"type":"Feature","geometry":{"type":"Point","coordinates":[-86.18582147,39.91207098]},"properties":{"name":"THRIFTY THREADS","assetType":"Material Assistance - Clothing","dataYear":"2019","assetId":"922463","subcategory":"Public Assistance","detail":"https://classic.savi.org/SAVI/PopUps/AssetMoreInfo.aspx?AssetID=922463"}},{"type":"Feature","geometry":{"type":"Point","coordinates":[-86.01065161,39.84032604]},"properties":{"name":"TURNING POINT FAMILY WORSHIP CENTER - FOOD AND CLOTHING PANTRY","assetType":"Material Assistance - Clothing","dataYear":"2019","assetId":"920701","subcategory":"Public Assistance","detail":"https://classic.savi.org/SAVI/PopUps/AssetMoreInfo.aspx?AssetID=920701"}},{"type":"Feature","geometry":{"type":"Point","coordinates":[-86.09706134,39.77046915]},"properties":{"name":"TUXEDO PARK BAPTIST CHURCH","assetType":"Material Assistance - Clothing","dataYear":"2019","assetId":"917395","subcategory":"Public Assistance","detail":"https://classic.savi.org/SAVI/PopUps/AssetMoreInfo.aspx?AssetID=917395"}},{"type":"Feature","geometry":{"type":"Point","coordinates":[-86.09706134,39.77046915]},"properties":{"name":"TUXEDO PARK BAPTIST CHURCH","assetType":"Material Assistance - Clothing","dataYear":"2019","assetId":"917646","subcategory":"Public Assistance","detail":"https://classic.savi.org/SAVI/PopUps/AssetMoreInfo.aspx?AssetID=917646"}},{"type":"Feature","geometry":{"type":"Point","coordinates":[-86.81203263,39.76484058]},"properties":{"name":"TWO FISH FOOD PANTRY","assetType":"Material Assistance - Clothing","dataYear":"2019","assetId":"919215","subcategory":"Public Assistance","detail":"https://classic.savi.org/SAVI/PopUps/AssetMoreInfo.aspx?AssetID=919215"}},{"type":"Feature","geometry":{"type":"Point","coordinates":[-86.54314085,39.88469476]},"properties":{"name":"UNION TOWNSHIP TRUSTEE HENDRICKS COUNTY","assetType":"Material Assistance - Clothing","dataYear":"2019","assetId":"917009","subcategory":"Public Assistance","detail":"https://classic.savi.org/SAVI/PopUps/AssetMoreInfo.aspx?AssetID=917009"}},{"type":"Feature","geometry":{"type":"Point","coordinates":[-86.16447633,39.46193135]},"properties":{"name":"UNION TOWNSHIP TRUSTEE JOHNSON COUNTY","assetType":"Material Assistance - Clothing","dataYear":"2019","assetId":"917044","subcategory":"Public Assistance","detail":"https://classic.savi.org/SAVI/PopUps/AssetMoreInfo.aspx?AssetID=917044"}},{"type":"Feature","geometry":{"type":"Point","coordinates":[-85.62176391,40.1209244]},"properties":{"name":"UNION TOWNSHIP TRUSTEE MADISON COUNTY","assetType":"Material Assistance - Clothing","dataYear":"2019","assetId":"920017","subcategory":"Public Assistance","detail":"https://classic.savi.org/SAVI/PopUps/AssetMoreInfo.aspx?AssetID=920017"}},{"type":"Feature","geometry":{"type":"Point","coordinates":[-85.63724599,39.57183058]},"properties":{"name":"UNION TOWNSHIP TRUSTEE SHELBY COUNTY","assetType":"Material Assistance - Clothing","dataYear":"2019","assetId":"917097","subcategory":"Public Assistance","detail":"https://classic.savi.org/SAVI/PopUps/AssetMoreInfo.aspx?AssetID=917097"}},{"type":"Feature","geometry":{"type":"Point","coordinates":[-86.14347708,39.12668447]},"properties":{"name":"VAN BUREN TOWNSHIP TRUSTEE BROWN COUNTY","assetType":"Material Assistance - Clothing","dataYear":"2019","assetId":"917041","subcategory":"Public Assistance","detail":"https://classic.savi.org/SAVI/PopUps/AssetMoreInfo.aspx?AssetID=917041"}},{"type":"Feature","geometry":{"type":"Point","coordinates":[-85.74404601,39.66913659]},"properties":{"name":"VAN BUREN TOWNSHIP TRUSTEE SHELBY COUNTY","assetType":"Material Assistance - Clothing","dataYear":"2019","assetId":"922666","subcategory":"Public Assistance","detail":"https://classic.savi.org/SAVI/PopUps/AssetMoreInfo.aspx?AssetID=922666"}},{"type":"Feature","geometry":{"type":"Point","coordinates":[-85.85646521,39.92796225]},"properties":{"name":"VERNON TOWNSHIP TRUSTEE HANCOCK COUNTY","assetType":"Material Assistance - Clothing","dataYear":"2019","assetId":"922576","subcategory":"Public Assistance","detail":"https://classic.savi.org/SAVI/PopUps/AssetMoreInfo.aspx?AssetID=922576"}},{"type":"Feature","geometry":{"type":"Point","coordinates":[-86.81952471,39.59939565]},"properties":{"name":"WARREN TOWNSHIP TRUSTEE PUTNAM COUNTY","assetType":"Material Assistance - Clothing","dataYear":"2019","assetId":"920968","subcategory":"Public Assistance","detail":"https://classic.savi.org/SAVI/PopUps/AssetMoreInfo.aspx?AssetID=920968"}},{"type":"Feature","geometry":{"type":"Point","coordinates":[-86.56342846,40.13318676]},"properties":{"name":"WASHINGTON TOWNSHIP TRUSTEE BOONE COUNTY","assetType":"Material Assistance - Clothing","dataYear":"2019","assetId":"922459","subcategory":"Public Assistance","detail":"https://classic.savi.org/SAVI/PopUps/AssetMoreInfo.aspx?AssetID=922459"}},{"type":"Feature","geometry":{"type":"Point","coordinates":[-86.2437373,39.2064405]},"properties":{"name":"WASHINGTON TOWNSHIP TRUSTEE BROWN COUNTY","assetType":"Material Assistance - Clothing","dataYear":"2019","assetId":"917099","subcategory":"Public Assistance","detail":"https://classic.savi.org/SAVI/PopUps/AssetMoreInfo.aspx?AssetID=917099"}},{"type":"Feature","geometry":{"type":"Point","coordinates":[-86.13001059,40.00532333]},"properties":{"name":"WASHINGTON TOWNSHIP TRUSTEE HAMILTON COUNTY","assetType":"Material Assistance - Clothing","dataYear":"2019","assetId":"922812","subcategory":"Public Assistance","detail":"https://classic.savi.org/SAVI/PopUps/AssetMoreInfo.aspx?AssetID=922812"}},{"type":"Feature","geometry":{"type":"Point","coordinates":[-86.3866421,39.76133098]},"properties":{"name":"WASHINGTON TOWNSHIP TRUSTEE HENDRICKS COUNTY","assetType":"Material Assistance - Clothing","dataYear":"2019","assetId":"922809","subcategory":"Public Assistance","detail":"https://classic.savi.org/SAVI/PopUps/AssetMoreInfo.aspx?AssetID=922809"}},{"type":"Feature","geometry":{"type":"Point","coordinates":[-86.43058849,39.42760589]},"properties":{"name":"WASHINGTON TOWNSHIP TRUSTEE MORGAN COUNTY","assetType":"Material Assistance - Clothing","dataYear":"2019","assetId":"922790","subcategory":"Public Assistance","detail":"https://classic.savi.org/SAVI/PopUps/AssetMoreInfo.aspx?AssetID=922790"}},{"type":"Feature","geometry":{"type":"Point","coordinates":[-86.99324931,39.5106066]},"properties":{"name":"WASHINGTON TOWNSHIP TRUSTEE PUTNAM COUNTY","assetType":"Material Assistance - Clothing","dataYear":"2019","assetId":"920966","subcategory":"Public Assistance","detail":"https://classic.savi.org/SAVI/PopUps/AssetMoreInfo.aspx?AssetID=920966"}},{"type":"Feature","geometry":{"type":"Point","coordinates":[-85.827034,39.40805555]},"properties":{"name":"WASHINGTON TOWNSHIP TRUSTEE SHELBY COUNTY","assetType":"Material Assistance - Clothing","dataYear":"2019","assetId":"922759","subcategory":"Public Assistance","detail":"https://classic.savi.org/SAVI/PopUps/AssetMoreInfo.aspx?AssetID=922759"}},{"type":"Feature","geometry":{"type":"Point","coordinates":[-85.93821887,40.05050669]},"properties":{"name":"WAYNE TOWNSHIP TRUSTEE HAMILTON COUNTY","assetType":"Material Assistance - Clothing","dataYear":"2019","assetId":"922756","subcategory":"Public Assistance","detail":"https://classic.savi.org/SAVI/PopUps/AssetMoreInfo.aspx?AssetID=922756"}},{"type":"Feature","geometry":{"type":"Point","coordinates":[-86.22142189,39.81077681]},"properties":{"name":"WEST PREGNANCY CENTER","assetType":"Material Assistance - Clothing","dataYear":"2019","assetId":"920642","subcategory":"Public Assistance","detail":"https://classic.savi.org/SAVI/PopUps/AssetMoreInfo.aspx?AssetID=920642"}},{"type":"Feature","geometry":{"type":"Point","coordinates":[-86.22142189,39.81077681]},"properties":{"name":"WEST PREGNANCY CENTER","assetType":"Material Assistance - Clothing","dataYear":"2019","assetId":"920643","subcategory":"Public Assistance","detail":"https://classic.savi.org/SAVI/PopUps/AssetMoreInfo.aspx?AssetID=920643"}},{"type":"Feature","geometry":{"type":"Point","coordinates":[-86.15286529,39.72722035]},"properties":{"name":"WHEELER MISSION THRIFT STORE","assetType":"Material Assistance - Clothing","dataYear":"2019","assetId":"922729","subcategory":"Public Assistance","detail":"https://classic.savi.org/SAVI/PopUps/AssetMoreInfo.aspx?AssetID=922729"}},{"type":"Feature","geometry":{"type":"Point","coordinates":[-85.94058855,40.16133247]},"properties":{"name":"WHITE RIVER TOWNSHIP TRUSTEE HAMILTON COUNTY","assetType":"Material Assistance - Clothing","dataYear":"2019","assetId":"922708","subcategory":"Public Assistance","detail":"https://classic.savi.org/SAVI/PopUps/AssetMoreInfo.aspx?AssetID=922708"}},{"type":"Feature","geometry":{"type":"Point","coordinates":[-86.19677766,39.57247862]},"properties":{"name":"WHITE RIVER TOWNSHIP TRUSTEE JOHNSON COUNTY","assetType":"Material Assistance - Clothing","dataYear":"2019","assetId":"922705","subcategory":"Public Assistance","detail":"https://classic.savi.org/SAVI/PopUps/AssetMoreInfo.aspx?AssetID=922705"}},{"type":"Feature","geometry":{"type":"Point","coordinates":[-86.16543746,39.76736422]},"properties":{"name":"INDIANA DEPARTMENT OF NATURAL RESOURCES DNR","assetType":"Material Assistance - Discount Programs","dataYear":"2018","assetId":"918102","subcategory":"Public Assistance","detail":"https://classic.savi.org/SAVI/PopUps/AssetMoreInfo.aspx?AssetID=918102"}},{"type":"Feature","geometry":{"type":"Point","coordinates":[-86.05629591,39.48169183]},"properties":{"name":"Summer Cool Human Services Johnson County","assetType":"Material Assistance - Fans Air Conditioners","dataYear":"2011","assetId":"694185","subcategory":"Public Assistance","detail":"https://classic.savi.org/SAVI/PopUps/AssetMoreInfo.aspx?AssetID=694185"}},{"type":"Feature","geometry":{"type":"Point","coordinates":[-85.77208263,39.80334342]},"properties":{"name":"INTERLOCAL COMMUNITY ACTION PROGRAM ICAP HANCOCK COUNTY","assetType":"Material Assistance - Furnaces","dataYear":"2018","assetId":"918500","subcategory":"Public Assistance","detail":"https://classic.savi.org/SAVI/PopUps/AssetMoreInfo.aspx?AssetID=918500"}},{"type":"Feature","geometry":{"type":"Point","coordinates":[-86.48181069,40.04283987]},"properties":{"name":"Classic Reruns - Caring Center","assetType":"Material Assistance - Furniture","dataYear":"2011","assetId":"693184","subcategory":"Public Assistance","detail":"https://classic.savi.org/SAVI/PopUps/AssetMoreInfo.aspx?AssetID=693184"}},{"type":"Feature","geometry":{"type":"Point","coordinates":[-86.05311019,39.48876953]},"properties":{"name":"Lord s Cupboard Thrift Store","assetType":"Material Assistance - Furniture","dataYear":"2011","assetId":"694368","subcategory":"Public Assistance","detail":"https://classic.savi.org/SAVI/PopUps/AssetMoreInfo.aspx?AssetID=694368"}},{"type":"Feature","geometry":{"type":"Point","coordinates":[-86.42908145,39.42868015]},"properties":{"name":"Re-Store Habitat for Humanity of Morgan County","assetType":"Material Assistance - Furniture","dataYear":"2011","assetId":"695772","subcategory":"Public Assistance","detail":"https://classic.savi.org/SAVI/PopUps/AssetMoreInfo.aspx?AssetID=695772"}},{"type":"Feature","geometry":{"type":"Point","coordinates":[-86.139866,39.797612]},"properties":{"name":"ReStore Habitat for Humanity of Greater Indianapolis","assetType":"Material Assistance - Furniture","dataYear":"2011","assetId":"695199","subcategory":"Public Assistance","detail":"https://classic.savi.org/SAVI/PopUps/AssetMoreInfo.aspx?AssetID=695199"}},{"type":"Feature","geometry":{"type":"Point","coordinates":[-86.399732,39.770796]},"properties":{"name":"ReStore Habitat for Humanity of Hendricks County","assetType":"Material Assistance - Furniture","dataYear":"2011","assetId":"695993","subcategory":"Public Assistance","detail":"https://classic.savi.org/SAVI/PopUps/AssetMoreInfo.aspx?AssetID=695993"}},{"type":"Feature","geometry":{"type":"Point","coordinates":[-86.13792878,39.76469628]},"properties":{"name":"St Vincent de Paul Society - Furniture Household","assetType":"Material Assistance - Furniture","dataYear":"2011","assetId":"692549","subcategory":"Public Assistance","detail":"https://classic.savi.org/SAVI/PopUps/AssetMoreInfo.aspx?AssetID=692549"}},{"type":"Feature","geometry":{"type":"Point","coordinates":[-86.10616247,39.60969882]},"properties":{"name":"St Vincent de Paul Society of Johnson County - Household Goods","assetType":"Material Assistance - Furniture","dataYear":"2011","assetId":"693151","subcategory":"Public Assistance","detail":"https://classic.savi.org/SAVI/PopUps/AssetMoreInfo.aspx?AssetID=693151"}},{"type":"Feature","geometry":{"type":"Point","coordinates":[-86.48181069,40.04283987]},"properties":{"name":"Classic Reruns - Caring Center","assetType":"Material Assistance - General Resource Assistance","dataYear":"2011","assetId":"693183","subcategory":"Public Assistance","detail":"https://classic.savi.org/SAVI/PopUps/AssetMoreInfo.aspx?AssetID=693183"}},{"type":"Feature","geometry":{"type":"Point","coordinates":[-86.26947971,39.6858721]},"properties":{"name":"Decatur Township Trustee Marion County","assetType":"Material Assistance - General Resource Assistance","dataYear":"2011","assetId":"691216","subcategory":"Public Assistance","detail":"https://classic.savi.org/SAVI/PopUps/AssetMoreInfo.aspx?AssetID=691216"}},{"type":"Feature","geometry":{"type":"Point","coordinates":[-86.47431581,40.07236894]},"properties":{"name":"Goodwill Industries - Thrift Stores Boone County","assetType":"Material Assistance - General Resource Assistance","dataYear":"2011","assetId":"695764","subcategory":"Public Assistance","detail":"https://classic.savi.org/SAVI/PopUps/AssetMoreInfo.aspx?AssetID=695764"}},{"type":"Feature","geometry":{"type":"Point","coordinates":[-85.77052164,39.80944737]},"properties":{"name":"Goodwill Industries - Thrift Stores Hancock County","assetType":"Material Assistance - General Resource Assistance","dataYear":"2011","assetId":"695329","subcategory":"Public Assistance","detail":"https://classic.savi.org/SAVI/PopUps/AssetMoreInfo.aspx?AssetID=695329"}},{"type":"Feature","geometry":{"type":"Point","coordinates":[-86.42704424,39.40887877]},"properties":{"name":"Goodwill Industries - Thrift Stores Morgan County","assetType":"Material Assistance - General Resource Assistance","dataYear":"2011","assetId":"695332","subcategory":"Public Assistance","detail":"https://classic.savi.org/SAVI/PopUps/AssetMoreInfo.aspx?AssetID=695332"}},{"type":"Feature","geometry":{"type":"Point","coordinates":[-85.7528486,39.51787436]},"properties":{"name":"Goodwill Industries - Thrift Stores Shelby County","assetType":"Material Assistance - General Resource Assistance","dataYear":"2011","assetId":"695336","subcategory":"Public Assistance","detail":"https://classic.savi.org/SAVI/PopUps/AssetMoreInfo.aspx?AssetID=695336"}},{"type":"Feature","geometry":{"type":"Point","coordinates":[-86.099487,39.582304]},"properties":{"name":"His Hand Extended Trinity Broadcasting Network","assetType":"Material Assistance - General Resource Assistance","dataYear":"2011","assetId":"692525","subcategory":"Public Assistance","detail":"https://classic.savi.org/SAVI/PopUps/AssetMoreInfo.aspx?AssetID=692525"}},{"type":"Feature","geometry":{"type":"Point","coordinates":[-86.15107145,39.41616445]},"properties":{"name":"Lord s Locker Shopping","assetType":"Material Assistance - General Resource Assistance","dataYear":"2011","assetId":"694146","subcategory":"Public Assistance","detail":"https://classic.savi.org/SAVI/PopUps/AssetMoreInfo.aspx?AssetID=694146"}},{"type":"Feature","geometry":{"type":"Point","coordinates":[-86.14739318,39.99910389]},"properties":{"name":"Our Lady of Mt Carmel - HELP Committee","assetType":"Material Assistance - General Resource Assistance","dataYear":"2011","assetId":"693174","subcategory":"Public Assistance","detail":"https://classic.savi.org/SAVI/PopUps/AssetMoreInfo.aspx?AssetID=693174"}},{"type":"Feature","geometry":{"type":"Point","coordinates":[-86.42908145,39.42868015]},"properties":{"name":"Re-Store Habitat for Humanity of Morgan County","assetType":"Material Assistance - General Resource Assistance","dataYear":"2011","assetId":"695770","subcategory":"Public Assistance","detail":"https://classic.savi.org/SAVI/PopUps/AssetMoreInfo.aspx?AssetID=695770"}},{"type":"Feature","geometry":{"type":"Point","coordinates":[-86.139866,39.797612]},"properties":{"name":"ReStore Habitat for Humanity of Greater Indianapolis","assetType":"Material Assistance - General Resource Assistance","dataYear":"2011","assetId":"695201","subcategory":"Public Assistance","detail":"https://classic.savi.org/SAVI/PopUps/AssetMoreInfo.aspx?AssetID=695201"}},{"type":"Feature","geometry":{"type":"Point","coordinates":[-86.399732,39.770796]},"properties":{"name":"ReStore Habitat for Humanity of Hendricks County","assetType":"Material Assistance - General Resource Assistance","dataYear":"2011","assetId":"695991","subcategory":"Public Assistance","detail":"https://classic.savi.org/SAVI/PopUps/AssetMoreInfo.aspx?AssetID=695991"}},{"type":"Feature","geometry":{"type":"Point","coordinates":[-86.42674159,39.42795964]},"properties":{"name":"Red Barn - Thrift Shop Clothing Bank","assetType":"Material Assistance - General Resource Assistance","dataYear":"2011","assetId":"692502","subcategory":"Public Assistance","detail":"https://classic.savi.org/SAVI/PopUps/AssetMoreInfo.aspx?AssetID=692502"}},{"type":"Feature","geometry":{"type":"Point","coordinates":[-85.77380266,39.52454173]},"properties":{"name":"Salvation Army Shelby County - Thrift Store","assetType":"Material Assistance - General Resource Assistance","dataYear":"2011","assetId":"693393","subcategory":"Public Assistance","detail":"https://classic.savi.org/SAVI/PopUps/AssetMoreInfo.aspx?AssetID=693393"}},{"type":"Feature","geometry":{"type":"Point","coordinates":[-86.13792878,39.76469628]},"properties":{"name":"St Vincent de Paul Society - Furniture Household","assetType":"Material Assistance - General Resource Assistance","dataYear":"2011","assetId":"692547","subcategory":"Public Assistance","detail":"https://classic.savi.org/SAVI/PopUps/AssetMoreInfo.aspx?AssetID=692547"}},{"type":"Feature","geometry":{"type":"Point","coordinates":[-86.10616247,39.60969882]},"properties":{"name":"St Vincent de Paul Society of Johnson County - Household Goods","assetType":"Material Assistance - General Resource Assistance","dataYear":"2011","assetId":"693153","subcategory":"Public Assistance","detail":"https://classic.savi.org/SAVI/PopUps/AssetMoreInfo.aspx?AssetID=693153"}},{"type":"Feature","geometry":{"type":"Point","coordinates":[-86.18701455,39.91156825]},"properties":{"name":"Thrifty Threads The Julian Center","assetType":"Material Assistance - General Resource Assistance","dataYear":"2011","assetId":"691439","subcategory":"Public Assistance","detail":"https://classic.savi.org/SAVI/PopUps/AssetMoreInfo.aspx?AssetID=691439"}},{"type":"Feature","geometry":{"type":"Point","coordinates":[-86.10421981,39.78150045]},"properties":{"name":"Value Village AMVETS","assetType":"Material Assistance - General Resource Assistance","dataYear":"2011","assetId":"696596","subcategory":"Public Assistance","detail":"https://classic.savi.org/SAVI/PopUps/AssetMoreInfo.aspx?AssetID=696596"}},{"type":"Feature","geometry":{"type":"Point","coordinates":[-86.12274754,39.84771028]},"properties":{"name":"Value Village AMVETS","assetType":"Material Assistance - General Resource Assistance","dataYear":"2011","assetId":"696601","subcategory":"Public Assistance","detail":"https://classic.savi.org/SAVI/PopUps/AssetMoreInfo.aspx?AssetID=696601"}},{"type":"Feature","geometry":{"type":"Point","coordinates":[-86.24384802,39.82381056]},"properties":{"name":"Value Village AMVETS","assetType":"Material Assistance - General Resource Assistance","dataYear":"2011","assetId":"696599","subcategory":"Public Assistance","detail":"https://classic.savi.org/SAVI/PopUps/AssetMoreInfo.aspx?AssetID=696599"}},{"type":"Feature","geometry":{"type":"Point","coordinates":[-86.13797746,39.75222743]},"properties":{"name":"Value Village AMVETS","assetType":"Material Assistance - General Resource Assistance","dataYear":"2011","assetId":"695338","subcategory":"Public Assistance","detail":"https://classic.savi.org/SAVI/PopUps/AssetMoreInfo.aspx?AssetID=695338"}},{"type":"Feature","geometry":{"type":"Point","coordinates":[-85.99462353,40.08791973]},"properties":{"name":"BETHEL LUTHERAN CHURCH","assetType":"Material Assistance - Personal Goods","dataYear":"2013","assetId":"797745","subcategory":"Public Assistance","detail":"https://classic.savi.org/SAVI/PopUps/AssetMoreInfo.aspx?AssetID=797745"}},{"type":"Feature","geometry":{"type":"Point","coordinates":[-86.48181004,40.04283809]},"properties":{"name":"CARING CENTER","assetType":"Material Assistance - Personal Goods","dataYear":"2013","assetId":"796638","subcategory":"Public Assistance","detail":"https://classic.savi.org/SAVI/PopUps/AssetMoreInfo.aspx?AssetID=796638"}},{"type":"Feature","geometry":{"type":"Point","coordinates":[-86.13178095,39.64214072]},"properties":{"name":"CHRIST UNITED METHODIST CHURCH","assetType":"Material Assistance - Personal Goods","dataYear":"2013","assetId":"796951","subcategory":"Public Assistance","detail":"https://classic.savi.org/SAVI/PopUps/AssetMoreInfo.aspx?AssetID=796951"}},{"type":"Feature","geometry":{"type":"Point","coordinates":[-86.11079722,39.712635]},"properties":{"name":"CHURCH OF ACTS","assetType":"Material Assistance - Personal Goods","dataYear":"2013","assetId":"798842","subcategory":"Public Assistance","detail":"https://classic.savi.org/SAVI/PopUps/AssetMoreInfo.aspx?AssetID=798842"}},{"type":"Feature","geometry":{"type":"Point","coordinates":[-86.39274786,39.89348766]},"properties":{"name":"CORNERSTONE CHRISTIAN CHURCH","assetType":"Material Assistance - Personal Goods","dataYear":"2013","assetId":"797364","subcategory":"Public Assistance","detail":"https://classic.savi.org/SAVI/PopUps/AssetMoreInfo.aspx?AssetID=797364"}},{"type":"Feature","geometry":{"type":"Point","coordinates":[-86.5349077,39.75695842]},"properties":{"name":"DANVILLE UNITED METHODIST CHURCH","assetType":"Material Assistance - Personal Goods","dataYear":"2013","assetId":"797130","subcategory":"Public Assistance","detail":"https://classic.savi.org/SAVI/PopUps/AssetMoreInfo.aspx?AssetID=797130"}},{"type":"Feature","geometry":{"type":"Point","coordinates":[-85.96556571,39.35395517]},"properties":{"name":"EDINBURGH FOOD PANTRY","assetType":"Material Assistance - Personal Goods","dataYear":"2013","assetId":"797625","subcategory":"Public Assistance","detail":"https://classic.savi.org/SAVI/PopUps/AssetMoreInfo.aspx?AssetID=797625"}},{"type":"Feature","geometry":{"type":"Point","coordinates":[-86.00274729,39.95709673]},"properties":{"name":"FISHERS UNITED METHODIST CHURCH","assetType":"Material Assistance - Personal Goods","dataYear":"2013","assetId":"797858","subcategory":"Public Assistance","detail":"https://classic.savi.org/SAVI/PopUps/AssetMoreInfo.aspx?AssetID=797858"}},{"type":"Feature","geometry":{"type":"Point","coordinates":[-86.13160802,39.75228669]},"properties":{"name":"FLETCHER PLACE COMMUNITY CENTER","assetType":"Material Assistance - Personal Goods","dataYear":"2013","assetId":"797832","subcategory":"Public Assistance","detail":"https://classic.savi.org/SAVI/PopUps/AssetMoreInfo.aspx?AssetID=797832"}},{"type":"Feature","geometry":{"type":"Point","coordinates":[-86.11932949,39.80903751]},"properties":{"name":"GREATER TRUE GOSPEL TABERNACLE","assetType":"Material Assistance - Personal Goods","dataYear":"2013","assetId":"796945","subcategory":"Public Assistance","detail":"https://classic.savi.org/SAVI/PopUps/AssetMoreInfo.aspx?AssetID=796945"}},{"type":"Feature","geometry":{"type":"Point","coordinates":[-86.52199688,39.61621613]},"properties":{"name":"HAZELWOOD CHRISTIAN CHURCH","assetType":"Material Assistance - Personal Goods","dataYear":"2013","assetId":"799002","subcategory":"Public Assistance","detail":"https://classic.savi.org/SAVI/PopUps/AssetMoreInfo.aspx?AssetID=799002"}},{"type":"Feature","geometry":{"type":"Point","coordinates":[-86.15588929,39.78072763]},"properties":{"name":"HVAF OF INDIANA","assetType":"Material Assistance - Personal Goods","dataYear":"2013","assetId":"797398","subcategory":"Public Assistance","detail":"https://classic.savi.org/SAVI/PopUps/AssetMoreInfo.aspx?AssetID=797398"}},{"type":"Feature","geometry":{"type":"Point","coordinates":[-86.15107145,39.41616445]},"properties":{"name":"LORD S LOCKER","assetType":"Material Assistance - Personal Goods","dataYear":"2013","assetId":"797223","subcategory":"Public Assistance","detail":"https://classic.savi.org/SAVI/PopUps/AssetMoreInfo.aspx?AssetID=797223"}},{"type":"Feature","geometry":{"type":"Point","coordinates":[-85.77928777,39.80409527]},"properties":{"name":"LOVE IN THE NAME OF CHRIST LOVE INC OF GREATER HANCOCK COUNTY","assetType":"Material Assistance - Personal Goods","dataYear":"2013","assetId":"797327","subcategory":"Public Assistance","detail":"https://classic.savi.org/SAVI/PopUps/AssetMoreInfo.aspx?AssetID=797327"}},{"type":"Feature","geometry":{"type":"Point","coordinates":[-86.156636,39.816287]},"properties":{"name":"MID-NORTH FOOD PANTRY","assetType":"Material Assistance - Personal Goods","dataYear":"2013","assetId":"797823","subcategory":"Public Assistance","detail":"https://classic.savi.org/SAVI/PopUps/AssetMoreInfo.aspx?AssetID=797823"}},{"type":"Feature","geometry":{"type":"Point","coordinates":[-86.12853496,40.04183688]},"properties":{"name":"OPEN DOORS OF WESTFIELD WASHINGTON TOWNSHIP","assetType":"Material Assistance - Personal Goods","dataYear":"2013","assetId":"798530","subcategory":"Public Assistance","detail":"https://classic.savi.org/SAVI/PopUps/AssetMoreInfo.aspx?AssetID=798530"}},{"type":"Feature","geometry":{"type":"Point","coordinates":[-86.39237265,39.70335826]},"properties":{"name":"PLAINFIELD FEDERATION OF CHURCHES - CHRISTIAN SUPPORT CENTER","assetType":"Material Assistance - Personal Goods","dataYear":"2013","assetId":"798931","subcategory":"Public Assistance","detail":"https://classic.savi.org/SAVI/PopUps/AssetMoreInfo.aspx?AssetID=798931"}},{"type":"Feature","geometry":{"type":"Point","coordinates":[-86.13519607,39.79039609]},"properties":{"name":"SAINT JOHN S MISSIONARY BAPTIST CHURCH","assetType":"Material Assistance - Personal Goods","dataYear":"2013","assetId":"798972","subcategory":"Public Assistance","detail":"https://classic.savi.org/SAVI/PopUps/AssetMoreInfo.aspx?AssetID=798972"}},{"type":"Feature","geometry":{"type":"Point","coordinates":[-86.11042214,39.61216202]},"properties":{"name":"SALVATION ARMY JOHNSON COUNTY CORPS","assetType":"Material Assistance - Personal Goods","dataYear":"2013","assetId":"798099","subcategory":"Public Assistance","detail":"https://classic.savi.org/SAVI/PopUps/AssetMoreInfo.aspx?AssetID=798099"}},{"type":"Feature","geometry":{"type":"Point","coordinates":[-85.77406091,39.52454825]},"properties":{"name":"SALVATION ARMY SHELBYVILLE CORPS","assetType":"Material Assistance - Personal Goods","dataYear":"2013","assetId":"798814","subcategory":"Public Assistance","detail":"https://classic.savi.org/SAVI/PopUps/AssetMoreInfo.aspx?AssetID=798814"}},{"type":"Feature","geometry":{"type":"Point","coordinates":[-86.08896711,39.74544806]},"properties":{"name":"SOUTHEASTERN CHRISTIAN FELLOWSHIP CHURCH","assetType":"Material Assistance - Personal Goods","dataYear":"2013","assetId":"797338","subcategory":"Public Assistance","detail":"https://classic.savi.org/SAVI/PopUps/AssetMoreInfo.aspx?AssetID=797338"}},{"type":"Feature","geometry":{"type":"Point","coordinates":[-86.05413594,39.73062498]},"properties":{"name":"SOUTHEASTERN CHURCH OF CHRIST","assetType":"Material Assistance - Personal Goods","dataYear":"2013","assetId":"798905","subcategory":"Public Assistance","detail":"https://classic.savi.org/SAVI/PopUps/AssetMoreInfo.aspx?AssetID=798905"}},{"type":"Feature","geometry":{"type":"Point","coordinates":[-86.09722532,39.76999529]},"properties":{"name":"TUXEDO PARK BAPTIST CHURCH","assetType":"Material Assistance - Personal Goods","dataYear":"2013","assetId":"798920","subcategory":"Public Assistance","detail":"https://classic.savi.org/SAVI/PopUps/AssetMoreInfo.aspx?AssetID=798920"}},{"type":"Feature","geometry":{"type":"Point","coordinates":[-86.41408907,39.76326614]},"properties":{"name":"AVON PARKSIDE CHURCH OF THE NAZARENE","assetType":"Thrift Shops","dataYear":"2018","assetId":"917342","subcategory":"Public Assistance","detail":"https://classic.savi.org/SAVI/PopUps/AssetMoreInfo.aspx?AssetID=917342"}},{"type":"Feature","geometry":{"type":"Point","coordinates":[-86.24715136,39.20340501]},"properties":{"name":"BROWN COUNTY COMMUNITY CLOSET","assetType":"Thrift Shops","dataYear":"2018","assetId":"917019","subcategory":"Public Assistance","detail":"https://classic.savi.org/SAVI/PopUps/AssetMoreInfo.aspx?AssetID=917019"}},{"type":"Feature","geometry":{"type":"Point","coordinates":[-86.15342765,39.77694703]},"properties":{"name":"CENTRAL CHRISTIAN CHURCH","assetType":"Thrift Shops","dataYear":"2018","assetId":"922351","subcategory":"Public Assistance","detail":"https://classic.savi.org/SAVI/PopUps/AssetMoreInfo.aspx?AssetID=922351"}},{"type":"Feature","geometry":{"type":"Point","coordinates":[-86.42908695,39.42854193]},"properties":{"name":"HABITAT FOR HUMANITY OF MORGAN COUNTY","assetType":"Thrift Shops","dataYear":"2018","assetId":"918741","subcategory":"Public Assistance","detail":"https://classic.savi.org/SAVI/PopUps/AssetMoreInfo.aspx?AssetID=918741"}},{"type":"Feature","geometry":{"type":"Point","coordinates":[-85.76775887,39.78097359]},"properties":{"name":"HANCOCK HOPE HOUSE","assetType":"Thrift Shops","dataYear":"2018","assetId":"918675","subcategory":"Public Assistance","detail":"https://classic.savi.org/SAVI/PopUps/AssetMoreInfo.aspx?AssetID=918675"}},{"type":"Feature","geometry":{"type":"Point","coordinates":[-86.19691297,39.75120975]},"properties":{"name":"HOPE CHEST THRIFT STORE","assetType":"Thrift Shops","dataYear":"2018","assetId":"922126","subcategory":"Public Assistance","detail":"https://classic.savi.org/SAVI/PopUps/AssetMoreInfo.aspx?AssetID=922126"}},{"type":"Feature","geometry":{"type":"Point","coordinates":[-86.34793845,39.59775813]},"properties":{"name":"MOORESVILLE SENIOR CITIZENS CENTER","assetType":"Thrift Shops","dataYear":"2018","assetId":"919302","subcategory":"Public Assistance","detail":"https://classic.savi.org/SAVI/PopUps/AssetMoreInfo.aspx?AssetID=919302"}},{"type":"Feature","geometry":{"type":"Point","coordinates":[-86.00985432,40.03351339]},"properties":{"name":"NOBLESVILLE SOCIETY OF SAINT VINCENT DE PAUL","assetType":"Thrift Shops","dataYear":"2018","assetId":"922102","subcategory":"Public Assistance","detail":"https://classic.savi.org/SAVI/PopUps/AssetMoreInfo.aspx?AssetID=922102"}},{"type":"Feature","geometry":{"type":"Point","coordinates":[-86.1320807,39.96426217]},"properties":{"name":"PRIMELIFE ENRICHMENT","assetType":"Thrift Shops","dataYear":"2018","assetId":"918629","subcategory":"Public Assistance","detail":"https://classic.savi.org/SAVI/PopUps/AssetMoreInfo.aspx?AssetID=918629"}},{"type":"Feature","geometry":{"type":"Point","coordinates":[-86.42679036,39.42813683]},"properties":{"name":"RED BARN","assetType":"Thrift Shops","dataYear":"2018","assetId":"917638","subcategory":"Public Assistance","detail":"https://classic.savi.org/SAVI/PopUps/AssetMoreInfo.aspx?AssetID=917638"}},{"type":"Feature","geometry":{"type":"Point","coordinates":[-85.67965196,40.10968414]},"properties":{"name":"RED DOOR VINTAGE AND THRIFT","assetType":"Thrift Shops","dataYear":"2018","assetId":"920031","subcategory":"Public Assistance","detail":"https://classic.savi.org/SAVI/PopUps/AssetMoreInfo.aspx?AssetID=920031"}},{"type":"Feature","geometry":{"type":"Point","coordinates":[-86.39172024,39.7038734]},"properties":{"name":"SAINT MARK S EPISCOPAL CHURCH","assetType":"Thrift Shops","dataYear":"2018","assetId":"917311","subcategory":"Public Assistance","detail":"https://classic.savi.org/SAVI/PopUps/AssetMoreInfo.aspx?AssetID=917311"}},{"type":"Feature","geometry":{"type":"Point","coordinates":[-86.13702292,39.76446294]},"properties":{"name":"SAINT VINCENT DE PAUL MISSION 27 RESALE","assetType":"Thrift Shops","dataYear":"2018","assetId":"917548","subcategory":"Public Assistance","detail":"https://classic.savi.org/SAVI/PopUps/AssetMoreInfo.aspx?AssetID=917548"}},{"type":"Feature","geometry":{"type":"Point","coordinates":[-86.02111245,39.7734413]},"properties":{"name":"SALVATION ARMY THRIFT STORE","assetType":"Thrift Shops","dataYear":"2018","assetId":"917628","subcategory":"Public Assistance","detail":"https://classic.savi.org/SAVI/PopUps/AssetMoreInfo.aspx?AssetID=917628"}},{"type":"Feature","geometry":{"type":"Point","coordinates":[-85.99764629,40.03979458]},"properties":{"name":"SALVATION ARMY THRIFT STORE","assetType":"Thrift Shops","dataYear":"2018","assetId":"917807","subcategory":"Public Assistance","detail":"https://classic.savi.org/SAVI/PopUps/AssetMoreInfo.aspx?AssetID=917807"}},{"type":"Feature","geometry":{"type":"Point","coordinates":[-86.18242935,39.91046364]},"properties":{"name":"SALVATION ARMY THRIFT STORE","assetType":"Thrift Shops","dataYear":"2018","assetId":"917534","subcategory":"Public Assistance","detail":"https://classic.savi.org/SAVI/PopUps/AssetMoreInfo.aspx?AssetID=917534"}},{"type":"Feature","geometry":{"type":"Point","coordinates":[-86.14481232,39.76627177]},"properties":{"name":"SALVATION ARMY THRIFT STORE","assetType":"Thrift Shops","dataYear":"2018","assetId":"917808","subcategory":"Public Assistance","detail":"https://classic.savi.org/SAVI/PopUps/AssetMoreInfo.aspx?AssetID=917808"}},{"type":"Feature","geometry":{"type":"Point","coordinates":[-86.46081896,40.04263244]},"properties":{"name":"THE CARING CENTER - CLASSIC RERUNS","assetType":"Thrift Shops","dataYear":"2018","assetId":"922321","subcategory":"Public Assistance","detail":"https://classic.savi.org/SAVI/PopUps/AssetMoreInfo.aspx?AssetID=922321"}},{"type":"Feature","geometry":{"type":"Point","coordinates":[-86.01120668,40.01809204]},"properties":{"name":"THIRD PHASE","assetType":"Thrift Shops","dataYear":"2018","assetId":"917253","subcategory":"Public Assistance","detail":"https://classic.savi.org/SAVI/PopUps/AssetMoreInfo.aspx?AssetID=917253"}},{"type":"Feature","geometry":{"type":"Point","coordinates":[-86.18582147,39.91207098]},"properties":{"name":"THRIFTY THREADS","assetType":"Thrift Shops","dataYear":"2018","assetId":"922464","subcategory":"Public Assistance","detail":"https://classic.savi.org/SAVI/PopUps/AssetMoreInfo.aspx?AssetID=922464"}},{"type":"Feature","geometry":{"type":"Point","coordinates":[-86.15286529,39.72722035]},"properties":{"name":"WHEELER MISSION THRIFT STORE","assetType":"Thrift Shops","dataYear":"2018","assetId":"922728","subcategory":"Public Assistance","detail":"https://classic.savi.org/SAVI/PopUps/AssetMoreInfo.aspx?AssetID=922728"}},{"type":"Feature","geometry":{"type":"Point","coordinates":[-86.01170337,39.82745989]},"properties":{"name":"COMMUNITY ALLIANCE OF THE FAR EASTSIDE CAF","assetType":"Material Assistance - Work Clothing","dataYear":"2017","assetId":"878177","subcategory":"Public Assistance","detail":"https://classic.savi.org/SAVI/PopUps/AssetMoreInfo.aspx?AssetID=878177"}},{"type":"Feature","geometry":{"type":"Point","coordinates":[-86.01170337,39.82745989]},"properties":{"name":"COMMUNITY ALLIANCE OF THE FAR EASTSIDE CAF","assetType":"Material Assistance - Work Clothing","dataYear":"2017","assetId":"863384","subcategory":"Public Assistance","detail":"https://classic.savi.org/SAVI/PopUps/AssetMoreInfo.aspx?AssetID=863384"}},{"type":"Feature","geometry":{"type":"Point","coordinates":[-86.28780601,39.249549]},"properties":{"name":"JACKSON TOWNSHIP TRUSTEE BROWN COUNTY","assetType":"Material Assistance - Work Clothing","dataYear":"2017","assetId":"863723","subcategory":"Public Assistance","detail":"https://classic.savi.org/SAVI/PopUps/AssetMoreInfo.aspx?AssetID=863723"}},{"type":"Feature","geometry":{"type":"Point","coordinates":[-86.22043078,40.1369393]},"properties":{"name":"ADAMS TOWNSHIP TRUSTEE HAMILTON COUNTY","assetType":"Charter Elementary And High Schools","dataYear":"2018","assetId":"918482","subcategory":"Public Assistance","detail":"https://classic.savi.org/SAVI/PopUps/AssetMoreInfo.aspx?AssetID=918482"}},{"type":"Feature","geometry":{"type":"Point","coordinates":[-85.65404433,39.99248624]},"properties":{"name":"ADAMS TOWNSHIP TRUSTEE MADISON COUNTY","assetType":"Charter Elementary And High Schools","dataYear":"2018","assetId":"920474","subcategory":"Public Assistance","detail":"https://classic.savi.org/SAVI/PopUps/AssetMoreInfo.aspx?AssetID=920474"}},{"type":"Feature","geometry":{"type":"Point","coordinates":[-86.58560197,39.52107037]},"properties":{"name":"ADAMS TOWNSHIP TRUSTEE MORGAN COUNTY","assetType":"Charter Elementary And High Schools","dataYear":"2018","assetId":"918250","subcategory":"Public Assistance","detail":"https://classic.savi.org/SAVI/PopUps/AssetMoreInfo.aspx?AssetID=918250"}},{"type":"Feature","geometry":{"type":"Point","coordinates":[-85.774411,39.51964958]},"properties":{"name":"ADDISON TOWNSHIP TRUSTEE SHELBY COUNTY","assetType":"Charter Elementary And High Schools","dataYear":"2018","assetId":"920489","subcategory":"Public Assistance","detail":"https://classic.savi.org/SAVI/PopUps/AssetMoreInfo.aspx?AssetID=920489"}},{"type":"Feature","geometry":{"type":"Point","coordinates":[-85.68067007,40.10393727]},"properties":{"name":"ANDERSON FIRST UNITED METHODIST CHURCH","assetType":"Charter Elementary And High Schools","dataYear":"2018","assetId":"920035","subcategory":"Public Assistance","detail":"https://classic.savi.org/SAVI/PopUps/AssetMoreInfo.aspx?AssetID=920035"}},{"type":"Feature","geometry":{"type":"Point","coordinates":[-85.69186383,40.0876172]},"properties":{"name":"ANDERSON TOWNSHIP TRUSTEE MADISON COUNTY","assetType":"Charter Elementary And High Schools","dataYear":"2018","assetId":"920005","subcategory":"Public Assistance","detail":"https://classic.savi.org/SAVI/PopUps/AssetMoreInfo.aspx?AssetID=920005"}},{"type":"Feature","geometry":{"type":"Point","coordinates":[-86.59015368,39.46594941]},"properties":{"name":"ASHLAND TOWNSHIP TRUSTEE MORGAN COUNTY","assetType":"Charter Elementary And High Schools","dataYear":"2018","assetId":"918042","subcategory":"Public Assistance","detail":"https://classic.savi.org/SAVI/PopUps/AssetMoreInfo.aspx?AssetID=918042"}},{"type":"Feature","geometry":{"type":"Point","coordinates":[-86.53976457,39.36099715]},"properties":{"name":"BAKER TOWNSHIP TRUSTEE MORGAN COUNTY","assetType":"Charter Elementary And High Schools","dataYear":"2018","assetId":"917861","subcategory":"Public Assistance","detail":"https://classic.savi.org/SAVI/PopUps/AssetMoreInfo.aspx?AssetID=917861"}},{"type":"Feature","geometry":{"type":"Point","coordinates":[-85.67692841,39.77189764]},"properties":{"name":"BLUE RIVER TOWNSHIP TRUSTEE HANCOCK COUNTY","assetType":"Charter Elementary And High Schools","dataYear":"2018","assetId":"922592","subcategory":"Public Assistance","detail":"https://classic.savi.org/SAVI/PopUps/AssetMoreInfo.aspx?AssetID=922592"}},{"type":"Feature","geometry":{"type":"Point","coordinates":[-85.96678325,39.35439477]},"properties":{"name":"BLUE RIVER TOWNSHIP TRUSTEE JOHNSON COUNTY","assetType":"Charter Elementary And High Schools","dataYear":"2018","assetId":"922380","subcategory":"Public Assistance","detail":"https://classic.savi.org/SAVI/PopUps/AssetMoreInfo.aspx?AssetID=922380"}},{"type":"Feature","geometry":{"type":"Point","coordinates":[-85.74290931,40.37568005]},"properties":{"name":"BOONE TOWNSHIP TRUSTEE MADISON COUNTY","assetType":"Charter Elementary And High Schools","dataYear":"2018","assetId":"920672","subcategory":"Public Assistance","detail":"https://classic.savi.org/SAVI/PopUps/AssetMoreInfo.aspx?AssetID=920672"}},{"type":"Feature","geometry":{"type":"Point","coordinates":[-86.24715136,39.20340501]},"properties":{"name":"BROWN COUNTY COMMUNITY CLOSET","assetType":"Charter Elementary And High Schools","dataYear":"2018","assetId":"917067","subcategory":"Public Assistance","detail":"https://classic.savi.org/SAVI/PopUps/AssetMoreInfo.aspx?AssetID=917067"}},{"type":"Feature","geometry":{"type":"Point","coordinates":[-86.39294095,39.90907004]},"properties":{"name":"BROWN TOWNSHIP TRUSTEE HENDRICKS COUNTY","assetType":"Charter Elementary And High Schools","dataYear":"2018","assetId":"917940","subcategory":"Public Assistance","detail":"https://classic.savi.org/SAVI/PopUps/AssetMoreInfo.aspx?AssetID=917940"}},{"type":"Feature","geometry":{"type":"Point","coordinates":[-86.36192889,39.6195823]},"properties":{"name":"BROWN TOWNSHIP TRUSTEE MORGAN COUNTY","assetType":"Charter Elementary And High Schools","dataYear":"2018","assetId":"917954","subcategory":"Public Assistance","detail":"https://classic.savi.org/SAVI/PopUps/AssetMoreInfo.aspx?AssetID=917954"}},{"type":"Feature","geometry":{"type":"Point","coordinates":[-86.39744444,39.84408263]},"properties":{"name":"BROWNSBURG POLICE DEPARTMENT","assetType":"Charter Elementary And High Schools","dataYear":"2018","assetId":"922209","subcategory":"Public Assistance","detail":"https://classic.savi.org/SAVI/PopUps/AssetMoreInfo.aspx?AssetID=922209"}},{"type":"Feature","geometry":{"type":"Point","coordinates":[-85.90476499,39.84593559]},"properties":{"name":"BUCK CREEK TOWNSHIP TRUSTEE HANCOCK COUNTY","assetType":"Charter Elementary And High Schools","dataYear":"2018","assetId":"917717","subcategory":"Public Assistance","detail":"https://classic.savi.org/SAVI/PopUps/AssetMoreInfo.aspx?AssetID=917717"}},{"type":"Feature","geometry":{"type":"Point","coordinates":[-86.15913237,39.78656668]},"properties":{"name":"CATHOLIC CHARITIES CRISIS OFFICE","assetType":"Charter Elementary And High Schools","dataYear":"2018","assetId":"922543","subcategory":"Public Assistance","detail":"https://classic.savi.org/SAVI/PopUps/AssetMoreInfo.aspx?AssetID=922543"}},{"type":"Feature","geometry":{"type":"Point","coordinates":[-86.47085009,40.05665059]},"properties":{"name":"CENTER TOWNSHIP TRUSTEE BOONE COUNTY","assetType":"Charter Elementary And High Schools","dataYear":"2018","assetId":"922403","subcategory":"Public Assistance","detail":"https://classic.savi.org/SAVI/PopUps/AssetMoreInfo.aspx?AssetID=922403"}},{"type":"Feature","geometry":{"type":"Point","coordinates":[-85.77210611,39.80356082]},"properties":{"name":"CENTER TOWNSHIP TRUSTEE HANCOCK COUNTY","assetType":"Charter Elementary And High Schools","dataYear":"2018","assetId":"922480","subcategory":"Public Assistance","detail":"https://classic.savi.org/SAVI/PopUps/AssetMoreInfo.aspx?AssetID=922480"}},{"type":"Feature","geometry":{"type":"Point","coordinates":[-86.52411116,39.75972715]},"properties":{"name":"CENTER TOWNSHIP TRUSTEE HENDRICKS COUNTY","assetType":"Charter Elementary And High Schools","dataYear":"2018","assetId":"922425","subcategory":"Public Assistance","detail":"https://classic.savi.org/SAVI/PopUps/AssetMoreInfo.aspx?AssetID=922425"}},{"type":"Feature","geometry":{"type":"Point","coordinates":[-86.14313087,39.7788428]},"properties":{"name":"CENTER TOWNSHIP TRUSTEE MARION COUNTY","assetType":"Charter Elementary And High Schools","dataYear":"2018","assetId":"922359","subcategory":"Public Assistance","detail":"https://classic.savi.org/SAVI/PopUps/AssetMoreInfo.aspx?AssetID=922359"}},{"type":"Feature","geometry":{"type":"Point","coordinates":[-86.15725157,39.7687778]},"properties":{"name":"CHRIST CHURCH CATHEDRAL","assetType":"Charter Elementary And High Schools","dataYear":"2018","assetId":"922288","subcategory":"Public Assistance","detail":"https://classic.savi.org/SAVI/PopUps/AssetMoreInfo.aspx?AssetID=922288"}},{"type":"Feature","geometry":{"type":"Point","coordinates":[-86.37452847,39.61209216]},"properties":{"name":"CHURCHES IN MISSION","assetType":"Charter Elementary And High Schools","dataYear":"2018","assetId":"921977","subcategory":"Public Assistance","detail":"https://classic.savi.org/SAVI/PopUps/AssetMoreInfo.aspx?AssetID=921977"}},{"type":"Feature","geometry":{"type":"Point","coordinates":[-86.42953447,39.42907823]},"properties":{"name":"CHURCHES IN MISSION - MARTINSVILLE","assetType":"Charter Elementary And High Schools","dataYear":"2018","assetId":"921898","subcategory":"Public Assistance","detail":"https://classic.savi.org/SAVI/PopUps/AssetMoreInfo.aspx?AssetID=921898"}},{"type":"Feature","geometry":{"type":"Point","coordinates":[-85.98146777,39.61091717]},"properties":{"name":"CLARK TOWNSHIP TRUSTEE JOHNSON COUNTY","assetType":"Charter Elementary And High Schools","dataYear":"2018","assetId":"921566","subcategory":"Public Assistance","detail":"https://classic.savi.org/SAVI/PopUps/AssetMoreInfo.aspx?AssetID=921566"}},{"type":"Feature","geometry":{"type":"Point","coordinates":[-86.14561577,39.94343504]},"properties":{"name":"CLAY TOWNSHIP TRUSTEE HAMILTON COUNTY","assetType":"Charter Elementary And High Schools","dataYear":"2018","assetId":"921788","subcategory":"Public Assistance","detail":"https://classic.savi.org/SAVI/PopUps/AssetMoreInfo.aspx?AssetID=921788"}},{"type":"Feature","geometry":{"type":"Point","coordinates":[-86.3590723,39.51288294]},"properties":{"name":"CLAY TOWNSHIP TRUSTEE MORGAN COUNTY","assetType":"Charter Elementary And High Schools","dataYear":"2018","assetId":"921633","subcategory":"Public Assistance","detail":"https://classic.savi.org/SAVI/PopUps/AssetMoreInfo.aspx?AssetID=921633"}},{"type":"Feature","geometry":{"type":"Point","coordinates":[-86.42274444,40.12257272]},"properties":{"name":"CLINTON TOWNSHIP TRUSTEE BOONE COUNTY","assetType":"Charter Elementary And High Schools","dataYear":"2018","assetId":"921782","subcategory":"Public Assistance","detail":"https://classic.savi.org/SAVI/PopUps/AssetMoreInfo.aspx?AssetID=921782"}},{"type":"Feature","geometry":{"type":"Point","coordinates":[-86.95747213,39.73385877]},"properties":{"name":"CLINTON TOWNSHIP TRUSTEE PUTNAM COUNTY","assetType":"Charter Elementary And High Schools","dataYear":"2018","assetId":"921113","subcategory":"Public Assistance","detail":"https://classic.savi.org/SAVI/PopUps/AssetMoreInfo.aspx?AssetID=921113"}},{"type":"Feature","geometry":{"type":"Point","coordinates":[-86.79275698,39.51380749]},"properties":{"name":"CLOVERDALE TOWNSHIP TRUSTEE PUTNAM COUNTY","assetType":"Charter Elementary And High Schools","dataYear":"2018","assetId":"920869","subcategory":"Public Assistance","detail":"https://classic.savi.org/SAVI/PopUps/AssetMoreInfo.aspx?AssetID=920869"}},{"type":"Feature","geometry":{"type":"Point","coordinates":[-86.01170847,39.82746745]},"properties":{"name":"COMMUNITY ALLIANCE OF THE FAR EASTSIDE CAF","assetType":"Charter Elementary And High Schools","dataYear":"2018","assetId":"918841","subcategory":"Public Assistance","detail":"https://classic.savi.org/SAVI/PopUps/AssetMoreInfo.aspx?AssetID=918841"}},{"type":"Feature","geometry":{"type":"Point","coordinates":[-86.27005454,39.68567771]},"properties":{"name":"DECATUR TOWNSHIP TRUSTEE MARION COUNTY","assetType":"Charter Elementary And High Schools","dataYear":"2018","assetId":"919778","subcategory":"Public Assistance","detail":"https://classic.savi.org/SAVI/PopUps/AssetMoreInfo.aspx?AssetID=919778"}},{"type":"Feature","geometry":{"type":"Point","coordinates":[-86.00936241,39.97911534]},"properties":{"name":"DELAWARE TOWNSHIP TRUSTEE HAMILTON COUNTY","assetType":"Charter Elementary And High Schools","dataYear":"2018","assetId":"919602","subcategory":"Public Assistance","detail":"https://classic.savi.org/SAVI/PopUps/AssetMoreInfo.aspx?AssetID=919602"}},{"type":"Feature","geometry":{"type":"Point","coordinates":[-85.81359755,40.30680295]},"properties":{"name":"DUCK CREEK TOWNSHIP TRUSTEE MADISON COUNTY","assetType":"Charter Elementary And High Schools","dataYear":"2018","assetId":"920462","subcategory":"Public Assistance","detail":"https://classic.savi.org/SAVI/PopUps/AssetMoreInfo.aspx?AssetID=920462"}},{"type":"Feature","geometry":{"type":"Point","coordinates":[-86.60917955,39.85579118]},"properties":{"name":"EEL RIVER TOWNSHIP TRUSTEE HENDRICKS COUNTY","assetType":"Charter Elementary And High Schools","dataYear":"2018","assetId":"919586","subcategory":"Public Assistance","detail":"https://classic.savi.org/SAVI/PopUps/AssetMoreInfo.aspx?AssetID=919586"}},{"type":"Feature","geometry":{"type":"Point","coordinates":[-85.84206768,40.27559682]},"properties":{"name":"ELWOOD MINISTERIAL ASSOCIATION","assetType":"Charter Elementary And High Schools","dataYear":"2018","assetId":"920696","subcategory":"Public Assistance","detail":"https://classic.savi.org/SAVI/PopUps/AssetMoreInfo.aspx?AssetID=920696"}},{"type":"Feature","geometry":{"type":"Point","coordinates":[-85.9427756,39.95733092]},"properties":{"name":"FALL CREEK TOWNSHIP TRUSTEE HAMILTON COUNTY","assetType":"Charter Elementary And High Schools","dataYear":"2018","assetId":"919574","subcategory":"Public Assistance","detail":"https://classic.savi.org/SAVI/PopUps/AssetMoreInfo.aspx?AssetID=919574"}},{"type":"Feature","geometry":{"type":"Point","coordinates":[-85.74535234,40.002336]},"properties":{"name":"FALL CREEK TOWNSHIP TRUSTEE MADISON COUNTY","assetType":"Charter Elementary And High Schools","dataYear":"2018","assetId":"920455","subcategory":"Public Assistance","detail":"https://classic.savi.org/SAVI/PopUps/AssetMoreInfo.aspx?AssetID=920455"}},{"type":"Feature","geometry":{"type":"Point","coordinates":[-86.17027103,39.80159246]},"properties":{"name":"FLANNER HOUSE OF INDIANAPOLIS","assetType":"Charter Elementary And High Schools","dataYear":"2018","assetId":"919415","subcategory":"Public Assistance","detail":"https://classic.savi.org/SAVI/PopUps/AssetMoreInfo.aspx?AssetID=919415"}},{"type":"Feature","geometry":{"type":"Point","coordinates":[-86.74851429,39.76137225]},"properties":{"name":"FLOYD TOWNSHIP TRUSTEE PUTNAM COUNTY","assetType":"Charter Elementary And High Schools","dataYear":"2018","assetId":"920862","subcategory":"Public Assistance","detail":"https://classic.savi.org/SAVI/PopUps/AssetMoreInfo.aspx?AssetID=920862"}},{"type":"Feature","geometry":{"type":"Point","coordinates":[-86.59336074,39.63094378]},"properties":{"name":"FRANKLIN TOWNSHIP TRUSTEE HENDRICKS COUNTY","assetType":"Charter Elementary And High Schools","dataYear":"2018","assetId":"919332","subcategory":"Public Assistance","detail":"https://classic.savi.org/SAVI/PopUps/AssetMoreInfo.aspx?AssetID=919332"}},{"type":"Feature","geometry":{"type":"Point","coordinates":[-86.06344638,39.49333622]},"properties":{"name":"FRANKLIN TOWNSHIP TRUSTEE JOHNSON COUNTY","assetType":"Charter Elementary And High Schools","dataYear":"2018","assetId":"919114","subcategory":"Public Assistance","detail":"https://classic.savi.org/SAVI/PopUps/AssetMoreInfo.aspx?AssetID=919114"}},{"type":"Feature","geometry":{"type":"Point","coordinates":[-86.06339326,39.67761024]},"properties":{"name":"FRANKLIN TOWNSHIP TRUSTEE MARION COUNTY","assetType":"Charter Elementary And High Schools","dataYear":"2018","assetId":"919108","subcategory":"Public Assistance","detail":"https://classic.savi.org/SAVI/PopUps/AssetMoreInfo.aspx?AssetID=919108"}},{"type":"Feature","geometry":{"type":"Point","coordinates":[-86.85209404,39.78100438]},"properties":{"name":"FRANKLIN TOWNSHIP TRUSTEE PUTNAM COUNTY","assetType":"Charter Elementary And High Schools","dataYear":"2018","assetId":"921034","subcategory":"Public Assistance","detail":"https://classic.savi.org/SAVI/PopUps/AssetMoreInfo.aspx?AssetID=921034"}},{"type":"Feature","geometry":{"type":"Point","coordinates":[-85.99935857,39.97635807]},"properties":{"name":"GOOD SAMARITAN NETWORK GSN","assetType":"Charter Elementary And High Schools","dataYear":"2018","assetId":"919531","subcategory":"Public Assistance","detail":"https://classic.savi.org/SAVI/PopUps/AssetMoreInfo.aspx?AssetID=919531"}},{"type":"Feature","geometry":{"type":"Point","coordinates":[-85.7056509,39.87256909]},"properties":{"name":"GREEN TOWNSHIP TRUSTEE HANCOCK COUNTY","assetType":"Charter Elementary And High Schools","dataYear":"2018","assetId":"918744","subcategory":"Public Assistance","detail":"https://classic.savi.org/SAVI/PopUps/AssetMoreInfo.aspx?AssetID=918744"}},{"type":"Feature","geometry":{"type":"Point","coordinates":[-85.80616994,39.95697613]},"properties":{"name":"GREEN TOWNSHIP TRUSTEE MADISON COUNTY","assetType":"Charter Elementary And High Schools","dataYear":"2018","assetId":"920585","subcategory":"Public Assistance","detail":"https://classic.savi.org/SAVI/PopUps/AssetMoreInfo.aspx?AssetID=920585"}},{"type":"Feature","geometry":{"type":"Point","coordinates":[-86.33770312,39.45087194]},"properties":{"name":"GREEN TOWNSHIP TRUSTEE MORGAN COUNTY","assetType":"Charter Elementary And High Schools","dataYear":"2018","assetId":"918772","subcategory":"Public Assistance","detail":"https://classic.savi.org/SAVI/PopUps/AssetMoreInfo.aspx?AssetID=918772"}},{"type":"Feature","geometry":{"type":"Point","coordinates":[-86.85343139,39.63713965]},"properties":{"name":"GREENCASTLE TOWNSHIP TRUSTEE PUTNAM COUNTY","assetType":"Charter Elementary And High Schools","dataYear":"2018","assetId":"921028","subcategory":"Public Assistance","detail":"https://classic.savi.org/SAVI/PopUps/AssetMoreInfo.aspx?AssetID=921028"}},{"type":"Feature","geometry":{"type":"Point","coordinates":[-86.39099182,39.68236612]},"properties":{"name":"GUILFORD TOWNSHIP TRUSTEE HENDRICKS COUNTY","assetType":"Charter Elementary And High Schools","dataYear":"2018","assetId":"918712","subcategory":"Public Assistance","detail":"https://classic.savi.org/SAVI/PopUps/AssetMoreInfo.aspx?AssetID=918712"}},{"type":"Feature","geometry":{"type":"Point","coordinates":[-86.11341411,39.31461451]},"properties":{"name":"HAMBLEN TOWNSHIP TRUSTEE BROWN COUNTY","assetType":"Charter Elementary And High Schools","dataYear":"2018","assetId":"916971","subcategory":"Public Assistance","detail":"https://classic.savi.org/SAVI/PopUps/AssetMoreInfo.aspx?AssetID=916971"}},{"type":"Feature","geometry":{"type":"Point","coordinates":[-85.72113402,39.65080359]},"properties":{"name":"HANOVER TOWNSHIP TRUSTEE SHELBY COUNTY","assetType":"Charter Elementary And High Schools","dataYear":"2018","assetId":"918517","subcategory":"Public Assistance","detail":"https://classic.savi.org/SAVI/PopUps/AssetMoreInfo.aspx?AssetID=918517"}},{"type":"Feature","geometry":{"type":"Point","coordinates":[-86.50821683,39.96447177]},"properties":{"name":"HARRISON TOWNSHIP TRUSTEE BOONE COUNTY","assetType":"Charter Elementary And High Schools","dataYear":"2018","assetId":"918606","subcategory":"Public Assistance","detail":"https://classic.savi.org/SAVI/PopUps/AssetMoreInfo.aspx?AssetID=918606"}},{"type":"Feature","geometry":{"type":"Point","coordinates":[-86.27492948,39.52680434]},"properties":{"name":"HARRISON TOWNSHIP TRUSTEE MORGAN COUNTY","assetType":"Charter Elementary And High Schools","dataYear":"2018","assetId":"918429","subcategory":"Public Assistance","detail":"https://classic.savi.org/SAVI/PopUps/AssetMoreInfo.aspx?AssetID=918429"}},{"type":"Feature","geometry":{"type":"Point","coordinates":[-86.20166779,39.76743222]},"properties":{"name":"HAWTHORNE COMMUNITY CENTER","assetType":"Charter Elementary And High Schools","dataYear":"2018","assetId":"918375","subcategory":"Public Assistance","detail":"https://classic.savi.org/SAVI/PopUps/AssetMoreInfo.aspx?AssetID=918375"}},{"type":"Feature","geometry":{"type":"Point","coordinates":[-85.93951506,39.43988051]},"properties":{"name":"HENDRICKS TOWNSHIP TRUSTEE SHELBY COUNTY","assetType":"Charter Elementary And High Schools","dataYear":"2018","assetId":"918513","subcategory":"Public Assistance","detail":"https://classic.savi.org/SAVI/PopUps/AssetMoreInfo.aspx?AssetID=918513"}},{"type":"Feature","geometry":{"type":"Point","coordinates":[-86.18230398,39.38131195]},"properties":{"name":"HENSLEY TOWNSHIP TRUSTEE JOHNSON COUNTY","assetType":"Charter Elementary And High Schools","dataYear":"2018","assetId":"918507","subcategory":"Public Assistance","detail":"https://classic.savi.org/SAVI/PopUps/AssetMoreInfo.aspx?AssetID=918507"}},{"type":"Feature","geometry":{"type":"Point","coordinates":[-86.06279488,39.47374713]},"properties":{"name":"HUMAN SERVICES OF JOHNSON COUNTY","assetType":"Charter Elementary And High Schools","dataYear":"2018","assetId":"916959","subcategory":"Public Assistance","detail":"https://classic.savi.org/SAVI/PopUps/AssetMoreInfo.aspx?AssetID=916959"}},{"type":"Feature","geometry":{"type":"Point","coordinates":[-86.06279488,39.47374713]},"properties":{"name":"HUMAN SERVICES OF JOHNSON COUNTY","assetType":"Charter Elementary And High Schools","dataYear":"2018","assetId":"916958","subcategory":"Public Assistance","detail":"https://classic.savi.org/SAVI/PopUps/AssetMoreInfo.aspx?AssetID=916958"}},{"type":"Feature","geometry":{"type":"Point","coordinates":[-85.77880601,39.51706954]},"properties":{"name":"HUMAN SERVICES OF SHELBY COUNTY","assetType":"Charter Elementary And High Schools","dataYear":"2018","assetId":"916955","subcategory":"Public Assistance","detail":"https://classic.savi.org/SAVI/PopUps/AssetMoreInfo.aspx?AssetID=916955"}},{"type":"Feature","geometry":{"type":"Point","coordinates":[-86.39679015,39.83675399]},"properties":{"name":"INDY EAP AT BROWNSBURG PUBLIC LIBRARY","assetType":"Charter Elementary And High Schools","dataYear":"2018","assetId":"919280","subcategory":"Public Assistance","detail":"https://classic.savi.org/SAVI/PopUps/AssetMoreInfo.aspx?AssetID=919280"}},{"type":"Feature","geometry":{"type":"Point","coordinates":[-86.52256538,39.76188734]},"properties":{"name":"INDY EAP AT DANVILLE PUBLIC LIBRARY","assetType":"Charter Elementary And High Schools","dataYear":"2018","assetId":"919279","subcategory":"Public Assistance","detail":"https://classic.savi.org/SAVI/PopUps/AssetMoreInfo.aspx?AssetID=919279"}},{"type":"Feature","geometry":{"type":"Point","coordinates":[-86.39973267,39.77079466]},"properties":{"name":"INDY EAP AT FAMILY PROMISE OF HENDRICKS COUNTY","assetType":"Charter Elementary And High Schools","dataYear":"2018","assetId":"919345","subcategory":"Public Assistance","detail":"https://classic.savi.org/SAVI/PopUps/AssetMoreInfo.aspx?AssetID=919345"}},{"type":"Feature","geometry":{"type":"Point","coordinates":[-86.39099182,39.68236612]},"properties":{"name":"INDY EAP AT GUILFORD TOWNSHIP TRUSTEE HENDRICKS COUNTY","assetType":"Charter Elementary And High Schools","dataYear":"2018","assetId":"919281","subcategory":"Public Assistance","detail":"https://classic.savi.org/SAVI/PopUps/AssetMoreInfo.aspx?AssetID=919281"}},{"type":"Feature","geometry":{"type":"Point","coordinates":[-86.5019261,39.76763039]},"properties":{"name":"INDY EAP AT HENDRICKS COUNTY SENIOR SERVICES","assetType":"Charter Elementary And High Schools","dataYear":"2018","assetId":"919282","subcategory":"Public Assistance","detail":"https://classic.savi.org/SAVI/PopUps/AssetMoreInfo.aspx?AssetID=919282"}},{"type":"Feature","geometry":{"type":"Point","coordinates":[-86.38675611,39.69745034]},"properties":{"name":"INDY EAP AT PLAINFIELD PUBLIC LIBRARY","assetType":"Charter Elementary And High Schools","dataYear":"2018","assetId":"919278","subcategory":"Public Assistance","detail":"https://classic.savi.org/SAVI/PopUps/AssetMoreInfo.aspx?AssetID=919278"}},{"type":"Feature","geometry":{"type":"Point","coordinates":[-86.3866421,39.76133098]},"properties":{"name":"INDY EAP AT WASHINGTON TOWNSHIP TRUSTEE HENDRICKS COUNTY","assetType":"Charter Elementary And High Schools","dataYear":"2018","assetId":"919346","subcategory":"Public Assistance","detail":"https://classic.savi.org/SAVI/PopUps/AssetMoreInfo.aspx?AssetID=919346"}},{"type":"Feature","geometry":{"type":"Point","coordinates":[-86.58306293,39.9950641]},"properties":{"name":"JACKSON TOWNSHIP TRUSTEE BOONE COUNTY","assetType":"Charter Elementary And High Schools","dataYear":"2018","assetId":"917945","subcategory":"Public Assistance","detail":"https://classic.savi.org/SAVI/PopUps/AssetMoreInfo.aspx?AssetID=917945"}},{"type":"Feature","geometry":{"type":"Point","coordinates":[-86.28781116,39.2495565]},"properties":{"name":"JACKSON TOWNSHIP TRUSTEE BROWN COUNTY","assetType":"Charter Elementary And High Schools","dataYear":"2018","assetId":"916968","subcategory":"Public Assistance","detail":"https://classic.savi.org/SAVI/PopUps/AssetMoreInfo.aspx?AssetID=916968"}},{"type":"Feature","geometry":{"type":"Point","coordinates":[-86.02828584,40.17626673]},"properties":{"name":"JACKSON TOWNSHIP TRUSTEE HAMILTON COUNTY","assetType":"Charter Elementary And High Schools","dataYear":"2018","assetId":"917922","subcategory":"Public Assistance","detail":"https://classic.savi.org/SAVI/PopUps/AssetMoreInfo.aspx?AssetID=917922"}},{"type":"Feature","geometry":{"type":"Point","coordinates":[-85.60301518,39.81597274]},"properties":{"name":"JACKSON TOWNSHIP TRUSTEE HANCOCK COUNTY","assetType":"Charter Elementary And High Schools","dataYear":"2018","assetId":"917720","subcategory":"Public Assistance","detail":"https://classic.savi.org/SAVI/PopUps/AssetMoreInfo.aspx?AssetID=917720"}},{"type":"Feature","geometry":{"type":"Point","coordinates":[-85.8346258,40.13784922]},"properties":{"name":"JACKSON TOWNSHIP TRUSTEE MADISON COUNTY","assetType":"Charter Elementary And High Schools","dataYear":"2018","assetId":"920452","subcategory":"Public Assistance","detail":"https://classic.savi.org/SAVI/PopUps/AssetMoreInfo.aspx?AssetID=920452"}},{"type":"Feature","geometry":{"type":"Point","coordinates":[-86.31296642,39.35202934]},"properties":{"name":"JACKSON TOWNSHIP TRUSTEE MORGAN COUNTY","assetType":"Charter Elementary And High Schools","dataYear":"2018","assetId":"917845","subcategory":"Public Assistance","detail":"https://classic.savi.org/SAVI/PopUps/AssetMoreInfo.aspx?AssetID=917845"}},{"type":"Feature","geometry":{"type":"Point","coordinates":[-86.70608396,39.81985034]},"properties":{"name":"JACKSON TOWNSHIP TRUSTEE PUTNAM COUNTY","assetType":"Charter Elementary And High Schools","dataYear":"2018","assetId":"920851","subcategory":"Public Assistance","detail":"https://classic.savi.org/SAVI/PopUps/AssetMoreInfo.aspx?AssetID=920851"}},{"type":"Feature","geometry":{"type":"Point","coordinates":[-86.62433374,40.02434205]},"properties":{"name":"JEFFERSON TOWNSHIP TRUSTEE BOONE COUNTY","assetType":"Charter Elementary And High Schools","dataYear":"2018","assetId":"917684","subcategory":"Public Assistance","detail":"https://classic.savi.org/SAVI/PopUps/AssetMoreInfo.aspx?AssetID=917684"}},{"type":"Feature","geometry":{"type":"Point","coordinates":[-86.49324278,39.41198592]},"properties":{"name":"JEFFERSON TOWNSHIP TRUSTEE MORGAN COUNTY","assetType":"Charter Elementary And High Schools","dataYear":"2018","assetId":"917816","subcategory":"Public Assistance","detail":"https://classic.savi.org/SAVI/PopUps/AssetMoreInfo.aspx?AssetID=917816"}},{"type":"Feature","geometry":{"type":"Point","coordinates":[-86.70185497,39.57054813]},"properties":{"name":"JEFFERSON TOWNSHIP TRUSTEE PUTNAM COUNTY","assetType":"Charter Elementary And High Schools","dataYear":"2018","assetId":"920909","subcategory":"Public Assistance","detail":"https://classic.savi.org/SAVI/PopUps/AssetMoreInfo.aspx?AssetID=920909"}},{"type":"Feature","geometry":{"type":"Point","coordinates":[-86.12315795,39.78155671]},"properties":{"name":"JOHN BONER NEIGHBORHOOD CENTERS","assetType":"Charter Elementary And High Schools","dataYear":"2018","assetId":"917393","subcategory":"Public Assistance","detail":"https://classic.savi.org/SAVI/PopUps/AssetMoreInfo.aspx?AssetID=917393"}},{"type":"Feature","geometry":{"type":"Point","coordinates":[-86.01170847,39.82746745]},"properties":{"name":"LA PLAZA","assetType":"Charter Elementary And High Schools","dataYear":"2018","assetId":"920619","subcategory":"Public Assistance","detail":"https://classic.savi.org/SAVI/PopUps/AssetMoreInfo.aspx?AssetID=920619"}},{"type":"Feature","geometry":{"type":"Point","coordinates":[-86.525004,39.61456226]},"properties":{"name":"LIBERTY TOWNSHIP TRUSTEE HENDRICKS COUNTY","assetType":"Charter Elementary And High Schools","dataYear":"2018","assetId":"922036","subcategory":"Public Assistance","detail":"https://classic.savi.org/SAVI/PopUps/AssetMoreInfo.aspx?AssetID=922036"}},{"type":"Feature","geometry":{"type":"Point","coordinates":[-85.63663898,39.48364154]},"properties":{"name":"LIBERTY TOWNSHIP TRUSTEE SHELBY COUNTY","assetType":"Charter Elementary And High Schools","dataYear":"2018","assetId":"922111","subcategory":"Public Assistance","detail":"https://classic.savi.org/SAVI/PopUps/AssetMoreInfo.aspx?AssetID=922111"}},{"type":"Feature","geometry":{"type":"Point","coordinates":[-86.39673959,39.84266459]},"properties":{"name":"LINCOLN TOWNSHIP TRUSTEE HENDRICKS COUNTY","assetType":"Charter Elementary And High Schools","dataYear":"2018","assetId":"921926","subcategory":"Public Assistance","detail":"https://classic.savi.org/SAVI/PopUps/AssetMoreInfo.aspx?AssetID=921926"}},{"type":"Feature","geometry":{"type":"Point","coordinates":[-85.77875949,39.80392218]},"properties":{"name":"LOVE IN THE NAME OF CHRIST LOVE INC OF GREATER HANCOCK COUNTY","assetType":"Charter Elementary And High Schools","dataYear":"2018","assetId":"920885","subcategory":"Public Assistance","detail":"https://classic.savi.org/SAVI/PopUps/AssetMoreInfo.aspx?AssetID=920885"}},{"type":"Feature","geometry":{"type":"Point","coordinates":[-86.29689292,39.61795335]},"properties":{"name":"MADISON TOWNSHIP TRUSTEE MORGAN COUNTY","assetType":"Charter Elementary And High Schools","dataYear":"2018","assetId":"921871","subcategory":"Public Assistance","detail":"https://classic.savi.org/SAVI/PopUps/AssetMoreInfo.aspx?AssetID=921871"}},{"type":"Feature","geometry":{"type":"Point","coordinates":[-86.99653205,39.67905323]},"properties":{"name":"MADISON TOWNSHIP TRUSTEE PUTNAM COUNTY","assetType":"Charter Elementary And High Schools","dataYear":"2018","assetId":"920992","subcategory":"Public Assistance","detail":"https://classic.savi.org/SAVI/PopUps/AssetMoreInfo.aspx?AssetID=920992"}},{"type":"Feature","geometry":{"type":"Point","coordinates":[-86.66406574,39.77589127]},"properties":{"name":"MARION TOWNSHIP TRUSTEE HENDRICKS COUNTY","assetType":"Charter Elementary And High Schools","dataYear":"2018","assetId":"920289","subcategory":"Public Assistance","detail":"https://classic.savi.org/SAVI/PopUps/AssetMoreInfo.aspx?AssetID=920289"}},{"type":"Feature","geometry":{"type":"Point","coordinates":[-86.79046198,39.65241794]},"properties":{"name":"MARION TOWNSHIP TRUSTEE PUTNAM COUNTY","assetType":"Charter Elementary And High Schools","dataYear":"2018","assetId":"920905","subcategory":"Public Assistance","detail":"https://classic.savi.org/SAVI/PopUps/AssetMoreInfo.aspx?AssetID=920905"}},{"type":"Feature","geometry":{"type":"Point","coordinates":[-85.77666802,39.56499556]},"properties":{"name":"MARION TOWNSHIP TRUSTEE SHELBY COUNTY","assetType":"Charter Elementary And High Schools","dataYear":"2018","assetId":"920263","subcategory":"Public Assistance","detail":"https://classic.savi.org/SAVI/PopUps/AssetMoreInfo.aspx?AssetID=920263"}},{"type":"Feature","geometry":{"type":"Point","coordinates":[-86.45852281,39.86146427]},"properties":{"name":"MIDDLE TOWNSHIP TRUSTEE HENDRICKS COUNTY","assetType":"Charter Elementary And High Schools","dataYear":"2018","assetId":"919221","subcategory":"Public Assistance","detail":"https://classic.savi.org/SAVI/PopUps/AssetMoreInfo.aspx?AssetID=919221"}},{"type":"Feature","geometry":{"type":"Point","coordinates":[-85.67605191,40.26192931]},"properties":{"name":"MONROE TOWNSHIP TRUSTEE MADISON COUNTY","assetType":"Charter Elementary And High Schools","dataYear":"2018","assetId":"920441","subcategory":"Public Assistance","detail":"https://classic.savi.org/SAVI/PopUps/AssetMoreInfo.aspx?AssetID=920441"}},{"type":"Feature","geometry":{"type":"Point","coordinates":[-86.54167184,39.57131861]},"properties":{"name":"MONROE TOWNSHIP TRUSTEE MORGAN COUNTY","assetType":"Charter Elementary And High Schools","dataYear":"2018","assetId":"919372","subcategory":"Public Assistance","detail":"https://classic.savi.org/SAVI/PopUps/AssetMoreInfo.aspx?AssetID=919372"}},{"type":"Feature","geometry":{"type":"Point","coordinates":[-86.42752742,39.44129927]},"properties":{"name":"MORGAN COUNTY CONNECT","assetType":"Charter Elementary And High Schools","dataYear":"2018","assetId":"921014","subcategory":"Public Assistance","detail":"https://classic.savi.org/SAVI/PopUps/AssetMoreInfo.aspx?AssetID=921014"}},{"type":"Feature","geometry":{"type":"Point","coordinates":[-85.63126795,39.43076653]},"properties":{"name":"NOBLE TOWNSHIP TRUSTEE SHELBY COUNTY","assetType":"Charter Elementary And High Schools","dataYear":"2018","assetId":"918166","subcategory":"Public Assistance","detail":"https://classic.savi.org/SAVI/PopUps/AssetMoreInfo.aspx?AssetID=918166"}},{"type":"Feature","geometry":{"type":"Point","coordinates":[-86.00985432,40.03351339]},"properties":{"name":"NOBLESVILLE SOCIETY OF SAINT VINCENT DE PAUL","assetType":"Charter Elementary And High Schools","dataYear":"2018","assetId":"921934","subcategory":"Public Assistance","detail":"https://classic.savi.org/SAVI/PopUps/AssetMoreInfo.aspx?AssetID=921934"}},{"type":"Feature","geometry":{"type":"Point","coordinates":[-86.0142319,40.04246142]},"properties":{"name":"NOBLESVILLE TOWNSHIP TRUSTEE HAMILTON COUNTY","assetType":"Charter Elementary And High Schools","dataYear":"2018","assetId":"918194","subcategory":"Public Assistance","detail":"https://classic.savi.org/SAVI/PopUps/AssetMoreInfo.aspx?AssetID=918194"}},{"type":"Feature","geometry":{"type":"Point","coordinates":[-86.13853386,39.69444995]},"properties":{"name":"PERRY TOWNSHIP TRUSTEE MARION COUNTY","assetType":"Charter Elementary And High Schools","dataYear":"2018","assetId":"917975","subcategory":"Public Assistance","detail":"https://classic.savi.org/SAVI/PopUps/AssetMoreInfo.aspx?AssetID=917975"}},{"type":"Feature","geometry":{"type":"Point","coordinates":[-86.26238428,39.85453838]},"properties":{"name":"PIKE TOWNSHIP TRUSTEE MARION COUNTY","assetType":"Charter Elementary And High Schools","dataYear":"2018","assetId":"917700","subcategory":"Public Assistance","detail":"https://classic.savi.org/SAVI/PopUps/AssetMoreInfo.aspx?AssetID=917700"}},{"type":"Feature","geometry":{"type":"Point","coordinates":[-85.84206768,40.27559682]},"properties":{"name":"PIPE CREEK TOWNSHIP TRUSTEE MADISON COUNTY","assetType":"Charter Elementary And High Schools","dataYear":"2018","assetId":"920572","subcategory":"Public Assistance","detail":"https://classic.savi.org/SAVI/PopUps/AssetMoreInfo.aspx?AssetID=920572"}},{"type":"Feature","geometry":{"type":"Point","coordinates":[-86.39172024,39.7038734]},"properties":{"name":"PLAINFIELD FEDERATION OF CHURCHES - CHRISTIAN SUPPORT CENTER","assetType":"Charter Elementary And High Schools","dataYear":"2018","assetId":"917597","subcategory":"Public Assistance","detail":"https://classic.savi.org/SAVI/PopUps/AssetMoreInfo.aspx?AssetID=917597"}},{"type":"Feature","geometry":{"type":"Point","coordinates":[-85.60831539,40.18993185]},"properties":{"name":"RICHLAND TOWNSHIP TRUSTEE MADISON COUNTY","assetType":"Charter Elementary And High Schools","dataYear":"2018","assetId":"920565","subcategory":"Public Assistance","detail":"https://classic.savi.org/SAVI/PopUps/AssetMoreInfo.aspx?AssetID=920565"}},{"type":"Feature","geometry":{"type":"Point","coordinates":[-86.98121607,39.86149884]},"properties":{"name":"RUSSELL TOWNSHIP TRUSTEE PUTNAM COUNTY","assetType":"Charter Elementary And High Schools","dataYear":"2018","assetId":"920831","subcategory":"Public Assistance","detail":"https://classic.savi.org/SAVI/PopUps/AssetMoreInfo.aspx?AssetID=920831"}},{"type":"Feature","geometry":{"type":"Point","coordinates":[-85.70694591,40.0905247]},"properties":{"name":"SAINT VINCENT DE PAUL OF ANDERSON","assetType":"Charter Elementary And High Schools","dataYear":"2018","assetId":"920243","subcategory":"Public Assistance","detail":"https://classic.savi.org/SAVI/PopUps/AssetMoreInfo.aspx?AssetID=920243"}},{"type":"Feature","geometry":{"type":"Point","coordinates":[-86.10558351,39.60948257]},"properties":{"name":"SAINT VINCENT DE PAUL SOCIETY JOHNSON COUNTY","assetType":"Charter Elementary And High Schools","dataYear":"2018","assetId":"917531","subcategory":"Public Assistance","detail":"https://classic.savi.org/SAVI/PopUps/AssetMoreInfo.aspx?AssetID=917531"}},{"type":"Feature","geometry":{"type":"Point","coordinates":[-86.24827151,39.20530328]},"properties":{"name":"SALVATION ARMY BROWN COUNTY","assetType":"Charter Elementary And High Schools","dataYear":"2018","assetId":"916981","subcategory":"Public Assistance","detail":"https://classic.savi.org/SAVI/PopUps/AssetMoreInfo.aspx?AssetID=916981"}},{"type":"Feature","geometry":{"type":"Point","coordinates":[-86.27109654,39.83356218]},"properties":{"name":"SALVATION ARMY EAGLE CREEK CORPS","assetType":"Charter Elementary And High Schools","dataYear":"2018","assetId":"921526","subcategory":"Public Assistance","detail":"https://classic.savi.org/SAVI/PopUps/AssetMoreInfo.aspx?AssetID=921526"}},{"type":"Feature","geometry":{"type":"Point","coordinates":[-85.77109564,39.78436652]},"properties":{"name":"SALVATION ARMY HANCOCK COUNTY","assetType":"Charter Elementary And High Schools","dataYear":"2018","assetId":"919556","subcategory":"Public Assistance","detail":"https://classic.savi.org/SAVI/PopUps/AssetMoreInfo.aspx?AssetID=919556"}},{"type":"Feature","geometry":{"type":"Point","coordinates":[-86.1104956,39.61209097]},"properties":{"name":"SALVATION ARMY JOHNSON COUNTY","assetType":"Charter Elementary And High Schools","dataYear":"2018","assetId":"918832","subcategory":"Public Assistance","detail":"https://classic.savi.org/SAVI/PopUps/AssetMoreInfo.aspx?AssetID=918832"}},{"type":"Feature","geometry":{"type":"Point","coordinates":[-85.77352899,39.52464758]},"properties":{"name":"SALVATION ARMY SHELBYVILLE","assetType":"Charter Elementary And High Schools","dataYear":"2018","assetId":"917509","subcategory":"Public Assistance","detail":"https://classic.savi.org/SAVI/PopUps/AssetMoreInfo.aspx?AssetID=917509"}},{"type":"Feature","geometry":{"type":"Point","coordinates":[-85.73148601,39.45707656]},"properties":{"name":"SHELBY TOWNSHIP TRUSTEE SHELBY COUNTY","assetType":"Charter Elementary And High Schools","dataYear":"2018","assetId":"917660","subcategory":"Public Assistance","detail":"https://classic.savi.org/SAVI/PopUps/AssetMoreInfo.aspx?AssetID=917660"}},{"type":"Feature","geometry":{"type":"Point","coordinates":[-85.84831659,40.06845181]},"properties":{"name":"STONY CREEK TOWNSHIP TRUSTEE MADISON COUNTY","assetType":"Charter Elementary And High Schools","dataYear":"2018","assetId":"920356","subcategory":"Public Assistance","detail":"https://classic.savi.org/SAVI/PopUps/AssetMoreInfo.aspx?AssetID=920356"}},{"type":"Feature","geometry":{"type":"Point","coordinates":[-86.60970462,40.12974715]},"properties":{"name":"SUGAR CREEK TOWNSHIP TRUSTEE BOONE COUNTY","assetType":"Charter Elementary And High Schools","dataYear":"2018","assetId":"917502","subcategory":"Public Assistance","detail":"https://classic.savi.org/SAVI/PopUps/AssetMoreInfo.aspx?AssetID=917502"}},{"type":"Feature","geometry":{"type":"Point","coordinates":[-85.91319152,39.73389397]},"properties":{"name":"SUGAR CREEK TOWNSHIP TRUSTEE HANCOCK COUNTY","assetType":"Charter Elementary And High Schools","dataYear":"2018","assetId":"917371","subcategory":"Public Assistance","detail":"https://classic.savi.org/SAVI/PopUps/AssetMoreInfo.aspx?AssetID=917371"}},{"type":"Feature","geometry":{"type":"Point","coordinates":[-85.93068407,39.55049257]},"properties":{"name":"SUGAR CREEK TOWNSHIP TRUSTEE SHELBY COUNTY","assetType":"Charter Elementary And High Schools","dataYear":"2018","assetId":"917267","subcategory":"Public Assistance","detail":"https://classic.savi.org/SAVI/PopUps/AssetMoreInfo.aspx?AssetID=917267"}},{"type":"Feature","geometry":{"type":"Point","coordinates":[-86.54314085,39.88469476]},"properties":{"name":"UNION TOWNSHIP TRUSTEE HENDRICKS COUNTY","assetType":"Charter Elementary And High Schools","dataYear":"2018","assetId":"916994","subcategory":"Public Assistance","detail":"https://classic.savi.org/SAVI/PopUps/AssetMoreInfo.aspx?AssetID=916994"}},{"type":"Feature","geometry":{"type":"Point","coordinates":[-86.16447633,39.46193135]},"properties":{"name":"UNION TOWNSHIP TRUSTEE JOHNSON COUNTY","assetType":"Charter Elementary And High Schools","dataYear":"2018","assetId":"917141","subcategory":"Public Assistance","detail":"https://classic.savi.org/SAVI/PopUps/AssetMoreInfo.aspx?AssetID=917141"}},{"type":"Feature","geometry":{"type":"Point","coordinates":[-85.62176391,40.1209244]},"properties":{"name":"UNION TOWNSHIP TRUSTEE MADISON COUNTY","assetType":"Charter Elementary And High Schools","dataYear":"2018","assetId":"920627","subcategory":"Public Assistance","detail":"https://classic.savi.org/SAVI/PopUps/AssetMoreInfo.aspx?AssetID=920627"}},{"type":"Feature","geometry":{"type":"Point","coordinates":[-85.63724599,39.57183058]},"properties":{"name":"UNION TOWNSHIP TRUSTEE SHELBY COUNTY","assetType":"Charter Elementary And High Schools","dataYear":"2018","assetId":"917092","subcategory":"Public Assistance","detail":"https://classic.savi.org/SAVI/PopUps/AssetMoreInfo.aspx?AssetID=917092"}},{"type":"Feature","geometry":{"type":"Point","coordinates":[-86.14347708,39.12668447]},"properties":{"name":"VAN BUREN TOWNSHIP TRUSTEE BROWN COUNTY","assetType":"Charter Elementary And High Schools","dataYear":"2018","assetId":"917107","subcategory":"Public Assistance","detail":"https://classic.savi.org/SAVI/PopUps/AssetMoreInfo.aspx?AssetID=917107"}},{"type":"Feature","geometry":{"type":"Point","coordinates":[-85.74404601,39.66913659]},"properties":{"name":"VAN BUREN TOWNSHIP TRUSTEE SHELBY COUNTY","assetType":"Charter Elementary And High Schools","dataYear":"2018","assetId":"922586","subcategory":"Public Assistance","detail":"https://classic.savi.org/SAVI/PopUps/AssetMoreInfo.aspx?AssetID=922586"}},{"type":"Feature","geometry":{"type":"Point","coordinates":[-85.85646521,39.92796225]},"properties":{"name":"VERNON TOWNSHIP TRUSTEE HANCOCK COUNTY","assetType":"Charter Elementary And High Schools","dataYear":"2018","assetId":"922583","subcategory":"Public Assistance","detail":"https://classic.savi.org/SAVI/PopUps/AssetMoreInfo.aspx?AssetID=922583"}},{"type":"Feature","geometry":{"type":"Point","coordinates":[-86.81952471,39.59939565]},"properties":{"name":"WARREN TOWNSHIP TRUSTEE PUTNAM COUNTY","assetType":"Charter Elementary And High Schools","dataYear":"2018","assetId":"920973","subcategory":"Public Assistance","detail":"https://classic.savi.org/SAVI/PopUps/AssetMoreInfo.aspx?AssetID=920973"}},{"type":"Feature","geometry":{"type":"Point","coordinates":[-86.56342846,40.13318676]},"properties":{"name":"WASHINGTON TOWNSHIP TRUSTEE BOONE COUNTY","assetType":"Charter Elementary And High Schools","dataYear":"2018","assetId":"922548","subcategory":"Public Assistance","detail":"https://classic.savi.org/SAVI/PopUps/AssetMoreInfo.aspx?AssetID=922548"}},{"type":"Feature","geometry":{"type":"Point","coordinates":[-86.2437373,39.2064405]},"properties":{"name":"WASHINGTON TOWNSHIP TRUSTEE BROWN COUNTY","assetType":"Charter Elementary And High Schools","dataYear":"2018","assetId":"917029","subcategory":"Public Assistance","detail":"https://classic.savi.org/SAVI/PopUps/AssetMoreInfo.aspx?AssetID=917029"}},{"type":"Feature","geometry":{"type":"Point","coordinates":[-86.13001059,40.00532333]},"properties":{"name":"WASHINGTON TOWNSHIP TRUSTEE HAMILTON COUNTY","assetType":"Charter Elementary And High Schools","dataYear":"2018","assetId":"922819","subcategory":"Public Assistance","detail":"https://classic.savi.org/SAVI/PopUps/AssetMoreInfo.aspx?AssetID=922819"}},{"type":"Feature","geometry":{"type":"Point","coordinates":[-86.3866421,39.76133098]},"properties":{"name":"WASHINGTON TOWNSHIP TRUSTEE HENDRICKS COUNTY","assetType":"Charter Elementary And High Schools","dataYear":"2018","assetId":"922803","subcategory":"Public Assistance","detail":"https://classic.savi.org/SAVI/PopUps/AssetMoreInfo.aspx?AssetID=922803"}},{"type":"Feature","geometry":{"type":"Point","coordinates":[-86.43058849,39.42760589]},"properties":{"name":"WASHINGTON TOWNSHIP TRUSTEE MORGAN COUNTY","assetType":"Charter Elementary And High Schools","dataYear":"2018","assetId":"922781","subcategory":"Public Assistance","detail":"https://classic.savi.org/SAVI/PopUps/AssetMoreInfo.aspx?AssetID=922781"}},{"type":"Feature","geometry":{"type":"Point","coordinates":[-86.99324931,39.5106066]},"properties":{"name":"WASHINGTON TOWNSHIP TRUSTEE PUTNAM COUNTY","assetType":"Charter Elementary And High Schools","dataYear":"2018","assetId":"920829","subcategory":"Public Assistance","detail":"https://classic.savi.org/SAVI/PopUps/AssetMoreInfo.aspx?AssetID=920829"}},{"type":"Feature","geometry":{"type":"Point","coordinates":[-85.827034,39.40805555]},"properties":{"name":"WASHINGTON TOWNSHIP TRUSTEE SHELBY COUNTY","assetType":"Charter Elementary And High Schools","dataYear":"2018","assetId":"922770","subcategory":"Public Assistance","detail":"https://classic.savi.org/SAVI/PopUps/AssetMoreInfo.aspx?AssetID=922770"}},{"type":"Feature","geometry":{"type":"Point","coordinates":[-85.93821887,40.05050669]},"properties":{"name":"WAYNE TOWNSHIP TRUSTEE HAMILTON COUNTY","assetType":"Charter Elementary And High Schools","dataYear":"2018","assetId":"922747","subcategory":"Public Assistance","detail":"https://classic.savi.org/SAVI/PopUps/AssetMoreInfo.aspx?AssetID=922747"}},{"type":"Feature","geometry":{"type":"Point","coordinates":[-85.94058855,40.16133247]},"properties":{"name":"WHITE RIVER TOWNSHIP TRUSTEE HAMILTON COUNTY","assetType":"Charter Elementary And High Schools","dataYear":"2018","assetId":"922723","subcategory":"Public Assistance","detail":"https://classic.savi.org/SAVI/PopUps/AssetMoreInfo.aspx?AssetID=922723"}},{"type":"Feature","geometry":{"type":"Point","coordinates":[-86.19677766,39.57247862]},"properties":{"name":"WHITE RIVER TOWNSHIP TRUSTEE JOHNSON COUNTY","assetType":"Charter Elementary And High Schools","dataYear":"2018","assetId":"922692","subcategory":"Public Assistance","detail":"https://classic.savi.org/SAVI/PopUps/AssetMoreInfo.aspx?AssetID=922692"}},{"type":"Feature","geometry":{"type":"Point","coordinates":[-86.2406724,39.95521267]},"properties":{"name":"ZIONSVILLE PRESBYTERIAN CHURCH","assetType":"Charter Elementary And High Schools","dataYear":"2018","assetId":"921517","subcategory":"Public Assistance","detail":"https://classic.savi.org/SAVI/PopUps/AssetMoreInfo.aspx?AssetID=921517"}},{"type":"Feature","geometry":{"type":"Point","coordinates":[-86.27492318,39.95141992]},"properties":{"name":"ZIONSVILLE PUBLIC ASSISTANCE OFFICE","assetType":"Charter Elementary And High Schools","dataYear":"2018","assetId":"921369","subcategory":"Public Assistance","detail":"https://classic.savi.org/SAVI/PopUps/AssetMoreInfo.aspx?AssetID=921369"}},{"type":"Feature","geometry":{"type":"Point","coordinates":[-86.15801646,39.77022515]},"properties":{"name":"AT&T Indiana - Customer Service","assetType":"Telephone Service","dataYear":"2011","assetId":"692925","subcategory":"Public Assistance","detail":"https://classic.savi.org/SAVI/PopUps/AssetMoreInfo.aspx?AssetID=692925"}},{"type":"Feature","geometry":{"type":"Point","coordinates":[-86.47459414,39.84847912]},"properties":{"name":"Lifeline Link-up Hancock Telecom","assetType":"Telephone Service","dataYear":"2011","assetId":"695035","subcategory":"Public Assistance","detail":"https://classic.savi.org/SAVI/PopUps/AssetMoreInfo.aspx?AssetID=695035"}}]}