{"type":"FeatureCollection","features":[{"type":"Feature","geometry":{"type":"Point","coordinates":[-86.12606091,39.85004515]},"properties":{"name":"ACE Preparatory Academy","assetType":"Charter Elementary Schools","dataYear":"2018","assetId":"925340","subcategory":"Education","detail":"https://classic.savi.org/SAVI/PopUps/AssetMoreInfo.aspx?AssetID=925340"}},{"type":"Feature","geometry":{"type":"Point","coordinates":[-86.21110565,39.77716781]},"properties":{"name":"Allegiant Preparatory Academy","assetType":"Charter Elementary Schools","dataYear":"2018","assetId":"925386","subcategory":"Education","detail":"https://classic.savi.org/SAVI/PopUps/AssetMoreInfo.aspx?AssetID=925386"}},{"type":"Feature","geometry":{"type":"Point","coordinates":[-85.68036072,40.08671584]},"properties":{"name":"Anderson Preparatory Academy","assetType":"Charter Elementary Schools","dataYear":"2018","assetId":"925309","subcategory":"Education","detail":"https://classic.savi.org/SAVI/PopUps/AssetMoreInfo.aspx?AssetID=925309"}},{"type":"Feature","geometry":{"type":"Point","coordinates":[-85.97210698,39.822887]},"properties":{"name":"Andrew J Brown Academy","assetType":"Charter Elementary Schools","dataYear":"2018","assetId":"925301","subcategory":"Education","detail":"https://classic.savi.org/SAVI/PopUps/AssetMoreInfo.aspx?AssetID=925301"}},{"type":"Feature","geometry":{"type":"Point","coordinates":[-86.1122132,39.82961423]},"properties":{"name":"Avondale Meadows Academy","assetType":"Charter Elementary Schools","dataYear":"2018","assetId":"925349","subcategory":"Education","detail":"https://classic.savi.org/SAVI/PopUps/AssetMoreInfo.aspx?AssetID=925349"}},{"type":"Feature","geometry":{"type":"Point","coordinates":[-86.14828649,39.72801967]},"properties":{"name":"Christel House Academy South","assetType":"Charter Elementary Schools","dataYear":"2018","assetId":"925335","subcategory":"Education","detail":"https://classic.savi.org/SAVI/PopUps/AssetMoreInfo.aspx?AssetID=925335"}},{"type":"Feature","geometry":{"type":"Point","coordinates":[-86.21275363,39.76751549]},"properties":{"name":"Christel House Academy West","assetType":"Charter Elementary Schools","dataYear":"2018","assetId":"925333","subcategory":"Education","detail":"https://classic.savi.org/SAVI/PopUps/AssetMoreInfo.aspx?AssetID=925333"}},{"type":"Feature","geometry":{"type":"Point","coordinates":[-86.02714586,39.82994859]},"properties":{"name":"Circle City Prep Charter School","assetType":"Charter Elementary Schools","dataYear":"2018","assetId":"925363","subcategory":"Education","detail":"https://classic.savi.org/SAVI/PopUps/AssetMoreInfo.aspx?AssetID=925363"}},{"type":"Feature","geometry":{"type":"Point","coordinates":[-86.28663384,39.68824156]},"properties":{"name":"Damar Charter Academy","assetType":"Charter Elementary Schools","dataYear":"2018","assetId":"925314","subcategory":"Education","detail":"https://classic.savi.org/SAVI/PopUps/AssetMoreInfo.aspx?AssetID=925314"}},{"type":"Feature","geometry":{"type":"Point","coordinates":[-86.26276606,39.82288968]},"properties":{"name":"Enlace Academy","assetType":"Charter Elementary Schools","dataYear":"2018","assetId":"925337","subcategory":"Education","detail":"https://classic.savi.org/SAVI/PopUps/AssetMoreInfo.aspx?AssetID=925337"}},{"type":"Feature","geometry":{"type":"Point","coordinates":[-85.91508813,39.92840107]},"properties":{"name":"Geist Montessori Academy","assetType":"Charter Elementary Schools","dataYear":"2018","assetId":"925345","subcategory":"Education","detail":"https://classic.savi.org/SAVI/PopUps/AssetMoreInfo.aspx?AssetID=925345"}},{"type":"Feature","geometry":{"type":"Point","coordinates":[-86.18416343,39.79482845]},"properties":{"name":"Global Preparatory Academy","assetType":"Charter Elementary Schools","dataYear":"2018","assetId":"925313","subcategory":"Education","detail":"https://classic.savi.org/SAVI/PopUps/AssetMoreInfo.aspx?AssetID=925313"}},{"type":"Feature","geometry":{"type":"Point","coordinates":[-86.02671453,39.80870723]},"properties":{"name":"Hoosier Academy - Indianapolis","assetType":"Charter Elementary Schools","dataYear":"2018","assetId":"925307","subcategory":"Education","detail":"https://classic.savi.org/SAVI/PopUps/AssetMoreInfo.aspx?AssetID=925307"}},{"type":"Feature","geometry":{"type":"Point","coordinates":[-86.23749185,39.82382126]},"properties":{"name":"IN Math & Science Academy","assetType":"Charter Elementary Schools","dataYear":"2018","assetId":"925295","subcategory":"Education","detail":"https://classic.savi.org/SAVI/PopUps/AssetMoreInfo.aspx?AssetID=925295"}},{"type":"Feature","geometry":{"type":"Point","coordinates":[-86.12082177,39.8898974]},"properties":{"name":"IN Math & Science Academy - North","assetType":"Charter Elementary Schools","dataYear":"2018","assetId":"925321","subcategory":"Education","detail":"https://classic.savi.org/SAVI/PopUps/AssetMoreInfo.aspx?AssetID=925321"}},{"type":"Feature","geometry":{"type":"Point","coordinates":[-86.14568713,39.89520248]},"properties":{"name":"IN Sch for the Blind & Vis Imprd","assetType":"Charter Elementary Schools","dataYear":"2018","assetId":"925327","subcategory":"Education","detail":"https://classic.savi.org/SAVI/PopUps/AssetMoreInfo.aspx?AssetID=925327"}},{"type":"Feature","geometry":{"type":"Point","coordinates":[-86.1792641,39.8033535]},"properties":{"name":"Ignite Achievement Academy","assetType":"Charter Elementary Schools","dataYear":"2018","assetId":"925375","subcategory":"Education","detail":"https://classic.savi.org/SAVI/PopUps/AssetMoreInfo.aspx?AssetID=925375"}},{"type":"Feature","geometry":{"type":"Point","coordinates":[-86.27463235,39.87550626]},"properties":{"name":"Indiana Connections Academy","assetType":"Charter Elementary Schools","dataYear":"2018","assetId":"925319","subcategory":"Education","detail":"https://classic.savi.org/SAVI/PopUps/AssetMoreInfo.aspx?AssetID=925319"}},{"type":"Feature","geometry":{"type":"Point","coordinates":[-86.1383957,39.83286832]},"properties":{"name":"Indiana School For The Deaf","assetType":"Charter Elementary Schools","dataYear":"2018","assetId":"925324","subcategory":"Education","detail":"https://classic.savi.org/SAVI/PopUps/AssetMoreInfo.aspx?AssetID=925324"}},{"type":"Feature","geometry":{"type":"Point","coordinates":[-86.13876306,39.79762034]},"properties":{"name":"Indianapolis Academy of Excellence","assetType":"Charter Elementary Schools","dataYear":"2018","assetId":"925297","subcategory":"Education","detail":"https://classic.savi.org/SAVI/PopUps/AssetMoreInfo.aspx?AssetID=925297"}},{"type":"Feature","geometry":{"type":"Point","coordinates":[-86.08862165,39.7434076]},"properties":{"name":"Indpls Lighthouse Charter School","assetType":"Charter Elementary Schools","dataYear":"2018","assetId":"925329","subcategory":"Education","detail":"https://classic.savi.org/SAVI/PopUps/AssetMoreInfo.aspx?AssetID=925329"}},{"type":"Feature","geometry":{"type":"Point","coordinates":[-86.05349288,39.76950347]},"properties":{"name":"Irvington Community School","assetType":"Charter Elementary Schools","dataYear":"2018","assetId":"925359","subcategory":"Education","detail":"https://classic.savi.org/SAVI/PopUps/AssetMoreInfo.aspx?AssetID=925359"}},{"type":"Feature","geometry":{"type":"Point","coordinates":[-86.12916483,39.81160455]},"properties":{"name":"KIPP Indy Unite Elementary","assetType":"Charter Elementary Schools","dataYear":"2018","assetId":"925331","subcategory":"Education","detail":"https://classic.savi.org/SAVI/PopUps/AssetMoreInfo.aspx?AssetID=925331"}},{"type":"Feature","geometry":{"type":"Point","coordinates":[-86.12119301,39.81905636]},"properties":{"name":"Kindezi Academy","assetType":"Charter Elementary Schools","dataYear":"2018","assetId":"925367","subcategory":"Education","detail":"https://classic.savi.org/SAVI/PopUps/AssetMoreInfo.aspx?AssetID=925367"}},{"type":"Feature","geometry":{"type":"Point","coordinates":[-86.19596263,39.78410636]},"properties":{"name":"Matchbook Learning","assetType":"Charter Elementary Schools","dataYear":"2018","assetId":"925382","subcategory":"Education","detail":"https://classic.savi.org/SAVI/PopUps/AssetMoreInfo.aspx?AssetID=925382"}},{"type":"Feature","geometry":{"type":"Point","coordinates":[-86.11286837,39.78700759]},"properties":{"name":"Paramount Brookside","assetType":"Charter Elementary Schools","dataYear":"2018","assetId":"925311","subcategory":"Education","detail":"https://classic.savi.org/SAVI/PopUps/AssetMoreInfo.aspx?AssetID=925311"}},{"type":"Feature","geometry":{"type":"Point","coordinates":[-86.15347059,39.77197963]},"properties":{"name":"Paramount Community Heights","assetType":"Charter Elementary Schools","dataYear":"2018","assetId":"925387","subcategory":"Education","detail":"https://classic.savi.org/SAVI/PopUps/AssetMoreInfo.aspx?AssetID=925387"}},{"type":"Feature","geometry":{"type":"Point","coordinates":[-86.15892772,39.79939583]},"properties":{"name":"Phalen Leadership Academy - IN Inc","assetType":"Charter Elementary Schools","dataYear":"2018","assetId":"925304","subcategory":"Education","detail":"https://classic.savi.org/SAVI/PopUps/AssetMoreInfo.aspx?AssetID=925304"}},{"type":"Feature","geometry":{"type":"Point","coordinates":[-86.1409596,39.74620128]},"properties":{"name":"SE Neighborhood Sch of Excellence","assetType":"Charter Elementary Schools","dataYear":"2018","assetId":"925354","subcategory":"Education","detail":"https://classic.savi.org/SAVI/PopUps/AssetMoreInfo.aspx?AssetID=925354"}},{"type":"Feature","geometry":{"type":"Point","coordinates":[-86.16139741,39.80328798]},"properties":{"name":"Tindley Genesis Academy","assetType":"Charter Elementary Schools","dataYear":"2018","assetId":"925358","subcategory":"Education","detail":"https://classic.savi.org/SAVI/PopUps/AssetMoreInfo.aspx?AssetID=925358"}},{"type":"Feature","geometry":{"type":"Point","coordinates":[-86.10289227,39.83049545]},"properties":{"name":"Tindley Renaissance Academy","assetType":"Charter Elementary Schools","dataYear":"2018","assetId":"925341","subcategory":"Education","detail":"https://classic.savi.org/SAVI/PopUps/AssetMoreInfo.aspx?AssetID=925341"}},{"type":"Feature","geometry":{"type":"Point","coordinates":[-86.01545921,39.82384398]},"properties":{"name":"Tindley Summit Academy","assetType":"Charter Elementary Schools","dataYear":"2018","assetId":"925357","subcategory":"Education","detail":"https://classic.savi.org/SAVI/PopUps/AssetMoreInfo.aspx?AssetID=925357"}},{"type":"Feature","geometry":{"type":"Point","coordinates":[-86.1369625,39.76852442]},"properties":{"name":"Urban ACT Academy","assetType":"Charter Elementary Schools","dataYear":"2018","assetId":"925380","subcategory":"Education","detail":"https://classic.savi.org/SAVI/PopUps/AssetMoreInfo.aspx?AssetID=925380"}},{"type":"Feature","geometry":{"type":"Point","coordinates":[-86.19085586,39.79063619]},"properties":{"name":"Vision Academy","assetType":"Charter Elementary Schools","dataYear":"2018","assetId":"925302","subcategory":"Education","detail":"https://classic.savi.org/SAVI/PopUps/AssetMoreInfo.aspx?AssetID=925302"}},{"type":"Feature","geometry":{"type":"Point","coordinates":[-86.11673657,39.74405896]},"properties":{"name":"pilotED Schools Bethel Park","assetType":"Charter Elementary Schools","dataYear":"2018","assetId":"925384","subcategory":"Education","detail":"https://classic.savi.org/SAVI/PopUps/AssetMoreInfo.aspx?AssetID=925384"}},{"type":"Feature","geometry":{"type":"Point","coordinates":[-85.68035568,40.08670822]},"properties":{"name":"Anderson Preparatory Academy","assetType":"Charter Elementary And Junior High Schools","dataYear":"2017","assetId":"860047","subcategory":"Education","detail":"https://classic.savi.org/SAVI/PopUps/AssetMoreInfo.aspx?AssetID=860047"}},{"type":"Feature","geometry":{"type":"Point","coordinates":[-85.97202721,39.82256155]},"properties":{"name":"Andrew J Brown Academy","assetType":"Charter Elementary And Junior High Schools","dataYear":"2017","assetId":"860134","subcategory":"Education","detail":"https://classic.savi.org/SAVI/PopUps/AssetMoreInfo.aspx?AssetID=860134"}},{"type":"Feature","geometry":{"type":"Point","coordinates":[-86.14828137,39.72801211]},"properties":{"name":"Christel House Academy South","assetType":"Charter Elementary And Junior High Schools","dataYear":"2017","assetId":"860066","subcategory":"Education","detail":"https://classic.savi.org/SAVI/PopUps/AssetMoreInfo.aspx?AssetID=860066"}},{"type":"Feature","geometry":{"type":"Point","coordinates":[-86.28662868,39.68823399]},"properties":{"name":"Damar Charter Academy","assetType":"Charter Elementary And Junior High Schools","dataYear":"2017","assetId":"860120","subcategory":"Education","detail":"https://classic.savi.org/SAVI/PopUps/AssetMoreInfo.aspx?AssetID=860120"}},{"type":"Feature","geometry":{"type":"Point","coordinates":[-86.26183349,39.82281766]},"properties":{"name":"Enlace Academy","assetType":"Charter Elementary And Junior High Schools","dataYear":"2017","assetId":"860290","subcategory":"Education","detail":"https://classic.savi.org/SAVI/PopUps/AssetMoreInfo.aspx?AssetID=860290"}},{"type":"Feature","geometry":{"type":"Point","coordinates":[-85.91508305,39.92839348]},"properties":{"name":"Geist Montessori Academy","assetType":"Charter Elementary And Junior High Schools","dataYear":"2017","assetId":"860133","subcategory":"Education","detail":"https://classic.savi.org/SAVI/PopUps/AssetMoreInfo.aspx?AssetID=860133"}},{"type":"Feature","geometry":{"type":"Point","coordinates":[-86.02676152,39.80935077]},"properties":{"name":"Hoosier Acad Virtual Charter Sch","assetType":"Charter Elementary And Junior High Schools","dataYear":"2017","assetId":"860043","subcategory":"Education","detail":"https://classic.savi.org/SAVI/PopUps/AssetMoreInfo.aspx?AssetID=860043"}},{"type":"Feature","geometry":{"type":"Point","coordinates":[-86.02676152,39.80935077]},"properties":{"name":"Hoosier Academy - Indianapolis","assetType":"Charter Elementary And Junior High Schools","dataYear":"2017","assetId":"860046","subcategory":"Education","detail":"https://classic.savi.org/SAVI/PopUps/AssetMoreInfo.aspx?AssetID=860046"}},{"type":"Feature","geometry":{"type":"Point","coordinates":[-86.23672818,39.82395664]},"properties":{"name":"IN Math & Science Academy","assetType":"Charter Elementary And Junior High Schools","dataYear":"2017","assetId":"860209","subcategory":"Education","detail":"https://classic.savi.org/SAVI/PopUps/AssetMoreInfo.aspx?AssetID=860209"}},{"type":"Feature","geometry":{"type":"Point","coordinates":[-86.12081663,39.88988982]},"properties":{"name":"IN Math & Science Academy - North","assetType":"Charter Elementary And Junior High Schools","dataYear":"2017","assetId":"860041","subcategory":"Education","detail":"https://classic.savi.org/SAVI/PopUps/AssetMoreInfo.aspx?AssetID=860041"}},{"type":"Feature","geometry":{"type":"Point","coordinates":[-86.11673147,39.74405136]},"properties":{"name":"IN Math & Science Academy - South","assetType":"Charter Elementary And Junior High Schools","dataYear":"2017","assetId":"860138","subcategory":"Education","detail":"https://classic.savi.org/SAVI/PopUps/AssetMoreInfo.aspx?AssetID=860138"}},{"type":"Feature","geometry":{"type":"Point","coordinates":[-86.09964512,39.82543221]},"properties":{"name":"Indiana College Preparatory School","assetType":"Charter Elementary And Junior High Schools","dataYear":"2017","assetId":"860135","subcategory":"Education","detail":"https://classic.savi.org/SAVI/PopUps/AssetMoreInfo.aspx?AssetID=860135"}},{"type":"Feature","geometry":{"type":"Point","coordinates":[-86.27423197,39.87508737]},"properties":{"name":"Indiana Connections Academy","assetType":"Charter Elementary And Junior High Schools","dataYear":"2017","assetId":"860040","subcategory":"Education","detail":"https://classic.savi.org/SAVI/PopUps/AssetMoreInfo.aspx?AssetID=860040"}},{"type":"Feature","geometry":{"type":"Point","coordinates":[-86.08861654,39.74339998]},"properties":{"name":"Indpls Lighthouse Charter School","assetType":"Charter Elementary And Junior High Schools","dataYear":"2017","assetId":"860062","subcategory":"Education","detail":"https://classic.savi.org/SAVI/PopUps/AssetMoreInfo.aspx?AssetID=860062"}},{"type":"Feature","geometry":{"type":"Point","coordinates":[-86.05338012,39.7695537]},"properties":{"name":"Irvington Community School","assetType":"Charter Elementary And Junior High Schools","dataYear":"2017","assetId":"860051","subcategory":"Education","detail":"https://classic.savi.org/SAVI/PopUps/AssetMoreInfo.aspx?AssetID=860051"}},{"type":"Feature","geometry":{"type":"Point","coordinates":[-86.11286324,39.78700004]},"properties":{"name":"Paramount School of Excellence","assetType":"Charter Elementary And Junior High Schools","dataYear":"2017","assetId":"860132","subcategory":"Education","detail":"https://classic.savi.org/SAVI/PopUps/AssetMoreInfo.aspx?AssetID=860132"}},{"type":"Feature","geometry":{"type":"Point","coordinates":[-86.14094465,39.74603375]},"properties":{"name":"SE Neighborhood Sch of Excellence","assetType":"Charter Elementary And Junior High Schools","dataYear":"2017","assetId":"860136","subcategory":"Education","detail":"https://classic.savi.org/SAVI/PopUps/AssetMoreInfo.aspx?AssetID=860136"}},{"type":"Feature","geometry":{"type":"Point","coordinates":[-86.1909272,39.7906352]},"properties":{"name":"Vision Academy","assetType":"Charter Elementary And Junior High Schools","dataYear":"2017","assetId":"860208","subcategory":"Education","detail":"https://classic.savi.org/SAVI/PopUps/AssetMoreInfo.aspx?AssetID=860208"}},{"type":"Feature","geometry":{"type":"Point","coordinates":[-85.68036072,40.08671584]},"properties":{"name":"Anderson Preparatory Academy","assetType":"Charter High Schools","dataYear":"2018","assetId":"925310","subcategory":"Education","detail":"https://classic.savi.org/SAVI/PopUps/AssetMoreInfo.aspx?AssetID=925310"}},{"type":"Feature","geometry":{"type":"Point","coordinates":[-86.11294481,39.82820183]},"properties":{"name":"Charles A Tindley Accelerated Sch","assetType":"Charter High Schools","dataYear":"2018","assetId":"925356","subcategory":"Education","detail":"https://classic.savi.org/SAVI/PopUps/AssetMoreInfo.aspx?AssetID=925356"}},{"type":"Feature","geometry":{"type":"Point","coordinates":[-86.14828649,39.72801967]},"properties":{"name":"Christel House Academy South","assetType":"Charter High Schools","dataYear":"2018","assetId":"925336","subcategory":"Education","detail":"https://classic.savi.org/SAVI/PopUps/AssetMoreInfo.aspx?AssetID=925336"}},{"type":"Feature","geometry":{"type":"Point","coordinates":[-86.14828649,39.72801967]},"properties":{"name":"Christel House DORS","assetType":"Charter High Schools","dataYear":"2018","assetId":"925334","subcategory":"Education","detail":"https://classic.savi.org/SAVI/PopUps/AssetMoreInfo.aspx?AssetID=925334"}},{"type":"Feature","geometry":{"type":"Point","coordinates":[-86.28663384,39.68824156]},"properties":{"name":"Damar Charter Academy","assetType":"Charter High Schools","dataYear":"2018","assetId":"925315","subcategory":"Education","detail":"https://classic.savi.org/SAVI/PopUps/AssetMoreInfo.aspx?AssetID=925315"}},{"type":"Feature","geometry":{"type":"Point","coordinates":[-86.16352044,39.76731094]},"properties":{"name":"Dept of Correction Adult Schools","assetType":"Charter High Schools","dataYear":"2018","assetId":"925369","subcategory":"Education","detail":"https://classic.savi.org/SAVI/PopUps/AssetMoreInfo.aspx?AssetID=925369"}},{"type":"Feature","geometry":{"type":"Point","coordinates":[-86.1526734,39.73338449]},"properties":{"name":"Emmerich Manual High School","assetType":"Charter High Schools","dataYear":"2018","assetId":"925377","subcategory":"Education","detail":"https://classic.savi.org/SAVI/PopUps/AssetMoreInfo.aspx?AssetID=925377"}},{"type":"Feature","geometry":{"type":"Point","coordinates":[-85.68868084,40.10521593]},"properties":{"name":"Excel Center - Anderson","assetType":"Charter High Schools","dataYear":"2018","assetId":"925300","subcategory":"Education","detail":"https://classic.savi.org/SAVI/PopUps/AssetMoreInfo.aspx?AssetID=925300"}},{"type":"Feature","geometry":{"type":"Point","coordinates":[-86.2651301,39.81641296]},"properties":{"name":"Excel Center - Lafayette Square","assetType":"Charter High Schools","dataYear":"2018","assetId":"925339","subcategory":"Education","detail":"https://classic.savi.org/SAVI/PopUps/AssetMoreInfo.aspx?AssetID=925339"}},{"type":"Feature","geometry":{"type":"Point","coordinates":[-86.00319945,40.04799249]},"properties":{"name":"Excel Center - Noblesville","assetType":"Charter High Schools","dataYear":"2018","assetId":"925305","subcategory":"Education","detail":"https://classic.savi.org/SAVI/PopUps/AssetMoreInfo.aspx?AssetID=925305"}},{"type":"Feature","geometry":{"type":"Point","coordinates":[-85.77722101,39.52333757]},"properties":{"name":"Excel Center - Shelbyville","assetType":"Charter High Schools","dataYear":"2018","assetId":"925312","subcategory":"Education","detail":"https://classic.savi.org/SAVI/PopUps/AssetMoreInfo.aspx?AssetID=925312"}},{"type":"Feature","geometry":{"type":"Point","coordinates":[-86.14079068,39.70890224]},"properties":{"name":"Excel Center - University Heights","assetType":"Charter High Schools","dataYear":"2018","assetId":"925306","subcategory":"Education","detail":"https://classic.savi.org/SAVI/PopUps/AssetMoreInfo.aspx?AssetID=925306"}},{"type":"Feature","geometry":{"type":"Point","coordinates":[-86.19093886,39.77460033]},"properties":{"name":"Excel Center For Adult Learners","assetType":"Charter High Schools","dataYear":"2018","assetId":"925318","subcategory":"Education","detail":"https://classic.savi.org/SAVI/PopUps/AssetMoreInfo.aspx?AssetID=925318"}},{"type":"Feature","geometry":{"type":"Point","coordinates":[-86.15542109,39.78900212]},"properties":{"name":"Herron High School","assetType":"Charter High Schools","dataYear":"2018","assetId":"925348","subcategory":"Education","detail":"https://classic.savi.org/SAVI/PopUps/AssetMoreInfo.aspx?AssetID=925348"}},{"type":"Feature","geometry":{"type":"Point","coordinates":[-86.02671453,39.80870723]},"properties":{"name":"Hoosier Academy - Indianapolis","assetType":"Charter High Schools","dataYear":"2018","assetId":"925308","subcategory":"Education","detail":"https://classic.savi.org/SAVI/PopUps/AssetMoreInfo.aspx?AssetID=925308"}},{"type":"Feature","geometry":{"type":"Point","coordinates":[-86.03913476,39.9025302]},"properties":{"name":"Hope Academy","assetType":"Charter High Schools","dataYear":"2018","assetId":"925347","subcategory":"Education","detail":"https://classic.savi.org/SAVI/PopUps/AssetMoreInfo.aspx?AssetID=925347"}},{"type":"Feature","geometry":{"type":"Point","coordinates":[-86.12082177,39.8898974]},"properties":{"name":"IN Math & Science Academy - North","assetType":"Charter High Schools","dataYear":"2018","assetId":"925292","subcategory":"Education","detail":"https://classic.savi.org/SAVI/PopUps/AssetMoreInfo.aspx?AssetID=925292"}},{"type":"Feature","geometry":{"type":"Point","coordinates":[-86.14568713,39.89520248]},"properties":{"name":"IN Sch for the Blind & Vis Imprd","assetType":"Charter High Schools","dataYear":"2018","assetId":"925328","subcategory":"Education","detail":"https://classic.savi.org/SAVI/PopUps/AssetMoreInfo.aspx?AssetID=925328"}},{"type":"Feature","geometry":{"type":"Point","coordinates":[-86.11536181,39.96243285]},"properties":{"name":"Indiana Agriculture and Technology","assetType":"Charter High Schools","dataYear":"2018","assetId":"925353","subcategory":"Education","detail":"https://classic.savi.org/SAVI/PopUps/AssetMoreInfo.aspx?AssetID=925353"}},{"type":"Feature","geometry":{"type":"Point","coordinates":[-86.27463235,39.87550626]},"properties":{"name":"Indiana Connections Academy","assetType":"Charter High Schools","dataYear":"2018","assetId":"925320","subcategory":"Education","detail":"https://classic.savi.org/SAVI/PopUps/AssetMoreInfo.aspx?AssetID=925320"}},{"type":"Feature","geometry":{"type":"Point","coordinates":[-86.27533518,39.87562875]},"properties":{"name":"Indiana Connections Career Academy","assetType":"Charter High Schools","dataYear":"2018","assetId":"925373","subcategory":"Education","detail":"https://classic.savi.org/SAVI/PopUps/AssetMoreInfo.aspx?AssetID=925373"}},{"type":"Feature","geometry":{"type":"Point","coordinates":[-86.1383957,39.83286832]},"properties":{"name":"Indiana School For The Deaf","assetType":"Charter High Schools","dataYear":"2018","assetId":"925325","subcategory":"Education","detail":"https://classic.savi.org/SAVI/PopUps/AssetMoreInfo.aspx?AssetID=925325"}},{"type":"Feature","geometry":{"type":"Point","coordinates":[-86.15034155,39.9281347]},"properties":{"name":"Indiana Virtual Pathways Academy","assetType":"Charter High Schools","dataYear":"2018","assetId":"925362","subcategory":"Education","detail":"https://classic.savi.org/SAVI/PopUps/AssetMoreInfo.aspx?AssetID=925362"}},{"type":"Feature","geometry":{"type":"Point","coordinates":[-86.15034155,39.9281347]},"properties":{"name":"Indiana Virtual School","assetType":"Charter High Schools","dataYear":"2018","assetId":"925294","subcategory":"Education","detail":"https://classic.savi.org/SAVI/PopUps/AssetMoreInfo.aspx?AssetID=925294"}},{"type":"Feature","geometry":{"type":"Point","coordinates":[-86.02714586,39.82994859]},"properties":{"name":"Indianapolis Lighthouse East","assetType":"Charter High Schools","dataYear":"2018","assetId":"925299","subcategory":"Education","detail":"https://classic.savi.org/SAVI/PopUps/AssetMoreInfo.aspx?AssetID=925299"}},{"type":"Feature","geometry":{"type":"Point","coordinates":[-86.19093886,39.77460033]},"properties":{"name":"Indianapolis Metropolitan High Sch","assetType":"Charter High Schools","dataYear":"2018","assetId":"925344","subcategory":"Education","detail":"https://classic.savi.org/SAVI/PopUps/AssetMoreInfo.aspx?AssetID=925344"}},{"type":"Feature","geometry":{"type":"Point","coordinates":[-86.08862165,39.7434076]},"properties":{"name":"Indpls Lighthouse Charter School","assetType":"Charter High Schools","dataYear":"2018","assetId":"925330","subcategory":"Education","detail":"https://classic.savi.org/SAVI/PopUps/AssetMoreInfo.aspx?AssetID=925330"}},{"type":"Feature","geometry":{"type":"Point","coordinates":[-86.02671453,39.80870723]},"properties":{"name":"Insight School of Indiana","assetType":"Charter High Schools","dataYear":"2018","assetId":"925366","subcategory":"Education","detail":"https://classic.savi.org/SAVI/PopUps/AssetMoreInfo.aspx?AssetID=925366"}},{"type":"Feature","geometry":{"type":"Point","coordinates":[-86.05349288,39.76950347]},"properties":{"name":"Irvington Community School","assetType":"Charter High Schools","dataYear":"2018","assetId":"925360","subcategory":"Education","detail":"https://classic.savi.org/SAVI/PopUps/AssetMoreInfo.aspx?AssetID=925360"}},{"type":"Feature","geometry":{"type":"Point","coordinates":[-86.08555905,39.796433]},"properties":{"name":"Marion Academy","assetType":"Charter High Schools","dataYear":"2018","assetId":"925317","subcategory":"Education","detail":"https://classic.savi.org/SAVI/PopUps/AssetMoreInfo.aspx?AssetID=925317"}},{"type":"Feature","geometry":{"type":"Point","coordinates":[-86.19596263,39.78410636]},"properties":{"name":"Matchbook Learning","assetType":"Charter High Schools","dataYear":"2018","assetId":"925383","subcategory":"Education","detail":"https://classic.savi.org/SAVI/PopUps/AssetMoreInfo.aspx?AssetID=925383"}},{"type":"Feature","geometry":{"type":"Point","coordinates":[-86.13654414,39.96322329]},"properties":{"name":"Options Charter School - Carmel","assetType":"Charter High Schools","dataYear":"2018","assetId":"925361","subcategory":"Education","detail":"https://classic.savi.org/SAVI/PopUps/AssetMoreInfo.aspx?AssetID=925361"}},{"type":"Feature","geometry":{"type":"Point","coordinates":[-85.99204048,40.01500416]},"properties":{"name":"Options Charter School Noblesville","assetType":"Charter High Schools","dataYear":"2018","assetId":"925351","subcategory":"Education","detail":"https://classic.savi.org/SAVI/PopUps/AssetMoreInfo.aspx?AssetID=925351"}},{"type":"Feature","geometry":{"type":"Point","coordinates":[-85.77010917,39.97387797]},"properties":{"name":"Pendleton Juvenile Correctional","assetType":"Charter High Schools","dataYear":"2018","assetId":"925371","subcategory":"Education","detail":"https://classic.savi.org/SAVI/PopUps/AssetMoreInfo.aspx?AssetID=925371"}},{"type":"Feature","geometry":{"type":"Point","coordinates":[-86.15822599,39.75941316]},"properties":{"name":"Purdue Polytechnic High School Ind","assetType":"Charter High Schools","dataYear":"2018","assetId":"925374","subcategory":"Education","detail":"https://classic.savi.org/SAVI/PopUps/AssetMoreInfo.aspx?AssetID=925374"}},{"type":"Feature","geometry":{"type":"Point","coordinates":[-86.15542109,39.78900212]},"properties":{"name":"Riverside High School","assetType":"Charter High Schools","dataYear":"2018","assetId":"925364","subcategory":"Education","detail":"https://classic.savi.org/SAVI/PopUps/AssetMoreInfo.aspx?AssetID=925364"}},{"type":"Feature","geometry":{"type":"Point","coordinates":[-86.08485394,39.76912986]},"properties":{"name":"Thomas Carr Howe Comm High School","assetType":"Charter High Schools","dataYear":"2018","assetId":"925379","subcategory":"Education","detail":"https://classic.savi.org/SAVI/PopUps/AssetMoreInfo.aspx?AssetID=925379"}},{"type":"Feature","geometry":{"type":"Point","coordinates":[-86.15718861,39.79813074]},"properties":{"name":"Carpe Diem - Meridian Campus","assetType":"Charter Junior High And High Schools","dataYear":"2017","assetId":"860048","subcategory":"Education","detail":"https://classic.savi.org/SAVI/PopUps/AssetMoreInfo.aspx?AssetID=860048"}},{"type":"Feature","geometry":{"type":"Point","coordinates":[-86.25474934,39.8280842]},"properties":{"name":"Carpe Diem - Northwest","assetType":"Charter Junior High And High Schools","dataYear":"2017","assetId":"860122","subcategory":"Education","detail":"https://classic.savi.org/SAVI/PopUps/AssetMoreInfo.aspx?AssetID=860122"}},{"type":"Feature","geometry":{"type":"Point","coordinates":[-86.04726566,39.83743903]},"properties":{"name":"Carpe Diem - Shadeland","assetType":"Charter Junior High And High Schools","dataYear":"2017","assetId":"860061","subcategory":"Education","detail":"https://classic.savi.org/SAVI/PopUps/AssetMoreInfo.aspx?AssetID=860061"}},{"type":"Feature","geometry":{"type":"Point","coordinates":[-86.15033639,39.92812714]},"properties":{"name":"Indiana Virtual School","assetType":"Charter Junior High And High Schools","dataYear":"2017","assetId":"860042","subcategory":"Education","detail":"https://classic.savi.org/SAVI/PopUps/AssetMoreInfo.aspx?AssetID=860042"}},{"type":"Feature","geometry":{"type":"Point","coordinates":[-86.02706666,39.82862737]},"properties":{"name":"Indianapolis Lighthouse East","assetType":"Charter Junior High And High Schools","dataYear":"2017","assetId":"860205","subcategory":"Education","detail":"https://classic.savi.org/SAVI/PopUps/AssetMoreInfo.aspx?AssetID=860205"}},{"type":"Feature","geometry":{"type":"Point","coordinates":[-86.02676152,39.80935077]},"properties":{"name":"Insight School of Indiana","assetType":"Charter Junior High And High Schools","dataYear":"2017","assetId":"860053","subcategory":"Education","detail":"https://classic.savi.org/SAVI/PopUps/AssetMoreInfo.aspx?AssetID=860053"}},{"type":"Feature","geometry":{"type":"Point","coordinates":[-86.08565934,39.79671881]},"properties":{"name":"Marion Academy","assetType":"Charter Junior High And High Schools","dataYear":"2017","assetId":"860121","subcategory":"Education","detail":"https://classic.savi.org/SAVI/PopUps/AssetMoreInfo.aspx?AssetID=860121"}},{"type":"Feature","geometry":{"type":"Point","coordinates":[-85.9920354,40.01499655]},"properties":{"name":"Options Charter School Noblesville","assetType":"Charter Junior High And High Schools","dataYear":"2017","assetId":"860060","subcategory":"Education","detail":"https://classic.savi.org/SAVI/PopUps/AssetMoreInfo.aspx?AssetID=860060"}},{"type":"Feature","geometry":{"type":"Point","coordinates":[-85.97210698,39.822887]},"properties":{"name":"Andrew J Brown Academy","assetType":"Charter Junior High Schools","dataYear":"2018","assetId":"925322","subcategory":"Education","detail":"https://classic.savi.org/SAVI/PopUps/AssetMoreInfo.aspx?AssetID=925322"}},{"type":"Feature","geometry":{"type":"Point","coordinates":[-86.1122132,39.82961423]},"properties":{"name":"Avondale Meadows Middle School","assetType":"Charter Junior High Schools","dataYear":"2018","assetId":"925372","subcategory":"Education","detail":"https://classic.savi.org/SAVI/PopUps/AssetMoreInfo.aspx?AssetID=925372"}},{"type":"Feature","geometry":{"type":"Point","coordinates":[-86.16352044,39.76731094]},"properties":{"name":"Dept of Correction Adult Schools","assetType":"Charter Junior High Schools","dataYear":"2018","assetId":"925368","subcategory":"Education","detail":"https://classic.savi.org/SAVI/PopUps/AssetMoreInfo.aspx?AssetID=925368"}},{"type":"Feature","geometry":{"type":"Point","coordinates":[-86.13576691,39.72386937]},"properties":{"name":"Emma Donnan Middle School","assetType":"Charter Junior High Schools","dataYear":"2018","assetId":"925376","subcategory":"Education","detail":"https://classic.savi.org/SAVI/PopUps/AssetMoreInfo.aspx?AssetID=925376"}},{"type":"Feature","geometry":{"type":"Point","coordinates":[-86.26276606,39.82288968]},"properties":{"name":"Enlace Academy","assetType":"Charter Junior High Schools","dataYear":"2018","assetId":"925338","subcategory":"Education","detail":"https://classic.savi.org/SAVI/PopUps/AssetMoreInfo.aspx?AssetID=925338"}},{"type":"Feature","geometry":{"type":"Point","coordinates":[-85.91508813,39.92840107]},"properties":{"name":"Geist Montessori Academy","assetType":"Charter Junior High Schools","dataYear":"2018","assetId":"925346","subcategory":"Education","detail":"https://classic.savi.org/SAVI/PopUps/AssetMoreInfo.aspx?AssetID=925346"}},{"type":"Feature","geometry":{"type":"Point","coordinates":[-86.23749185,39.82382126]},"properties":{"name":"IN Math & Science Academy","assetType":"Charter Junior High Schools","dataYear":"2018","assetId":"925296","subcategory":"Education","detail":"https://classic.savi.org/SAVI/PopUps/AssetMoreInfo.aspx?AssetID=925296"}},{"type":"Feature","geometry":{"type":"Point","coordinates":[-86.11536181,39.96243285]},"properties":{"name":"Indiana Agriculture and Technology","assetType":"Charter Junior High Schools","dataYear":"2018","assetId":"925352","subcategory":"Education","detail":"https://classic.savi.org/SAVI/PopUps/AssetMoreInfo.aspx?AssetID=925352"}},{"type":"Feature","geometry":{"type":"Point","coordinates":[-86.15034155,39.9281347]},"properties":{"name":"Indiana Virtual School","assetType":"Charter Junior High Schools","dataYear":"2018","assetId":"925293","subcategory":"Education","detail":"https://classic.savi.org/SAVI/PopUps/AssetMoreInfo.aspx?AssetID=925293"}},{"type":"Feature","geometry":{"type":"Point","coordinates":[-86.02714586,39.82994859]},"properties":{"name":"Indianapolis Lighthouse East","assetType":"Charter Junior High Schools","dataYear":"2018","assetId":"925298","subcategory":"Education","detail":"https://classic.savi.org/SAVI/PopUps/AssetMoreInfo.aspx?AssetID=925298"}},{"type":"Feature","geometry":{"type":"Point","coordinates":[-86.02671453,39.80870723]},"properties":{"name":"Insight School of Indiana","assetType":"Charter Junior High Schools","dataYear":"2018","assetId":"925365","subcategory":"Education","detail":"https://classic.savi.org/SAVI/PopUps/AssetMoreInfo.aspx?AssetID=925365"}},{"type":"Feature","geometry":{"type":"Point","coordinates":[-85.99249276,39.83611709]},"properties":{"name":"J & R Phalen Leadership Academy","assetType":"Charter Junior High Schools","dataYear":"2018","assetId":"925388","subcategory":"Education","detail":"https://classic.savi.org/SAVI/PopUps/AssetMoreInfo.aspx?AssetID=925388"}},{"type":"Feature","geometry":{"type":"Point","coordinates":[-86.12916483,39.81160455]},"properties":{"name":"KIPP Indy College Prep Middle","assetType":"Charter Junior High Schools","dataYear":"2018","assetId":"925332","subcategory":"Education","detail":"https://classic.savi.org/SAVI/PopUps/AssetMoreInfo.aspx?AssetID=925332"}},{"type":"Feature","geometry":{"type":"Point","coordinates":[-86.08555905,39.796433]},"properties":{"name":"Marion Academy","assetType":"Charter Junior High Schools","dataYear":"2018","assetId":"925316","subcategory":"Education","detail":"https://classic.savi.org/SAVI/PopUps/AssetMoreInfo.aspx?AssetID=925316"}},{"type":"Feature","geometry":{"type":"Point","coordinates":[-85.99204048,40.01500416]},"properties":{"name":"Options Charter School Noblesville","assetType":"Charter Junior High Schools","dataYear":"2018","assetId":"925350","subcategory":"Education","detail":"https://classic.savi.org/SAVI/PopUps/AssetMoreInfo.aspx?AssetID=925350"}},{"type":"Feature","geometry":{"type":"Point","coordinates":[-86.11286837,39.78700759]},"properties":{"name":"Paramount Brookside","assetType":"Charter Junior High Schools","dataYear":"2018","assetId":"925343","subcategory":"Education","detail":"https://classic.savi.org/SAVI/PopUps/AssetMoreInfo.aspx?AssetID=925343"}},{"type":"Feature","geometry":{"type":"Point","coordinates":[-85.77010917,39.97387797]},"properties":{"name":"Pendleton Juvenile Correctional","assetType":"Charter Junior High Schools","dataYear":"2018","assetId":"925370","subcategory":"Education","detail":"https://classic.savi.org/SAVI/PopUps/AssetMoreInfo.aspx?AssetID=925370"}},{"type":"Feature","geometry":{"type":"Point","coordinates":[-86.1409596,39.74620128]},"properties":{"name":"SE Neighborhood Sch of Excellence","assetType":"Charter Junior High Schools","dataYear":"2018","assetId":"925355","subcategory":"Education","detail":"https://classic.savi.org/SAVI/PopUps/AssetMoreInfo.aspx?AssetID=925355"}},{"type":"Feature","geometry":{"type":"Point","coordinates":[-86.08485394,39.76912986]},"properties":{"name":"Thomas Carr Howe Comm High School","assetType":"Charter Junior High Schools","dataYear":"2018","assetId":"925378","subcategory":"Education","detail":"https://classic.savi.org/SAVI/PopUps/AssetMoreInfo.aspx?AssetID=925378"}},{"type":"Feature","geometry":{"type":"Point","coordinates":[-86.10288935,39.83036448]},"properties":{"name":"Tindley Collegiate Academy","assetType":"Charter Junior High Schools","dataYear":"2018","assetId":"925342","subcategory":"Education","detail":"https://classic.savi.org/SAVI/PopUps/AssetMoreInfo.aspx?AssetID=925342"}},{"type":"Feature","geometry":{"type":"Point","coordinates":[-86.1369625,39.76852442]},"properties":{"name":"Urban ACT Academy","assetType":"Charter Junior High Schools","dataYear":"2018","assetId":"925381","subcategory":"Education","detail":"https://classic.savi.org/SAVI/PopUps/AssetMoreInfo.aspx?AssetID=925381"}},{"type":"Feature","geometry":{"type":"Point","coordinates":[-86.20258999,39.78549344]},"properties":{"name":"Vanguard Collegiate of Indy","assetType":"Charter Junior High Schools","dataYear":"2018","assetId":"925385","subcategory":"Education","detail":"https://classic.savi.org/SAVI/PopUps/AssetMoreInfo.aspx?AssetID=925385"}},{"type":"Feature","geometry":{"type":"Point","coordinates":[-86.19085586,39.79063619]},"properties":{"name":"Vision Academy","assetType":"Charter Junior High Schools","dataYear":"2018","assetId":"925303","subcategory":"Education","detail":"https://classic.savi.org/SAVI/PopUps/AssetMoreInfo.aspx?AssetID=925303"}},{"type":"Feature","geometry":{"type":"Point","coordinates":[-85.66611352,40.11182923]},"properties":{"name":"ANDERSON UNIVERSITY","assetType":"Colleges and Universities","dataYear":"2018","assetId":"919284","subcategory":"Education","detail":"https://classic.savi.org/SAVI/PopUps/AssetMoreInfo.aspx?AssetID=919284"}},{"type":"Feature","geometry":{"type":"Point","coordinates":[-86.16907614,39.83943286]},"properties":{"name":"BUTLER UNIVERSITY","assetType":"Colleges and Universities","dataYear":"2018","assetId":"921439","subcategory":"Education","detail":"https://classic.savi.org/SAVI/PopUps/AssetMoreInfo.aspx?AssetID=921439"}},{"type":"Feature","geometry":{"type":"Point","coordinates":[-86.04795845,39.4797499]},"properties":{"name":"FRANKLIN COLLEGE","assetType":"Colleges and Universities","dataYear":"2018","assetId":"920033","subcategory":"Education","detail":"https://classic.savi.org/SAVI/PopUps/AssetMoreInfo.aspx?AssetID=920033"}},{"type":"Feature","geometry":{"type":"Point","coordinates":[-86.0183605,39.94494273]},"properties":{"name":"INDIANA TECH - FISHERS","assetType":"Colleges and Universities","dataYear":"2018","assetId":"920883","subcategory":"Education","detail":"https://classic.savi.org/SAVI/PopUps/AssetMoreInfo.aspx?AssetID=920883"}},{"type":"Feature","geometry":{"type":"Point","coordinates":[-86.08981851,39.61506048]},"properties":{"name":"INDIANA TECH - GREENWOOD","assetType":"Colleges and Universities","dataYear":"2018","assetId":"920882","subcategory":"Education","detail":"https://classic.savi.org/SAVI/PopUps/AssetMoreInfo.aspx?AssetID=920882"}},{"type":"Feature","geometry":{"type":"Point","coordinates":[-86.22096951,39.92009202]},"properties":{"name":"INDIANA TECH - INDIANAPOLIS","assetType":"Colleges and Universities","dataYear":"2018","assetId":"920881","subcategory":"Education","detail":"https://classic.savi.org/SAVI/PopUps/AssetMoreInfo.aspx?AssetID=920881"}},{"type":"Feature","geometry":{"type":"Point","coordinates":[-86.17600733,39.77391154]},"properties":{"name":"INDIANA UNIVERSITY PURDUE UNIVERSITY INDIANAPOLIS IUPUI","assetType":"Colleges and Universities","dataYear":"2018","assetId":"919293","subcategory":"Education","detail":"https://classic.savi.org/SAVI/PopUps/AssetMoreInfo.aspx?AssetID=919293"}},{"type":"Feature","geometry":{"type":"Point","coordinates":[-86.07540031,39.61799382]},"properties":{"name":"INDIANA WESLEYAN UNIVERSITY - GREENWOOD","assetType":"Colleges and Universities","dataYear":"2018","assetId":"920511","subcategory":"Education","detail":"https://classic.savi.org/SAVI/PopUps/AssetMoreInfo.aspx?AssetID=920511"}},{"type":"Feature","geometry":{"type":"Point","coordinates":[-86.10263052,39.91981765]},"properties":{"name":"INDIANA WESLEYAN UNIVERSITY - INDIANAPOLIS NORTH","assetType":"Colleges and Universities","dataYear":"2018","assetId":"920510","subcategory":"Education","detail":"https://classic.savi.org/SAVI/PopUps/AssetMoreInfo.aspx?AssetID=920510"}},{"type":"Feature","geometry":{"type":"Point","coordinates":[-86.27183981,39.87772145]},"properties":{"name":"INDIANA WESLEYAN UNIVERSITY - INDIANAPOLIS WEST","assetType":"Colleges and Universities","dataYear":"2018","assetId":"920507","subcategory":"Education","detail":"https://classic.savi.org/SAVI/PopUps/AssetMoreInfo.aspx?AssetID=920507"}},{"type":"Feature","geometry":{"type":"Point","coordinates":[-85.66799697,40.05396938]},"properties":{"name":"IVY TECH COMMUNITY COLLEGE - ANDERSON","assetType":"Colleges and Universities","dataYear":"2018","assetId":"918915","subcategory":"Education","detail":"https://classic.savi.org/SAVI/PopUps/AssetMoreInfo.aspx?AssetID=918915"}},{"type":"Feature","geometry":{"type":"Point","coordinates":[-85.66799697,40.05396938]},"properties":{"name":"IVY TECH COMMUNITY COLLEGE - ANDERSON","assetType":"Colleges and Universities","dataYear":"2018","assetId":"918914","subcategory":"Education","detail":"https://classic.savi.org/SAVI/PopUps/AssetMoreInfo.aspx?AssetID=918914"}},{"type":"Feature","geometry":{"type":"Point","coordinates":[-86.01188132,39.48892953]},"properties":{"name":"IVY TECH COMMUNITY COLLEGE - FRANKLIN","assetType":"Colleges and Universities","dataYear":"2018","assetId":"918882","subcategory":"Education","detail":"https://classic.savi.org/SAVI/PopUps/AssetMoreInfo.aspx?AssetID=918882"}},{"type":"Feature","geometry":{"type":"Point","coordinates":[-86.01188132,39.48892953]},"properties":{"name":"IVY TECH COMMUNITY COLLEGE - FRANKLIN","assetType":"Colleges and Universities","dataYear":"2018","assetId":"918881","subcategory":"Education","detail":"https://classic.savi.org/SAVI/PopUps/AssetMoreInfo.aspx?AssetID=918881"}},{"type":"Feature","geometry":{"type":"Point","coordinates":[-86.84109871,39.63907359]},"properties":{"name":"IVY TECH COMMUNITY COLLEGE - GREENCASTLE","assetType":"Colleges and Universities","dataYear":"2018","assetId":"918917","subcategory":"Education","detail":"https://classic.savi.org/SAVI/PopUps/AssetMoreInfo.aspx?AssetID=918917"}},{"type":"Feature","geometry":{"type":"Point","coordinates":[-86.84109871,39.63907359]},"properties":{"name":"IVY TECH COMMUNITY COLLEGE - GREENCASTLE","assetType":"Colleges and Universities","dataYear":"2018","assetId":"918880","subcategory":"Education","detail":"https://classic.savi.org/SAVI/PopUps/AssetMoreInfo.aspx?AssetID=918880"}},{"type":"Feature","geometry":{"type":"Point","coordinates":[-86.15781972,39.80353771]},"properties":{"name":"IVY TECH COMMUNITY COLLEGE - INDIANAPOLIS","assetType":"Colleges and Universities","dataYear":"2018","assetId":"918887","subcategory":"Education","detail":"https://classic.savi.org/SAVI/PopUps/AssetMoreInfo.aspx?AssetID=918887"}},{"type":"Feature","geometry":{"type":"Point","coordinates":[-86.15781972,39.80353771]},"properties":{"name":"IVY TECH COMMUNITY COLLEGE - INDIANAPOLIS","assetType":"Colleges and Universities","dataYear":"2018","assetId":"918885","subcategory":"Education","detail":"https://classic.savi.org/SAVI/PopUps/AssetMoreInfo.aspx?AssetID=918885"}},{"type":"Feature","geometry":{"type":"Point","coordinates":[-86.00452661,39.86266662]},"properties":{"name":"IVY TECH COMMUNITY COLLEGE - LAWRENCE","assetType":"Colleges and Universities","dataYear":"2018","assetId":"918909","subcategory":"Education","detail":"https://classic.savi.org/SAVI/PopUps/AssetMoreInfo.aspx?AssetID=918909"}},{"type":"Feature","geometry":{"type":"Point","coordinates":[-86.00452661,39.86266662]},"properties":{"name":"IVY TECH COMMUNITY COLLEGE - LAWRENCE","assetType":"Colleges and Universities","dataYear":"2018","assetId":"918908","subcategory":"Education","detail":"https://classic.savi.org/SAVI/PopUps/AssetMoreInfo.aspx?AssetID=918908"}},{"type":"Feature","geometry":{"type":"Point","coordinates":[-86.00319945,40.04799249]},"properties":{"name":"IVY TECH COMMUNITY COLLEGE - NOBLESVILLE","assetType":"Colleges and Universities","dataYear":"2018","assetId":"918912","subcategory":"Education","detail":"https://classic.savi.org/SAVI/PopUps/AssetMoreInfo.aspx?AssetID=918912"}},{"type":"Feature","geometry":{"type":"Point","coordinates":[-86.00319945,40.04799249]},"properties":{"name":"IVY TECH COMMUNITY COLLEGE - NOBLESVILLE","assetType":"Colleges and Universities","dataYear":"2018","assetId":"918911","subcategory":"Education","detail":"https://classic.savi.org/SAVI/PopUps/AssetMoreInfo.aspx?AssetID=918911"}},{"type":"Feature","geometry":{"type":"Point","coordinates":[-86.20170938,39.81256505]},"properties":{"name":"MARIAN UNIVERSITY","assetType":"Colleges and Universities","dataYear":"2018","assetId":"921564","subcategory":"Education","detail":"https://classic.savi.org/SAVI/PopUps/AssetMoreInfo.aspx?AssetID=921564"}},{"type":"Feature","geometry":{"type":"Point","coordinates":[-86.10254033,39.79845032]},"properties":{"name":"MARTIN UNIVERSITY","assetType":"Colleges and Universities","dataYear":"2018","assetId":"922080","subcategory":"Education","detail":"https://classic.savi.org/SAVI/PopUps/AssetMoreInfo.aspx?AssetID=922080"}},{"type":"Feature","geometry":{"type":"Point","coordinates":[-86.38667141,39.76453355]},"properties":{"name":"TRINE UNIVERSITY - INDIANAPOLIS REGIONAL EDUCATION CENTER","assetType":"Colleges and Universities","dataYear":"2018","assetId":"919211","subcategory":"Education","detail":"https://classic.savi.org/SAVI/PopUps/AssetMoreInfo.aspx?AssetID=919211"}},{"type":"Feature","geometry":{"type":"Point","coordinates":[-86.13397366,39.70842988]},"properties":{"name":"UNIVERSITY OF INDIANAPOLIS","assetType":"Colleges and Universities","dataYear":"2018","assetId":"922625","subcategory":"Education","detail":"https://classic.savi.org/SAVI/PopUps/AssetMoreInfo.aspx?AssetID=922625"}},{"type":"Feature","geometry":{"type":"Point","coordinates":[-86.17194609,39.86860503]},"properties":{"name":"Indiana Assoc of Independent Schls","assetType":"Private Alternative Education","dataYear":"2011","assetId":"680381","subcategory":"Education","detail":"https://classic.savi.org/SAVI/PopUps/AssetMoreInfo.aspx?AssetID=680381"}},{"type":"Feature","geometry":{"type":"Point","coordinates":[-86.15795302,39.78620046]},"properties":{"name":"Indiana Nonpublic Education Assoc","assetType":"Private Alternative Education","dataYear":"2011","assetId":"680383","subcategory":"Education","detail":"https://classic.savi.org/SAVI/PopUps/AssetMoreInfo.aspx?AssetID=680383"}},{"type":"Feature","geometry":{"type":"Point","coordinates":[-86.1433572,39.89505037]},"properties":{"name":"Indiana School For The Blind","assetType":"Private Alternative Education","dataYear":"2011","assetId":"680385","subcategory":"Education","detail":"https://classic.savi.org/SAVI/PopUps/AssetMoreInfo.aspx?AssetID=680385"}},{"type":"Feature","geometry":{"type":"Point","coordinates":[-86.13819148,39.83287129]},"properties":{"name":"Indiana School For The Deaf","assetType":"Private Alternative Education","dataYear":"2011","assetId":"680386","subcategory":"Education","detail":"https://classic.savi.org/SAVI/PopUps/AssetMoreInfo.aspx?AssetID=680386"}},{"type":"Feature","geometry":{"type":"Point","coordinates":[-85.40506389,38.74673611]},"properties":{"name":"Madison Correctional Facility","assetType":"Private Alternative Education","dataYear":"2011","assetId":"680384","subcategory":"Education","detail":"https://classic.savi.org/SAVI/PopUps/AssetMoreInfo.aspx?AssetID=680384"}},{"type":"Feature","geometry":{"type":"Point","coordinates":[-86.12117175,39.80289504]},"properties":{"name":"New Directions","assetType":"Private Alternative Education","dataYear":"2011","assetId":"680382","subcategory":"Education","detail":"https://classic.savi.org/SAVI/PopUps/AssetMoreInfo.aspx?AssetID=680382"}},{"type":"Feature","geometry":{"type":"Point","coordinates":[-85.69326055,40.0600538]},"properties":{"name":"Anderson Christian School","assetType":"Private Elementary And High Schools","dataYear":"2017","assetId":"860592","subcategory":"Education","detail":"https://classic.savi.org/SAVI/PopUps/AssetMoreInfo.aspx?AssetID=860592"}},{"type":"Feature","geometry":{"type":"Point","coordinates":[-86.41142887,39.87930922]},"properties":{"name":"Bethesda Christian School","assetType":"Private Elementary And High Schools","dataYear":"2017","assetId":"860596","subcategory":"Education","detail":"https://classic.savi.org/SAVI/PopUps/AssetMoreInfo.aspx?AssetID=860596"}},{"type":"Feature","geometry":{"type":"Point","coordinates":[-86.12058728,39.71304177]},"properties":{"name":"Calvary Christian School","assetType":"Private Elementary And High Schools","dataYear":"2017","assetId":"860587","subcategory":"Education","detail":"https://classic.savi.org/SAVI/PopUps/AssetMoreInfo.aspx?AssetID=860587"}},{"type":"Feature","geometry":{"type":"Point","coordinates":[-86.12421264,39.73102145]},"properties":{"name":"Central Christian Academy","assetType":"Private Elementary And High Schools","dataYear":"2017","assetId":"860588","subcategory":"Education","detail":"https://classic.savi.org/SAVI/PopUps/AssetMoreInfo.aspx?AssetID=860588"}},{"type":"Feature","geometry":{"type":"Point","coordinates":[-86.11947364,39.90364902]},"properties":{"name":"Colonial Christian School","assetType":"Private Elementary And High Schools","dataYear":"2017","assetId":"860501","subcategory":"Education","detail":"https://classic.savi.org/SAVI/PopUps/AssetMoreInfo.aspx?AssetID=860501"}},{"type":"Feature","geometry":{"type":"Point","coordinates":[-85.97799287,39.85490724]},"properties":{"name":"Cornerstone Baptist Academy","assetType":"Private Elementary And High Schools","dataYear":"2017","assetId":"860507","subcategory":"Education","detail":"https://classic.savi.org/SAVI/PopUps/AssetMoreInfo.aspx?AssetID=860507"}},{"type":"Feature","geometry":{"type":"Point","coordinates":[-86.30807264,39.7672389]},"properties":{"name":"Crosspointe Christian Academy","assetType":"Private Elementary And High Schools","dataYear":"2017","assetId":"860500","subcategory":"Education","detail":"https://classic.savi.org/SAVI/PopUps/AssetMoreInfo.aspx?AssetID=860500"}},{"type":"Feature","geometry":{"type":"Point","coordinates":[-86.3028353,39.67445909]},"properties":{"name":"Damar Academy","assetType":"Private Elementary And High Schools","dataYear":"2017","assetId":"860591","subcategory":"Education","detail":"https://classic.savi.org/SAVI/PopUps/AssetMoreInfo.aspx?AssetID=860591"}},{"type":"Feature","geometry":{"type":"Point","coordinates":[-86.03745333,39.96148882]},"properties":{"name":"Eman Schools","assetType":"Private Elementary And High Schools","dataYear":"2017","assetId":"860602","subcategory":"Education","detail":"https://classic.savi.org/SAVI/PopUps/AssetMoreInfo.aspx?AssetID=860602"}},{"type":"Feature","geometry":{"type":"Point","coordinates":[-85.99930777,39.97856092]},"properties":{"name":"Fishers Christian Academy","assetType":"Private Elementary And High Schools","dataYear":"2017","assetId":"860601","subcategory":"Education","detail":"https://classic.savi.org/SAVI/PopUps/AssetMoreInfo.aspx?AssetID=860601"}},{"type":"Feature","geometry":{"type":"Point","coordinates":[-86.12311903,39.58414676]},"properties":{"name":"Greenwood Christian Academy","assetType":"Private Elementary And High Schools","dataYear":"2017","assetId":"860496","subcategory":"Education","detail":"https://classic.savi.org/SAVI/PopUps/AssetMoreInfo.aspx?AssetID=860496"}},{"type":"Feature","geometry":{"type":"Point","coordinates":[-86.21299293,39.78781153]},"properties":{"name":"Hagia Sophia Classical Academy","assetType":"Private Elementary And High Schools","dataYear":"2017","assetId":"860604","subcategory":"Education","detail":"https://classic.savi.org/SAVI/PopUps/AssetMoreInfo.aspx?AssetID=860604"}},{"type":"Feature","geometry":{"type":"Point","coordinates":[-86.05853658,39.89062044]},"properties":{"name":"Heritage Christian School","assetType":"Private Elementary And High Schools","dataYear":"2017","assetId":"860383","subcategory":"Education","detail":"https://classic.savi.org/SAVI/PopUps/AssetMoreInfo.aspx?AssetID=860383"}},{"type":"Feature","geometry":{"type":"Point","coordinates":[-85.98681426,39.89563586]},"properties":{"name":"Horizon Christian School","assetType":"Private Elementary And High Schools","dataYear":"2017","assetId":"860506","subcategory":"Education","detail":"https://classic.savi.org/SAVI/PopUps/AssetMoreInfo.aspx?AssetID=860506"}},{"type":"Feature","geometry":{"type":"Point","coordinates":[-85.68103839,40.14981089]},"properties":{"name":"Indiana Christian Academy","assetType":"Private Elementary And High Schools","dataYear":"2017","assetId":"860594","subcategory":"Education","detail":"https://classic.savi.org/SAVI/PopUps/AssetMoreInfo.aspx?AssetID=860594"}},{"type":"Feature","geometry":{"type":"Point","coordinates":[-86.02272854,40.05582212]},"properties":{"name":"Legacy Christian School","assetType":"Private Elementary And High Schools","dataYear":"2017","assetId":"860605","subcategory":"Education","detail":"https://classic.savi.org/SAVI/PopUps/AssetMoreInfo.aspx?AssetID=860605"}},{"type":"Feature","geometry":{"type":"Point","coordinates":[-86.13927255,39.78316405]},"properties":{"name":"Legacy Learning Center","assetType":"Private Elementary And High Schools","dataYear":"2017","assetId":"860595","subcategory":"Education","detail":"https://classic.savi.org/SAVI/PopUps/AssetMoreInfo.aspx?AssetID=860595"}},{"type":"Feature","geometry":{"type":"Point","coordinates":[-86.20422048,39.80744904]},"properties":{"name":"MTI School of Knowledge","assetType":"Private Elementary And High Schools","dataYear":"2017","assetId":"860584","subcategory":"Education","detail":"https://classic.savi.org/SAVI/PopUps/AssetMoreInfo.aspx?AssetID=860584"}},{"type":"Feature","geometry":{"type":"Point","coordinates":[-86.1441656,39.63533956]},"properties":{"name":"Suburban Christian School","assetType":"Private Elementary And High Schools","dataYear":"2017","assetId":"860504","subcategory":"Education","detail":"https://classic.savi.org/SAVI/PopUps/AssetMoreInfo.aspx?AssetID=860504"}},{"type":"Feature","geometry":{"type":"Point","coordinates":[-86.43477201,39.40624853]},"properties":{"name":"Tabernacle Christian School","assetType":"Private Elementary And High Schools","dataYear":"2017","assetId":"860497","subcategory":"Education","detail":"https://classic.savi.org/SAVI/PopUps/AssetMoreInfo.aspx?AssetID=860497"}},{"type":"Feature","geometry":{"type":"Point","coordinates":[-86.14987355,39.84062665]},"properties":{"name":"The Independence Academy","assetType":"Private Elementary And High Schools","dataYear":"2017","assetId":"860586","subcategory":"Education","detail":"https://classic.savi.org/SAVI/PopUps/AssetMoreInfo.aspx?AssetID=860586"}},{"type":"Feature","geometry":{"type":"Point","coordinates":[-86.35959701,39.94076619]},"properties":{"name":"Traders Point Christian Academy","assetType":"Private Elementary And High Schools","dataYear":"2017","assetId":"860502","subcategory":"Education","detail":"https://classic.savi.org/SAVI/PopUps/AssetMoreInfo.aspx?AssetID=860502"}},{"type":"Feature","geometry":{"type":"Point","coordinates":[-86.12290656,39.7606954]},"properties":{"name":"Trinity Christian School","assetType":"Private Elementary And High Schools","dataYear":"2017","assetId":"860589","subcategory":"Education","detail":"https://classic.savi.org/SAVI/PopUps/AssetMoreInfo.aspx?AssetID=860589"}},{"type":"Feature","geometry":{"type":"Point","coordinates":[-86.21675568,39.95442229]},"properties":{"name":"Autism Parent Care","assetType":"Private Elementary And Junior High Schools","dataYear":"2017","assetId":"860644","subcategory":"Education","detail":"https://classic.savi.org/SAVI/PopUps/AssetMoreInfo.aspx?AssetID=860644"}},{"type":"Feature","geometry":{"type":"Point","coordinates":[-86.00157845,39.7437013]},"properties":{"name":"Burge Terrace Christian School","assetType":"Private Elementary And Junior High Schools","dataYear":"2017","assetId":"860641","subcategory":"Education","detail":"https://classic.savi.org/SAVI/PopUps/AssetMoreInfo.aspx?AssetID=860641"}},{"type":"Feature","geometry":{"type":"Point","coordinates":[-86.13846451,39.67742271]},"properties":{"name":"Calvary Lutheran School","assetType":"Private Elementary And Junior High Schools","dataYear":"2017","assetId":"860634","subcategory":"Education","detail":"https://classic.savi.org/SAVI/PopUps/AssetMoreInfo.aspx?AssetID=860634"}},{"type":"Feature","geometry":{"type":"Point","coordinates":[-86.16300969,39.79618846]},"properties":{"name":"Capitol City SDA Church School","assetType":"Private Elementary And Junior High Schools","dataYear":"2017","assetId":"860610","subcategory":"Education","detail":"https://classic.savi.org/SAVI/PopUps/AssetMoreInfo.aspx?AssetID=860610"}},{"type":"Feature","geometry":{"type":"Point","coordinates":[-86.13719109,39.72490845]},"properties":{"name":"Central Catholic School","assetType":"Private Elementary And Junior High Schools","dataYear":"2017","assetId":"860617","subcategory":"Education","detail":"https://classic.savi.org/SAVI/PopUps/AssetMoreInfo.aspx?AssetID=860617"}},{"type":"Feature","geometry":{"type":"Point","coordinates":[-86.1284907,39.8612062]},"properties":{"name":"Christ The King School","assetType":"Private Elementary And Junior High Schools","dataYear":"2017","assetId":"860622","subcategory":"Education","detail":"https://classic.savi.org/SAVI/PopUps/AssetMoreInfo.aspx?AssetID=860622"}},{"type":"Feature","geometry":{"type":"Point","coordinates":[-86.01273209,40.13914246]},"properties":{"name":"Cicero Adventist School","assetType":"Private Elementary And Junior High Schools","dataYear":"2017","assetId":"860570","subcategory":"Education","detail":"https://classic.savi.org/SAVI/PopUps/AssetMoreInfo.aspx?AssetID=860570"}},{"type":"Feature","geometry":{"type":"Point","coordinates":[-86.0089911,39.99311873]},"properties":{"name":"Community Montessori School","assetType":"Private Elementary And Junior High Schools","dataYear":"2017","assetId":"860565","subcategory":"Education","detail":"https://classic.savi.org/SAVI/PopUps/AssetMoreInfo.aspx?AssetID=860565"}},{"type":"Feature","geometry":{"type":"Point","coordinates":[-85.70686941,40.13599817]},"properties":{"name":"Cross Street Christian School","assetType":"Private Elementary And Junior High Schools","dataYear":"2017","assetId":"860558","subcategory":"Education","detail":"https://classic.savi.org/SAVI/PopUps/AssetMoreInfo.aspx?AssetID=860558"}},{"type":"Feature","geometry":{"type":"Point","coordinates":[-86.08271833,39.65308974]},"properties":{"name":"Curtis Wilson Primary School","assetType":"Private Elementary And Junior High Schools","dataYear":"2017","assetId":"860642","subcategory":"Education","detail":"https://classic.savi.org/SAVI/PopUps/AssetMoreInfo.aspx?AssetID=860642"}},{"type":"Feature","geometry":{"type":"Point","coordinates":[-86.17457616,39.8763192]},"properties":{"name":"Hasten Hebrew Acad of Indianapolis","assetType":"Private Elementary And Junior High Schools","dataYear":"2017","assetId":"860625","subcategory":"Education","detail":"https://classic.savi.org/SAVI/PopUps/AssetMoreInfo.aspx?AssetID=860625"}},{"type":"Feature","geometry":{"type":"Point","coordinates":[-86.17245353,39.80709286]},"properties":{"name":"Holy Angels Catholic School","assetType":"Private Elementary And Junior High Schools","dataYear":"2017","assetId":"860640","subcategory":"Education","detail":"https://classic.savi.org/SAVI/PopUps/AssetMoreInfo.aspx?AssetID=860640"}},{"type":"Feature","geometry":{"type":"Point","coordinates":[-86.13525704,39.76864494]},"properties":{"name":"Holy Cross Central School","assetType":"Private Elementary And Junior High Schools","dataYear":"2017","assetId":"860621","subcategory":"Education","detail":"https://classic.savi.org/SAVI/PopUps/AssetMoreInfo.aspx?AssetID=860621"}},{"type":"Feature","geometry":{"type":"Point","coordinates":[-85.95604903,39.9034872]},"properties":{"name":"Holy Cross Lutheran School","assetType":"Private Elementary And Junior High Schools","dataYear":"2017","assetId":"860556","subcategory":"Education","detail":"https://classic.savi.org/SAVI/PopUps/AssetMoreInfo.aspx?AssetID=860556"}},{"type":"Feature","geometry":{"type":"Point","coordinates":[-85.67487459,40.10491605]},"properties":{"name":"Holy Cross School","assetType":"Private Elementary And Junior High Schools","dataYear":"2017","assetId":"860559","subcategory":"Education","detail":"https://classic.savi.org/SAVI/PopUps/AssetMoreInfo.aspx?AssetID=860559"}},{"type":"Feature","geometry":{"type":"Point","coordinates":[-86.10166031,39.72177862]},"properties":{"name":"Holy Name Catholic School","assetType":"Private Elementary And Junior High Schools","dataYear":"2017","assetId":"860623","subcategory":"Education","detail":"https://classic.savi.org/SAVI/PopUps/AssetMoreInfo.aspx?AssetID=860623"}},{"type":"Feature","geometry":{"type":"Point","coordinates":[-86.03836437,39.78116665]},"properties":{"name":"Holy Spirit School","assetType":"Private Elementary And Junior High Schools","dataYear":"2017","assetId":"860633","subcategory":"Education","detail":"https://classic.savi.org/SAVI/PopUps/AssetMoreInfo.aspx?AssetID=860633"}},{"type":"Feature","geometry":{"type":"Point","coordinates":[-86.15349174,39.85706844]},"properties":{"name":"Immaculate Heart of Mary School","assetType":"Private Elementary And Junior High Schools","dataYear":"2017","assetId":"860620","subcategory":"Education","detail":"https://classic.savi.org/SAVI/PopUps/AssetMoreInfo.aspx?AssetID=860620"}},{"type":"Feature","geometry":{"type":"Point","coordinates":[-86.11559566,39.8706348]},"properties":{"name":"Indianapolis Junior Academy","assetType":"Private Elementary And Junior High Schools","dataYear":"2017","assetId":"860626","subcategory":"Education","detail":"https://classic.savi.org/SAVI/PopUps/AssetMoreInfo.aspx?AssetID=860626"}},{"type":"Feature","geometry":{"type":"Point","coordinates":[-86.38191304,39.7761813]},"properties":{"name":"Kingsway Christian School","assetType":"Private Elementary And Junior High Schools","dataYear":"2017","assetId":"860555","subcategory":"Education","detail":"https://classic.savi.org/SAVI/PopUps/AssetMoreInfo.aspx?AssetID=860555"}},{"type":"Feature","geometry":{"type":"Point","coordinates":[-85.65448947,40.10424116]},"properties":{"name":"Liberty Christian Elementary","assetType":"Private Elementary And Junior High Schools","dataYear":"2017","assetId":"860643","subcategory":"Education","detail":"https://classic.savi.org/SAVI/PopUps/AssetMoreInfo.aspx?AssetID=860643"}},{"type":"Feature","geometry":{"type":"Point","coordinates":[-86.35131155,39.59760433]},"properties":{"name":"Mooresville Christian Academy","assetType":"Private Elementary And Junior High Schools","dataYear":"2017","assetId":"860606","subcategory":"Education","detail":"https://classic.savi.org/SAVI/PopUps/AssetMoreInfo.aspx?AssetID=860606"}},{"type":"Feature","geometry":{"type":"Point","coordinates":[-86.03871251,39.71975556]},"properties":{"name":"Nativity Catholic School","assetType":"Private Elementary And Junior High Schools","dataYear":"2017","assetId":"860557","subcategory":"Education","detail":"https://classic.savi.org/SAVI/PopUps/AssetMoreInfo.aspx?AssetID=860557"}},{"type":"Feature","geometry":{"type":"Point","coordinates":[-86.07703493,39.76991504]},"properties":{"name":"Our Lady Of Lourdes School","assetType":"Private Elementary And Junior High Schools","dataYear":"2017","assetId":"860619","subcategory":"Education","detail":"https://classic.savi.org/SAVI/PopUps/AssetMoreInfo.aspx?AssetID=860619"}},{"type":"Feature","geometry":{"type":"Point","coordinates":[-86.14803774,39.99847925]},"properties":{"name":"Our Lady Of Mt Carmel School","assetType":"Private Elementary And Junior High Schools","dataYear":"2017","assetId":"860569","subcategory":"Education","detail":"https://classic.savi.org/SAVI/PopUps/AssetMoreInfo.aspx?AssetID=860569"}},{"type":"Feature","geometry":{"type":"Point","coordinates":[-85.99230119,40.06732534]},"properties":{"name":"Our Lady of Grace School","assetType":"Private Elementary And Junior High Schools","dataYear":"2017","assetId":"860566","subcategory":"Education","detail":"https://classic.savi.org/SAVI/PopUps/AssetMoreInfo.aspx?AssetID=860566"}},{"type":"Feature","geometry":{"type":"Point","coordinates":[-86.10579843,39.60810979]},"properties":{"name":"Our Lady of the Greenwood School","assetType":"Private Elementary And Junior High Schools","dataYear":"2017","assetId":"860562","subcategory":"Education","detail":"https://classic.savi.org/SAVI/PopUps/AssetMoreInfo.aspx?AssetID=860562"}},{"type":"Feature","geometry":{"type":"Point","coordinates":[-86.35870467,39.77664978]},"properties":{"name":"Our Shepherd Lutheran School","assetType":"Private Elementary And Junior High Schools","dataYear":"2017","assetId":"860624","subcategory":"Education","detail":"https://classic.savi.org/SAVI/PopUps/AssetMoreInfo.aspx?AssetID=860624"}},{"type":"Feature","geometry":{"type":"Point","coordinates":[-86.21466321,39.58991085]},"properties":{"name":"SS Francis and Clare Catholic Sch","assetType":"Private Elementary And Junior High Schools","dataYear":"2017","assetId":"884908","subcategory":"Education","detail":"https://classic.savi.org/SAVI/PopUps/AssetMoreInfo.aspx?AssetID=884908"}},{"type":"Feature","geometry":{"type":"Point","coordinates":[-86.16945656,39.64576064]},"properties":{"name":"Saint Barnabas School","assetType":"Private Elementary And Junior High Schools","dataYear":"2017","assetId":"860638","subcategory":"Education","detail":"https://classic.savi.org/SAVI/PopUps/AssetMoreInfo.aspx?AssetID=860638"}},{"type":"Feature","geometry":{"type":"Point","coordinates":[-86.25144572,39.78721293]},"properties":{"name":"Saint Christopher School","assetType":"Private Elementary And Junior High Schools","dataYear":"2017","assetId":"860571","subcategory":"Education","detail":"https://classic.savi.org/SAVI/PopUps/AssetMoreInfo.aspx?AssetID=860571"}},{"type":"Feature","geometry":{"type":"Point","coordinates":[-86.14845509,39.83252996]},"properties":{"name":"Saint Joan Of Arc School","assetType":"Private Elementary And Junior High Schools","dataYear":"2017","assetId":"860616","subcategory":"Education","detail":"https://classic.savi.org/SAVI/PopUps/AssetMoreInfo.aspx?AssetID=860616"}},{"type":"Feature","geometry":{"type":"Point","coordinates":[-86.05080172,39.72794377]},"properties":{"name":"Saint John Ev Lutheran School","assetType":"Private Elementary And Junior High Schools","dataYear":"2017","assetId":"860631","subcategory":"Education","detail":"https://classic.savi.org/SAVI/PopUps/AssetMoreInfo.aspx?AssetID=860631"}},{"type":"Feature","geometry":{"type":"Point","coordinates":[-86.11128568,39.6888414]},"properties":{"name":"Saint Jude Elementary School","assetType":"Private Elementary And Junior High Schools","dataYear":"2017","assetId":"860637","subcategory":"Education","detail":"https://classic.savi.org/SAVI/PopUps/AssetMoreInfo.aspx?AssetID=860637"}},{"type":"Feature","geometry":{"type":"Point","coordinates":[-86.04703048,39.84105633]},"properties":{"name":"Saint Lawrence School","assetType":"Private Elementary And Junior High Schools","dataYear":"2017","assetId":"860639","subcategory":"Education","detail":"https://classic.savi.org/SAVI/PopUps/AssetMoreInfo.aspx?AssetID=860639"}},{"type":"Feature","geometry":{"type":"Point","coordinates":[-86.03156954,39.95178215]},"properties":{"name":"Saint Louis de Montfort School","assetType":"Private Elementary And Junior High Schools","dataYear":"2017","assetId":"860567","subcategory":"Education","detail":"https://classic.savi.org/SAVI/PopUps/AssetMoreInfo.aspx?AssetID=860567"}},{"type":"Feature","geometry":{"type":"Point","coordinates":[-86.16031759,39.89313727]},"properties":{"name":"Saint Luke School","assetType":"Private Elementary And Junior High Schools","dataYear":"2017","assetId":"860630","subcategory":"Education","detail":"https://classic.savi.org/SAVI/PopUps/AssetMoreInfo.aspx?AssetID=860630"}},{"type":"Feature","geometry":{"type":"Point","coordinates":[-86.35350755,39.87090919]},"properties":{"name":"Saint Malachy School","assetType":"Private Elementary And Junior High Schools","dataYear":"2017","assetId":"860563","subcategory":"Education","detail":"https://classic.savi.org/SAVI/PopUps/AssetMoreInfo.aspx?AssetID=860563"}},{"type":"Feature","geometry":{"type":"Point","coordinates":[-86.17033018,40.03376374]},"properties":{"name":"Saint Maria Goretti School","assetType":"Private Elementary And Junior High Schools","dataYear":"2017","assetId":"860568","subcategory":"Education","detail":"https://classic.savi.org/SAVI/PopUps/AssetMoreInfo.aspx?AssetID=860568"}},{"type":"Feature","geometry":{"type":"Point","coordinates":[-86.14705698,39.67851927]},"properties":{"name":"Saint Mark School","assetType":"Private Elementary And Junior High Schools","dataYear":"2017","assetId":"860636","subcategory":"Education","detail":"https://classic.savi.org/SAVI/PopUps/AssetMoreInfo.aspx?AssetID=860636"}},{"type":"Feature","geometry":{"type":"Point","coordinates":[-85.68653446,40.26732503]},"properties":{"name":"Saint Mary School","assetType":"Private Elementary And Junior High Schools","dataYear":"2017","assetId":"860560","subcategory":"Education","detail":"https://classic.savi.org/SAVI/PopUps/AssetMoreInfo.aspx?AssetID=860560"}},{"type":"Feature","geometry":{"type":"Point","coordinates":[-86.09626834,39.8551024]},"properties":{"name":"Saint Matthew School","assetType":"Private Elementary And Junior High Schools","dataYear":"2017","assetId":"860629","subcategory":"Education","detail":"https://classic.savi.org/SAVI/PopUps/AssetMoreInfo.aspx?AssetID=860629"}},{"type":"Feature","geometry":{"type":"Point","coordinates":[-85.7900149,39.79097002]},"properties":{"name":"Saint Michael School","assetType":"Private Elementary And Junior High Schools","dataYear":"2017","assetId":"860564","subcategory":"Education","detail":"https://classic.savi.org/SAVI/PopUps/AssetMoreInfo.aspx?AssetID=860564"}},{"type":"Feature","geometry":{"type":"Point","coordinates":[-86.20022352,39.86507182]},"properties":{"name":"Saint Monica School","assetType":"Private Elementary And Junior High Schools","dataYear":"2017","assetId":"860628","subcategory":"Education","detail":"https://classic.savi.org/SAVI/PopUps/AssetMoreInfo.aspx?AssetID=860628"}},{"type":"Feature","geometry":{"type":"Point","coordinates":[-86.11782269,39.77539316]},"properties":{"name":"Saint Philip Neri School","assetType":"Private Elementary And Junior High Schools","dataYear":"2017","assetId":"860614","subcategory":"Education","detail":"https://classic.savi.org/SAVI/PopUps/AssetMoreInfo.aspx?AssetID=860614"}},{"type":"Feature","geometry":{"type":"Point","coordinates":[-86.11597749,39.88536584]},"properties":{"name":"Saint Pius X School","assetType":"Private Elementary And Junior High Schools","dataYear":"2017","assetId":"860627","subcategory":"Education","detail":"https://classic.savi.org/SAVI/PopUps/AssetMoreInfo.aspx?AssetID=860627"}},{"type":"Feature","geometry":{"type":"Point","coordinates":[-86.15850002,39.71373484]},"properties":{"name":"Saint Roch School","assetType":"Private Elementary And Junior High Schools","dataYear":"2017","assetId":"860635","subcategory":"Education","detail":"https://classic.savi.org/SAVI/PopUps/AssetMoreInfo.aspx?AssetID=860635"}},{"type":"Feature","geometry":{"type":"Point","coordinates":[-85.95518607,39.9049087]},"properties":{"name":"Saint Simon The Apostle School","assetType":"Private Elementary And Junior High Schools","dataYear":"2017","assetId":"860613","subcategory":"Education","detail":"https://classic.savi.org/SAVI/PopUps/AssetMoreInfo.aspx?AssetID=860613"}},{"type":"Feature","geometry":{"type":"Point","coordinates":[-86.38409305,39.70937139]},"properties":{"name":"Saint Susanna School","assetType":"Private Elementary And Junior High Schools","dataYear":"2017","assetId":"860554","subcategory":"Education","detail":"https://classic.savi.org/SAVI/PopUps/AssetMoreInfo.aspx?AssetID=860554"}},{"type":"Feature","geometry":{"type":"Point","coordinates":[-86.15940957,39.83950603]},"properties":{"name":"Saint Thomas Aquinas School","assetType":"Private Elementary And Junior High Schools","dataYear":"2017","assetId":"860611","subcategory":"Education","detail":"https://classic.savi.org/SAVI/PopUps/AssetMoreInfo.aspx?AssetID=860611"}},{"type":"Feature","geometry":{"type":"Point","coordinates":[-86.17007142,39.83213789]},"properties":{"name":"School for Community Learning","assetType":"Private Elementary And Junior High Schools","dataYear":"2017","assetId":"860607","subcategory":"Education","detail":"https://classic.savi.org/SAVI/PopUps/AssetMoreInfo.aspx?AssetID=860607"}},{"type":"Feature","geometry":{"type":"Point","coordinates":[-86.20626871,39.77174066]},"properties":{"name":"St Anthony Catholic School","assetType":"Private Elementary And Junior High Schools","dataYear":"2017","assetId":"860618","subcategory":"Education","detail":"https://classic.savi.org/SAVI/PopUps/AssetMoreInfo.aspx?AssetID=860618"}},{"type":"Feature","geometry":{"type":"Point","coordinates":[-86.21550233,39.80977496]},"properties":{"name":"St Michael The Archangel School","assetType":"Private Elementary And Junior High Schools","dataYear":"2017","assetId":"860615","subcategory":"Education","detail":"https://classic.savi.org/SAVI/PopUps/AssetMoreInfo.aspx?AssetID=860615"}},{"type":"Feature","geometry":{"type":"Point","coordinates":[-86.07736596,39.48275638]},"properties":{"name":"St Rose of Lima School","assetType":"Private Elementary And Junior High Schools","dataYear":"2017","assetId":"860553","subcategory":"Education","detail":"https://classic.savi.org/SAVI/PopUps/AssetMoreInfo.aspx?AssetID=860553"}},{"type":"Feature","geometry":{"type":"Point","coordinates":[-86.09051378,39.78553806]},"properties":{"name":"St Therese Little Flower School","assetType":"Private Elementary And Junior High Schools","dataYear":"2017","assetId":"860612","subcategory":"Education","detail":"https://classic.savi.org/SAVI/PopUps/AssetMoreInfo.aspx?AssetID=860612"}},{"type":"Feature","geometry":{"type":"Point","coordinates":[-86.01011141,39.83890873]},"properties":{"name":"TP Schools","assetType":"Private Elementary And Junior High Schools","dataYear":"2017","assetId":"860609","subcategory":"Education","detail":"https://classic.savi.org/SAVI/PopUps/AssetMoreInfo.aspx?AssetID=860609"}},{"type":"Feature","geometry":{"type":"Point","coordinates":[-86.01579916,39.78936211]},"properties":{"name":"Trinity Lutheran School","assetType":"Private Elementary And Junior High Schools","dataYear":"2017","assetId":"860632","subcategory":"Education","detail":"https://classic.savi.org/SAVI/PopUps/AssetMoreInfo.aspx?AssetID=860632"}},{"type":"Feature","geometry":{"type":"Point","coordinates":[-86.11106403,39.71270494]},"properties":{"name":"ACTS Academy","assetType":"Private Elementary Schools","dataYear":"2018","assetId":"926180","subcategory":"Education","detail":"https://classic.savi.org/SAVI/PopUps/AssetMoreInfo.aspx?AssetID=926180"}},{"type":"Feature","geometry":{"type":"Point","coordinates":[-86.24033236,39.85215228]},"properties":{"name":"Al Haqq Foundation Academy","assetType":"Private Elementary Schools","dataYear":"2018","assetId":"926190","subcategory":"Education","detail":"https://classic.savi.org/SAVI/PopUps/AssetMoreInfo.aspx?AssetID=926190"}},{"type":"Feature","geometry":{"type":"Point","coordinates":[-85.69326559,40.06006143]},"properties":{"name":"Anderson Christian School","assetType":"Private Elementary Schools","dataYear":"2018","assetId":"926132","subcategory":"Education","detail":"https://classic.savi.org/SAVI/PopUps/AssetMoreInfo.aspx?AssetID=926132"}},{"type":"Feature","geometry":{"type":"Point","coordinates":[-86.15071755,39.83923492]},"properties":{"name":"Apogee School For The Gifted","assetType":"Private Elementary Schools","dataYear":"2018","assetId":"926294","subcategory":"Education","detail":"https://classic.savi.org/SAVI/PopUps/AssetMoreInfo.aspx?AssetID=926294"}},{"type":"Feature","geometry":{"type":"Point","coordinates":[-86.53841248,40.10495089]},"properties":{"name":"Bella Natura Reggio","assetType":"Private Elementary Schools","dataYear":"2018","assetId":"926186","subcategory":"Education","detail":"https://classic.savi.org/SAVI/PopUps/AssetMoreInfo.aspx?AssetID=926186"}},{"type":"Feature","geometry":{"type":"Point","coordinates":[-86.41150031,39.87930849]},"properties":{"name":"Bethesda Christian School","assetType":"Private Elementary Schools","dataYear":"2018","assetId":"926261","subcategory":"Education","detail":"https://classic.savi.org/SAVI/PopUps/AssetMoreInfo.aspx?AssetID=926261"}},{"type":"Feature","geometry":{"type":"Point","coordinates":[-86.00158356,39.74370887]},"properties":{"name":"Burge Terrace Christian School","assetType":"Private Elementary Schools","dataYear":"2018","assetId":"926141","subcategory":"Education","detail":"https://classic.savi.org/SAVI/PopUps/AssetMoreInfo.aspx?AssetID=926141"}},{"type":"Feature","geometry":{"type":"Point","coordinates":[-86.12042782,39.71301859]},"properties":{"name":"Calvary Christian School","assetType":"Private Elementary Schools","dataYear":"2018","assetId":"926034","subcategory":"Education","detail":"https://classic.savi.org/SAVI/PopUps/AssetMoreInfo.aspx?AssetID=926034"}},{"type":"Feature","geometry":{"type":"Point","coordinates":[-86.13846965,39.67743029]},"properties":{"name":"Calvary Lutheran School","assetType":"Private Elementary Schools","dataYear":"2018","assetId":"926209","subcategory":"Education","detail":"https://classic.savi.org/SAVI/PopUps/AssetMoreInfo.aspx?AssetID=926209"}},{"type":"Feature","geometry":{"type":"Point","coordinates":[-86.1629073,39.79613907]},"properties":{"name":"Capitol City SDA Church School","assetType":"Private Elementary Schools","dataYear":"2018","assetId":"925924","subcategory":"Education","detail":"https://classic.savi.org/SAVI/PopUps/AssetMoreInfo.aspx?AssetID=925924"}},{"type":"Feature","geometry":{"type":"Point","coordinates":[-86.13719624,39.72491605]},"properties":{"name":"Central Catholic School","assetType":"Private Elementary Schools","dataYear":"2018","assetId":"926111","subcategory":"Education","detail":"https://classic.savi.org/SAVI/PopUps/AssetMoreInfo.aspx?AssetID=926111"}},{"type":"Feature","geometry":{"type":"Point","coordinates":[-86.12421778,39.73102905]},"properties":{"name":"Central Christian Academy","assetType":"Private Elementary Schools","dataYear":"2018","assetId":"926037","subcategory":"Education","detail":"https://classic.savi.org/SAVI/PopUps/AssetMoreInfo.aspx?AssetID=926037"}},{"type":"Feature","geometry":{"type":"Point","coordinates":[-86.12831629,39.86139292]},"properties":{"name":"Christ The King School","assetType":"Private Elementary Schools","dataYear":"2018","assetId":"926031","subcategory":"Education","detail":"https://classic.savi.org/SAVI/PopUps/AssetMoreInfo.aspx?AssetID=926031"}},{"type":"Feature","geometry":{"type":"Point","coordinates":[-86.12094413,39.90267901]},"properties":{"name":"Colonial Christian School","assetType":"Private Elementary Schools","dataYear":"2018","assetId":"926163","subcategory":"Education","detail":"https://classic.savi.org/SAVI/PopUps/AssetMoreInfo.aspx?AssetID=926163"}},{"type":"Feature","geometry":{"type":"Point","coordinates":[-85.97799797,39.85491478]},"properties":{"name":"Cornerstone Baptist Academy","assetType":"Private Elementary Schools","dataYear":"2018","assetId":"926226","subcategory":"Education","detail":"https://classic.savi.org/SAVI/PopUps/AssetMoreInfo.aspx?AssetID=926226"}},{"type":"Feature","geometry":{"type":"Point","coordinates":[-85.70687445,40.1360058]},"properties":{"name":"Cross Street Christian School","assetType":"Private Elementary Schools","dataYear":"2018","assetId":"926139","subcategory":"Education","detail":"https://classic.savi.org/SAVI/PopUps/AssetMoreInfo.aspx?AssetID=926139"}},{"type":"Feature","geometry":{"type":"Point","coordinates":[-86.30812857,39.76766804]},"properties":{"name":"Crosspointe Christian Academy","assetType":"Private Elementary Schools","dataYear":"2018","assetId":"926056","subcategory":"Education","detail":"https://classic.savi.org/SAVI/PopUps/AssetMoreInfo.aspx?AssetID=926056"}},{"type":"Feature","geometry":{"type":"Point","coordinates":[-86.08348446,39.65288641]},"properties":{"name":"Curtis Wilson Primary School","assetType":"Private Elementary Schools","dataYear":"2018","assetId":"926122","subcategory":"Education","detail":"https://classic.savi.org/SAVI/PopUps/AssetMoreInfo.aspx?AssetID=926122"}},{"type":"Feature","geometry":{"type":"Point","coordinates":[-86.30276185,39.67439549]},"properties":{"name":"Damar Academy","assetType":"Private Elementary Schools","dataYear":"2018","assetId":"926129","subcategory":"Education","detail":"https://classic.savi.org/SAVI/PopUps/AssetMoreInfo.aspx?AssetID=926129"}},{"type":"Feature","geometry":{"type":"Point","coordinates":[-86.03745847,39.96149641]},"properties":{"name":"Eman Schools","assetType":"Private Elementary Schools","dataYear":"2018","assetId":"926290","subcategory":"Education","detail":"https://classic.savi.org/SAVI/PopUps/AssetMoreInfo.aspx?AssetID=926290"}},{"type":"Feature","geometry":{"type":"Point","coordinates":[-86.13545501,39.75079684]},"properties":{"name":"Emmaus Lutheran School","assetType":"Private Elementary Schools","dataYear":"2018","assetId":"926150","subcategory":"Education","detail":"https://classic.savi.org/SAVI/PopUps/AssetMoreInfo.aspx?AssetID=926150"}},{"type":"Feature","geometry":{"type":"Point","coordinates":[-85.99931288,39.97856852]},"properties":{"name":"Fishers Christian Academy","assetType":"Private Elementary Schools","dataYear":"2018","assetId":"926287","subcategory":"Education","detail":"https://classic.savi.org/SAVI/PopUps/AssetMoreInfo.aspx?AssetID=926287"}},{"type":"Feature","geometry":{"type":"Point","coordinates":[-86.12312413,39.58415431]},"properties":{"name":"Greenwood Christian Academy","assetType":"Private Elementary Schools","dataYear":"2018","assetId":"926192","subcategory":"Education","detail":"https://classic.savi.org/SAVI/PopUps/AssetMoreInfo.aspx?AssetID=926192"}},{"type":"Feature","geometry":{"type":"Point","coordinates":[-86.17571634,39.8765628]},"properties":{"name":"Hasten Hebrew Acad of Indianapolis","assetType":"Private Elementary Schools","dataYear":"2018","assetId":"926166","subcategory":"Education","detail":"https://classic.savi.org/SAVI/PopUps/AssetMoreInfo.aspx?AssetID=926166"}},{"type":"Feature","geometry":{"type":"Point","coordinates":[-86.05726803,39.89056032]},"properties":{"name":"Heritage Christian School","assetType":"Private Elementary Schools","dataYear":"2018","assetId":"926119","subcategory":"Education","detail":"https://classic.savi.org/SAVI/PopUps/AssetMoreInfo.aspx?AssetID=926119"}},{"type":"Feature","geometry":{"type":"Point","coordinates":[-86.17335317,39.80708045]},"properties":{"name":"Holy Angels Catholic School","assetType":"Private Elementary Schools","dataYear":"2018","assetId":"926097","subcategory":"Education","detail":"https://classic.savi.org/SAVI/PopUps/AssetMoreInfo.aspx?AssetID=926097"}},{"type":"Feature","geometry":{"type":"Point","coordinates":[-86.1351674,39.76846235]},"properties":{"name":"Holy Cross Central School","assetType":"Private Elementary Schools","dataYear":"2018","assetId":"926094","subcategory":"Education","detail":"https://classic.savi.org/SAVI/PopUps/AssetMoreInfo.aspx?AssetID=926094"}},{"type":"Feature","geometry":{"type":"Point","coordinates":[-85.95605414,39.90349479]},"properties":{"name":"Holy Cross Lutheran School","assetType":"Private Elementary Schools","dataYear":"2018","assetId":"926124","subcategory":"Education","detail":"https://classic.savi.org/SAVI/PopUps/AssetMoreInfo.aspx?AssetID=926124"}},{"type":"Feature","geometry":{"type":"Point","coordinates":[-85.67487961,40.1049237]},"properties":{"name":"Holy Cross School","assetType":"Private Elementary Schools","dataYear":"2018","assetId":"926237","subcategory":"Education","detail":"https://classic.savi.org/SAVI/PopUps/AssetMoreInfo.aspx?AssetID=926237"}},{"type":"Feature","geometry":{"type":"Point","coordinates":[-86.1015505,39.72176475]},"properties":{"name":"Holy Name Catholic School","assetType":"Private Elementary Schools","dataYear":"2018","assetId":"926052","subcategory":"Education","detail":"https://classic.savi.org/SAVI/PopUps/AssetMoreInfo.aspx?AssetID=926052"}},{"type":"Feature","geometry":{"type":"Point","coordinates":[-86.03836948,39.7811742]},"properties":{"name":"Holy Spirit School","assetType":"Private Elementary Schools","dataYear":"2018","assetId":"926173","subcategory":"Education","detail":"https://classic.savi.org/SAVI/PopUps/AssetMoreInfo.aspx?AssetID=926173"}},{"type":"Feature","geometry":{"type":"Point","coordinates":[-85.98681937,39.89564344]},"properties":{"name":"Horizon Christian School","assetType":"Private Elementary Schools","dataYear":"2018","assetId":"926223","subcategory":"Education","detail":"https://classic.savi.org/SAVI/PopUps/AssetMoreInfo.aspx?AssetID=926223"}},{"type":"Feature","geometry":{"type":"Point","coordinates":[-86.15227154,39.85700245]},"properties":{"name":"Immaculate Heart of Mary School","assetType":"Private Elementary Schools","dataYear":"2018","assetId":"926091","subcategory":"Education","detail":"https://classic.savi.org/SAVI/PopUps/AssetMoreInfo.aspx?AssetID=926091"}},{"type":"Feature","geometry":{"type":"Point","coordinates":[-85.68103745,40.14986571]},"properties":{"name":"Indiana Christian Academy","assetType":"Private Elementary Schools","dataYear":"2018","assetId":"926243","subcategory":"Education","detail":"https://classic.savi.org/SAVI/PopUps/AssetMoreInfo.aspx?AssetID=926243"}},{"type":"Feature","geometry":{"type":"Point","coordinates":[-86.11560081,39.87064237]},"properties":{"name":"Indianapolis Junior Academy","assetType":"Private Elementary Schools","dataYear":"2018","assetId":"926169","subcategory":"Education","detail":"https://classic.savi.org/SAVI/PopUps/AssetMoreInfo.aspx?AssetID=926169"}},{"type":"Feature","geometry":{"type":"Point","coordinates":[-86.08713933,39.69032448]},"properties":{"name":"Indianapolis Southside Christian","assetType":"Private Elementary Schools","dataYear":"2018","assetId":"926151","subcategory":"Education","detail":"https://classic.savi.org/SAVI/PopUps/AssetMoreInfo.aspx?AssetID=926151"}},{"type":"Feature","geometry":{"type":"Point","coordinates":[-86.26970514,39.75465068]},"properties":{"name":"Islamic Academy of Indianapolis","assetType":"Private Elementary Schools","dataYear":"2018","assetId":"926059","subcategory":"Education","detail":"https://classic.savi.org/SAVI/PopUps/AssetMoreInfo.aspx?AssetID=926059"}},{"type":"Feature","geometry":{"type":"Point","coordinates":[-86.3824813,39.77768111]},"properties":{"name":"Kingsway Christian School","assetType":"Private Elementary Schools","dataYear":"2018","assetId":"926258","subcategory":"Education","detail":"https://classic.savi.org/SAVI/PopUps/AssetMoreInfo.aspx?AssetID=926258"}},{"type":"Feature","geometry":{"type":"Point","coordinates":[-86.13927767,39.78317157]},"properties":{"name":"Legacy Learning Center","assetType":"Private Elementary Schools","dataYear":"2018","assetId":"926233","subcategory":"Education","detail":"https://classic.savi.org/SAVI/PopUps/AssetMoreInfo.aspx?AssetID=926233"}},{"type":"Feature","geometry":{"type":"Point","coordinates":[-85.65449447,40.10424881]},"properties":{"name":"Liberty Christian Elementary","assetType":"Private Elementary Schools","dataYear":"2018","assetId":"926135","subcategory":"Education","detail":"https://classic.savi.org/SAVI/PopUps/AssetMoreInfo.aspx?AssetID=926135"}},{"type":"Feature","geometry":{"type":"Point","coordinates":[-86.20422564,39.80745658]},"properties":{"name":"MTI School of Knowledge","assetType":"Private Elementary Schools","dataYear":"2018","assetId":"926108","subcategory":"Education","detail":"https://classic.savi.org/SAVI/PopUps/AssetMoreInfo.aspx?AssetID=926108"}},{"type":"Feature","geometry":{"type":"Point","coordinates":[-86.35131674,39.59761186]},"properties":{"name":"Mooresville Christian Academy","assetType":"Private Elementary Schools","dataYear":"2018","assetId":"926195","subcategory":"Education","detail":"https://classic.savi.org/SAVI/PopUps/AssetMoreInfo.aspx?AssetID=926195"}},{"type":"Feature","geometry":{"type":"Point","coordinates":[-86.03787336,39.7203179]},"properties":{"name":"Nativity Catholic School","assetType":"Private Elementary Schools","dataYear":"2018","assetId":"926127","subcategory":"Education","detail":"https://classic.savi.org/SAVI/PopUps/AssetMoreInfo.aspx?AssetID=926127"}},{"type":"Feature","geometry":{"type":"Point","coordinates":[-86.07706226,39.76989252]},"properties":{"name":"Our Lady Of Lourdes School","assetType":"Private Elementary Schools","dataYear":"2018","assetId":"926029","subcategory":"Education","detail":"https://classic.savi.org/SAVI/PopUps/AssetMoreInfo.aspx?AssetID=926029"}},{"type":"Feature","geometry":{"type":"Point","coordinates":[-86.14804292,39.99848682]},"properties":{"name":"Our Lady Of Mt Carmel School","assetType":"Private Elementary Schools","dataYear":"2018","assetId":"926283","subcategory":"Education","detail":"https://classic.savi.org/SAVI/PopUps/AssetMoreInfo.aspx?AssetID=926283"}},{"type":"Feature","geometry":{"type":"Point","coordinates":[-85.9923063,40.06733294]},"properties":{"name":"Our Lady of Grace School","assetType":"Private Elementary Schools","dataYear":"2018","assetId":"926274","subcategory":"Education","detail":"https://classic.savi.org/SAVI/PopUps/AssetMoreInfo.aspx?AssetID=926274"}},{"type":"Feature","geometry":{"type":"Point","coordinates":[-86.10580354,39.60811735]},"properties":{"name":"Our Lady of the Greenwood School","assetType":"Private Elementary Schools","dataYear":"2018","assetId":"926249","subcategory":"Education","detail":"https://classic.savi.org/SAVI/PopUps/AssetMoreInfo.aspx?AssetID=926249"}},{"type":"Feature","geometry":{"type":"Point","coordinates":[-86.35680405,39.74862623]},"properties":{"name":"Our Shepherd Lutheran School","assetType":"Private Elementary Schools","dataYear":"2018","assetId":"926115","subcategory":"Education","detail":"https://classic.savi.org/SAVI/PopUps/AssetMoreInfo.aspx?AssetID=926115"}},{"type":"Feature","geometry":{"type":"Point","coordinates":[-86.21498279,39.59022163]},"properties":{"name":"SS Francis and Clare Catholic Sch","assetType":"Private Elementary Schools","dataYear":"2018","assetId":"926246","subcategory":"Education","detail":"https://classic.savi.org/SAVI/PopUps/AssetMoreInfo.aspx?AssetID=926246"}},{"type":"Feature","geometry":{"type":"Point","coordinates":[-86.16946167,39.6457682]},"properties":{"name":"Saint Barnabas School","assetType":"Private Elementary Schools","dataYear":"2018","assetId":"926220","subcategory":"Education","detail":"https://classic.savi.org/SAVI/PopUps/AssetMoreInfo.aspx?AssetID=926220"}},{"type":"Feature","geometry":{"type":"Point","coordinates":[-86.25141405,39.78713454]},"properties":{"name":"Saint Christopher School","assetType":"Private Elementary Schools","dataYear":"2018","assetId":"926077","subcategory":"Education","detail":"https://classic.savi.org/SAVI/PopUps/AssetMoreInfo.aspx?AssetID=926077"}},{"type":"Feature","geometry":{"type":"Point","coordinates":[-86.14846024,39.8325375]},"properties":{"name":"Saint Joan Of Arc School","assetType":"Private Elementary Schools","dataYear":"2018","assetId":"926159","subcategory":"Education","detail":"https://classic.savi.org/SAVI/PopUps/AssetMoreInfo.aspx?AssetID=926159"}},{"type":"Feature","geometry":{"type":"Point","coordinates":[-86.05076423,39.72798497]},"properties":{"name":"Saint John Ev Lutheran School","assetType":"Private Elementary Schools","dataYear":"2018","assetId":"926105","subcategory":"Education","detail":"https://classic.savi.org/SAVI/PopUps/AssetMoreInfo.aspx?AssetID=926105"}},{"type":"Feature","geometry":{"type":"Point","coordinates":[-85.77318,39.52278056]},"properties":{"name":"Saint Joseph School","assetType":"Private Elementary Schools","dataYear":"2018","assetId":"926075","subcategory":"Education","detail":"https://classic.savi.org/SAVI/PopUps/AssetMoreInfo.aspx?AssetID=926075"}},{"type":"Feature","geometry":{"type":"Point","coordinates":[-86.11004397,39.68915033]},"properties":{"name":"Saint Jude Elementary School","assetType":"Private Elementary Schools","dataYear":"2018","assetId":"926217","subcategory":"Education","detail":"https://classic.savi.org/SAVI/PopUps/AssetMoreInfo.aspx?AssetID=926217"}},{"type":"Feature","geometry":{"type":"Point","coordinates":[-86.04703561,39.84106389]},"properties":{"name":"Saint Lawrence School","assetType":"Private Elementary Schools","dataYear":"2018","assetId":"926235","subcategory":"Education","detail":"https://classic.savi.org/SAVI/PopUps/AssetMoreInfo.aspx?AssetID=926235"}},{"type":"Feature","geometry":{"type":"Point","coordinates":[-86.03157468,39.95178972]},"properties":{"name":"Saint Louis de Montfort School","assetType":"Private Elementary Schools","dataYear":"2018","assetId":"926279","subcategory":"Education","detail":"https://classic.savi.org/SAVI/PopUps/AssetMoreInfo.aspx?AssetID=926279"}},{"type":"Feature","geometry":{"type":"Point","coordinates":[-86.16035678,39.89276386]},"properties":{"name":"Saint Luke School","assetType":"Private Elementary Schools","dataYear":"2018","assetId":"926103","subcategory":"Education","detail":"https://classic.savi.org/SAVI/PopUps/AssetMoreInfo.aspx?AssetID=926103"}},{"type":"Feature","geometry":{"type":"Point","coordinates":[-86.35231715,39.87172247]},"properties":{"name":"Saint Malachy School","assetType":"Private Elementary Schools","dataYear":"2018","assetId":"926264","subcategory":"Education","detail":"https://classic.savi.org/SAVI/PopUps/AssetMoreInfo.aspx?AssetID=926264"}},{"type":"Feature","geometry":{"type":"Point","coordinates":[-86.17033534,40.03377131]},"properties":{"name":"Saint Maria Goretti School","assetType":"Private Elementary Schools","dataYear":"2018","assetId":"926281","subcategory":"Education","detail":"https://classic.savi.org/SAVI/PopUps/AssetMoreInfo.aspx?AssetID=926281"}},{"type":"Feature","geometry":{"type":"Point","coordinates":[-86.14706214,39.67852682]},"properties":{"name":"Saint Mark School","assetType":"Private Elementary Schools","dataYear":"2018","assetId":"926215","subcategory":"Education","detail":"https://classic.savi.org/SAVI/PopUps/AssetMoreInfo.aspx?AssetID=926215"}},{"type":"Feature","geometry":{"type":"Point","coordinates":[-85.68653947,40.26733266]},"properties":{"name":"Saint Mary School","assetType":"Private Elementary Schools","dataYear":"2018","assetId":"926240","subcategory":"Education","detail":"https://classic.savi.org/SAVI/PopUps/AssetMoreInfo.aspx?AssetID=926240"}},{"type":"Feature","geometry":{"type":"Point","coordinates":[-86.09718314,39.8551296]},"properties":{"name":"Saint Matthew School","assetType":"Private Elementary Schools","dataYear":"2018","assetId":"926101","subcategory":"Education","detail":"https://classic.savi.org/SAVI/PopUps/AssetMoreInfo.aspx?AssetID=926101"}},{"type":"Feature","geometry":{"type":"Point","coordinates":[-85.79001996,39.79097758]},"properties":{"name":"Saint Michael School","assetType":"Private Elementary Schools","dataYear":"2018","assetId":"926267","subcategory":"Education","detail":"https://classic.savi.org/SAVI/PopUps/AssetMoreInfo.aspx?AssetID=926267"}},{"type":"Feature","geometry":{"type":"Point","coordinates":[-86.20047443,39.86573574]},"properties":{"name":"Saint Monica School","assetType":"Private Elementary Schools","dataYear":"2018","assetId":"926204","subcategory":"Education","detail":"https://classic.savi.org/SAVI/PopUps/AssetMoreInfo.aspx?AssetID=926204"}},{"type":"Feature","geometry":{"type":"Point","coordinates":[-86.11769188,39.77520894]},"properties":{"name":"Saint Philip Neri School","assetType":"Private Elementary Schools","dataYear":"2018","assetId":"926045","subcategory":"Education","detail":"https://classic.savi.org/SAVI/PopUps/AssetMoreInfo.aspx?AssetID=926045"}},{"type":"Feature","geometry":{"type":"Point","coordinates":[-86.11601321,39.88432745]},"properties":{"name":"Saint Pius X School","assetType":"Private Elementary Schools","dataYear":"2018","assetId":"926201","subcategory":"Education","detail":"https://classic.savi.org/SAVI/PopUps/AssetMoreInfo.aspx?AssetID=926201"}},{"type":"Feature","geometry":{"type":"Point","coordinates":[-86.15842634,39.71418334]},"properties":{"name":"Saint Roch School","assetType":"Private Elementary Schools","dataYear":"2018","assetId":"926212","subcategory":"Education","detail":"https://classic.savi.org/SAVI/PopUps/AssetMoreInfo.aspx?AssetID=926212"}},{"type":"Feature","geometry":{"type":"Point","coordinates":[-85.95519115,39.90491628]},"properties":{"name":"Saint Simon The Apostle School","assetType":"Private Elementary Schools","dataYear":"2018","assetId":"926042","subcategory":"Education","detail":"https://classic.savi.org/SAVI/PopUps/AssetMoreInfo.aspx?AssetID=926042"}},{"type":"Feature","geometry":{"type":"Point","coordinates":[-86.38409826,39.70937895]},"properties":{"name":"Saint Susanna School","assetType":"Private Elementary Schools","dataYear":"2018","assetId":"926230","subcategory":"Education","detail":"https://classic.savi.org/SAVI/PopUps/AssetMoreInfo.aspx?AssetID=926230"}},{"type":"Feature","geometry":{"type":"Point","coordinates":[-86.1594634,39.83949755]},"properties":{"name":"Saint Thomas Aquinas School","assetType":"Private Elementary Schools","dataYear":"2018","assetId":"926154","subcategory":"Education","detail":"https://classic.savi.org/SAVI/PopUps/AssetMoreInfo.aspx?AssetID=926154"}},{"type":"Feature","geometry":{"type":"Point","coordinates":[-86.16965193,39.83216669]},"properties":{"name":"School for Community Learning","assetType":"Private Elementary Schools","dataYear":"2018","assetId":"926078","subcategory":"Education","detail":"https://classic.savi.org/SAVI/PopUps/AssetMoreInfo.aspx?AssetID=926078"}},{"type":"Feature","geometry":{"type":"Point","coordinates":[-86.09738482,39.76934857]},"properties":{"name":"Shepherd Community Academy","assetType":"Private Elementary Schools","dataYear":"2018","assetId":"926040","subcategory":"Education","detail":"https://classic.savi.org/SAVI/PopUps/AssetMoreInfo.aspx?AssetID=926040"}},{"type":"Feature","geometry":{"type":"Point","coordinates":[-86.08346906,39.6557925]},"properties":{"name":"Southport Presbyterian Chrst Sch","assetType":"Private Elementary Schools","dataYear":"2018","assetId":"926179","subcategory":"Education","detail":"https://classic.savi.org/SAVI/PopUps/AssetMoreInfo.aspx?AssetID=926179"}},{"type":"Feature","geometry":{"type":"Point","coordinates":[-86.20627386,39.77174822]},"properties":{"name":"St Anthony Catholic School","assetType":"Private Elementary Schools","dataYear":"2018","assetId":"926026","subcategory":"Education","detail":"https://classic.savi.org/SAVI/PopUps/AssetMoreInfo.aspx?AssetID=926026"}},{"type":"Feature","geometry":{"type":"Point","coordinates":[-86.21545333,39.80983964]},"properties":{"name":"St Michael The Archangel School","assetType":"Private Elementary Schools","dataYear":"2018","assetId":"926048","subcategory":"Education","detail":"https://classic.savi.org/SAVI/PopUps/AssetMoreInfo.aspx?AssetID=926048"}},{"type":"Feature","geometry":{"type":"Point","coordinates":[-86.07737106,39.48276389]},"properties":{"name":"St Rose of Lima School","assetType":"Private Elementary Schools","dataYear":"2018","assetId":"926252","subcategory":"Education","detail":"https://classic.savi.org/SAVI/PopUps/AssetMoreInfo.aspx?AssetID=926252"}},{"type":"Feature","geometry":{"type":"Point","coordinates":[-86.09042734,39.78551028]},"properties":{"name":"St Therese Little Flower School","assetType":"Private Elementary Schools","dataYear":"2018","assetId":"926157","subcategory":"Education","detail":"https://classic.savi.org/SAVI/PopUps/AssetMoreInfo.aspx?AssetID=926157"}},{"type":"Feature","geometry":{"type":"Point","coordinates":[-86.14384113,39.63537731]},"properties":{"name":"Suburban Christian School","assetType":"Private Elementary Schools","dataYear":"2018","assetId":"926183","subcategory":"Education","detail":"https://classic.savi.org/SAVI/PopUps/AssetMoreInfo.aspx?AssetID=926183"}},{"type":"Feature","geometry":{"type":"Point","coordinates":[-86.00996752,39.83888727]},"properties":{"name":"TP Schools","assetType":"Private Elementary Schools","dataYear":"2018","assetId":"926089","subcategory":"Education","detail":"https://classic.savi.org/SAVI/PopUps/AssetMoreInfo.aspx?AssetID=926089"}},{"type":"Feature","geometry":{"type":"Point","coordinates":[-86.43477718,39.40625602]},"properties":{"name":"Tabernacle Christian School","assetType":"Private Elementary Schools","dataYear":"2018","assetId":"926198","subcategory":"Education","detail":"https://classic.savi.org/SAVI/PopUps/AssetMoreInfo.aspx?AssetID=926198"}},{"type":"Feature","geometry":{"type":"Point","coordinates":[-86.1133637,39.79145792]},"properties":{"name":"The Oaks Academy - Brookside","assetType":"Private Elementary Schools","dataYear":"2018","assetId":"926257","subcategory":"Education","detail":"https://classic.savi.org/SAVI/PopUps/AssetMoreInfo.aspx?AssetID=926257"}},{"type":"Feature","geometry":{"type":"Point","coordinates":[-86.14752335,39.79997463]},"properties":{"name":"The Oaks Academy - Fall Creek","assetType":"Private Elementary Schools","dataYear":"2018","assetId":"926082","subcategory":"Education","detail":"https://classic.savi.org/SAVI/PopUps/AssetMoreInfo.aspx?AssetID=926082"}},{"type":"Feature","geometry":{"type":"Point","coordinates":[-86.35960225,39.94077376]},"properties":{"name":"Traders Point Christian Academy","assetType":"Private Elementary Schools","dataYear":"2018","assetId":"926175","subcategory":"Education","detail":"https://classic.savi.org/SAVI/PopUps/AssetMoreInfo.aspx?AssetID=926175"}},{"type":"Feature","geometry":{"type":"Point","coordinates":[-86.1229117,39.76070301]},"properties":{"name":"Trinity Christian School","assetType":"Private Elementary Schools","dataYear":"2018","assetId":"926113","subcategory":"Education","detail":"https://classic.savi.org/SAVI/PopUps/AssetMoreInfo.aspx?AssetID=926113"}},{"type":"Feature","geometry":{"type":"Point","coordinates":[-86.01478235,39.7894099]},"properties":{"name":"Trinity Lutheran School","assetType":"Private Elementary Schools","dataYear":"2018","assetId":"926170","subcategory":"Education","detail":"https://classic.savi.org/SAVI/PopUps/AssetMoreInfo.aspx?AssetID=926170"}},{"type":"Feature","geometry":{"type":"Point","coordinates":[-86.36639784,39.68950191]},"properties":{"name":"Universal School of Plainfield","assetType":"Private Elementary Schools","dataYear":"2018","assetId":"926228","subcategory":"Education","detail":"https://classic.savi.org/SAVI/PopUps/AssetMoreInfo.aspx?AssetID=926228"}},{"type":"Feature","geometry":{"type":"Point","coordinates":[-85.92434011,39.74100499]},"properties":{"name":"Zion Lutheran School","assetType":"Private Elementary Schools","dataYear":"2018","assetId":"926270","subcategory":"Education","detail":"https://classic.savi.org/SAVI/PopUps/AssetMoreInfo.aspx?AssetID=926270"}},{"type":"Feature","geometry":{"type":"Point","coordinates":[-86.11106403,39.71270494]},"properties":{"name":"ACTS Academy","assetType":"Private High Schools","dataYear":"2018","assetId":"926181","subcategory":"Education","detail":"https://classic.savi.org/SAVI/PopUps/AssetMoreInfo.aspx?AssetID=926181"}},{"type":"Feature","geometry":{"type":"Point","coordinates":[-85.69326559,40.06006143]},"properties":{"name":"Anderson Christian School","assetType":"Private High Schools","dataYear":"2018","assetId":"926133","subcategory":"Education","detail":"https://classic.savi.org/SAVI/PopUps/AssetMoreInfo.aspx?AssetID=926133"}},{"type":"Feature","geometry":{"type":"Point","coordinates":[-86.15071755,39.83923492]},"properties":{"name":"Apogee School For The Gifted","assetType":"Private High Schools","dataYear":"2018","assetId":"926295","subcategory":"Education","detail":"https://classic.savi.org/SAVI/PopUps/AssetMoreInfo.aspx?AssetID=926295"}},{"type":"Feature","geometry":{"type":"Point","coordinates":[-85.96295918,39.84349541]},"properties":{"name":"Basic Prep Academy","assetType":"Private High Schools","dataYear":"2018","assetId":"926207","subcategory":"Education","detail":"https://classic.savi.org/SAVI/PopUps/AssetMoreInfo.aspx?AssetID=926207"}},{"type":"Feature","geometry":{"type":"Point","coordinates":[-86.41150031,39.87930849]},"properties":{"name":"Bethesda Christian School","assetType":"Private High Schools","dataYear":"2018","assetId":"926262","subcategory":"Education","detail":"https://classic.savi.org/SAVI/PopUps/AssetMoreInfo.aspx?AssetID=926262"}},{"type":"Feature","geometry":{"type":"Point","coordinates":[-86.12801717,39.86067247]},"properties":{"name":"Bishop Chatard High School","assetType":"Private High Schools","dataYear":"2018","assetId":"926086","subcategory":"Education","detail":"https://classic.savi.org/SAVI/PopUps/AssetMoreInfo.aspx?AssetID=926086"}},{"type":"Feature","geometry":{"type":"Point","coordinates":[-86.20887819,39.91170896]},"properties":{"name":"Brebeuf Jesuit Preparatory School","assetType":"Private High Schools","dataYear":"2018","assetId":"926177","subcategory":"Education","detail":"https://classic.savi.org/SAVI/PopUps/AssetMoreInfo.aspx?AssetID=926177"}},{"type":"Feature","geometry":{"type":"Point","coordinates":[-86.12042782,39.71301859]},"properties":{"name":"Calvary Christian School","assetType":"Private High Schools","dataYear":"2018","assetId":"926035","subcategory":"Education","detail":"https://classic.savi.org/SAVI/PopUps/AssetMoreInfo.aspx?AssetID=926035"}},{"type":"Feature","geometry":{"type":"Point","coordinates":[-86.21559506,39.81255871]},"properties":{"name":"Cardinal Ritter High School","assetType":"Private High Schools","dataYear":"2018","assetId":"926084","subcategory":"Education","detail":"https://classic.savi.org/SAVI/PopUps/AssetMoreInfo.aspx?AssetID=926084"}},{"type":"Feature","geometry":{"type":"Point","coordinates":[-86.07965856,39.85497399]},"properties":{"name":"Cathedral High School","assetType":"Private High Schools","dataYear":"2018","assetId":"926087","subcategory":"Education","detail":"https://classic.savi.org/SAVI/PopUps/AssetMoreInfo.aspx?AssetID=926087"}},{"type":"Feature","geometry":{"type":"Point","coordinates":[-86.12421778,39.73102905]},"properties":{"name":"Central Christian Academy","assetType":"Private High Schools","dataYear":"2018","assetId":"926038","subcategory":"Education","detail":"https://classic.savi.org/SAVI/PopUps/AssetMoreInfo.aspx?AssetID=926038"}},{"type":"Feature","geometry":{"type":"Point","coordinates":[-86.12094413,39.90267901]},"properties":{"name":"Colonial Christian School","assetType":"Private High Schools","dataYear":"2018","assetId":"926164","subcategory":"Education","detail":"https://classic.savi.org/SAVI/PopUps/AssetMoreInfo.aspx?AssetID=926164"}},{"type":"Feature","geometry":{"type":"Point","coordinates":[-85.97799797,39.85491478]},"properties":{"name":"Cornerstone Baptist Academy","assetType":"Private High Schools","dataYear":"2018","assetId":"926227","subcategory":"Education","detail":"https://classic.savi.org/SAVI/PopUps/AssetMoreInfo.aspx?AssetID=926227"}},{"type":"Feature","geometry":{"type":"Point","coordinates":[-86.29320574,39.79369494]},"properties":{"name":"Covenant Christian High School","assetType":"Private High Schools","dataYear":"2018","assetId":"926054","subcategory":"Education","detail":"https://classic.savi.org/SAVI/PopUps/AssetMoreInfo.aspx?AssetID=926054"}},{"type":"Feature","geometry":{"type":"Point","coordinates":[-86.30812857,39.76766804]},"properties":{"name":"Crosspointe Christian Academy","assetType":"Private High Schools","dataYear":"2018","assetId":"926057","subcategory":"Education","detail":"https://classic.savi.org/SAVI/PopUps/AssetMoreInfo.aspx?AssetID=926057"}},{"type":"Feature","geometry":{"type":"Point","coordinates":[-86.30276185,39.67439549]},"properties":{"name":"Damar Academy","assetType":"Private High Schools","dataYear":"2018","assetId":"926130","subcategory":"Education","detail":"https://classic.savi.org/SAVI/PopUps/AssetMoreInfo.aspx?AssetID=926130"}},{"type":"Feature","geometry":{"type":"Point","coordinates":[-86.03745847,39.96149641]},"properties":{"name":"Eman Schools","assetType":"Private High Schools","dataYear":"2018","assetId":"926291","subcategory":"Education","detail":"https://classic.savi.org/SAVI/PopUps/AssetMoreInfo.aspx?AssetID=926291"}},{"type":"Feature","geometry":{"type":"Point","coordinates":[-85.99931288,39.97856852]},"properties":{"name":"Fishers Christian Academy","assetType":"Private High Schools","dataYear":"2018","assetId":"926288","subcategory":"Education","detail":"https://classic.savi.org/SAVI/PopUps/AssetMoreInfo.aspx?AssetID=926288"}},{"type":"Feature","geometry":{"type":"Point","coordinates":[-86.12312413,39.58415431]},"properties":{"name":"Greenwood Christian Academy","assetType":"Private High Schools","dataYear":"2018","assetId":"926193","subcategory":"Education","detail":"https://classic.savi.org/SAVI/PopUps/AssetMoreInfo.aspx?AssetID=926193"}},{"type":"Feature","geometry":{"type":"Point","coordinates":[-86.08602149,40.00962816]},"properties":{"name":"Guerin Catholic High School","assetType":"Private High Schools","dataYear":"2018","assetId":"926272","subcategory":"Education","detail":"https://classic.savi.org/SAVI/PopUps/AssetMoreInfo.aspx?AssetID=926272"}},{"type":"Feature","geometry":{"type":"Point","coordinates":[-86.05726803,39.89056032]},"properties":{"name":"Heritage Christian School","assetType":"Private High Schools","dataYear":"2018","assetId":"926120","subcategory":"Education","detail":"https://classic.savi.org/SAVI/PopUps/AssetMoreInfo.aspx?AssetID=926120"}},{"type":"Feature","geometry":{"type":"Point","coordinates":[-85.98681937,39.89564344]},"properties":{"name":"Horizon Christian School","assetType":"Private High Schools","dataYear":"2018","assetId":"926224","subcategory":"Education","detail":"https://classic.savi.org/SAVI/PopUps/AssetMoreInfo.aspx?AssetID=926224"}},{"type":"Feature","geometry":{"type":"Point","coordinates":[-86.01201028,40.14901961]},"properties":{"name":"Indiana Academy","assetType":"Private High Schools","dataYear":"2018","assetId":"926285","subcategory":"Education","detail":"https://classic.savi.org/SAVI/PopUps/AssetMoreInfo.aspx?AssetID=926285"}},{"type":"Feature","geometry":{"type":"Point","coordinates":[-85.68103745,40.14986571]},"properties":{"name":"Indiana Christian Academy","assetType":"Private High Schools","dataYear":"2018","assetId":"926244","subcategory":"Education","detail":"https://classic.savi.org/SAVI/PopUps/AssetMoreInfo.aspx?AssetID=926244"}},{"type":"Feature","geometry":{"type":"Point","coordinates":[-86.18535304,39.83394453]},"properties":{"name":"International Sch of IN HS 9-12","assetType":"Private High Schools","dataYear":"2018","assetId":"926153","subcategory":"Education","detail":"https://classic.savi.org/SAVI/PopUps/AssetMoreInfo.aspx?AssetID=926153"}},{"type":"Feature","geometry":{"type":"Point","coordinates":[-86.47253691,40.05729602]},"properties":{"name":"James E Davis School","assetType":"Private High Schools","dataYear":"2018","assetId":"926293","subcategory":"Education","detail":"https://classic.savi.org/SAVI/PopUps/AssetMoreInfo.aspx?AssetID=926293"}},{"type":"Feature","geometry":{"type":"Point","coordinates":[-86.13927767,39.78317157]},"properties":{"name":"Legacy Learning Center","assetType":"Private High Schools","dataYear":"2018","assetId":"926255","subcategory":"Education","detail":"https://classic.savi.org/SAVI/PopUps/AssetMoreInfo.aspx?AssetID=926255"}},{"type":"Feature","geometry":{"type":"Point","coordinates":[-85.66746484,40.09289265]},"properties":{"name":"Liberty Christian School","assetType":"Private High Schools","dataYear":"2018","assetId":"926137","subcategory":"Education","detail":"https://classic.savi.org/SAVI/PopUps/AssetMoreInfo.aspx?AssetID=926137"}},{"type":"Feature","geometry":{"type":"Point","coordinates":[-86.06234771,39.68751189]},"properties":{"name":"Lutheran High School","assetType":"Private High Schools","dataYear":"2018","assetId":"926123","subcategory":"Education","detail":"https://classic.savi.org/SAVI/PopUps/AssetMoreInfo.aspx?AssetID=926123"}},{"type":"Feature","geometry":{"type":"Point","coordinates":[-86.20422564,39.80745658]},"properties":{"name":"MTI School of Knowledge","assetType":"Private High Schools","dataYear":"2018","assetId":"926109","subcategory":"Education","detail":"https://classic.savi.org/SAVI/PopUps/AssetMoreInfo.aspx?AssetID=926109"}},{"type":"Feature","geometry":{"type":"Point","coordinates":[-86.20246857,39.76755904]},"properties":{"name":"Providence Cristo Rey High School","assetType":"Private High Schools","dataYear":"2018","assetId":"925926","subcategory":"Education","detail":"https://classic.savi.org/SAVI/PopUps/AssetMoreInfo.aspx?AssetID=925926"}},{"type":"Feature","geometry":{"type":"Point","coordinates":[-86.10731948,39.69050583]},"properties":{"name":"Roncalli High School","assetType":"Private High Schools","dataYear":"2018","assetId":"926208","subcategory":"Education","detail":"https://classic.savi.org/SAVI/PopUps/AssetMoreInfo.aspx?AssetID=926208"}},{"type":"Feature","geometry":{"type":"Point","coordinates":[-86.08613049,39.78660897]},"properties":{"name":"Scecina Memorial High School","assetType":"Private High Schools","dataYear":"2018","assetId":"926085","subcategory":"Education","detail":"https://classic.savi.org/SAVI/PopUps/AssetMoreInfo.aspx?AssetID=926085"}},{"type":"Feature","geometry":{"type":"Point","coordinates":[-86.14384113,39.63537731]},"properties":{"name":"Suburban Christian School","assetType":"Private High Schools","dataYear":"2018","assetId":"926184","subcategory":"Education","detail":"https://classic.savi.org/SAVI/PopUps/AssetMoreInfo.aspx?AssetID=926184"}},{"type":"Feature","geometry":{"type":"Point","coordinates":[-86.43477718,39.40625602]},"properties":{"name":"Tabernacle Christian School","assetType":"Private High Schools","dataYear":"2018","assetId":"926199","subcategory":"Education","detail":"https://classic.savi.org/SAVI/PopUps/AssetMoreInfo.aspx?AssetID=926199"}},{"type":"Feature","geometry":{"type":"Point","coordinates":[-86.1497972,39.8406091]},"properties":{"name":"The Independence Academy","assetType":"Private High Schools","dataYear":"2018","assetId":"926099","subcategory":"Education","detail":"https://classic.savi.org/SAVI/PopUps/AssetMoreInfo.aspx?AssetID=926099"}},{"type":"Feature","geometry":{"type":"Point","coordinates":[-86.35960225,39.94077376]},"properties":{"name":"Traders Point Christian Academy","assetType":"Private High Schools","dataYear":"2018","assetId":"926176","subcategory":"Education","detail":"https://classic.savi.org/SAVI/PopUps/AssetMoreInfo.aspx?AssetID=926176"}},{"type":"Feature","geometry":{"type":"Point","coordinates":[-86.15428543,39.9480033]},"properties":{"name":"Transitions Academy","assetType":"Private High Schools","dataYear":"2018","assetId":"926277","subcategory":"Education","detail":"https://classic.savi.org/SAVI/PopUps/AssetMoreInfo.aspx?AssetID=926277"}},{"type":"Feature","geometry":{"type":"Point","coordinates":[-86.1229117,39.76070301]},"properties":{"name":"Trinity Christian School","assetType":"Private High Schools","dataYear":"2018","assetId":"926114","subcategory":"Education","detail":"https://classic.savi.org/SAVI/PopUps/AssetMoreInfo.aspx?AssetID=926114"}},{"type":"Feature","geometry":{"type":"Point","coordinates":[-86.2155899,39.81255116]},"properties":{"name":"Cardinal Ritter High School","assetType":"Private Junior High And High Schools","dataYear":"2017","assetId":"860498","subcategory":"Education","detail":"https://classic.savi.org/SAVI/PopUps/AssetMoreInfo.aspx?AssetID=860498"}},{"type":"Feature","geometry":{"type":"Point","coordinates":[-86.4725375,40.05735084]},"properties":{"name":"James E Davis School","assetType":"Private Junior High And High Schools","dataYear":"2017","assetId":"860603","subcategory":"Education","detail":"https://classic.savi.org/SAVI/PopUps/AssetMoreInfo.aspx?AssetID=860603"}},{"type":"Feature","geometry":{"type":"Point","coordinates":[-85.6674598,40.09288502]},"properties":{"name":"Liberty Christian School","assetType":"Private Junior High And High Schools","dataYear":"2017","assetId":"860593","subcategory":"Education","detail":"https://classic.savi.org/SAVI/PopUps/AssetMoreInfo.aspx?AssetID=860593"}},{"type":"Feature","geometry":{"type":"Point","coordinates":[-86.15428029,39.94799571]},"properties":{"name":"Transitions Academy","assetType":"Private Junior High And High Schools","dataYear":"2017","assetId":"860599","subcategory":"Education","detail":"https://classic.savi.org/SAVI/PopUps/AssetMoreInfo.aspx?AssetID=860599"}},{"type":"Feature","geometry":{"type":"Point","coordinates":[-85.96295918,39.84349541]},"properties":{"name":"Basic Prep Academy","assetType":"Private Junior High Schools","dataYear":"2018","assetId":"926206","subcategory":"Education","detail":"https://classic.savi.org/SAVI/PopUps/AssetMoreInfo.aspx?AssetID=926206"}},{"type":"Feature","geometry":{"type":"Point","coordinates":[-86.53841248,40.10495089]},"properties":{"name":"Bella Natura Reggio","assetType":"Private Junior High Schools","dataYear":"2018","assetId":"926187","subcategory":"Education","detail":"https://classic.savi.org/SAVI/PopUps/AssetMoreInfo.aspx?AssetID=926187"}},{"type":"Feature","geometry":{"type":"Point","coordinates":[-86.13846965,39.67743029]},"properties":{"name":"Calvary Lutheran School","assetType":"Private Junior High Schools","dataYear":"2018","assetId":"926210","subcategory":"Education","detail":"https://classic.savi.org/SAVI/PopUps/AssetMoreInfo.aspx?AssetID=926210"}},{"type":"Feature","geometry":{"type":"Point","coordinates":[-86.1629073,39.79613907]},"properties":{"name":"Capitol City SDA Church School","assetType":"Private Junior High Schools","dataYear":"2018","assetId":"925925","subcategory":"Education","detail":"https://classic.savi.org/SAVI/PopUps/AssetMoreInfo.aspx?AssetID=925925"}},{"type":"Feature","geometry":{"type":"Point","coordinates":[-86.21559506,39.81255871]},"properties":{"name":"Cardinal Ritter High School","assetType":"Private Junior High Schools","dataYear":"2018","assetId":"926083","subcategory":"Education","detail":"https://classic.savi.org/SAVI/PopUps/AssetMoreInfo.aspx?AssetID=926083"}},{"type":"Feature","geometry":{"type":"Point","coordinates":[-86.13719624,39.72491605]},"properties":{"name":"Central Catholic School","assetType":"Private Junior High Schools","dataYear":"2018","assetId":"926112","subcategory":"Education","detail":"https://classic.savi.org/SAVI/PopUps/AssetMoreInfo.aspx?AssetID=926112"}},{"type":"Feature","geometry":{"type":"Point","coordinates":[-86.12831629,39.86139292]},"properties":{"name":"Christ The King School","assetType":"Private Junior High Schools","dataYear":"2018","assetId":"926032","subcategory":"Education","detail":"https://classic.savi.org/SAVI/PopUps/AssetMoreInfo.aspx?AssetID=926032"}},{"type":"Feature","geometry":{"type":"Point","coordinates":[-85.70687445,40.1360058]},"properties":{"name":"Cross Street Christian School","assetType":"Private Junior High Schools","dataYear":"2018","assetId":"926140","subcategory":"Education","detail":"https://classic.savi.org/SAVI/PopUps/AssetMoreInfo.aspx?AssetID=926140"}},{"type":"Feature","geometry":{"type":"Point","coordinates":[-86.17571634,39.8765628]},"properties":{"name":"Hasten Hebrew Acad of Indianapolis","assetType":"Private Junior High Schools","dataYear":"2018","assetId":"926167","subcategory":"Education","detail":"https://classic.savi.org/SAVI/PopUps/AssetMoreInfo.aspx?AssetID=926167"}},{"type":"Feature","geometry":{"type":"Point","coordinates":[-86.1351674,39.76846235]},"properties":{"name":"Holy Cross Central School","assetType":"Private Junior High Schools","dataYear":"2018","assetId":"926095","subcategory":"Education","detail":"https://classic.savi.org/SAVI/PopUps/AssetMoreInfo.aspx?AssetID=926095"}},{"type":"Feature","geometry":{"type":"Point","coordinates":[-85.95605414,39.90349479]},"properties":{"name":"Holy Cross Lutheran School","assetType":"Private Junior High Schools","dataYear":"2018","assetId":"926125","subcategory":"Education","detail":"https://classic.savi.org/SAVI/PopUps/AssetMoreInfo.aspx?AssetID=926125"}},{"type":"Feature","geometry":{"type":"Point","coordinates":[-85.67487961,40.1049237]},"properties":{"name":"Holy Cross School","assetType":"Private Junior High Schools","dataYear":"2018","assetId":"926238","subcategory":"Education","detail":"https://classic.savi.org/SAVI/PopUps/AssetMoreInfo.aspx?AssetID=926238"}},{"type":"Feature","geometry":{"type":"Point","coordinates":[-86.1015505,39.72176475]},"properties":{"name":"Holy Name Catholic School","assetType":"Private Junior High Schools","dataYear":"2018","assetId":"926053","subcategory":"Education","detail":"https://classic.savi.org/SAVI/PopUps/AssetMoreInfo.aspx?AssetID=926053"}},{"type":"Feature","geometry":{"type":"Point","coordinates":[-86.03836948,39.7811742]},"properties":{"name":"Holy Spirit School","assetType":"Private Junior High Schools","dataYear":"2018","assetId":"926174","subcategory":"Education","detail":"https://classic.savi.org/SAVI/PopUps/AssetMoreInfo.aspx?AssetID=926174"}},{"type":"Feature","geometry":{"type":"Point","coordinates":[-86.15227154,39.85700245]},"properties":{"name":"Immaculate Heart of Mary School","assetType":"Private Junior High Schools","dataYear":"2018","assetId":"926092","subcategory":"Education","detail":"https://classic.savi.org/SAVI/PopUps/AssetMoreInfo.aspx?AssetID=926092"}},{"type":"Feature","geometry":{"type":"Point","coordinates":[-86.11560081,39.87064237]},"properties":{"name":"Indianapolis Junior Academy","assetType":"Private Junior High Schools","dataYear":"2018","assetId":"926200","subcategory":"Education","detail":"https://classic.savi.org/SAVI/PopUps/AssetMoreInfo.aspx?AssetID=926200"}},{"type":"Feature","geometry":{"type":"Point","coordinates":[-86.08713933,39.69032448]},"properties":{"name":"Indianapolis Southside Christian","assetType":"Private Junior High Schools","dataYear":"2018","assetId":"926152","subcategory":"Education","detail":"https://classic.savi.org/SAVI/PopUps/AssetMoreInfo.aspx?AssetID=926152"}},{"type":"Feature","geometry":{"type":"Point","coordinates":[-86.47253691,40.05729602]},"properties":{"name":"James E Davis School","assetType":"Private Junior High Schools","dataYear":"2018","assetId":"926292","subcategory":"Education","detail":"https://classic.savi.org/SAVI/PopUps/AssetMoreInfo.aspx?AssetID=926292"}},{"type":"Feature","geometry":{"type":"Point","coordinates":[-86.3824813,39.77768111]},"properties":{"name":"Kingsway Christian School","assetType":"Private Junior High Schools","dataYear":"2018","assetId":"926259","subcategory":"Education","detail":"https://classic.savi.org/SAVI/PopUps/AssetMoreInfo.aspx?AssetID=926259"}},{"type":"Feature","geometry":{"type":"Point","coordinates":[-85.66746484,40.09289265]},"properties":{"name":"Liberty Christian School","assetType":"Private Junior High Schools","dataYear":"2018","assetId":"926136","subcategory":"Education","detail":"https://classic.savi.org/SAVI/PopUps/AssetMoreInfo.aspx?AssetID=926136"}},{"type":"Feature","geometry":{"type":"Point","coordinates":[-86.35131674,39.59761186]},"properties":{"name":"Mooresville Christian Academy","assetType":"Private Junior High Schools","dataYear":"2018","assetId":"926196","subcategory":"Education","detail":"https://classic.savi.org/SAVI/PopUps/AssetMoreInfo.aspx?AssetID=926196"}},{"type":"Feature","geometry":{"type":"Point","coordinates":[-86.03787336,39.7203179]},"properties":{"name":"Nativity Catholic School","assetType":"Private Junior High Schools","dataYear":"2018","assetId":"926128","subcategory":"Education","detail":"https://classic.savi.org/SAVI/PopUps/AssetMoreInfo.aspx?AssetID=926128"}},{"type":"Feature","geometry":{"type":"Point","coordinates":[-86.07706226,39.76989252]},"properties":{"name":"Our Lady Of Lourdes School","assetType":"Private Junior High Schools","dataYear":"2018","assetId":"926030","subcategory":"Education","detail":"https://classic.savi.org/SAVI/PopUps/AssetMoreInfo.aspx?AssetID=926030"}},{"type":"Feature","geometry":{"type":"Point","coordinates":[-86.14804292,39.99848682]},"properties":{"name":"Our Lady Of Mt Carmel School","assetType":"Private Junior High Schools","dataYear":"2018","assetId":"926284","subcategory":"Education","detail":"https://classic.savi.org/SAVI/PopUps/AssetMoreInfo.aspx?AssetID=926284"}},{"type":"Feature","geometry":{"type":"Point","coordinates":[-85.9923063,40.06733294]},"properties":{"name":"Our Lady of Grace School","assetType":"Private Junior High Schools","dataYear":"2018","assetId":"926275","subcategory":"Education","detail":"https://classic.savi.org/SAVI/PopUps/AssetMoreInfo.aspx?AssetID=926275"}},{"type":"Feature","geometry":{"type":"Point","coordinates":[-86.10580354,39.60811735]},"properties":{"name":"Our Lady of the Greenwood School","assetType":"Private Junior High Schools","dataYear":"2018","assetId":"926250","subcategory":"Education","detail":"https://classic.savi.org/SAVI/PopUps/AssetMoreInfo.aspx?AssetID=926250"}},{"type":"Feature","geometry":{"type":"Point","coordinates":[-86.35680405,39.74862623]},"properties":{"name":"Our Shepherd Lutheran School","assetType":"Private Junior High Schools","dataYear":"2018","assetId":"926116","subcategory":"Education","detail":"https://classic.savi.org/SAVI/PopUps/AssetMoreInfo.aspx?AssetID=926116"}},{"type":"Feature","geometry":{"type":"Point","coordinates":[-86.21498279,39.59022163]},"properties":{"name":"SS Francis and Clare Catholic Sch","assetType":"Private Junior High Schools","dataYear":"2018","assetId":"926247","subcategory":"Education","detail":"https://classic.savi.org/SAVI/PopUps/AssetMoreInfo.aspx?AssetID=926247"}},{"type":"Feature","geometry":{"type":"Point","coordinates":[-86.16946167,39.6457682]},"properties":{"name":"Saint Barnabas School","assetType":"Private Junior High Schools","dataYear":"2018","assetId":"926221","subcategory":"Education","detail":"https://classic.savi.org/SAVI/PopUps/AssetMoreInfo.aspx?AssetID=926221"}},{"type":"Feature","geometry":{"type":"Point","coordinates":[-86.14846024,39.8325375]},"properties":{"name":"Saint Joan Of Arc School","assetType":"Private Junior High Schools","dataYear":"2018","assetId":"926160","subcategory":"Education","detail":"https://classic.savi.org/SAVI/PopUps/AssetMoreInfo.aspx?AssetID=926160"}},{"type":"Feature","geometry":{"type":"Point","coordinates":[-86.05076423,39.72798497]},"properties":{"name":"Saint John Ev Lutheran School","assetType":"Private Junior High Schools","dataYear":"2018","assetId":"926106","subcategory":"Education","detail":"https://classic.savi.org/SAVI/PopUps/AssetMoreInfo.aspx?AssetID=926106"}},{"type":"Feature","geometry":{"type":"Point","coordinates":[-86.11004397,39.68915033]},"properties":{"name":"Saint Jude Elementary School","assetType":"Private Junior High Schools","dataYear":"2018","assetId":"926218","subcategory":"Education","detail":"https://classic.savi.org/SAVI/PopUps/AssetMoreInfo.aspx?AssetID=926218"}},{"type":"Feature","geometry":{"type":"Point","coordinates":[-86.04703561,39.84106389]},"properties":{"name":"Saint Lawrence School","assetType":"Private Junior High Schools","dataYear":"2018","assetId":"926117","subcategory":"Education","detail":"https://classic.savi.org/SAVI/PopUps/AssetMoreInfo.aspx?AssetID=926117"}},{"type":"Feature","geometry":{"type":"Point","coordinates":[-86.03157468,39.95178972]},"properties":{"name":"Saint Louis de Montfort School","assetType":"Private Junior High Schools","dataYear":"2018","assetId":"926280","subcategory":"Education","detail":"https://classic.savi.org/SAVI/PopUps/AssetMoreInfo.aspx?AssetID=926280"}},{"type":"Feature","geometry":{"type":"Point","coordinates":[-86.16035678,39.89276386]},"properties":{"name":"Saint Luke School","assetType":"Private Junior High Schools","dataYear":"2018","assetId":"926104","subcategory":"Education","detail":"https://classic.savi.org/SAVI/PopUps/AssetMoreInfo.aspx?AssetID=926104"}},{"type":"Feature","geometry":{"type":"Point","coordinates":[-86.35231715,39.87172247]},"properties":{"name":"Saint Malachy School","assetType":"Private Junior High Schools","dataYear":"2018","assetId":"926265","subcategory":"Education","detail":"https://classic.savi.org/SAVI/PopUps/AssetMoreInfo.aspx?AssetID=926265"}},{"type":"Feature","geometry":{"type":"Point","coordinates":[-86.17033534,40.03377131]},"properties":{"name":"Saint Maria Goretti School","assetType":"Private Junior High Schools","dataYear":"2018","assetId":"926282","subcategory":"Education","detail":"https://classic.savi.org/SAVI/PopUps/AssetMoreInfo.aspx?AssetID=926282"}},{"type":"Feature","geometry":{"type":"Point","coordinates":[-86.14706214,39.67852682]},"properties":{"name":"Saint Mark School","assetType":"Private Junior High Schools","dataYear":"2018","assetId":"926216","subcategory":"Education","detail":"https://classic.savi.org/SAVI/PopUps/AssetMoreInfo.aspx?AssetID=926216"}},{"type":"Feature","geometry":{"type":"Point","coordinates":[-85.68653947,40.26733266]},"properties":{"name":"Saint Mary School","assetType":"Private Junior High Schools","dataYear":"2018","assetId":"926241","subcategory":"Education","detail":"https://classic.savi.org/SAVI/PopUps/AssetMoreInfo.aspx?AssetID=926241"}},{"type":"Feature","geometry":{"type":"Point","coordinates":[-86.09718314,39.8551296]},"properties":{"name":"Saint Matthew School","assetType":"Private Junior High Schools","dataYear":"2018","assetId":"926102","subcategory":"Education","detail":"https://classic.savi.org/SAVI/PopUps/AssetMoreInfo.aspx?AssetID=926102"}},{"type":"Feature","geometry":{"type":"Point","coordinates":[-85.79001996,39.79097758]},"properties":{"name":"Saint Michael School","assetType":"Private Junior High Schools","dataYear":"2018","assetId":"926268","subcategory":"Education","detail":"https://classic.savi.org/SAVI/PopUps/AssetMoreInfo.aspx?AssetID=926268"}},{"type":"Feature","geometry":{"type":"Point","coordinates":[-86.20047443,39.86573574]},"properties":{"name":"Saint Monica School","assetType":"Private Junior High Schools","dataYear":"2018","assetId":"926205","subcategory":"Education","detail":"https://classic.savi.org/SAVI/PopUps/AssetMoreInfo.aspx?AssetID=926205"}},{"type":"Feature","geometry":{"type":"Point","coordinates":[-86.11769188,39.77520894]},"properties":{"name":"Saint Philip Neri School","assetType":"Private Junior High Schools","dataYear":"2018","assetId":"926046","subcategory":"Education","detail":"https://classic.savi.org/SAVI/PopUps/AssetMoreInfo.aspx?AssetID=926046"}},{"type":"Feature","geometry":{"type":"Point","coordinates":[-86.11601321,39.88432745]},"properties":{"name":"Saint Pius X School","assetType":"Private Junior High Schools","dataYear":"2018","assetId":"926202","subcategory":"Education","detail":"https://classic.savi.org/SAVI/PopUps/AssetMoreInfo.aspx?AssetID=926202"}},{"type":"Feature","geometry":{"type":"Point","coordinates":[-86.15842634,39.71418334]},"properties":{"name":"Saint Roch School","assetType":"Private Junior High Schools","dataYear":"2018","assetId":"926213","subcategory":"Education","detail":"https://classic.savi.org/SAVI/PopUps/AssetMoreInfo.aspx?AssetID=926213"}},{"type":"Feature","geometry":{"type":"Point","coordinates":[-85.95519115,39.90491628]},"properties":{"name":"Saint Simon The Apostle School","assetType":"Private Junior High Schools","dataYear":"2018","assetId":"926043","subcategory":"Education","detail":"https://classic.savi.org/SAVI/PopUps/AssetMoreInfo.aspx?AssetID=926043"}},{"type":"Feature","geometry":{"type":"Point","coordinates":[-86.38409826,39.70937895]},"properties":{"name":"Saint Susanna School","assetType":"Private Junior High Schools","dataYear":"2018","assetId":"926231","subcategory":"Education","detail":"https://classic.savi.org/SAVI/PopUps/AssetMoreInfo.aspx?AssetID=926231"}},{"type":"Feature","geometry":{"type":"Point","coordinates":[-86.1594634,39.83949755]},"properties":{"name":"Saint Thomas Aquinas School","assetType":"Private Junior High Schools","dataYear":"2018","assetId":"926155","subcategory":"Education","detail":"https://classic.savi.org/SAVI/PopUps/AssetMoreInfo.aspx?AssetID=926155"}},{"type":"Feature","geometry":{"type":"Point","coordinates":[-86.16965193,39.83216669]},"properties":{"name":"School for Community Learning","assetType":"Private Junior High Schools","dataYear":"2018","assetId":"926079","subcategory":"Education","detail":"https://classic.savi.org/SAVI/PopUps/AssetMoreInfo.aspx?AssetID=926079"}},{"type":"Feature","geometry":{"type":"Point","coordinates":[-86.20627386,39.77174822]},"properties":{"name":"St Anthony Catholic School","assetType":"Private Junior High Schools","dataYear":"2018","assetId":"926027","subcategory":"Education","detail":"https://classic.savi.org/SAVI/PopUps/AssetMoreInfo.aspx?AssetID=926027"}},{"type":"Feature","geometry":{"type":"Point","coordinates":[-86.21545333,39.80983964]},"properties":{"name":"St Michael The Archangel School","assetType":"Private Junior High Schools","dataYear":"2018","assetId":"926049","subcategory":"Education","detail":"https://classic.savi.org/SAVI/PopUps/AssetMoreInfo.aspx?AssetID=926049"}},{"type":"Feature","geometry":{"type":"Point","coordinates":[-86.07737106,39.48276389]},"properties":{"name":"St Rose of Lima School","assetType":"Private Junior High Schools","dataYear":"2018","assetId":"926253","subcategory":"Education","detail":"https://classic.savi.org/SAVI/PopUps/AssetMoreInfo.aspx?AssetID=926253"}},{"type":"Feature","geometry":{"type":"Point","coordinates":[-86.09042734,39.78551028]},"properties":{"name":"St Therese Little Flower School","assetType":"Private Junior High Schools","dataYear":"2018","assetId":"926158","subcategory":"Education","detail":"https://classic.savi.org/SAVI/PopUps/AssetMoreInfo.aspx?AssetID=926158"}},{"type":"Feature","geometry":{"type":"Point","coordinates":[-86.00996752,39.83888727]},"properties":{"name":"TP Schools","assetType":"Private Junior High Schools","dataYear":"2018","assetId":"926090","subcategory":"Education","detail":"https://classic.savi.org/SAVI/PopUps/AssetMoreInfo.aspx?AssetID=926090"}},{"type":"Feature","geometry":{"type":"Point","coordinates":[-86.1497972,39.8406091]},"properties":{"name":"The Independence Academy","assetType":"Private Junior High Schools","dataYear":"2018","assetId":"926098","subcategory":"Education","detail":"https://classic.savi.org/SAVI/PopUps/AssetMoreInfo.aspx?AssetID=926098"}},{"type":"Feature","geometry":{"type":"Point","coordinates":[-86.13663902,39.78841006]},"properties":{"name":"The Oaks Academy - Middle School","assetType":"Private Junior High Schools","dataYear":"2018","assetId":"926080","subcategory":"Education","detail":"https://classic.savi.org/SAVI/PopUps/AssetMoreInfo.aspx?AssetID=926080"}},{"type":"Feature","geometry":{"type":"Point","coordinates":[-86.15428543,39.9480033]},"properties":{"name":"Transitions Academy","assetType":"Private Junior High Schools","dataYear":"2018","assetId":"926276","subcategory":"Education","detail":"https://classic.savi.org/SAVI/PopUps/AssetMoreInfo.aspx?AssetID=926276"}},{"type":"Feature","geometry":{"type":"Point","coordinates":[-86.01478235,39.7894099]},"properties":{"name":"Trinity Lutheran School","assetType":"Private Junior High Schools","dataYear":"2018","assetId":"926171","subcategory":"Education","detail":"https://classic.savi.org/SAVI/PopUps/AssetMoreInfo.aspx?AssetID=926171"}},{"type":"Feature","geometry":{"type":"Point","coordinates":[-86.13114347,39.91339316]},"properties":{"name":"World Changers School of the Arts","assetType":"Private Junior High Schools","dataYear":"2018","assetId":"926188","subcategory":"Education","detail":"https://classic.savi.org/SAVI/PopUps/AssetMoreInfo.aspx?AssetID=926188"}},{"type":"Feature","geometry":{"type":"Point","coordinates":[-85.92434011,39.74100499]},"properties":{"name":"Zion Lutheran School","assetType":"Private Junior High Schools","dataYear":"2018","assetId":"926271","subcategory":"Education","detail":"https://classic.savi.org/SAVI/PopUps/AssetMoreInfo.aspx?AssetID=926271"}},{"type":"Feature","geometry":{"type":"Point","coordinates":[-86.10644728,39.86163058]},"properties":{"name":"Worthmore Academy","assetType":"Private Special Education","dataYear":"2013","assetId":"812287","subcategory":"Education","detail":"https://classic.savi.org/SAVI/PopUps/AssetMoreInfo.aspx?AssetID=812287"}},{"type":"Feature","geometry":{"type":"Point","coordinates":[-86.12117175,39.80289504]},"properties":{"name":"New Directions","assetType":"Private Vocational","dataYear":"2013","assetId":"812358","subcategory":"Education","detail":"https://classic.savi.org/SAVI/PopUps/AssetMoreInfo.aspx?AssetID=812358"}},{"type":"Feature","geometry":{"type":"Point","coordinates":[-86.11012056,39.73803111]},"properties":{"name":"New Horizons Alternative School","assetType":"Public Alternative Education","dataYear":"2011","assetId":"680008","subcategory":"Education","detail":"https://classic.savi.org/SAVI/PopUps/AssetMoreInfo.aspx?AssetID=680008"}},{"type":"Feature","geometry":{"type":"Point","coordinates":[-86.0109764,39.8111921]},"properties":{"name":"The Renaissance School","assetType":"Public Alternative Education","dataYear":"2011","assetId":"680007","subcategory":"Education","detail":"https://classic.savi.org/SAVI/PopUps/AssetMoreInfo.aspx?AssetID=680007"}},{"type":"Feature","geometry":{"type":"Point","coordinates":[-85.78762902,39.50584701]},"properties":{"name":"Especially Kidz Health & Rehab Cnt","assetType":"Public Elementary And High Schools","dataYear":"2017","assetId":"860057","subcategory":"Education","detail":"https://classic.savi.org/SAVI/PopUps/AssetMoreInfo.aspx?AssetID=860057"}},{"type":"Feature","geometry":{"type":"Point","coordinates":[-85.67791512,40.24926054]},"properties":{"name":"Alexandria-Monroe Intermediate","assetType":"Public Elementary And Junior High Schools","dataYear":"2017","assetId":"860328","subcategory":"Education","detail":"https://classic.savi.org/SAVI/PopUps/AssetMoreInfo.aspx?AssetID=860328"}},{"type":"Feature","geometry":{"type":"Point","coordinates":[-85.96007521,39.90387061]},"properties":{"name":"Amy Beverland Elementary","assetType":"Public Elementary And Junior High Schools","dataYear":"2017","assetId":"860369","subcategory":"Education","detail":"https://classic.savi.org/SAVI/PopUps/AssetMoreInfo.aspx?AssetID=860369"}},{"type":"Feature","geometry":{"type":"Point","coordinates":[-86.06903319,39.78888912]},"properties":{"name":"Anna Brochhausen School 88","assetType":"Public Elementary And Junior High Schools","dataYear":"2017","assetId":"860306","subcategory":"Education","detail":"https://classic.savi.org/SAVI/PopUps/AssetMoreInfo.aspx?AssetID=860306"}},{"type":"Feature","geometry":{"type":"Point","coordinates":[-86.06709169,39.81091873]},"properties":{"name":"Arlington Woods School 99","assetType":"Public Elementary And Junior High Schools","dataYear":"2017","assetId":"860295","subcategory":"Education","detail":"https://classic.savi.org/SAVI/PopUps/AssetMoreInfo.aspx?AssetID=860295"}},{"type":"Feature","geometry":{"type":"Point","coordinates":[-86.25708263,39.79192644]},"properties":{"name":"Arthur C Newby Elementary School 2","assetType":"Public Elementary And Junior High Schools","dataYear":"2017","assetId":"860186","subcategory":"Education","detail":"https://classic.savi.org/SAVI/PopUps/AssetMoreInfo.aspx?AssetID=860186"}},{"type":"Feature","geometry":{"type":"Point","coordinates":[-86.39962135,39.7602206]},"properties":{"name":"Avon Intermediate School East","assetType":"Public Elementary And Junior High Schools","dataYear":"2017","assetId":"860470","subcategory":"Education","detail":"https://classic.savi.org/SAVI/PopUps/AssetMoreInfo.aspx?AssetID=860470"}},{"type":"Feature","geometry":{"type":"Point","coordinates":[-86.39962135,39.76019967]},"properties":{"name":"Avon Intermediate School West","assetType":"Public Elementary And Junior High Schools","dataYear":"2017","assetId":"860469","subcategory":"Education","detail":"https://classic.savi.org/SAVI/PopUps/AssetMoreInfo.aspx?AssetID=860469"}},{"type":"Feature","geometry":{"type":"Point","coordinates":[-86.24817189,39.68225796]},"properties":{"name":"Blue Academy","assetType":"Public Elementary And Junior High Schools","dataYear":"2017","assetId":"860243","subcategory":"Education","detail":"https://classic.savi.org/SAVI/PopUps/AssetMoreInfo.aspx?AssetID=860243"}},{"type":"Feature","geometry":{"type":"Point","coordinates":[-85.79289062,39.72709328]},"properties":{"name":"Brandywine Elementary School","assetType":"Public Elementary And Junior High Schools","dataYear":"2017","assetId":"860331","subcategory":"Education","detail":"https://classic.savi.org/SAVI/PopUps/AssetMoreInfo.aspx?AssetID=860331"}},{"type":"Feature","geometry":{"type":"Point","coordinates":[-86.32260825,39.74906483]},"properties":{"name":"Bridgeport Elementary School","assetType":"Public Elementary And Junior High Schools","dataYear":"2017","assetId":"860355","subcategory":"Education","detail":"https://classic.savi.org/SAVI/PopUps/AssetMoreInfo.aspx?AssetID=860355"}},{"type":"Feature","geometry":{"type":"Point","coordinates":[-86.04897798,39.8495568]},"properties":{"name":"Brook Park Elementary School","assetType":"Public Elementary And Junior High Schools","dataYear":"2017","assetId":"860239","subcategory":"Education","detail":"https://classic.savi.org/SAVI/PopUps/AssetMoreInfo.aspx?AssetID=860239"}},{"type":"Feature","geometry":{"type":"Point","coordinates":[-86.11229822,39.78222078]},"properties":{"name":"Brookside School 54","assetType":"Public Elementary And Junior High Schools","dataYear":"2017","assetId":"860351","subcategory":"Education","detail":"https://classic.savi.org/SAVI/PopUps/AssetMoreInfo.aspx?AssetID=860351"}},{"type":"Feature","geometry":{"type":"Point","coordinates":[-86.245068,39.203298]},"properties":{"name":"Brown County Intermediate School","assetType":"Public Elementary And Junior High Schools","dataYear":"2017","assetId":"860337","subcategory":"Education","detail":"https://classic.savi.org/SAVI/PopUps/AssetMoreInfo.aspx?AssetID=860337"}},{"type":"Feature","geometry":{"type":"Point","coordinates":[-86.24764776,39.78509617]},"properties":{"name":"Carl G Fisher Elementary School 1","assetType":"Public Elementary And Junior High Schools","dataYear":"2017","assetId":"860187","subcategory":"Education","detail":"https://classic.savi.org/SAVI/PopUps/AssetMoreInfo.aspx?AssetID=860187"}},{"type":"Feature","geometry":{"type":"Point","coordinates":[-86.24504434,39.81734963]},"properties":{"name":"Carl Wilde School 79","assetType":"Public Elementary And Junior High Schools","dataYear":"2017","assetId":"860309","subcategory":"Education","detail":"https://classic.savi.org/SAVI/PopUps/AssetMoreInfo.aspx?AssetID=860309"}},{"type":"Feature","geometry":{"type":"Point","coordinates":[-86.15007324,39.777108]},"properties":{"name":"Center For Inquiry School 2","assetType":"Public Elementary And Junior High Schools","dataYear":"2017","assetId":"860143","subcategory":"Education","detail":"https://classic.savi.org/SAVI/PopUps/AssetMoreInfo.aspx?AssetID=860143"}},{"type":"Feature","geometry":{"type":"Point","coordinates":[-86.14771708,39.79161818]},"properties":{"name":"Center for Inquiry School 27","assetType":"Public Elementary And Junior High Schools","dataYear":"2017","assetId":"860254","subcategory":"Education","detail":"https://classic.savi.org/SAVI/PopUps/AssetMoreInfo.aspx?AssetID=860254"}},{"type":"Feature","geometry":{"type":"Point","coordinates":[-86.15156226,39.8571939]},"properties":{"name":"Center for Inquiry School 84","assetType":"Public Elementary And Junior High Schools","dataYear":"2017","assetId":"860142","subcategory":"Education","detail":"https://classic.savi.org/SAVI/PopUps/AssetMoreInfo.aspx?AssetID=860142"}},{"type":"Feature","geometry":{"type":"Point","coordinates":[-86.3150325,39.77499567]},"properties":{"name":"Chapel Glen Elementary School","assetType":"Public Elementary And Junior High Schools","dataYear":"2017","assetId":"860323","subcategory":"Education","detail":"https://classic.savi.org/SAVI/PopUps/AssetMoreInfo.aspx?AssetID=860323"}},{"type":"Feature","geometry":{"type":"Point","coordinates":[-86.28735959,39.78184371]},"properties":{"name":"Chapelwood Elementary School","assetType":"Public Elementary And Junior High Schools","dataYear":"2017","assetId":"884916","subcategory":"Education","detail":"https://classic.savi.org/SAVI/PopUps/AssetMoreInfo.aspx?AssetID=884916"}},{"type":"Feature","geometry":{"type":"Point","coordinates":[-86.01626714,39.83095595]},"properties":{"name":"Charles Warren Fairbanks Sch 105","assetType":"Public Elementary And Junior High Schools","dataYear":"2017","assetId":"860301","subcategory":"Education","detail":"https://classic.savi.org/SAVI/PopUps/AssetMoreInfo.aspx?AssetID=860301"}},{"type":"Feature","geometry":{"type":"Point","coordinates":[-86.09008806,39.76027566]},"properties":{"name":"Christian Park School 82","assetType":"Public Elementary And Junior High Schools","dataYear":"2017","assetId":"860308","subcategory":"Education","detail":"https://classic.savi.org/SAVI/PopUps/AssetMoreInfo.aspx?AssetID=860308"}},{"type":"Feature","geometry":{"type":"Point","coordinates":[-86.23379856,39.81079192]},"properties":{"name":"Clarence Farrington School 61","assetType":"Public Elementary And Junior High Schools","dataYear":"2017","assetId":"860189","subcategory":"Education","detail":"https://classic.savi.org/SAVI/PopUps/AssetMoreInfo.aspx?AssetID=860189"}},{"type":"Feature","geometry":{"type":"Point","coordinates":[-86.78725945,39.51236382]},"properties":{"name":"Cloverdale Middle School","assetType":"Public Elementary And Junior High Schools","dataYear":"2017","assetId":"860212","subcategory":"Education","detail":"https://classic.savi.org/SAVI/PopUps/AssetMoreInfo.aspx?AssetID=860212"}},{"type":"Feature","geometry":{"type":"Point","coordinates":[-86.20124031,39.82188394]},"properties":{"name":"Cold Spring School","assetType":"Public Elementary And Junior High Schools","dataYear":"2017","assetId":"860321","subcategory":"Education","detail":"https://classic.savi.org/SAVI/PopUps/AssetMoreInfo.aspx?AssetID=860321"}},{"type":"Feature","geometry":{"type":"Point","coordinates":[-85.97249725,39.75529118]},"properties":{"name":"Creston Intermediate Academy","assetType":"Public Elementary And Junior High Schools","dataYear":"2017","assetId":"860235","subcategory":"Education","detail":"https://classic.savi.org/SAVI/PopUps/AssetMoreInfo.aspx?AssetID=860235"}},{"type":"Feature","geometry":{"type":"Point","coordinates":[-86.03433781,39.88453271]},"properties":{"name":"Crestview Elementary School","assetType":"Public Elementary And Junior High Schools","dataYear":"2017","assetId":"860370","subcategory":"Education","detail":"https://classic.savi.org/SAVI/PopUps/AssetMoreInfo.aspx?AssetID=860370"}},{"type":"Feature","geometry":{"type":"Point","coordinates":[-86.0827105,39.48036004]},"properties":{"name":"Custer Baker Intermediate School","assetType":"Public Elementary And Junior High Schools","dataYear":"2017","assetId":"860468","subcategory":"Education","detail":"https://classic.savi.org/SAVI/PopUps/AssetMoreInfo.aspx?AssetID=860468"}},{"type":"Feature","geometry":{"type":"Point","coordinates":[-86.18963232,39.74661427]},"properties":{"name":"Daniel Webster School 46","assetType":"Public Elementary And Junior High Schools","dataYear":"2017","assetId":"860150","subcategory":"Education","detail":"https://classic.savi.org/SAVI/PopUps/AssetMoreInfo.aspx?AssetID=860150"}},{"type":"Feature","geometry":{"type":"Point","coordinates":[-86.54537672,39.75292287]},"properties":{"name":"Danville Middle School","assetType":"Public Elementary And Junior High Schools","dataYear":"2017","assetId":"860169","subcategory":"Education","detail":"https://classic.savi.org/SAVI/PopUps/AssetMoreInfo.aspx?AssetID=860169"}},{"type":"Feature","geometry":{"type":"Point","coordinates":[-85.65614213,40.00263881]},"properties":{"name":"East Elementary School","assetType":"Public Elementary And Junior High Schools","dataYear":"2017","assetId":"860466","subcategory":"Education","detail":"https://classic.savi.org/SAVI/PopUps/AssetMoreInfo.aspx?AssetID=860466"}},{"type":"Feature","geometry":{"type":"Point","coordinates":[-86.17633903,39.75738324]},"properties":{"name":"Edison School of the Arts 47","assetType":"Public Elementary And Junior High Schools","dataYear":"2017","assetId":"860148","subcategory":"Education","detail":"https://classic.savi.org/SAVI/PopUps/AssetMoreInfo.aspx?AssetID=860148"}},{"type":"Feature","geometry":{"type":"Point","coordinates":[-86.17925896,39.80334595]},"properties":{"name":"Elder W Diggs School 42","assetType":"Public Elementary And Junior High Schools","dataYear":"2017","assetId":"860316","subcategory":"Education","detail":"https://classic.savi.org/SAVI/PopUps/AssetMoreInfo.aspx?AssetID=860316"}},{"type":"Feature","geometry":{"type":"Point","coordinates":[-86.13581479,39.73553571]},"properties":{"name":"Eleanor Skillen School 34","assetType":"Public Elementary And Junior High Schools","dataYear":"2017","assetId":"860318","subcategory":"Education","detail":"https://classic.savi.org/SAVI/PopUps/AssetMoreInfo.aspx?AssetID=860318"}},{"type":"Feature","geometry":{"type":"Point","coordinates":[-86.1352384,39.85082455]},"properties":{"name":"Eliza A Blaker School 55","assetType":"Public Elementary And Junior High Schools","dataYear":"2017","assetId":"860350","subcategory":"Education","detail":"https://classic.savi.org/SAVI/PopUps/AssetMoreInfo.aspx?AssetID=860350"}},{"type":"Feature","geometry":{"type":"Point","coordinates":[-85.8355363,40.29042312]},"properties":{"name":"Elwood Intermediate School","assetType":"Public Elementary And Junior High Schools","dataYear":"2017","assetId":"860327","subcategory":"Education","detail":"https://classic.savi.org/SAVI/PopUps/AssetMoreInfo.aspx?AssetID=860327"}},{"type":"Feature","geometry":{"type":"Point","coordinates":[-86.13576175,39.72386182]},"properties":{"name":"Emma Donnan Elementary School","assetType":"Public Elementary And Junior High Schools","dataYear":"2017","assetId":"860302","subcategory":"Education","detail":"https://classic.savi.org/SAVI/PopUps/AssetMoreInfo.aspx?AssetID=860302"}},{"type":"Feature","geometry":{"type":"Point","coordinates":[-86.21469889,39.79014046]},"properties":{"name":"Ernie Pyle School 90","assetType":"Public Elementary And Junior High Schools","dataYear":"2017","assetId":"860305","subcategory":"Education","detail":"https://classic.savi.org/SAVI/PopUps/AssetMoreInfo.aspx?AssetID=860305"}},{"type":"Feature","geometry":{"type":"Point","coordinates":[-85.91647253,39.96385647]},"properties":{"name":"Fall Creek Intermediate School","assetType":"Public Elementary And Junior High Schools","dataYear":"2017","assetId":"860334","subcategory":"Education","detail":"https://classic.savi.org/SAVI/PopUps/AssetMoreInfo.aspx?AssetID=860334"}},{"type":"Feature","geometry":{"type":"Point","coordinates":[-86.08566305,39.83364049]},"properties":{"name":"Floro Torrence School 83","assetType":"Public Elementary And Junior High Schools","dataYear":"2017","assetId":"860307","subcategory":"Education","detail":"https://classic.savi.org/SAVI/PopUps/AssetMoreInfo.aspx?AssetID=860307"}},{"type":"Feature","geometry":{"type":"Point","coordinates":[-85.99981141,39.87261274]},"properties":{"name":"Forest Glen Elementary School","assetType":"Public Elementary And Junior High Schools","dataYear":"2017","assetId":"860366","subcategory":"Education","detail":"https://classic.savi.org/SAVI/PopUps/AssetMoreInfo.aspx?AssetID=860366"}},{"type":"Feature","geometry":{"type":"Point","coordinates":[-86.1363282,39.80095705]},"properties":{"name":"Francis W Parker School 56","assetType":"Public Elementary And Junior High Schools","dataYear":"2017","assetId":"860149","subcategory":"Education","detail":"https://classic.savi.org/SAVI/PopUps/AssetMoreInfo.aspx?AssetID=860149"}},{"type":"Feature","geometry":{"type":"Point","coordinates":[-86.26070851,39.80378716]},"properties":{"name":"Frank H Wheeler Elementary Sch 4","assetType":"Public Elementary And Junior High Schools","dataYear":"2017","assetId":"860185","subcategory":"Education","detail":"https://classic.savi.org/SAVI/PopUps/AssetMoreInfo.aspx?AssetID=860185"}},{"type":"Feature","geometry":{"type":"Point","coordinates":[-85.76396908,40.21860167]},"properties":{"name":"Frankton Elementary School","assetType":"Public Elementary And Junior High Schools","dataYear":"2017","assetId":"884912","subcategory":"Education","detail":"https://classic.savi.org/SAVI/PopUps/AssetMoreInfo.aspx?AssetID=884912"}},{"type":"Feature","geometry":{"type":"Point","coordinates":[-86.12917755,39.73962722]},"properties":{"name":"Frederick Douglass School 19","assetType":"Public Elementary And Junior High Schools","dataYear":"2017","assetId":"860253","subcategory":"Education","detail":"https://classic.savi.org/SAVI/PopUps/AssetMoreInfo.aspx?AssetID=860253"}},{"type":"Feature","geometry":{"type":"Point","coordinates":[-86.24359648,39.7647679]},"properties":{"name":"Garden City Elementary School","assetType":"Public Elementary And Junior High Schools","dataYear":"2017","assetId":"860322","subcategory":"Education","detail":"https://classic.savi.org/SAVI/PopUps/AssetMoreInfo.aspx?AssetID=860322"}},{"type":"Feature","geometry":{"type":"Point","coordinates":[-86.04160112,39.82025742]},"properties":{"name":"George H Fisher School 93","assetType":"Public Elementary And Junior High Schools","dataYear":"2017","assetId":"860304","subcategory":"Education","detail":"https://classic.savi.org/SAVI/PopUps/AssetMoreInfo.aspx?AssetID=860304"}},{"type":"Feature","geometry":{"type":"Point","coordinates":[-86.02162441,39.80680962]},"properties":{"name":"George S Buck School 94","assetType":"Public Elementary And Junior High Schools","dataYear":"2017","assetId":"860296","subcategory":"Education","detail":"https://classic.savi.org/SAVI/PopUps/AssetMoreInfo.aspx?AssetID=860296"}},{"type":"Feature","geometry":{"type":"Point","coordinates":[-86.0744765,39.76990704]},"properties":{"name":"George W Julian School 57","assetType":"Public Elementary And Junior High Schools","dataYear":"2017","assetId":"860349","subcategory":"Education","detail":"https://classic.savi.org/SAVI/PopUps/AssetMoreInfo.aspx?AssetID=860349"}},{"type":"Feature","geometry":{"type":"Point","coordinates":[-86.1674137,39.80132044]},"properties":{"name":"George Washington Carver School 87","assetType":"Public Elementary And Junior High Schools","dataYear":"2017","assetId":"860146","subcategory":"Education","detail":"https://classic.savi.org/SAVI/PopUps/AssetMoreInfo.aspx?AssetID=860146"}},{"type":"Feature","geometry":{"type":"Point","coordinates":[-86.24817189,39.68225796]},"properties":{"name":"Gold Academy","assetType":"Public Elementary And Junior High Schools","dataYear":"2017","assetId":"860326","subcategory":"Education","detail":"https://classic.savi.org/SAVI/PopUps/AssetMoreInfo.aspx?AssetID=860326"}},{"type":"Feature","geometry":{"type":"Point","coordinates":[-86.62211808,39.96550524]},"properties":{"name":"Granville Wells Elementary School","assetType":"Public Elementary And Junior High Schools","dataYear":"2017","assetId":"860474","subcategory":"Education","detail":"https://classic.savi.org/SAVI/PopUps/AssetMoreInfo.aspx?AssetID=860474"}},{"type":"Feature","geometry":{"type":"Point","coordinates":[-85.77266484,39.79255996]},"properties":{"name":"Greenfield Intermediate School","assetType":"Public Elementary And Junior High Schools","dataYear":"2017","assetId":"860471","subcategory":"Education","detail":"https://classic.savi.org/SAVI/PopUps/AssetMoreInfo.aspx?AssetID=860471"}},{"type":"Feature","geometry":{"type":"Point","coordinates":[-85.87860231,39.96831461]},"properties":{"name":"Hamilton SE Int and Jr High Sch","assetType":"Public Elementary And Junior High Schools","dataYear":"2017","assetId":"860178","subcategory":"Education","detail":"https://classic.savi.org/SAVI/PopUps/AssetMoreInfo.aspx?AssetID=860178"}},{"type":"Feature","geometry":{"type":"Point","coordinates":[-86.03658216,39.85001056]},"properties":{"name":"Harrison Hill Elementary School","assetType":"Public Elementary And Junior High Schools","dataYear":"2017","assetId":"860368","subcategory":"Education","detail":"https://classic.savi.org/SAVI/PopUps/AssetMoreInfo.aspx?AssetID=860368"}},{"type":"Feature","geometry":{"type":"Point","coordinates":[-86.15448461,39.81649114]},"properties":{"name":"IPS Butler University Lab Sch 60","assetType":"Public Elementary And Junior High Schools","dataYear":"2017","assetId":"860347","subcategory":"Education","detail":"https://classic.savi.org/SAVI/PopUps/AssetMoreInfo.aspx?AssetID=860347"}},{"type":"Feature","geometry":{"type":"Point","coordinates":[-85.97635974,39.85449336]},"properties":{"name":"Indian Creek Elementary School","assetType":"Public Elementary And Junior High Schools","dataYear":"2017","assetId":"860367","subcategory":"Education","detail":"https://classic.savi.org/SAVI/PopUps/AssetMoreInfo.aspx?AssetID=860367"}},{"type":"Feature","geometry":{"type":"Point","coordinates":[-86.2499126,39.79664368]},"properties":{"name":"James A Allison Elementary Sch 3","assetType":"Public Elementary And Junior High Schools","dataYear":"2017","assetId":"860188","subcategory":"Education","detail":"https://classic.savi.org/SAVI/PopUps/AssetMoreInfo.aspx?AssetID=860188"}},{"type":"Feature","geometry":{"type":"Point","coordinates":[-86.15248658,39.74507676]},"properties":{"name":"James A Garfield School 31","assetType":"Public Elementary And Junior High Schools","dataYear":"2017","assetId":"860255","subcategory":"Education","detail":"https://classic.savi.org/SAVI/PopUps/AssetMoreInfo.aspx?AssetID=860255"}},{"type":"Feature","geometry":{"type":"Point","coordinates":[-86.10834466,39.79937345]},"properties":{"name":"James Russell Lowell School 51","assetType":"Public Elementary And Junior High Schools","dataYear":"2017","assetId":"860352","subcategory":"Education","detail":"https://classic.savi.org/SAVI/PopUps/AssetMoreInfo.aspx?AssetID=860352"}},{"type":"Feature","geometry":{"type":"Point","coordinates":[-86.16099967,39.82837991]},"properties":{"name":"James Whitcomb Riley School 43","assetType":"Public Elementary And Junior High Schools","dataYear":"2017","assetId":"860315","subcategory":"Education","detail":"https://classic.savi.org/SAVI/PopUps/AssetMoreInfo.aspx?AssetID=860315"}},{"type":"Feature","geometry":{"type":"Point","coordinates":[-86.26807766,39.8292028]},"properties":{"name":"Jonathan Jennings School 109","assetType":"Public Elementary And Junior High Schools","dataYear":"2017","assetId":"860298","subcategory":"Education","detail":"https://classic.savi.org/SAVI/PopUps/AssetMoreInfo.aspx?AssetID=860298"}},{"type":"Feature","geometry":{"type":"Point","coordinates":[-86.12118787,39.81904881]},"properties":{"name":"Joyce Kilmer School 69","assetType":"Public Elementary And Junior High Schools","dataYear":"2017","assetId":"860311","subcategory":"Education","detail":"https://classic.savi.org/SAVI/PopUps/AssetMoreInfo.aspx?AssetID=860311"}},{"type":"Feature","geometry":{"type":"Point","coordinates":[-86.26866895,39.81460372]},"properties":{"name":"Lew Wallace School 107","assetType":"Public Elementary And Junior High Schools","dataYear":"2017","assetId":"860299","subcategory":"Education","detail":"https://classic.savi.org/SAVI/PopUps/AssetMoreInfo.aspx?AssetID=860299"}},{"type":"Feature","geometry":{"type":"Point","coordinates":[-86.14916252,39.8192915]},"properties":{"name":"Louis B Russell Jr School 48","assetType":"Public Elementary And Junior High Schools","dataYear":"2017","assetId":"860313","subcategory":"Education","detail":"https://classic.savi.org/SAVI/PopUps/AssetMoreInfo.aspx?AssetID=860313"}},{"type":"Feature","geometry":{"type":"Point","coordinates":[-85.79847473,39.97971404]},"properties":{"name":"Maple Ridge Elementary School","assetType":"Public Elementary And Junior High Schools","dataYear":"2017","assetId":"860329","subcategory":"Education","detail":"https://classic.savi.org/SAVI/PopUps/AssetMoreInfo.aspx?AssetID=860329"}},{"type":"Feature","geometry":{"type":"Point","coordinates":[-86.24469964,39.74391875]},"properties":{"name":"Maplewood Elementary School","assetType":"Public Elementary And Junior High Schools","dataYear":"2017","assetId":"860324","subcategory":"Education","detail":"https://classic.savi.org/SAVI/PopUps/AssetMoreInfo.aspx?AssetID=860324"}},{"type":"Feature","geometry":{"type":"Point","coordinates":[-86.01783579,39.9081312]},"properties":{"name":"Mary Evelyn Castle Elementary Sch","assetType":"Public Elementary And Junior High Schools","dataYear":"2017","assetId":"860464","subcategory":"Education","detail":"https://classic.savi.org/SAVI/PopUps/AssetMoreInfo.aspx?AssetID=860464"}},{"type":"Feature","geometry":{"type":"Point","coordinates":[-85.77125929,39.85901503]},"properties":{"name":"Maxwell Intermediate School","assetType":"Public Elementary And Junior High Schools","dataYear":"2017","assetId":"860472","subcategory":"Education","detail":"https://classic.savi.org/SAVI/PopUps/AssetMoreInfo.aspx?AssetID=860472"}},{"type":"Feature","geometry":{"type":"Point","coordinates":[-86.27761109,39.75075225]},"properties":{"name":"McClelland Elementary School","assetType":"Public Elementary And Junior High Schools","dataYear":"2017","assetId":"860362","subcategory":"Education","detail":"https://classic.savi.org/SAVI/PopUps/AssetMoreInfo.aspx?AssetID=860362"}},{"type":"Feature","geometry":{"type":"Point","coordinates":[-86.26285219,39.82155092]},"properties":{"name":"Meredith Nicholson School 96","assetType":"Public Elementary And Junior High Schools","dataYear":"2017","assetId":"860303","subcategory":"Education","detail":"https://classic.savi.org/SAVI/PopUps/AssetMoreInfo.aspx?AssetID=860303"}},{"type":"Feature","geometry":{"type":"Point","coordinates":[-86.12182122,39.86242978]},"properties":{"name":"Merle Sidener Gifted Academy","assetType":"Public Elementary And Junior High Schools","dataYear":"2017","assetId":"860147","subcategory":"Education","detail":"https://classic.savi.org/SAVI/PopUps/AssetMoreInfo.aspx?AssetID=860147"}},{"type":"Feature","geometry":{"type":"Point","coordinates":[-86.35875258,39.60452895]},"properties":{"name":"Neil Armstrong Elementary School","assetType":"Public Elementary And Junior High Schools","dataYear":"2017","assetId":"884927","subcategory":"Education","detail":"https://classic.savi.org/SAVI/PopUps/AssetMoreInfo.aspx?AssetID=884927"}},{"type":"Feature","geometry":{"type":"Point","coordinates":[-85.89348468,39.71618039]},"properties":{"name":"New Palestine Elementary School","assetType":"Public Elementary And Junior High Schools","dataYear":"2017","assetId":"884918","subcategory":"Education","detail":"https://classic.savi.org/SAVI/PopUps/AssetMoreInfo.aspx?AssetID=884918"}},{"type":"Feature","geometry":{"type":"Point","coordinates":[-86.38228336,39.61512914]},"properties":{"name":"Newby Memorial Elementary School","assetType":"Public Elementary And Junior High Schools","dataYear":"2017","assetId":"860181","subcategory":"Education","detail":"https://classic.savi.org/SAVI/PopUps/AssetMoreInfo.aspx?AssetID=860181"}},{"type":"Feature","geometry":{"type":"Point","coordinates":[-86.28878156,39.61217012]},"properties":{"name":"North Madison Elementary School","assetType":"Public Elementary And Junior High Schools","dataYear":"2017","assetId":"860294","subcategory":"Education","detail":"https://classic.savi.org/SAVI/PopUps/AssetMoreInfo.aspx?AssetID=860294"}},{"type":"Feature","geometry":{"type":"Point","coordinates":[-86.28287293,39.81697717]},"properties":{"name":"North Wayne Elementary School","assetType":"Public Elementary And Junior High Schools","dataYear":"2017","assetId":"860359","subcategory":"Education","detail":"https://classic.savi.org/SAVI/PopUps/AssetMoreInfo.aspx?AssetID=860359"}},{"type":"Feature","geometry":{"type":"Point","coordinates":[-86.37507121,39.62073016]},"properties":{"name":"Northwood Elementary School","assetType":"Public Elementary And Junior High Schools","dataYear":"2017","assetId":"860293","subcategory":"Education","detail":"https://classic.savi.org/SAVI/PopUps/AssetMoreInfo.aspx?AssetID=860293"}},{"type":"Feature","geometry":{"type":"Point","coordinates":[-85.95720041,39.87933261]},"properties":{"name":"Oaklandon Elementary School","assetType":"Public Elementary And Junior High Schools","dataYear":"2017","assetId":"860364","subcategory":"Education","detail":"https://classic.savi.org/SAVI/PopUps/AssetMoreInfo.aspx?AssetID=860364"}},{"type":"Feature","geometry":{"type":"Point","coordinates":[-86.0867598,39.73665256]},"properties":{"name":"Paul I Miller School 114","assetType":"Public Elementary And Junior High Schools","dataYear":"2017","assetId":"860297","subcategory":"Education","detail":"https://classic.savi.org/SAVI/PopUps/AssetMoreInfo.aspx?AssetID=860297"}},{"type":"Feature","geometry":{"type":"Point","coordinates":[-85.74099977,39.99869713]},"properties":{"name":"Pendleton Elementary School","assetType":"Public Elementary And Junior High Schools","dataYear":"2017","assetId":"860465","subcategory":"Education","detail":"https://classic.savi.org/SAVI/PopUps/AssetMoreInfo.aspx?AssetID=860465"}},{"type":"Feature","geometry":{"type":"Point","coordinates":[-86.00168849,39.82848245]},"properties":{"name":"Phalen at Francis Scott Key 103","assetType":"Public Elementary And Junior High Schools","dataYear":"2017","assetId":"860289","subcategory":"Education","detail":"https://classic.savi.org/SAVI/PopUps/AssetMoreInfo.aspx?AssetID=860289"}},{"type":"Feature","geometry":{"type":"Point","coordinates":[-86.09226674,39.77265572]},"properties":{"name":"Ralph Waldo Emerson School 58","assetType":"Public Elementary And Junior High Schools","dataYear":"2017","assetId":"860348","subcategory":"Education","detail":"https://classic.savi.org/SAVI/PopUps/AssetMoreInfo.aspx?AssetID=860348"}},{"type":"Feature","geometry":{"type":"Point","coordinates":[-86.12818608,39.70723211]},"properties":{"name":"Raymond F Brandes School 65","assetType":"Public Elementary And Junior High Schools","dataYear":"2017","assetId":"860345","subcategory":"Education","detail":"https://classic.savi.org/SAVI/PopUps/AssetMoreInfo.aspx?AssetID=860345"}},{"type":"Feature","geometry":{"type":"Point","coordinates":[-86.01619765,39.74009561]},"properties":{"name":"Raymond Park Intermediate","assetType":"Public Elementary And Junior High Schools","dataYear":"2017","assetId":"860325","subcategory":"Education","detail":"https://classic.savi.org/SAVI/PopUps/AssetMoreInfo.aspx?AssetID=860325"}},{"type":"Feature","geometry":{"type":"Point","coordinates":[-86.24489054,39.7592933]},"properties":{"name":"Rhoades Elementary School","assetType":"Public Elementary And Junior High Schools","dataYear":"2017","assetId":"860361","subcategory":"Education","detail":"https://classic.savi.org/SAVI/PopUps/AssetMoreInfo.aspx?AssetID=860361"}},{"type":"Feature","geometry":{"type":"Point","coordinates":[-86.06141067,39.94805761]},"properties":{"name":"Riverside Intermediate School","assetType":"Public Elementary And Junior High Schools","dataYear":"2017","assetId":"860333","subcategory":"Education","detail":"https://classic.savi.org/SAVI/PopUps/AssetMoreInfo.aspx?AssetID=860333"}},{"type":"Feature","geometry":{"type":"Point","coordinates":[-86.1841583,39.79482091]},"properties":{"name":"Riverside School 44","assetType":"Public Elementary And Junior High Schools","dataYear":"2017","assetId":"860314","subcategory":"Education","detail":"https://classic.savi.org/SAVI/PopUps/AssetMoreInfo.aspx?AssetID=860314"}},{"type":"Feature","geometry":{"type":"Point","coordinates":[-86.07141804,39.84936443]},"properties":{"name":"Robert Lee Frost School 106","assetType":"Public Elementary And Junior High Schools","dataYear":"2017","assetId":"860300","subcategory":"Education","detail":"https://classic.savi.org/SAVI/PopUps/AssetMoreInfo.aspx?AssetID=860300"}},{"type":"Feature","geometry":{"type":"Point","coordinates":[-86.3167759,39.80940251]},"properties":{"name":"Robey Elementary School","assetType":"Public Elementary And Junior High Schools","dataYear":"2017","assetId":"860360","subcategory":"Education","detail":"https://classic.savi.org/SAVI/PopUps/AssetMoreInfo.aspx?AssetID=860360"}},{"type":"Feature","geometry":{"type":"Point","coordinates":[-86.1265594,39.84556892]},"properties":{"name":"Rousseau McClellan School 91","assetType":"Public Elementary And Junior High Schools","dataYear":"2017","assetId":"860145","subcategory":"Education","detail":"https://classic.savi.org/SAVI/PopUps/AssetMoreInfo.aspx?AssetID=860145"}},{"type":"Feature","geometry":{"type":"Point","coordinates":[-85.9612859,39.9811435]},"properties":{"name":"Sand Creek Intermediate School","assetType":"Public Elementary And Junior High Schools","dataYear":"2017","assetId":"860335","subcategory":"Education","detail":"https://classic.savi.org/SAVI/PopUps/AssetMoreInfo.aspx?AssetID=860335"}},{"type":"Feature","geometry":{"type":"Point","coordinates":[-86.04960893,39.88193581]},"properties":{"name":"Skiles Test Elementary School","assetType":"Public Elementary And Junior High Schools","dataYear":"2017","assetId":"860363","subcategory":"Education","detail":"https://classic.savi.org/SAVI/PopUps/AssetMoreInfo.aspx?AssetID=860363"}},{"type":"Feature","geometry":{"type":"Point","coordinates":[-86.41530395,39.40679293]},"properties":{"name":"South Elementary School","assetType":"Public Elementary And Junior High Schools","dataYear":"2017","assetId":"860183","subcategory":"Education","detail":"https://classic.savi.org/SAVI/PopUps/AssetMoreInfo.aspx?AssetID=860183"}},{"type":"Feature","geometry":{"type":"Point","coordinates":[-86.09195069,39.70770947]},"properties":{"name":"South Grove Intermediate School","assetType":"Public Elementary And Junior High Schools","dataYear":"2017","assetId":"860354","subcategory":"Education","detail":"https://classic.savi.org/SAVI/PopUps/AssetMoreInfo.aspx?AssetID=860354"}},{"type":"Feature","geometry":{"type":"Point","coordinates":[-85.84588201,39.44098]},"properties":{"name":"Southwestern Elementary School","assetType":"Public Elementary And Junior High Schools","dataYear":"2017","assetId":"860291","subcategory":"Education","detail":"https://classic.savi.org/SAVI/PopUps/AssetMoreInfo.aspx?AssetID=860291"}},{"type":"Feature","geometry":{"type":"Point","coordinates":[-86.22968937,39.71236812]},"properties":{"name":"Stephen Decatur Elementary School","assetType":"Public Elementary And Junior High Schools","dataYear":"2017","assetId":"860242","subcategory":"Education","detail":"https://classic.savi.org/SAVI/PopUps/AssetMoreInfo.aspx?AssetID=860242"}},{"type":"Feature","geometry":{"type":"Point","coordinates":[-86.22132314,39.77613516]},"properties":{"name":"Stephen Foster School 67","assetType":"Public Elementary And Junior High Schools","dataYear":"2017","assetId":"860312","subcategory":"Education","detail":"https://classic.savi.org/SAVI/PopUps/AssetMoreInfo.aspx?AssetID=860312"}},{"type":"Feature","geometry":{"type":"Point","coordinates":[-85.96798701,39.8079477]},"properties":{"name":"Stonybrook Intermediate Academy","assetType":"Public Elementary And Junior High Schools","dataYear":"2017","assetId":"860234","subcategory":"Education","detail":"https://classic.savi.org/SAVI/PopUps/AssetMoreInfo.aspx?AssetID=860234"}},{"type":"Feature","geometry":{"type":"Point","coordinates":[-86.22594599,39.73163393]},"properties":{"name":"Stout Field Elementary School","assetType":"Public Elementary And Junior High Schools","dataYear":"2017","assetId":"860358","subcategory":"Education","detail":"https://classic.savi.org/SAVI/PopUps/AssetMoreInfo.aspx?AssetID=860358"}},{"type":"Feature","geometry":{"type":"Point","coordinates":[-85.91206583,39.75068303]},"properties":{"name":"Sugar Creek Elementary Sch","assetType":"Public Elementary And Junior High Schools","dataYear":"2017","assetId":"884909","subcategory":"Education","detail":"https://classic.savi.org/SAVI/PopUps/AssetMoreInfo.aspx?AssetID=884909"}},{"type":"Feature","geometry":{"type":"Point","coordinates":[-85.63875799,40.33749943]},"properties":{"name":"Summitville School","assetType":"Public Elementary And Junior High Schools","dataYear":"2017","assetId":"860336","subcategory":"Education","detail":"https://classic.savi.org/SAVI/PopUps/AssetMoreInfo.aspx?AssetID=860336"}},{"type":"Feature","geometry":{"type":"Point","coordinates":[-85.97311539,39.87481749]},"properties":{"name":"Sunnyside Elementary School","assetType":"Public Elementary And Junior High Schools","dataYear":"2017","assetId":"860238","subcategory":"Education","detail":"https://classic.savi.org/SAVI/PopUps/AssetMoreInfo.aspx?AssetID=860238"}},{"type":"Feature","geometry":{"type":"Point","coordinates":[-86.13138106,39.78070311]},"properties":{"name":"Theodore Potter School 74","assetType":"Public Elementary And Junior High Schools","dataYear":"2017","assetId":"860310","subcategory":"Education","detail":"https://classic.savi.org/SAVI/PopUps/AssetMoreInfo.aspx?AssetID=860310"}},{"type":"Feature","geometry":{"type":"Point","coordinates":[-86.12191846,39.77526722]},"properties":{"name":"Thomas D Gregg School 15","assetType":"Public Elementary And Junior High Schools","dataYear":"2017","assetId":"860319","subcategory":"Education","detail":"https://classic.savi.org/SAVI/PopUps/AssetMoreInfo.aspx?AssetID=860319"}},{"type":"Feature","geometry":{"type":"Point","coordinates":[-86.60803718,40.12386896]},"properties":{"name":"Thorntown Elementary School","assetType":"Public Elementary And Junior High Schools","dataYear":"2017","assetId":"860338","subcategory":"Education","detail":"https://classic.savi.org/SAVI/PopUps/AssetMoreInfo.aspx?AssetID=860338"}},{"type":"Feature","geometry":{"type":"Point","coordinates":[-85.870276,39.61287002]},"properties":{"name":"Triton Central Middle School","assetType":"Public Elementary And Junior High Schools","dataYear":"2017","assetId":"860141","subcategory":"Education","detail":"https://classic.savi.org/SAVI/PopUps/AssetMoreInfo.aspx?AssetID=860141"}},{"type":"Feature","geometry":{"type":"Point","coordinates":[-86.26846808,39.68943743]},"properties":{"name":"Valley Mills Elementary School","assetType":"Public Elementary And Junior High Schools","dataYear":"2017","assetId":"860241","subcategory":"Education","detail":"https://classic.savi.org/SAVI/PopUps/AssetMoreInfo.aspx?AssetID=860241"}},{"type":"Feature","geometry":{"type":"Point","coordinates":[-86.13695737,39.76851684]},"properties":{"name":"Washington Irving School 14","assetType":"Public Elementary And Junior High Schools","dataYear":"2017","assetId":"860320","subcategory":"Education","detail":"https://classic.savi.org/SAVI/PopUps/AssetMoreInfo.aspx?AssetID=860320"}},{"type":"Feature","geometry":{"type":"Point","coordinates":[-86.26745183,39.55385733]},"properties":{"name":"Waverly Elementary School","assetType":"Public Elementary And Junior High Schools","dataYear":"2017","assetId":"860292","subcategory":"Education","detail":"https://classic.savi.org/SAVI/PopUps/AssetMoreInfo.aspx?AssetID=860292"}},{"type":"Feature","geometry":{"type":"Point","coordinates":[-86.19595748,39.7840988]},"properties":{"name":"Wendell Phillips School 63","assetType":"Public Elementary And Junior High Schools","dataYear":"2017","assetId":"860346","subcategory":"Education","detail":"https://classic.savi.org/SAVI/PopUps/AssetMoreInfo.aspx?AssetID=860346"}},{"type":"Feature","geometry":{"type":"Point","coordinates":[-86.27892786,39.65324566]},"properties":{"name":"West Newton Elementary School","assetType":"Public Elementary And Junior High Schools","dataYear":"2017","assetId":"884924","subcategory":"Education","detail":"https://classic.savi.org/SAVI/PopUps/AssetMoreInfo.aspx?AssetID=884924"}},{"type":"Feature","geometry":{"type":"Point","coordinates":[-86.13357173,40.04598142]},"properties":{"name":"Westfield Intermediate School","assetType":"Public Elementary And Junior High Schools","dataYear":"2017","assetId":"860332","subcategory":"Education","detail":"https://classic.savi.org/SAVI/PopUps/AssetMoreInfo.aspx?AssetID=860332"}},{"type":"Feature","geometry":{"type":"Point","coordinates":[-86.27713631,39.77004455]},"properties":{"name":"Westlake Elementary School","assetType":"Public Elementary And Junior High Schools","dataYear":"2017","assetId":"860357","subcategory":"Education","detail":"https://classic.savi.org/SAVI/PopUps/AssetMoreInfo.aspx?AssetID=860357"}},{"type":"Feature","geometry":{"type":"Point","coordinates":[-86.12965077,39.75848682]},"properties":{"name":"William McKinley School 39","assetType":"Public Elementary And Junior High Schools","dataYear":"2017","assetId":"860317","subcategory":"Education","detail":"https://classic.savi.org/SAVI/PopUps/AssetMoreInfo.aspx?AssetID=860317"}},{"type":"Feature","geometry":{"type":"Point","coordinates":[-86.19104126,39.75431223]},"properties":{"name":"William Penn School 49","assetType":"Public Elementary And Junior High Schools","dataYear":"2017","assetId":"860353","subcategory":"Education","detail":"https://classic.savi.org/SAVI/PopUps/AssetMoreInfo.aspx?AssetID=860353"}},{"type":"Feature","geometry":{"type":"Point","coordinates":[-85.95611185,39.84017822]},"properties":{"name":"Winding Ridge Elementary School","assetType":"Public Elementary And Junior High Schools","dataYear":"2017","assetId":"860365","subcategory":"Education","detail":"https://classic.savi.org/SAVI/PopUps/AssetMoreInfo.aspx?AssetID=860365"}},{"type":"Feature","geometry":{"type":"Point","coordinates":[-86.28443497,39.96018932]},"properties":{"name":"Zionsville Middle School","assetType":"Public Elementary And Junior High Schools","dataYear":"2017","assetId":"860287","subcategory":"Education","detail":"https://classic.savi.org/SAVI/PopUps/AssetMoreInfo.aspx?AssetID=860287"}},{"type":"Feature","geometry":{"type":"Point","coordinates":[-86.33516615,39.95972479]},"properties":{"name":"Zionsville West Middle School","assetType":"Public Elementary And Junior High Schools","dataYear":"2017","assetId":"860288","subcategory":"Education","detail":"https://classic.savi.org/SAVI/PopUps/AssetMoreInfo.aspx?AssetID=860288"}},{"type":"Feature","geometry":{"type":"Point","coordinates":[-86.16569561,39.68885507]},"properties":{"name":"Abraham Lincoln Elementary School","assetType":"Public Elementary Schools","dataYear":"2018","assetId":"925723","subcategory":"Education","detail":"https://classic.savi.org/SAVI/PopUps/AssetMoreInfo.aspx?AssetID=925723"}},{"type":"Feature","geometry":{"type":"Point","coordinates":[-85.97124332,39.6527629]},"properties":{"name":"Acton Elementary School","assetType":"Public Elementary Schools","dataYear":"2018","assetId":"925677","subcategory":"Education","detail":"https://classic.savi.org/SAVI/PopUps/AssetMoreInfo.aspx?AssetID=925677"}},{"type":"Feature","geometry":{"type":"Point","coordinates":[-85.68178305,40.26946887]},"properties":{"name":"Alexandria-Monroe Elementary","assetType":"Public Elementary Schools","dataYear":"2018","assetId":"925692","subcategory":"Education","detail":"https://classic.savi.org/SAVI/PopUps/AssetMoreInfo.aspx?AssetID=925692"}},{"type":"Feature","geometry":{"type":"Point","coordinates":[-85.67792017,40.24926821]},"properties":{"name":"Alexandria-Monroe Intermediate","assetType":"Public Elementary Schools","dataYear":"2018","assetId":"925693","subcategory":"Education","detail":"https://classic.savi.org/SAVI/PopUps/AssetMoreInfo.aspx?AssetID=925693"}},{"type":"Feature","geometry":{"type":"Point","coordinates":[-86.08660094,39.89782048]},"properties":{"name":"Allisonville Elementary School","assetType":"Public Elementary Schools","dataYear":"2018","assetId":"925706","subcategory":"Education","detail":"https://classic.savi.org/SAVI/PopUps/AssetMoreInfo.aspx?AssetID=925706"}},{"type":"Feature","geometry":{"type":"Point","coordinates":[-85.9600803,39.90387819]},"properties":{"name":"Amy Beverland Elementary","assetType":"Public Elementary Schools","dataYear":"2018","assetId":"925729","subcategory":"Education","detail":"https://classic.savi.org/SAVI/PopUps/AssetMoreInfo.aspx?AssetID=925729"}},{"type":"Feature","geometry":{"type":"Point","coordinates":[-85.71122932,40.09593628]},"properties":{"name":"Anderson Elementary School","assetType":"Public Elementary Schools","dataYear":"2018","assetId":"925767","subcategory":"Education","detail":"https://classic.savi.org/SAVI/PopUps/AssetMoreInfo.aspx?AssetID=925767"}},{"type":"Feature","geometry":{"type":"Point","coordinates":[-86.06902307,39.78882063]},"properties":{"name":"Anna Brochhausen School 88","assetType":"Public Elementary Schools","dataYear":"2018","assetId":"925467","subcategory":"Education","detail":"https://classic.savi.org/SAVI/PopUps/AssetMoreInfo.aspx?AssetID=925467"}},{"type":"Feature","geometry":{"type":"Point","coordinates":[-86.06541534,39.68355426]},"properties":{"name":"Arlington Elementary School","assetType":"Public Elementary Schools","dataYear":"2018","assetId":"925676","subcategory":"Education","detail":"https://classic.savi.org/SAVI/PopUps/AssetMoreInfo.aspx?AssetID=925676"}},{"type":"Feature","geometry":{"type":"Point","coordinates":[-86.06705783,39.81079035]},"properties":{"name":"Arlington Woods School 99","assetType":"Public Elementary Schools","dataYear":"2018","assetId":"925560","subcategory":"Education","detail":"https://classic.savi.org/SAVI/PopUps/AssetMoreInfo.aspx?AssetID=925560"}},{"type":"Feature","geometry":{"type":"Point","coordinates":[-86.25698401,39.79197524]},"properties":{"name":"Arthur C Newby Elementary School 2","assetType":"Public Elementary Schools","dataYear":"2018","assetId":"925556","subcategory":"Education","detail":"https://classic.savi.org/SAVI/PopUps/AssetMoreInfo.aspx?AssetID=925556"}},{"type":"Feature","geometry":{"type":"Point","coordinates":[-86.39969266,39.7602395]},"properties":{"name":"Avon Intermediate School East","assetType":"Public Elementary Schools","dataYear":"2018","assetId":"925874","subcategory":"Education","detail":"https://classic.savi.org/SAVI/PopUps/AssetMoreInfo.aspx?AssetID=925874"}},{"type":"Feature","geometry":{"type":"Point","coordinates":[-86.39969266,39.76021757]},"properties":{"name":"Avon Intermediate School West","assetType":"Public Elementary Schools","dataYear":"2018","assetId":"925873","subcategory":"Education","detail":"https://classic.savi.org/SAVI/PopUps/AssetMoreInfo.aspx?AssetID=925873"}},{"type":"Feature","geometry":{"type":"Point","coordinates":[-86.81209406,39.75800878]},"properties":{"name":"Bainbridge Elementary School","assetType":"Public Elementary Schools","dataYear":"2018","assetId":"925437","subcategory":"Education","detail":"https://classic.savi.org/SAVI/PopUps/AssetMoreInfo.aspx?AssetID=925437"}},{"type":"Feature","geometry":{"type":"Point","coordinates":[-86.42425074,39.42544422]},"properties":{"name":"Bell Intermediate Academy","assetType":"Public Elementary Schools","dataYear":"2018","assetId":"925498","subcategory":"Education","detail":"https://classic.savi.org/SAVI/PopUps/AssetMoreInfo.aspx?AssetID=925498"}},{"type":"Feature","geometry":{"type":"Point","coordinates":[-86.24817705,39.68226551]},"properties":{"name":"Blue Academy","assetType":"Public Elementary Schools","dataYear":"2018","assetId":"925681","subcategory":"Education","detail":"https://classic.savi.org/SAVI/PopUps/AssetMoreInfo.aspx?AssetID=925681"}},{"type":"Feature","geometry":{"type":"Point","coordinates":[-86.34591396,39.96024429]},"properties":{"name":"Boone Meadow","assetType":"Public Elementary Schools","dataYear":"2018","assetId":"925918","subcategory":"Education","detail":"https://classic.savi.org/SAVI/PopUps/AssetMoreInfo.aspx?AssetID=925918"}},{"type":"Feature","geometry":{"type":"Point","coordinates":[-85.79289566,39.72710087]},"properties":{"name":"Brandywine Elementary School","assetType":"Public Elementary Schools","dataYear":"2018","assetId":"925831","subcategory":"Education","detail":"https://classic.savi.org/SAVI/PopUps/AssetMoreInfo.aspx?AssetID=925831"}},{"type":"Feature","geometry":{"type":"Point","coordinates":[-86.10290718,39.56325989]},"properties":{"name":"Break-O-Day Elementary School","assetType":"Public Elementary Schools","dataYear":"2018","assetId":"925853","subcategory":"Education","detail":"https://classic.savi.org/SAVI/PopUps/AssetMoreInfo.aspx?AssetID=925853"}},{"type":"Feature","geometry":{"type":"Point","coordinates":[-86.38074938,39.70292601]},"properties":{"name":"Brentwood Elementary School","assetType":"Public Elementary Schools","dataYear":"2018","assetId":"925859","subcategory":"Education","detail":"https://classic.savi.org/SAVI/PopUps/AssetMoreInfo.aspx?AssetID=925859"}},{"type":"Feature","geometry":{"type":"Point","coordinates":[-86.32340529,39.74896464]},"properties":{"name":"Bridgeport Elementary School","assetType":"Public Elementary Schools","dataYear":"2018","assetId":"925539","subcategory":"Education","detail":"https://classic.savi.org/SAVI/PopUps/AssetMoreInfo.aspx?AssetID=925539"}},{"type":"Feature","geometry":{"type":"Point","coordinates":[-86.05017219,39.8491253]},"properties":{"name":"Brook Park Elementary School","assetType":"Public Elementary Schools","dataYear":"2018","assetId":"925670","subcategory":"Education","detail":"https://classic.savi.org/SAVI/PopUps/AssetMoreInfo.aspx?AssetID=925670"}},{"type":"Feature","geometry":{"type":"Point","coordinates":[-86.3675632,39.5421725]},"properties":{"name":"Brooklyn STEM Academy","assetType":"Public Elementary Schools","dataYear":"2018","assetId":"925497","subcategory":"Education","detail":"https://classic.savi.org/SAVI/PopUps/AssetMoreInfo.aspx?AssetID=925497"}},{"type":"Feature","geometry":{"type":"Point","coordinates":[-85.94421338,39.96955667]},"properties":{"name":"Brooks School Elementary","assetType":"Public Elementary Schools","dataYear":"2018","assetId":"926022","subcategory":"Education","detail":"https://classic.savi.org/SAVI/PopUps/AssetMoreInfo.aspx?AssetID=926022"}},{"type":"Feature","geometry":{"type":"Point","coordinates":[-86.11230332,39.78222833]},"properties":{"name":"Brookside School 54","assetType":"Public Elementary Schools","dataYear":"2018","assetId":"925475","subcategory":"Education","detail":"https://classic.savi.org/SAVI/PopUps/AssetMoreInfo.aspx?AssetID=925475"}},{"type":"Feature","geometry":{"type":"Point","coordinates":[-85.95741211,39.78983111]},"properties":{"name":"Brookview Elementary School","assetType":"Public Elementary Schools","dataYear":"2018","assetId":"925643","subcategory":"Education","detail":"https://classic.savi.org/SAVI/PopUps/AssetMoreInfo.aspx?AssetID=925643"}},{"type":"Feature","geometry":{"type":"Point","coordinates":[-86.24507313,39.20330546]},"properties":{"name":"Brown County Intermediate School","assetType":"Public Elementary Schools","dataYear":"2018","assetId":"925910","subcategory":"Education","detail":"https://classic.savi.org/SAVI/PopUps/AssetMoreInfo.aspx?AssetID=925910"}},{"type":"Feature","geometry":{"type":"Point","coordinates":[-86.3894155,39.83710994]},"properties":{"name":"Brown Elementary School","assetType":"Public Elementary Schools","dataYear":"2018","assetId":"925877","subcategory":"Education","detail":"https://classic.savi.org/SAVI/PopUps/AssetMoreInfo.aspx?AssetID=925877"}},{"type":"Feature","geometry":{"type":"Point","coordinates":[-86.38949475,39.83861103]},"properties":{"name":"Brownsburg Early Childhood Center","assetType":"Public Elementary Schools","dataYear":"2018","assetId":"925949","subcategory":"Education","detail":"https://classic.savi.org/SAVI/PopUps/AssetMoreInfo.aspx?AssetID=925949"}},{"type":"Feature","geometry":{"type":"Point","coordinates":[-86.05184315,39.66746471]},"properties":{"name":"Bunker Hill Elementary School","assetType":"Public Elementary Schools","dataYear":"2018","assetId":"925674","subcategory":"Education","detail":"https://classic.savi.org/SAVI/PopUps/AssetMoreInfo.aspx?AssetID=925674"}},{"type":"Feature","geometry":{"type":"Point","coordinates":[-86.38211842,39.81804188]},"properties":{"name":"Cardinal Elementary School","assetType":"Public Elementary Schools","dataYear":"2018","assetId":"925940","subcategory":"Education","detail":"https://classic.savi.org/SAVI/PopUps/AssetMoreInfo.aspx?AssetID=925940"}},{"type":"Feature","geometry":{"type":"Point","coordinates":[-86.10631342,40.0248773]},"properties":{"name":"Carey Ridge Elementary School","assetType":"Public Elementary Schools","dataYear":"2018","assetId":"925976","subcategory":"Education","detail":"https://classic.savi.org/SAVI/PopUps/AssetMoreInfo.aspx?AssetID=925976"}},{"type":"Feature","geometry":{"type":"Point","coordinates":[-86.24762522,39.78504015]},"properties":{"name":"Carl G Fisher Elementary School 1","assetType":"Public Elementary Schools","dataYear":"2018","assetId":"925637","subcategory":"Education","detail":"https://classic.savi.org/SAVI/PopUps/AssetMoreInfo.aspx?AssetID=925637"}},{"type":"Feature","geometry":{"type":"Point","coordinates":[-86.24504954,39.81735719]},"properties":{"name":"Carl Wilde School 79","assetType":"Public Elementary Schools","dataYear":"2018","assetId":"925478","subcategory":"Education","detail":"https://classic.savi.org/SAVI/PopUps/AssetMoreInfo.aspx?AssetID=925478"}},{"type":"Feature","geometry":{"type":"Point","coordinates":[-86.12134516,39.97494135]},"properties":{"name":"Carmel Elementary School","assetType":"Public Elementary Schools","dataYear":"2018","assetId":"925897","subcategory":"Education","detail":"https://classic.savi.org/SAVI/PopUps/AssetMoreInfo.aspx?AssetID=925897"}},{"type":"Feature","geometry":{"type":"Point","coordinates":[-86.39940297,39.75282954]},"properties":{"name":"Cedar Elementary School","assetType":"Public Elementary Schools","dataYear":"2018","assetId":"925938","subcategory":"Education","detail":"https://classic.savi.org/SAVI/PopUps/AssetMoreInfo.aspx?AssetID=925938"}},{"type":"Feature","geometry":{"type":"Point","coordinates":[-86.15007837,39.77711552]},"properties":{"name":"Center For Inquiry School 2","assetType":"Public Elementary Schools","dataYear":"2018","assetId":"925557","subcategory":"Education","detail":"https://classic.savi.org/SAVI/PopUps/AssetMoreInfo.aspx?AssetID=925557"}},{"type":"Feature","geometry":{"type":"Point","coordinates":[-86.19463783,39.57967324]},"properties":{"name":"Center Grove Elementary School","assetType":"Public Elementary Schools","dataYear":"2018","assetId":"925849","subcategory":"Education","detail":"https://classic.savi.org/SAVI/PopUps/AssetMoreInfo.aspx?AssetID=925849"}},{"type":"Feature","geometry":{"type":"Point","coordinates":[-86.14772223,39.79162571]},"properties":{"name":"Center for Inquiry School 27","assetType":"Public Elementary Schools","dataYear":"2018","assetId":"925743","subcategory":"Education","detail":"https://classic.savi.org/SAVI/PopUps/AssetMoreInfo.aspx?AssetID=925743"}},{"type":"Feature","geometry":{"type":"Point","coordinates":[-86.1497249,39.83967214]},"properties":{"name":"Center for Inquiry School 70","assetType":"Public Elementary Schools","dataYear":"2018","assetId":"925581","subcategory":"Education","detail":"https://classic.savi.org/SAVI/PopUps/AssetMoreInfo.aspx?AssetID=925581"}},{"type":"Feature","geometry":{"type":"Point","coordinates":[-86.15090311,39.85723351]},"properties":{"name":"Center for Inquiry School 84","assetType":"Public Elementary Schools","dataYear":"2018","assetId":"925747","subcategory":"Education","detail":"https://classic.savi.org/SAVI/PopUps/AssetMoreInfo.aspx?AssetID=925747"}},{"type":"Feature","geometry":{"type":"Point","coordinates":[-86.39256154,39.51512198]},"properties":{"name":"Centerton Elementary School","assetType":"Public Elementary Schools","dataYear":"2018","assetId":"925495","subcategory":"Education","detail":"https://classic.savi.org/SAVI/PopUps/AssetMoreInfo.aspx?AssetID=925495"}},{"type":"Feature","geometry":{"type":"Point","coordinates":[-86.81632525,39.581309]},"properties":{"name":"Central Elementary School","assetType":"Public Elementary Schools","dataYear":"2018","assetId":"925426","subcategory":"Education","detail":"https://classic.savi.org/SAVI/PopUps/AssetMoreInfo.aspx?AssetID=925426"}},{"type":"Feature","geometry":{"type":"Point","coordinates":[-86.39826109,39.70349785]},"properties":{"name":"Central Elementary School","assetType":"Public Elementary Schools","dataYear":"2018","assetId":"925863","subcategory":"Education","detail":"https://classic.savi.org/SAVI/PopUps/AssetMoreInfo.aspx?AssetID=925863"}},{"type":"Feature","geometry":{"type":"Point","coordinates":[-86.25825201,39.88053433]},"properties":{"name":"Central Elementary School","assetType":"Public Elementary Schools","dataYear":"2018","assetId":"925755","subcategory":"Education","detail":"https://classic.savi.org/SAVI/PopUps/AssetMoreInfo.aspx?AssetID=925755"}},{"type":"Feature","geometry":{"type":"Point","coordinates":[-86.09339695,39.72173965]},"properties":{"name":"Central Elementary School","assetType":"Public Elementary Schools","dataYear":"2018","assetId":"925592","subcategory":"Education","detail":"https://classic.savi.org/SAVI/PopUps/AssetMoreInfo.aspx?AssetID=925592"}},{"type":"Feature","geometry":{"type":"Point","coordinates":[-86.46347578,40.05011864]},"properties":{"name":"Central Elementary School","assetType":"Public Elementary Schools","dataYear":"2018","assetId":"925913","subcategory":"Education","detail":"https://classic.savi.org/SAVI/PopUps/AssetMoreInfo.aspx?AssetID=925913"}},{"type":"Feature","geometry":{"type":"Point","coordinates":[-86.31503772,39.7750032]},"properties":{"name":"Chapel Glen Elementary School","assetType":"Public Elementary Schools","dataYear":"2018","assetId":"925602","subcategory":"Education","detail":"https://classic.savi.org/SAVI/PopUps/AssetMoreInfo.aspx?AssetID=925602"}},{"type":"Feature","geometry":{"type":"Point","coordinates":[-86.28736475,39.78185123]},"properties":{"name":"Chapelwood Elementary School","assetType":"Public Elementary Schools","dataYear":"2018","assetId":"925542","subcategory":"Education","detail":"https://classic.savi.org/SAVI/PopUps/AssetMoreInfo.aspx?AssetID=925542"}},{"type":"Feature","geometry":{"type":"Point","coordinates":[-86.41238346,39.42449542]},"properties":{"name":"Charles L Smith Arts Academy","assetType":"Public Elementary Schools","dataYear":"2018","assetId":"925491","subcategory":"Education","detail":"https://classic.savi.org/SAVI/PopUps/AssetMoreInfo.aspx?AssetID=925491"}},{"type":"Feature","geometry":{"type":"Point","coordinates":[-86.01627226,39.83096352]},"properties":{"name":"Charles Warren Fairbanks Sch 105","assetType":"Public Elementary Schools","dataYear":"2018","assetId":"925521","subcategory":"Education","detail":"https://classic.savi.org/SAVI/PopUps/AssetMoreInfo.aspx?AssetID=925521"}},{"type":"Feature","geometry":{"type":"Point","coordinates":[-86.07143384,39.99047855]},"properties":{"name":"Cherry Tree Elementary School","assetType":"Public Elementary Schools","dataYear":"2018","assetId":"925899","subcategory":"Education","detail":"https://classic.savi.org/SAVI/PopUps/AssetMoreInfo.aspx?AssetID=925899"}},{"type":"Feature","geometry":{"type":"Point","coordinates":[-86.09006616,39.76032024]},"properties":{"name":"Christian Park School 82","assetType":"Public Elementary Schools","dataYear":"2018","assetId":"925477","subcategory":"Education","detail":"https://classic.savi.org/SAVI/PopUps/AssetMoreInfo.aspx?AssetID=925477"}},{"type":"Feature","geometry":{"type":"Point","coordinates":[-86.23380372,39.81079946]},"properties":{"name":"Clarence Farrington School 61","assetType":"Public Elementary Schools","dataYear":"2018","assetId":"925746","subcategory":"Education","detail":"https://classic.savi.org/SAVI/PopUps/AssetMoreInfo.aspx?AssetID=925746"}},{"type":"Feature","geometry":{"type":"Point","coordinates":[-85.99452317,39.58235426]},"properties":{"name":"Clark Elementary School","assetType":"Public Elementary Schools","dataYear":"2018","assetId":"925833","subcategory":"Education","detail":"https://classic.savi.org/SAVI/PopUps/AssetMoreInfo.aspx?AssetID=925833"}},{"type":"Feature","geometry":{"type":"Point","coordinates":[-86.37739252,39.70446525]},"properties":{"name":"Clarks Creek Elementary","assetType":"Public Elementary Schools","dataYear":"2018","assetId":"925887","subcategory":"Education","detail":"https://classic.savi.org/SAVI/PopUps/AssetMoreInfo.aspx?AssetID=925887"}},{"type":"Feature","geometry":{"type":"Point","coordinates":[-86.11531056,39.68327345]},"properties":{"name":"Clinton Young Elementary School","assetType":"Public Elementary Schools","dataYear":"2018","assetId":"925727","subcategory":"Education","detail":"https://classic.savi.org/SAVI/PopUps/AssetMoreInfo.aspx?AssetID=925727"}},{"type":"Feature","geometry":{"type":"Point","coordinates":[-86.78725322,39.5137025]},"properties":{"name":"Cloverdale Elementary School","assetType":"Public Elementary Schools","dataYear":"2018","assetId":"925420","subcategory":"Education","detail":"https://classic.savi.org/SAVI/PopUps/AssetMoreInfo.aspx?AssetID=925420"}},{"type":"Feature","geometry":{"type":"Point","coordinates":[-86.20215444,39.82029149]},"properties":{"name":"Cold Spring School","assetType":"Public Elementary Schools","dataYear":"2018","assetId":"925534","subcategory":"Education","detail":"https://classic.savi.org/SAVI/PopUps/AssetMoreInfo.aspx?AssetID=925534"}},{"type":"Feature","geometry":{"type":"Point","coordinates":[-86.21027493,39.91681423]},"properties":{"name":"College Park Elementary School","assetType":"Public Elementary Schools","dataYear":"2018","assetId":"925758","subcategory":"Education","detail":"https://classic.savi.org/SAVI/PopUps/AssetMoreInfo.aspx?AssetID=925758"}},{"type":"Feature","geometry":{"type":"Point","coordinates":[-86.21977705,39.96541357]},"properties":{"name":"College Wood Elementary School","assetType":"Public Elementary Schools","dataYear":"2018","assetId":"925896","subcategory":"Education","detail":"https://classic.savi.org/SAVI/PopUps/AssetMoreInfo.aspx?AssetID=925896"}},{"type":"Feature","geometry":{"type":"Point","coordinates":[-85.75987003,39.53338854]},"properties":{"name":"Coulston Elementary School","assetType":"Public Elementary Schools","dataYear":"2018","assetId":"925394","subcategory":"Education","detail":"https://classic.savi.org/SAVI/PopUps/AssetMoreInfo.aspx?AssetID=925394"}},{"type":"Feature","geometry":{"type":"Point","coordinates":[-86.08859533,39.48010371]},"properties":{"name":"Creekside Elementary School","assetType":"Public Elementary Schools","dataYear":"2018","assetId":"925840","subcategory":"Education","detail":"https://classic.savi.org/SAVI/PopUps/AssetMoreInfo.aspx?AssetID=925840"}},{"type":"Feature","geometry":{"type":"Point","coordinates":[-85.97251951,39.75525304]},"properties":{"name":"Creston Intermediate Academy","assetType":"Public Elementary Schools","dataYear":"2018","assetId":"925709","subcategory":"Education","detail":"https://classic.savi.org/SAVI/PopUps/AssetMoreInfo.aspx?AssetID=925709"}},{"type":"Feature","geometry":{"type":"Point","coordinates":[-86.03434292,39.88454028]},"properties":{"name":"Crestview Elementary School","assetType":"Public Elementary Schools","dataYear":"2018","assetId":"925730","subcategory":"Education","detail":"https://classic.savi.org/SAVI/PopUps/AssetMoreInfo.aspx?AssetID=925730"}},{"type":"Feature","geometry":{"type":"Point","coordinates":[-86.19804432,39.85464855]},"properties":{"name":"Crooked Creek Elementary School","assetType":"Public Elementary Schools","dataYear":"2018","assetId":"925705","subcategory":"Education","detail":"https://classic.savi.org/SAVI/PopUps/AssetMoreInfo.aspx?AssetID=925705"}},{"type":"Feature","geometry":{"type":"Point","coordinates":[-85.99570191,39.98567009]},"properties":{"name":"Cumberland Road Elem School","assetType":"Public Elementary Schools","dataYear":"2018","assetId":"926016","subcategory":"Education","detail":"https://classic.savi.org/SAVI/PopUps/AssetMoreInfo.aspx?AssetID=926016"}},{"type":"Feature","geometry":{"type":"Point","coordinates":[-86.08271556,39.48036754]},"properties":{"name":"Custer Baker Intermediate School","assetType":"Public Elementary Schools","dataYear":"2018","assetId":"925844","subcategory":"Education","detail":"https://classic.savi.org/SAVI/PopUps/AssetMoreInfo.aspx?AssetID=925844"}},{"type":"Feature","geometry":{"type":"Point","coordinates":[-86.18969244,39.7465911]},"properties":{"name":"Daniel Webster School 46","assetType":"Public Elementary Schools","dataYear":"2018","assetId":"925571","subcategory":"Education","detail":"https://classic.savi.org/SAVI/PopUps/AssetMoreInfo.aspx?AssetID=925571"}},{"type":"Feature","geometry":{"type":"Point","coordinates":[-86.8485508,39.64834149]},"properties":{"name":"Deer Meadow Primary School","assetType":"Public Elementary Schools","dataYear":"2018","assetId":"925439","subcategory":"Education","detail":"https://classic.savi.org/SAVI/PopUps/AssetMoreInfo.aspx?AssetID=925439"}},{"type":"Feature","geometry":{"type":"Point","coordinates":[-86.27075215,39.84985422]},"properties":{"name":"Deer Run Elementary","assetType":"Public Elementary Schools","dataYear":"2018","assetId":"925760","subcategory":"Education","detail":"https://classic.savi.org/SAVI/PopUps/AssetMoreInfo.aspx?AssetID=925760"}},{"type":"Feature","geometry":{"type":"Point","coordinates":[-86.38212186,39.81824479]},"properties":{"name":"Delaware Trail Elementary School","assetType":"Public Elementary Schools","dataYear":"2018","assetId":"925943","subcategory":"Education","detail":"https://classic.savi.org/SAVI/PopUps/AssetMoreInfo.aspx?AssetID=925943"}},{"type":"Feature","geometry":{"type":"Point","coordinates":[-86.15112457,39.65169857]},"properties":{"name":"Douglas MacArthur Elementary Sch","assetType":"Public Elementary Schools","dataYear":"2018","assetId":"925721","subcategory":"Education","detail":"https://classic.savi.org/SAVI/PopUps/AssetMoreInfo.aspx?AssetID=925721"}},{"type":"Feature","geometry":{"type":"Point","coordinates":[-85.9095797,40.05195434]},"properties":{"name":"Durbin Elementary School","assetType":"Public Elementary Schools","dataYear":"2018","assetId":"926005","subcategory":"Education","detail":"https://classic.savi.org/SAVI/PopUps/AssetMoreInfo.aspx?AssetID=926005"}},{"type":"Feature","geometry":{"type":"Point","coordinates":[-86.28194248,39.83725509]},"properties":{"name":"Eagle Creek Elementary School","assetType":"Public Elementary Schools","dataYear":"2018","assetId":"925754","subcategory":"Education","detail":"https://classic.savi.org/SAVI/PopUps/AssetMoreInfo.aspx?AssetID=925754"}},{"type":"Feature","geometry":{"type":"Point","coordinates":[-86.38985582,39.82874818]},"properties":{"name":"Eagle Elementary School","assetType":"Public Elementary Schools","dataYear":"2018","assetId":"925946","subcategory":"Education","detail":"https://classic.savi.org/SAVI/PopUps/AssetMoreInfo.aspx?AssetID=925946"}},{"type":"Feature","geometry":{"type":"Point","coordinates":[-86.26716308,39.95445998]},"properties":{"name":"Eagle Elementary School","assetType":"Public Elementary Schools","dataYear":"2018","assetId":"926064","subcategory":"Education","detail":"https://classic.savi.org/SAVI/PopUps/AssetMoreInfo.aspx?AssetID=926064"}},{"type":"Feature","geometry":{"type":"Point","coordinates":[-85.97306026,39.87722614]},"properties":{"name":"Early Learning Center","assetType":"Public Elementary Schools","dataYear":"2018","assetId":"925732","subcategory":"Education","detail":"https://classic.savi.org/SAVI/PopUps/AssetMoreInfo.aspx?AssetID=925732"}},{"type":"Feature","geometry":{"type":"Point","coordinates":[-85.65614716,40.00264641]},"properties":{"name":"East Elementary School","assetType":"Public Elementary Schools","dataYear":"2018","assetId":"925702","subcategory":"Education","detail":"https://classic.savi.org/SAVI/PopUps/AssetMoreInfo.aspx?AssetID=925702"}},{"type":"Feature","geometry":{"type":"Point","coordinates":[-85.95559116,39.35464067]},"properties":{"name":"East Side Elementary School","assetType":"Public Elementary Schools","dataYear":"2018","assetId":"925803","subcategory":"Education","detail":"https://classic.savi.org/SAVI/PopUps/AssetMoreInfo.aspx?AssetID=925803"}},{"type":"Feature","geometry":{"type":"Point","coordinates":[-86.23630521,39.89185549]},"properties":{"name":"Eastbrook Elementary School","assetType":"Public Elementary Schools","dataYear":"2018","assetId":"925657","subcategory":"Education","detail":"https://classic.savi.org/SAVI/PopUps/AssetMoreInfo.aspx?AssetID=925657"}},{"type":"Feature","geometry":{"type":"Point","coordinates":[-85.60839658,39.82414811]},"properties":{"name":"Eastern Hancock Elementary School","assetType":"Public Elementary Schools","dataYear":"2018","assetId":"925815","subcategory":"Education","detail":"https://classic.savi.org/SAVI/PopUps/AssetMoreInfo.aspx?AssetID=925815"}},{"type":"Feature","geometry":{"type":"Point","coordinates":[-85.97316711,39.78315324]},"properties":{"name":"Eastridge Elementary School","assetType":"Public Elementary Schools","dataYear":"2018","assetId":"925753","subcategory":"Education","detail":"https://classic.savi.org/SAVI/PopUps/AssetMoreInfo.aspx?AssetID=925753"}},{"type":"Feature","geometry":{"type":"Point","coordinates":[-85.65205059,40.12416061]},"properties":{"name":"Eastside Elementary School","assetType":"Public Elementary Schools","dataYear":"2018","assetId":"925768","subcategory":"Education","detail":"https://classic.savi.org/SAVI/PopUps/AssetMoreInfo.aspx?AssetID=925768"}},{"type":"Feature","geometry":{"type":"Point","coordinates":[-85.76993942,39.90381141]},"properties":{"name":"Eden Elementary School","assetType":"Public Elementary Schools","dataYear":"2018","assetId":"925929","subcategory":"Education","detail":"https://classic.savi.org/SAVI/PopUps/AssetMoreInfo.aspx?AssetID=925929"}},{"type":"Feature","geometry":{"type":"Point","coordinates":[-85.73342607,40.10747638]},"properties":{"name":"Edgewood Elementary School","assetType":"Public Elementary Schools","dataYear":"2018","assetId":"925774","subcategory":"Education","detail":"https://classic.savi.org/SAVI/PopUps/AssetMoreInfo.aspx?AssetID=925774"}},{"type":"Feature","geometry":{"type":"Point","coordinates":[-86.17626772,39.75738297]},"properties":{"name":"Edison School of the Arts 47","assetType":"Public Elementary Schools","dataYear":"2018","assetId":"925482","subcategory":"Education","detail":"https://classic.savi.org/SAVI/PopUps/AssetMoreInfo.aspx?AssetID=925482"}},{"type":"Feature","geometry":{"type":"Point","coordinates":[-86.1792641,39.8033535]},"properties":{"name":"Elder W Diggs School 42","assetType":"Public Elementary Schools","dataYear":"2018","assetId":"925577","subcategory":"Education","detail":"https://classic.savi.org/SAVI/PopUps/AssetMoreInfo.aspx?AssetID=925577"}},{"type":"Feature","geometry":{"type":"Point","coordinates":[-86.13581994,39.73554329]},"properties":{"name":"Eleanor Skillen School 34","assetType":"Public Elementary Schools","dataYear":"2018","assetId":"925584","subcategory":"Education","detail":"https://classic.savi.org/SAVI/PopUps/AssetMoreInfo.aspx?AssetID=925584"}},{"type":"Feature","geometry":{"type":"Point","coordinates":[-85.83692066,40.28562119]},"properties":{"name":"Elwood Elementary School","assetType":"Public Elementary Schools","dataYear":"2018","assetId":"925686","subcategory":"Education","detail":"https://classic.savi.org/SAVI/PopUps/AssetMoreInfo.aspx?AssetID=925686"}},{"type":"Feature","geometry":{"type":"Point","coordinates":[-85.83554138,40.29043077]},"properties":{"name":"Elwood Intermediate School","assetType":"Public Elementary Schools","dataYear":"2018","assetId":"925687","subcategory":"Education","detail":"https://classic.savi.org/SAVI/PopUps/AssetMoreInfo.aspx?AssetID=925687"}},{"type":"Feature","geometry":{"type":"Point","coordinates":[-86.6419846,39.52456385]},"properties":{"name":"Eminence Elementary School","assetType":"Public Elementary Schools","dataYear":"2018","assetId":"925449","subcategory":"Education","detail":"https://classic.savi.org/SAVI/PopUps/AssetMoreInfo.aspx?AssetID=925449"}},{"type":"Feature","geometry":{"type":"Point","coordinates":[-86.13576691,39.72386937]},"properties":{"name":"Emma Donnan Elementary School","assetType":"Public Elementary Schools","dataYear":"2018","assetId":"925505","subcategory":"Education","detail":"https://classic.savi.org/SAVI/PopUps/AssetMoreInfo.aspx?AssetID=925505"}},{"type":"Feature","geometry":{"type":"Point","coordinates":[-86.21471069,39.79006951]},"properties":{"name":"Ernie Pyle School 90","assetType":"Public Elementary Schools","dataYear":"2018","assetId":"925465","subcategory":"Education","detail":"https://classic.savi.org/SAVI/PopUps/AssetMoreInfo.aspx?AssetID=925465"}},{"type":"Feature","geometry":{"type":"Point","coordinates":[-85.69031029,40.05289982]},"properties":{"name":"Erskine Elementary School","assetType":"Public Elementary Schools","dataYear":"2018","assetId":"925766","subcategory":"Education","detail":"https://classic.savi.org/SAVI/PopUps/AssetMoreInfo.aspx?AssetID=925766"}},{"type":"Feature","geometry":{"type":"Point","coordinates":[-85.78763403,39.50585455]},"properties":{"name":"Especially Kidz Health & Rehab Cnt","assetType":"Public Elementary Schools","dataYear":"2018","assetId":"925398","subcategory":"Education","detail":"https://classic.savi.org/SAVI/PopUps/AssetMoreInfo.aspx?AssetID=925398"}},{"type":"Feature","geometry":{"type":"Point","coordinates":[-85.92111885,39.96388339]},"properties":{"name":"FOCUS Program","assetType":"Public Elementary Schools","dataYear":"2018","assetId":"926011","subcategory":"Education","detail":"https://classic.savi.org/SAVI/PopUps/AssetMoreInfo.aspx?AssetID=926011"}},{"type":"Feature","geometry":{"type":"Point","coordinates":[-85.91993487,39.96550157]},"properties":{"name":"Fall Creek Elementary School","assetType":"Public Elementary Schools","dataYear":"2018","assetId":"926010","subcategory":"Education","detail":"https://classic.savi.org/SAVI/PopUps/AssetMoreInfo.aspx?AssetID=926010"}},{"type":"Feature","geometry":{"type":"Point","coordinates":[-85.91647763,39.96386407]},"properties":{"name":"Fall Creek Intermediate School","assetType":"Public Elementary Schools","dataYear":"2018","assetId":"925984","subcategory":"Education","detail":"https://classic.savi.org/SAVI/PopUps/AssetMoreInfo.aspx?AssetID=925984"}},{"type":"Feature","geometry":{"type":"Point","coordinates":[-86.75303373,39.66813203]},"properties":{"name":"Fillmore Elementary School","assetType":"Public Elementary Schools","dataYear":"2018","assetId":"925424","subcategory":"Education","detail":"https://classic.savi.org/SAVI/PopUps/AssetMoreInfo.aspx?AssetID=925424"}},{"type":"Feature","geometry":{"type":"Point","coordinates":[-86.30914445,39.90899021]},"properties":{"name":"Fishback Creek Public Academy","assetType":"Public Elementary Schools","dataYear":"2018","assetId":"925762","subcategory":"Education","detail":"https://classic.savi.org/SAVI/PopUps/AssetMoreInfo.aspx?AssetID=925762"}},{"type":"Feature","geometry":{"type":"Point","coordinates":[-86.01207787,39.95434125]},"properties":{"name":"Fishers Elementary School","assetType":"Public Elementary Schools","dataYear":"2018","assetId":"926018","subcategory":"Education","detail":"https://classic.savi.org/SAVI/PopUps/AssetMoreInfo.aspx?AssetID=926018"}},{"type":"Feature","geometry":{"type":"Point","coordinates":[-86.08566818,39.83364803]},"properties":{"name":"Floro Torrence School 83","assetType":"Public Elementary Schools","dataYear":"2018","assetId":"925458","subcategory":"Education","detail":"https://classic.savi.org/SAVI/PopUps/AssetMoreInfo.aspx?AssetID=925458"}},{"type":"Feature","geometry":{"type":"Point","coordinates":[-86.10956547,39.94393047]},"properties":{"name":"Forest Dale Elementary School","assetType":"Public Elementary Schools","dataYear":"2018","assetId":"925788","subcategory":"Education","detail":"https://classic.savi.org/SAVI/PopUps/AssetMoreInfo.aspx?AssetID=925788"}},{"type":"Feature","geometry":{"type":"Point","coordinates":[-85.99973999,39.87261207]},"properties":{"name":"Forest Glen Elementary School","assetType":"Public Elementary Schools","dataYear":"2018","assetId":"925625","subcategory":"Education","detail":"https://classic.savi.org/SAVI/PopUps/AssetMoreInfo.aspx?AssetID=925625"}},{"type":"Feature","geometry":{"type":"Point","coordinates":[-85.84462761,39.90582148]},"properties":{"name":"Fortville Elementary School","assetType":"Public Elementary Schools","dataYear":"2018","assetId":"925952","subcategory":"Education","detail":"https://classic.savi.org/SAVI/PopUps/AssetMoreInfo.aspx?AssetID=925952"}},{"type":"Feature","geometry":{"type":"Point","coordinates":[-86.17243137,39.8651464]},"properties":{"name":"Fox Hill Elementary School","assetType":"Public Elementary Schools","dataYear":"2018","assetId":"925614","subcategory":"Education","detail":"https://classic.savi.org/SAVI/PopUps/AssetMoreInfo.aspx?AssetID=925614"}},{"type":"Feature","geometry":{"type":"Point","coordinates":[-86.00061768,39.82243206]},"properties":{"name":"Francis Bellamy Pre-School Center","assetType":"Public Elementary Schools","dataYear":"2018","assetId":"925503","subcategory":"Education","detail":"https://classic.savi.org/SAVI/PopUps/AssetMoreInfo.aspx?AssetID=925503"}},{"type":"Feature","geometry":{"type":"Point","coordinates":[-86.13633335,39.80096459]},"properties":{"name":"Francis W Parker School 56","assetType":"Public Elementary Schools","dataYear":"2018","assetId":"925471","subcategory":"Education","detail":"https://classic.savi.org/SAVI/PopUps/AssetMoreInfo.aspx?AssetID=925471"}},{"type":"Feature","geometry":{"type":"Point","coordinates":[-86.26049992,39.80379992]},"properties":{"name":"Frank H Wheeler Elementary Sch 4","assetType":"Public Elementary Schools","dataYear":"2018","assetId":"925555","subcategory":"Education","detail":"https://classic.savi.org/SAVI/PopUps/AssetMoreInfo.aspx?AssetID=925555"}},{"type":"Feature","geometry":{"type":"Point","coordinates":[-85.76305485,40.21947032]},"properties":{"name":"Frankton Elementary School","assetType":"Public Elementary Schools","dataYear":"2018","assetId":"926145","subcategory":"Education","detail":"https://classic.savi.org/SAVI/PopUps/AssetMoreInfo.aspx?AssetID=926145"}},{"type":"Feature","geometry":{"type":"Point","coordinates":[-86.12918266,39.7396348]},"properties":{"name":"Frederick Douglass School 19","assetType":"Public Elementary Schools","dataYear":"2018","assetId":"925740","subcategory":"Education","detail":"https://classic.savi.org/SAVI/PopUps/AssetMoreInfo.aspx?AssetID=925740"}},{"type":"Feature","geometry":{"type":"Point","coordinates":[-86.26276606,39.82288968]},"properties":{"name":"Gambold Pre-School","assetType":"Public Elementary Schools","dataYear":"2018","assetId":"925563","subcategory":"Education","detail":"https://classic.savi.org/SAVI/PopUps/AssetMoreInfo.aspx?AssetID=925563"}},{"type":"Feature","geometry":{"type":"Point","coordinates":[-86.24300803,39.7646476]},"properties":{"name":"Garden City Elementary School","assetType":"Public Elementary Schools","dataYear":"2018","assetId":"925600","subcategory":"Education","detail":"https://classic.savi.org/SAVI/PopUps/AssetMoreInfo.aspx?AssetID=925600"}},{"type":"Feature","geometry":{"type":"Point","coordinates":[-85.91354508,39.93791713]},"properties":{"name":"Geist Elementary School","assetType":"Public Elementary Schools","dataYear":"2018","assetId":"925996","subcategory":"Education","detail":"https://classic.savi.org/SAVI/PopUps/AssetMoreInfo.aspx?AssetID=925996"}},{"type":"Feature","geometry":{"type":"Point","coordinates":[-86.04215202,39.8195498]},"properties":{"name":"George H Fisher School 93","assetType":"Public Elementary Schools","dataYear":"2018","assetId":"925460","subcategory":"Education","detail":"https://classic.savi.org/SAVI/PopUps/AssetMoreInfo.aspx?AssetID=925460"}},{"type":"Feature","geometry":{"type":"Point","coordinates":[-86.02162948,39.80681719]},"properties":{"name":"George S Buck School 94","assetType":"Public Elementary Schools","dataYear":"2018","assetId":"925561","subcategory":"Education","detail":"https://classic.savi.org/SAVI/PopUps/AssetMoreInfo.aspx?AssetID=925561"}},{"type":"Feature","geometry":{"type":"Point","coordinates":[-86.0744816,39.76991463]},"properties":{"name":"George W Julian School 57","assetType":"Public Elementary Schools","dataYear":"2018","assetId":"925516","subcategory":"Education","detail":"https://classic.savi.org/SAVI/PopUps/AssetMoreInfo.aspx?AssetID=925516"}},{"type":"Feature","geometry":{"type":"Point","coordinates":[-86.16741887,39.80132799]},"properties":{"name":"George Washington Carver School 87","assetType":"Public Elementary Schools","dataYear":"2018","assetId":"925523","subcategory":"Education","detail":"https://classic.savi.org/SAVI/PopUps/AssetMoreInfo.aspx?AssetID=925523"}},{"type":"Feature","geometry":{"type":"Point","coordinates":[-86.19632981,39.64426764]},"properties":{"name":"Glenns Valley Elementary School","assetType":"Public Elementary Schools","dataYear":"2018","assetId":"925725","subcategory":"Education","detail":"https://classic.savi.org/SAVI/PopUps/AssetMoreInfo.aspx?AssetID=925725"}},{"type":"Feature","geometry":{"type":"Point","coordinates":[-86.24817705,39.68226551]},"properties":{"name":"Gold Academy","assetType":"Public Elementary Schools","dataYear":"2018","assetId":"925682","subcategory":"Education","detail":"https://classic.savi.org/SAVI/PopUps/AssetMoreInfo.aspx?AssetID=925682"}},{"type":"Feature","geometry":{"type":"Point","coordinates":[-86.62212335,39.96551279]},"properties":{"name":"Granville Wells Elementary School","assetType":"Public Elementary Schools","dataYear":"2018","assetId":"926073","subcategory":"Education","detail":"https://classic.savi.org/SAVI/PopUps/AssetMoreInfo.aspx?AssetID=926073"}},{"type":"Feature","geometry":{"type":"Point","coordinates":[-85.98459646,39.75531846]},"properties":{"name":"Grassy Creek Elementary School","assetType":"Public Elementary Schools","dataYear":"2018","assetId":"925751","subcategory":"Education","detail":"https://classic.savi.org/SAVI/PopUps/AssetMoreInfo.aspx?AssetID=925751"}},{"type":"Feature","geometry":{"type":"Point","coordinates":[-86.07621931,39.58844152]},"properties":{"name":"Grassy Creek Elementary School","assetType":"Public Elementary Schools","dataYear":"2018","assetId":"925809","subcategory":"Education","detail":"https://classic.savi.org/SAVI/PopUps/AssetMoreInfo.aspx?AssetID=925809"}},{"type":"Feature","geometry":{"type":"Point","coordinates":[-86.31054655,39.46534515]},"properties":{"name":"Green Township Elementary School","assetType":"Public Elementary Schools","dataYear":"2018","assetId":"925447","subcategory":"Education","detail":"https://classic.savi.org/SAVI/PopUps/AssetMoreInfo.aspx?AssetID=925447"}},{"type":"Feature","geometry":{"type":"Point","coordinates":[-86.18377779,39.90541722]},"properties":{"name":"Greenbriar Elementary School","assetType":"Public Elementary Schools","dataYear":"2018","assetId":"925704","subcategory":"Education","detail":"https://classic.savi.org/SAVI/PopUps/AssetMoreInfo.aspx?AssetID=925704"}},{"type":"Feature","geometry":{"type":"Point","coordinates":[-85.77266987,39.79256751]},"properties":{"name":"Greenfield Intermediate School","assetType":"Public Elementary Schools","dataYear":"2018","assetId":"925893","subcategory":"Education","detail":"https://classic.savi.org/SAVI/PopUps/AssetMoreInfo.aspx?AssetID=925893"}},{"type":"Feature","geometry":{"type":"Point","coordinates":[-86.09798362,39.62740143]},"properties":{"name":"Greenwood Northeast Elementary Sch","assetType":"Public Elementary Schools","dataYear":"2018","assetId":"925837","subcategory":"Education","detail":"https://classic.savi.org/SAVI/PopUps/AssetMoreInfo.aspx?AssetID=925837"}},{"type":"Feature","geometry":{"type":"Point","coordinates":[-86.2334883,39.84500107]},"properties":{"name":"Guion Creek Elementary School","assetType":"Public Elementary Schools","dataYear":"2018","assetId":"925655","subcategory":"Education","detail":"https://classic.savi.org/SAVI/PopUps/AssetMoreInfo.aspx?AssetID=925655"}},{"type":"Feature","geometry":{"type":"Point","coordinates":[-86.01451385,40.15530855]},"properties":{"name":"Hamilton Heights Elementary School","assetType":"Public Elementary Schools","dataYear":"2018","assetId":"926000","subcategory":"Education","detail":"https://classic.savi.org/SAVI/PopUps/AssetMoreInfo.aspx?AssetID=926000"}},{"type":"Feature","geometry":{"type":"Point","coordinates":[-86.01635504,40.15692569]},"properties":{"name":"Hamilton Heights Primary School","assetType":"Public Elementary Schools","dataYear":"2018","assetId":"925982","subcategory":"Education","detail":"https://classic.savi.org/SAVI/PopUps/AssetMoreInfo.aspx?AssetID=925982"}},{"type":"Feature","geometry":{"type":"Point","coordinates":[-86.47725275,40.05923475]},"properties":{"name":"Harney Elementary School","assetType":"Public Elementary Schools","dataYear":"2018","assetId":"925912","subcategory":"Education","detail":"https://classic.savi.org/SAVI/PopUps/AssetMoreInfo.aspx?AssetID=925912"}},{"type":"Feature","geometry":{"type":"Point","coordinates":[-85.77127306,39.79257208]},"properties":{"name":"Harris Elementary School","assetType":"Public Elementary Schools","dataYear":"2018","assetId":"925891","subcategory":"Education","detail":"https://classic.savi.org/SAVI/PopUps/AssetMoreInfo.aspx?AssetID=925891"}},{"type":"Feature","geometry":{"type":"Point","coordinates":[-86.03658992,39.85005837]},"properties":{"name":"Harrison Hill Elementary School","assetType":"Public Elementary Schools","dataYear":"2018","assetId":"925728","subcategory":"Education","detail":"https://classic.savi.org/SAVI/PopUps/AssetMoreInfo.aspx?AssetID=925728"}},{"type":"Feature","geometry":{"type":"Point","coordinates":[-86.00987463,39.9950571]},"properties":{"name":"Harrison Parkway Elementary School","assetType":"Public Elementary Schools","dataYear":"2018","assetId":"925990","subcategory":"Education","detail":"https://classic.savi.org/SAVI/PopUps/AssetMoreInfo.aspx?AssetID=925990"}},{"type":"Feature","geometry":{"type":"Point","coordinates":[-86.4549055,40.0342573]},"properties":{"name":"Hattie B Stokes Elementary School","assetType":"Public Elementary Schools","dataYear":"2018","assetId":"925911","subcategory":"Education","detail":"https://classic.savi.org/SAVI/PopUps/AssetMoreInfo.aspx?AssetID=925911"}},{"type":"Feature","geometry":{"type":"Point","coordinates":[-86.02122438,39.76108672]},"properties":{"name":"Hawthorne Elementary School","assetType":"Public Elementary Schools","dataYear":"2018","assetId":"925752","subcategory":"Education","detail":"https://classic.savi.org/SAVI/PopUps/AssetMoreInfo.aspx?AssetID=925752"}},{"type":"Feature","geometry":{"type":"Point","coordinates":[-86.07798944,40.04110777]},"properties":{"name":"Hazel Dell Elementary School","assetType":"Public Elementary Schools","dataYear":"2018","assetId":"925956","subcategory":"Education","detail":"https://classic.savi.org/SAVI/PopUps/AssetMoreInfo.aspx?AssetID=925956"}},{"type":"Feature","geometry":{"type":"Point","coordinates":[-86.28892716,39.27211046]},"properties":{"name":"Helmsburg Elementary School","assetType":"Public Elementary Schools","dataYear":"2018","assetId":"925906","subcategory":"Education","detail":"https://classic.savi.org/SAVI/PopUps/AssetMoreInfo.aspx?AssetID=925906"}},{"type":"Feature","geometry":{"type":"Point","coordinates":[-86.39939741,39.74971076]},"properties":{"name":"Hickory Elementary School","assetType":"Public Elementary Schools","dataYear":"2018","assetId":"925936","subcategory":"Education","detail":"https://classic.savi.org/SAVI/PopUps/AssetMoreInfo.aspx?AssetID=925936"}},{"type":"Feature","geometry":{"type":"Point","coordinates":[-86.12623168,39.91044571]},"properties":{"name":"Hilltop School","assetType":"Public Elementary Schools","dataYear":"2018","assetId":"925616","subcategory":"Education","detail":"https://classic.savi.org/SAVI/PopUps/AssetMoreInfo.aspx?AssetID=925616"}},{"type":"Feature","geometry":{"type":"Point","coordinates":[-86.05182783,40.06611231]},"properties":{"name":"Hinkle Creek Elementary School","assetType":"Public Elementary Schools","dataYear":"2018","assetId":"925964","subcategory":"Education","detail":"https://classic.savi.org/SAVI/PopUps/AssetMoreInfo.aspx?AssetID=925964"}},{"type":"Feature","geometry":{"type":"Point","coordinates":[-86.13243144,39.66844718]},"properties":{"name":"Homecroft Elementary School","assetType":"Public Elementary Schools","dataYear":"2018","assetId":"925719","subcategory":"Education","detail":"https://classic.savi.org/SAVI/PopUps/AssetMoreInfo.aspx?AssetID=925719"}},{"type":"Feature","geometry":{"type":"Point","coordinates":[-85.96802819,39.9658364]},"properties":{"name":"Hoosier Road Elementary School","assetType":"Public Elementary Schools","dataYear":"2018","assetId":"926014","subcategory":"Education","detail":"https://classic.savi.org/SAVI/PopUps/AssetMoreInfo.aspx?AssetID=926014"}},{"type":"Feature","geometry":{"type":"Point","coordinates":[-86.07894053,39.71112269]},"properties":{"name":"Hornet Park Elementary School","assetType":"Public Elementary Schools","dataYear":"2018","assetId":"925590","subcategory":"Education","detail":"https://classic.savi.org/SAVI/PopUps/AssetMoreInfo.aspx?AssetID=925590"}},{"type":"Feature","geometry":{"type":"Point","coordinates":[-86.13524352,39.85083211]},"properties":{"name":"IPS Butler Eliza Blaker School 55","assetType":"Public Elementary Schools","dataYear":"2018","assetId":"925474","subcategory":"Education","detail":"https://classic.savi.org/SAVI/PopUps/AssetMoreInfo.aspx?AssetID=925474"}},{"type":"Feature","geometry":{"type":"Point","coordinates":[-86.15451912,39.81631464]},"properties":{"name":"IPS Butler Lab William Bell 60","assetType":"Public Elementary Schools","dataYear":"2018","assetId":"925512","subcategory":"Education","detail":"https://classic.savi.org/SAVI/PopUps/AssetMoreInfo.aspx?AssetID=925512"}},{"type":"Feature","geometry":{"type":"Point","coordinates":[-86.2170238,39.77162472]},"properties":{"name":"Impact Academy","assetType":"Public Elementary Schools","dataYear":"2018","assetId":"925587","subcategory":"Education","detail":"https://classic.savi.org/SAVI/PopUps/AssetMoreInfo.aspx?AssetID=925587"}},{"type":"Feature","geometry":{"type":"Point","coordinates":[-86.15835194,39.4069347]},"properties":{"name":"Indian Creek Elementary School","assetType":"Public Elementary Schools","dataYear":"2018","assetId":"925781","subcategory":"Education","detail":"https://classic.savi.org/SAVI/PopUps/AssetMoreInfo.aspx?AssetID=925781"}},{"type":"Feature","geometry":{"type":"Point","coordinates":[-85.97636484,39.85450094]},"properties":{"name":"Indian Creek Elementary School","assetType":"Public Elementary Schools","dataYear":"2018","assetId":"925626","subcategory":"Education","detail":"https://classic.savi.org/SAVI/PopUps/AssetMoreInfo.aspx?AssetID=925626"}},{"type":"Feature","geometry":{"type":"Point","coordinates":[-86.16009229,39.40499999]},"properties":{"name":"Indian Creek Intermediate School","assetType":"Public Elementary Schools","dataYear":"2018","assetId":"925779","subcategory":"Education","detail":"https://classic.savi.org/SAVI/PopUps/AssetMoreInfo.aspx?AssetID=925779"}},{"type":"Feature","geometry":{"type":"Point","coordinates":[-85.74360024,39.80475776]},"properties":{"name":"JB Stephens Elementary School","assetType":"Public Elementary Schools","dataYear":"2018","assetId":"925928","subcategory":"Education","detail":"https://classic.savi.org/SAVI/PopUps/AssetMoreInfo.aspx?AssetID=925928"}},{"type":"Feature","geometry":{"type":"Point","coordinates":[-86.2499016,39.79668544]},"properties":{"name":"James A Allison Elementary Sch 3","assetType":"Public Elementary Schools","dataYear":"2018","assetId":"925638","subcategory":"Education","detail":"https://classic.savi.org/SAVI/PopUps/AssetMoreInfo.aspx?AssetID=925638"}},{"type":"Feature","geometry":{"type":"Point","coordinates":[-86.15249171,39.74508433]},"properties":{"name":"James A Garfield School 31","assetType":"Public Elementary Schools","dataYear":"2018","assetId":"925525","subcategory":"Education","detail":"https://classic.savi.org/SAVI/PopUps/AssetMoreInfo.aspx?AssetID=925525"}},{"type":"Feature","geometry":{"type":"Point","coordinates":[-86.10888269,39.79915667]},"properties":{"name":"James Russell Lowell School 51","assetType":"Public Elementary Schools","dataYear":"2018","assetId":"925524","subcategory":"Education","detail":"https://classic.savi.org/SAVI/PopUps/AssetMoreInfo.aspx?AssetID=925524"}},{"type":"Feature","geometry":{"type":"Point","coordinates":[-86.1608616,39.82841963]},"properties":{"name":"James Whitcomb Riley School 43","assetType":"Public Elementary Schools","dataYear":"2018","assetId":"925574","subcategory":"Education","detail":"https://classic.savi.org/SAVI/PopUps/AssetMoreInfo.aspx?AssetID=925574"}},{"type":"Feature","geometry":{"type":"Point","coordinates":[-86.09667756,39.69063705]},"properties":{"name":"Jeremiah Gray Elementary School","assetType":"Public Elementary Schools","dataYear":"2018","assetId":"925648","subcategory":"Education","detail":"https://classic.savi.org/SAVI/PopUps/AssetMoreInfo.aspx?AssetID=925648"}},{"type":"Feature","geometry":{"type":"Point","coordinates":[-86.10624954,39.86878962]},"properties":{"name":"John Strange Elementary School","assetType":"Public Elementary Schools","dataYear":"2018","assetId":"925703","subcategory":"Education","detail":"https://classic.savi.org/SAVI/PopUps/AssetMoreInfo.aspx?AssetID=925703"}},{"type":"Feature","geometry":{"type":"Point","coordinates":[-86.26808285,39.82921032]},"properties":{"name":"Jonathan Jennings School 109","assetType":"Public Elementary Schools","dataYear":"2018","assetId":"925517","subcategory":"Education","detail":"https://classic.savi.org/SAVI/PopUps/AssetMoreInfo.aspx?AssetID=925517"}},{"type":"Feature","geometry":{"type":"Point","coordinates":[-86.12119301,39.81905636]},"properties":{"name":"Joyce Kilmer School 69","assetType":"Public Elementary Schools","dataYear":"2018","assetId":"925484","subcategory":"Education","detail":"https://classic.savi.org/SAVI/PopUps/AssetMoreInfo.aspx?AssetID=925484"}},{"type":"Feature","geometry":{"type":"Point","coordinates":[-85.99559679,40.04987918]},"properties":{"name":"Juvenile Services Center","assetType":"Public Elementary Schools","dataYear":"2018","assetId":"925930","subcategory":"Education","detail":"https://classic.savi.org/SAVI/PopUps/AssetMoreInfo.aspx?AssetID=925930"}},{"type":"Feature","geometry":{"type":"Point","coordinates":[-85.99810664,39.79669154]},"properties":{"name":"Lakeside Elementary School","assetType":"Public Elementary Schools","dataYear":"2018","assetId":"925647","subcategory":"Education","detail":"https://classic.savi.org/SAVI/PopUps/AssetMoreInfo.aspx?AssetID=925647"}},{"type":"Feature","geometry":{"type":"Point","coordinates":[-86.01237149,39.94032406]},"properties":{"name":"Lantern Road Elementary School","assetType":"Public Elementary Schools","dataYear":"2018","assetId":"925994","subcategory":"Education","detail":"https://classic.savi.org/SAVI/PopUps/AssetMoreInfo.aspx?AssetID=925994"}},{"type":"Feature","geometry":{"type":"Point","coordinates":[-85.84402492,40.0604317]},"properties":{"name":"Lapel Elementary School","assetType":"Public Elementary Schools","dataYear":"2018","assetId":"925776","subcategory":"Education","detail":"https://classic.savi.org/SAVI/PopUps/AssetMoreInfo.aspx?AssetID=925776"}},{"type":"Feature","geometry":{"type":"Point","coordinates":[-86.26855861,39.81477859]},"properties":{"name":"Lew Wallace School 107","assetType":"Public Elementary Schools","dataYear":"2018","assetId":"925518","subcategory":"Education","detail":"https://classic.savi.org/SAVI/PopUps/AssetMoreInfo.aspx?AssetID=925518"}},{"type":"Feature","geometry":{"type":"Point","coordinates":[-86.2436228,39.71439301]},"properties":{"name":"Liberty Early Elementary School","assetType":"Public Elementary Schools","dataYear":"2018","assetId":"925631","subcategory":"Education","detail":"https://classic.savi.org/SAVI/PopUps/AssetMoreInfo.aspx?AssetID=925631"}},{"type":"Feature","geometry":{"type":"Point","coordinates":[-86.0183132,39.74002037]},"properties":{"name":"Liberty Park Elementary School","assetType":"Public Elementary Schools","dataYear":"2018","assetId":"925710","subcategory":"Education","detail":"https://classic.savi.org/SAVI/PopUps/AssetMoreInfo.aspx?AssetID=925710"}},{"type":"Feature","geometry":{"type":"Point","coordinates":[-86.0117781,39.67411036]},"properties":{"name":"Lillie Idella Kitley Elementary","assetType":"Public Elementary Schools","dataYear":"2018","assetId":"925675","subcategory":"Education","detail":"https://classic.savi.org/SAVI/PopUps/AssetMoreInfo.aspx?AssetID=925675"}},{"type":"Feature","geometry":{"type":"Point","coordinates":[-86.37554617,39.83344308]},"properties":{"name":"Lincoln Elementary School","assetType":"Public Elementary Schools","dataYear":"2018","assetId":"925876","subcategory":"Education","detail":"https://classic.savi.org/SAVI/PopUps/AssetMoreInfo.aspx?AssetID=925876"}},{"type":"Feature","geometry":{"type":"Point","coordinates":[-86.37739252,39.70446525]},"properties":{"name":"Little Quakers Academy","assetType":"Public Elementary Schools","dataYear":"2018","assetId":"925862","subcategory":"Education","detail":"https://classic.savi.org/SAVI/PopUps/AssetMoreInfo.aspx?AssetID=925862"}},{"type":"Feature","geometry":{"type":"Point","coordinates":[-86.14911839,39.81921675]},"properties":{"name":"Louis B Russell Jr School 48","assetType":"Public Elementary Schools","dataYear":"2018","assetId":"925570","subcategory":"Education","detail":"https://classic.savi.org/SAVI/PopUps/AssetMoreInfo.aspx?AssetID=925570"}},{"type":"Feature","geometry":{"type":"Point","coordinates":[-86.04969112,39.74026205]},"properties":{"name":"Lowell Elementary School","assetType":"Public Elementary Schools","dataYear":"2018","assetId":"925646","subcategory":"Education","detail":"https://classic.savi.org/SAVI/PopUps/AssetMoreInfo.aspx?AssetID=925646"}},{"type":"Feature","geometry":{"type":"Point","coordinates":[-86.39167297,39.76033888]},"properties":{"name":"Maple Elementary School","assetType":"Public Elementary Schools","dataYear":"2018","assetId":"925871","subcategory":"Education","detail":"https://classic.savi.org/SAVI/PopUps/AssetMoreInfo.aspx?AssetID=925871"}},{"type":"Feature","geometry":{"type":"Point","coordinates":[-86.18103016,40.03671787]},"properties":{"name":"Maple Glen Elementary","assetType":"Public Elementary Schools","dataYear":"2018","assetId":"925968","subcategory":"Education","detail":"https://classic.savi.org/SAVI/PopUps/AssetMoreInfo.aspx?AssetID=925968"}},{"type":"Feature","geometry":{"type":"Point","coordinates":[-86.17001937,39.54518908]},"properties":{"name":"Maple Grove Elementary School","assetType":"Public Elementary Schools","dataYear":"2018","assetId":"925847","subcategory":"Education","detail":"https://classic.savi.org/SAVI/PopUps/AssetMoreInfo.aspx?AssetID=925847"}},{"type":"Feature","geometry":{"type":"Point","coordinates":[-85.79847976,39.97972166]},"properties":{"name":"Maple Ridge Elementary School","assetType":"Public Elementary Schools","dataYear":"2018","assetId":"925697","subcategory":"Education","detail":"https://classic.savi.org/SAVI/PopUps/AssetMoreInfo.aspx?AssetID=925697"}},{"type":"Feature","geometry":{"type":"Point","coordinates":[-86.24461364,39.74390063]},"properties":{"name":"Maplewood Elementary School","assetType":"Public Elementary Schools","dataYear":"2018","assetId":"925604","subcategory":"Education","detail":"https://classic.savi.org/SAVI/PopUps/AssetMoreInfo.aspx?AssetID=925604"}},{"type":"Feature","geometry":{"type":"Point","coordinates":[-86.85975656,39.63687195]},"properties":{"name":"Martha J Ridpath Elementary School","assetType":"Public Elementary Schools","dataYear":"2018","assetId":"925440","subcategory":"Education","detail":"https://classic.savi.org/SAVI/PopUps/AssetMoreInfo.aspx?AssetID=925440"}},{"type":"Feature","geometry":{"type":"Point","coordinates":[-86.03735096,39.65094119]},"properties":{"name":"Mary Adams Elementary School","assetType":"Public Elementary Schools","dataYear":"2018","assetId":"925733","subcategory":"Education","detail":"https://classic.savi.org/SAVI/PopUps/AssetMoreInfo.aspx?AssetID=925733"}},{"type":"Feature","geometry":{"type":"Point","coordinates":[-86.09342832,39.64892759]},"properties":{"name":"Mary Bryan Elementary School","assetType":"Public Elementary Schools","dataYear":"2018","assetId":"925619","subcategory":"Education","detail":"https://classic.savi.org/SAVI/PopUps/AssetMoreInfo.aspx?AssetID=925619"}},{"type":"Feature","geometry":{"type":"Point","coordinates":[-86.01784089,39.90813878]},"properties":{"name":"Mary Evelyn Castle Elementary Sch","assetType":"Public Elementary Schools","dataYear":"2018","assetId":"925669","subcategory":"Education","detail":"https://classic.savi.org/SAVI/PopUps/AssetMoreInfo.aspx?AssetID=925669"}},{"type":"Feature","geometry":{"type":"Point","coordinates":[-85.7707103,39.85907268]},"properties":{"name":"Maxwell Intermediate School","assetType":"Public Elementary Schools","dataYear":"2018","assetId":"925823","subcategory":"Education","detail":"https://classic.savi.org/SAVI/PopUps/AssetMoreInfo.aspx?AssetID=925823"}},{"type":"Feature","geometry":{"type":"Point","coordinates":[-86.27813375,39.74993925]},"properties":{"name":"McClelland Elementary School","assetType":"Public Elementary Schools","dataYear":"2018","assetId":"925597","subcategory":"Education","detail":"https://classic.savi.org/SAVI/PopUps/AssetMoreInfo.aspx?AssetID=925597"}},{"type":"Feature","geometry":{"type":"Point","coordinates":[-85.91731202,39.88713706]},"properties":{"name":"McCordsville Elementary School","assetType":"Public Elementary Schools","dataYear":"2018","assetId":"925818","subcategory":"Education","detail":"https://classic.savi.org/SAVI/PopUps/AssetMoreInfo.aspx?AssetID=925818"}},{"type":"Feature","geometry":{"type":"Point","coordinates":[-86.262757,39.82149966]},"properties":{"name":"Meredith Nicholson School 96","assetType":"Public Elementary Schools","dataYear":"2018","assetId":"925459","subcategory":"Education","detail":"https://classic.savi.org/SAVI/PopUps/AssetMoreInfo.aspx?AssetID=925459"}},{"type":"Feature","geometry":{"type":"Point","coordinates":[-86.12137531,39.86247928]},"properties":{"name":"Merle Sidener Gifted Academy","assetType":"Public Elementary Schools","dataYear":"2018","assetId":"925479","subcategory":"Education","detail":"https://classic.savi.org/SAVI/PopUps/AssetMoreInfo.aspx?AssetID=925479"}},{"type":"Feature","geometry":{"type":"Point","coordinates":[-86.52518023,39.69189539]},"properties":{"name":"Mill Creek East Elementary","assetType":"Public Elementary Schools","dataYear":"2018","assetId":"925858","subcategory":"Education","detail":"https://classic.savi.org/SAVI/PopUps/AssetMoreInfo.aspx?AssetID=925858"}},{"type":"Feature","geometry":{"type":"Point","coordinates":[-86.61359548,39.69207816]},"properties":{"name":"Mill Creek West Elementary","assetType":"Public Elementary Schools","dataYear":"2018","assetId":"925856","subcategory":"Education","detail":"https://classic.savi.org/SAVI/PopUps/AssetMoreInfo.aspx?AssetID=925856"}},{"type":"Feature","geometry":{"type":"Point","coordinates":[-86.10046291,39.97229527]},"properties":{"name":"Mohawk Trails Elementary School","assetType":"Public Elementary Schools","dataYear":"2018","assetId":"925790","subcategory":"Education","detail":"https://classic.savi.org/SAVI/PopUps/AssetMoreInfo.aspx?AssetID=925790"}},{"type":"Feature","geometry":{"type":"Point","coordinates":[-86.14058207,40.06930085]},"properties":{"name":"Monon Trail Elementary School","assetType":"Public Elementary Schools","dataYear":"2018","assetId":"925970","subcategory":"Education","detail":"https://classic.savi.org/SAVI/PopUps/AssetMoreInfo.aspx?AssetID=925970"}},{"type":"Feature","geometry":{"type":"Point","coordinates":[-86.47976828,39.57427262]},"properties":{"name":"Monrovia Elementary School","assetType":"Public Elementary Schools","dataYear":"2018","assetId":"925453","subcategory":"Education","detail":"https://classic.savi.org/SAVI/PopUps/AssetMoreInfo.aspx?AssetID=925453"}},{"type":"Feature","geometry":{"type":"Point","coordinates":[-85.702746,39.67300056]},"properties":{"name":"Morristown Elementary School","assetType":"Public Elementary Schools","dataYear":"2018","assetId":"925413","subcategory":"Education","detail":"https://classic.savi.org/SAVI/PopUps/AssetMoreInfo.aspx?AssetID=925413"}},{"type":"Feature","geometry":{"type":"Point","coordinates":[-85.91131457,39.82850494]},"properties":{"name":"Mt Comfort Elementary School","assetType":"Public Elementary Schools","dataYear":"2018","assetId":"925950","subcategory":"Education","detail":"https://classic.savi.org/SAVI/PopUps/AssetMoreInfo.aspx?AssetID=925950"}},{"type":"Feature","geometry":{"type":"Point","coordinates":[-85.8391809,39.90242398]},"properties":{"name":"Mt Vernon Early Learning Academy","assetType":"Public Elementary Schools","dataYear":"2018","assetId":"925821","subcategory":"Education","detail":"https://classic.savi.org/SAVI/PopUps/AssetMoreInfo.aspx?AssetID=925821"}},{"type":"Feature","geometry":{"type":"Point","coordinates":[-86.03473884,39.4888333]},"properties":{"name":"Needham Elementary School","assetType":"Public Elementary Schools","dataYear":"2018","assetId":"925801","subcategory":"Education","detail":"https://classic.savi.org/SAVI/PopUps/AssetMoreInfo.aspx?AssetID=925801"}},{"type":"Feature","geometry":{"type":"Point","coordinates":[-86.36046823,39.60457283]},"properties":{"name":"Neil Armstrong Elementary School","assetType":"Public Elementary Schools","dataYear":"2018","assetId":"925433","subcategory":"Education","detail":"https://classic.savi.org/SAVI/PopUps/AssetMoreInfo.aspx?AssetID=925433"}},{"type":"Feature","geometry":{"type":"Point","coordinates":[-86.22337243,39.86946688]},"properties":{"name":"New Augusta Public Academy - South","assetType":"Public Elementary Schools","dataYear":"2018","assetId":"925652","subcategory":"Education","detail":"https://classic.savi.org/SAVI/PopUps/AssetMoreInfo.aspx?AssetID=925652"}},{"type":"Feature","geometry":{"type":"Point","coordinates":[-86.01551251,39.97947685]},"properties":{"name":"New Britton Elementary School","assetType":"Public Elementary Schools","dataYear":"2018","assetId":"926020","subcategory":"Education","detail":"https://classic.savi.org/SAVI/PopUps/AssetMoreInfo.aspx?AssetID=926020"}},{"type":"Feature","geometry":{"type":"Point","coordinates":[-85.89348972,39.716188]},"properties":{"name":"New Palestine Elementary School","assetType":"Public Elementary Schools","dataYear":"2018","assetId":"925829","subcategory":"Education","detail":"https://classic.savi.org/SAVI/PopUps/AssetMoreInfo.aspx?AssetID=925829"}},{"type":"Feature","geometry":{"type":"Point","coordinates":[-85.9067616,39.75578154]},"properties":{"name":"New Palestine Intermediate School","assetType":"Public Elementary Schools","dataYear":"2018","assetId":"925881","subcategory":"Education","detail":"https://classic.savi.org/SAVI/PopUps/AssetMoreInfo.aspx?AssetID=925881"}},{"type":"Feature","geometry":{"type":"Point","coordinates":[-86.38228855,39.61513669]},"properties":{"name":"Newby Memorial Elementary School","assetType":"Public Elementary Schools","dataYear":"2018","assetId":"925432","subcategory":"Education","detail":"https://classic.savi.org/SAVI/PopUps/AssetMoreInfo.aspx?AssetID=925432"}},{"type":"Feature","geometry":{"type":"Point","coordinates":[-86.07240782,40.01164468]},"properties":{"name":"Noble Crossing Elementary School","assetType":"Public Elementary Schools","dataYear":"2018","assetId":"925958","subcategory":"Education","detail":"https://classic.savi.org/SAVI/PopUps/AssetMoreInfo.aspx?AssetID=925958"}},{"type":"Feature","geometry":{"type":"Point","coordinates":[-86.14335274,39.92083604]},"properties":{"name":"Nora Elementary School","assetType":"Public Elementary Schools","dataYear":"2018","assetId":"925641","subcategory":"Education","detail":"https://classic.savi.org/SAVI/PopUps/AssetMoreInfo.aspx?AssetID=925641"}},{"type":"Feature","geometry":{"type":"Point","coordinates":[-86.01101595,40.05020671]},"properties":{"name":"North Elementary School","assetType":"Public Elementary Schools","dataYear":"2018","assetId":"925962","subcategory":"Education","detail":"https://classic.savi.org/SAVI/PopUps/AssetMoreInfo.aspx?AssetID=925962"}},{"type":"Feature","geometry":{"type":"Point","coordinates":[-86.53625856,39.76695729]},"properties":{"name":"North Elementary School","assetType":"Public Elementary Schools","dataYear":"2018","assetId":"925935","subcategory":"Education","detail":"https://classic.savi.org/SAVI/PopUps/AssetMoreInfo.aspx?AssetID=925935"}},{"type":"Feature","geometry":{"type":"Point","coordinates":[-86.16386525,39.62128232]},"properties":{"name":"North Grove Elementary School","assetType":"Public Elementary Schools","dataYear":"2018","assetId":"925846","subcategory":"Education","detail":"https://classic.savi.org/SAVI/PopUps/AssetMoreInfo.aspx?AssetID=925846"}},{"type":"Feature","geometry":{"type":"Point","coordinates":[-86.28878673,39.61217767]},"properties":{"name":"North Madison Elementary School","assetType":"Public Elementary Schools","dataYear":"2018","assetId":"925430","subcategory":"Education","detail":"https://classic.savi.org/SAVI/PopUps/AssetMoreInfo.aspx?AssetID=925430"}},{"type":"Feature","geometry":{"type":"Point","coordinates":[-86.64141924,39.86457348]},"properties":{"name":"North Salem Elementary School","assetType":"Public Elementary Schools","dataYear":"2018","assetId":"925810","subcategory":"Education","detail":"https://classic.savi.org/SAVI/PopUps/AssetMoreInfo.aspx?AssetID=925810"}},{"type":"Feature","geometry":{"type":"Point","coordinates":[-86.28287812,39.81698471]},"properties":{"name":"North Wayne Elementary School","assetType":"Public Elementary Schools","dataYear":"2018","assetId":"925550","subcategory":"Education","detail":"https://classic.savi.org/SAVI/PopUps/AssetMoreInfo.aspx?AssetID=925550"}},{"type":"Feature","geometry":{"type":"Point","coordinates":[-86.37514238,39.62073016]},"properties":{"name":"Northwood Elementary School","assetType":"Public Elementary Schools","dataYear":"2018","assetId":"925429","subcategory":"Education","detail":"https://classic.savi.org/SAVI/PopUps/AssetMoreInfo.aspx?AssetID=925429"}},{"type":"Feature","geometry":{"type":"Point","coordinates":[-86.06287348,39.48973046]},"properties":{"name":"Northwood Elementary School","assetType":"Public Elementary Schools","dataYear":"2018","assetId":"925843","subcategory":"Education","detail":"https://classic.savi.org/SAVI/PopUps/AssetMoreInfo.aspx?AssetID=925843"}},{"type":"Feature","geometry":{"type":"Point","coordinates":[-86.14720967,40.02753034]},"properties":{"name":"Oak Trace Elementary School","assetType":"Public Elementary Schools","dataYear":"2018","assetId":"925972","subcategory":"Education","detail":"https://classic.savi.org/SAVI/PopUps/AssetMoreInfo.aspx?AssetID=925972"}},{"type":"Feature","geometry":{"type":"Point","coordinates":[-85.95726549,39.87874185]},"properties":{"name":"Oaklandon Elementary School","assetType":"Public Elementary Schools","dataYear":"2018","assetId":"925622","subcategory":"Education","detail":"https://classic.savi.org/SAVI/PopUps/AssetMoreInfo.aspx?AssetID=925622"}},{"type":"Feature","geometry":{"type":"Point","coordinates":[-86.13099484,39.93864956]},"properties":{"name":"Orchard Park Elementary School","assetType":"Public Elementary Schools","dataYear":"2018","assetId":"925793","subcategory":"Education","detail":"https://classic.savi.org/SAVI/PopUps/AssetMoreInfo.aspx?AssetID=925793"}},{"type":"Feature","geometry":{"type":"Point","coordinates":[-86.56698938,39.39707519]},"properties":{"name":"Paragon Elementary School","assetType":"Public Elementary Schools","dataYear":"2018","assetId":"925489","subcategory":"Education","detail":"https://classic.savi.org/SAVI/PopUps/AssetMoreInfo.aspx?AssetID=925489"}},{"type":"Feature","geometry":{"type":"Point","coordinates":[-86.08729631,39.73636635]},"properties":{"name":"Paul I Miller School 114","assetType":"Public Elementary Schools","dataYear":"2018","assetId":"925455","subcategory":"Education","detail":"https://classic.savi.org/SAVI/PopUps/AssetMoreInfo.aspx?AssetID=925455"}},{"type":"Feature","geometry":{"type":"Point","coordinates":[-85.7410048,39.99870472]},"properties":{"name":"Pendleton Elementary School","assetType":"Public Elementary Schools","dataYear":"2018","assetId":"925699","subcategory":"Education","detail":"https://classic.savi.org/SAVI/PopUps/AssetMoreInfo.aspx?AssetID=925699"}},{"type":"Feature","geometry":{"type":"Point","coordinates":[-86.39631802,39.99679435]},"properties":{"name":"Perry Worth Elementary School","assetType":"Public Elementary Schools","dataYear":"2018","assetId":"925916","subcategory":"Education","detail":"https://classic.savi.org/SAVI/PopUps/AssetMoreInfo.aspx?AssetID=925916"}},{"type":"Feature","geometry":{"type":"Point","coordinates":[-86.00027519,39.83637649]},"properties":{"name":"Phalen at Francis Scott Key 103","assetType":"Public Elementary Schools","dataYear":"2018","assetId":"925501","subcategory":"Education","detail":"https://classic.savi.org/SAVI/PopUps/AssetMoreInfo.aspx?AssetID=925501"}},{"type":"Feature","geometry":{"type":"Point","coordinates":[-86.38480178,39.74837966]},"properties":{"name":"Pine Tree Elementary School","assetType":"Public Elementary Schools","dataYear":"2018","assetId":"925937","subcategory":"Education","detail":"https://classic.savi.org/SAVI/PopUps/AssetMoreInfo.aspx?AssetID=925937"}},{"type":"Feature","geometry":{"type":"Point","coordinates":[-86.46826417,39.86605533]},"properties":{"name":"Pittsboro Elementary School","assetType":"Public Elementary Schools","dataYear":"2018","assetId":"925879","subcategory":"Education","detail":"https://classic.savi.org/SAVI/PopUps/AssetMoreInfo.aspx?AssetID=925879"}},{"type":"Feature","geometry":{"type":"Point","coordinates":[-86.47339064,39.86650231]},"properties":{"name":"Pittsboro Primary School","assetType":"Public Elementary Schools","dataYear":"2018","assetId":"925812","subcategory":"Education","detail":"https://classic.savi.org/SAVI/PopUps/AssetMoreInfo.aspx?AssetID=925812"}},{"type":"Feature","geometry":{"type":"Point","coordinates":[-86.12566459,39.57622276]},"properties":{"name":"Pleasant Crossing Elementary","assetType":"Public Elementary Schools","dataYear":"2018","assetId":"925852","subcategory":"Education","detail":"https://classic.savi.org/SAVI/PopUps/AssetMoreInfo.aspx?AssetID=925852"}},{"type":"Feature","geometry":{"type":"Point","coordinates":[-86.19916965,39.61874523]},"properties":{"name":"Pleasant Grove Elementary School","assetType":"Public Elementary Schools","dataYear":"2018","assetId":"925783","subcategory":"Education","detail":"https://classic.savi.org/SAVI/PopUps/AssetMoreInfo.aspx?AssetID=925783"}},{"type":"Feature","geometry":{"type":"Point","coordinates":[-86.02650592,39.79247212]},"properties":{"name":"Pleasant Run Elementary School","assetType":"Public Elementary Schools","dataYear":"2018","assetId":"925645","subcategory":"Education","detail":"https://classic.savi.org/SAVI/PopUps/AssetMoreInfo.aspx?AssetID=925645"}},{"type":"Feature","geometry":{"type":"Point","coordinates":[-86.42629269,39.41308081]},"properties":{"name":"Poston Road Elementary School","assetType":"Public Elementary Schools","dataYear":"2018","assetId":"925487","subcategory":"Education","detail":"https://classic.savi.org/SAVI/PopUps/AssetMoreInfo.aspx?AssetID=925487"}},{"type":"Feature","geometry":{"type":"Point","coordinates":[-86.04727992,39.98905662]},"properties":{"name":"Prairie Trace Elementary School","assetType":"Public Elementary Schools","dataYear":"2018","assetId":"925791","subcategory":"Education","detail":"https://classic.savi.org/SAVI/PopUps/AssetMoreInfo.aspx?AssetID=925791"}},{"type":"Feature","geometry":{"type":"Point","coordinates":[-85.97194177,40.00712574]},"properties":{"name":"Promise Road Elementary","assetType":"Public Elementary Schools","dataYear":"2018","assetId":"925954","subcategory":"Education","detail":"https://classic.savi.org/SAVI/PopUps/AssetMoreInfo.aspx?AssetID=925954"}},{"type":"Feature","geometry":{"type":"Point","coordinates":[-86.09227185,39.7726633]},"properties":{"name":"Ralph Waldo Emerson School 58","assetType":"Public Elementary Schools","dataYear":"2018","assetId":"925515","subcategory":"Education","detail":"https://classic.savi.org/SAVI/PopUps/AssetMoreInfo.aspx?AssetID=925515"}},{"type":"Feature","geometry":{"type":"Point","coordinates":[-86.12811678,39.70722102]},"properties":{"name":"Raymond F Brandes School 65","assetType":"Public Elementary Schools","dataYear":"2018","assetId":"925507","subcategory":"Education","detail":"https://classic.savi.org/SAVI/PopUps/AssetMoreInfo.aspx?AssetID=925507"}},{"type":"Feature","geometry":{"type":"Point","coordinates":[-86.01627632,39.74001036]},"properties":{"name":"Raymond Park Intermediate","assetType":"Public Elementary Schools","dataYear":"2018","assetId":"925707","subcategory":"Education","detail":"https://classic.savi.org/SAVI/PopUps/AssetMoreInfo.aspx?AssetID=925707"}},{"type":"Feature","geometry":{"type":"Point","coordinates":[-86.37541231,39.83382178]},"properties":{"name":"Reagan Elementary School","assetType":"Public Elementary Schools","dataYear":"2018","assetId":"925944","subcategory":"Education","detail":"https://classic.savi.org/SAVI/PopUps/AssetMoreInfo.aspx?AssetID=925944"}},{"type":"Feature","geometry":{"type":"Point","coordinates":[-86.2448957,39.75930089]},"properties":{"name":"Rhoades Elementary School","assetType":"Public Elementary Schools","dataYear":"2018","assetId":"925554","subcategory":"Education","detail":"https://classic.savi.org/SAVI/PopUps/AssetMoreInfo.aspx?AssetID=925554"}},{"type":"Feature","geometry":{"type":"Point","coordinates":[-86.42885098,39.77290999]},"properties":{"name":"River Birch Elementary School","assetType":"Public Elementary Schools","dataYear":"2018","assetId":"925875","subcategory":"Education","detail":"https://classic.savi.org/SAVI/PopUps/AssetMoreInfo.aspx?AssetID=925875"}},{"type":"Feature","geometry":{"type":"Point","coordinates":[-86.06141579,39.94806518]},"properties":{"name":"Riverside Intermediate School","assetType":"Public Elementary Schools","dataYear":"2018","assetId":"926002","subcategory":"Education","detail":"https://classic.savi.org/SAVI/PopUps/AssetMoreInfo.aspx?AssetID=926002"}},{"type":"Feature","geometry":{"type":"Point","coordinates":[-86.18416343,39.79482845]},"properties":{"name":"Riverside School 44","assetType":"Public Elementary Schools","dataYear":"2018","assetId":"925573","subcategory":"Education","detail":"https://classic.savi.org/SAVI/PopUps/AssetMoreInfo.aspx?AssetID=925573"}},{"type":"Feature","geometry":{"type":"Point","coordinates":[-86.80217101,39.84578724]},"properties":{"name":"Roachdale Elementary School","assetType":"Public Elementary Schools","dataYear":"2018","assetId":"925435","subcategory":"Education","detail":"https://classic.savi.org/SAVI/PopUps/AssetMoreInfo.aspx?AssetID=925435"}},{"type":"Feature","geometry":{"type":"Point","coordinates":[-86.07142316,39.84937199]},"properties":{"name":"Robert Lee Frost School 106","assetType":"Public Elementary Schools","dataYear":"2018","assetId":"925520","subcategory":"Education","detail":"https://classic.savi.org/SAVI/PopUps/AssetMoreInfo.aspx?AssetID=925520"}},{"type":"Feature","geometry":{"type":"Point","coordinates":[-86.31678109,39.80941005]},"properties":{"name":"Robey Elementary School","assetType":"Public Elementary Schools","dataYear":"2018","assetId":"925552","subcategory":"Education","detail":"https://classic.savi.org/SAVI/PopUps/AssetMoreInfo.aspx?AssetID=925552"}},{"type":"Feature","geometry":{"type":"Point","coordinates":[-86.20528285,39.65452276]},"properties":{"name":"Rosa Parks Elementary School","assetType":"Public Elementary Schools","dataYear":"2018","assetId":"925764","subcategory":"Education","detail":"https://classic.savi.org/SAVI/PopUps/AssetMoreInfo.aspx?AssetID=925764"}},{"type":"Feature","geometry":{"type":"Point","coordinates":[-86.12646228,39.84554732]},"properties":{"name":"Rousseau McClellan School 91","assetType":"Public Elementary Schools","dataYear":"2018","assetId":"925462","subcategory":"Education","detail":"https://classic.savi.org/SAVI/PopUps/AssetMoreInfo.aspx?AssetID=925462"}},{"type":"Feature","geometry":{"type":"Point","coordinates":[-85.96483642,39.9811207]},"properties":{"name":"Sand Creek Elementary","assetType":"Public Elementary Schools","dataYear":"2018","assetId":"925988","subcategory":"Education","detail":"https://classic.savi.org/SAVI/PopUps/AssetMoreInfo.aspx?AssetID=925988"}},{"type":"Feature","geometry":{"type":"Point","coordinates":[-85.96129099,39.98115109]},"properties":{"name":"Sand Creek Intermediate School","assetType":"Public Elementary Schools","dataYear":"2018","assetId":"925991","subcategory":"Education","detail":"https://classic.savi.org/SAVI/PopUps/AssetMoreInfo.aspx?AssetID=925991"}},{"type":"Feature","geometry":{"type":"Point","coordinates":[-86.2445557,39.72700567]},"properties":{"name":"Sanders School","assetType":"Public Elementary Schools","dataYear":"2018","assetId":"925545","subcategory":"Education","detail":"https://classic.savi.org/SAVI/PopUps/AssetMoreInfo.aspx?AssetID=925545"}},{"type":"Feature","geometry":{"type":"Point","coordinates":[-86.10251951,39.55978652]},"properties":{"name":"Sawmill Woods Elementary School","assetType":"Public Elementary Schools","dataYear":"2018","assetId":"925808","subcategory":"Education","detail":"https://classic.savi.org/SAVI/PopUps/AssetMoreInfo.aspx?AssetID=925808"}},{"type":"Feature","geometry":{"type":"Point","coordinates":[-86.17268765,40.01917909]},"properties":{"name":"Shamrock Springs Elementary School","assetType":"Public Elementary Schools","dataYear":"2018","assetId":"925979","subcategory":"Education","detail":"https://classic.savi.org/SAVI/PopUps/AssetMoreInfo.aspx?AssetID=925979"}},{"type":"Feature","geometry":{"type":"Point","coordinates":[-86.21694033,40.14680748]},"properties":{"name":"Sheridan Elementary School","assetType":"Public Elementary Schools","dataYear":"2018","assetId":"925905","subcategory":"Education","detail":"https://classic.savi.org/SAVI/PopUps/AssetMoreInfo.aspx?AssetID=925905"}},{"type":"Feature","geometry":{"type":"Point","coordinates":[-86.04961406,39.88194336]},"properties":{"name":"Skiles Test Elementary School","assetType":"Public Elementary Schools","dataYear":"2018","assetId":"925668","subcategory":"Education","detail":"https://classic.savi.org/SAVI/PopUps/AssetMoreInfo.aspx?AssetID=925668"}},{"type":"Feature","geometry":{"type":"Point","coordinates":[-86.17297725,39.98676663]},"properties":{"name":"Smoky Row Elementary School","assetType":"Public Elementary Schools","dataYear":"2018","assetId":"925795","subcategory":"Education","detail":"https://classic.savi.org/SAVI/PopUps/AssetMoreInfo.aspx?AssetID=925795"}},{"type":"Feature","geometry":{"type":"Point","coordinates":[-86.25630256,39.8520725]},"properties":{"name":"Snacks Crossing Elementary School","assetType":"Public Elementary Schools","dataYear":"2018","assetId":"925654","subcategory":"Education","detail":"https://classic.savi.org/SAVI/PopUps/AssetMoreInfo.aspx?AssetID=925654"}},{"type":"Feature","geometry":{"type":"Point","coordinates":[-86.00886815,39.66703077]},"properties":{"name":"South Creek Elementary","assetType":"Public Elementary Schools","dataYear":"2018","assetId":"925628","subcategory":"Education","detail":"https://classic.savi.org/SAVI/PopUps/AssetMoreInfo.aspx?AssetID=925628"}},{"type":"Feature","geometry":{"type":"Point","coordinates":[-86.41530911,39.40680041]},"properties":{"name":"South Elementary School","assetType":"Public Elementary Schools","dataYear":"2018","assetId":"925493","subcategory":"Education","detail":"https://classic.savi.org/SAVI/PopUps/AssetMoreInfo.aspx?AssetID=925493"}},{"type":"Feature","geometry":{"type":"Point","coordinates":[-86.54117239,39.75203465]},"properties":{"name":"South Elementary School","assetType":"Public Elementary Schools","dataYear":"2018","assetId":"925888","subcategory":"Education","detail":"https://classic.savi.org/SAVI/PopUps/AssetMoreInfo.aspx?AssetID=925888"}},{"type":"Feature","geometry":{"type":"Point","coordinates":[-86.09187944,39.70770995]},"properties":{"name":"South Grove Intermediate School","assetType":"Public Elementary Schools","dataYear":"2018","assetId":"925591","subcategory":"Education","detail":"https://classic.savi.org/SAVI/PopUps/AssetMoreInfo.aspx?AssetID=925591"}},{"type":"Feature","geometry":{"type":"Point","coordinates":[-86.11631583,39.65890998]},"properties":{"name":"Southport Elementary School","assetType":"Public Elementary Schools","dataYear":"2018","assetId":"925661","subcategory":"Education","detail":"https://classic.savi.org/SAVI/PopUps/AssetMoreInfo.aspx?AssetID=925661"}},{"type":"Feature","geometry":{"type":"Point","coordinates":[-85.67763206,40.06943843]},"properties":{"name":"Southview Preschool Center","assetType":"Public Elementary Schools","dataYear":"2018","assetId":"925772","subcategory":"Education","detail":"https://classic.savi.org/SAVI/PopUps/AssetMoreInfo.aspx?AssetID=925772"}},{"type":"Feature","geometry":{"type":"Point","coordinates":[-86.11738965,39.60611724]},"properties":{"name":"Southwest Elementary School","assetType":"Public Elementary Schools","dataYear":"2018","assetId":"925782","subcategory":"Education","detail":"https://classic.savi.org/SAVI/PopUps/AssetMoreInfo.aspx?AssetID=925782"}},{"type":"Feature","geometry":{"type":"Point","coordinates":[-85.84588701,39.44098752]},"properties":{"name":"Southwestern Elementary School","assetType":"Public Elementary Schools","dataYear":"2018","assetId":"925401","subcategory":"Education","detail":"https://classic.savi.org/SAVI/PopUps/AssetMoreInfo.aspx?AssetID=925401"}},{"type":"Feature","geometry":{"type":"Point","coordinates":[-86.16660067,39.90596151]},"properties":{"name":"Spring Mill Elementary School","assetType":"Public Elementary Schools","dataYear":"2018","assetId":"925617","subcategory":"Education","detail":"https://classic.savi.org/SAVI/PopUps/AssetMoreInfo.aspx?AssetID=925617"}},{"type":"Feature","geometry":{"type":"Point","coordinates":[-86.18430813,39.28260849]},"properties":{"name":"Sprunica Elementary School","assetType":"Public Elementary Schools","dataYear":"2018","assetId":"926025","subcategory":"Education","detail":"https://classic.savi.org/SAVI/PopUps/AssetMoreInfo.aspx?AssetID=926025"}},{"type":"Feature","geometry":{"type":"Point","coordinates":[-86.22956373,39.71233582]},"properties":{"name":"Stephen Decatur Elementary School","assetType":"Public Elementary Schools","dataYear":"2018","assetId":"925679","subcategory":"Education","detail":"https://classic.savi.org/SAVI/PopUps/AssetMoreInfo.aspx?AssetID=925679"}},{"type":"Feature","geometry":{"type":"Point","coordinates":[-86.22164737,39.77599554]},"properties":{"name":"Stephen Foster School 67","assetType":"Public Elementary Schools","dataYear":"2018","assetId":"925565","subcategory":"Education","detail":"https://classic.savi.org/SAVI/PopUps/AssetMoreInfo.aspx?AssetID=925565"}},{"type":"Feature","geometry":{"type":"Point","coordinates":[-86.33104215,39.9556317]},"properties":{"name":"Stonegate Elementary","assetType":"Public Elementary Schools","dataYear":"2018","assetId":"925920","subcategory":"Education","detail":"https://classic.savi.org/SAVI/PopUps/AssetMoreInfo.aspx?AssetID=925920"}},{"type":"Feature","geometry":{"type":"Point","coordinates":[-86.0074589,40.03306836]},"properties":{"name":"Stony Creek Elementary School","assetType":"Public Elementary Schools","dataYear":"2018","assetId":"925960","subcategory":"Education","detail":"https://classic.savi.org/SAVI/PopUps/AssetMoreInfo.aspx?AssetID=925960"}},{"type":"Feature","geometry":{"type":"Point","coordinates":[-85.96588452,39.80780471]},"properties":{"name":"Stonybrook Intermediate Academy","assetType":"Public Elementary Schools","dataYear":"2018","assetId":"925708","subcategory":"Education","detail":"https://classic.savi.org/SAVI/PopUps/AssetMoreInfo.aspx?AssetID=925708"}},{"type":"Feature","geometry":{"type":"Point","coordinates":[-86.22610102,39.73164965]},"properties":{"name":"Stout Field Elementary School","assetType":"Public Elementary Schools","dataYear":"2018","assetId":"925548","subcategory":"Education","detail":"https://classic.savi.org/SAVI/PopUps/AssetMoreInfo.aspx?AssetID=925548"}},{"type":"Feature","geometry":{"type":"Point","coordinates":[-85.9120709,39.75069063]},"properties":{"name":"Sugar Creek Elementary Sch","assetType":"Public Elementary Schools","dataYear":"2018","assetId":"925825","subcategory":"Education","detail":"https://classic.savi.org/SAVI/PopUps/AssetMoreInfo.aspx?AssetID=925825"}},{"type":"Feature","geometry":{"type":"Point","coordinates":[-86.18027506,39.60539377]},"properties":{"name":"Sugar Grove Elementary School","assetType":"Public Elementary Schools","dataYear":"2018","assetId":"925851","subcategory":"Education","detail":"https://classic.savi.org/SAVI/PopUps/AssetMoreInfo.aspx?AssetID=925851"}},{"type":"Feature","geometry":{"type":"Point","coordinates":[-85.63876301,40.33750711]},"properties":{"name":"Summitville School","assetType":"Public Elementary Schools","dataYear":"2018","assetId":"925998","subcategory":"Education","detail":"https://classic.savi.org/SAVI/PopUps/AssetMoreInfo.aspx?AssetID=925998"}},{"type":"Feature","geometry":{"type":"Point","coordinates":[-85.96896999,39.80746026]},"properties":{"name":"Sunny Heights Elementary School","assetType":"Public Elementary Schools","dataYear":"2018","assetId":"925644","subcategory":"Education","detail":"https://classic.savi.org/SAVI/PopUps/AssetMoreInfo.aspx?AssetID=925644"}},{"type":"Feature","geometry":{"type":"Point","coordinates":[-85.97301716,39.87414439]},"properties":{"name":"Sunnyside Elementary School","assetType":"Public Elementary Schools","dataYear":"2018","assetId":"925666","subcategory":"Education","detail":"https://classic.savi.org/SAVI/PopUps/AssetMoreInfo.aspx?AssetID=925666"}},{"type":"Feature","geometry":{"type":"Point","coordinates":[-86.38246036,39.7779012]},"properties":{"name":"Sycamore Elementary School","assetType":"Public Elementary Schools","dataYear":"2018","assetId":"925867","subcategory":"Education","detail":"https://classic.savi.org/SAVI/PopUps/AssetMoreInfo.aspx?AssetID=925867"}},{"type":"Feature","geometry":{"type":"Point","coordinates":[-85.63635633,40.10655747]},"properties":{"name":"Tenth Street Elementary School","assetType":"Public Elementary Schools","dataYear":"2018","assetId":"925773","subcategory":"Education","detail":"https://classic.savi.org/SAVI/PopUps/AssetMoreInfo.aspx?AssetID=925773"}},{"type":"Feature","geometry":{"type":"Point","coordinates":[-86.1313862,39.78071065]},"properties":{"name":"Theodore Potter School 74","assetType":"Public Elementary Schools","dataYear":"2018","assetId":"925481","subcategory":"Education","detail":"https://classic.savi.org/SAVI/PopUps/AssetMoreInfo.aspx?AssetID=925481"}},{"type":"Feature","geometry":{"type":"Point","coordinates":[-85.79149001,39.51071158]},"properties":{"name":"Thomas A Hendricks Elementary Sch","assetType":"Public Elementary Schools","dataYear":"2018","assetId":"925392","subcategory":"Education","detail":"https://classic.savi.org/SAVI/PopUps/AssetMoreInfo.aspx?AssetID=925392"}},{"type":"Feature","geometry":{"type":"Point","coordinates":[-86.12192357,39.77527478]},"properties":{"name":"Thomas D Gregg School 15","assetType":"Public Elementary Schools","dataYear":"2018","assetId":"925529","subcategory":"Education","detail":"https://classic.savi.org/SAVI/PopUps/AssetMoreInfo.aspx?AssetID=925529"}},{"type":"Feature","geometry":{"type":"Point","coordinates":[-86.03387784,39.69433753]},"properties":{"name":"Thompson Crossing Elementary Sch","assetType":"Public Elementary Schools","dataYear":"2018","assetId":"925734","subcategory":"Education","detail":"https://classic.savi.org/SAVI/PopUps/AssetMoreInfo.aspx?AssetID=925734"}},{"type":"Feature","geometry":{"type":"Point","coordinates":[-86.60804245,40.12387657]},"properties":{"name":"Thorntown Elementary School","assetType":"Public Elementary Schools","dataYear":"2018","assetId":"926071","subcategory":"Education","detail":"https://classic.savi.org/SAVI/PopUps/AssetMoreInfo.aspx?AssetID=926071"}},{"type":"Feature","geometry":{"type":"Point","coordinates":[-85.90230124,39.97449052]},"properties":{"name":"Thorpe Creek Elementary","assetType":"Public Elementary Schools","dataYear":"2018","assetId":"925986","subcategory":"Education","detail":"https://classic.savi.org/SAVI/PopUps/AssetMoreInfo.aspx?AssetID=925986"}},{"type":"Feature","geometry":{"type":"Point","coordinates":[-86.20557255,39.94678268]},"properties":{"name":"Towne Meadow Elementary School","assetType":"Public Elementary Schools","dataYear":"2018","assetId":"925886","subcategory":"Education","detail":"https://classic.savi.org/SAVI/PopUps/AssetMoreInfo.aspx?AssetID=925886"}},{"type":"Feature","geometry":{"type":"Point","coordinates":[-85.87564505,39.61128955]},"properties":{"name":"Triton Central Elementary School","assetType":"Public Elementary Schools","dataYear":"2018","assetId":"925406","subcategory":"Education","detail":"https://classic.savi.org/SAVI/PopUps/AssetMoreInfo.aspx?AssetID=925406"}},{"type":"Feature","geometry":{"type":"Point","coordinates":[-86.85596187,39.65081279]},"properties":{"name":"Tzouanakis Intermediate School","assetType":"Public Elementary Schools","dataYear":"2018","assetId":"925441","subcategory":"Education","detail":"https://classic.savi.org/SAVI/PopUps/AssetMoreInfo.aspx?AssetID=925441"}},{"type":"Feature","geometry":{"type":"Point","coordinates":[-86.24748523,39.99884964]},"properties":{"name":"Union Elementary School","assetType":"Public Elementary Schools","dataYear":"2018","assetId":"925922","subcategory":"Education","detail":"https://classic.savi.org/SAVI/PopUps/AssetMoreInfo.aspx?AssetID=925922"}},{"type":"Feature","geometry":{"type":"Point","coordinates":[-86.17632305,39.47715511]},"properties":{"name":"Union Elementary School","assetType":"Public Elementary Schools","dataYear":"2018","assetId":"925800","subcategory":"Education","detail":"https://classic.savi.org/SAVI/PopUps/AssetMoreInfo.aspx?AssetID=925800"}},{"type":"Feature","geometry":{"type":"Point","coordinates":[-86.1055126,39.61574898]},"properties":{"name":"V O Isom Central Elem School","assetType":"Public Elementary Schools","dataYear":"2018","assetId":"925834","subcategory":"Education","detail":"https://classic.savi.org/SAVI/PopUps/AssetMoreInfo.aspx?AssetID=925834"}},{"type":"Feature","geometry":{"type":"Point","coordinates":[-85.613927,40.07418211]},"properties":{"name":"Valley Grove Elementary School","assetType":"Public Elementary Schools","dataYear":"2018","assetId":"925770","subcategory":"Education","detail":"https://classic.savi.org/SAVI/PopUps/AssetMoreInfo.aspx?AssetID=925770"}},{"type":"Feature","geometry":{"type":"Point","coordinates":[-86.26847325,39.689445]},"properties":{"name":"Valley Mills Elementary School","assetType":"Public Elementary Schools","dataYear":"2018","assetId":"925678","subcategory":"Education","detail":"https://classic.savi.org/SAVI/PopUps/AssetMoreInfo.aspx?AssetID=925678"}},{"type":"Feature","geometry":{"type":"Point","coordinates":[-86.39518324,39.70312755]},"properties":{"name":"Van Buren Elementary School","assetType":"Public Elementary Schools","dataYear":"2018","assetId":"925860","subcategory":"Education","detail":"https://classic.savi.org/SAVI/PopUps/AssetMoreInfo.aspx?AssetID=925860"}},{"type":"Feature","geometry":{"type":"Point","coordinates":[-86.16095812,39.13608448]},"properties":{"name":"Van Buren Elementary School","assetType":"Public Elementary Schools","dataYear":"2018","assetId":"925908","subcategory":"Education","detail":"https://classic.savi.org/SAVI/PopUps/AssetMoreInfo.aspx?AssetID=925908"}},{"type":"Feature","geometry":{"type":"Point","coordinates":[-85.66087935,39.45154313]},"properties":{"name":"Waldron Elementary School","assetType":"Public Elementary Schools","dataYear":"2018","assetId":"925409","subcategory":"Education","detail":"https://classic.savi.org/SAVI/PopUps/AssetMoreInfo.aspx?AssetID=925409"}},{"type":"Feature","geometry":{"type":"Point","coordinates":[-85.99015469,39.78722726]},"properties":{"name":"Warren Early Childhood Center","assetType":"Public Elementary Schools","dataYear":"2018","assetId":"925712","subcategory":"Education","detail":"https://classic.savi.org/SAVI/PopUps/AssetMoreInfo.aspx?AssetID=925712"}},{"type":"Feature","geometry":{"type":"Point","coordinates":[-86.1369625,39.76852442]},"properties":{"name":"Washington Irving School 14","assetType":"Public Elementary Schools","dataYear":"2018","assetId":"925531","subcategory":"Education","detail":"https://classic.savi.org/SAVI/PopUps/AssetMoreInfo.aspx?AssetID=925531"}},{"type":"Feature","geometry":{"type":"Point","coordinates":[-86.11143969,40.04909781]},"properties":{"name":"Washington Woods Elementary School","assetType":"Public Elementary Schools","dataYear":"2018","assetId":"925974","subcategory":"Education","detail":"https://classic.savi.org/SAVI/PopUps/AssetMoreInfo.aspx?AssetID=925974"}},{"type":"Feature","geometry":{"type":"Point","coordinates":[-86.26745697,39.55386484]},"properties":{"name":"Waverly Elementary School","assetType":"Public Elementary Schools","dataYear":"2018","assetId":"925428","subcategory":"Education","detail":"https://classic.savi.org/SAVI/PopUps/AssetMoreInfo.aspx?AssetID=925428"}},{"type":"Feature","geometry":{"type":"Point","coordinates":[-86.03479207,39.48669704]},"properties":{"name":"Webb Elementary School","assetType":"Public Elementary Schools","dataYear":"2018","assetId":"925841","subcategory":"Education","detail":"https://classic.savi.org/SAVI/PopUps/AssetMoreInfo.aspx?AssetID=925841"}},{"type":"Feature","geometry":{"type":"Point","coordinates":[-86.19596263,39.78410636]},"properties":{"name":"Wendell Phillips School 63","assetType":"Public Elementary Schools","dataYear":"2018","assetId":"925509","subcategory":"Education","detail":"https://classic.savi.org/SAVI/PopUps/AssetMoreInfo.aspx?AssetID=925509"}},{"type":"Feature","geometry":{"type":"Point","coordinates":[-86.21469433,39.96731857]},"properties":{"name":"West Clay Elementary School","assetType":"Public Elementary Schools","dataYear":"2018","assetId":"925885","subcategory":"Education","detail":"https://classic.savi.org/SAVI/PopUps/AssetMoreInfo.aspx?AssetID=925885"}},{"type":"Feature","geometry":{"type":"Point","coordinates":[-86.27921462,39.65315871]},"properties":{"name":"West Newton Elementary School","assetType":"Public Elementary Schools","dataYear":"2018","assetId":"925632","subcategory":"Education","detail":"https://classic.savi.org/SAVI/PopUps/AssetMoreInfo.aspx?AssetID=925632"}},{"type":"Feature","geometry":{"type":"Point","coordinates":[-86.13357687,40.04598902]},"properties":{"name":"Westfield Intermediate School","assetType":"Public Elementary Schools","dataYear":"2018","assetId":"925969","subcategory":"Education","detail":"https://classic.savi.org/SAVI/PopUps/AssetMoreInfo.aspx?AssetID=925969"}},{"type":"Feature","geometry":{"type":"Point","coordinates":[-86.27703983,39.76949352]},"properties":{"name":"Westlake Elementary School","assetType":"Public Elementary Schools","dataYear":"2018","assetId":"925544","subcategory":"Education","detail":"https://classic.savi.org/SAVI/PopUps/AssetMoreInfo.aspx?AssetID=925544"}},{"type":"Feature","geometry":{"type":"Point","coordinates":[-85.7869566,39.78799467]},"properties":{"name":"Weston Elementary School","assetType":"Public Elementary Schools","dataYear":"2018","assetId":"925953","subcategory":"Education","detail":"https://classic.savi.org/SAVI/PopUps/AssetMoreInfo.aspx?AssetID=925953"}},{"type":"Feature","geometry":{"type":"Point","coordinates":[-86.13494538,39.60254252]},"properties":{"name":"Westwood Elementary School","assetType":"Public Elementary Schools","dataYear":"2018","assetId":"925836","subcategory":"Education","detail":"https://classic.savi.org/SAVI/PopUps/AssetMoreInfo.aspx?AssetID=925836"}},{"type":"Feature","geometry":{"type":"Point","coordinates":[-86.38798552,39.82290673]},"properties":{"name":"White Lick Elementary School","assetType":"Public Elementary Schools","dataYear":"2018","assetId":"925941","subcategory":"Education","detail":"https://classic.savi.org/SAVI/PopUps/AssetMoreInfo.aspx?AssetID=925941"}},{"type":"Feature","geometry":{"type":"Point","coordinates":[-86.39400229,39.76025814]},"properties":{"name":"White Oak Elementary School","assetType":"Public Elementary Schools","dataYear":"2018","assetId":"925869","subcategory":"Education","detail":"https://classic.savi.org/SAVI/PopUps/AssetMoreInfo.aspx?AssetID=925869"}},{"type":"Feature","geometry":{"type":"Point","coordinates":[-85.99336439,40.0621808]},"properties":{"name":"White River Elementary School","assetType":"Public Elementary Schools","dataYear":"2018","assetId":"925883","subcategory":"Education","detail":"https://classic.savi.org/SAVI/PopUps/AssetMoreInfo.aspx?AssetID=925883"}},{"type":"Feature","geometry":{"type":"Point","coordinates":[-86.08074437,39.55191977]},"properties":{"name":"Whiteland Elementary School","assetType":"Public Elementary Schools","dataYear":"2018","assetId":"925785","subcategory":"Education","detail":"https://classic.savi.org/SAVI/PopUps/AssetMoreInfo.aspx?AssetID=925785"}},{"type":"Feature","geometry":{"type":"Point","coordinates":[-85.764973,39.51141457]},"properties":{"name":"William F Loper Elementary School","assetType":"Public Elementary Schools","dataYear":"2018","assetId":"925390","subcategory":"Education","detail":"https://classic.savi.org/SAVI/PopUps/AssetMoreInfo.aspx?AssetID=925390"}},{"type":"Feature","geometry":{"type":"Point","coordinates":[-86.15268646,39.6846143]},"properties":{"name":"William Henry Burkhart Elementary","assetType":"Public Elementary Schools","dataYear":"2018","assetId":"925621","subcategory":"Education","detail":"https://classic.savi.org/SAVI/PopUps/AssetMoreInfo.aspx?AssetID=925621"}},{"type":"Feature","geometry":{"type":"Point","coordinates":[-86.12965589,39.75849441]},"properties":{"name":"William McKinley School 39","assetType":"Public Elementary Schools","dataYear":"2018","assetId":"925580","subcategory":"Education","detail":"https://classic.savi.org/SAVI/PopUps/AssetMoreInfo.aspx?AssetID=925580"}},{"type":"Feature","geometry":{"type":"Point","coordinates":[-86.19025866,39.75323744]},"properties":{"name":"William Penn School 49","assetType":"Public Elementary Schools","dataYear":"2018","assetId":"925567","subcategory":"Education","detail":"https://classic.savi.org/SAVI/PopUps/AssetMoreInfo.aspx?AssetID=925567"}},{"type":"Feature","geometry":{"type":"Point","coordinates":[-86.12539459,39.64372183]},"properties":{"name":"Winchester Village Elementary","assetType":"Public Elementary Schools","dataYear":"2018","assetId":"925659","subcategory":"Education","detail":"https://classic.savi.org/SAVI/PopUps/AssetMoreInfo.aspx?AssetID=925659"}},{"type":"Feature","geometry":{"type":"Point","coordinates":[-85.9600281,39.84122827]},"properties":{"name":"Winding Ridge Elementary School","assetType":"Public Elementary Schools","dataYear":"2018","assetId":"925623","subcategory":"Education","detail":"https://classic.savi.org/SAVI/PopUps/AssetMoreInfo.aspx?AssetID=925623"}},{"type":"Feature","geometry":{"type":"Point","coordinates":[-86.09680943,39.95559396]},"properties":{"name":"Woodbrook Elementary School","assetType":"Public Elementary Schools","dataYear":"2018","assetId":"925900","subcategory":"Education","detail":"https://classic.savi.org/SAVI/PopUps/AssetMoreInfo.aspx?AssetID=925900"}},{"type":"Feature","geometry":{"type":"Point","coordinates":[-86.28399457,39.97314677]},"properties":{"name":"Zionsville Pleasant View Elem Sch","assetType":"Public Elementary Schools","dataYear":"2018","assetId":"926062","subcategory":"Education","detail":"https://classic.savi.org/SAVI/PopUps/AssetMoreInfo.aspx?AssetID=926062"}},{"type":"Feature","geometry":{"type":"Point","coordinates":[-86.26879364,39.78299295]},"properties":{"name":"Achieve Virtual Education Academy","assetType":"Public High Schools","dataYear":"2018","assetId":"925540","subcategory":"Education","detail":"https://classic.savi.org/SAVI/PopUps/AssetMoreInfo.aspx?AssetID=925540"}},{"type":"Feature","geometry":{"type":"Point","coordinates":[-85.67850319,40.25209594]},"properties":{"name":"Alexandria-Monroe High School","assetType":"Public High Schools","dataYear":"2018","assetId":"925695","subcategory":"Education","detail":"https://classic.savi.org/SAVI/PopUps/AssetMoreInfo.aspx?AssetID=925695"}},{"type":"Feature","geometry":{"type":"Point","coordinates":[-85.69068704,40.06584605]},"properties":{"name":"Anderson High School","assetType":"Public High Schools","dataYear":"2018","assetId":"925688","subcategory":"Education","detail":"https://classic.savi.org/SAVI/PopUps/AssetMoreInfo.aspx?AssetID=925688"}},{"type":"Feature","geometry":{"type":"Point","coordinates":[-86.13343308,39.77438986]},"properties":{"name":"Arsenal Technical High School","assetType":"Public High Schools","dataYear":"2018","assetId":"925537","subcategory":"Education","detail":"https://classic.savi.org/SAVI/PopUps/AssetMoreInfo.aspx?AssetID=925537"}},{"type":"Feature","geometry":{"type":"Point","coordinates":[-86.38869313,39.74079101]},"properties":{"name":"Avon High School","assetType":"Public High Schools","dataYear":"2018","assetId":"925939","subcategory":"Education","detail":"https://classic.savi.org/SAVI/PopUps/AssetMoreInfo.aspx?AssetID=925939"}},{"type":"Feature","geometry":{"type":"Point","coordinates":[-86.07837269,39.71136177]},"properties":{"name":"Beech Grove Sr High School","assetType":"Public High Schools","dataYear":"2018","assetId":"925594","subcategory":"Education","detail":"https://classic.savi.org/SAVI/PopUps/AssetMoreInfo.aspx?AssetID=925594"}},{"type":"Feature","geometry":{"type":"Point","coordinates":[-86.29128871,39.78423423]},"properties":{"name":"Ben Davis High School","assetType":"Public High Schools","dataYear":"2018","assetId":"925608","subcategory":"Education","detail":"https://classic.savi.org/SAVI/PopUps/AssetMoreInfo.aspx?AssetID=925608"}},{"type":"Feature","geometry":{"type":"Point","coordinates":[-86.26969458,39.75074264]},"properties":{"name":"Ben Davis University High School","assetType":"Public High Schools","dataYear":"2018","assetId":"925595","subcategory":"Education","detail":"https://classic.savi.org/SAVI/PopUps/AssetMoreInfo.aspx?AssetID=925595"}},{"type":"Feature","geometry":{"type":"Point","coordinates":[-86.24500213,39.20366523]},"properties":{"name":"Brown County High School","assetType":"Public High Schools","dataYear":"2018","assetId":"925909","subcategory":"Education","detail":"https://classic.savi.org/SAVI/PopUps/AssetMoreInfo.aspx?AssetID=925909"}},{"type":"Feature","geometry":{"type":"Point","coordinates":[-86.38795349,39.83031003]},"properties":{"name":"Brownsburg High School","assetType":"Public High Schools","dataYear":"2018","assetId":"925947","subcategory":"Education","detail":"https://classic.savi.org/SAVI/PopUps/AssetMoreInfo.aspx?AssetID=925947"}},{"type":"Feature","geometry":{"type":"Point","coordinates":[-85.71663438,40.09654334]},"properties":{"name":"COMPASS Alternative School","assetType":"Public High Schools","dataYear":"2018","assetId":"925690","subcategory":"Education","detail":"https://classic.savi.org/SAVI/PopUps/AssetMoreInfo.aspx?AssetID=925690"}},{"type":"Feature","geometry":{"type":"Point","coordinates":[-86.12075652,39.97937445]},"properties":{"name":"Carmel High School","assetType":"Public High Schools","dataYear":"2018","assetId":"925902","subcategory":"Education","detail":"https://classic.savi.org/SAVI/PopUps/AssetMoreInfo.aspx?AssetID=925902"}},{"type":"Feature","geometry":{"type":"Point","coordinates":[-86.55939754,39.66575851]},"properties":{"name":"Cascade Senior High School","assetType":"Public High Schools","dataYear":"2018","assetId":"925797","subcategory":"Education","detail":"https://classic.savi.org/SAVI/PopUps/AssetMoreInfo.aspx?AssetID=925797"}},{"type":"Feature","geometry":{"type":"Point","coordinates":[-86.19515173,39.57627967]},"properties":{"name":"Center Grove High School","assetType":"Public High Schools","dataYear":"2018","assetId":"925848","subcategory":"Education","detail":"https://classic.savi.org/SAVI/PopUps/AssetMoreInfo.aspx?AssetID=925848"}},{"type":"Feature","geometry":{"type":"Point","coordinates":[-86.79659252,39.51176965]},"properties":{"name":"Cloverdale High School","assetType":"Public High Schools","dataYear":"2018","assetId":"925421","subcategory":"Education","detail":"https://classic.savi.org/SAVI/PopUps/AssetMoreInfo.aspx?AssetID=925421"}},{"type":"Feature","geometry":{"type":"Point","coordinates":[-86.16980346,39.78293858]},"properties":{"name":"Crispus Attucks Medical Magnet HS","assetType":"Public High Schools","dataYear":"2018","assetId":"925536","subcategory":"Education","detail":"https://classic.savi.org/SAVI/PopUps/AssetMoreInfo.aspx?AssetID=925536"}},{"type":"Feature","geometry":{"type":"Point","coordinates":[-86.54001558,39.7569817]},"properties":{"name":"Danville Community High School","assetType":"Public High Schools","dataYear":"2018","assetId":"925890","subcategory":"Education","detail":"https://classic.savi.org/SAVI/PopUps/AssetMoreInfo.aspx?AssetID=925890"}},{"type":"Feature","geometry":{"type":"Point","coordinates":[-86.27686825,39.68891969]},"properties":{"name":"Decatur Central High School","assetType":"Public High Schools","dataYear":"2018","assetId":"925683","subcategory":"Education","detail":"https://classic.savi.org/SAVI/PopUps/AssetMoreInfo.aspx?AssetID=925683"}},{"type":"Feature","geometry":{"type":"Point","coordinates":[-86.26948548,39.69037489]},"properties":{"name":"Decatur Twp School for Excellence","assetType":"Public High Schools","dataYear":"2018","assetId":"925633","subcategory":"Education","detail":"https://classic.savi.org/SAVI/PopUps/AssetMoreInfo.aspx?AssetID=925633"}},{"type":"Feature","geometry":{"type":"Point","coordinates":[-85.61087577,39.8239829]},"properties":{"name":"Eastern Hancock High School","assetType":"Public High Schools","dataYear":"2018","assetId":"925816","subcategory":"Education","detail":"https://classic.savi.org/SAVI/PopUps/AssetMoreInfo.aspx?AssetID=925816"}},{"type":"Feature","geometry":{"type":"Point","coordinates":[-85.96989202,39.3517092]},"properties":{"name":"Edinburgh Community High School","assetType":"Public High Schools","dataYear":"2018","assetId":"925805","subcategory":"Education","detail":"https://classic.savi.org/SAVI/PopUps/AssetMoreInfo.aspx?AssetID=925805"}},{"type":"Feature","geometry":{"type":"Point","coordinates":[-86.1792641,39.8033535]},"properties":{"name":"Elder W Diggs School 42","assetType":"Public High Schools","dataYear":"2018","assetId":"925578","subcategory":"Education","detail":"https://classic.savi.org/SAVI/PopUps/AssetMoreInfo.aspx?AssetID=925578"}},{"type":"Feature","geometry":{"type":"Point","coordinates":[-85.83546123,40.2889565]},"properties":{"name":"Elwood Jr-Sr High School","assetType":"Public High Schools","dataYear":"2018","assetId":"925635","subcategory":"Education","detail":"https://classic.savi.org/SAVI/PopUps/AssetMoreInfo.aspx?AssetID=925635"}},{"type":"Feature","geometry":{"type":"Point","coordinates":[-86.6419846,39.52456385]},"properties":{"name":"Eminence Jr-Sr High School","assetType":"Public High Schools","dataYear":"2018","assetId":"925451","subcategory":"Education","detail":"https://classic.savi.org/SAVI/PopUps/AssetMoreInfo.aspx?AssetID=925451"}},{"type":"Feature","geometry":{"type":"Point","coordinates":[-85.78763403,39.50585455]},"properties":{"name":"Especially Kidz Health & Rehab Cnt","assetType":"Public High Schools","dataYear":"2018","assetId":"925399","subcategory":"Education","detail":"https://classic.savi.org/SAVI/PopUps/AssetMoreInfo.aspx?AssetID=925399"}},{"type":"Feature","geometry":{"type":"Point","coordinates":[-85.92111885,39.96388339]},"properties":{"name":"FOCUS Program","assetType":"Public High Schools","dataYear":"2018","assetId":"926012","subcategory":"Education","detail":"https://classic.savi.org/SAVI/PopUps/AssetMoreInfo.aspx?AssetID=926012"}},{"type":"Feature","geometry":{"type":"Point","coordinates":[-85.96828492,39.97830126]},"properties":{"name":"Fishers High School","assetType":"Public High Schools","dataYear":"2018","assetId":"926008","subcategory":"Education","detail":"https://classic.savi.org/SAVI/PopUps/AssetMoreInfo.aspx?AssetID=926008"}},{"type":"Feature","geometry":{"type":"Point","coordinates":[-86.01847754,39.67780135]},"properties":{"name":"Franklin Central High School","assetType":"Public High Schools","dataYear":"2018","assetId":"925629","subcategory":"Education","detail":"https://classic.savi.org/SAVI/PopUps/AssetMoreInfo.aspx?AssetID=925629"}},{"type":"Feature","geometry":{"type":"Point","coordinates":[-86.08679371,39.51211449]},"properties":{"name":"Franklin Community High School","assetType":"Public High Schools","dataYear":"2018","assetId":"925799","subcategory":"Education","detail":"https://classic.savi.org/SAVI/PopUps/AssetMoreInfo.aspx?AssetID=925799"}},{"type":"Feature","geometry":{"type":"Point","coordinates":[-85.7729548,40.22004955]},"properties":{"name":"Frankton Jr-Sr High School","assetType":"Public High Schools","dataYear":"2018","assetId":"926147","subcategory":"Education","detail":"https://classic.savi.org/SAVI/PopUps/AssetMoreInfo.aspx?AssetID=926147"}},{"type":"Feature","geometry":{"type":"Point","coordinates":[-86.19886397,39.76593566]},"properties":{"name":"George Washington Community HS","assetType":"Public High Schools","dataYear":"2018","assetId":"925749","subcategory":"Education","detail":"https://classic.savi.org/SAVI/PopUps/AssetMoreInfo.aspx?AssetID=925749"}},{"type":"Feature","geometry":{"type":"Point","coordinates":[-86.84354088,39.64383952]},"properties":{"name":"Greencastle Senior High School","assetType":"Public High Schools","dataYear":"2018","assetId":"925417","subcategory":"Education","detail":"https://classic.savi.org/SAVI/PopUps/AssetMoreInfo.aspx?AssetID=925417"}},{"type":"Feature","geometry":{"type":"Point","coordinates":[-85.77960584,39.79244683]},"properties":{"name":"Greenfield-Central High School","assetType":"Public High Schools","dataYear":"2018","assetId":"925892","subcategory":"Education","detail":"https://classic.savi.org/SAVI/PopUps/AssetMoreInfo.aspx?AssetID=925892"}},{"type":"Feature","geometry":{"type":"Point","coordinates":[-86.11729256,39.60611903]},"properties":{"name":"Greenwood Community High Sch","assetType":"Public High Schools","dataYear":"2018","assetId":"925839","subcategory":"Education","detail":"https://classic.savi.org/SAVI/PopUps/AssetMoreInfo.aspx?AssetID=925839"}},{"type":"Feature","geometry":{"type":"Point","coordinates":[-86.01563154,40.16572544]},"properties":{"name":"Hamilton Heights High School","assetType":"Public High Schools","dataYear":"2018","assetId":"926001","subcategory":"Education","detail":"https://classic.savi.org/SAVI/PopUps/AssetMoreInfo.aspx?AssetID=926001"}},{"type":"Feature","geometry":{"type":"Point","coordinates":[-85.91613465,39.97097195]},"properties":{"name":"Hamilton Southeastern HS","assetType":"Public High Schools","dataYear":"2018","assetId":"926003","subcategory":"Education","detail":"https://classic.savi.org/SAVI/PopUps/AssetMoreInfo.aspx?AssetID=926003"}},{"type":"Feature","geometry":{"type":"Point","coordinates":[-86.2170238,39.77162472]},"properties":{"name":"Impact Academy","assetType":"Public High Schools","dataYear":"2018","assetId":"925588","subcategory":"Education","detail":"https://classic.savi.org/SAVI/PopUps/AssetMoreInfo.aspx?AssetID=925588"}},{"type":"Feature","geometry":{"type":"Point","coordinates":[-86.16068694,39.40733631]},"properties":{"name":"Indian Creek Sr High School","assetType":"Public High Schools","dataYear":"2018","assetId":"925777","subcategory":"Education","detail":"https://classic.savi.org/SAVI/PopUps/AssetMoreInfo.aspx?AssetID=925777"}},{"type":"Feature","geometry":{"type":"Point","coordinates":[-85.99559679,40.04987918]},"properties":{"name":"Juvenile Services Center","assetType":"Public High Schools","dataYear":"2018","assetId":"925931","subcategory":"Education","detail":"https://classic.savi.org/SAVI/PopUps/AssetMoreInfo.aspx?AssetID=925931"}},{"type":"Feature","geometry":{"type":"Point","coordinates":[-85.84082913,40.0771674]},"properties":{"name":"Lapel Sr High School","assetType":"Public High Schools","dataYear":"2018","assetId":"926143","subcategory":"Education","detail":"https://classic.savi.org/SAVI/PopUps/AssetMoreInfo.aspx?AssetID=926143"}},{"type":"Feature","geometry":{"type":"Point","coordinates":[-86.0397328,39.855199]},"properties":{"name":"Lawrence Central High School","assetType":"Public High Schools","dataYear":"2018","assetId":"925673","subcategory":"Education","detail":"https://classic.savi.org/SAVI/PopUps/AssetMoreInfo.aspx?AssetID=925673"}},{"type":"Feature","geometry":{"type":"Point","coordinates":[-86.03315292,39.89662332]},"properties":{"name":"Lawrence North High School","assetType":"Public High Schools","dataYear":"2018","assetId":"925672","subcategory":"Education","detail":"https://classic.savi.org/SAVI/PopUps/AssetMoreInfo.aspx?AssetID=925672"}},{"type":"Feature","geometry":{"type":"Point","coordinates":[-86.46372555,40.0570529]},"properties":{"name":"Lebanon Senior High School","assetType":"Public High Schools","dataYear":"2018","assetId":"925915","subcategory":"Education","detail":"https://classic.savi.org/SAVI/PopUps/AssetMoreInfo.aspx?AssetID=925915"}},{"type":"Feature","geometry":{"type":"Point","coordinates":[-86.41111546,39.41962672]},"properties":{"name":"Martinsville High School","assetType":"Public High Schools","dataYear":"2018","assetId":"925500","subcategory":"Education","detail":"https://classic.savi.org/SAVI/PopUps/AssetMoreInfo.aspx?AssetID=925500"}},{"type":"Feature","geometry":{"type":"Point","coordinates":[-86.47863379,39.5810845]},"properties":{"name":"Monrovia High School","assetType":"Public High Schools","dataYear":"2018","assetId":"925454","subcategory":"Education","detail":"https://classic.savi.org/SAVI/PopUps/AssetMoreInfo.aspx?AssetID=925454"}},{"type":"Feature","geometry":{"type":"Point","coordinates":[-86.37706401,39.61884082]},"properties":{"name":"Mooresville High School","assetType":"Public High Schools","dataYear":"2018","assetId":"925445","subcategory":"Education","detail":"https://classic.savi.org/SAVI/PopUps/AssetMoreInfo.aspx?AssetID=925445"}},{"type":"Feature","geometry":{"type":"Point","coordinates":[-85.70152503,39.67252857]},"properties":{"name":"Morristown Jr-Sr High School","assetType":"Public High Schools","dataYear":"2018","assetId":"925415","subcategory":"Education","detail":"https://classic.savi.org/SAVI/PopUps/AssetMoreInfo.aspx?AssetID=925415"}},{"type":"Feature","geometry":{"type":"Point","coordinates":[-85.84461415,39.90164431]},"properties":{"name":"Mt Vernon High School","assetType":"Public High Schools","dataYear":"2018","assetId":"925819","subcategory":"Education","detail":"https://classic.savi.org/SAVI/PopUps/AssetMoreInfo.aspx?AssetID=925819"}},{"type":"Feature","geometry":{"type":"Point","coordinates":[-85.89033951,39.71891537]},"properties":{"name":"New Palestine High School","assetType":"Public High Schools","dataYear":"2018","assetId":"925827","subcategory":"Education","detail":"https://classic.savi.org/SAVI/PopUps/AssetMoreInfo.aspx?AssetID=925827"}},{"type":"Feature","geometry":{"type":"Point","coordinates":[-85.99742839,40.05724497]},"properties":{"name":"Noblesville High School","assetType":"Public High Schools","dataYear":"2018","assetId":"925884","subcategory":"Education","detail":"https://classic.savi.org/SAVI/PopUps/AssetMoreInfo.aspx?AssetID=925884"}},{"type":"Feature","geometry":{"type":"Point","coordinates":[-86.12839474,39.91233035]},"properties":{"name":"North Central High School","assetType":"Public High Schools","dataYear":"2018","assetId":"925609","subcategory":"Education","detail":"https://classic.savi.org/SAVI/PopUps/AssetMoreInfo.aspx?AssetID=925609"}},{"type":"Feature","geometry":{"type":"Point","coordinates":[-86.80126888,39.78909046]},"properties":{"name":"North Putnam Sr High School","assetType":"Public High Schools","dataYear":"2018","assetId":"925422","subcategory":"Education","detail":"https://classic.savi.org/SAVI/PopUps/AssetMoreInfo.aspx?AssetID=925422"}},{"type":"Feature","geometry":{"type":"Point","coordinates":[-85.73573518,39.9968899]},"properties":{"name":"Pendleton Heights High School","assetType":"Public High Schools","dataYear":"2018","assetId":"925701","subcategory":"Education","detail":"https://classic.savi.org/SAVI/PopUps/AssetMoreInfo.aspx?AssetID=925701"}},{"type":"Feature","geometry":{"type":"Point","coordinates":[-86.16581433,39.64940008]},"properties":{"name":"Perry Meridian High School","assetType":"Public High Schools","dataYear":"2018","assetId":"925664","subcategory":"Education","detail":"https://classic.savi.org/SAVI/PopUps/AssetMoreInfo.aspx?AssetID=925664"}},{"type":"Feature","geometry":{"type":"Point","coordinates":[-86.25436307,39.88168109]},"properties":{"name":"Pike High School","assetType":"Public High Schools","dataYear":"2018","assetId":"925759","subcategory":"Education","detail":"https://classic.savi.org/SAVI/PopUps/AssetMoreInfo.aspx?AssetID=925759"}},{"type":"Feature","geometry":{"type":"Point","coordinates":[-86.37648499,39.68222898]},"properties":{"name":"Plainfield High School","assetType":"Public High Schools","dataYear":"2018","assetId":"925865","subcategory":"Education","detail":"https://classic.savi.org/SAVI/PopUps/AssetMoreInfo.aspx?AssetID=925865"}},{"type":"Feature","geometry":{"type":"Point","coordinates":[-86.2445557,39.72700567]},"properties":{"name":"Sanders School","assetType":"Public High Schools","dataYear":"2018","assetId":"925546","subcategory":"Education","detail":"https://classic.savi.org/SAVI/PopUps/AssetMoreInfo.aspx?AssetID=925546"}},{"type":"Feature","geometry":{"type":"Point","coordinates":[-85.78763403,39.50585455]},"properties":{"name":"Shelbyville Sr High School","assetType":"Public High Schools","dataYear":"2018","assetId":"925396","subcategory":"Education","detail":"https://classic.savi.org/SAVI/PopUps/AssetMoreInfo.aspx?AssetID=925396"}},{"type":"Feature","geometry":{"type":"Point","coordinates":[-86.21523952,40.14005887]},"properties":{"name":"Sheridan High School","assetType":"Public High Schools","dataYear":"2018","assetId":"925966","subcategory":"Education","detail":"https://classic.savi.org/SAVI/PopUps/AssetMoreInfo.aspx?AssetID=925966"}},{"type":"Feature","geometry":{"type":"Point","coordinates":[-86.15665729,39.81783886]},"properties":{"name":"Shortridge High School","assetType":"Public High Schools","dataYear":"2018","assetId":"925535","subcategory":"Education","detail":"https://classic.savi.org/SAVI/PopUps/AssetMoreInfo.aspx?AssetID=925535"}},{"type":"Feature","geometry":{"type":"Point","coordinates":[-86.8173922,39.58493853]},"properties":{"name":"South Putnam High School","assetType":"Public High Schools","dataYear":"2018","assetId":"925442","subcategory":"Education","detail":"https://classic.savi.org/SAVI/PopUps/AssetMoreInfo.aspx?AssetID=925442"}},{"type":"Feature","geometry":{"type":"Point","coordinates":[-86.14255358,39.67202607]},"properties":{"name":"Southport High School","assetType":"Public High Schools","dataYear":"2018","assetId":"925663","subcategory":"Education","detail":"https://classic.savi.org/SAVI/PopUps/AssetMoreInfo.aspx?AssetID=925663"}},{"type":"Feature","geometry":{"type":"Point","coordinates":[-85.84588701,39.44098752]},"properties":{"name":"Southwestern High School","assetType":"Public High Schools","dataYear":"2018","assetId":"925403","subcategory":"Education","detail":"https://classic.savi.org/SAVI/PopUps/AssetMoreInfo.aspx?AssetID=925403"}},{"type":"Feature","geometry":{"type":"Point","coordinates":[-86.25381429,39.80175717]},"properties":{"name":"Speedway Senior High School","assetType":"Public High Schools","dataYear":"2018","assetId":"925639","subcategory":"Education","detail":"https://classic.savi.org/SAVI/PopUps/AssetMoreInfo.aspx?AssetID=925639"}},{"type":"Feature","geometry":{"type":"Point","coordinates":[-86.13491757,39.77623892]},"properties":{"name":"Thrival Academy","assetType":"Public High Schools","dataYear":"2018","assetId":"925586","subcategory":"Education","detail":"https://classic.savi.org/SAVI/PopUps/AssetMoreInfo.aspx?AssetID=925586"}},{"type":"Feature","geometry":{"type":"Point","coordinates":[-86.54231198,39.87623288]},"properties":{"name":"Tri-West Senior High School","assetType":"Public High Schools","dataYear":"2018","assetId":"925878","subcategory":"Education","detail":"https://classic.savi.org/SAVI/PopUps/AssetMoreInfo.aspx?AssetID=925878"}},{"type":"Feature","geometry":{"type":"Point","coordinates":[-85.87291306,39.61127455]},"properties":{"name":"Triton Central High School","assetType":"Public High Schools","dataYear":"2018","assetId":"925407","subcategory":"Education","detail":"https://classic.savi.org/SAVI/PopUps/AssetMoreInfo.aspx?AssetID=925407"}},{"type":"Feature","geometry":{"type":"Point","coordinates":[-85.66155155,39.45344075]},"properties":{"name":"Waldron Jr-Sr High School","assetType":"Public High Schools","dataYear":"2018","assetId":"925411","subcategory":"Education","detail":"https://classic.savi.org/SAVI/PopUps/AssetMoreInfo.aspx?AssetID=925411"}},{"type":"Feature","geometry":{"type":"Point","coordinates":[-85.99868886,39.78957798]},"properties":{"name":"Warren Central High School","assetType":"Public High Schools","dataYear":"2018","assetId":"925716","subcategory":"Education","detail":"https://classic.savi.org/SAVI/PopUps/AssetMoreInfo.aspx?AssetID=925716"}},{"type":"Feature","geometry":{"type":"Point","coordinates":[-86.61962671,40.05733955]},"properties":{"name":"Western Boone Jr-Sr High School","assetType":"Public High Schools","dataYear":"2018","assetId":"926069","subcategory":"Education","detail":"https://classic.savi.org/SAVI/PopUps/AssetMoreInfo.aspx?AssetID=926069"}},{"type":"Feature","geometry":{"type":"Point","coordinates":[-86.13006402,40.05180716]},"properties":{"name":"Westfield High School","assetType":"Public High Schools","dataYear":"2018","assetId":"925977","subcategory":"Education","detail":"https://classic.savi.org/SAVI/PopUps/AssetMoreInfo.aspx?AssetID=925977"}},{"type":"Feature","geometry":{"type":"Point","coordinates":[-86.08410949,39.55126688]},"properties":{"name":"Whiteland Community High School","assetType":"Public High Schools","dataYear":"2018","assetId":"925832","subcategory":"Education","detail":"https://classic.savi.org/SAVI/PopUps/AssetMoreInfo.aspx?AssetID=925832"}},{"type":"Feature","geometry":{"type":"Point","coordinates":[-86.27196002,39.96178044]},"properties":{"name":"Zionsville Community High School","assetType":"Public High Schools","dataYear":"2018","assetId":"926065","subcategory":"Education","detail":"https://classic.savi.org/SAVI/PopUps/AssetMoreInfo.aspx?AssetID=926065"}},{"type":"Feature","geometry":{"type":"Point","coordinates":[-85.67849816,40.25208826]},"properties":{"name":"Alexandria-Monroe High School","assetType":"Public Junior High And High Schools","dataYear":"2017","assetId":"860092","subcategory":"Education","detail":"https://classic.savi.org/SAVI/PopUps/AssetMoreInfo.aspx?AssetID=860092"}},{"type":"Feature","geometry":{"type":"Point","coordinates":[-85.83545615,40.28894885]},"properties":{"name":"Elwood Jr-Sr High School","assetType":"Public Junior High And High Schools","dataYear":"2017","assetId":"860090","subcategory":"Education","detail":"https://classic.savi.org/SAVI/PopUps/AssetMoreInfo.aspx?AssetID=860090"}},{"type":"Feature","geometry":{"type":"Point","coordinates":[-86.64251666,39.52433318]},"properties":{"name":"Eminence Jr-Sr High School","assetType":"Public Junior High And High Schools","dataYear":"2017","assetId":"884934","subcategory":"Education","detail":"https://classic.savi.org/SAVI/PopUps/AssetMoreInfo.aspx?AssetID=884934"}},{"type":"Feature","geometry":{"type":"Point","coordinates":[-85.77294976,40.2200419]},"properties":{"name":"Frankton Jr-Sr High School","assetType":"Public Junior High And High Schools","dataYear":"2017","assetId":"860095","subcategory":"Education","detail":"https://classic.savi.org/SAVI/PopUps/AssetMoreInfo.aspx?AssetID=860095"}},{"type":"Feature","geometry":{"type":"Point","coordinates":[-85.70152001,39.67252102]},"properties":{"name":"Morristown Jr-Sr High School","assetType":"Public Junior High And High Schools","dataYear":"2017","assetId":"884935","subcategory":"Education","detail":"https://classic.savi.org/SAVI/PopUps/AssetMoreInfo.aspx?AssetID=884935"}},{"type":"Feature","geometry":{"type":"Point","coordinates":[-85.84588201,39.44098]},"properties":{"name":"Southwestern High School","assetType":"Public Junior High And High Schools","dataYear":"2017","assetId":"860100","subcategory":"Education","detail":"https://classic.savi.org/SAVI/PopUps/AssetMoreInfo.aspx?AssetID=860100"}},{"type":"Feature","geometry":{"type":"Point","coordinates":[-86.08520734,39.76906541]},"properties":{"name":"Thomas Carr Howe Comm High School","assetType":"Public Junior High And High Schools","dataYear":"2017","assetId":"860055","subcategory":"Education","detail":"https://classic.savi.org/SAVI/PopUps/AssetMoreInfo.aspx?AssetID=860055"}},{"type":"Feature","geometry":{"type":"Point","coordinates":[-85.66140401,39.45324801]},"properties":{"name":"Waldron Jr-Sr High School","assetType":"Public Junior High And High Schools","dataYear":"2017","assetId":"884937","subcategory":"Education","detail":"https://classic.savi.org/SAVI/PopUps/AssetMoreInfo.aspx?AssetID=884937"}},{"type":"Feature","geometry":{"type":"Point","coordinates":[-86.61321657,40.05635368]},"properties":{"name":"Western Boone Jr-Sr High School","assetType":"Public Junior High And High Schools","dataYear":"2017","assetId":"884929","subcategory":"Education","detail":"https://classic.savi.org/SAVI/PopUps/AssetMoreInfo.aspx?AssetID=884929"}},{"type":"Feature","geometry":{"type":"Point","coordinates":[-85.67850319,40.25209594]},"properties":{"name":"Alexandria-Monroe High School","assetType":"Public Junior High Schools","dataYear":"2018","assetId":"925694","subcategory":"Education","detail":"https://classic.savi.org/SAVI/PopUps/AssetMoreInfo.aspx?AssetID=925694"}},{"type":"Feature","geometry":{"type":"Point","coordinates":[-86.38102737,39.78150505]},"properties":{"name":"Avon Middle School North","assetType":"Public Junior High Schools","dataYear":"2018","assetId":"925872","subcategory":"Education","detail":"https://classic.savi.org/SAVI/PopUps/AssetMoreInfo.aspx?AssetID=925872"}},{"type":"Feature","geometry":{"type":"Point","coordinates":[-86.3961599,39.76214635]},"properties":{"name":"Avon Middle School South","assetType":"Public Junior High Schools","dataYear":"2018","assetId":"925866","subcategory":"Education","detail":"https://classic.savi.org/SAVI/PopUps/AssetMoreInfo.aspx?AssetID=925866"}},{"type":"Feature","geometry":{"type":"Point","coordinates":[-86.09672892,39.72537967]},"properties":{"name":"Beech Grove Middle School","assetType":"Public Junior High Schools","dataYear":"2018","assetId":"925593","subcategory":"Education","detail":"https://classic.savi.org/SAVI/PopUps/AssetMoreInfo.aspx?AssetID=925593"}},{"type":"Feature","geometry":{"type":"Point","coordinates":[-86.03447149,39.85479617]},"properties":{"name":"Belzer Middle School","assetType":"Public Junior High Schools","dataYear":"2018","assetId":"925671","subcategory":"Education","detail":"https://classic.savi.org/SAVI/PopUps/AssetMoreInfo.aspx?AssetID=925671"}},{"type":"Feature","geometry":{"type":"Point","coordinates":[-86.28865269,39.78243036]},"properties":{"name":"Ben Davis Ninth Grade Center","assetType":"Public Junior High Schools","dataYear":"2018","assetId":"925607","subcategory":"Education","detail":"https://classic.savi.org/SAVI/PopUps/AssetMoreInfo.aspx?AssetID=925607"}},{"type":"Feature","geometry":{"type":"Point","coordinates":[-86.24380011,39.20555702]},"properties":{"name":"Brown County Junior High","assetType":"Public Junior High Schools","dataYear":"2018","assetId":"926023","subcategory":"Education","detail":"https://classic.savi.org/SAVI/PopUps/AssetMoreInfo.aspx?AssetID=926023"}},{"type":"Feature","geometry":{"type":"Point","coordinates":[-86.37467336,39.8232302]},"properties":{"name":"Brownsburg East Middle School","assetType":"Public Junior High Schools","dataYear":"2018","assetId":"925942","subcategory":"Education","detail":"https://classic.savi.org/SAVI/PopUps/AssetMoreInfo.aspx?AssetID=925942"}},{"type":"Feature","geometry":{"type":"Point","coordinates":[-86.3855264,39.82035693]},"properties":{"name":"Brownsburg West Middle School","assetType":"Public Junior High Schools","dataYear":"2018","assetId":"925945","subcategory":"Education","detail":"https://classic.savi.org/SAVI/PopUps/AssetMoreInfo.aspx?AssetID=925945"}},{"type":"Feature","geometry":{"type":"Point","coordinates":[-85.71663438,40.09654334]},"properties":{"name":"COMPASS Alternative School","assetType":"Public Junior High Schools","dataYear":"2018","assetId":"925689","subcategory":"Education","detail":"https://classic.savi.org/SAVI/PopUps/AssetMoreInfo.aspx?AssetID=925689"}},{"type":"Feature","geometry":{"type":"Point","coordinates":[-86.14238353,39.97493306]},"properties":{"name":"Carmel Middle School","assetType":"Public Junior High Schools","dataYear":"2018","assetId":"925796","subcategory":"Education","detail":"https://classic.savi.org/SAVI/PopUps/AssetMoreInfo.aspx?AssetID=925796"}},{"type":"Feature","geometry":{"type":"Point","coordinates":[-86.55937673,39.66702288]},"properties":{"name":"Cascade Middle School","assetType":"Public Junior High Schools","dataYear":"2018","assetId":"925855","subcategory":"Education","detail":"https://classic.savi.org/SAVI/PopUps/AssetMoreInfo.aspx?AssetID=925855"}},{"type":"Feature","geometry":{"type":"Point","coordinates":[-86.15007837,39.77711552]},"properties":{"name":"Center For Inquiry School 2","assetType":"Public Junior High Schools","dataYear":"2018","assetId":"925558","subcategory":"Education","detail":"https://classic.savi.org/SAVI/PopUps/AssetMoreInfo.aspx?AssetID=925558"}},{"type":"Feature","geometry":{"type":"Point","coordinates":[-86.19535794,39.57731965]},"properties":{"name":"Center Grove Middle School Central","assetType":"Public Junior High Schools","dataYear":"2018","assetId":"925845","subcategory":"Education","detail":"https://classic.savi.org/SAVI/PopUps/AssetMoreInfo.aspx?AssetID=925845"}},{"type":"Feature","geometry":{"type":"Point","coordinates":[-86.19649234,39.61508411]},"properties":{"name":"Center Grove Middle School North","assetType":"Public Junior High Schools","dataYear":"2018","assetId":"925784","subcategory":"Education","detail":"https://classic.savi.org/SAVI/PopUps/AssetMoreInfo.aspx?AssetID=925784"}},{"type":"Feature","geometry":{"type":"Point","coordinates":[-86.14772223,39.79162571]},"properties":{"name":"Center for Inquiry School 27","assetType":"Public Junior High Schools","dataYear":"2018","assetId":"925744","subcategory":"Education","detail":"https://classic.savi.org/SAVI/PopUps/AssetMoreInfo.aspx?AssetID=925744"}},{"type":"Feature","geometry":{"type":"Point","coordinates":[-86.1497249,39.83967214]},"properties":{"name":"Center for Inquiry School 70","assetType":"Public Junior High Schools","dataYear":"2018","assetId":"925582","subcategory":"Education","detail":"https://classic.savi.org/SAVI/PopUps/AssetMoreInfo.aspx?AssetID=925582"}},{"type":"Feature","geometry":{"type":"Point","coordinates":[-86.15090311,39.85723351]},"properties":{"name":"Center for Inquiry School 84","assetType":"Public Junior High Schools","dataYear":"2018","assetId":"925748","subcategory":"Education","detail":"https://classic.savi.org/SAVI/PopUps/AssetMoreInfo.aspx?AssetID=925748"}},{"type":"Feature","geometry":{"type":"Point","coordinates":[-86.29102761,39.7800086]},"properties":{"name":"Chapel Hill 7th & 8th Grade Center","assetType":"Public Junior High Schools","dataYear":"2018","assetId":"925606","subcategory":"Education","detail":"https://classic.savi.org/SAVI/PopUps/AssetMoreInfo.aspx?AssetID=925606"}},{"type":"Feature","geometry":{"type":"Point","coordinates":[-86.06977271,39.58830481]},"properties":{"name":"Clark Pleasant Middle School","assetType":"Public Junior High Schools","dataYear":"2018","assetId":"925854","subcategory":"Education","detail":"https://classic.savi.org/SAVI/PopUps/AssetMoreInfo.aspx?AssetID=925854"}},{"type":"Feature","geometry":{"type":"Point","coordinates":[-86.0822465,39.97225599]},"properties":{"name":"Clay Middle School","assetType":"Public Junior High Schools","dataYear":"2018","assetId":"925901","subcategory":"Education","detail":"https://classic.savi.org/SAVI/PopUps/AssetMoreInfo.aspx?AssetID=925901"}},{"type":"Feature","geometry":{"type":"Point","coordinates":[-86.78805797,39.51078261]},"properties":{"name":"Cloverdale Middle School","assetType":"Public Junior High Schools","dataYear":"2018","assetId":"925418","subcategory":"Education","detail":"https://classic.savi.org/SAVI/PopUps/AssetMoreInfo.aspx?AssetID=925418"}},{"type":"Feature","geometry":{"type":"Point","coordinates":[-86.21937686,39.96824374]},"properties":{"name":"Creekside Middle School","assetType":"Public Junior High Schools","dataYear":"2018","assetId":"925786","subcategory":"Education","detail":"https://classic.savi.org/SAVI/PopUps/AssetMoreInfo.aspx?AssetID=925786"}},{"type":"Feature","geometry":{"type":"Point","coordinates":[-85.97251951,39.75525304]},"properties":{"name":"Creston Middle School","assetType":"Public Junior High Schools","dataYear":"2018","assetId":"925715","subcategory":"Education","detail":"https://classic.savi.org/SAVI/PopUps/AssetMoreInfo.aspx?AssetID=925715"}},{"type":"Feature","geometry":{"type":"Point","coordinates":[-86.18969244,39.7465911]},"properties":{"name":"Daniel Webster School 46","assetType":"Public Junior High Schools","dataYear":"2018","assetId":"925572","subcategory":"Education","detail":"https://classic.savi.org/SAVI/PopUps/AssetMoreInfo.aspx?AssetID=925572"}},{"type":"Feature","geometry":{"type":"Point","coordinates":[-86.54538193,39.75293042]},"properties":{"name":"Danville Middle School","assetType":"Public Junior High Schools","dataYear":"2018","assetId":"925889","subcategory":"Education","detail":"https://classic.savi.org/SAVI/PopUps/AssetMoreInfo.aspx?AssetID=925889"}},{"type":"Feature","geometry":{"type":"Point","coordinates":[-86.26948535,39.69035711]},"properties":{"name":"Decatur Middle School","assetType":"Public Junior High Schools","dataYear":"2018","assetId":"925680","subcategory":"Education","detail":"https://classic.savi.org/SAVI/PopUps/AssetMoreInfo.aspx?AssetID=925680"}},{"type":"Feature","geometry":{"type":"Point","coordinates":[-85.60988684,39.82411663]},"properties":{"name":"Eastern Hancock Middle School","assetType":"Public Junior High Schools","dataYear":"2018","assetId":"925817","subcategory":"Education","detail":"https://classic.savi.org/SAVI/PopUps/AssetMoreInfo.aspx?AssetID=925817"}},{"type":"Feature","geometry":{"type":"Point","coordinates":[-86.09275369,39.86850517]},"properties":{"name":"Eastwood Middle School","assetType":"Public Junior High Schools","dataYear":"2018","assetId":"925613","subcategory":"Education","detail":"https://classic.savi.org/SAVI/PopUps/AssetMoreInfo.aspx?AssetID=925613"}},{"type":"Feature","geometry":{"type":"Point","coordinates":[-85.96989202,39.3517092]},"properties":{"name":"Edinburgh Comm Middle School","assetType":"Public Junior High Schools","dataYear":"2018","assetId":"925804","subcategory":"Education","detail":"https://classic.savi.org/SAVI/PopUps/AssetMoreInfo.aspx?AssetID=925804"}},{"type":"Feature","geometry":{"type":"Point","coordinates":[-86.17626772,39.75738297]},"properties":{"name":"Edison School of the Arts 47","assetType":"Public Junior High Schools","dataYear":"2018","assetId":"925483","subcategory":"Education","detail":"https://classic.savi.org/SAVI/PopUps/AssetMoreInfo.aspx?AssetID=925483"}},{"type":"Feature","geometry":{"type":"Point","coordinates":[-85.83546123,40.2889565]},"properties":{"name":"Elwood Jr-Sr High School","assetType":"Public Junior High Schools","dataYear":"2018","assetId":"925634","subcategory":"Education","detail":"https://classic.savi.org/SAVI/PopUps/AssetMoreInfo.aspx?AssetID=925634"}},{"type":"Feature","geometry":{"type":"Point","coordinates":[-86.6419846,39.52456385]},"properties":{"name":"Eminence Jr-Sr High School","assetType":"Public Junior High Schools","dataYear":"2018","assetId":"925450","subcategory":"Education","detail":"https://classic.savi.org/SAVI/PopUps/AssetMoreInfo.aspx?AssetID=925450"}},{"type":"Feature","geometry":{"type":"Point","coordinates":[-85.92111885,39.96388339]},"properties":{"name":"Fall Creek Junior High","assetType":"Public Junior High Schools","dataYear":"2018","assetId":"925983","subcategory":"Education","detail":"https://classic.savi.org/SAVI/PopUps/AssetMoreInfo.aspx?AssetID=925983"}},{"type":"Feature","geometry":{"type":"Point","coordinates":[-85.99978315,39.87268124]},"properties":{"name":"Fall Creek Valley Middle School","assetType":"Public Junior High Schools","dataYear":"2018","assetId":"925627","subcategory":"Education","detail":"https://classic.savi.org/SAVI/PopUps/AssetMoreInfo.aspx?AssetID=925627"}},{"type":"Feature","geometry":{"type":"Point","coordinates":[-85.99660875,39.98130239]},"properties":{"name":"Fishers Junior High School","assetType":"Public Junior High Schools","dataYear":"2018","assetId":"925992","subcategory":"Education","detail":"https://classic.savi.org/SAVI/PopUps/AssetMoreInfo.aspx?AssetID=925992"}},{"type":"Feature","geometry":{"type":"Point","coordinates":[-86.13633335,39.80096459]},"properties":{"name":"Francis W Parker School 56","assetType":"Public Junior High Schools","dataYear":"2018","assetId":"925472","subcategory":"Education","detail":"https://classic.savi.org/SAVI/PopUps/AssetMoreInfo.aspx?AssetID=925472"}},{"type":"Feature","geometry":{"type":"Point","coordinates":[-86.06345805,39.48651594]},"properties":{"name":"Franklin Community Middle School","assetType":"Public Junior High Schools","dataYear":"2018","assetId":"925798","subcategory":"Education","detail":"https://classic.savi.org/SAVI/PopUps/AssetMoreInfo.aspx?AssetID=925798"}},{"type":"Feature","geometry":{"type":"Point","coordinates":[-86.03148464,39.68138873]},"properties":{"name":"Franklin Township Middle Sch West","assetType":"Public Junior High Schools","dataYear":"2018","assetId":"925735","subcategory":"Education","detail":"https://classic.savi.org/SAVI/PopUps/AssetMoreInfo.aspx?AssetID=925735"}},{"type":"Feature","geometry":{"type":"Point","coordinates":[-85.98225082,39.67498192]},"properties":{"name":"Franklin Township Middle Schl East","assetType":"Public Junior High Schools","dataYear":"2018","assetId":"925736","subcategory":"Education","detail":"https://classic.savi.org/SAVI/PopUps/AssetMoreInfo.aspx?AssetID=925736"}},{"type":"Feature","geometry":{"type":"Point","coordinates":[-85.7729548,40.22004955]},"properties":{"name":"Frankton Jr-Sr High School","assetType":"Public Junior High Schools","dataYear":"2018","assetId":"926146","subcategory":"Education","detail":"https://classic.savi.org/SAVI/PopUps/AssetMoreInfo.aspx?AssetID=926146"}},{"type":"Feature","geometry":{"type":"Point","coordinates":[-86.12918266,39.7396348]},"properties":{"name":"Frederick Douglass School 19","assetType":"Public Junior High Schools","dataYear":"2018","assetId":"925741","subcategory":"Education","detail":"https://classic.savi.org/SAVI/PopUps/AssetMoreInfo.aspx?AssetID=925741"}},{"type":"Feature","geometry":{"type":"Point","coordinates":[-86.0744816,39.76991463]},"properties":{"name":"George W Julian School 57","assetType":"Public Junior High Schools","dataYear":"2018","assetId":"925469","subcategory":"Education","detail":"https://classic.savi.org/SAVI/PopUps/AssetMoreInfo.aspx?AssetID=925469"}},{"type":"Feature","geometry":{"type":"Point","coordinates":[-86.16741887,39.80132799]},"properties":{"name":"George Washington Carver School 87","assetType":"Public Junior High Schools","dataYear":"2018","assetId":"925456","subcategory":"Education","detail":"https://classic.savi.org/SAVI/PopUps/AssetMoreInfo.aspx?AssetID=925456"}},{"type":"Feature","geometry":{"type":"Point","coordinates":[-86.19886397,39.76593566]},"properties":{"name":"George Washington Comm Middle Sch","assetType":"Public Junior High Schools","dataYear":"2018","assetId":"925533","subcategory":"Education","detail":"https://classic.savi.org/SAVI/PopUps/AssetMoreInfo.aspx?AssetID=925533"}},{"type":"Feature","geometry":{"type":"Point","coordinates":[-86.84138238,39.64324265]},"properties":{"name":"Greencastle Middle School","assetType":"Public Junior High Schools","dataYear":"2018","assetId":"925416","subcategory":"Education","detail":"https://classic.savi.org/SAVI/PopUps/AssetMoreInfo.aspx?AssetID=925416"}},{"type":"Feature","geometry":{"type":"Point","coordinates":[-85.7876299,39.80549701]},"properties":{"name":"Greenfield Central Junior High Sch","assetType":"Public Junior High Schools","dataYear":"2018","assetId":"925822","subcategory":"Education","detail":"https://classic.savi.org/SAVI/PopUps/AssetMoreInfo.aspx?AssetID=925822"}},{"type":"Feature","geometry":{"type":"Point","coordinates":[-86.12099199,39.59500644]},"properties":{"name":"Greenwood Middle School","assetType":"Public Junior High Schools","dataYear":"2018","assetId":"925838","subcategory":"Education","detail":"https://classic.savi.org/SAVI/PopUps/AssetMoreInfo.aspx?AssetID=925838"}},{"type":"Feature","geometry":{"type":"Point","coordinates":[-86.23359962,39.84586678]},"properties":{"name":"Guion Creek Middle School","assetType":"Public Junior High Schools","dataYear":"2018","assetId":"925756","subcategory":"Education","detail":"https://classic.savi.org/SAVI/PopUps/AssetMoreInfo.aspx?AssetID=925756"}},{"type":"Feature","geometry":{"type":"Point","coordinates":[-86.1333406,39.78113031]},"properties":{"name":"H L Harshman Middle School","assetType":"Public Junior High Schools","dataYear":"2018","assetId":"925504","subcategory":"Education","detail":"https://classic.savi.org/SAVI/PopUps/AssetMoreInfo.aspx?AssetID=925504"}},{"type":"Feature","geometry":{"type":"Point","coordinates":[-86.13682272,39.75916776]},"properties":{"name":"HW Longfellow Med STEM Magnet Midl","assetType":"Public Junior High Schools","dataYear":"2018","assetId":"925585","subcategory":"Education","detail":"https://classic.savi.org/SAVI/PopUps/AssetMoreInfo.aspx?AssetID=925585"}},{"type":"Feature","geometry":{"type":"Point","coordinates":[-86.02720227,40.17727547]},"properties":{"name":"Hamilton Heights Middle School","assetType":"Public Junior High Schools","dataYear":"2018","assetId":"925999","subcategory":"Education","detail":"https://classic.savi.org/SAVI/PopUps/AssetMoreInfo.aspx?AssetID=925999"}},{"type":"Feature","geometry":{"type":"Point","coordinates":[-85.8786074,39.9683222]},"properties":{"name":"Hamilton SE Int and Jr High Sch","assetType":"Public Junior High Schools","dataYear":"2018","assetId":"926007","subcategory":"Education","detail":"https://classic.savi.org/SAVI/PopUps/AssetMoreInfo.aspx?AssetID=926007"}},{"type":"Feature","geometry":{"type":"Point","coordinates":[-85.63132083,40.1350845]},"properties":{"name":"Highland Middle School","assetType":"Public Junior High Schools","dataYear":"2018","assetId":"925769","subcategory":"Education","detail":"https://classic.savi.org/SAVI/PopUps/AssetMoreInfo.aspx?AssetID=925769"}},{"type":"Feature","geometry":{"type":"Point","coordinates":[-86.15451912,39.81631464]},"properties":{"name":"IPS Butler Lab William Bell 60","assetType":"Public Junior High Schools","dataYear":"2018","assetId":"925513","subcategory":"Education","detail":"https://classic.savi.org/SAVI/PopUps/AssetMoreInfo.aspx?AssetID=925513"}},{"type":"Feature","geometry":{"type":"Point","coordinates":[-86.15951081,39.40735821]},"properties":{"name":"Indian Creek Middle School","assetType":"Public Junior High Schools","dataYear":"2018","assetId":"925778","subcategory":"Education","detail":"https://classic.savi.org/SAVI/PopUps/AssetMoreInfo.aspx?AssetID=925778"}},{"type":"Feature","geometry":{"type":"Point","coordinates":[-86.15249171,39.74508433]},"properties":{"name":"James A Garfield School 31","assetType":"Public Junior High Schools","dataYear":"2018","assetId":"925526","subcategory":"Education","detail":"https://classic.savi.org/SAVI/PopUps/AssetMoreInfo.aspx?AssetID=925526"}},{"type":"Feature","geometry":{"type":"Point","coordinates":[-86.1608616,39.82841963]},"properties":{"name":"James Whitcomb Riley School 43","assetType":"Public Junior High Schools","dataYear":"2018","assetId":"925575","subcategory":"Education","detail":"https://classic.savi.org/SAVI/PopUps/AssetMoreInfo.aspx?AssetID=925575"}},{"type":"Feature","geometry":{"type":"Point","coordinates":[-86.42714168,39.41910617]},"properties":{"name":"John R Wooden Middle School","assetType":"Public Junior High Schools","dataYear":"2018","assetId":"925499","subcategory":"Education","detail":"https://classic.savi.org/SAVI/PopUps/AssetMoreInfo.aspx?AssetID=925499"}},{"type":"Feature","geometry":{"type":"Point","coordinates":[-85.84523189,40.0613046]},"properties":{"name":"Lapel Middle School","assetType":"Public Junior High Schools","dataYear":"2018","assetId":"926142","subcategory":"Education","detail":"https://classic.savi.org/SAVI/PopUps/AssetMoreInfo.aspx?AssetID=926142"}},{"type":"Feature","geometry":{"type":"Point","coordinates":[-86.46024295,40.06103032]},"properties":{"name":"Lebanon Middle School","assetType":"Public Junior High Schools","dataYear":"2018","assetId":"925914","subcategory":"Education","detail":"https://classic.savi.org/SAVI/PopUps/AssetMoreInfo.aspx?AssetID=925914"}},{"type":"Feature","geometry":{"type":"Point","coordinates":[-86.25302912,39.88170724]},"properties":{"name":"Lincoln Middle School","assetType":"Public Junior High Schools","dataYear":"2018","assetId":"925757","subcategory":"Education","detail":"https://classic.savi.org/SAVI/PopUps/AssetMoreInfo.aspx?AssetID=925757"}},{"type":"Feature","geometry":{"type":"Point","coordinates":[-86.25012716,39.72394387]},"properties":{"name":"Lynhurst 7th & 8th Grade Center","assetType":"Public Junior High Schools","dataYear":"2018","assetId":"925605","subcategory":"Education","detail":"https://classic.savi.org/SAVI/PopUps/AssetMoreInfo.aspx?AssetID=925605"}},{"type":"Feature","geometry":{"type":"Point","coordinates":[-86.12137531,39.86247928]},"properties":{"name":"Merle Sidener Gifted Academy","assetType":"Public Junior High Schools","dataYear":"2018","assetId":"925480","subcategory":"Education","detail":"https://classic.savi.org/SAVI/PopUps/AssetMoreInfo.aspx?AssetID=925480"}},{"type":"Feature","geometry":{"type":"Point","coordinates":[-86.47980025,39.57549012]},"properties":{"name":"Monrovia Middle School","assetType":"Public Junior High Schools","dataYear":"2018","assetId":"925485","subcategory":"Education","detail":"https://classic.savi.org/SAVI/PopUps/AssetMoreInfo.aspx?AssetID=925485"}},{"type":"Feature","geometry":{"type":"Point","coordinates":[-85.70152503,39.67252857]},"properties":{"name":"Morristown Jr-Sr High School","assetType":"Public Junior High Schools","dataYear":"2018","assetId":"925414","subcategory":"Education","detail":"https://classic.savi.org/SAVI/PopUps/AssetMoreInfo.aspx?AssetID=925414"}},{"type":"Feature","geometry":{"type":"Point","coordinates":[-85.84090664,39.90118787]},"properties":{"name":"Mt Vernon Middle School","assetType":"Public Junior High Schools","dataYear":"2018","assetId":"925951","subcategory":"Education","detail":"https://classic.savi.org/SAVI/PopUps/AssetMoreInfo.aspx?AssetID=925951"}},{"type":"Feature","geometry":{"type":"Point","coordinates":[-86.22224174,39.87226678]},"properties":{"name":"New Augusta Public Academy - North","assetType":"Public Junior High Schools","dataYear":"2018","assetId":"925717","subcategory":"Education","detail":"https://classic.savi.org/SAVI/PopUps/AssetMoreInfo.aspx?AssetID=925717"}},{"type":"Feature","geometry":{"type":"Point","coordinates":[-85.9123179,39.75240887]},"properties":{"name":"New Palestine Jr High School","assetType":"Public Junior High Schools","dataYear":"2018","assetId":"925826","subcategory":"Education","detail":"https://classic.savi.org/SAVI/PopUps/AssetMoreInfo.aspx?AssetID=925826"}},{"type":"Feature","geometry":{"type":"Point","coordinates":[-86.00390066,40.05740556]},"properties":{"name":"Noblesville East Middle School","assetType":"Public Junior High Schools","dataYear":"2018","assetId":"925965","subcategory":"Education","detail":"https://classic.savi.org/SAVI/PopUps/AssetMoreInfo.aspx?AssetID=925965"}},{"type":"Feature","geometry":{"type":"Point","coordinates":[-86.03125425,40.07711248]},"properties":{"name":"Noblesville West Middle School","assetType":"Public Junior High Schools","dataYear":"2018","assetId":"925932","subcategory":"Education","detail":"https://classic.savi.org/SAVI/PopUps/AssetMoreInfo.aspx?AssetID=925932"}},{"type":"Feature","geometry":{"type":"Point","coordinates":[-86.80241895,39.7897337]},"properties":{"name":"North Putnam Middle School","assetType":"Public Junior High Schools","dataYear":"2018","assetId":"925423","subcategory":"Education","detail":"https://classic.savi.org/SAVI/PopUps/AssetMoreInfo.aspx?AssetID=925423"}},{"type":"Feature","geometry":{"type":"Point","coordinates":[-86.13423842,39.90946025]},"properties":{"name":"Northview Middle School","assetType":"Public Junior High Schools","dataYear":"2018","assetId":"925612","subcategory":"Education","detail":"https://classic.savi.org/SAVI/PopUps/AssetMoreInfo.aspx?AssetID=925612"}},{"type":"Feature","geometry":{"type":"Point","coordinates":[-86.25699521,39.81631629]},"properties":{"name":"Northwest Community Middle School","assetType":"Public Junior High Schools","dataYear":"2018","assetId":"925527","subcategory":"Education","detail":"https://classic.savi.org/SAVI/PopUps/AssetMoreInfo.aspx?AssetID=925527"}},{"type":"Feature","geometry":{"type":"Point","coordinates":[-86.37881423,39.61867571]},"properties":{"name":"Paul Hadley Middle School","assetType":"Public Junior High Schools","dataYear":"2018","assetId":"925444","subcategory":"Education","detail":"https://classic.savi.org/SAVI/PopUps/AssetMoreInfo.aspx?AssetID=925444"}},{"type":"Feature","geometry":{"type":"Point","coordinates":[-85.72855405,39.99490688]},"properties":{"name":"Pendleton Heights Middle School","assetType":"Public Junior High Schools","dataYear":"2018","assetId":"925700","subcategory":"Education","detail":"https://classic.savi.org/SAVI/PopUps/AssetMoreInfo.aspx?AssetID=925700"}},{"type":"Feature","geometry":{"type":"Point","coordinates":[-86.16111317,39.64974968]},"properties":{"name":"Perry Meridian 6th Grade Academy","assetType":"Public Junior High Schools","dataYear":"2018","assetId":"925651","subcategory":"Education","detail":"https://classic.savi.org/SAVI/PopUps/AssetMoreInfo.aspx?AssetID=925651"}},{"type":"Feature","geometry":{"type":"Point","coordinates":[-86.16111317,39.64974968]},"properties":{"name":"Perry Meridian Middle School","assetType":"Public Junior High Schools","dataYear":"2018","assetId":"925649","subcategory":"Education","detail":"https://classic.savi.org/SAVI/PopUps/AssetMoreInfo.aspx?AssetID=925649"}},{"type":"Feature","geometry":{"type":"Point","coordinates":[-86.39374814,39.69575966]},"properties":{"name":"Plainfield Community Middle School","assetType":"Public Junior High Schools","dataYear":"2018","assetId":"925864","subcategory":"Education","detail":"https://classic.savi.org/SAVI/PopUps/AssetMoreInfo.aspx?AssetID=925864"}},{"type":"Feature","geometry":{"type":"Point","coordinates":[-86.01627632,39.74001036]},"properties":{"name":"Raymond Park Middle School","assetType":"Public Junior High Schools","dataYear":"2018","assetId":"925713","subcategory":"Education","detail":"https://classic.savi.org/SAVI/PopUps/AssetMoreInfo.aspx?AssetID=925713"}},{"type":"Feature","geometry":{"type":"Point","coordinates":[-86.06273951,39.94590608]},"properties":{"name":"Riverside Junior High","assetType":"Public Junior High Schools","dataYear":"2018","assetId":"926006","subcategory":"Education","detail":"https://classic.savi.org/SAVI/PopUps/AssetMoreInfo.aspx?AssetID=926006"}},{"type":"Feature","geometry":{"type":"Point","coordinates":[-86.12646228,39.84554732]},"properties":{"name":"Rousseau McClellan School 91","assetType":"Public Junior High Schools","dataYear":"2018","assetId":"925463","subcategory":"Education","detail":"https://classic.savi.org/SAVI/PopUps/AssetMoreInfo.aspx?AssetID=925463"}},{"type":"Feature","geometry":{"type":"Point","coordinates":[-85.793172,39.50576954]},"properties":{"name":"Shelbyville Middle School","assetType":"Public Junior High Schools","dataYear":"2018","assetId":"925395","subcategory":"Education","detail":"https://classic.savi.org/SAVI/PopUps/AssetMoreInfo.aspx?AssetID=925395"}},{"type":"Feature","geometry":{"type":"Point","coordinates":[-86.21399685,40.14036277]},"properties":{"name":"Sheridan Middle School","assetType":"Public Junior High Schools","dataYear":"2018","assetId":"925903","subcategory":"Education","detail":"https://classic.savi.org/SAVI/PopUps/AssetMoreInfo.aspx?AssetID=925903"}},{"type":"Feature","geometry":{"type":"Point","coordinates":[-86.8173922,39.58493853]},"properties":{"name":"South Putnam Middle School","assetType":"Public Junior High Schools","dataYear":"2018","assetId":"925425","subcategory":"Education","detail":"https://classic.savi.org/SAVI/PopUps/AssetMoreInfo.aspx?AssetID=925425"}},{"type":"Feature","geometry":{"type":"Point","coordinates":[-86.12038589,39.68394182]},"properties":{"name":"Southport 6th Grade Academy","assetType":"Public Junior High Schools","dataYear":"2018","assetId":"925662","subcategory":"Education","detail":"https://classic.savi.org/SAVI/PopUps/AssetMoreInfo.aspx?AssetID=925662"}},{"type":"Feature","geometry":{"type":"Point","coordinates":[-86.12038589,39.68394182]},"properties":{"name":"Southport Middle School","assetType":"Public Junior High Schools","dataYear":"2018","assetId":"925650","subcategory":"Education","detail":"https://classic.savi.org/SAVI/PopUps/AssetMoreInfo.aspx?AssetID=925650"}},{"type":"Feature","geometry":{"type":"Point","coordinates":[-85.84588701,39.44098752]},"properties":{"name":"Southwestern High School","assetType":"Public Junior High Schools","dataYear":"2018","assetId":"925402","subcategory":"Education","detail":"https://classic.savi.org/SAVI/PopUps/AssetMoreInfo.aspx?AssetID=925402"}},{"type":"Feature","geometry":{"type":"Point","coordinates":[-86.24762522,39.78504015]},"properties":{"name":"Speedway Junior High School","assetType":"Public Junior High Schools","dataYear":"2018","assetId":"925640","subcategory":"Education","detail":"https://classic.savi.org/SAVI/PopUps/AssetMoreInfo.aspx?AssetID=925640"}},{"type":"Feature","geometry":{"type":"Point","coordinates":[-86.22164737,39.77599554]},"properties":{"name":"Stephen Foster School 67","assetType":"Public Junior High Schools","dataYear":"2018","assetId":"925566","subcategory":"Education","detail":"https://classic.savi.org/SAVI/PopUps/AssetMoreInfo.aspx?AssetID=925566"}},{"type":"Feature","geometry":{"type":"Point","coordinates":[-85.96588452,39.80780471]},"properties":{"name":"Stonybrook Middle School","assetType":"Public Junior High Schools","dataYear":"2018","assetId":"925714","subcategory":"Education","detail":"https://classic.savi.org/SAVI/PopUps/AssetMoreInfo.aspx?AssetID=925714"}},{"type":"Feature","geometry":{"type":"Point","coordinates":[-86.5371363,39.87834152]},"properties":{"name":"Tri-West Middle School","assetType":"Public Junior High Schools","dataYear":"2018","assetId":"925813","subcategory":"Education","detail":"https://classic.savi.org/SAVI/PopUps/AssetMoreInfo.aspx?AssetID=925813"}},{"type":"Feature","geometry":{"type":"Point","coordinates":[-85.87028107,39.61287759]},"properties":{"name":"Triton Central Middle School","assetType":"Public Junior High Schools","dataYear":"2018","assetId":"925404","subcategory":"Education","detail":"https://classic.savi.org/SAVI/PopUps/AssetMoreInfo.aspx?AssetID=925404"}},{"type":"Feature","geometry":{"type":"Point","coordinates":[-85.6615575,39.45344075]},"properties":{"name":"Waldron Jr-Sr High School","assetType":"Public Junior High Schools","dataYear":"2018","assetId":"925410","subcategory":"Education","detail":"https://classic.savi.org/SAVI/PopUps/AssetMoreInfo.aspx?AssetID=925410"}},{"type":"Feature","geometry":{"type":"Point","coordinates":[-86.1369625,39.76852442]},"properties":{"name":"Washington Irving School 14","assetType":"Public Junior High Schools","dataYear":"2018","assetId":"925532","subcategory":"Education","detail":"https://classic.savi.org/SAVI/PopUps/AssetMoreInfo.aspx?AssetID=925532"}},{"type":"Feature","geometry":{"type":"Point","coordinates":[-86.19596263,39.78410636]},"properties":{"name":"Wendell Phillips School 63","assetType":"Public Junior High Schools","dataYear":"2018","assetId":"925510","subcategory":"Education","detail":"https://classic.savi.org/SAVI/PopUps/AssetMoreInfo.aspx?AssetID=925510"}},{"type":"Feature","geometry":{"type":"Point","coordinates":[-86.61962671,40.05733955]},"properties":{"name":"Western Boone Jr-Sr High School","assetType":"Public Junior High Schools","dataYear":"2018","assetId":"926068","subcategory":"Education","detail":"https://classic.savi.org/SAVI/PopUps/AssetMoreInfo.aspx?AssetID=926068"}},{"type":"Feature","geometry":{"type":"Point","coordinates":[-86.13289915,40.04784297]},"properties":{"name":"Westfield Middle School","assetType":"Public Junior High Schools","dataYear":"2018","assetId":"925980","subcategory":"Education","detail":"https://classic.savi.org/SAVI/PopUps/AssetMoreInfo.aspx?AssetID=925980"}},{"type":"Feature","geometry":{"type":"Point","coordinates":[-86.18236173,39.88611462]},"properties":{"name":"Westlane Middle School","assetType":"Public Junior High Schools","dataYear":"2018","assetId":"925611","subcategory":"Education","detail":"https://classic.savi.org/SAVI/PopUps/AssetMoreInfo.aspx?AssetID=925611"}},{"type":"Feature","geometry":{"type":"Point","coordinates":[-86.19025866,39.75323744]},"properties":{"name":"William Penn School 49","assetType":"Public Junior High Schools","dataYear":"2018","assetId":"925568","subcategory":"Education","detail":"https://classic.savi.org/SAVI/PopUps/AssetMoreInfo.aspx?AssetID=925568"}},{"type":"Feature","geometry":{"type":"Point","coordinates":[-86.28445314,39.96020508]},"properties":{"name":"Zionsville Middle School","assetType":"Public Junior High Schools","dataYear":"2018","assetId":"926066","subcategory":"Education","detail":"https://classic.savi.org/SAVI/PopUps/AssetMoreInfo.aspx?AssetID=926066"}},{"type":"Feature","geometry":{"type":"Point","coordinates":[-86.33639142,39.95998639]},"properties":{"name":"Zionsville West Middle School","assetType":"Public Junior High Schools","dataYear":"2018","assetId":"926067","subcategory":"Education","detail":"https://classic.savi.org/SAVI/PopUps/AssetMoreInfo.aspx?AssetID=926067"}},{"type":"Feature","geometry":{"type":"Point","coordinates":[-85.77478056,39.97006056]},"properties":{"name":"Pendleton Juv Correctional Fac","assetType":"Public Juvenile Corrections","dataYear":"2011","assetId":"679915","subcategory":"Education","detail":"https://classic.savi.org/SAVI/PopUps/AssetMoreInfo.aspx?AssetID=679915"}},{"type":"Feature","geometry":{"type":"Point","coordinates":[-86.26892253,39.78183796]},"properties":{"name":"Area 31 Career & Tech Center","assetType":"Public Other","dataYear":"2018","assetId":"925598","subcategory":"Education","detail":"https://classic.savi.org/SAVI/PopUps/AssetMoreInfo.aspx?AssetID=925598"}},{"type":"Feature","geometry":{"type":"Point","coordinates":[-86.127681,39.91232508]},"properties":{"name":"J Everett Light Career Center","assetType":"Public Other","dataYear":"2018","assetId":"925610","subcategory":"Education","detail":"https://classic.savi.org/SAVI/PopUps/AssetMoreInfo.aspx?AssetID=925610"}},{"type":"Feature","geometry":{"type":"Point","coordinates":[-85.83454689,40.28820339]},"properties":{"name":"John H Hinds Career Center","assetType":"Public Other","dataYear":"2018","assetId":"925684","subcategory":"Education","detail":"https://classic.savi.org/SAVI/PopUps/AssetMoreInfo.aspx?AssetID=925684"}},{"type":"Feature","geometry":{"type":"Point","coordinates":[-86.0405754,39.89215095]},"properties":{"name":"McKenzie Career Center","assetType":"Public Other","dataYear":"2018","assetId":"925665","subcategory":"Education","detail":"https://classic.savi.org/SAVI/PopUps/AssetMoreInfo.aspx?AssetID=925665"}},{"type":"Feature","geometry":{"type":"Point","coordinates":[-85.9972236,39.79605186]},"properties":{"name":"Walker Career Center","assetType":"Public Other","dataYear":"2018","assetId":"925642","subcategory":"Education","detail":"https://classic.savi.org/SAVI/PopUps/AssetMoreInfo.aspx?AssetID=925642"}},{"type":"Feature","geometry":{"type":"Point","coordinates":[-86.1545948,39.77723478]},"properties":{"name":"Central State Hospital School","assetType":"Public Special Education","dataYear":"2016","assetId":"837445","subcategory":"Education","detail":"https://classic.savi.org/SAVI/PopUps/AssetMoreInfo.aspx?AssetID=837445"}},{"type":"Feature","geometry":{"type":"Point","coordinates":[-86.07349405,39.52111247]},"properties":{"name":"Earlywood Education Center","assetType":"Public Special Education","dataYear":"2016","assetId":"836936","subcategory":"Education","detail":"https://classic.savi.org/SAVI/PopUps/AssetMoreInfo.aspx?AssetID=836936"}},{"type":"Feature","geometry":{"type":"Point","coordinates":[-86.1545948,39.77723478]},"properties":{"name":"Family Support Center","assetType":"Public Special Education","dataYear":"2016","assetId":"836966","subcategory":"Education","detail":"https://classic.savi.org/SAVI/PopUps/AssetMoreInfo.aspx?AssetID=836966"}},{"type":"Feature","geometry":{"type":"Point","coordinates":[-86.41276246,39.42843394]},"properties":{"name":"H Robert Hammons School","assetType":"Public Special Education","dataYear":"2016","assetId":"836948","subcategory":"Education","detail":"https://classic.savi.org/SAVI/PopUps/AssetMoreInfo.aspx?AssetID=836948"}},{"type":"Feature","geometry":{"type":"Point","coordinates":[-85.77428173,39.81135279]},"properties":{"name":"Hancock-South Madison Joint Srvs","assetType":"Public Special Education","dataYear":"2016","assetId":"837551","subcategory":"Education","detail":"https://classic.savi.org/SAVI/PopUps/AssetMoreInfo.aspx?AssetID=837551"}},{"type":"Feature","geometry":{"type":"Point","coordinates":[-86.15720143,39.79357106]},"properties":{"name":"Julian Center","assetType":"Public Special Education","dataYear":"2016","assetId":"837524","subcategory":"Education","detail":"https://classic.savi.org/SAVI/PopUps/AssetMoreInfo.aspx?AssetID=837524"}},{"type":"Feature","geometry":{"type":"Point","coordinates":[-86.20302034,39.8026721]},"properties":{"name":"Larue Carter Memorial","assetType":"Public Special Education","dataYear":"2016","assetId":"836989","subcategory":"Education","detail":"https://classic.savi.org/SAVI/PopUps/AssetMoreInfo.aspx?AssetID=836989"}},{"type":"Feature","geometry":{"type":"Point","coordinates":[-86.07366492,39.78794874]},"properties":{"name":"Lutherwood School","assetType":"Public Special Education","dataYear":"2016","assetId":"837507","subcategory":"Education","detail":"https://classic.savi.org/SAVI/PopUps/AssetMoreInfo.aspx?AssetID=837507"}},{"type":"Feature","geometry":{"type":"Point","coordinates":[-86.1545948,39.77723478]},"properties":{"name":"Methodist Hospital School","assetType":"Public Special Education","dataYear":"2016","assetId":"837508","subcategory":"Education","detail":"https://classic.savi.org/SAVI/PopUps/AssetMoreInfo.aspx?AssetID=837508"}},{"type":"Feature","geometry":{"type":"Point","coordinates":[-86.1545948,39.77723478]},"properties":{"name":"Midwest Hospital School","assetType":"Public Special Education","dataYear":"2016","assetId":"837511","subcategory":"Education","detail":"https://classic.savi.org/SAVI/PopUps/AssetMoreInfo.aspx?AssetID=837511"}},{"type":"Feature","geometry":{"type":"Point","coordinates":[-85.794429,39.50428001]},"properties":{"name":"Miller Road School","assetType":"Public Special Education","dataYear":"2016","assetId":"836931","subcategory":"Education","detail":"https://classic.savi.org/SAVI/PopUps/AssetMoreInfo.aspx?AssetID=836931"}},{"type":"Feature","geometry":{"type":"Point","coordinates":[-86.85594958,39.6402704]},"properties":{"name":"Old Natl Trail Spec Srvs Coop","assetType":"Public Special Education","dataYear":"2016","assetId":"836935","subcategory":"Education","detail":"https://classic.savi.org/SAVI/PopUps/AssetMoreInfo.aspx?AssetID=836935"}},{"type":"Feature","geometry":{"type":"Point","coordinates":[-86.1545948,39.77723478]},"properties":{"name":"Riley Hospital School","assetType":"Public Special Education","dataYear":"2016","assetId":"837510","subcategory":"Education","detail":"https://classic.savi.org/SAVI/PopUps/AssetMoreInfo.aspx?AssetID=837510"}},{"type":"Feature","geometry":{"type":"Point","coordinates":[-86.1545948,39.77723478]},"properties":{"name":"Turning Point","assetType":"Public Special Education","dataYear":"2016","assetId":"837506","subcategory":"Education","detail":"https://classic.savi.org/SAVI/PopUps/AssetMoreInfo.aspx?AssetID=837506"}},{"type":"Feature","geometry":{"type":"Point","coordinates":[-86.87111821,39.64792076]},"properties":{"name":"Area 30 Career Center","assetType":"Public Vocational","dataYear":"2013","assetId":"812123","subcategory":"Education","detail":"https://classic.savi.org/SAVI/PopUps/AssetMoreInfo.aspx?AssetID=812123"}},{"type":"Feature","geometry":{"type":"Point","coordinates":[-85.7882253,39.51171283]},"properties":{"name":"Blue River Career Ctr","assetType":"Public Vocational","dataYear":"2013","assetId":"812124","subcategory":"Education","detail":"https://classic.savi.org/SAVI/PopUps/AssetMoreInfo.aspx?AssetID=812124"}},{"type":"Feature","geometry":{"type":"Point","coordinates":[-86.09987055,39.58954859]},"properties":{"name":"Central Nine Career Center","assetType":"Public Vocational","dataYear":"2013","assetId":"812118","subcategory":"Education","detail":"https://classic.savi.org/SAVI/PopUps/AssetMoreInfo.aspx?AssetID=812118"}},{"type":"Feature","geometry":{"type":"Point","coordinates":[-86.12784041,39.90955777]},"properties":{"name":"J Everett Light Career Ctr","assetType":"Public Vocational","dataYear":"2013","assetId":"812122","subcategory":"Education","detail":"https://classic.savi.org/SAVI/PopUps/AssetMoreInfo.aspx?AssetID=812122"}},{"type":"Feature","geometry":{"type":"Point","coordinates":[-86.04098607,39.89079931]},"properties":{"name":"McKenzie Career Center","assetType":"Public Vocational","dataYear":"2013","assetId":"812120","subcategory":"Education","detail":"https://classic.savi.org/SAVI/PopUps/AssetMoreInfo.aspx?AssetID=812120"}},{"type":"Feature","geometry":{"type":"Point","coordinates":[-85.99700968,39.79670095]},"properties":{"name":"Walker Career Center","assetType":"Public Vocational","dataYear":"2013","assetId":"812121","subcategory":"Education","detail":"https://classic.savi.org/SAVI/PopUps/AssetMoreInfo.aspx?AssetID=812121"}},{"type":"Feature","geometry":{"type":"Point","coordinates":[-86.81866992,39.648341]},"properties":{"name":"AREA 30 CAREER CENTER","assetType":"Adult Basic Education","dataYear":"2019","assetId":"920900","subcategory":"Education","detail":"https://classic.savi.org/SAVI/PopUps/AssetMoreInfo.aspx?AssetID=920900"}},{"type":"Feature","geometry":{"type":"Point","coordinates":[-85.78792303,39.51138855]},"properties":{"name":"BLUE RIVER CAREER PROGRAMS BRCP","assetType":"Adult Basic Education","dataYear":"2019","assetId":"917728","subcategory":"Education","detail":"https://classic.savi.org/SAVI/PopUps/AssetMoreInfo.aspx?AssetID=917728"}},{"type":"Feature","geometry":{"type":"Point","coordinates":[-86.24352677,39.20661386]},"properties":{"name":"BROWN COUNTY CAREER RESOURCE CENTER","assetType":"Adult Basic Education","dataYear":"2019","assetId":"917086","subcategory":"Education","detail":"https://classic.savi.org/SAVI/PopUps/AssetMoreInfo.aspx?AssetID=917086"}},{"type":"Feature","geometry":{"type":"Point","coordinates":[-86.10124191,39.58913637]},"properties":{"name":"CENTRAL NINE CAREER CENTER","assetType":"Adult Basic Education","dataYear":"2019","assetId":"922271","subcategory":"Education","detail":"https://classic.savi.org/SAVI/PopUps/AssetMoreInfo.aspx?AssetID=922271"}},{"type":"Feature","geometry":{"type":"Point","coordinates":[-86.13475859,39.90872629]},"properties":{"name":"COMMUNITY & CONTINUING EDUCATION","assetType":"Adult Basic Education","dataYear":"2019","assetId":"918434","subcategory":"Education","detail":"https://classic.savi.org/SAVI/PopUps/AssetMoreInfo.aspx?AssetID=918434"}},{"type":"Feature","geometry":{"type":"Point","coordinates":[-86.01170847,39.82746745]},"properties":{"name":"COMMUNITY ALLIANCE OF THE FAR EASTSIDE CAF","assetType":"Adult Basic Education","dataYear":"2019","assetId":"918940","subcategory":"Education","detail":"https://classic.savi.org/SAVI/PopUps/AssetMoreInfo.aspx?AssetID=918940"}},{"type":"Feature","geometry":{"type":"Point","coordinates":[-86.15555232,39.76857901]},"properties":{"name":"EDUCATE BEYOND ALL BARRIERS","assetType":"Adult Basic Education","dataYear":"2019","assetId":"919490","subcategory":"Education","detail":"https://classic.savi.org/SAVI/PopUps/AssetMoreInfo.aspx?AssetID=919490"}},{"type":"Feature","geometry":{"type":"Point","coordinates":[-86.17027103,39.80159246]},"properties":{"name":"FLANNER HOUSE OF INDIANAPOLIS","assetType":"Adult Basic Education","dataYear":"2019","assetId":"919413","subcategory":"Education","detail":"https://classic.savi.org/SAVI/PopUps/AssetMoreInfo.aspx?AssetID=919413"}},{"type":"Feature","geometry":{"type":"Point","coordinates":[-86.20166779,39.76743222]},"properties":{"name":"HAWTHORNE COMMUNITY CENTER","assetType":"Adult Basic Education","dataYear":"2019","assetId":"918425","subcategory":"Education","detail":"https://classic.savi.org/SAVI/PopUps/AssetMoreInfo.aspx?AssetID=918425"}},{"type":"Feature","geometry":{"type":"Point","coordinates":[-85.67373853,40.24967296]},"properties":{"name":"HINDS CAREER CENTER - ALEXANDRIA","assetType":"Adult Basic Education","dataYear":"2019","assetId":"920103","subcategory":"Education","detail":"https://classic.savi.org/SAVI/PopUps/AssetMoreInfo.aspx?AssetID=920103"}},{"type":"Feature","geometry":{"type":"Point","coordinates":[-85.83454689,40.28820339]},"properties":{"name":"HINDS CAREER CENTER - ELWOOD","assetType":"Adult Basic Education","dataYear":"2019","assetId":"920109","subcategory":"Education","detail":"https://classic.savi.org/SAVI/PopUps/AssetMoreInfo.aspx?AssetID=920109"}},{"type":"Feature","geometry":{"type":"Point","coordinates":[-86.00319945,40.04799249]},"properties":{"name":"HINDS CAREER CENTER - NOBLESVILLE","assetType":"Adult Basic Education","dataYear":"2019","assetId":"920215","subcategory":"Education","detail":"https://classic.savi.org/SAVI/PopUps/AssetMoreInfo.aspx?AssetID=920215"}},{"type":"Feature","geometry":{"type":"Point","coordinates":[-86.13289915,40.04784297]},"properties":{"name":"HINDS CAREER CENTER - WESTFIELD","assetType":"Adult Basic Education","dataYear":"2019","assetId":"920219","subcategory":"Education","detail":"https://classic.savi.org/SAVI/PopUps/AssetMoreInfo.aspx?AssetID=920219"}},{"type":"Feature","geometry":{"type":"Point","coordinates":[-85.83454689,40.28820339]},"properties":{"name":"Hinds Career Center","assetType":"Adult Basic Education","dataYear":"2019","assetId":"934116","subcategory":"Education","detail":"https://classic.savi.org/SAVI/PopUps/AssetMoreInfo.aspx?AssetID=934116"}},{"type":"Feature","geometry":{"type":"Point","coordinates":[-86.19465994,39.7511725]},"properties":{"name":"MARY RIGG NEIGHBORHOOD CENTER","assetType":"Adult Basic Education","dataYear":"2019","assetId":"919506","subcategory":"Education","detail":"https://classic.savi.org/SAVI/PopUps/AssetMoreInfo.aspx?AssetID=919506"}},{"type":"Feature","geometry":{"type":"Point","coordinates":[-85.9972236,39.79605186]},"properties":{"name":"WALKER CAREER CENTER","assetType":"Adult Basic Education","dataYear":"2019","assetId":"922561","subcategory":"Education","detail":"https://classic.savi.org/SAVI/PopUps/AssetMoreInfo.aspx?AssetID=922561"}},{"type":"Feature","geometry":{"type":"Point","coordinates":[-86.26974961,39.75075011]},"properties":{"name":"WAYNE TOWNSHIP ADULT EDUCATION","assetType":"Adult Basic Education","dataYear":"2019","assetId":"919704","subcategory":"Education","detail":"https://classic.savi.org/SAVI/PopUps/AssetMoreInfo.aspx?AssetID=919704"}},{"type":"Feature","geometry":{"type":"Point","coordinates":[-86.10124191,39.58913637]},"properties":{"name":"CENTRAL NINE CAREER CENTER","assetType":"Adult Continuing Education","dataYear":"2018","assetId":"922272","subcategory":"Education","detail":"https://classic.savi.org/SAVI/PopUps/AssetMoreInfo.aspx?AssetID=922272"}},{"type":"Feature","geometry":{"type":"Point","coordinates":[-86.16158608,39.76718887]},"properties":{"name":"INDIANA HEALTH CARE ASSOCIATION","assetType":"Adult Continuing Education","dataYear":"2018","assetId":"918083","subcategory":"Education","detail":"https://classic.savi.org/SAVI/PopUps/AssetMoreInfo.aspx?AssetID=918083"}},{"type":"Feature","geometry":{"type":"Point","coordinates":[-86.16584354,39.77474257]},"properties":{"name":"INDIANA UNIVERSITY PURDUE UNIVERSITY IUPUI - COMMUNITY ENGAGEMENT OFFICE","assetType":"Adult Continuing Education","dataYear":"2018","assetId":"919292","subcategory":"Education","detail":"https://classic.savi.org/SAVI/PopUps/AssetMoreInfo.aspx?AssetID=919292"}},{"type":"Feature","geometry":{"type":"Point","coordinates":[-86.07540031,39.61799382]},"properties":{"name":"INDIANA WESLEYAN UNIVERSITY - GREENWOOD","assetType":"Adult Continuing Education","dataYear":"2018","assetId":"920634","subcategory":"Education","detail":"https://classic.savi.org/SAVI/PopUps/AssetMoreInfo.aspx?AssetID=920634"}},{"type":"Feature","geometry":{"type":"Point","coordinates":[-86.10263052,39.91981765]},"properties":{"name":"INDIANA WESLEYAN UNIVERSITY - INDIANAPOLIS NORTH","assetType":"Adult Continuing Education","dataYear":"2018","assetId":"920509","subcategory":"Education","detail":"https://classic.savi.org/SAVI/PopUps/AssetMoreInfo.aspx?AssetID=920509"}},{"type":"Feature","geometry":{"type":"Point","coordinates":[-86.27183981,39.87772145]},"properties":{"name":"INDIANA WESLEYAN UNIVERSITY - INDIANAPOLIS WEST","assetType":"Adult Continuing Education","dataYear":"2018","assetId":"920508","subcategory":"Education","detail":"https://classic.savi.org/SAVI/PopUps/AssetMoreInfo.aspx?AssetID=920508"}},{"type":"Feature","geometry":{"type":"Point","coordinates":[-85.66799697,40.05396938]},"properties":{"name":"IVY TECH COMMUNITY COLLEGE - ANDERSON","assetType":"Adult Continuing Education","dataYear":"2018","assetId":"918913","subcategory":"Education","detail":"https://classic.savi.org/SAVI/PopUps/AssetMoreInfo.aspx?AssetID=918913"}},{"type":"Feature","geometry":{"type":"Point","coordinates":[-86.01188132,39.48892953]},"properties":{"name":"IVY TECH COMMUNITY COLLEGE - FRANKLIN","assetType":"Adult Continuing Education","dataYear":"2018","assetId":"918883","subcategory":"Education","detail":"https://classic.savi.org/SAVI/PopUps/AssetMoreInfo.aspx?AssetID=918883"}},{"type":"Feature","geometry":{"type":"Point","coordinates":[-86.84109871,39.63907359]},"properties":{"name":"IVY TECH COMMUNITY COLLEGE - GREENCASTLE","assetType":"Adult Continuing Education","dataYear":"2018","assetId":"918916","subcategory":"Education","detail":"https://classic.savi.org/SAVI/PopUps/AssetMoreInfo.aspx?AssetID=918916"}},{"type":"Feature","geometry":{"type":"Point","coordinates":[-86.15781972,39.80353771]},"properties":{"name":"IVY TECH COMMUNITY COLLEGE - INDIANAPOLIS","assetType":"Adult Continuing Education","dataYear":"2018","assetId":"918886","subcategory":"Education","detail":"https://classic.savi.org/SAVI/PopUps/AssetMoreInfo.aspx?AssetID=918886"}},{"type":"Feature","geometry":{"type":"Point","coordinates":[-86.00452661,39.86266662]},"properties":{"name":"IVY TECH COMMUNITY COLLEGE - LAWRENCE","assetType":"Adult Continuing Education","dataYear":"2018","assetId":"918879","subcategory":"Education","detail":"https://classic.savi.org/SAVI/PopUps/AssetMoreInfo.aspx?AssetID=918879"}},{"type":"Feature","geometry":{"type":"Point","coordinates":[-86.00319945,40.04799249]},"properties":{"name":"IVY TECH COMMUNITY COLLEGE - NOBLESVILLE","assetType":"Adult Continuing Education","dataYear":"2018","assetId":"918910","subcategory":"Education","detail":"https://classic.savi.org/SAVI/PopUps/AssetMoreInfo.aspx?AssetID=918910"}},{"type":"Feature","geometry":{"type":"Point","coordinates":[-86.12854133,39.91231247]},"properties":{"name":"J EVERETT LIGHT CAREER CENTER","assetType":"Adult Continuing Education","dataYear":"2018","assetId":"918432","subcategory":"Education","detail":"https://classic.savi.org/SAVI/PopUps/AssetMoreInfo.aspx?AssetID=918432"}},{"type":"Feature","geometry":{"type":"Point","coordinates":[-86.13397366,39.70842988]},"properties":{"name":"UNIVERSITY OF INDIANAPOLIS - SCHOOL FOR ADULT LEARNING","assetType":"Adult Continuing Education","dataYear":"2018","assetId":"922624","subcategory":"Education","detail":"https://classic.savi.org/SAVI/PopUps/AssetMoreInfo.aspx?AssetID=922624"}},{"type":"Feature","geometry":{"type":"Point","coordinates":[-85.9972236,39.79605186]},"properties":{"name":"WALKER CAREER CENTER","assetType":"Adult Continuing Education","dataYear":"2018","assetId":"922562","subcategory":"Education","detail":"https://classic.savi.org/SAVI/PopUps/AssetMoreInfo.aspx?AssetID=922562"}},{"type":"Feature","geometry":{"type":"Point","coordinates":[-86.14828649,39.72801967]},"properties":{"name":"CHRISTEL HOUSE ACADEMY CHARTER SCHOOL","assetType":"Adult High School Diploma Programs","dataYear":"2018","assetId":"917766","subcategory":"Education","detail":"https://classic.savi.org/SAVI/PopUps/AssetMoreInfo.aspx?AssetID=917766"}},{"type":"Feature","geometry":{"type":"Point","coordinates":[-86.13475859,39.90872629]},"properties":{"name":"COMMUNITY & CONTINUING EDUCATION","assetType":"Adult High School Diploma Programs","dataYear":"2018","assetId":"918436","subcategory":"Education","detail":"https://classic.savi.org/SAVI/PopUps/AssetMoreInfo.aspx?AssetID=918436"}},{"type":"Feature","geometry":{"type":"Point","coordinates":[-85.68868084,40.10521593]},"properties":{"name":"EXCEL CENTER - ANDERSON","assetType":"Adult High School Diploma Programs","dataYear":"2018","assetId":"920735","subcategory":"Education","detail":"https://classic.savi.org/SAVI/PopUps/AssetMoreInfo.aspx?AssetID=920735"}},{"type":"Feature","geometry":{"type":"Point","coordinates":[-86.02669033,39.80934691]},"properties":{"name":"EXCEL CENTER - FRANKLIN ROAD","assetType":"Adult High School Diploma Programs","dataYear":"2018","assetId":"920736","subcategory":"Education","detail":"https://classic.savi.org/SAVI/PopUps/AssetMoreInfo.aspx?AssetID=920736"}},{"type":"Feature","geometry":{"type":"Point","coordinates":[-86.1136909,39.82743805]},"properties":{"name":"EXCEL CENTER - MEADOWS DRIVE","assetType":"Adult High School Diploma Programs","dataYear":"2018","assetId":"920786","subcategory":"Education","detail":"https://classic.savi.org/SAVI/PopUps/AssetMoreInfo.aspx?AssetID=920786"}},{"type":"Feature","geometry":{"type":"Point","coordinates":[-86.19069133,39.77462371]},"properties":{"name":"EXCEL CENTER - MICHIGAN STREET","assetType":"Adult High School Diploma Programs","dataYear":"2018","assetId":"920787","subcategory":"Education","detail":"https://classic.savi.org/SAVI/PopUps/AssetMoreInfo.aspx?AssetID=920787"}},{"type":"Feature","geometry":{"type":"Point","coordinates":[-86.00319945,40.04799249]},"properties":{"name":"EXCEL CENTER - NOBLESVILLE","assetType":"Adult High School Diploma Programs","dataYear":"2018","assetId":"920733","subcategory":"Education","detail":"https://classic.savi.org/SAVI/PopUps/AssetMoreInfo.aspx?AssetID=920733"}},{"type":"Feature","geometry":{"type":"Point","coordinates":[-85.777215,39.52313055]},"properties":{"name":"EXCEL CENTER - SHELBYVILLE","assetType":"Adult High School Diploma Programs","dataYear":"2018","assetId":"920731","subcategory":"Education","detail":"https://classic.savi.org/SAVI/PopUps/AssetMoreInfo.aspx?AssetID=920731"}},{"type":"Feature","geometry":{"type":"Point","coordinates":[-86.14079068,39.70890224]},"properties":{"name":"EXCEL CENTER - UNIVERSITY HEIGHTS","assetType":"Adult High School Diploma Programs","dataYear":"2018","assetId":"920732","subcategory":"Education","detail":"https://classic.savi.org/SAVI/PopUps/AssetMoreInfo.aspx?AssetID=920732"}},{"type":"Feature","geometry":{"type":"Point","coordinates":[-86.26403499,39.81753208]},"properties":{"name":"EXCEL CENTER - WEST","assetType":"Adult High School Diploma Programs","dataYear":"2018","assetId":"920734","subcategory":"Education","detail":"https://classic.savi.org/SAVI/PopUps/AssetMoreInfo.aspx?AssetID=920734"}},{"type":"Feature","geometry":{"type":"Point","coordinates":[-85.9972236,39.79605186]},"properties":{"name":"WALKER CAREER CENTER","assetType":"Adult High School Diploma Programs","dataYear":"2018","assetId":"922467","subcategory":"Education","detail":"https://classic.savi.org/SAVI/PopUps/AssetMoreInfo.aspx?AssetID=922467"}},{"type":"Feature","geometry":{"type":"Point","coordinates":[-86.14668989,39.80839124]},"properties":{"name":"ASIAN HELP SERVICES","assetType":"Citizenship Preparation","dataYear":"2018","assetId":"918179","subcategory":"Education","detail":"https://classic.savi.org/SAVI/PopUps/AssetMoreInfo.aspx?AssetID=918179"}},{"type":"Feature","geometry":{"type":"Point","coordinates":[-86.12134019,39.64591677]},"properties":{"name":"CATHOLIC CHARITIES - EDUCATION CENTER","assetType":"Citizenship Preparation","dataYear":"2018","assetId":"922596","subcategory":"Education","detail":"https://classic.savi.org/SAVI/PopUps/AssetMoreInfo.aspx?AssetID=922596"}},{"type":"Feature","geometry":{"type":"Point","coordinates":[-86.15796994,39.78617821]},"properties":{"name":"CATHOLIC CHARITIES INDIANAPOLIS","assetType":"Citizenship Preparation","dataYear":"2018","assetId":"922608","subcategory":"Education","detail":"https://classic.savi.org/SAVI/PopUps/AssetMoreInfo.aspx?AssetID=922608"}},{"type":"Feature","geometry":{"type":"Point","coordinates":[-86.14668989,39.80839124]},"properties":{"name":"ASIAN HELP SERVICES","assetType":"English as a Second Language","dataYear":"2018","assetId":"918180","subcategory":"Education","detail":"https://classic.savi.org/SAVI/PopUps/AssetMoreInfo.aspx?AssetID=918180"}},{"type":"Feature","geometry":{"type":"Point","coordinates":[-85.78792303,39.51138855]},"properties":{"name":"BLUE RIVER CAREER PROGRAMS BRCP","assetType":"English as a Second Language","dataYear":"2018","assetId":"917726","subcategory":"Education","detail":"https://classic.savi.org/SAVI/PopUps/AssetMoreInfo.aspx?AssetID=917726"}},{"type":"Feature","geometry":{"type":"Point","coordinates":[-86.10124191,39.58913637]},"properties":{"name":"CENTRAL NINE CAREER CENTER","assetType":"English as a Second Language","dataYear":"2018","assetId":"922344","subcategory":"Education","detail":"https://classic.savi.org/SAVI/PopUps/AssetMoreInfo.aspx?AssetID=922344"}},{"type":"Feature","geometry":{"type":"Point","coordinates":[-86.13475859,39.90872629]},"properties":{"name":"COMMUNITY & CONTINUING EDUCATION","assetType":"English as a Second Language","dataYear":"2018","assetId":"918437","subcategory":"Education","detail":"https://classic.savi.org/SAVI/PopUps/AssetMoreInfo.aspx?AssetID=918437"}},{"type":"Feature","geometry":{"type":"Point","coordinates":[-86.01170847,39.82746745]},"properties":{"name":"COMMUNITY ALLIANCE OF THE FAR EASTSIDE CAF","assetType":"English as a Second Language","dataYear":"2018","assetId":"918843","subcategory":"Education","detail":"https://classic.savi.org/SAVI/PopUps/AssetMoreInfo.aspx?AssetID=918843"}},{"type":"Feature","geometry":{"type":"Point","coordinates":[-86.1196727,39.7671523]},"properties":{"name":"EXODUS REFUGEE IMMIGRATION","assetType":"English as a Second Language","dataYear":"2018","assetId":"919633","subcategory":"Education","detail":"https://classic.savi.org/SAVI/PopUps/AssetMoreInfo.aspx?AssetID=919633"}},{"type":"Feature","geometry":{"type":"Point","coordinates":[-86.07647877,40.00328699]},"properties":{"name":"GRACE CARE CENTER","assetType":"English as a Second Language","dataYear":"2018","assetId":"919728","subcategory":"Education","detail":"https://classic.savi.org/SAVI/PopUps/AssetMoreInfo.aspx?AssetID=919728"}},{"type":"Feature","geometry":{"type":"Point","coordinates":[-86.20166779,39.76743222]},"properties":{"name":"HAWTHORNE COMMUNITY CENTER","assetType":"English as a Second Language","dataYear":"2018","assetId":"918423","subcategory":"Education","detail":"https://classic.savi.org/SAVI/PopUps/AssetMoreInfo.aspx?AssetID=918423"}},{"type":"Feature","geometry":{"type":"Point","coordinates":[-85.67373853,40.24967296]},"properties":{"name":"HINDS CAREER CENTER - ALEXANDRIA","assetType":"English as a Second Language","dataYear":"2018","assetId":"920105","subcategory":"Education","detail":"https://classic.savi.org/SAVI/PopUps/AssetMoreInfo.aspx?AssetID=920105"}},{"type":"Feature","geometry":{"type":"Point","coordinates":[-85.83454689,40.28820339]},"properties":{"name":"HINDS CAREER CENTER - ELWOOD","assetType":"English as a Second Language","dataYear":"2018","assetId":"920107","subcategory":"Education","detail":"https://classic.savi.org/SAVI/PopUps/AssetMoreInfo.aspx?AssetID=920107"}},{"type":"Feature","geometry":{"type":"Point","coordinates":[-86.00319945,40.04799249]},"properties":{"name":"HINDS CAREER CENTER - NOBLESVILLE","assetType":"English as a Second Language","dataYear":"2018","assetId":"920212","subcategory":"Education","detail":"https://classic.savi.org/SAVI/PopUps/AssetMoreInfo.aspx?AssetID=920212"}},{"type":"Feature","geometry":{"type":"Point","coordinates":[-86.13289915,40.04784297]},"properties":{"name":"HINDS CAREER CENTER - WESTFIELD","assetType":"English as a Second Language","dataYear":"2018","assetId":"920216","subcategory":"Education","detail":"https://classic.savi.org/SAVI/PopUps/AssetMoreInfo.aspx?AssetID=920216"}},{"type":"Feature","geometry":{"type":"Point","coordinates":[-86.15676506,39.7785962]},"properties":{"name":"INDY READS","assetType":"English as a Second Language","dataYear":"2018","assetId":"918864","subcategory":"Education","detail":"https://classic.savi.org/SAVI/PopUps/AssetMoreInfo.aspx?AssetID=918864"}},{"type":"Feature","geometry":{"type":"Point","coordinates":[-86.05445978,39.47950688]},"properties":{"name":"JOHNSON COUNTY PUBLIC LIBRARY","assetType":"English as a Second Language","dataYear":"2018","assetId":"922247","subcategory":"Education","detail":"https://classic.savi.org/SAVI/PopUps/AssetMoreInfo.aspx?AssetID=922247"}},{"type":"Feature","geometry":{"type":"Point","coordinates":[-85.9972236,39.79605186]},"properties":{"name":"WALKER CAREER CENTER","assetType":"English as a Second Language","dataYear":"2018","assetId":"922559","subcategory":"Education","detail":"https://classic.savi.org/SAVI/PopUps/AssetMoreInfo.aspx?AssetID=922559"}},{"type":"Feature","geometry":{"type":"Point","coordinates":[-86.26974961,39.75075011]},"properties":{"name":"WAYNE TOWNSHIP ADULT EDUCATION","assetType":"English as a Second Language","dataYear":"2018","assetId":"919705","subcategory":"Education","detail":"https://classic.savi.org/SAVI/PopUps/AssetMoreInfo.aspx?AssetID=919705"}},{"type":"Feature","geometry":{"type":"Point","coordinates":[-86.39572906,39.83709915]},"properties":{"name":"WAYNE TOWNSHIP ADULT EDUCATION OFFICE","assetType":"English as a Second Language","dataYear":"2018","assetId":"919702","subcategory":"Education","detail":"https://classic.savi.org/SAVI/PopUps/AssetMoreInfo.aspx?AssetID=919702"}},{"type":"Feature","geometry":{"type":"Point","coordinates":[-86.27420979,39.8750797]},"properties":{"name":"Gardening and Pest Management Info Purdue Extension-Marion Co","assetType":"Extension Education","dataYear":"2007","assetId":"625317","subcategory":"Education","detail":"https://classic.savi.org/SAVI/PopUps/AssetMoreInfo.aspx?AssetID=625317"}},{"type":"Feature","geometry":{"type":"Point","coordinates":[-86.27420979,39.8750797]},"properties":{"name":"Master Gardener Program Purdue-Marion County Extension Service","assetType":"Extension Education","dataYear":"2007","assetId":"625300","subcategory":"Education","detail":"https://classic.savi.org/SAVI/PopUps/AssetMoreInfo.aspx?AssetID=625300"}},{"type":"Feature","geometry":{"type":"Point","coordinates":[-86.44417953,40.02546226]},"properties":{"name":"Purdue Cooperative Boone County - Education","assetType":"Extension Education","dataYear":"2007","assetId":"623788","subcategory":"Education","detail":"https://classic.savi.org/SAVI/PopUps/AssetMoreInfo.aspx?AssetID=623788"}},{"type":"Feature","geometry":{"type":"Point","coordinates":[-85.99878611,40.0391773]},"properties":{"name":"Purdue Cooperative Hamilton County - Education","assetType":"Extension Education","dataYear":"2007","assetId":"623915","subcategory":"Education","detail":"https://classic.savi.org/SAVI/PopUps/AssetMoreInfo.aspx?AssetID=623915"}},{"type":"Feature","geometry":{"type":"Point","coordinates":[-85.75587159,39.79614727]},"properties":{"name":"Purdue Cooperative Hancock County - Education","assetType":"Extension Education","dataYear":"2007","assetId":"623922","subcategory":"Education","detail":"https://classic.savi.org/SAVI/PopUps/AssetMoreInfo.aspx?AssetID=623922"}},{"type":"Feature","geometry":{"type":"Point","coordinates":[-86.48793067,39.76264208]},"properties":{"name":"Purdue Cooperative Hendricks County - Agriculture Horticulture","assetType":"Extension Education","dataYear":"2007","assetId":"623932","subcategory":"Education","detail":"https://classic.savi.org/SAVI/PopUps/AssetMoreInfo.aspx?AssetID=623932"}},{"type":"Feature","geometry":{"type":"Point","coordinates":[-85.76155905,39.51277141]},"properties":{"name":"Purdue Cooperative Shelby County - Agriculture Horticulture","assetType":"Extension Education","dataYear":"2007","assetId":"625313","subcategory":"Education","detail":"https://classic.savi.org/SAVI/PopUps/AssetMoreInfo.aspx?AssetID=625313"}},{"type":"Feature","geometry":{"type":"Point","coordinates":[-85.76155905,39.51277141]},"properties":{"name":"Purdue Cooperative Shelby County - Consumer and Family Sciences","assetType":"Extension Education","dataYear":"2007","assetId":"624120","subcategory":"Education","detail":"https://classic.savi.org/SAVI/PopUps/AssetMoreInfo.aspx?AssetID=624120"}},{"type":"Feature","geometry":{"type":"Point","coordinates":[-86.0574357,39.47975545]},"properties":{"name":"Purdue Extension Johnson Co - Agricultural Natural Resources","assetType":"Extension Education","dataYear":"2007","assetId":"624204","subcategory":"Education","detail":"https://classic.savi.org/SAVI/PopUps/AssetMoreInfo.aspx?AssetID=624204"}},{"type":"Feature","geometry":{"type":"Point","coordinates":[-86.0574357,39.47975545]},"properties":{"name":"Purdue Extension Johnson Co - Consumer and Family Sciences","assetType":"Extension Education","dataYear":"2007","assetId":"624203","subcategory":"Education","detail":"https://classic.savi.org/SAVI/PopUps/AssetMoreInfo.aspx?AssetID=624203"}},{"type":"Feature","geometry":{"type":"Point","coordinates":[-86.81866992,39.648341]},"properties":{"name":"AREA 30 CAREER CENTER","assetType":"GED Instruction","dataYear":"2018","assetId":"920899","subcategory":"Education","detail":"https://classic.savi.org/SAVI/PopUps/AssetMoreInfo.aspx?AssetID=920899"}},{"type":"Feature","geometry":{"type":"Point","coordinates":[-85.78792303,39.51138855]},"properties":{"name":"BLUE RIVER CAREER PROGRAMS BRCP","assetType":"GED Instruction","dataYear":"2018","assetId":"917727","subcategory":"Education","detail":"https://classic.savi.org/SAVI/PopUps/AssetMoreInfo.aspx?AssetID=917727"}},{"type":"Feature","geometry":{"type":"Point","coordinates":[-86.24352677,39.20661386]},"properties":{"name":"BROWN COUNTY CAREER RESOURCE CENTER","assetType":"GED Instruction","dataYear":"2018","assetId":"917084","subcategory":"Education","detail":"https://classic.savi.org/SAVI/PopUps/AssetMoreInfo.aspx?AssetID=917084"}},{"type":"Feature","geometry":{"type":"Point","coordinates":[-86.10124191,39.58913637]},"properties":{"name":"CENTRAL NINE CAREER CENTER","assetType":"GED Instruction","dataYear":"2018","assetId":"922345","subcategory":"Education","detail":"https://classic.savi.org/SAVI/PopUps/AssetMoreInfo.aspx?AssetID=922345"}},{"type":"Feature","geometry":{"type":"Point","coordinates":[-86.13475859,39.90872629]},"properties":{"name":"COMMUNITY & CONTINUING EDUCATION","assetType":"GED Instruction","dataYear":"2018","assetId":"918435","subcategory":"Education","detail":"https://classic.savi.org/SAVI/PopUps/AssetMoreInfo.aspx?AssetID=918435"}},{"type":"Feature","geometry":{"type":"Point","coordinates":[-86.01170847,39.82746745]},"properties":{"name":"COMMUNITY ALLIANCE OF THE FAR EASTSIDE CAF","assetType":"GED Instruction","dataYear":"2018","assetId":"918844","subcategory":"Education","detail":"https://classic.savi.org/SAVI/PopUps/AssetMoreInfo.aspx?AssetID=918844"}},{"type":"Feature","geometry":{"type":"Point","coordinates":[-86.15555232,39.76857901]},"properties":{"name":"EDUCATE BEYOND ALL BARRIERS","assetType":"GED Instruction","dataYear":"2018","assetId":"919491","subcategory":"Education","detail":"https://classic.savi.org/SAVI/PopUps/AssetMoreInfo.aspx?AssetID=919491"}},{"type":"Feature","geometry":{"type":"Point","coordinates":[-86.15870631,39.8074398]},"properties":{"name":"FATHERS AND FAMILIES CENTER","assetType":"GED Instruction","dataYear":"2018","assetId":"920041","subcategory":"Education","detail":"https://classic.savi.org/SAVI/PopUps/AssetMoreInfo.aspx?AssetID=920041"}},{"type":"Feature","geometry":{"type":"Point","coordinates":[-86.17027103,39.80159246]},"properties":{"name":"FLANNER HOUSE OF INDIANAPOLIS","assetType":"GED Instruction","dataYear":"2018","assetId":"919412","subcategory":"Education","detail":"https://classic.savi.org/SAVI/PopUps/AssetMoreInfo.aspx?AssetID=919412"}},{"type":"Feature","geometry":{"type":"Point","coordinates":[-86.20166779,39.76743222]},"properties":{"name":"HAWTHORNE COMMUNITY CENTER","assetType":"GED Instruction","dataYear":"2018","assetId":"918424","subcategory":"Education","detail":"https://classic.savi.org/SAVI/PopUps/AssetMoreInfo.aspx?AssetID=918424"}},{"type":"Feature","geometry":{"type":"Point","coordinates":[-85.67373853,40.24967296]},"properties":{"name":"HINDS CAREER CENTER - ALEXANDRIA","assetType":"GED Instruction","dataYear":"2018","assetId":"920220","subcategory":"Education","detail":"https://classic.savi.org/SAVI/PopUps/AssetMoreInfo.aspx?AssetID=920220"}},{"type":"Feature","geometry":{"type":"Point","coordinates":[-85.83454689,40.28820339]},"properties":{"name":"HINDS CAREER CENTER - ELWOOD","assetType":"GED Instruction","dataYear":"2018","assetId":"920108","subcategory":"Education","detail":"https://classic.savi.org/SAVI/PopUps/AssetMoreInfo.aspx?AssetID=920108"}},{"type":"Feature","geometry":{"type":"Point","coordinates":[-86.00319945,40.04799249]},"properties":{"name":"HINDS CAREER CENTER - NOBLESVILLE","assetType":"GED Instruction","dataYear":"2018","assetId":"920213","subcategory":"Education","detail":"https://classic.savi.org/SAVI/PopUps/AssetMoreInfo.aspx?AssetID=920213"}},{"type":"Feature","geometry":{"type":"Point","coordinates":[-86.13289915,40.04784297]},"properties":{"name":"HINDS CAREER CENTER - WESTFIELD","assetType":"GED Instruction","dataYear":"2018","assetId":"920217","subcategory":"Education","detail":"https://classic.savi.org/SAVI/PopUps/AssetMoreInfo.aspx?AssetID=920217"}},{"type":"Feature","geometry":{"type":"Point","coordinates":[-86.15670599,39.82310107]},"properties":{"name":"INDIANA YOUTH GROUP","assetType":"GED Instruction","dataYear":"2018","assetId":"921495","subcategory":"Education","detail":"https://classic.savi.org/SAVI/PopUps/AssetMoreInfo.aspx?AssetID=921495"}},{"type":"Feature","geometry":{"type":"Point","coordinates":[-86.19465994,39.7511725]},"properties":{"name":"MARY RIGG NEIGHBORHOOD CENTER","assetType":"GED Instruction","dataYear":"2018","assetId":"919860","subcategory":"Education","detail":"https://classic.savi.org/SAVI/PopUps/AssetMoreInfo.aspx?AssetID=919860"}},{"type":"Feature","geometry":{"type":"Point","coordinates":[-85.9972236,39.79605186]},"properties":{"name":"WALKER CAREER CENTER","assetType":"GED Instruction","dataYear":"2018","assetId":"922560","subcategory":"Education","detail":"https://classic.savi.org/SAVI/PopUps/AssetMoreInfo.aspx?AssetID=922560"}},{"type":"Feature","geometry":{"type":"Point","coordinates":[-86.26974961,39.75075011]},"properties":{"name":"WAYNE TOWNSHIP ADULT EDUCATION","assetType":"GED Instruction","dataYear":"2018","assetId":"919703","subcategory":"Education","detail":"https://classic.savi.org/SAVI/PopUps/AssetMoreInfo.aspx?AssetID=919703"}},{"type":"Feature","geometry":{"type":"Point","coordinates":[-85.67373853,40.24967296]},"properties":{"name":"HINDS CAREER CENTER - ALEXANDRIA","assetType":"Literacy Programs","dataYear":"2018","assetId":"920104","subcategory":"Education","detail":"https://classic.savi.org/SAVI/PopUps/AssetMoreInfo.aspx?AssetID=920104"}},{"type":"Feature","geometry":{"type":"Point","coordinates":[-85.83454689,40.28820339]},"properties":{"name":"HINDS CAREER CENTER - ELWOOD","assetType":"Literacy Programs","dataYear":"2018","assetId":"920106","subcategory":"Education","detail":"https://classic.savi.org/SAVI/PopUps/AssetMoreInfo.aspx?AssetID=920106"}},{"type":"Feature","geometry":{"type":"Point","coordinates":[-86.00319945,40.04799249]},"properties":{"name":"HINDS CAREER CENTER - NOBLESVILLE","assetType":"Literacy Programs","dataYear":"2018","assetId":"920214","subcategory":"Education","detail":"https://classic.savi.org/SAVI/PopUps/AssetMoreInfo.aspx?AssetID=920214"}},{"type":"Feature","geometry":{"type":"Point","coordinates":[-86.13289915,40.04784297]},"properties":{"name":"HINDS CAREER CENTER - WESTFIELD","assetType":"Literacy Programs","dataYear":"2018","assetId":"920218","subcategory":"Education","detail":"https://classic.savi.org/SAVI/PopUps/AssetMoreInfo.aspx?AssetID=920218"}},{"type":"Feature","geometry":{"type":"Point","coordinates":[-86.15676506,39.7785962]},"properties":{"name":"INDY READS","assetType":"Literacy Programs","dataYear":"2018","assetId":"918863","subcategory":"Education","detail":"https://classic.savi.org/SAVI/PopUps/AssetMoreInfo.aspx?AssetID=918863"}},{"type":"Feature","geometry":{"type":"Point","coordinates":[-86.05445978,39.47950688]},"properties":{"name":"JOHNSON COUNTY PUBLIC LIBRARY","assetType":"Literacy Programs","dataYear":"2018","assetId":"922246","subcategory":"Education","detail":"https://classic.savi.org/SAVI/PopUps/AssetMoreInfo.aspx?AssetID=922246"}},{"type":"Feature","geometry":{"type":"Point","coordinates":[-86.10961982,39.917878]},"properties":{"name":"Berlitz International - Foreign Language Instruction","assetType":"Spanish as a Second Language","dataYear":"2011","assetId":"693836","subcategory":"Education","detail":"https://classic.savi.org/SAVI/PopUps/AssetMoreInfo.aspx?AssetID=693836"}},{"type":"Feature","geometry":{"type":"Point","coordinates":[-85.98532449,39.82410844]},"properties":{"name":"Central Nine Career Center - Spanish Classes","assetType":"Spanish as a Second Language","dataYear":"2011","assetId":"693837","subcategory":"Education","detail":"https://classic.savi.org/SAVI/PopUps/AssetMoreInfo.aspx?AssetID=693837"}},{"type":"Feature","geometry":{"type":"Point","coordinates":[-86.13927116,39.99290525]},"properties":{"name":"International Bureau of Translations - Language Classes","assetType":"Spanish as a Second Language","dataYear":"2011","assetId":"693833","subcategory":"Education","detail":"https://classic.savi.org/SAVI/PopUps/AssetMoreInfo.aspx?AssetID=693833"}},{"type":"Feature","geometry":{"type":"Point","coordinates":[-86.13581104,39.90876135]},"properties":{"name":"J Everett Light - Special Interest Courses","assetType":"Spanish as a Second Language","dataYear":"2011","assetId":"693793","subcategory":"Education","detail":"https://classic.savi.org/SAVI/PopUps/AssetMoreInfo.aspx?AssetID=693793"}},{"type":"Feature","geometry":{"type":"Point","coordinates":[-86.15942056,39.76327778]},"properties":{"name":"Japan-America Society of Indiana - Language Classes","assetType":"Spanish as a Second Language","dataYear":"2011","assetId":"693839","subcategory":"Education","detail":"https://classic.savi.org/SAVI/PopUps/AssetMoreInfo.aspx?AssetID=693839"}},{"type":"Feature","geometry":{"type":"Point","coordinates":[-86.07021211,39.91637618]},"properties":{"name":"Language Training Center - Classes","assetType":"Spanish as a Second Language","dataYear":"2011","assetId":"693835","subcategory":"Education","detail":"https://classic.savi.org/SAVI/PopUps/AssetMoreInfo.aspx?AssetID=693835"}},{"type":"Feature","geometry":{"type":"Point","coordinates":[-85.99552193,39.79604734]},"properties":{"name":"Walker Career Center - ESL Classes","assetType":"Spanish as a Second Language","dataYear":"2011","assetId":"693810","subcategory":"Education","detail":"https://classic.savi.org/SAVI/PopUps/AssetMoreInfo.aspx?AssetID=693810"}},{"type":"Feature","geometry":{"type":"Point","coordinates":[-86.15460123,39.7771039]},"properties":{"name":"IPS - Indianapolis Public Schools - General Information","assetType":"Alternative Schools","dataYear":"2011","assetId":"695076","subcategory":"Education","detail":"https://classic.savi.org/SAVI/PopUps/AssetMoreInfo.aspx?AssetID=695076"}},{"type":"Feature","geometry":{"type":"Point","coordinates":[-86.08520135,39.76910518]},"properties":{"name":"Alternate School IPS 420 TC Howe","assetType":"Alternative Schools","dataYear":"2011","assetId":"695543","subcategory":"Education","detail":"https://classic.savi.org/SAVI/PopUps/AssetMoreInfo.aspx?AssetID=695543"}},{"type":"Feature","geometry":{"type":"Point","coordinates":[-86.15942056,39.76327778]},"properties":{"name":"Alternate School IPS 495 Pacer Academy","assetType":"Alternative Schools","dataYear":"2011","assetId":"695534","subcategory":"Education","detail":"https://classic.savi.org/SAVI/PopUps/AssetMoreInfo.aspx?AssetID=695534"}},{"type":"Feature","geometry":{"type":"Point","coordinates":[-86.13601187,39.75955494]},"properties":{"name":"Alternate School IPS 498 New Horizons","assetType":"Alternative Schools","dataYear":"2011","assetId":"695533","subcategory":"Education","detail":"https://classic.savi.org/SAVI/PopUps/AssetMoreInfo.aspx?AssetID=695533"}},{"type":"Feature","geometry":{"type":"Point","coordinates":[-86.12990444,39.81083611]},"properties":{"name":"Alternate School IPS 509 Coleman Academy for Boys","assetType":"Alternative Schools","dataYear":"2011","assetId":"695514","subcategory":"Education","detail":"https://classic.savi.org/SAVI/PopUps/AssetMoreInfo.aspx?AssetID=695514"}},{"type":"Feature","geometry":{"type":"Point","coordinates":[-86.12990444,39.81083611]},"properties":{"name":"Alternate School IPS 511 Coleman Academy for Girls","assetType":"Alternative Schools","dataYear":"2011","assetId":"695515","subcategory":"Education","detail":"https://classic.savi.org/SAVI/PopUps/AssetMoreInfo.aspx?AssetID=695515"}},{"type":"Feature","geometry":{"type":"Point","coordinates":[-86.17627278,39.75654611]},"properties":{"name":"Alternate School IPS 616 Key Learning Community River","assetType":"Alternative Schools","dataYear":"2011","assetId":"695528","subcategory":"Education","detail":"https://classic.savi.org/SAVI/PopUps/AssetMoreInfo.aspx?AssetID=695528"}},{"type":"Feature","geometry":{"type":"Point","coordinates":[-86.16779135,39.80127367]},"properties":{"name":"Alternate School IPS 687 Key Learning Community North","assetType":"Alternative Schools","dataYear":"2011","assetId":"695526","subcategory":"Education","detail":"https://classic.savi.org/SAVI/PopUps/AssetMoreInfo.aspx?AssetID=695526"}},{"type":"Feature","geometry":{"type":"Point","coordinates":[-86.0109764,39.8111921]},"properties":{"name":"Alternative School Renaissance School MSD of Warren Township","assetType":"Alternative Schools","dataYear":"2011","assetId":"695567","subcategory":"Education","detail":"https://classic.savi.org/SAVI/PopUps/AssetMoreInfo.aspx?AssetID=695567"}},{"type":"Feature","geometry":{"type":"Point","coordinates":[-86.03486871,39.8544208]},"properties":{"name":"Alternative Early Learning Center MSD of Lawrence Township","assetType":"Alternative Schools","dataYear":"2011","assetId":"695644","subcategory":"Education","detail":"https://classic.savi.org/SAVI/PopUps/AssetMoreInfo.aspx?AssetID=695644"}},{"type":"Feature","geometry":{"type":"Point","coordinates":[-86.22145987,39.77604033]},"properties":{"name":"Elementary and Middle School IPS 367 Stephen Foster","assetType":"Alternative Schools","dataYear":"2011","assetId":"695541","subcategory":"Education","detail":"https://classic.savi.org/SAVI/PopUps/AssetMoreInfo.aspx?AssetID=695541"}},{"type":"Feature","geometry":{"type":"Point","coordinates":[-85.77124065,39.7863841]},"properties":{"name":"Greenfield Central Community School Corp","assetType":"Alternative Schools","dataYear":"2011","assetId":"695282","subcategory":"Education","detail":"https://classic.savi.org/SAVI/PopUps/AssetMoreInfo.aspx?AssetID=695282"}},{"type":"Feature","geometry":{"type":"Point","coordinates":[-86.26974,39.750735]},"properties":{"name":"High School Ben Davis University High School MSD of Wayne Towns","assetType":"Alternative Schools","dataYear":"2011","assetId":"695652","subcategory":"Education","detail":"https://classic.savi.org/SAVI/PopUps/AssetMoreInfo.aspx?AssetID=695652"}},{"type":"Feature","geometry":{"type":"Point","coordinates":[-86.19922569,39.76525827]},"properties":{"name":"High School IPS 421 George Washington","assetType":"Alternative Schools","dataYear":"2011","assetId":"695524","subcategory":"Education","detail":"https://classic.savi.org/SAVI/PopUps/AssetMoreInfo.aspx?AssetID=695524"}},{"type":"Feature","geometry":{"type":"Point","coordinates":[-86.24483411,39.71453544]},"properties":{"name":"Liberty Early Elementary School MSD of Decatur Township","assetType":"Alternative Schools","dataYear":"2011","assetId":"695570","subcategory":"Education","detail":"https://classic.savi.org/SAVI/PopUps/AssetMoreInfo.aspx?AssetID=695570"}},{"type":"Feature","geometry":{"type":"Point","coordinates":[-86.15006061,39.77714286]},"properties":{"name":"Magnet School IPS 302 Center for Inquiry School 2","assetType":"Alternative Schools","dataYear":"2011","assetId":"695505","subcategory":"Education","detail":"https://classic.savi.org/SAVI/PopUps/AssetMoreInfo.aspx?AssetID=695505"}},{"type":"Feature","geometry":{"type":"Point","coordinates":[-86.20228661,39.82187263]},"properties":{"name":"Magnet School IPS 315 Cold Spring Environmental Magnet","assetType":"Alternative Schools","dataYear":"2011","assetId":"695510","subcategory":"Education","detail":"https://classic.savi.org/SAVI/PopUps/AssetMoreInfo.aspx?AssetID=695510"}},{"type":"Feature","geometry":{"type":"Point","coordinates":[-86.15155508,39.85723294]},"properties":{"name":"Magnet School IPS 384 Center for Inquiry","assetType":"Alternative Schools","dataYear":"2011","assetId":"695508","subcategory":"Education","detail":"https://classic.savi.org/SAVI/PopUps/AssetMoreInfo.aspx?AssetID=695508"}},{"type":"Feature","geometry":{"type":"Point","coordinates":[-86.12646166,39.84555005]},"properties":{"name":"Magnet School IPS 391 Rousseau McClellan","assetType":"Alternative Schools","dataYear":"2011","assetId":"695538","subcategory":"Education","detail":"https://classic.savi.org/SAVI/PopUps/AssetMoreInfo.aspx?AssetID=695538"}},{"type":"Feature","geometry":{"type":"Point","coordinates":[-86.16850588,39.78263183]},"properties":{"name":"Magnet School IPS418 Crispus Attucks Medical Magnet","assetType":"Alternative Schools","dataYear":"2011","assetId":"695517","subcategory":"Education","detail":"https://classic.savi.org/SAVI/PopUps/AssetMoreInfo.aspx?AssetID=695517"}},{"type":"Feature","geometry":{"type":"Point","coordinates":[-86.37519503,39.61751031]},"properties":{"name":"Mooresville Consolidated Schools","assetType":"Alternative Schools","dataYear":"2011","assetId":"695300","subcategory":"Education","detail":"https://classic.savi.org/SAVI/PopUps/AssetMoreInfo.aspx?AssetID=695300"}},{"type":"Feature","geometry":{"type":"Point","coordinates":[-86.16072582,39.76986452]},"properties":{"name":"INDIANA DEPARTMENT OF EDUCATION","assetType":"Home Schooling Information","dataYear":"2013","assetId":"796826","subcategory":"Education","detail":"https://classic.savi.org/SAVI/PopUps/AssetMoreInfo.aspx?AssetID=796826"}},{"type":"Feature","geometry":{"type":"Point","coordinates":[-85.69845889,40.12635079]},"properties":{"name":"ANDERSON COMMUNITY SPECIAL EDUCATION COOPERATIVE","assetType":"Special Education - Private Programs","dataYear":"2019","assetId":"919758","subcategory":"Education","detail":"https://classic.savi.org/SAVI/PopUps/AssetMoreInfo.aspx?AssetID=919758"}},{"type":"Feature","geometry":{"type":"Point","coordinates":[-86.47085009,40.05665059]},"properties":{"name":"BOONE-CLINTON-NORTH WEST HENDRICKS JOINT SERVICES","assetType":"Special Education - Private Programs","dataYear":"2019","assetId":"919691","subcategory":"Education","detail":"https://classic.savi.org/SAVI/PopUps/AssetMoreInfo.aspx?AssetID=919691"}},{"type":"Feature","geometry":{"type":"Point","coordinates":[-86.08144583,39.97788772]},"properties":{"name":"CARMEL CLAY SCHOOL DISTRICT","assetType":"Special Education - Private Programs","dataYear":"2019","assetId":"919427","subcategory":"Education","detail":"https://classic.savi.org/SAVI/PopUps/AssetMoreInfo.aspx?AssetID=919427"}},{"type":"Feature","geometry":{"type":"Point","coordinates":[-86.27709017,39.68646199]},"properties":{"name":"DECATUR TOWNSHIP METROPOLITAN SCHOOL DISTRICT","assetType":"Special Education - Private Programs","dataYear":"2019","assetId":"919023","subcategory":"Education","detail":"https://classic.savi.org/SAVI/PopUps/AssetMoreInfo.aspx?AssetID=919023"}},{"type":"Feature","geometry":{"type":"Point","coordinates":[-86.07349913,39.52112003]},"properties":{"name":"EARLYWOOD EDUCATIONAL SERVCIES","assetType":"Special Education - Private Programs","dataYear":"2019","assetId":"919756","subcategory":"Education","detail":"https://classic.savi.org/SAVI/PopUps/AssetMoreInfo.aspx?AssetID=919756"}},{"type":"Feature","geometry":{"type":"Point","coordinates":[-85.60967193,39.82374291]},"properties":{"name":"EASTERN HANCOCK COUNTY COMMUNITY SCHOOL CORPORATION","assetType":"Special Education - Private Programs","dataYear":"2019","assetId":"919318","subcategory":"Education","detail":"https://classic.savi.org/SAVI/PopUps/AssetMoreInfo.aspx?AssetID=919318"}},{"type":"Feature","geometry":{"type":"Point","coordinates":[-86.83834576,39.64131386]},"properties":{"name":"GREENCASTLE COMMUNITY SCHOOL DISTRICT","assetType":"Special Education - Private Programs","dataYear":"2019","assetId":"920902","subcategory":"Education","detail":"https://classic.savi.org/SAVI/PopUps/AssetMoreInfo.aspx?AssetID=920902"}},{"type":"Feature","geometry":{"type":"Point","coordinates":[-85.99494444,39.98475208]},"properties":{"name":"HAMILTON SOUTHEASTERN SCHOOL DISTRICT","assetType":"Special Education - Private Programs","dataYear":"2019","assetId":"919324","subcategory":"Education","detail":"https://classic.savi.org/SAVI/PopUps/AssetMoreInfo.aspx?AssetID=919324"}},{"type":"Feature","geometry":{"type":"Point","coordinates":[-86.0006796,40.05783967]},"properties":{"name":"HAMILTON-BOONE-MADISON SPECIAL SERVICES COOPERATIVE","assetType":"Special Education - Private Programs","dataYear":"2019","assetId":"920749","subcategory":"Education","detail":"https://classic.savi.org/SAVI/PopUps/AssetMoreInfo.aspx?AssetID=920749"}},{"type":"Feature","geometry":{"type":"Point","coordinates":[-85.67884891,40.0606014]},"properties":{"name":"Hopewell Center Inc","assetType":"Special Education - Private Programs","dataYear":"2019","assetId":"934123","subcategory":"Education","detail":"https://classic.savi.org/SAVI/PopUps/AssetMoreInfo.aspx?AssetID=934123"}},{"type":"Feature","geometry":{"type":"Point","coordinates":[-86.16114651,39.7667531]},"properties":{"name":"INDIANA DEPARTMENT OF EDUCATION","assetType":"Special Education - Private Programs","dataYear":"2019","assetId":"922121","subcategory":"Education","detail":"https://classic.savi.org/SAVI/PopUps/AssetMoreInfo.aspx?AssetID=922121"}},{"type":"Feature","geometry":{"type":"Point","coordinates":[-86.15459995,39.77724235]},"properties":{"name":"INDIANAPOLIS PUBLIC SCHOOL IPS DISTRICT","assetType":"Special Education - Private Programs","dataYear":"2019","assetId":"920494","subcategory":"Education","detail":"https://classic.savi.org/SAVI/PopUps/AssetMoreInfo.aspx?AssetID=920494"}},{"type":"Feature","geometry":{"type":"Point","coordinates":[-85.97308217,39.87649083]},"properties":{"name":"LAWRENCE TOWNSHIP METROPOLITAN SCHOOL DISTRICT","assetType":"Special Education - Private Programs","dataYear":"2019","assetId":"919834","subcategory":"Education","detail":"https://classic.savi.org/SAVI/PopUps/AssetMoreInfo.aspx?AssetID=919834"}},{"type":"Feature","geometry":{"type":"Point","coordinates":[-86.42425074,39.42544422]},"properties":{"name":"MARTINSVILLE METROPOLITAN SCHOOL DISTRICT","assetType":"Special Education - Private Programs","dataYear":"2019","assetId":"919411","subcategory":"Education","detail":"https://classic.savi.org/SAVI/PopUps/AssetMoreInfo.aspx?AssetID=919411"}},{"type":"Feature","geometry":{"type":"Point","coordinates":[-86.12336847,39.91122972]},"properties":{"name":"METROPOLITAN SCHOOL DISTRICT OF WASHINGTON TOWNSHIP","assetType":"Special Education - Private Programs","dataYear":"2019","assetId":"919018","subcategory":"Education","detail":"https://classic.savi.org/SAVI/PopUps/AssetMoreInfo.aspx?AssetID=919018"}},{"type":"Feature","geometry":{"type":"Point","coordinates":[-86.47984658,39.57708877]},"properties":{"name":"MONROE-GREGG SCHOOL DISTRICT","assetType":"Special Education - Private Programs","dataYear":"2019","assetId":"919419","subcategory":"Education","detail":"https://classic.savi.org/SAVI/PopUps/AssetMoreInfo.aspx?AssetID=919419"}},{"type":"Feature","geometry":{"type":"Point","coordinates":[-85.87564505,39.61128955]},"properties":{"name":"NORTHWESTERN CONSOLIDATED SCHOOL TRITON ELEMENTARY SCHOOL","assetType":"Special Education - Private Programs","dataYear":"2019","assetId":"919312","subcategory":"Education","detail":"https://classic.savi.org/SAVI/PopUps/AssetMoreInfo.aspx?AssetID=919312"}},{"type":"Feature","geometry":{"type":"Point","coordinates":[-86.81866992,39.648341]},"properties":{"name":"OLD NATIONAL TRAIL SPECIAL SERVICES","assetType":"Special Education - Private Programs","dataYear":"2019","assetId":"919687","subcategory":"Education","detail":"https://classic.savi.org/SAVI/PopUps/AssetMoreInfo.aspx?AssetID=919687"}},{"type":"Feature","geometry":{"type":"Point","coordinates":[-86.25904985,39.87872309]},"properties":{"name":"PIKE TOWNSHIP METROPOLITAN SCHOOL DISTRICT","assetType":"Special Education - Private Programs","dataYear":"2019","assetId":"921643","subcategory":"Education","detail":"https://classic.savi.org/SAVI/PopUps/AssetMoreInfo.aspx?AssetID=921643"}},{"type":"Feature","geometry":{"type":"Point","coordinates":[-85.66140899,39.45325554]},"properties":{"name":"SHELBY EASTERN SCHOOLS SPECIAL EDUCATION","assetType":"Special Education - Private Programs","dataYear":"2019","assetId":"919315","subcategory":"Education","detail":"https://classic.savi.org/SAVI/PopUps/AssetMoreInfo.aspx?AssetID=919315"}},{"type":"Feature","geometry":{"type":"Point","coordinates":[-85.78763403,39.50585455]},"properties":{"name":"SHELBYVILLE CENTRAL SCHOOLS - SPECIAL EDUCATION","assetType":"Special Education - Private Programs","dataYear":"2019","assetId":"919421","subcategory":"Education","detail":"https://classic.savi.org/SAVI/PopUps/AssetMoreInfo.aspx?AssetID=919421"}},{"type":"Feature","geometry":{"type":"Point","coordinates":[-85.76525101,40.00044632]},"properties":{"name":"SOUTH MADISON COMMUNITY SCHOOL CORPORATION","assetType":"Special Education - Private Programs","dataYear":"2019","assetId":"920098","subcategory":"Education","detail":"https://classic.savi.org/SAVI/PopUps/AssetMoreInfo.aspx?AssetID=920098"}},{"type":"Feature","geometry":{"type":"Point","coordinates":[-85.89452462,39.71776888]},"properties":{"name":"SOUTHERN HANCOCK COUNTY COMMUNITY SCHOOL CORPORATION","assetType":"Special Education - Private Programs","dataYear":"2019","assetId":"919512","subcategory":"Education","detail":"https://classic.savi.org/SAVI/PopUps/AssetMoreInfo.aspx?AssetID=919512"}},{"type":"Feature","geometry":{"type":"Point","coordinates":[-86.1379555,39.68883019]},"properties":{"name":"SOUTHSIDE SPECIAL SERVICES OF MARION COUNTY","assetType":"Special Education - Private Programs","dataYear":"2019","assetId":"919754","subcategory":"Education","detail":"https://classic.savi.org/SAVI/PopUps/AssetMoreInfo.aspx?AssetID=919754"}},{"type":"Feature","geometry":{"type":"Point","coordinates":[-86.24764646,39.78504136]},"properties":{"name":"SPEEDWAY SCHOOL DISTRICT - FISHER ELEMENTARY SCHOOL","assetType":"Special Education - Private Programs","dataYear":"2019","assetId":"917276","subcategory":"Education","detail":"https://classic.savi.org/SAVI/PopUps/AssetMoreInfo.aspx?AssetID=917276"}},{"type":"Feature","geometry":{"type":"Point","coordinates":[-86.00865043,39.78154946]},"properties":{"name":"WARREN TOWNSHIP METROPOLITAN SCHOOL DISTRICT","assetType":"Special Education - Private Programs","dataYear":"2019","assetId":"918798","subcategory":"Education","detail":"https://classic.savi.org/SAVI/PopUps/AssetMoreInfo.aspx?AssetID=918798"}},{"type":"Feature","geometry":{"type":"Point","coordinates":[-86.27003425,39.74964428]},"properties":{"name":"WAYNE TOWNSHIP METROPOLITAN SCHOOL DISTRICT","assetType":"Special Education - Private Programs","dataYear":"2019","assetId":"919804","subcategory":"Education","detail":"https://classic.savi.org/SAVI/PopUps/AssetMoreInfo.aspx?AssetID=919804"}},{"type":"Feature","geometry":{"type":"Point","coordinates":[-86.1433572,39.89505037]},"properties":{"name":"Indiana School for the Blind & Visually Impaired","assetType":"Special Education - Public Programs","dataYear":"2007","assetId":"623756","subcategory":"Education","detail":"https://classic.savi.org/SAVI/PopUps/AssetMoreInfo.aspx?AssetID=623756"}},{"type":"Feature","geometry":{"type":"Point","coordinates":[-86.13819148,39.83287129]},"properties":{"name":"Indiana School for the Deaf","assetType":"Special Education - Public Programs","dataYear":"2007","assetId":"624085","subcategory":"Education","detail":"https://classic.savi.org/SAVI/PopUps/AssetMoreInfo.aspx?AssetID=624085"}},{"type":"Feature","geometry":{"type":"Point","coordinates":[-86.2289786,39.91949858]},"properties":{"name":"St Joseph Institute for the Deaf","assetType":"Special Education - Public Programs","dataYear":"2007","assetId":"625492","subcategory":"Education","detail":"https://classic.savi.org/SAVI/PopUps/AssetMoreInfo.aspx?AssetID=625492"}},{"type":"Feature","geometry":{"type":"Point","coordinates":[-85.7871894,39.51198878]},"properties":{"name":"BLUE RIVER CAREER PROGRAMS BRCP","assetType":"Vocational Education","dataYear":"2013","assetId":"798837","subcategory":"Education","detail":"https://classic.savi.org/SAVI/PopUps/AssetMoreInfo.aspx?AssetID=798837"}},{"type":"Feature","geometry":{"type":"Point","coordinates":[-86.1009034,39.58814458]},"properties":{"name":"CENTRAL NINE CAREER CENTER","assetType":"Vocational Education","dataYear":"2013","assetId":"796606","subcategory":"Education","detail":"https://classic.savi.org/SAVI/PopUps/AssetMoreInfo.aspx?AssetID=796606"}},{"type":"Feature","geometry":{"type":"Point","coordinates":[-86.04098607,39.89079931]},"properties":{"name":"MCKENZIE CENTER FOR INNOVATION AND TECHNOLOGY","assetType":"Vocational Education","dataYear":"2013","assetId":"800086","subcategory":"Education","detail":"https://classic.savi.org/SAVI/PopUps/AssetMoreInfo.aspx?AssetID=800086"}},{"type":"Feature","geometry":{"type":"Point","coordinates":[-86.14019672,39.76622934]},"properties":{"name":"SECOND HELPINGS","assetType":"Vocational Education","dataYear":"2013","assetId":"796632","subcategory":"Education","detail":"https://classic.savi.org/SAVI/PopUps/AssetMoreInfo.aspx?AssetID=796632"}},{"type":"Feature","geometry":{"type":"Point","coordinates":[-85.99698134,39.79671176]},"properties":{"name":"WALKER CAREER CENTER","assetType":"Vocational Education","dataYear":"2013","assetId":"796388","subcategory":"Education","detail":"https://classic.savi.org/SAVI/PopUps/AssetMoreInfo.aspx?AssetID=796388"}},{"type":"Feature","geometry":{"type":"Point","coordinates":[-86.81866992,39.648341]},"properties":{"name":"CHILD ADULT RESOURCE SERVICES CARS - GREENCASTLE RESOURCE CENTER","assetType":"Head Start","dataYear":"2019","assetId":"917424","subcategory":"Education","detail":"https://classic.savi.org/SAVI/PopUps/AssetMoreInfo.aspx?AssetID=917424"}},{"type":"Feature","geometry":{"type":"Point","coordinates":[-86.46747263,39.76123788]},"properties":{"name":"CHILD ADULT RESOURCE SERVICES CARS - HENDRICKS COUNTY RESOURCE CENTER","assetType":"Head Start","dataYear":"2019","assetId":"917425","subcategory":"Education","detail":"https://classic.savi.org/SAVI/PopUps/AssetMoreInfo.aspx?AssetID=917425"}},{"type":"Feature","geometry":{"type":"Point","coordinates":[-86.42802131,39.43199291]},"properties":{"name":"CHILD ADULT RESOURCE SERVICES CARS - MARTINSVILLE RESOURCE CENTER","assetType":"Head Start","dataYear":"2019","assetId":"917431","subcategory":"Education","detail":"https://classic.savi.org/SAVI/PopUps/AssetMoreInfo.aspx?AssetID=917431"}},{"type":"Feature","geometry":{"type":"Point","coordinates":[-86.37312217,39.60572357]},"properties":{"name":"CHILD ADULT RESOURCE SERVICES CARS - MOORESVILLE RESOURCE CENTER","assetType":"Head Start","dataYear":"2019","assetId":"917430","subcategory":"Education","detail":"https://classic.savi.org/SAVI/PopUps/AssetMoreInfo.aspx?AssetID=917430"}},{"type":"Feature","geometry":{"type":"Point","coordinates":[-86.81866992,39.648341]},"properties":{"name":"CHILD ADULT RESOURCE SERVICES CARS - PUTNAM COUNTY RESOURCE CENTER","assetType":"Head Start","dataYear":"2019","assetId":"917426","subcategory":"Education","detail":"https://classic.savi.org/SAVI/PopUps/AssetMoreInfo.aspx?AssetID=917426"}},{"type":"Feature","geometry":{"type":"Point","coordinates":[-86.15669247,39.82157534]},"properties":{"name":"FAMILY DEVELOPMENT SERVICES - HEAD START","assetType":"Head Start","dataYear":"2019","assetId":"919722","subcategory":"Education","detail":"https://classic.savi.org/SAVI/PopUps/AssetMoreInfo.aspx?AssetID=919722"}},{"type":"Feature","geometry":{"type":"Point","coordinates":[-85.78609018,39.50941542]},"properties":{"name":"Head Start","assetType":"Head Start","dataYear":"2019","assetId":"934102","subcategory":"Education","detail":"https://classic.savi.org/SAVI/PopUps/AssetMoreInfo.aspx?AssetID=934102"}},{"type":"Feature","geometry":{"type":"Point","coordinates":[-86.06279488,39.47374713]},"properties":{"name":"Human Services Inc","assetType":"Head Start","dataYear":"2019","assetId":"934132","subcategory":"Education","detail":"https://classic.savi.org/SAVI/PopUps/AssetMoreInfo.aspx?AssetID=934132"}},{"type":"Feature","geometry":{"type":"Point","coordinates":[-85.77208263,39.80334342]},"properties":{"name":"INTERLOCAL COMMUNITY ACTION PROGRAM ICAP HANCOCK COUNTY","assetType":"Head Start","dataYear":"2019","assetId":"918503","subcategory":"Education","detail":"https://classic.savi.org/SAVI/PopUps/AssetMoreInfo.aspx?AssetID=918503"}},{"type":"Feature","geometry":{"type":"Point","coordinates":[-85.68978969,40.10311978]},"properties":{"name":"TRANSITION RESOURCES CORPORATION TRC - ANDERSON","assetType":"Head Start","dataYear":"2019","assetId":"921928","subcategory":"Education","detail":"https://classic.savi.org/SAVI/PopUps/AssetMoreInfo.aspx?AssetID=921928"}},{"type":"Feature","geometry":{"type":"Point","coordinates":[-86.0786976,39.5256733]},"properties":{"name":"Gateway Services","assetType":"Other Early Childhood Education","dataYear":"2019","assetId":"934142","subcategory":"Education","detail":"https://classic.savi.org/SAVI/PopUps/AssetMoreInfo.aspx?AssetID=934142"}},{"type":"Feature","geometry":{"type":"Point","coordinates":[-86.16569561,39.68885507]},"properties":{"name":"Abraham Lincoln Elementary School","assetType":"Preschools","dataYear":"2018","assetId":"925722","subcategory":"Education","detail":"https://classic.savi.org/SAVI/PopUps/AssetMoreInfo.aspx?AssetID=925722"}},{"type":"Feature","geometry":{"type":"Point","coordinates":[-86.24033236,39.85215228]},"properties":{"name":"Al Haqq Foundation Academy","assetType":"Preschools","dataYear":"2018","assetId":"926189","subcategory":"Education","detail":"https://classic.savi.org/SAVI/PopUps/AssetMoreInfo.aspx?AssetID=926189"}},{"type":"Feature","geometry":{"type":"Point","coordinates":[-85.68178305,40.26946887]},"properties":{"name":"Alexandria-Monroe Elementary","assetType":"Preschools","dataYear":"2018","assetId":"925691","subcategory":"Education","detail":"https://classic.savi.org/SAVI/PopUps/AssetMoreInfo.aspx?AssetID=925691"}},{"type":"Feature","geometry":{"type":"Point","coordinates":[-85.69326559,40.06006143]},"properties":{"name":"Anderson Christian School","assetType":"Preschools","dataYear":"2018","assetId":"926131","subcategory":"Education","detail":"https://classic.savi.org/SAVI/PopUps/AssetMoreInfo.aspx?AssetID=926131"}},{"type":"Feature","geometry":{"type":"Point","coordinates":[-86.06902307,39.78882063]},"properties":{"name":"Anna Brochhausen School 88","assetType":"Preschools","dataYear":"2018","assetId":"925466","subcategory":"Education","detail":"https://classic.savi.org/SAVI/PopUps/AssetMoreInfo.aspx?AssetID=925466"}},{"type":"Feature","geometry":{"type":"Point","coordinates":[-86.06705783,39.81079035]},"properties":{"name":"Arlington Woods School 99","assetType":"Preschools","dataYear":"2018","assetId":"925559","subcategory":"Education","detail":"https://classic.savi.org/SAVI/PopUps/AssetMoreInfo.aspx?AssetID=925559"}},{"type":"Feature","geometry":{"type":"Point","coordinates":[-86.81209406,39.75800878]},"properties":{"name":"Bainbridge Elementary School","assetType":"Preschools","dataYear":"2018","assetId":"925436","subcategory":"Education","detail":"https://classic.savi.org/SAVI/PopUps/AssetMoreInfo.aspx?AssetID=925436"}},{"type":"Feature","geometry":{"type":"Point","coordinates":[-86.53841248,40.10495089]},"properties":{"name":"Bella Natura Reggio","assetType":"Preschools","dataYear":"2018","assetId":"926185","subcategory":"Education","detail":"https://classic.savi.org/SAVI/PopUps/AssetMoreInfo.aspx?AssetID=926185"}},{"type":"Feature","geometry":{"type":"Point","coordinates":[-86.41150031,39.87930849]},"properties":{"name":"Bethesda Christian School","assetType":"Preschools","dataYear":"2018","assetId":"926260","subcategory":"Education","detail":"https://classic.savi.org/SAVI/PopUps/AssetMoreInfo.aspx?AssetID=926260"}},{"type":"Feature","geometry":{"type":"Point","coordinates":[-86.34591396,39.96024429]},"properties":{"name":"Boone Meadow","assetType":"Preschools","dataYear":"2018","assetId":"925917","subcategory":"Education","detail":"https://classic.savi.org/SAVI/PopUps/AssetMoreInfo.aspx?AssetID=925917"}},{"type":"Feature","geometry":{"type":"Point","coordinates":[-85.79289566,39.72710087]},"properties":{"name":"Brandywine Elementary School","assetType":"Preschools","dataYear":"2018","assetId":"925830","subcategory":"Education","detail":"https://classic.savi.org/SAVI/PopUps/AssetMoreInfo.aspx?AssetID=925830"}},{"type":"Feature","geometry":{"type":"Point","coordinates":[-86.32340529,39.74896464]},"properties":{"name":"Bridgeport Elementary School","assetType":"Preschools","dataYear":"2018","assetId":"925538","subcategory":"Education","detail":"https://classic.savi.org/SAVI/PopUps/AssetMoreInfo.aspx?AssetID=925538"}},{"type":"Feature","geometry":{"type":"Point","coordinates":[-86.3675632,39.5421725]},"properties":{"name":"Brooklyn STEM Academy","assetType":"Preschools","dataYear":"2018","assetId":"925496","subcategory":"Education","detail":"https://classic.savi.org/SAVI/PopUps/AssetMoreInfo.aspx?AssetID=925496"}},{"type":"Feature","geometry":{"type":"Point","coordinates":[-85.94421338,39.96955667]},"properties":{"name":"Brooks School Elementary","assetType":"Preschools","dataYear":"2018","assetId":"926021","subcategory":"Education","detail":"https://classic.savi.org/SAVI/PopUps/AssetMoreInfo.aspx?AssetID=926021"}},{"type":"Feature","geometry":{"type":"Point","coordinates":[-86.38949475,39.83861103]},"properties":{"name":"Brownsburg Early Childhood Center","assetType":"Preschools","dataYear":"2018","assetId":"925948","subcategory":"Education","detail":"https://classic.savi.org/SAVI/PopUps/AssetMoreInfo.aspx?AssetID=925948"}},{"type":"Feature","geometry":{"type":"Point","coordinates":[-86.00158356,39.74370887]},"properties":{"name":"Burge Terrace Christian School","assetType":"Preschools","dataYear":"2018","assetId":"926107","subcategory":"Education","detail":"https://classic.savi.org/SAVI/PopUps/AssetMoreInfo.aspx?AssetID=926107"}},{"type":"Feature","geometry":{"type":"Point","coordinates":[-86.12042782,39.71301859]},"properties":{"name":"Calvary Christian School","assetType":"Preschools","dataYear":"2018","assetId":"926033","subcategory":"Education","detail":"https://classic.savi.org/SAVI/PopUps/AssetMoreInfo.aspx?AssetID=926033"}},{"type":"Feature","geometry":{"type":"Point","coordinates":[-86.1629073,39.79613907]},"properties":{"name":"Capitol City SDA Church School","assetType":"Preschools","dataYear":"2018","assetId":"925923","subcategory":"Education","detail":"https://classic.savi.org/SAVI/PopUps/AssetMoreInfo.aspx?AssetID=925923"}},{"type":"Feature","geometry":{"type":"Point","coordinates":[-86.10631342,40.0248773]},"properties":{"name":"Carey Ridge Elementary School","assetType":"Preschools","dataYear":"2018","assetId":"925975","subcategory":"Education","detail":"https://classic.savi.org/SAVI/PopUps/AssetMoreInfo.aspx?AssetID=925975"}},{"type":"Feature","geometry":{"type":"Point","coordinates":[-86.24762522,39.78504015]},"properties":{"name":"Carl G Fisher Elementary School 1","assetType":"Preschools","dataYear":"2018","assetId":"925636","subcategory":"Education","detail":"https://classic.savi.org/SAVI/PopUps/AssetMoreInfo.aspx?AssetID=925636"}},{"type":"Feature","geometry":{"type":"Point","coordinates":[-86.14772223,39.79162571]},"properties":{"name":"Center for Inquiry School 27","assetType":"Preschools","dataYear":"2018","assetId":"925742","subcategory":"Education","detail":"https://classic.savi.org/SAVI/PopUps/AssetMoreInfo.aspx?AssetID=925742"}},{"type":"Feature","geometry":{"type":"Point","coordinates":[-86.39256154,39.51512198]},"properties":{"name":"Centerton Elementary School","assetType":"Preschools","dataYear":"2018","assetId":"925494","subcategory":"Education","detail":"https://classic.savi.org/SAVI/PopUps/AssetMoreInfo.aspx?AssetID=925494"}},{"type":"Feature","geometry":{"type":"Point","coordinates":[-86.13719624,39.72491605]},"properties":{"name":"Central Catholic School","assetType":"Preschools","dataYear":"2018","assetId":"926110","subcategory":"Education","detail":"https://classic.savi.org/SAVI/PopUps/AssetMoreInfo.aspx?AssetID=926110"}},{"type":"Feature","geometry":{"type":"Point","coordinates":[-86.12421778,39.73102905]},"properties":{"name":"Central Christian Academy","assetType":"Preschools","dataYear":"2018","assetId":"926036","subcategory":"Education","detail":"https://classic.savi.org/SAVI/PopUps/AssetMoreInfo.aspx?AssetID=926036"}},{"type":"Feature","geometry":{"type":"Point","coordinates":[-86.31503772,39.7750032]},"properties":{"name":"Chapel Glen Elementary School","assetType":"Preschools","dataYear":"2018","assetId":"925601","subcategory":"Education","detail":"https://classic.savi.org/SAVI/PopUps/AssetMoreInfo.aspx?AssetID=925601"}},{"type":"Feature","geometry":{"type":"Point","coordinates":[-86.28736475,39.78185123]},"properties":{"name":"Chapelwood Elementary School","assetType":"Preschools","dataYear":"2018","assetId":"925541","subcategory":"Education","detail":"https://classic.savi.org/SAVI/PopUps/AssetMoreInfo.aspx?AssetID=925541"}},{"type":"Feature","geometry":{"type":"Point","coordinates":[-86.41238346,39.42449542]},"properties":{"name":"Charles L Smith Arts Academy","assetType":"Preschools","dataYear":"2018","assetId":"925490","subcategory":"Education","detail":"https://classic.savi.org/SAVI/PopUps/AssetMoreInfo.aspx?AssetID=925490"}},{"type":"Feature","geometry":{"type":"Point","coordinates":[-86.07143384,39.99047855]},"properties":{"name":"Cherry Tree Elementary School","assetType":"Preschools","dataYear":"2018","assetId":"925898","subcategory":"Education","detail":"https://classic.savi.org/SAVI/PopUps/AssetMoreInfo.aspx?AssetID=925898"}},{"type":"Feature","geometry":{"type":"Point","coordinates":[-86.23380372,39.81079946]},"properties":{"name":"Clarence Farrington School 61","assetType":"Preschools","dataYear":"2018","assetId":"925745","subcategory":"Education","detail":"https://classic.savi.org/SAVI/PopUps/AssetMoreInfo.aspx?AssetID=925745"}},{"type":"Feature","geometry":{"type":"Point","coordinates":[-86.11531056,39.68327345]},"properties":{"name":"Clinton Young Elementary School","assetType":"Preschools","dataYear":"2018","assetId":"925726","subcategory":"Education","detail":"https://classic.savi.org/SAVI/PopUps/AssetMoreInfo.aspx?AssetID=925726"}},{"type":"Feature","geometry":{"type":"Point","coordinates":[-86.78725322,39.5137025]},"properties":{"name":"Cloverdale Elementary School","assetType":"Preschools","dataYear":"2018","assetId":"925419","subcategory":"Education","detail":"https://classic.savi.org/SAVI/PopUps/AssetMoreInfo.aspx?AssetID=925419"}},{"type":"Feature","geometry":{"type":"Point","coordinates":[-86.12094413,39.90267901]},"properties":{"name":"Colonial Christian School","assetType":"Preschools","dataYear":"2018","assetId":"926162","subcategory":"Education","detail":"https://classic.savi.org/SAVI/PopUps/AssetMoreInfo.aspx?AssetID=926162"}},{"type":"Feature","geometry":{"type":"Point","coordinates":[-85.97799797,39.85491478]},"properties":{"name":"Cornerstone Baptist Academy","assetType":"Preschools","dataYear":"2018","assetId":"926225","subcategory":"Education","detail":"https://classic.savi.org/SAVI/PopUps/AssetMoreInfo.aspx?AssetID=926225"}},{"type":"Feature","geometry":{"type":"Point","coordinates":[-85.75987003,39.53338854]},"properties":{"name":"Coulston Elementary School","assetType":"Preschools","dataYear":"2018","assetId":"925393","subcategory":"Education","detail":"https://classic.savi.org/SAVI/PopUps/AssetMoreInfo.aspx?AssetID=925393"}},{"type":"Feature","geometry":{"type":"Point","coordinates":[-85.70687445,40.1360058]},"properties":{"name":"Cross Street Christian School","assetType":"Preschools","dataYear":"2018","assetId":"926138","subcategory":"Education","detail":"https://classic.savi.org/SAVI/PopUps/AssetMoreInfo.aspx?AssetID=926138"}},{"type":"Feature","geometry":{"type":"Point","coordinates":[-86.30812857,39.76766804]},"properties":{"name":"Crosspointe Christian Academy","assetType":"Preschools","dataYear":"2018","assetId":"926055","subcategory":"Education","detail":"https://classic.savi.org/SAVI/PopUps/AssetMoreInfo.aspx?AssetID=926055"}},{"type":"Feature","geometry":{"type":"Point","coordinates":[-85.99570191,39.98567009]},"properties":{"name":"Cumberland Road Elem School","assetType":"Preschools","dataYear":"2018","assetId":"926015","subcategory":"Education","detail":"https://classic.savi.org/SAVI/PopUps/AssetMoreInfo.aspx?AssetID=926015"}},{"type":"Feature","geometry":{"type":"Point","coordinates":[-86.08348446,39.65288641]},"properties":{"name":"Curtis Wilson Primary School","assetType":"Preschools","dataYear":"2018","assetId":"926121","subcategory":"Education","detail":"https://classic.savi.org/SAVI/PopUps/AssetMoreInfo.aspx?AssetID=926121"}},{"type":"Feature","geometry":{"type":"Point","coordinates":[-86.8485627,39.64836528]},"properties":{"name":"Deer Meadow Primary School","assetType":"Preschools","dataYear":"2018","assetId":"925438","subcategory":"Education","detail":"https://classic.savi.org/SAVI/PopUps/AssetMoreInfo.aspx?AssetID=925438"}},{"type":"Feature","geometry":{"type":"Point","coordinates":[-86.15112457,39.65169857]},"properties":{"name":"Douglas MacArthur Elementary Sch","assetType":"Preschools","dataYear":"2018","assetId":"925720","subcategory":"Education","detail":"https://classic.savi.org/SAVI/PopUps/AssetMoreInfo.aspx?AssetID=925720"}},{"type":"Feature","geometry":{"type":"Point","coordinates":[-85.9095797,40.05195434]},"properties":{"name":"Durbin Elementary School","assetType":"Preschools","dataYear":"2018","assetId":"926004","subcategory":"Education","detail":"https://classic.savi.org/SAVI/PopUps/AssetMoreInfo.aspx?AssetID=926004"}},{"type":"Feature","geometry":{"type":"Point","coordinates":[-86.26716308,39.95445998]},"properties":{"name":"Eagle Elementary School","assetType":"Preschools","dataYear":"2018","assetId":"926063","subcategory":"Education","detail":"https://classic.savi.org/SAVI/PopUps/AssetMoreInfo.aspx?AssetID=926063"}},{"type":"Feature","geometry":{"type":"Point","coordinates":[-85.97306026,39.87722614]},"properties":{"name":"Early Learning Center","assetType":"Preschools","dataYear":"2018","assetId":"925731","subcategory":"Education","detail":"https://classic.savi.org/SAVI/PopUps/AssetMoreInfo.aspx?AssetID=925731"}},{"type":"Feature","geometry":{"type":"Point","coordinates":[-85.95559116,39.35464067]},"properties":{"name":"East Side Elementary School","assetType":"Preschools","dataYear":"2018","assetId":"925802","subcategory":"Education","detail":"https://classic.savi.org/SAVI/PopUps/AssetMoreInfo.aspx?AssetID=925802"}},{"type":"Feature","geometry":{"type":"Point","coordinates":[-86.23630521,39.89185549]},"properties":{"name":"Eastbrook Elementary School","assetType":"Preschools","dataYear":"2018","assetId":"925656","subcategory":"Education","detail":"https://classic.savi.org/SAVI/PopUps/AssetMoreInfo.aspx?AssetID=925656"}},{"type":"Feature","geometry":{"type":"Point","coordinates":[-85.60839658,39.82414811]},"properties":{"name":"Eastern Hancock Elementary School","assetType":"Preschools","dataYear":"2018","assetId":"925814","subcategory":"Education","detail":"https://classic.savi.org/SAVI/PopUps/AssetMoreInfo.aspx?AssetID=925814"}},{"type":"Feature","geometry":{"type":"Point","coordinates":[-86.1792641,39.8033535]},"properties":{"name":"Elder W Diggs School 42","assetType":"Preschools","dataYear":"2018","assetId":"925576","subcategory":"Education","detail":"https://classic.savi.org/SAVI/PopUps/AssetMoreInfo.aspx?AssetID=925576"}},{"type":"Feature","geometry":{"type":"Point","coordinates":[-86.13581994,39.73554329]},"properties":{"name":"Eleanor Skillen School 34","assetType":"Preschools","dataYear":"2018","assetId":"925583","subcategory":"Education","detail":"https://classic.savi.org/SAVI/PopUps/AssetMoreInfo.aspx?AssetID=925583"}},{"type":"Feature","geometry":{"type":"Point","coordinates":[-85.83692066,40.28562119]},"properties":{"name":"Elwood Elementary School","assetType":"Preschools","dataYear":"2018","assetId":"925685","subcategory":"Education","detail":"https://classic.savi.org/SAVI/PopUps/AssetMoreInfo.aspx?AssetID=925685"}},{"type":"Feature","geometry":{"type":"Point","coordinates":[-86.03745847,39.96149641]},"properties":{"name":"Eman Schools","assetType":"Preschools","dataYear":"2018","assetId":"926289","subcategory":"Education","detail":"https://classic.savi.org/SAVI/PopUps/AssetMoreInfo.aspx?AssetID=926289"}},{"type":"Feature","geometry":{"type":"Point","coordinates":[-86.6419846,39.52456385]},"properties":{"name":"Eminence Elementary School","assetType":"Preschools","dataYear":"2018","assetId":"925448","subcategory":"Education","detail":"https://classic.savi.org/SAVI/PopUps/AssetMoreInfo.aspx?AssetID=925448"}},{"type":"Feature","geometry":{"type":"Point","coordinates":[-86.13545501,39.75079684]},"properties":{"name":"Emmaus Lutheran School","assetType":"Preschools","dataYear":"2018","assetId":"926149","subcategory":"Education","detail":"https://classic.savi.org/SAVI/PopUps/AssetMoreInfo.aspx?AssetID=926149"}},{"type":"Feature","geometry":{"type":"Point","coordinates":[-86.21471069,39.79006951]},"properties":{"name":"Ernie Pyle School 90","assetType":"Preschools","dataYear":"2018","assetId":"925464","subcategory":"Education","detail":"https://classic.savi.org/SAVI/PopUps/AssetMoreInfo.aspx?AssetID=925464"}},{"type":"Feature","geometry":{"type":"Point","coordinates":[-85.78763403,39.50585455]},"properties":{"name":"Especially Kidz Health & Rehab Cnt","assetType":"Preschools","dataYear":"2018","assetId":"925397","subcategory":"Education","detail":"https://classic.savi.org/SAVI/PopUps/AssetMoreInfo.aspx?AssetID=925397"}},{"type":"Feature","geometry":{"type":"Point","coordinates":[-85.91993487,39.96550157]},"properties":{"name":"Fall Creek Elementary School","assetType":"Preschools","dataYear":"2018","assetId":"926009","subcategory":"Education","detail":"https://classic.savi.org/SAVI/PopUps/AssetMoreInfo.aspx?AssetID=926009"}},{"type":"Feature","geometry":{"type":"Point","coordinates":[-86.75303373,39.66813203]},"properties":{"name":"Fillmore Elementary School","assetType":"Preschools","dataYear":"2018","assetId":"925443","subcategory":"Education","detail":"https://classic.savi.org/SAVI/PopUps/AssetMoreInfo.aspx?AssetID=925443"}},{"type":"Feature","geometry":{"type":"Point","coordinates":[-86.30914445,39.90899021]},"properties":{"name":"Fishback Creek Public Academy","assetType":"Preschools","dataYear":"2018","assetId":"925761","subcategory":"Education","detail":"https://classic.savi.org/SAVI/PopUps/AssetMoreInfo.aspx?AssetID=925761"}},{"type":"Feature","geometry":{"type":"Point","coordinates":[-85.99931288,39.97856852]},"properties":{"name":"Fishers Christian Academy","assetType":"Preschools","dataYear":"2018","assetId":"926286","subcategory":"Education","detail":"https://classic.savi.org/SAVI/PopUps/AssetMoreInfo.aspx?AssetID=926286"}},{"type":"Feature","geometry":{"type":"Point","coordinates":[-86.01207787,39.95434125]},"properties":{"name":"Fishers Elementary School","assetType":"Preschools","dataYear":"2018","assetId":"926017","subcategory":"Education","detail":"https://classic.savi.org/SAVI/PopUps/AssetMoreInfo.aspx?AssetID=926017"}},{"type":"Feature","geometry":{"type":"Point","coordinates":[-86.08566818,39.83364803]},"properties":{"name":"Floro Torrence School 83","assetType":"Preschools","dataYear":"2018","assetId":"925457","subcategory":"Education","detail":"https://classic.savi.org/SAVI/PopUps/AssetMoreInfo.aspx?AssetID=925457"}},{"type":"Feature","geometry":{"type":"Point","coordinates":[-86.10956547,39.94393047]},"properties":{"name":"Forest Dale Elementary School","assetType":"Preschools","dataYear":"2018","assetId":"925787","subcategory":"Education","detail":"https://classic.savi.org/SAVI/PopUps/AssetMoreInfo.aspx?AssetID=925787"}},{"type":"Feature","geometry":{"type":"Point","coordinates":[-85.99973999,39.87261207]},"properties":{"name":"Forest Glen Elementary School","assetType":"Preschools","dataYear":"2018","assetId":"925624","subcategory":"Education","detail":"https://classic.savi.org/SAVI/PopUps/AssetMoreInfo.aspx?AssetID=925624"}},{"type":"Feature","geometry":{"type":"Point","coordinates":[-86.00061768,39.82243206]},"properties":{"name":"Francis Bellamy Pre-School Center","assetType":"Preschools","dataYear":"2018","assetId":"925502","subcategory":"Education","detail":"https://classic.savi.org/SAVI/PopUps/AssetMoreInfo.aspx?AssetID=925502"}},{"type":"Feature","geometry":{"type":"Point","coordinates":[-86.13633335,39.80096459]},"properties":{"name":"Francis W Parker School 56","assetType":"Preschools","dataYear":"2018","assetId":"925470","subcategory":"Education","detail":"https://classic.savi.org/SAVI/PopUps/AssetMoreInfo.aspx?AssetID=925470"}},{"type":"Feature","geometry":{"type":"Point","coordinates":[-85.76305485,40.21947032]},"properties":{"name":"Frankton Elementary School","assetType":"Preschools","dataYear":"2018","assetId":"926144","subcategory":"Education","detail":"https://classic.savi.org/SAVI/PopUps/AssetMoreInfo.aspx?AssetID=926144"}},{"type":"Feature","geometry":{"type":"Point","coordinates":[-86.12918266,39.7396348]},"properties":{"name":"Frederick Douglass School 19","assetType":"Preschools","dataYear":"2018","assetId":"925739","subcategory":"Education","detail":"https://classic.savi.org/SAVI/PopUps/AssetMoreInfo.aspx?AssetID=925739"}},{"type":"Feature","geometry":{"type":"Point","coordinates":[-86.26276606,39.82288968]},"properties":{"name":"Gambold Pre-School","assetType":"Preschools","dataYear":"2018","assetId":"925562","subcategory":"Education","detail":"https://classic.savi.org/SAVI/PopUps/AssetMoreInfo.aspx?AssetID=925562"}},{"type":"Feature","geometry":{"type":"Point","coordinates":[-86.24300803,39.7646476]},"properties":{"name":"Garden City Elementary School","assetType":"Preschools","dataYear":"2018","assetId":"925599","subcategory":"Education","detail":"https://classic.savi.org/SAVI/PopUps/AssetMoreInfo.aspx?AssetID=925599"}},{"type":"Feature","geometry":{"type":"Point","coordinates":[-85.91354508,39.93791713]},"properties":{"name":"Geist Elementary School","assetType":"Preschools","dataYear":"2018","assetId":"925995","subcategory":"Education","detail":"https://classic.savi.org/SAVI/PopUps/AssetMoreInfo.aspx?AssetID=925995"}},{"type":"Feature","geometry":{"type":"Point","coordinates":[-86.16741887,39.80132799]},"properties":{"name":"George Washington Carver School 87","assetType":"Preschools","dataYear":"2018","assetId":"925522","subcategory":"Education","detail":"https://classic.savi.org/SAVI/PopUps/AssetMoreInfo.aspx?AssetID=925522"}},{"type":"Feature","geometry":{"type":"Point","coordinates":[-86.19632981,39.64426764]},"properties":{"name":"Glenns Valley Elementary School","assetType":"Preschools","dataYear":"2018","assetId":"925724","subcategory":"Education","detail":"https://classic.savi.org/SAVI/PopUps/AssetMoreInfo.aspx?AssetID=925724"}},{"type":"Feature","geometry":{"type":"Point","coordinates":[-86.62212335,39.96551279]},"properties":{"name":"Granville Wells Elementary School","assetType":"Preschools","dataYear":"2018","assetId":"926072","subcategory":"Education","detail":"https://classic.savi.org/SAVI/PopUps/AssetMoreInfo.aspx?AssetID=926072"}},{"type":"Feature","geometry":{"type":"Point","coordinates":[-86.31054655,39.46534515]},"properties":{"name":"Green Township Elementary School","assetType":"Preschools","dataYear":"2018","assetId":"925446","subcategory":"Education","detail":"https://classic.savi.org/SAVI/PopUps/AssetMoreInfo.aspx?AssetID=925446"}},{"type":"Feature","geometry":{"type":"Point","coordinates":[-86.12312413,39.58415431]},"properties":{"name":"Greenwood Christian Academy","assetType":"Preschools","dataYear":"2018","assetId":"926191","subcategory":"Education","detail":"https://classic.savi.org/SAVI/PopUps/AssetMoreInfo.aspx?AssetID=926191"}},{"type":"Feature","geometry":{"type":"Point","coordinates":[-86.01635504,40.15692569]},"properties":{"name":"Hamilton Heights Primary School","assetType":"Preschools","dataYear":"2018","assetId":"925981","subcategory":"Education","detail":"https://classic.savi.org/SAVI/PopUps/AssetMoreInfo.aspx?AssetID=925981"}},{"type":"Feature","geometry":{"type":"Point","coordinates":[-86.00987463,39.9950571]},"properties":{"name":"Harrison Parkway Elementary School","assetType":"Preschools","dataYear":"2018","assetId":"925989","subcategory":"Education","detail":"https://classic.savi.org/SAVI/PopUps/AssetMoreInfo.aspx?AssetID=925989"}},{"type":"Feature","geometry":{"type":"Point","coordinates":[-86.17571634,39.8765628]},"properties":{"name":"Hasten Hebrew Acad of Indianapolis","assetType":"Preschools","dataYear":"2018","assetId":"926165","subcategory":"Education","detail":"https://classic.savi.org/SAVI/PopUps/AssetMoreInfo.aspx?AssetID=926165"}},{"type":"Feature","geometry":{"type":"Point","coordinates":[-86.07798944,40.04110777]},"properties":{"name":"Hazel Dell Elementary School","assetType":"Preschools","dataYear":"2018","assetId":"925955","subcategory":"Education","detail":"https://classic.savi.org/SAVI/PopUps/AssetMoreInfo.aspx?AssetID=925955"}},{"type":"Feature","geometry":{"type":"Point","coordinates":[-86.28892716,39.27211046]},"properties":{"name":"Helmsburg Elementary School","assetType":"Preschools","dataYear":"2018","assetId":"925895","subcategory":"Education","detail":"https://classic.savi.org/SAVI/PopUps/AssetMoreInfo.aspx?AssetID=925895"}},{"type":"Feature","geometry":{"type":"Point","coordinates":[-86.05726803,39.89056032]},"properties":{"name":"Heritage Christian School","assetType":"Preschools","dataYear":"2018","assetId":"926118","subcategory":"Education","detail":"https://classic.savi.org/SAVI/PopUps/AssetMoreInfo.aspx?AssetID=926118"}},{"type":"Feature","geometry":{"type":"Point","coordinates":[-86.12623168,39.91044571]},"properties":{"name":"Hilltop School","assetType":"Preschools","dataYear":"2018","assetId":"925615","subcategory":"Education","detail":"https://classic.savi.org/SAVI/PopUps/AssetMoreInfo.aspx?AssetID=925615"}},{"type":"Feature","geometry":{"type":"Point","coordinates":[-86.05182783,40.06611231]},"properties":{"name":"Hinkle Creek Elementary School","assetType":"Preschools","dataYear":"2018","assetId":"925963","subcategory":"Education","detail":"https://classic.savi.org/SAVI/PopUps/AssetMoreInfo.aspx?AssetID=925963"}},{"type":"Feature","geometry":{"type":"Point","coordinates":[-86.17335317,39.80707807]},"properties":{"name":"Holy Angels Catholic School","assetType":"Preschools","dataYear":"2018","assetId":"926096","subcategory":"Education","detail":"https://classic.savi.org/SAVI/PopUps/AssetMoreInfo.aspx?AssetID=926096"}},{"type":"Feature","geometry":{"type":"Point","coordinates":[-86.1351674,39.76846235]},"properties":{"name":"Holy Cross Central School","assetType":"Preschools","dataYear":"2018","assetId":"926093","subcategory":"Education","detail":"https://classic.savi.org/SAVI/PopUps/AssetMoreInfo.aspx?AssetID=926093"}},{"type":"Feature","geometry":{"type":"Point","coordinates":[-85.67487961,40.1049237]},"properties":{"name":"Holy Cross School","assetType":"Preschools","dataYear":"2018","assetId":"926236","subcategory":"Education","detail":"https://classic.savi.org/SAVI/PopUps/AssetMoreInfo.aspx?AssetID=926236"}},{"type":"Feature","geometry":{"type":"Point","coordinates":[-86.1015505,39.72176475]},"properties":{"name":"Holy Name Catholic School","assetType":"Preschools","dataYear":"2018","assetId":"926051","subcategory":"Education","detail":"https://classic.savi.org/SAVI/PopUps/AssetMoreInfo.aspx?AssetID=926051"}},{"type":"Feature","geometry":{"type":"Point","coordinates":[-86.03836948,39.7811742]},"properties":{"name":"Holy Spirit School","assetType":"Preschools","dataYear":"2018","assetId":"926172","subcategory":"Education","detail":"https://classic.savi.org/SAVI/PopUps/AssetMoreInfo.aspx?AssetID=926172"}},{"type":"Feature","geometry":{"type":"Point","coordinates":[-86.13243144,39.66844718]},"properties":{"name":"Homecroft Elementary School","assetType":"Preschools","dataYear":"2018","assetId":"925718","subcategory":"Education","detail":"https://classic.savi.org/SAVI/PopUps/AssetMoreInfo.aspx?AssetID=925718"}},{"type":"Feature","geometry":{"type":"Point","coordinates":[-85.96802819,39.9658364]},"properties":{"name":"Hoosier Road Elementary School","assetType":"Preschools","dataYear":"2018","assetId":"926013","subcategory":"Education","detail":"https://classic.savi.org/SAVI/PopUps/AssetMoreInfo.aspx?AssetID=926013"}},{"type":"Feature","geometry":{"type":"Point","coordinates":[-85.98681937,39.89564344]},"properties":{"name":"Horizon Christian School","assetType":"Preschools","dataYear":"2018","assetId":"926222","subcategory":"Education","detail":"https://classic.savi.org/SAVI/PopUps/AssetMoreInfo.aspx?AssetID=926222"}},{"type":"Feature","geometry":{"type":"Point","coordinates":[-86.07894053,39.71112269]},"properties":{"name":"Hornet Park Elementary School","assetType":"Preschools","dataYear":"2018","assetId":"925589","subcategory":"Education","detail":"https://classic.savi.org/SAVI/PopUps/AssetMoreInfo.aspx?AssetID=925589"}},{"type":"Feature","geometry":{"type":"Point","coordinates":[-86.14568713,39.89520248]},"properties":{"name":"IN Sch for the Blind & Vis Imprd","assetType":"Preschools","dataYear":"2018","assetId":"925326","subcategory":"Education","detail":"https://classic.savi.org/SAVI/PopUps/AssetMoreInfo.aspx?AssetID=925326"}},{"type":"Feature","geometry":{"type":"Point","coordinates":[-86.13524352,39.85083211]},"properties":{"name":"IPS Butler Eliza Blaker School 55","assetType":"Preschools","dataYear":"2018","assetId":"925473","subcategory":"Education","detail":"https://classic.savi.org/SAVI/PopUps/AssetMoreInfo.aspx?AssetID=925473"}},{"type":"Feature","geometry":{"type":"Point","coordinates":[-86.15451912,39.81631464]},"properties":{"name":"IPS Butler Lab William Bell 60","assetType":"Preschools","dataYear":"2018","assetId":"925511","subcategory":"Education","detail":"https://classic.savi.org/SAVI/PopUps/AssetMoreInfo.aspx?AssetID=925511"}},{"type":"Feature","geometry":{"type":"Point","coordinates":[-86.15835194,39.4069347]},"properties":{"name":"Indian Creek Elementary School","assetType":"Preschools","dataYear":"2018","assetId":"925780","subcategory":"Education","detail":"https://classic.savi.org/SAVI/PopUps/AssetMoreInfo.aspx?AssetID=925780"}},{"type":"Feature","geometry":{"type":"Point","coordinates":[-85.68103745,40.14986571]},"properties":{"name":"Indiana Christian Academy","assetType":"Preschools","dataYear":"2018","assetId":"926242","subcategory":"Education","detail":"https://classic.savi.org/SAVI/PopUps/AssetMoreInfo.aspx?AssetID=926242"}},{"type":"Feature","geometry":{"type":"Point","coordinates":[-86.1383957,39.83286832]},"properties":{"name":"Indiana School For The Deaf","assetType":"Preschools","dataYear":"2018","assetId":"925323","subcategory":"Education","detail":"https://classic.savi.org/SAVI/PopUps/AssetMoreInfo.aspx?AssetID=925323"}},{"type":"Feature","geometry":{"type":"Point","coordinates":[-86.11560081,39.87064237]},"properties":{"name":"Indianapolis Junior Academy","assetType":"Preschools","dataYear":"2018","assetId":"926168","subcategory":"Education","detail":"https://classic.savi.org/SAVI/PopUps/AssetMoreInfo.aspx?AssetID=926168"}},{"type":"Feature","geometry":{"type":"Point","coordinates":[-86.26970514,39.75465068]},"properties":{"name":"Islamic Academy of Indianapolis","assetType":"Preschools","dataYear":"2018","assetId":"926058","subcategory":"Education","detail":"https://classic.savi.org/SAVI/PopUps/AssetMoreInfo.aspx?AssetID=926058"}},{"type":"Feature","geometry":{"type":"Point","coordinates":[-85.74360024,39.80475776]},"properties":{"name":"JB Stephens Elementary School","assetType":"Preschools","dataYear":"2018","assetId":"925894","subcategory":"Education","detail":"https://classic.savi.org/SAVI/PopUps/AssetMoreInfo.aspx?AssetID=925894"}},{"type":"Feature","geometry":{"type":"Point","coordinates":[-86.10888269,39.79915667]},"properties":{"name":"James Russell Lowell School 51","assetType":"Preschools","dataYear":"2018","assetId":"925476","subcategory":"Education","detail":"https://classic.savi.org/SAVI/PopUps/AssetMoreInfo.aspx?AssetID=925476"}},{"type":"Feature","geometry":{"type":"Point","coordinates":[-86.09667756,39.69063705]},"properties":{"name":"Jeremiah Gray Elementary School","assetType":"Preschools","dataYear":"2018","assetId":"925765","subcategory":"Education","detail":"https://classic.savi.org/SAVI/PopUps/AssetMoreInfo.aspx?AssetID=925765"}},{"type":"Feature","geometry":{"type":"Point","coordinates":[-86.01237149,39.94032406]},"properties":{"name":"Lantern Road Elementary School","assetType":"Preschools","dataYear":"2018","assetId":"925993","subcategory":"Education","detail":"https://classic.savi.org/SAVI/PopUps/AssetMoreInfo.aspx?AssetID=925993"}},{"type":"Feature","geometry":{"type":"Point","coordinates":[-85.84402492,40.0604317]},"properties":{"name":"Lapel Elementary School","assetType":"Preschools","dataYear":"2018","assetId":"925775","subcategory":"Education","detail":"https://classic.savi.org/SAVI/PopUps/AssetMoreInfo.aspx?AssetID=925775"}},{"type":"Feature","geometry":{"type":"Point","coordinates":[-86.02273366,40.05582974]},"properties":{"name":"Legacy Christian School","assetType":"Preschools","dataYear":"2018","assetId":"926273","subcategory":"Education","detail":"https://classic.savi.org/SAVI/PopUps/AssetMoreInfo.aspx?AssetID=926273"}},{"type":"Feature","geometry":{"type":"Point","coordinates":[-86.13927767,39.78317157]},"properties":{"name":"Legacy Learning Center","assetType":"Preschools","dataYear":"2018","assetId":"926232","subcategory":"Education","detail":"https://classic.savi.org/SAVI/PopUps/AssetMoreInfo.aspx?AssetID=926232"}},{"type":"Feature","geometry":{"type":"Point","coordinates":[-85.65449447,40.10424881]},"properties":{"name":"Liberty Christian Elementary","assetType":"Preschools","dataYear":"2018","assetId":"926134","subcategory":"Education","detail":"https://classic.savi.org/SAVI/PopUps/AssetMoreInfo.aspx?AssetID=926134"}},{"type":"Feature","geometry":{"type":"Point","coordinates":[-86.2436228,39.71439301]},"properties":{"name":"Liberty Early Elementary School","assetType":"Preschools","dataYear":"2018","assetId":"925630","subcategory":"Education","detail":"https://classic.savi.org/SAVI/PopUps/AssetMoreInfo.aspx?AssetID=925630"}},{"type":"Feature","geometry":{"type":"Point","coordinates":[-86.37739252,39.70446525]},"properties":{"name":"Little Quakers Academy","assetType":"Preschools","dataYear":"2018","assetId":"925861","subcategory":"Education","detail":"https://classic.savi.org/SAVI/PopUps/AssetMoreInfo.aspx?AssetID=925861"}},{"type":"Feature","geometry":{"type":"Point","coordinates":[-86.14911839,39.81921675]},"properties":{"name":"Louis B Russell Jr School 48","assetType":"Preschools","dataYear":"2018","assetId":"925569","subcategory":"Education","detail":"https://classic.savi.org/SAVI/PopUps/AssetMoreInfo.aspx?AssetID=925569"}},{"type":"Feature","geometry":{"type":"Point","coordinates":[-86.20422564,39.80745658]},"properties":{"name":"MTI School of Knowledge","assetType":"Preschools","dataYear":"2018","assetId":"926161","subcategory":"Education","detail":"https://classic.savi.org/SAVI/PopUps/AssetMoreInfo.aspx?AssetID=926161"}},{"type":"Feature","geometry":{"type":"Point","coordinates":[-86.39167297,39.76033888]},"properties":{"name":"Maple Elementary School","assetType":"Preschools","dataYear":"2018","assetId":"925870","subcategory":"Education","detail":"https://classic.savi.org/SAVI/PopUps/AssetMoreInfo.aspx?AssetID=925870"}},{"type":"Feature","geometry":{"type":"Point","coordinates":[-86.18103016,40.03671787]},"properties":{"name":"Maple Glen Elementary","assetType":"Preschools","dataYear":"2018","assetId":"925967","subcategory":"Education","detail":"https://classic.savi.org/SAVI/PopUps/AssetMoreInfo.aspx?AssetID=925967"}},{"type":"Feature","geometry":{"type":"Point","coordinates":[-85.79847976,39.97972166]},"properties":{"name":"Maple Ridge Elementary School","assetType":"Preschools","dataYear":"2018","assetId":"925696","subcategory":"Education","detail":"https://classic.savi.org/SAVI/PopUps/AssetMoreInfo.aspx?AssetID=925696"}},{"type":"Feature","geometry":{"type":"Point","coordinates":[-86.24461364,39.74390063]},"properties":{"name":"Maplewood Elementary School","assetType":"Preschools","dataYear":"2018","assetId":"925603","subcategory":"Education","detail":"https://classic.savi.org/SAVI/PopUps/AssetMoreInfo.aspx?AssetID=925603"}},{"type":"Feature","geometry":{"type":"Point","coordinates":[-86.09342832,39.64892759]},"properties":{"name":"Mary Bryan Elementary School","assetType":"Preschools","dataYear":"2018","assetId":"925738","subcategory":"Education","detail":"https://classic.savi.org/SAVI/PopUps/AssetMoreInfo.aspx?AssetID=925738"}},{"type":"Feature","geometry":{"type":"Point","coordinates":[-86.27813375,39.74993925]},"properties":{"name":"McClelland Elementary School","assetType":"Preschools","dataYear":"2018","assetId":"925596","subcategory":"Education","detail":"https://classic.savi.org/SAVI/PopUps/AssetMoreInfo.aspx?AssetID=925596"}},{"type":"Feature","geometry":{"type":"Point","coordinates":[-86.262757,39.82149966]},"properties":{"name":"Meredith Nicholson School 96","assetType":"Preschools","dataYear":"2018","assetId":"925506","subcategory":"Education","detail":"https://classic.savi.org/SAVI/PopUps/AssetMoreInfo.aspx?AssetID=925506"}},{"type":"Feature","geometry":{"type":"Point","coordinates":[-86.52518023,39.69189539]},"properties":{"name":"Mill Creek East Elementary","assetType":"Preschools","dataYear":"2018","assetId":"925857","subcategory":"Education","detail":"https://classic.savi.org/SAVI/PopUps/AssetMoreInfo.aspx?AssetID=925857"}},{"type":"Feature","geometry":{"type":"Point","coordinates":[-86.10046291,39.97229527]},"properties":{"name":"Mohawk Trails Elementary School","assetType":"Preschools","dataYear":"2018","assetId":"925789","subcategory":"Education","detail":"https://classic.savi.org/SAVI/PopUps/AssetMoreInfo.aspx?AssetID=925789"}},{"type":"Feature","geometry":{"type":"Point","coordinates":[-86.47976828,39.57427262]},"properties":{"name":"Monrovia Elementary School","assetType":"Preschools","dataYear":"2018","assetId":"925452","subcategory":"Education","detail":"https://classic.savi.org/SAVI/PopUps/AssetMoreInfo.aspx?AssetID=925452"}},{"type":"Feature","geometry":{"type":"Point","coordinates":[-86.35131674,39.59761186]},"properties":{"name":"Mooresville Christian Academy","assetType":"Preschools","dataYear":"2018","assetId":"926194","subcategory":"Education","detail":"https://classic.savi.org/SAVI/PopUps/AssetMoreInfo.aspx?AssetID=926194"}},{"type":"Feature","geometry":{"type":"Point","coordinates":[-85.702746,39.67300056]},"properties":{"name":"Morristown Elementary School","assetType":"Preschools","dataYear":"2018","assetId":"925412","subcategory":"Education","detail":"https://classic.savi.org/SAVI/PopUps/AssetMoreInfo.aspx?AssetID=925412"}},{"type":"Feature","geometry":{"type":"Point","coordinates":[-85.8391809,39.90242398]},"properties":{"name":"Mt Vernon Early Learning Academy","assetType":"Preschools","dataYear":"2018","assetId":"925820","subcategory":"Education","detail":"https://classic.savi.org/SAVI/PopUps/AssetMoreInfo.aspx?AssetID=925820"}},{"type":"Feature","geometry":{"type":"Point","coordinates":[-86.03787336,39.7203179]},"properties":{"name":"Nativity Catholic School","assetType":"Preschools","dataYear":"2018","assetId":"926126","subcategory":"Education","detail":"https://classic.savi.org/SAVI/PopUps/AssetMoreInfo.aspx?AssetID=926126"}},{"type":"Feature","geometry":{"type":"Point","coordinates":[-86.01551251,39.97947685]},"properties":{"name":"New Britton Elementary School","assetType":"Preschools","dataYear":"2018","assetId":"926019","subcategory":"Education","detail":"https://classic.savi.org/SAVI/PopUps/AssetMoreInfo.aspx?AssetID=926019"}},{"type":"Feature","geometry":{"type":"Point","coordinates":[-85.89348972,39.716188]},"properties":{"name":"New Palestine Elementary School","assetType":"Preschools","dataYear":"2018","assetId":"925828","subcategory":"Education","detail":"https://classic.savi.org/SAVI/PopUps/AssetMoreInfo.aspx?AssetID=925828"}},{"type":"Feature","geometry":{"type":"Point","coordinates":[-86.38228855,39.61513669]},"properties":{"name":"Newby Memorial Elementary School","assetType":"Preschools","dataYear":"2018","assetId":"925431","subcategory":"Education","detail":"https://classic.savi.org/SAVI/PopUps/AssetMoreInfo.aspx?AssetID=925431"}},{"type":"Feature","geometry":{"type":"Point","coordinates":[-86.07240782,40.01164468]},"properties":{"name":"Noble Crossing Elementary School","assetType":"Preschools","dataYear":"2018","assetId":"925957","subcategory":"Education","detail":"https://classic.savi.org/SAVI/PopUps/AssetMoreInfo.aspx?AssetID=925957"}},{"type":"Feature","geometry":{"type":"Point","coordinates":[-86.14335274,39.92083604]},"properties":{"name":"Nora Elementary School","assetType":"Preschools","dataYear":"2018","assetId":"925618","subcategory":"Education","detail":"https://classic.savi.org/SAVI/PopUps/AssetMoreInfo.aspx?AssetID=925618"}},{"type":"Feature","geometry":{"type":"Point","coordinates":[-86.53625856,39.76695729]},"properties":{"name":"North Elementary School","assetType":"Preschools","dataYear":"2018","assetId":"925934","subcategory":"Education","detail":"https://classic.savi.org/SAVI/PopUps/AssetMoreInfo.aspx?AssetID=925934"}},{"type":"Feature","geometry":{"type":"Point","coordinates":[-86.01101595,40.05020671]},"properties":{"name":"North Elementary School","assetType":"Preschools","dataYear":"2018","assetId":"925961","subcategory":"Education","detail":"https://classic.savi.org/SAVI/PopUps/AssetMoreInfo.aspx?AssetID=925961"}},{"type":"Feature","geometry":{"type":"Point","coordinates":[-86.64141924,39.86457348]},"properties":{"name":"North Salem Elementary School","assetType":"Preschools","dataYear":"2018","assetId":"925880","subcategory":"Education","detail":"https://classic.savi.org/SAVI/PopUps/AssetMoreInfo.aspx?AssetID=925880"}},{"type":"Feature","geometry":{"type":"Point","coordinates":[-86.28287812,39.81698471]},"properties":{"name":"North Wayne Elementary School","assetType":"Preschools","dataYear":"2018","assetId":"925549","subcategory":"Education","detail":"https://classic.savi.org/SAVI/PopUps/AssetMoreInfo.aspx?AssetID=925549"}},{"type":"Feature","geometry":{"type":"Point","coordinates":[-86.06287348,39.48973046]},"properties":{"name":"Northwood Elementary School","assetType":"Preschools","dataYear":"2018","assetId":"925842","subcategory":"Education","detail":"https://classic.savi.org/SAVI/PopUps/AssetMoreInfo.aspx?AssetID=925842"}},{"type":"Feature","geometry":{"type":"Point","coordinates":[-86.14720967,40.02753034]},"properties":{"name":"Oak Trace Elementary School","assetType":"Preschools","dataYear":"2018","assetId":"925971","subcategory":"Education","detail":"https://classic.savi.org/SAVI/PopUps/AssetMoreInfo.aspx?AssetID=925971"}},{"type":"Feature","geometry":{"type":"Point","coordinates":[-86.13099484,39.93864956]},"properties":{"name":"Orchard Park Elementary School","assetType":"Preschools","dataYear":"2018","assetId":"925792","subcategory":"Education","detail":"https://classic.savi.org/SAVI/PopUps/AssetMoreInfo.aspx?AssetID=925792"}},{"type":"Feature","geometry":{"type":"Point","coordinates":[-86.07706226,39.76989252]},"properties":{"name":"Our Lady Of Lourdes School","assetType":"Preschools","dataYear":"2018","assetId":"926028","subcategory":"Education","detail":"https://classic.savi.org/SAVI/PopUps/AssetMoreInfo.aspx?AssetID=926028"}},{"type":"Feature","geometry":{"type":"Point","coordinates":[-86.10580354,39.60811735]},"properties":{"name":"Our Lady of the Greenwood School","assetType":"Preschools","dataYear":"2018","assetId":"926248","subcategory":"Education","detail":"https://classic.savi.org/SAVI/PopUps/AssetMoreInfo.aspx?AssetID=926248"}},{"type":"Feature","geometry":{"type":"Point","coordinates":[-86.35680405,39.74862623]},"properties":{"name":"Our Shepherd Lutheran School","assetType":"Preschools","dataYear":"2018","assetId":"926060","subcategory":"Education","detail":"https://classic.savi.org/SAVI/PopUps/AssetMoreInfo.aspx?AssetID=926060"}},{"type":"Feature","geometry":{"type":"Point","coordinates":[-86.56698938,39.39707519]},"properties":{"name":"Paragon Elementary School","assetType":"Preschools","dataYear":"2018","assetId":"925488","subcategory":"Education","detail":"https://classic.savi.org/SAVI/PopUps/AssetMoreInfo.aspx?AssetID=925488"}},{"type":"Feature","geometry":{"type":"Point","coordinates":[-86.08729631,39.73636635]},"properties":{"name":"Paul I Miller School 114","assetType":"Preschools","dataYear":"2018","assetId":"925564","subcategory":"Education","detail":"https://classic.savi.org/SAVI/PopUps/AssetMoreInfo.aspx?AssetID=925564"}},{"type":"Feature","geometry":{"type":"Point","coordinates":[-85.7410048,39.99870472]},"properties":{"name":"Pendleton Elementary School","assetType":"Preschools","dataYear":"2018","assetId":"925698","subcategory":"Education","detail":"https://classic.savi.org/SAVI/PopUps/AssetMoreInfo.aspx?AssetID=925698"}},{"type":"Feature","geometry":{"type":"Point","coordinates":[-86.00027519,39.83637649]},"properties":{"name":"Phalen at Francis Scott Key 103","assetType":"Preschools","dataYear":"2018","assetId":"925750","subcategory":"Education","detail":"https://classic.savi.org/SAVI/PopUps/AssetMoreInfo.aspx?AssetID=925750"}},{"type":"Feature","geometry":{"type":"Point","coordinates":[-86.47339064,39.86650231]},"properties":{"name":"Pittsboro Primary School","assetType":"Preschools","dataYear":"2018","assetId":"925811","subcategory":"Education","detail":"https://classic.savi.org/SAVI/PopUps/AssetMoreInfo.aspx?AssetID=925811"}},{"type":"Feature","geometry":{"type":"Point","coordinates":[-86.19916965,39.61874523]},"properties":{"name":"Pleasant Grove Elementary School","assetType":"Preschools","dataYear":"2018","assetId":"925806","subcategory":"Education","detail":"https://classic.savi.org/SAVI/PopUps/AssetMoreInfo.aspx?AssetID=925806"}},{"type":"Feature","geometry":{"type":"Point","coordinates":[-86.42629269,39.41308081]},"properties":{"name":"Poston Road Elementary School","assetType":"Preschools","dataYear":"2018","assetId":"925486","subcategory":"Education","detail":"https://classic.savi.org/SAVI/PopUps/AssetMoreInfo.aspx?AssetID=925486"}},{"type":"Feature","geometry":{"type":"Point","coordinates":[-85.97194177,40.00712574]},"properties":{"name":"Promise Road Elementary","assetType":"Preschools","dataYear":"2018","assetId":"925933","subcategory":"Education","detail":"https://classic.savi.org/SAVI/PopUps/AssetMoreInfo.aspx?AssetID=925933"}},{"type":"Feature","geometry":{"type":"Point","coordinates":[-86.09227185,39.7726633]},"properties":{"name":"Ralph Waldo Emerson School 58","assetType":"Preschools","dataYear":"2018","assetId":"925514","subcategory":"Education","detail":"https://classic.savi.org/SAVI/PopUps/AssetMoreInfo.aspx?AssetID=925514"}},{"type":"Feature","geometry":{"type":"Point","coordinates":[-86.12811678,39.70722102]},"properties":{"name":"Raymond F Brandes School 65","assetType":"Preschools","dataYear":"2018","assetId":"925468","subcategory":"Education","detail":"https://classic.savi.org/SAVI/PopUps/AssetMoreInfo.aspx?AssetID=925468"}},{"type":"Feature","geometry":{"type":"Point","coordinates":[-86.2448957,39.75930089]},"properties":{"name":"Rhoades Elementary School","assetType":"Preschools","dataYear":"2018","assetId":"925553","subcategory":"Education","detail":"https://classic.savi.org/SAVI/PopUps/AssetMoreInfo.aspx?AssetID=925553"}},{"type":"Feature","geometry":{"type":"Point","coordinates":[-86.80217101,39.84578724]},"properties":{"name":"Roachdale Elementary School","assetType":"Preschools","dataYear":"2018","assetId":"925434","subcategory":"Education","detail":"https://classic.savi.org/SAVI/PopUps/AssetMoreInfo.aspx?AssetID=925434"}},{"type":"Feature","geometry":{"type":"Point","coordinates":[-86.07142316,39.84937199]},"properties":{"name":"Robert Lee Frost School 106","assetType":"Preschools","dataYear":"2018","assetId":"925519","subcategory":"Education","detail":"https://classic.savi.org/SAVI/PopUps/AssetMoreInfo.aspx?AssetID=925519"}},{"type":"Feature","geometry":{"type":"Point","coordinates":[-86.31678109,39.80941005]},"properties":{"name":"Robey Elementary School","assetType":"Preschools","dataYear":"2018","assetId":"925551","subcategory":"Education","detail":"https://classic.savi.org/SAVI/PopUps/AssetMoreInfo.aspx?AssetID=925551"}},{"type":"Feature","geometry":{"type":"Point","coordinates":[-86.20528285,39.65452276]},"properties":{"name":"Rosa Parks Elementary School","assetType":"Preschools","dataYear":"2018","assetId":"925763","subcategory":"Education","detail":"https://classic.savi.org/SAVI/PopUps/AssetMoreInfo.aspx?AssetID=925763"}},{"type":"Feature","geometry":{"type":"Point","coordinates":[-86.12646228,39.84554732]},"properties":{"name":"Rousseau McClellan School 91","assetType":"Preschools","dataYear":"2018","assetId":"925461","subcategory":"Education","detail":"https://classic.savi.org/SAVI/PopUps/AssetMoreInfo.aspx?AssetID=925461"}},{"type":"Feature","geometry":{"type":"Point","coordinates":[-86.21498279,39.59022163]},"properties":{"name":"SS Francis and Clare Catholic Sch","assetType":"Preschools","dataYear":"2018","assetId":"926245","subcategory":"Education","detail":"https://classic.savi.org/SAVI/PopUps/AssetMoreInfo.aspx?AssetID=926245"}},{"type":"Feature","geometry":{"type":"Point","coordinates":[-86.16946167,39.6457682]},"properties":{"name":"Saint Barnabas School","assetType":"Preschools","dataYear":"2018","assetId":"926219","subcategory":"Education","detail":"https://classic.savi.org/SAVI/PopUps/AssetMoreInfo.aspx?AssetID=926219"}},{"type":"Feature","geometry":{"type":"Point","coordinates":[-86.25141405,39.78713454]},"properties":{"name":"Saint Christopher School","assetType":"Preschools","dataYear":"2018","assetId":"926076","subcategory":"Education","detail":"https://classic.savi.org/SAVI/PopUps/AssetMoreInfo.aspx?AssetID=926076"}},{"type":"Feature","geometry":{"type":"Point","coordinates":[-86.14846024,39.8325375]},"properties":{"name":"Saint Joan Of Arc School","assetType":"Preschools","dataYear":"2018","assetId":"926050","subcategory":"Education","detail":"https://classic.savi.org/SAVI/PopUps/AssetMoreInfo.aspx?AssetID=926050"}},{"type":"Feature","geometry":{"type":"Point","coordinates":[-85.77318,39.52278056]},"properties":{"name":"Saint Joseph School","assetType":"Preschools","dataYear":"2018","assetId":"926074","subcategory":"Education","detail":"https://classic.savi.org/SAVI/PopUps/AssetMoreInfo.aspx?AssetID=926074"}},{"type":"Feature","geometry":{"type":"Point","coordinates":[-86.04703561,39.84106389]},"properties":{"name":"Saint Lawrence School","assetType":"Preschools","dataYear":"2018","assetId":"926234","subcategory":"Education","detail":"https://classic.savi.org/SAVI/PopUps/AssetMoreInfo.aspx?AssetID=926234"}},{"type":"Feature","geometry":{"type":"Point","coordinates":[-86.03157468,39.95178972]},"properties":{"name":"Saint Louis de Montfort School","assetType":"Preschools","dataYear":"2018","assetId":"926278","subcategory":"Education","detail":"https://classic.savi.org/SAVI/PopUps/AssetMoreInfo.aspx?AssetID=926278"}},{"type":"Feature","geometry":{"type":"Point","coordinates":[-86.35231715,39.87172247]},"properties":{"name":"Saint Malachy School","assetType":"Preschools","dataYear":"2018","assetId":"926263","subcategory":"Education","detail":"https://classic.savi.org/SAVI/PopUps/AssetMoreInfo.aspx?AssetID=926263"}},{"type":"Feature","geometry":{"type":"Point","coordinates":[-86.14706214,39.67852682]},"properties":{"name":"Saint Mark School","assetType":"Preschools","dataYear":"2018","assetId":"926214","subcategory":"Education","detail":"https://classic.savi.org/SAVI/PopUps/AssetMoreInfo.aspx?AssetID=926214"}},{"type":"Feature","geometry":{"type":"Point","coordinates":[-85.68653947,40.26733266]},"properties":{"name":"Saint Mary School","assetType":"Preschools","dataYear":"2018","assetId":"926239","subcategory":"Education","detail":"https://classic.savi.org/SAVI/PopUps/AssetMoreInfo.aspx?AssetID=926239"}},{"type":"Feature","geometry":{"type":"Point","coordinates":[-86.09718314,39.8551296]},"properties":{"name":"Saint Matthew School","assetType":"Preschools","dataYear":"2018","assetId":"926100","subcategory":"Education","detail":"https://classic.savi.org/SAVI/PopUps/AssetMoreInfo.aspx?AssetID=926100"}},{"type":"Feature","geometry":{"type":"Point","coordinates":[-85.79001996,39.79097758]},"properties":{"name":"Saint Michael School","assetType":"Preschools","dataYear":"2018","assetId":"926266","subcategory":"Education","detail":"https://classic.savi.org/SAVI/PopUps/AssetMoreInfo.aspx?AssetID=926266"}},{"type":"Feature","geometry":{"type":"Point","coordinates":[-86.20047443,39.86573574]},"properties":{"name":"Saint Monica School","assetType":"Preschools","dataYear":"2018","assetId":"926203","subcategory":"Education","detail":"https://classic.savi.org/SAVI/PopUps/AssetMoreInfo.aspx?AssetID=926203"}},{"type":"Feature","geometry":{"type":"Point","coordinates":[-86.11769188,39.77520894]},"properties":{"name":"Saint Philip Neri School","assetType":"Preschools","dataYear":"2018","assetId":"926044","subcategory":"Education","detail":"https://classic.savi.org/SAVI/PopUps/AssetMoreInfo.aspx?AssetID=926044"}},{"type":"Feature","geometry":{"type":"Point","coordinates":[-86.15842634,39.71418334]},"properties":{"name":"Saint Roch School","assetType":"Preschools","dataYear":"2018","assetId":"926211","subcategory":"Education","detail":"https://classic.savi.org/SAVI/PopUps/AssetMoreInfo.aspx?AssetID=926211"}},{"type":"Feature","geometry":{"type":"Point","coordinates":[-85.95519115,39.90491628]},"properties":{"name":"Saint Simon The Apostle School","assetType":"Preschools","dataYear":"2018","assetId":"926041","subcategory":"Education","detail":"https://classic.savi.org/SAVI/PopUps/AssetMoreInfo.aspx?AssetID=926041"}},{"type":"Feature","geometry":{"type":"Point","coordinates":[-86.38409826,39.70937895]},"properties":{"name":"Saint Susanna School","assetType":"Preschools","dataYear":"2018","assetId":"926229","subcategory":"Education","detail":"https://classic.savi.org/SAVI/PopUps/AssetMoreInfo.aspx?AssetID=926229"}},{"type":"Feature","geometry":{"type":"Point","coordinates":[-85.96483642,39.9811207]},"properties":{"name":"Sand Creek Elementary","assetType":"Preschools","dataYear":"2018","assetId":"925987","subcategory":"Education","detail":"https://classic.savi.org/SAVI/PopUps/AssetMoreInfo.aspx?AssetID=925987"}},{"type":"Feature","geometry":{"type":"Point","coordinates":[-86.10251951,39.55978652]},"properties":{"name":"Sawmill Woods Elementary School","assetType":"Preschools","dataYear":"2018","assetId":"925807","subcategory":"Education","detail":"https://classic.savi.org/SAVI/PopUps/AssetMoreInfo.aspx?AssetID=925807"}},{"type":"Feature","geometry":{"type":"Point","coordinates":[-86.17268765,40.01917909]},"properties":{"name":"Shamrock Springs Elementary School","assetType":"Preschools","dataYear":"2018","assetId":"925978","subcategory":"Education","detail":"https://classic.savi.org/SAVI/PopUps/AssetMoreInfo.aspx?AssetID=925978"}},{"type":"Feature","geometry":{"type":"Point","coordinates":[-86.09738482,39.76934857]},"properties":{"name":"Shepherd Community Academy","assetType":"Preschools","dataYear":"2018","assetId":"926039","subcategory":"Education","detail":"https://classic.savi.org/SAVI/PopUps/AssetMoreInfo.aspx?AssetID=926039"}},{"type":"Feature","geometry":{"type":"Point","coordinates":[-86.21694033,40.14680748]},"properties":{"name":"Sheridan Elementary School","assetType":"Preschools","dataYear":"2018","assetId":"925904","subcategory":"Education","detail":"https://classic.savi.org/SAVI/PopUps/AssetMoreInfo.aspx?AssetID=925904"}},{"type":"Feature","geometry":{"type":"Point","coordinates":[-86.04961406,39.88194336]},"properties":{"name":"Skiles Test Elementary School","assetType":"Preschools","dataYear":"2018","assetId":"925667","subcategory":"Education","detail":"https://classic.savi.org/SAVI/PopUps/AssetMoreInfo.aspx?AssetID=925667"}},{"type":"Feature","geometry":{"type":"Point","coordinates":[-86.17297725,39.98676663]},"properties":{"name":"Smoky Row Elementary School","assetType":"Preschools","dataYear":"2018","assetId":"925794","subcategory":"Education","detail":"https://classic.savi.org/SAVI/PopUps/AssetMoreInfo.aspx?AssetID=925794"}},{"type":"Feature","geometry":{"type":"Point","coordinates":[-86.25630256,39.8520725]},"properties":{"name":"Snacks Crossing Elementary School","assetType":"Preschools","dataYear":"2018","assetId":"925653","subcategory":"Education","detail":"https://classic.savi.org/SAVI/PopUps/AssetMoreInfo.aspx?AssetID=925653"}},{"type":"Feature","geometry":{"type":"Point","coordinates":[-86.00886815,39.66703077]},"properties":{"name":"South Creek Elementary","assetType":"Preschools","dataYear":"2018","assetId":"925737","subcategory":"Education","detail":"https://classic.savi.org/SAVI/PopUps/AssetMoreInfo.aspx?AssetID=925737"}},{"type":"Feature","geometry":{"type":"Point","coordinates":[-86.41530911,39.40680041]},"properties":{"name":"South Elementary School","assetType":"Preschools","dataYear":"2018","assetId":"925492","subcategory":"Education","detail":"https://classic.savi.org/SAVI/PopUps/AssetMoreInfo.aspx?AssetID=925492"}},{"type":"Feature","geometry":{"type":"Point","coordinates":[-86.11631583,39.65890998]},"properties":{"name":"Southport Elementary School","assetType":"Preschools","dataYear":"2018","assetId":"925660","subcategory":"Education","detail":"https://classic.savi.org/SAVI/PopUps/AssetMoreInfo.aspx?AssetID=925660"}},{"type":"Feature","geometry":{"type":"Point","coordinates":[-86.08346906,39.6557925]},"properties":{"name":"Southport Presbyterian Chrst Sch","assetType":"Preschools","dataYear":"2018","assetId":"926178","subcategory":"Education","detail":"https://classic.savi.org/SAVI/PopUps/AssetMoreInfo.aspx?AssetID=926178"}},{"type":"Feature","geometry":{"type":"Point","coordinates":[-85.67763206,40.06943843]},"properties":{"name":"Southview Preschool Center","assetType":"Preschools","dataYear":"2018","assetId":"925771","subcategory":"Education","detail":"https://classic.savi.org/SAVI/PopUps/AssetMoreInfo.aspx?AssetID=925771"}},{"type":"Feature","geometry":{"type":"Point","coordinates":[-85.84588701,39.44098752]},"properties":{"name":"Southwestern Elementary School","assetType":"Preschools","dataYear":"2018","assetId":"925400","subcategory":"Education","detail":"https://classic.savi.org/SAVI/PopUps/AssetMoreInfo.aspx?AssetID=925400"}},{"type":"Feature","geometry":{"type":"Point","coordinates":[-86.18430813,39.28260849]},"properties":{"name":"Sprunica Elementary School","assetType":"Preschools","dataYear":"2018","assetId":"926024","subcategory":"Education","detail":"https://classic.savi.org/SAVI/PopUps/AssetMoreInfo.aspx?AssetID=926024"}},{"type":"Feature","geometry":{"type":"Point","coordinates":[-86.20627386,39.77174822]},"properties":{"name":"St Anthony Catholic School","assetType":"Preschools","dataYear":"2018","assetId":"925927","subcategory":"Education","detail":"https://classic.savi.org/SAVI/PopUps/AssetMoreInfo.aspx?AssetID=925927"}},{"type":"Feature","geometry":{"type":"Point","coordinates":[-86.21545333,39.80983964]},"properties":{"name":"St Michael The Archangel School","assetType":"Preschools","dataYear":"2018","assetId":"926047","subcategory":"Education","detail":"https://classic.savi.org/SAVI/PopUps/AssetMoreInfo.aspx?AssetID=926047"}},{"type":"Feature","geometry":{"type":"Point","coordinates":[-86.07737106,39.48276389]},"properties":{"name":"St Rose of Lima School","assetType":"Preschools","dataYear":"2018","assetId":"926251","subcategory":"Education","detail":"https://classic.savi.org/SAVI/PopUps/AssetMoreInfo.aspx?AssetID=926251"}},{"type":"Feature","geometry":{"type":"Point","coordinates":[-86.09042734,39.78551028]},"properties":{"name":"St Therese Little Flower School","assetType":"Preschools","dataYear":"2018","assetId":"926156","subcategory":"Education","detail":"https://classic.savi.org/SAVI/PopUps/AssetMoreInfo.aspx?AssetID=926156"}},{"type":"Feature","geometry":{"type":"Point","coordinates":[-86.33104215,39.9556317]},"properties":{"name":"Stonegate Elementary","assetType":"Preschools","dataYear":"2018","assetId":"925919","subcategory":"Education","detail":"https://classic.savi.org/SAVI/PopUps/AssetMoreInfo.aspx?AssetID=925919"}},{"type":"Feature","geometry":{"type":"Point","coordinates":[-86.0074589,40.03306836]},"properties":{"name":"Stony Creek Elementary School","assetType":"Preschools","dataYear":"2018","assetId":"925959","subcategory":"Education","detail":"https://classic.savi.org/SAVI/PopUps/AssetMoreInfo.aspx?AssetID=925959"}},{"type":"Feature","geometry":{"type":"Point","coordinates":[-86.22610102,39.73164965]},"properties":{"name":"Stout Field Elementary School","assetType":"Preschools","dataYear":"2018","assetId":"925547","subcategory":"Education","detail":"https://classic.savi.org/SAVI/PopUps/AssetMoreInfo.aspx?AssetID=925547"}},{"type":"Feature","geometry":{"type":"Point","coordinates":[-86.14384113,39.63537731]},"properties":{"name":"Suburban Christian School","assetType":"Preschools","dataYear":"2018","assetId":"926182","subcategory":"Education","detail":"https://classic.savi.org/SAVI/PopUps/AssetMoreInfo.aspx?AssetID=926182"}},{"type":"Feature","geometry":{"type":"Point","coordinates":[-85.9120709,39.75069063]},"properties":{"name":"Sugar Creek Elementary Sch","assetType":"Preschools","dataYear":"2018","assetId":"925824","subcategory":"Education","detail":"https://classic.savi.org/SAVI/PopUps/AssetMoreInfo.aspx?AssetID=925824"}},{"type":"Feature","geometry":{"type":"Point","coordinates":[-86.18027506,39.60539377]},"properties":{"name":"Sugar Grove Elementary School","assetType":"Preschools","dataYear":"2018","assetId":"925850","subcategory":"Education","detail":"https://classic.savi.org/SAVI/PopUps/AssetMoreInfo.aspx?AssetID=925850"}},{"type":"Feature","geometry":{"type":"Point","coordinates":[-85.63876301,40.33750711]},"properties":{"name":"Summitville School","assetType":"Preschools","dataYear":"2018","assetId":"925997","subcategory":"Education","detail":"https://classic.savi.org/SAVI/PopUps/AssetMoreInfo.aspx?AssetID=925997"}},{"type":"Feature","geometry":{"type":"Point","coordinates":[-86.00996752,39.83888727]},"properties":{"name":"TP Schools","assetType":"Preschools","dataYear":"2018","assetId":"926088","subcategory":"Education","detail":"https://classic.savi.org/SAVI/PopUps/AssetMoreInfo.aspx?AssetID=926088"}},{"type":"Feature","geometry":{"type":"Point","coordinates":[-86.43477718,39.40625602]},"properties":{"name":"Tabernacle Christian School","assetType":"Preschools","dataYear":"2018","assetId":"926197","subcategory":"Education","detail":"https://classic.savi.org/SAVI/PopUps/AssetMoreInfo.aspx?AssetID=926197"}},{"type":"Feature","geometry":{"type":"Point","coordinates":[-86.1133637,39.79145792]},"properties":{"name":"The Oaks Academy - Brookside","assetType":"Preschools","dataYear":"2018","assetId":"926256","subcategory":"Education","detail":"https://classic.savi.org/SAVI/PopUps/AssetMoreInfo.aspx?AssetID=926256"}},{"type":"Feature","geometry":{"type":"Point","coordinates":[-86.14752335,39.79997463]},"properties":{"name":"The Oaks Academy - Fall Creek","assetType":"Preschools","dataYear":"2018","assetId":"926081","subcategory":"Education","detail":"https://classic.savi.org/SAVI/PopUps/AssetMoreInfo.aspx?AssetID=926081"}},{"type":"Feature","geometry":{"type":"Point","coordinates":[-85.79149001,39.51071158]},"properties":{"name":"Thomas A Hendricks Elementary Sch","assetType":"Preschools","dataYear":"2018","assetId":"925391","subcategory":"Education","detail":"https://classic.savi.org/SAVI/PopUps/AssetMoreInfo.aspx?AssetID=925391"}},{"type":"Feature","geometry":{"type":"Point","coordinates":[-86.12192357,39.77527478]},"properties":{"name":"Thomas D Gregg School 15","assetType":"Preschools","dataYear":"2018","assetId":"925528","subcategory":"Education","detail":"https://classic.savi.org/SAVI/PopUps/AssetMoreInfo.aspx?AssetID=925528"}},{"type":"Feature","geometry":{"type":"Point","coordinates":[-86.60804245,40.12387657]},"properties":{"name":"Thorntown Elementary School","assetType":"Preschools","dataYear":"2018","assetId":"926070","subcategory":"Education","detail":"https://classic.savi.org/SAVI/PopUps/AssetMoreInfo.aspx?AssetID=926070"}},{"type":"Feature","geometry":{"type":"Point","coordinates":[-85.90230124,39.97449052]},"properties":{"name":"Thorpe Creek Elementary","assetType":"Preschools","dataYear":"2018","assetId":"925985","subcategory":"Education","detail":"https://classic.savi.org/SAVI/PopUps/AssetMoreInfo.aspx?AssetID=925985"}},{"type":"Feature","geometry":{"type":"Point","coordinates":[-86.01478235,39.7894099]},"properties":{"name":"Trinity Lutheran School","assetType":"Preschools","dataYear":"2018","assetId":"926148","subcategory":"Education","detail":"https://classic.savi.org/SAVI/PopUps/AssetMoreInfo.aspx?AssetID=926148"}},{"type":"Feature","geometry":{"type":"Point","coordinates":[-85.87564505,39.61128955]},"properties":{"name":"Triton Central Elementary School","assetType":"Preschools","dataYear":"2018","assetId":"925405","subcategory":"Education","detail":"https://classic.savi.org/SAVI/PopUps/AssetMoreInfo.aspx?AssetID=925405"}},{"type":"Feature","geometry":{"type":"Point","coordinates":[-86.24748523,39.99884964]},"properties":{"name":"Union Elementary School","assetType":"Preschools","dataYear":"2018","assetId":"925921","subcategory":"Education","detail":"https://classic.savi.org/SAVI/PopUps/AssetMoreInfo.aspx?AssetID=925921"}},{"type":"Feature","geometry":{"type":"Point","coordinates":[-86.36639784,39.68950191]},"properties":{"name":"Universal School of Plainfield","assetType":"Preschools","dataYear":"2018","assetId":"926254","subcategory":"Education","detail":"https://classic.savi.org/SAVI/PopUps/AssetMoreInfo.aspx?AssetID=926254"}},{"type":"Feature","geometry":{"type":"Point","coordinates":[-86.16095812,39.13608448]},"properties":{"name":"Van Buren Elementary School","assetType":"Preschools","dataYear":"2018","assetId":"925907","subcategory":"Education","detail":"https://classic.savi.org/SAVI/PopUps/AssetMoreInfo.aspx?AssetID=925907"}},{"type":"Feature","geometry":{"type":"Point","coordinates":[-85.66087935,39.45153718]},"properties":{"name":"Waldron Elementary School","assetType":"Preschools","dataYear":"2018","assetId":"925408","subcategory":"Education","detail":"https://classic.savi.org/SAVI/PopUps/AssetMoreInfo.aspx?AssetID=925408"}},{"type":"Feature","geometry":{"type":"Point","coordinates":[-85.99015469,39.78722726]},"properties":{"name":"Warren Early Childhood Center","assetType":"Preschools","dataYear":"2018","assetId":"925711","subcategory":"Education","detail":"https://classic.savi.org/SAVI/PopUps/AssetMoreInfo.aspx?AssetID=925711"}},{"type":"Feature","geometry":{"type":"Point","coordinates":[-86.1369625,39.76852442]},"properties":{"name":"Washington Irving School 14","assetType":"Preschools","dataYear":"2018","assetId":"925530","subcategory":"Education","detail":"https://classic.savi.org/SAVI/PopUps/AssetMoreInfo.aspx?AssetID=925530"}},{"type":"Feature","geometry":{"type":"Point","coordinates":[-86.11143969,40.04909781]},"properties":{"name":"Washington Woods Elementary School","assetType":"Preschools","dataYear":"2018","assetId":"925973","subcategory":"Education","detail":"https://classic.savi.org/SAVI/PopUps/AssetMoreInfo.aspx?AssetID=925973"}},{"type":"Feature","geometry":{"type":"Point","coordinates":[-86.26745697,39.55386484]},"properties":{"name":"Waverly Elementary School","assetType":"Preschools","dataYear":"2018","assetId":"925427","subcategory":"Education","detail":"https://classic.savi.org/SAVI/PopUps/AssetMoreInfo.aspx?AssetID=925427"}},{"type":"Feature","geometry":{"type":"Point","coordinates":[-86.19596263,39.78410636]},"properties":{"name":"Wendell Phillips School 63","assetType":"Preschools","dataYear":"2018","assetId":"925508","subcategory":"Education","detail":"https://classic.savi.org/SAVI/PopUps/AssetMoreInfo.aspx?AssetID=925508"}},{"type":"Feature","geometry":{"type":"Point","coordinates":[-86.27703983,39.76949352]},"properties":{"name":"Westlake Elementary School","assetType":"Preschools","dataYear":"2018","assetId":"925543","subcategory":"Education","detail":"https://classic.savi.org/SAVI/PopUps/AssetMoreInfo.aspx?AssetID=925543"}},{"type":"Feature","geometry":{"type":"Point","coordinates":[-86.13494538,39.60254252]},"properties":{"name":"Westwood Elementary School","assetType":"Preschools","dataYear":"2018","assetId":"925835","subcategory":"Education","detail":"https://classic.savi.org/SAVI/PopUps/AssetMoreInfo.aspx?AssetID=925835"}},{"type":"Feature","geometry":{"type":"Point","coordinates":[-86.39400229,39.76025814]},"properties":{"name":"White Oak Elementary School","assetType":"Preschools","dataYear":"2018","assetId":"925868","subcategory":"Education","detail":"https://classic.savi.org/SAVI/PopUps/AssetMoreInfo.aspx?AssetID=925868"}},{"type":"Feature","geometry":{"type":"Point","coordinates":[-85.99336439,40.0621808]},"properties":{"name":"White River Elementary School","assetType":"Preschools","dataYear":"2018","assetId":"925882","subcategory":"Education","detail":"https://classic.savi.org/SAVI/PopUps/AssetMoreInfo.aspx?AssetID=925882"}},{"type":"Feature","geometry":{"type":"Point","coordinates":[-85.764973,39.51141457]},"properties":{"name":"William F Loper Elementary School","assetType":"Preschools","dataYear":"2018","assetId":"925389","subcategory":"Education","detail":"https://classic.savi.org/SAVI/PopUps/AssetMoreInfo.aspx?AssetID=925389"}},{"type":"Feature","geometry":{"type":"Point","coordinates":[-86.15268646,39.6846143]},"properties":{"name":"William Henry Burkhart Elementary","assetType":"Preschools","dataYear":"2018","assetId":"925620","subcategory":"Education","detail":"https://classic.savi.org/SAVI/PopUps/AssetMoreInfo.aspx?AssetID=925620"}},{"type":"Feature","geometry":{"type":"Point","coordinates":[-86.12965589,39.75849441]},"properties":{"name":"William McKinley School 39","assetType":"Preschools","dataYear":"2018","assetId":"925579","subcategory":"Education","detail":"https://classic.savi.org/SAVI/PopUps/AssetMoreInfo.aspx?AssetID=925579"}},{"type":"Feature","geometry":{"type":"Point","coordinates":[-86.12539459,39.64372183]},"properties":{"name":"Winchester Village Elementary","assetType":"Preschools","dataYear":"2018","assetId":"925658","subcategory":"Education","detail":"https://classic.savi.org/SAVI/PopUps/AssetMoreInfo.aspx?AssetID=925658"}},{"type":"Feature","geometry":{"type":"Point","coordinates":[-85.92434011,39.74100499]},"properties":{"name":"Zion Lutheran School","assetType":"Preschools","dataYear":"2018","assetId":"926269","subcategory":"Education","detail":"https://classic.savi.org/SAVI/PopUps/AssetMoreInfo.aspx?AssetID=926269"}},{"type":"Feature","geometry":{"type":"Point","coordinates":[-86.28399457,39.97314677]},"properties":{"name":"Zionsville Pleasant View Elem Sch","assetType":"Preschools","dataYear":"2018","assetId":"926061","subcategory":"Education","detail":"https://classic.savi.org/SAVI/PopUps/AssetMoreInfo.aspx?AssetID=926061"}},{"type":"Feature","geometry":{"type":"Point","coordinates":[-86.13819148,39.83287129]},"properties":{"name":"Indiana School for the Deaf - Preschool","assetType":"Special Preschool Programs","dataYear":"2007","assetId":"624084","subcategory":"Education","detail":"https://classic.savi.org/SAVI/PopUps/AssetMoreInfo.aspx?AssetID=624084"}},{"type":"Feature","geometry":{"type":"Point","coordinates":[-86.16770869,39.77954558]},"properties":{"name":"St Mary s Child Center - Early Childhood Program","assetType":"Special Preschool Programs","dataYear":"2007","assetId":"623900","subcategory":"Education","detail":"https://classic.savi.org/SAVI/PopUps/AssetMoreInfo.aspx?AssetID=623900"}},{"type":"Feature","geometry":{"type":"Point","coordinates":[-86.012019,39.826185]},"properties":{"name":"La Plaza - Mother - Daughter Project","assetType":"College Entrance Support","dataYear":"2007","assetId":"626558","subcategory":"Education","detail":"https://classic.savi.org/SAVI/PopUps/AssetMoreInfo.aspx?AssetID=626558"}},{"type":"Feature","geometry":{"type":"Point","coordinates":[-85.69845889,40.12635079]},"properties":{"name":"ANDERSON COMMUNITY SPECIAL EDUCATION COOPERATIVE","assetType":"Disabled Student Services","dataYear":"2018","assetId":"919759","subcategory":"Education","detail":"https://classic.savi.org/SAVI/PopUps/AssetMoreInfo.aspx?AssetID=919759"}},{"type":"Feature","geometry":{"type":"Point","coordinates":[-86.47085009,40.05665059]},"properties":{"name":"BOONE-CLINTON-NORTH WEST HENDRICKS JOINT SERVICES","assetType":"Disabled Student Services","dataYear":"2018","assetId":"919757","subcategory":"Education","detail":"https://classic.savi.org/SAVI/PopUps/AssetMoreInfo.aspx?AssetID=919757"}},{"type":"Feature","geometry":{"type":"Point","coordinates":[-86.08144583,39.97788772]},"properties":{"name":"CARMEL CLAY SCHOOL DISTRICT","assetType":"Disabled Student Services","dataYear":"2018","assetId":"919426","subcategory":"Education","detail":"https://classic.savi.org/SAVI/PopUps/AssetMoreInfo.aspx?AssetID=919426"}},{"type":"Feature","geometry":{"type":"Point","coordinates":[-86.27709017,39.68646199]},"properties":{"name":"DECATUR TOWNSHIP METROPOLITAN SCHOOL DISTRICT","assetType":"Disabled Student Services","dataYear":"2018","assetId":"919022","subcategory":"Education","detail":"https://classic.savi.org/SAVI/PopUps/AssetMoreInfo.aspx?AssetID=919022"}},{"type":"Feature","geometry":{"type":"Point","coordinates":[-86.07349913,39.52112003]},"properties":{"name":"EARLYWOOD EDUCATIONAL SERVCIES","assetType":"Disabled Student Services","dataYear":"2018","assetId":"919755","subcategory":"Education","detail":"https://classic.savi.org/SAVI/PopUps/AssetMoreInfo.aspx?AssetID=919755"}},{"type":"Feature","geometry":{"type":"Point","coordinates":[-85.60967193,39.82374291]},"properties":{"name":"EASTERN HANCOCK COUNTY COMMUNITY SCHOOL CORPORATION","assetType":"Disabled Student Services","dataYear":"2018","assetId":"919319","subcategory":"Education","detail":"https://classic.savi.org/SAVI/PopUps/AssetMoreInfo.aspx?AssetID=919319"}},{"type":"Feature","geometry":{"type":"Point","coordinates":[-86.83834576,39.64131386]},"properties":{"name":"GREENCASTLE COMMUNITY SCHOOL DISTRICT","assetType":"Disabled Student Services","dataYear":"2018","assetId":"920901","subcategory":"Education","detail":"https://classic.savi.org/SAVI/PopUps/AssetMoreInfo.aspx?AssetID=920901"}},{"type":"Feature","geometry":{"type":"Point","coordinates":[-85.99494444,39.98475208]},"properties":{"name":"HAMILTON SOUTHEASTERN SCHOOL DISTRICT","assetType":"Disabled Student Services","dataYear":"2018","assetId":"919323","subcategory":"Education","detail":"https://classic.savi.org/SAVI/PopUps/AssetMoreInfo.aspx?AssetID=919323"}},{"type":"Feature","geometry":{"type":"Point","coordinates":[-86.0006796,40.05783967]},"properties":{"name":"HAMILTON-BOONE-MADISON SPECIAL SERVICES COOPERATIVE","assetType":"Disabled Student Services","dataYear":"2018","assetId":"920750","subcategory":"Education","detail":"https://classic.savi.org/SAVI/PopUps/AssetMoreInfo.aspx?AssetID=920750"}},{"type":"Feature","geometry":{"type":"Point","coordinates":[-86.16114651,39.7667531]},"properties":{"name":"INDIANA DEPARTMENT OF EDUCATION","assetType":"Disabled Student Services","dataYear":"2018","assetId":"922122","subcategory":"Education","detail":"https://classic.savi.org/SAVI/PopUps/AssetMoreInfo.aspx?AssetID=922122"}},{"type":"Feature","geometry":{"type":"Point","coordinates":[-86.13820417,39.83289513]},"properties":{"name":"INDIANA SCHOOL FOR THE DEAF","assetType":"Disabled Student Services","dataYear":"2018","assetId":"918242","subcategory":"Education","detail":"https://classic.savi.org/SAVI/PopUps/AssetMoreInfo.aspx?AssetID=918242"}},{"type":"Feature","geometry":{"type":"Point","coordinates":[-86.15459995,39.77724235]},"properties":{"name":"INDIANAPOLIS PUBLIC SCHOOL IPS DISTRICT","assetType":"Disabled Student Services","dataYear":"2018","assetId":"920040","subcategory":"Education","detail":"https://classic.savi.org/SAVI/PopUps/AssetMoreInfo.aspx?AssetID=920040"}},{"type":"Feature","geometry":{"type":"Point","coordinates":[-85.97308217,39.87649083]},"properties":{"name":"LAWRENCE TOWNSHIP METROPOLITAN SCHOOL DISTRICT","assetType":"Disabled Student Services","dataYear":"2018","assetId":"919833","subcategory":"Education","detail":"https://classic.savi.org/SAVI/PopUps/AssetMoreInfo.aspx?AssetID=919833"}},{"type":"Feature","geometry":{"type":"Point","coordinates":[-86.42425074,39.42544422]},"properties":{"name":"MARTINSVILLE METROPOLITAN SCHOOL DISTRICT","assetType":"Disabled Student Services","dataYear":"2018","assetId":"919410","subcategory":"Education","detail":"https://classic.savi.org/SAVI/PopUps/AssetMoreInfo.aspx?AssetID=919410"}},{"type":"Feature","geometry":{"type":"Point","coordinates":[-86.12336847,39.91122972]},"properties":{"name":"METROPOLITAN SCHOOL DISTRICT OF WASHINGTON TOWNSHIP","assetType":"Disabled Student Services","dataYear":"2018","assetId":"919017","subcategory":"Education","detail":"https://classic.savi.org/SAVI/PopUps/AssetMoreInfo.aspx?AssetID=919017"}},{"type":"Feature","geometry":{"type":"Point","coordinates":[-86.47984658,39.57708877]},"properties":{"name":"MONROE-GREGG SCHOOL DISTRICT","assetType":"Disabled Student Services","dataYear":"2018","assetId":"919418","subcategory":"Education","detail":"https://classic.savi.org/SAVI/PopUps/AssetMoreInfo.aspx?AssetID=919418"}},{"type":"Feature","geometry":{"type":"Point","coordinates":[-85.87564505,39.61128955]},"properties":{"name":"NORTHWESTERN CONSOLIDATED SCHOOL TRITON ELEMENTARY SCHOOL","assetType":"Disabled Student Services","dataYear":"2018","assetId":"919311","subcategory":"Education","detail":"https://classic.savi.org/SAVI/PopUps/AssetMoreInfo.aspx?AssetID=919311"}},{"type":"Feature","geometry":{"type":"Point","coordinates":[-86.81866992,39.648341]},"properties":{"name":"OLD NATIONAL TRAIL SPECIAL SERVICES","assetType":"Disabled Student Services","dataYear":"2018","assetId":"919686","subcategory":"Education","detail":"https://classic.savi.org/SAVI/PopUps/AssetMoreInfo.aspx?AssetID=919686"}},{"type":"Feature","geometry":{"type":"Point","coordinates":[-86.25904985,39.87872309]},"properties":{"name":"PIKE TOWNSHIP METROPOLITAN SCHOOL DISTRICT","assetType":"Disabled Student Services","dataYear":"2018","assetId":"921642","subcategory":"Education","detail":"https://classic.savi.org/SAVI/PopUps/AssetMoreInfo.aspx?AssetID=921642"}},{"type":"Feature","geometry":{"type":"Point","coordinates":[-85.66140899,39.45325554]},"properties":{"name":"SHELBY EASTERN SCHOOLS SPECIAL EDUCATION","assetType":"Disabled Student Services","dataYear":"2018","assetId":"919314","subcategory":"Education","detail":"https://classic.savi.org/SAVI/PopUps/AssetMoreInfo.aspx?AssetID=919314"}},{"type":"Feature","geometry":{"type":"Point","coordinates":[-85.78763403,39.50585455]},"properties":{"name":"SHELBYVILLE CENTRAL SCHOOLS - SPECIAL EDUCATION","assetType":"Disabled Student Services","dataYear":"2018","assetId":"919420","subcategory":"Education","detail":"https://classic.savi.org/SAVI/PopUps/AssetMoreInfo.aspx?AssetID=919420"}},{"type":"Feature","geometry":{"type":"Point","coordinates":[-85.76525101,40.00044632]},"properties":{"name":"SOUTH MADISON COMMUNITY SCHOOL CORPORATION","assetType":"Disabled Student Services","dataYear":"2018","assetId":"920097","subcategory":"Education","detail":"https://classic.savi.org/SAVI/PopUps/AssetMoreInfo.aspx?AssetID=920097"}},{"type":"Feature","geometry":{"type":"Point","coordinates":[-85.89452462,39.71776888]},"properties":{"name":"SOUTHERN HANCOCK COUNTY COMMUNITY SCHOOL CORPORATION","assetType":"Disabled Student Services","dataYear":"2018","assetId":"919511","subcategory":"Education","detail":"https://classic.savi.org/SAVI/PopUps/AssetMoreInfo.aspx?AssetID=919511"}},{"type":"Feature","geometry":{"type":"Point","coordinates":[-86.1379555,39.68883019]},"properties":{"name":"SOUTHSIDE SPECIAL SERVICES OF MARION COUNTY","assetType":"Disabled Student Services","dataYear":"2018","assetId":"919753","subcategory":"Education","detail":"https://classic.savi.org/SAVI/PopUps/AssetMoreInfo.aspx?AssetID=919753"}},{"type":"Feature","geometry":{"type":"Point","coordinates":[-86.24764646,39.78504136]},"properties":{"name":"SPEEDWAY SCHOOL DISTRICT - FISHER ELEMENTARY SCHOOL","assetType":"Disabled Student Services","dataYear":"2018","assetId":"917522","subcategory":"Education","detail":"https://classic.savi.org/SAVI/PopUps/AssetMoreInfo.aspx?AssetID=917522"}},{"type":"Feature","geometry":{"type":"Point","coordinates":[-86.00865043,39.78154946]},"properties":{"name":"WARREN TOWNSHIP METROPOLITAN SCHOOL DISTRICT","assetType":"Disabled Student Services","dataYear":"2018","assetId":"918797","subcategory":"Education","detail":"https://classic.savi.org/SAVI/PopUps/AssetMoreInfo.aspx?AssetID=918797"}},{"type":"Feature","geometry":{"type":"Point","coordinates":[-86.27003425,39.74964428]},"properties":{"name":"WAYNE TOWNSHIP METROPOLITAN SCHOOL DISTRICT","assetType":"Disabled Student Services","dataYear":"2018","assetId":"919708","subcategory":"Education","detail":"https://classic.savi.org/SAVI/PopUps/AssetMoreInfo.aspx?AssetID=919708"}},{"type":"Feature","geometry":{"type":"Point","coordinates":[-86.06419418,39.4800091]},"properties":{"name":"HOPEWELL BUILDING","assetType":"Dropout Prevention","dataYear":"2013","assetId":"800227","subcategory":"Education","detail":"https://classic.savi.org/SAVI/PopUps/AssetMoreInfo.aspx?AssetID=800227"}},{"type":"Feature","geometry":{"type":"Point","coordinates":[-86.15191984,39.81933993]},"properties":{"name":"REACH FOR YOUTH - CENTER TOWNSHIP OFFICE","assetType":"Dropout Prevention","dataYear":"2013","assetId":"798738","subcategory":"Education","detail":"https://classic.savi.org/SAVI/PopUps/AssetMoreInfo.aspx?AssetID=798738"}},{"type":"Feature","geometry":{"type":"Point","coordinates":[-86.13868446,39.68807114]},"properties":{"name":"REACH FOR YOUTH - PERRY TOWNSHIP OFFICE","assetType":"Dropout Prevention","dataYear":"2013","assetId":"799410","subcategory":"Education","detail":"https://classic.savi.org/SAVI/PopUps/AssetMoreInfo.aspx?AssetID=799410"}},{"type":"Feature","geometry":{"type":"Point","coordinates":[-86.15671009,39.82590096]},"properties":{"name":"Back Pack Attack 2007 - Donations Bridges to Success HH","assetType":"Free Instructional Materials","dataYear":"2007","assetId":"625318","subcategory":"Education","detail":"https://classic.savi.org/SAVI/PopUps/AssetMoreInfo.aspx?AssetID=625318"}},{"type":"Feature","geometry":{"type":"Point","coordinates":[-86.37476721,39.61249684]},"properties":{"name":"Churches in Mission - School Supply Drive HH","assetType":"Free Instructional Materials","dataYear":"2007","assetId":"625797","subcategory":"Education","detail":"https://classic.savi.org/SAVI/PopUps/AssetMoreInfo.aspx?AssetID=625797"}},{"type":"Feature","geometry":{"type":"Point","coordinates":[-86.01736057,39.9566247]},"properties":{"name":"Fishers Freedom Festival","assetType":"Free Instructional Materials","dataYear":"2007","assetId":"625599","subcategory":"Education","detail":"https://classic.savi.org/SAVI/PopUps/AssetMoreInfo.aspx?AssetID=625599"}},{"type":"Feature","geometry":{"type":"Point","coordinates":[-86.12878579,39.78138992]},"properties":{"name":"Teachers Treasures - Donations","assetType":"Free Instructional Materials","dataYear":"2007","assetId":"625158","subcategory":"Education","detail":"https://classic.savi.org/SAVI/PopUps/AssetMoreInfo.aspx?AssetID=625158"}},{"type":"Feature","geometry":{"type":"Point","coordinates":[-86.012019,39.826185]},"properties":{"name":"La Plaza - Dropout Prevention","assetType":"Guidance And Counseling","dataYear":"2007","assetId":"626557","subcategory":"Education","detail":"https://classic.savi.org/SAVI/PopUps/AssetMoreInfo.aspx?AssetID=626557"}},{"type":"Feature","geometry":{"type":"Point","coordinates":[-86.15985296,39.7698417]},"properties":{"name":"Learn More Indiana","assetType":"Guidance And Counseling","dataYear":"2007","assetId":"624373","subcategory":"Education","detail":"https://classic.savi.org/SAVI/PopUps/AssetMoreInfo.aspx?AssetID=624373"}},{"type":"Feature","geometry":{"type":"Point","coordinates":[-86.15681738,39.82522647]},"properties":{"name":"Veterans Upward Bound","assetType":"Guidance And Counseling","dataYear":"2007","assetId":"626597","subcategory":"Education","detail":"https://classic.savi.org/SAVI/PopUps/AssetMoreInfo.aspx?AssetID=626597"}},{"type":"Feature","geometry":{"type":"Point","coordinates":[-86.13363558,39.91379664]},"properties":{"name":"Learning Disabilities Information and Referral","assetType":"Homework Help Programs","dataYear":"2007","assetId":"623985","subcategory":"Education","detail":"https://classic.savi.org/SAVI/PopUps/AssetMoreInfo.aspx?AssetID=623985"}},{"type":"Feature","geometry":{"type":"Point","coordinates":[-86.15671009,39.82590096]},"properties":{"name":"Early Readers Club Success By 6","assetType":"Literacy Instruction","dataYear":"2011","assetId":"695054","subcategory":"Education","detail":"https://classic.savi.org/SAVI/PopUps/AssetMoreInfo.aspx?AssetID=695054"}},{"type":"Feature","geometry":{"type":"Point","coordinates":[-86.07496978,39.77044997]},"properties":{"name":"Even Start Family Literacy IPS - Indianapolis Public Schools","assetType":"Literacy Instruction","dataYear":"2011","assetId":"692570","subcategory":"Education","detail":"https://classic.savi.org/SAVI/PopUps/AssetMoreInfo.aspx?AssetID=692570"}},{"type":"Feature","geometry":{"type":"Point","coordinates":[-86.15838815,39.80088212]},"properties":{"name":"Free Adult Literacy Tutoring - Indy Reads","assetType":"Literacy Instruction","dataYear":"2011","assetId":"691412","subcategory":"Education","detail":"https://classic.savi.org/SAVI/PopUps/AssetMoreInfo.aspx?AssetID=691412"}},{"type":"Feature","geometry":{"type":"Point","coordinates":[-85.77552206,39.80485787]},"properties":{"name":"Greenfield Learning Center - Adult Education","assetType":"Literacy Instruction","dataYear":"2011","assetId":"691195","subcategory":"Education","detail":"https://classic.savi.org/SAVI/PopUps/AssetMoreInfo.aspx?AssetID=691195"}},{"type":"Feature","geometry":{"type":"Point","coordinates":[-86.15460123,39.7771039]},"properties":{"name":"IPS - Indianapolis Public Schools - Adult Education","assetType":"Literacy Instruction","dataYear":"2011","assetId":"692844","subcategory":"Education","detail":"https://classic.savi.org/SAVI/PopUps/AssetMoreInfo.aspx?AssetID=692844"}},{"type":"Feature","geometry":{"type":"Point","coordinates":[-86.14254153,39.91235109]},"properties":{"name":"Indiana Partnerships Center - Information and Training","assetType":"Literacy Instruction","dataYear":"2011","assetId":"693936","subcategory":"Education","detail":"https://classic.savi.org/SAVI/PopUps/AssetMoreInfo.aspx?AssetID=693936"}},{"type":"Feature","geometry":{"type":"Point","coordinates":[-86.13581104,39.90876135]},"properties":{"name":"J Everett Light - Adult Basic Education Washington Pike Twps","assetType":"Literacy Instruction","dataYear":"2011","assetId":"691447","subcategory":"Education","detail":"https://classic.savi.org/SAVI/PopUps/AssetMoreInfo.aspx?AssetID=691447"}},{"type":"Feature","geometry":{"type":"Point","coordinates":[-86.05465999,39.4792652]},"properties":{"name":"Johnson County Public Library - Adult Learning Center","assetType":"Literacy Instruction","dataYear":"2011","assetId":"693228","subcategory":"Education","detail":"https://classic.savi.org/SAVI/PopUps/AssetMoreInfo.aspx?AssetID=693228"}},{"type":"Feature","geometry":{"type":"Point","coordinates":[-86.15671009,39.82590096]},"properties":{"name":"Read Up UWCI","assetType":"Literacy Instruction","dataYear":"2011","assetId":"696296","subcategory":"Education","detail":"https://classic.savi.org/SAVI/PopUps/AssetMoreInfo.aspx?AssetID=696296"}},{"type":"Feature","geometry":{"type":"Point","coordinates":[-85.7871894,39.51198878]},"properties":{"name":"Shelby County Adult Literacy Program Adult Education","assetType":"Literacy Instruction","dataYear":"2011","assetId":"691251","subcategory":"Education","detail":"https://classic.savi.org/SAVI/PopUps/AssetMoreInfo.aspx?AssetID=691251"}},{"type":"Feature","geometry":{"type":"Point","coordinates":[-86.25982895,39.87950533]},"properties":{"name":"Pacer Academy Program MSD Pike Township","assetType":"Other Dropout Programs","dataYear":"2007","assetId":"625668","subcategory":"Education","detail":"https://classic.savi.org/SAVI/PopUps/AssetMoreInfo.aspx?AssetID=625668"}},{"type":"Feature","geometry":{"type":"Point","coordinates":[-86.1658341,39.77472732]},"properties":{"name":"21st Century Scholars - Central IN Scholars Support Program","assetType":"Scholarships","dataYear":"2011","assetId":"693649","subcategory":"Education","detail":"https://classic.savi.org/SAVI/PopUps/AssetMoreInfo.aspx?AssetID=693649"}},{"type":"Feature","geometry":{"type":"Point","coordinates":[-86.15915341,39.78655617]},"properties":{"name":"CHOICE Education Program Educational Choice Charitable Trust","assetType":"Scholarships","dataYear":"2011","assetId":"692445","subcategory":"Education","detail":"https://classic.savi.org/SAVI/PopUps/AssetMoreInfo.aspx?AssetID=692445"}},{"type":"Feature","geometry":{"type":"Point","coordinates":[-86.17192623,39.7744225]},"properties":{"name":"Nina Mason Pulliam Legacy Scholars at IUPUI","assetType":"Scholarships","dataYear":"2011","assetId":"693901","subcategory":"Education","detail":"https://classic.savi.org/SAVI/PopUps/AssetMoreInfo.aspx?AssetID=693901"}},{"type":"Feature","geometry":{"type":"Point","coordinates":[-86.0721467,39.82532441]},"properties":{"name":"Teen Time Forest Manor Multi-Service Center","assetType":"Scholarships","dataYear":"2011","assetId":"693541","subcategory":"Education","detail":"https://classic.savi.org/SAVI/PopUps/AssetMoreInfo.aspx?AssetID=693541"}},{"type":"Feature","geometry":{"type":"Point","coordinates":[-86.13663692,39.78841248]},"properties":{"name":"JOHN HOPE EDUCATION CENTER IPS 26","assetType":"School Based Teen Parent/Pregnant Teen Programs","dataYear":"2014","assetId":"828646","subcategory":"Education","detail":"https://classic.savi.org/SAVI/PopUps/AssetMoreInfo.aspx?AssetID=828646"}},{"type":"Feature","geometry":{"type":"Point","coordinates":[-86.37476721,39.61249684]},"properties":{"name":"Churches in Mission - School Supply Drive","assetType":"School Supplies","dataYear":"2011","assetId":"694270","subcategory":"Education","detail":"https://classic.savi.org/SAVI/PopUps/AssetMoreInfo.aspx?AssetID=694270"}},{"type":"Feature","geometry":{"type":"Point","coordinates":[-86.26947971,39.6858721]},"properties":{"name":"Decatur Township Trustee Marion County","assetType":"School Supplies","dataYear":"2011","assetId":"691212","subcategory":"Education","detail":"https://classic.savi.org/SAVI/PopUps/AssetMoreInfo.aspx?AssetID=691212"}},{"type":"Feature","geometry":{"type":"Point","coordinates":[-86.01736057,39.9566247]},"properties":{"name":"Fishers Freedom Festival","assetType":"School Supplies","dataYear":"2011","assetId":"694023","subcategory":"Education","detail":"https://classic.savi.org/SAVI/PopUps/AssetMoreInfo.aspx?AssetID=694023"}},{"type":"Feature","geometry":{"type":"Point","coordinates":[-86.12878579,39.78138992]},"properties":{"name":"Teachers Treasures - Donations","assetType":"School Supplies","dataYear":"2011","assetId":"693513","subcategory":"Education","detail":"https://classic.savi.org/SAVI/PopUps/AssetMoreInfo.aspx?AssetID=693513"}},{"type":"Feature","geometry":{"type":"Point","coordinates":[-86.1433572,39.89505037]},"properties":{"name":"Indiana School for the Blind & Visually Impaired - Outreach","assetType":"Special Education Assessment","dataYear":"2007","assetId":"624087","subcategory":"Education","detail":"https://classic.savi.org/SAVI/PopUps/AssetMoreInfo.aspx?AssetID=624087"}},{"type":"Feature","geometry":{"type":"Point","coordinates":[-86.16518215,39.79041065]},"properties":{"name":"Methodist Hospital - Adolescent & Child Life Department","assetType":"Special Education Assessment","dataYear":"2007","assetId":"624667","subcategory":"Education","detail":"https://classic.savi.org/SAVI/PopUps/AssetMoreInfo.aspx?AssetID=624667"}},{"type":"Feature","geometry":{"type":"Point","coordinates":[-86.76535718,35.24199573]},"properties":{"name":"Neuropsychology Laboratory Methodist Hospital","assetType":"Special Education Assessment","dataYear":"2007","assetId":"624641","subcategory":"Education","detail":"https://classic.savi.org/SAVI/PopUps/AssetMoreInfo.aspx?AssetID=624641"}},{"type":"Feature","geometry":{"type":"Point","coordinates":[-86.16770869,39.77954558]},"properties":{"name":"St Mary s Child Center - Diagnostic Clinic","assetType":"Special Education Assessment","dataYear":"2007","assetId":"623902","subcategory":"Education","detail":"https://classic.savi.org/SAVI/PopUps/AssetMoreInfo.aspx?AssetID=623902"}},{"type":"Feature","geometry":{"type":"Point","coordinates":[-86.11882492,39.82535104]},"properties":{"name":"CHILDREN S BUREAU - INDIANAPOLIS","assetType":"Student Financial Aid","dataYear":"2018","assetId":"919030","subcategory":"Education","detail":"https://classic.savi.org/SAVI/PopUps/AssetMoreInfo.aspx?AssetID=919030"}},{"type":"Feature","geometry":{"type":"Point","coordinates":[-86.09041288,39.56471464]},"properties":{"name":"CHILDREN S BUREAU - NEW WHITELAND","assetType":"Student Financial Aid","dataYear":"2018","assetId":"919029","subcategory":"Education","detail":"https://classic.savi.org/SAVI/PopUps/AssetMoreInfo.aspx?AssetID=919029"}},{"type":"Feature","geometry":{"type":"Point","coordinates":[-86.15987222,39.76985815]},"properties":{"name":"INDIANA COMMISSION FOR HIGHER EDUCATION","assetType":"Student Financial Aid","dataYear":"2018","assetId":"918498","subcategory":"Education","detail":"https://classic.savi.org/SAVI/PopUps/AssetMoreInfo.aspx?AssetID=918498"}},{"type":"Feature","geometry":{"type":"Point","coordinates":[-86.15987222,39.76985815]},"properties":{"name":"INDIANA COMMISSION FOR HIGHER EDUCATION","assetType":"Student Financial Aid","dataYear":"2018","assetId":"918499","subcategory":"Education","detail":"https://classic.savi.org/SAVI/PopUps/AssetMoreInfo.aspx?AssetID=918499"}},{"type":"Feature","geometry":{"type":"Point","coordinates":[-86.16114651,39.7667531]},"properties":{"name":"INDIANA DEPARTMENT OF EDUCATION","assetType":"Student Financial Aid","dataYear":"2018","assetId":"922124","subcategory":"Education","detail":"https://classic.savi.org/SAVI/PopUps/AssetMoreInfo.aspx?AssetID=922124"}},{"type":"Feature","geometry":{"type":"Point","coordinates":[-86.17192623,39.7744225]},"properties":{"name":"21st Century Scholars - Central IN Scholars Support Program","assetType":"Tuition Assistance","dataYear":"2007","assetId":"625306","subcategory":"Education","detail":"https://classic.savi.org/SAVI/PopUps/AssetMoreInfo.aspx?AssetID=625306"}},{"type":"Feature","geometry":{"type":"Point","coordinates":[-86.161578,39.767182]},"properties":{"name":"CHOICE Education Program Educational Choice Charitable Trust","assetType":"Tuition Assistance","dataYear":"2007","assetId":"624410","subcategory":"Education","detail":"https://classic.savi.org/SAVI/PopUps/AssetMoreInfo.aspx?AssetID=624410"}},{"type":"Feature","geometry":{"type":"Point","coordinates":[-86.17213417,39.77299529]},"properties":{"name":"Nina Mason Pulliam Legacy Scholars at IUPUI","assetType":"Tuition Assistance","dataYear":"2007","assetId":"625491","subcategory":"Education","detail":"https://classic.savi.org/SAVI/PopUps/AssetMoreInfo.aspx?AssetID=625491"}},{"type":"Feature","geometry":{"type":"Point","coordinates":[-86.15777703,39.80353786]},"properties":{"name":"Nina Mason Pulliam Legacy Scholars at Ivy Tech","assetType":"Tuition Assistance","dataYear":"2007","assetId":"625490","subcategory":"Education","detail":"https://classic.savi.org/SAVI/PopUps/AssetMoreInfo.aspx?AssetID=625490"}},{"type":"Feature","geometry":{"type":"Point","coordinates":[-86.24352677,39.20661386]},"properties":{"name":"BROWN COUNTY CAREER RESOURCE CENTER","assetType":"Tutorial Services","dataYear":"2018","assetId":"917083","subcategory":"Education","detail":"https://classic.savi.org/SAVI/PopUps/AssetMoreInfo.aspx?AssetID=917083"}},{"type":"Feature","geometry":{"type":"Point","coordinates":[-86.24508813,39.20950249]},"properties":{"name":"BROWN COUNTY LITERACY COALITION","assetType":"Tutorial Services","dataYear":"2018","assetId":"916988","subcategory":"Education","detail":"https://classic.savi.org/SAVI/PopUps/AssetMoreInfo.aspx?AssetID=916988"}},{"type":"Feature","geometry":{"type":"Point","coordinates":[-86.11577218,39.90869673]},"properties":{"name":"DYSLEXIA INSTITUTE OF INDIANA","assetType":"Tutorial Services","dataYear":"2018","assetId":"919663","subcategory":"Education","detail":"https://classic.savi.org/SAVI/PopUps/AssetMoreInfo.aspx?AssetID=919663"}},{"type":"Feature","geometry":{"type":"Point","coordinates":[-86.42806466,39.42581643]},"properties":{"name":"HAVEN YOUTH CENTER THE","assetType":"Tutorial Services","dataYear":"2018","assetId":"920879","subcategory":"Education","detail":"https://classic.savi.org/SAVI/PopUps/AssetMoreInfo.aspx?AssetID=920879"}},{"type":"Feature","geometry":{"type":"Point","coordinates":[-86.15670599,39.82310107]},"properties":{"name":"INDIANA YOUTH GROUP","assetType":"Tutorial Services","dataYear":"2018","assetId":"921494","subcategory":"Education","detail":"https://classic.savi.org/SAVI/PopUps/AssetMoreInfo.aspx?AssetID=921494"}},{"type":"Feature","geometry":{"type":"Point","coordinates":[-86.12000253,39.86775837]},"properties":{"name":"SCHOOL ON WHEELS","assetType":"Tutorial Services","dataYear":"2018","assetId":"920855","subcategory":"Education","detail":"https://classic.savi.org/SAVI/PopUps/AssetMoreInfo.aspx?AssetID=920855"}},{"type":"Feature","geometry":{"type":"Point","coordinates":[-86.25975488,39.80134805]},"properties":{"name":"SPEEDWAY PUBLIC LIBRARY","assetType":"Tutorial Services","dataYear":"2018","assetId":"921343","subcategory":"Education","detail":"https://classic.savi.org/SAVI/PopUps/AssetMoreInfo.aspx?AssetID=921343"}},{"type":"Feature","geometry":{"type":"Point","coordinates":[-86.16357634,39.76723106]},"properties":{"name":"Indiana Department of Veterans Affairs","assetType":"Veteran's Education Benefits","dataYear":"2007","assetId":"624071","subcategory":"Education","detail":"https://classic.savi.org/SAVI/PopUps/AssetMoreInfo.aspx?AssetID=624071"}},{"type":"Feature","geometry":{"type":"Point","coordinates":[-86.15912757,39.79078521]},"properties":{"name":"Indianapolis Neighborhood Resource Center - Technical Assistance","assetType":"Communication Training","dataYear":"2011","assetId":"694132","subcategory":"Education","detail":"https://classic.savi.org/SAVI/PopUps/AssetMoreInfo.aspx?AssetID=694132"}},{"type":"Feature","geometry":{"type":"Point","coordinates":[-86.26974,39.750735]},"properties":{"name":"ABE - Adult Basic Education Program MSD of Wayne Township","assetType":"Computer Classes","dataYear":"2011","assetId":"693722","subcategory":"Education","detail":"https://classic.savi.org/SAVI/PopUps/AssetMoreInfo.aspx?AssetID=693722"}},{"type":"Feature","geometry":{"type":"Point","coordinates":[-86.15699,39.825182]},"properties":{"name":"Adventures in Learning Mid-North Shepherd s Center","assetType":"Computer Classes","dataYear":"2011","assetId":"691543","subcategory":"Education","detail":"https://classic.savi.org/SAVI/PopUps/AssetMoreInfo.aspx?AssetID=691543"}},{"type":"Feature","geometry":{"type":"Point","coordinates":[-85.98532449,39.82410844]},"properties":{"name":"Central Nine Career Center - Computer Training","assetType":"Computer Classes","dataYear":"2011","assetId":"693817","subcategory":"Education","detail":"https://classic.savi.org/SAVI/PopUps/AssetMoreInfo.aspx?AssetID=693817"}},{"type":"Feature","geometry":{"type":"Point","coordinates":[-86.15581342,39.82349032]},"properties":{"name":"Education and Skills Training African Comm International","assetType":"Computer Classes","dataYear":"2011","assetId":"694785","subcategory":"Education","detail":"https://classic.savi.org/SAVI/PopUps/AssetMoreInfo.aspx?AssetID=694785"}},{"type":"Feature","geometry":{"type":"Point","coordinates":[-86.10412964,39.81679475]},"properties":{"name":"Hancock County Public Library - Computer Basics","assetType":"Computer Classes","dataYear":"2011","assetId":"694247","subcategory":"Education","detail":"https://classic.savi.org/SAVI/PopUps/AssetMoreInfo.aspx?AssetID=694247"}},{"type":"Feature","geometry":{"type":"Point","coordinates":[-86.50192278,39.76763402]},"properties":{"name":"Hendricks County Senior Services - Senior Center","assetType":"Computer Classes","dataYear":"2011","assetId":"692154","subcategory":"Education","detail":"https://classic.savi.org/SAVI/PopUps/AssetMoreInfo.aspx?AssetID=692154"}},{"type":"Feature","geometry":{"type":"Point","coordinates":[-86.15387852,39.73330601]},"properties":{"name":"IPS Manual Adult Evening School Computer Classes","assetType":"Computer Classes","dataYear":"2011","assetId":"693818","subcategory":"Education","detail":"https://classic.savi.org/SAVI/PopUps/AssetMoreInfo.aspx?AssetID=693818"}},{"type":"Feature","geometry":{"type":"Point","coordinates":[-86.13581104,39.90876135]},"properties":{"name":"J Everett Light - Youth Adult Education Classes","assetType":"Computer Classes","dataYear":"2011","assetId":"693694","subcategory":"Education","detail":"https://classic.savi.org/SAVI/PopUps/AssetMoreInfo.aspx?AssetID=693694"}},{"type":"Feature","geometry":{"type":"Point","coordinates":[-86.13581104,39.90876135]},"properties":{"name":"J Everett Light Career Center - YAD","assetType":"Computer Classes","dataYear":"2011","assetId":"693790","subcategory":"Education","detail":"https://classic.savi.org/SAVI/PopUps/AssetMoreInfo.aspx?AssetID=693790"}},{"type":"Feature","geometry":{"type":"Point","coordinates":[-86.22244552,39.92045262]},"properties":{"name":"Lantech Technical Computer Training","assetType":"Computer Classes","dataYear":"2011","assetId":"694101","subcategory":"Education","detail":"https://classic.savi.org/SAVI/PopUps/AssetMoreInfo.aspx?AssetID=694101"}},{"type":"Feature","geometry":{"type":"Point","coordinates":[-85.989167,39.822541]},"properties":{"name":"Pathway Resource Center - Classes & Training","assetType":"Computer Classes","dataYear":"2011","assetId":"694279","subcategory":"Education","detail":"https://classic.savi.org/SAVI/PopUps/AssetMoreInfo.aspx?AssetID=694279"}},{"type":"Feature","geometry":{"type":"Point","coordinates":[-86.15557793,39.77199587]},"properties":{"name":"Training Inc - Employment Preparation","assetType":"Computer Classes","dataYear":"2011","assetId":"692130","subcategory":"Education","detail":"https://classic.savi.org/SAVI/PopUps/AssetMoreInfo.aspx?AssetID=692130"}},{"type":"Feature","geometry":{"type":"Point","coordinates":[-85.99552193,39.79604734]},"properties":{"name":"Walker Career Center","assetType":"Computer Classes","dataYear":"2011","assetId":"693996","subcategory":"Education","detail":"https://classic.savi.org/SAVI/PopUps/AssetMoreInfo.aspx?AssetID=693996"}},{"type":"Feature","geometry":{"type":"Point","coordinates":[-85.99552193,39.79604734]},"properties":{"name":"Walker Career Center - Computer Classes","assetType":"Computer Classes","dataYear":"2011","assetId":"693805","subcategory":"Education","detail":"https://classic.savi.org/SAVI/PopUps/AssetMoreInfo.aspx?AssetID=693805"}},{"type":"Feature","geometry":{"type":"Point","coordinates":[-86.29969051,39.8619234]},"properties":{"name":"PEACE LEARNING CENTER","assetType":"Conflict Resolution Training","dataYear":"2018","assetId":"922339","subcategory":"Education","detail":"https://classic.savi.org/SAVI/PopUps/AssetMoreInfo.aspx?AssetID=922339"}},{"type":"Feature","geometry":{"type":"Point","coordinates":[-86.15173132,39.80621771]},"properties":{"name":"LATINO COALITION AGAINST DOMESTIC AND SEXUAL VIOLENCE","assetType":"Cultural Awareness/Competencies Training","dataYear":"2018","assetId":"918729","subcategory":"Education","detail":"https://classic.savi.org/SAVI/PopUps/AssetMoreInfo.aspx?AssetID=918729"}},{"type":"Feature","geometry":{"type":"Point","coordinates":[-86.14936278,39.79608833]},"properties":{"name":"Children s Bureau - Transitional Living Program","assetType":"Emancipation Preparation Programs","dataYear":"2007","assetId":"624828","subcategory":"Education","detail":"https://classic.savi.org/SAVI/PopUps/AssetMoreInfo.aspx?AssetID=624828"}},{"type":"Feature","geometry":{"type":"Point","coordinates":[-86.073678,39.787962]},"properties":{"name":"Independent Living - Lutheran Child & Family Services of IN KY","assetType":"Emancipation Preparation Programs","dataYear":"2007","assetId":"625186","subcategory":"Education","detail":"https://classic.savi.org/SAVI/PopUps/AssetMoreInfo.aspx?AssetID=625186"}},{"type":"Feature","geometry":{"type":"Point","coordinates":[-86.12072637,39.84296464]},"properties":{"name":"Independent Living Services Indiana Youth Advocate Program","assetType":"Emancipation Preparation Programs","dataYear":"2007","assetId":"625233","subcategory":"Education","detail":"https://classic.savi.org/SAVI/PopUps/AssetMoreInfo.aspx?AssetID=625233"}},{"type":"Feature","geometry":{"type":"Point","coordinates":[-86.14936278,39.79608833]},"properties":{"name":"Project Horizon Independent Living Educ Group Children s Bureau","assetType":"Emancipation Preparation Programs","dataYear":"2007","assetId":"624826","subcategory":"Education","detail":"https://classic.savi.org/SAVI/PopUps/AssetMoreInfo.aspx?AssetID=624826"}},{"type":"Feature","geometry":{"type":"Point","coordinates":[-86.04301896,39.86879776]},"properties":{"name":"BOY SCOUTS OF AMERICA CROSSROADS OF AMERICA COUNCIL","assetType":"Leadership Development","dataYear":"2018","assetId":"919878","subcategory":"Education","detail":"https://classic.savi.org/SAVI/PopUps/AssetMoreInfo.aspx?AssetID=919878"}},{"type":"Feature","geometry":{"type":"Point","coordinates":[-86.44482347,40.02548705]},"properties":{"name":"PURDUE EXTENSION - BOONE COUNTY","assetType":"Leadership Development","dataYear":"2018","assetId":"917738","subcategory":"Education","detail":"https://classic.savi.org/SAVI/PopUps/AssetMoreInfo.aspx?AssetID=917738"}},{"type":"Feature","geometry":{"type":"Point","coordinates":[-86.23931413,39.20650249]},"properties":{"name":"PURDUE EXTENSION - BROWN COUNTY","assetType":"Leadership Development","dataYear":"2018","assetId":"917118","subcategory":"Education","detail":"https://classic.savi.org/SAVI/PopUps/AssetMoreInfo.aspx?AssetID=917118"}},{"type":"Feature","geometry":{"type":"Point","coordinates":[-85.9991649,40.03872541]},"properties":{"name":"PURDUE EXTENSION - HAMILTON COUNTY","assetType":"Leadership Development","dataYear":"2018","assetId":"917782","subcategory":"Education","detail":"https://classic.savi.org/SAVI/PopUps/AssetMoreInfo.aspx?AssetID=917782"}},{"type":"Feature","geometry":{"type":"Point","coordinates":[-85.75621044,39.79312228]},"properties":{"name":"PURDUE EXTENSION - HANCOCK COUNTY","assetType":"Leadership Development","dataYear":"2018","assetId":"917735","subcategory":"Education","detail":"https://classic.savi.org/SAVI/PopUps/AssetMoreInfo.aspx?AssetID=917735"}},{"type":"Feature","geometry":{"type":"Point","coordinates":[-86.48761787,39.76269924]},"properties":{"name":"PURDUE EXTENSION - HENDRICKS COUNTY","assetType":"Leadership Development","dataYear":"2018","assetId":"917721","subcategory":"Education","detail":"https://classic.savi.org/SAVI/PopUps/AssetMoreInfo.aspx?AssetID=917721"}},{"type":"Feature","geometry":{"type":"Point","coordinates":[-86.06624099,39.48543223]},"properties":{"name":"PURDUE EXTENSION - JOHNSON COUNTY","assetType":"Leadership Development","dataYear":"2018","assetId":"917838","subcategory":"Education","detail":"https://classic.savi.org/SAVI/PopUps/AssetMoreInfo.aspx?AssetID=917838"}},{"type":"Feature","geometry":{"type":"Point","coordinates":[-85.62939442,40.09049888]},"properties":{"name":"PURDUE EXTENSION - MADISON COUNTY","assetType":"Leadership Development","dataYear":"2018","assetId":"920188","subcategory":"Education","detail":"https://classic.savi.org/SAVI/PopUps/AssetMoreInfo.aspx?AssetID=920188"}},{"type":"Feature","geometry":{"type":"Point","coordinates":[-86.13857184,39.82549148]},"properties":{"name":"PURDUE EXTENSION - MARION COUNTY","assetType":"Leadership Development","dataYear":"2018","assetId":"917772","subcategory":"Education","detail":"https://classic.savi.org/SAVI/PopUps/AssetMoreInfo.aspx?AssetID=917772"}},{"type":"Feature","geometry":{"type":"Point","coordinates":[-86.42895695,39.42523923]},"properties":{"name":"PURDUE EXTENSION - MORGAN COUNTY","assetType":"Leadership Development","dataYear":"2018","assetId":"917768","subcategory":"Education","detail":"https://classic.savi.org/SAVI/PopUps/AssetMoreInfo.aspx?AssetID=917768"}},{"type":"Feature","geometry":{"type":"Point","coordinates":[-86.8659586,39.64535633]},"properties":{"name":"PURDUE EXTENSION - PUTNAM COUNTY","assetType":"Leadership Development","dataYear":"2018","assetId":"919724","subcategory":"Education","detail":"https://classic.savi.org/SAVI/PopUps/AssetMoreInfo.aspx?AssetID=919724"}},{"type":"Feature","geometry":{"type":"Point","coordinates":[-86.1561658,39.80943507]},"properties":{"name":"UNITED WAY OF CENTRAL INDIANA","assetType":"Leadership Development","dataYear":"2018","assetId":"922629","subcategory":"Education","detail":"https://classic.savi.org/SAVI/PopUps/AssetMoreInfo.aspx?AssetID=922629"}},{"type":"Feature","geometry":{"type":"Point","coordinates":[-85.98532449,39.82410844]},"properties":{"name":"Central Nine Career Center - Spanish Classes","assetType":"Personal Enrichment","dataYear":"2007","assetId":"625448","subcategory":"Education","detail":"https://classic.savi.org/SAVI/PopUps/AssetMoreInfo.aspx?AssetID=625448"}},{"type":"Feature","geometry":{"type":"Point","coordinates":[-86.15671009,39.82590096]},"properties":{"name":"Connected By 25 United Way of Central Indiana","assetType":"Personal Enrichment","dataYear":"2007","assetId":"626502","subcategory":"Education","detail":"https://classic.savi.org/SAVI/PopUps/AssetMoreInfo.aspx?AssetID=626502"}},{"type":"Feature","geometry":{"type":"Point","coordinates":[-86.15740048,39.78580834]},"properties":{"name":"Marriage & Pre-Marriage Educational Progra Catholic Archdiocese","assetType":"Personal Enrichment","dataYear":"2007","assetId":"624275","subcategory":"Education","detail":"https://classic.savi.org/SAVI/PopUps/AssetMoreInfo.aspx?AssetID=624275"}},{"type":"Feature","geometry":{"type":"Point","coordinates":[-85.99552193,39.79604734]},"properties":{"name":"Walker Career Center - Art and Dance Classes","assetType":"Personal Enrichment","dataYear":"2007","assetId":"625433","subcategory":"Education","detail":"https://classic.savi.org/SAVI/PopUps/AssetMoreInfo.aspx?AssetID=625433"}},{"type":"Feature","geometry":{"type":"Point","coordinates":[-85.99552193,39.79604734]},"properties":{"name":"Walker Career Center - Personal Enrichment Classes","assetType":"Personal Enrichment","dataYear":"2007","assetId":"625342","subcategory":"Education","detail":"https://classic.savi.org/SAVI/PopUps/AssetMoreInfo.aspx?AssetID=625342"}},{"type":"Feature","geometry":{"type":"Point","coordinates":[-85.99552193,39.79604734]},"properties":{"name":"Walker Career Center -Special Interest Classes","assetType":"Personal Enrichment","dataYear":"2007","assetId":"625466","subcategory":"Education","detail":"https://classic.savi.org/SAVI/PopUps/AssetMoreInfo.aspx?AssetID=625466"}},{"type":"Feature","geometry":{"type":"Point","coordinates":[-85.99116199,39.82460324]},"properties":{"name":"FATHERS AND FAMILIES EASTSIDE","assetType":"Relationship Workshops","dataYear":"2015","assetId":"835517","subcategory":"Education","detail":"https://classic.savi.org/SAVI/PopUps/AssetMoreInfo.aspx?AssetID=835517"}},{"type":"Feature","geometry":{"type":"Point","coordinates":[-86.38456713,39.68758472]},"properties":{"name":"Pink Ponies Strides to Success","assetType":"Self-Esteem Workshops","dataYear":"2011","assetId":"695716","subcategory":"Education","detail":"https://classic.savi.org/SAVI/PopUps/AssetMoreInfo.aspx?AssetID=695716"}},{"type":"Feature","geometry":{"type":"Point","coordinates":[-86.087769,39.825614]},"properties":{"name":"Total Restoration Support & Recovery For Women","assetType":"Self-Esteem Workshops","dataYear":"2011","assetId":"695418","subcategory":"Education","detail":"https://classic.savi.org/SAVI/PopUps/AssetMoreInfo.aspx?AssetID=695418"}},{"type":"Feature","geometry":{"type":"Point","coordinates":[-86.17812465,39.83202356]},"properties":{"name":"CHRISTIAN THEOLOGICAL SEMINARY COUNSELING CENTER","assetType":"Stress Management","dataYear":"2017","assetId":"881755","subcategory":"Education","detail":"https://classic.savi.org/SAVI/PopUps/AssetMoreInfo.aspx?AssetID=881755"}},{"type":"Feature","geometry":{"type":"Point","coordinates":[-86.17812465,39.83202356]},"properties":{"name":"CHRISTIAN THEOLOGICAL SEMINARY COUNSELING CENTER","assetType":"Stress Management","dataYear":"2017","assetId":"881756","subcategory":"Education","detail":"https://classic.savi.org/SAVI/PopUps/AssetMoreInfo.aspx?AssetID=881756"}},{"type":"Feature","geometry":{"type":"Point","coordinates":[-86.17812465,39.83202356]},"properties":{"name":"CHRISTIAN THEOLOGICAL SEMINARY COUNSELING CENTER","assetType":"Stress Management","dataYear":"2017","assetId":"867697","subcategory":"Education","detail":"https://classic.savi.org/SAVI/PopUps/AssetMoreInfo.aspx?AssetID=867697"}},{"type":"Feature","geometry":{"type":"Point","coordinates":[-86.13531182,39.77702037]},"properties":{"name":"PASS - Parents Are Successful Students IPS","assetType":"Teen Parent/Pregnant Teen Education Programs","dataYear":"2007","assetId":"625609","subcategory":"Education","detail":"https://classic.savi.org/SAVI/PopUps/AssetMoreInfo.aspx?AssetID=625609"}},{"type":"Feature","geometry":{"type":"Point","coordinates":[-86.21602952,39.80672827]},"properties":{"name":"Vivian Smith Teen Parenting Program Children s Bureau Inc","assetType":"Teen Parent/Pregnant Teen Education Programs","dataYear":"2007","assetId":"625926","subcategory":"Education","detail":"https://classic.savi.org/SAVI/PopUps/AssetMoreInfo.aspx?AssetID=625926"}},{"type":"Feature","geometry":{"type":"Point","coordinates":[-86.12785506,39.90957772]},"properties":{"name":"J Everett Light - Art Classes","assetType":"Art School Programs","dataYear":"2007","assetId":"625419","subcategory":"Education","detail":"https://classic.savi.org/SAVI/PopUps/AssetMoreInfo.aspx?AssetID=625419"}},{"type":"Feature","geometry":{"type":"Point","coordinates":[-85.6661085,40.11182162]},"properties":{"name":"Anderson University","assetType":"College/University Programs","dataYear":"2016","assetId":"839510","subcategory":"Education","detail":"https://classic.savi.org/SAVI/PopUps/AssetMoreInfo.aspx?AssetID=839510"}},{"type":"Feature","geometry":{"type":"Point","coordinates":[-86.16813254,39.77574921]},"properties":{"name":"Fundraising School IU Center on Philanthropy","assetType":"Community College Programs","dataYear":"2007","assetId":"625450","subcategory":"Education","detail":"https://classic.savi.org/SAVI/PopUps/AssetMoreInfo.aspx?AssetID=625450"}},{"type":"Feature","geometry":{"type":"Point","coordinates":[-86.14816742,39.76688443]},"properties":{"name":"Indiana Business College-Indianapolis Business Division","assetType":"Community College Programs","dataYear":"2007","assetId":"625376","subcategory":"Education","detail":"https://classic.savi.org/SAVI/PopUps/AssetMoreInfo.aspx?AssetID=625376"}},{"type":"Feature","geometry":{"type":"Point","coordinates":[-86.02310673,39.74928651]},"properties":{"name":"Indiana Business College-Medical Division Campus","assetType":"Community College Programs","dataYear":"2007","assetId":"625385","subcategory":"Education","detail":"https://classic.savi.org/SAVI/PopUps/AssetMoreInfo.aspx?AssetID=625385"}},{"type":"Feature","geometry":{"type":"Point","coordinates":[-86.22244552,39.92045262]},"properties":{"name":"Indiana Institute of Technology - Degree Programs","assetType":"Community College Programs","dataYear":"2007","assetId":"625767","subcategory":"Education","detail":"https://classic.savi.org/SAVI/PopUps/AssetMoreInfo.aspx?AssetID=625767"}},{"type":"Feature","geometry":{"type":"Point","coordinates":[-86.04241144,39.88514465]},"properties":{"name":"International Business College","assetType":"Community College Programs","dataYear":"2007","assetId":"625386","subcategory":"Education","detail":"https://classic.savi.org/SAVI/PopUps/AssetMoreInfo.aspx?AssetID=625386"}},{"type":"Feature","geometry":{"type":"Point","coordinates":[-86.26692955,39.88495603]},"properties":{"name":"Kaplan College","assetType":"Community College Programs","dataYear":"2007","assetId":"625438","subcategory":"Education","detail":"https://classic.savi.org/SAVI/PopUps/AssetMoreInfo.aspx?AssetID=625438"}},{"type":"Feature","geometry":{"type":"Point","coordinates":[-86.13819148,39.83287129]},"properties":{"name":"Vincennes University American Sign Language Program","assetType":"Community College Programs","dataYear":"2007","assetId":"626596","subcategory":"Education","detail":"https://classic.savi.org/SAVI/PopUps/AssetMoreInfo.aspx?AssetID=626596"}},{"type":"Feature","geometry":{"type":"Point","coordinates":[-86.14293475,39.77902733]},"properties":{"name":"INDIANA PLAN FOR EQUAL EMPLOYMENT","assetType":"Technical Trade School Programs","dataYear":"2013","assetId":"798411","subcategory":"Education","detail":"https://classic.savi.org/SAVI/PopUps/AssetMoreInfo.aspx?AssetID=798411"}},{"type":"Feature","geometry":{"type":"Point","coordinates":[-86.12784041,39.90955777]},"properties":{"name":"J EVERETT LIGHT CAREER CENTER","assetType":"Technical Trade School Programs","dataYear":"2013","assetId":"798238","subcategory":"Education","detail":"https://classic.savi.org/SAVI/PopUps/AssetMoreInfo.aspx?AssetID=798238"}},{"type":"Feature","geometry":{"type":"Point","coordinates":[-86.04098607,39.89079931]},"properties":{"name":"MCKENZIE CENTER FOR INNOVATION AND TECHNOLOGY","assetType":"Technical Trade School Programs","dataYear":"2013","assetId":"800085","subcategory":"Education","detail":"https://classic.savi.org/SAVI/PopUps/AssetMoreInfo.aspx?AssetID=800085"}},{"type":"Feature","geometry":{"type":"Point","coordinates":[-86.16320026,39.77710421]},"properties":{"name":"Indiana College Network - Distance Education","assetType":"Unknown Specialty","dataYear":"2007","assetId":"625440","subcategory":"Education","detail":"https://classic.savi.org/SAVI/PopUps/AssetMoreInfo.aspx?AssetID=625440"}}]}