{"type":"FeatureCollection","features":[{"type":"Feature","geometry":{"type":"Point","coordinates":[-85.69584275,40.12798332]},"properties":{"name":"Alternatives Inc","assetType":"Battered Women's Shelters","dataYear":"2019","assetId":"934117","subcategory":"Housing","detail":"https://classic.savi.org/SAVI/PopUps/AssetMoreInfo.aspx?AssetID=934117"}},{"type":"Feature","geometry":{"type":"Point","coordinates":[-86.15720656,39.79357862]},"properties":{"name":"JULIAN CENTER","assetType":"Battered Women's Shelters","dataYear":"2019","assetId":"922466","subcategory":"Housing","detail":"https://classic.savi.org/SAVI/PopUps/AssetMoreInfo.aspx?AssetID=922466"}},{"type":"Feature","geometry":{"type":"Point","coordinates":[-86.15251416,39.7745831]},"properties":{"name":"SALVATION ARMY RUTH LILLY WOMEN AND CHILDREN S CENTER","assetType":"Battered Women's Shelters","dataYear":"2019","assetId":"917513","subcategory":"Housing","detail":"https://classic.savi.org/SAVI/PopUps/AssetMoreInfo.aspx?AssetID=917513"}},{"type":"Feature","geometry":{"type":"Point","coordinates":[-86.15419444,39.77044611]},"properties":{"name":"Winter Contingency Shelter - Men Wheeler","assetType":"Homeless Bad Weather Shelter","dataYear":"2007","assetId":"625369","subcategory":"Housing","detail":"https://classic.savi.org/SAVI/PopUps/AssetMoreInfo.aspx?AssetID=625369"}},{"type":"Feature","geometry":{"type":"Point","coordinates":[-86.1163,39.76901]},"properties":{"name":"Winter Contingency Shelter - Women Children Care Center","assetType":"Homeless Bad Weather Shelter","dataYear":"2007","assetId":"626623","subcategory":"Housing","detail":"https://classic.savi.org/SAVI/PopUps/AssetMoreInfo.aspx?AssetID=626623"}},{"type":"Feature","geometry":{"type":"Point","coordinates":[-86.13944439,39.76656871]},"properties":{"name":"Horizon House","assetType":"Homeless Drop-In Centers","dataYear":"2016","assetId":"839456","subcategory":"Housing","detail":"https://classic.savi.org/SAVI/PopUps/AssetMoreInfo.aspx?AssetID=839456"}},{"type":"Feature","geometry":{"type":"Point","coordinates":[-86.14930222,39.78784722]},"properties":{"name":"DAYSPRING CENTER","assetType":"Homeless Mission","dataYear":"2013","assetId":"797596","subcategory":"Housing","detail":"https://classic.savi.org/SAVI/PopUps/AssetMoreInfo.aspx?AssetID=797596"}},{"type":"Feature","geometry":{"type":"Point","coordinates":[-86.1170709,39.76843867]},"properties":{"name":"GOOD NEWS MISSION MEN S SHELTER","assetType":"Homeless Mission","dataYear":"2013","assetId":"797994","subcategory":"Housing","detail":"https://classic.savi.org/SAVI/PopUps/AssetMoreInfo.aspx?AssetID=797994"}},{"type":"Feature","geometry":{"type":"Point","coordinates":[-85.76833352,39.78110222]},"properties":{"name":"HANCOCK HOPE HOUSE","assetType":"Homeless Mission","dataYear":"2013","assetId":"798215","subcategory":"Housing","detail":"https://classic.savi.org/SAVI/PopUps/AssetMoreInfo.aspx?AssetID=798215"}},{"type":"Feature","geometry":{"type":"Point","coordinates":[-86.20506853,39.77881022]},"properties":{"name":"HOLY FAMILY SHELTER","assetType":"Homeless Mission","dataYear":"2013","assetId":"799769","subcategory":"Housing","detail":"https://classic.savi.org/SAVI/PopUps/AssetMoreInfo.aspx?AssetID=799769"}},{"type":"Feature","geometry":{"type":"Point","coordinates":[-86.13418,39.791681]},"properties":{"name":"INTERFAITH HOSPITALITY NETWORK","assetType":"Homeless Mission","dataYear":"2013","assetId":"797673","subcategory":"Housing","detail":"https://classic.savi.org/SAVI/PopUps/AssetMoreInfo.aspx?AssetID=797673"}},{"type":"Feature","geometry":{"type":"Point","coordinates":[-86.12009324,39.78143767]},"properties":{"name":"QUEEN OF PEACE SHELTER","assetType":"Homeless Mission","dataYear":"2013","assetId":"797027","subcategory":"Housing","detail":"https://classic.savi.org/SAVI/PopUps/AssetMoreInfo.aspx?AssetID=797027"}},{"type":"Feature","geometry":{"type":"Point","coordinates":[-86.152498,39.774566]},"properties":{"name":"SALVATION ARMY SOCIAL SERVICE CENTER - INDIANAPOLIS","assetType":"Homeless Mission","dataYear":"2013","assetId":"798811","subcategory":"Housing","detail":"https://classic.savi.org/SAVI/PopUps/AssetMoreInfo.aspx?AssetID=798811"}},{"type":"Feature","geometry":{"type":"Point","coordinates":[-86.01185039,40.01746809]},"properties":{"name":"THIRD PHASE","assetType":"Homeless Mission","dataYear":"2013","assetId":"799134","subcategory":"Housing","detail":"https://classic.savi.org/SAVI/PopUps/AssetMoreInfo.aspx?AssetID=799134"}},{"type":"Feature","geometry":{"type":"Point","coordinates":[-86.43226222,39.42961255]},"properties":{"name":"WELLSPRING","assetType":"Homeless Mission","dataYear":"2013","assetId":"797277","subcategory":"Housing","detail":"https://classic.savi.org/SAVI/PopUps/AssetMoreInfo.aspx?AssetID=797277"}},{"type":"Feature","geometry":{"type":"Point","coordinates":[-86.110536,39.774655]},"properties":{"name":"WHEELER MISSION CENTER FOR WOMEN AND CHILDREN","assetType":"Homeless Mission","dataYear":"2013","assetId":"799465","subcategory":"Housing","detail":"https://classic.savi.org/SAVI/PopUps/AssetMoreInfo.aspx?AssetID=799465"}},{"type":"Feature","geometry":{"type":"Point","coordinates":[-86.14861423,39.76843079]},"properties":{"name":"WHEELER MISSION SHELTER FOR MEN","assetType":"Homeless Mission","dataYear":"2013","assetId":"799774","subcategory":"Housing","detail":"https://classic.savi.org/SAVI/PopUps/AssetMoreInfo.aspx?AssetID=799774"}},{"type":"Feature","geometry":{"type":"Point","coordinates":[-86.8615327,39.64486074]},"properties":{"name":"BEYOND HOMELESS","assetType":"Homeless Shelter","dataYear":"2018","assetId":"919608","subcategory":"Housing","detail":"https://classic.savi.org/SAVI/PopUps/AssetMoreInfo.aspx?AssetID=919608"}},{"type":"Feature","geometry":{"type":"Point","coordinates":[-85.67836337,40.10961757]},"properties":{"name":"CHRISTIAN CENTER THE","assetType":"Homeless Shelter","dataYear":"2018","assetId":"920032","subcategory":"Housing","detail":"https://classic.savi.org/SAVI/PopUps/AssetMoreInfo.aspx?AssetID=920032"}},{"type":"Feature","geometry":{"type":"Point","coordinates":[-86.14931215,39.78786279]},"properties":{"name":"DAYSPRING CENTER","assetType":"Homeless Shelter","dataYear":"2018","assetId":"919889","subcategory":"Housing","detail":"https://classic.savi.org/SAVI/PopUps/AssetMoreInfo.aspx?AssetID=919889"}},{"type":"Feature","geometry":{"type":"Point","coordinates":[-86.13422458,39.79185036]},"properties":{"name":"FAMILY PROMISE OF GREATER INDIANAPOLIS","assetType":"Homeless Shelter","dataYear":"2018","assetId":"919726","subcategory":"Housing","detail":"https://classic.savi.org/SAVI/PopUps/AssetMoreInfo.aspx?AssetID=919726"}},{"type":"Feature","geometry":{"type":"Point","coordinates":[-86.39973267,39.77079466]},"properties":{"name":"FAMILY PROMISE OF HENDRICKS COUNTY","assetType":"Homeless Shelter","dataYear":"2018","assetId":"919210","subcategory":"Housing","detail":"https://classic.savi.org/SAVI/PopUps/AssetMoreInfo.aspx?AssetID=919210"}},{"type":"Feature","geometry":{"type":"Point","coordinates":[-86.11703139,39.76847785]},"properties":{"name":"GOOD NEWS MISSION MEN S SHELTER","assetType":"Homeless Shelter","dataYear":"2018","assetId":"918926","subcategory":"Housing","detail":"https://classic.savi.org/SAVI/PopUps/AssetMoreInfo.aspx?AssetID=918926"}},{"type":"Feature","geometry":{"type":"Point","coordinates":[-85.76775887,39.78097359]},"properties":{"name":"HANCOCK HOPE HOUSE","assetType":"Homeless Shelter","dataYear":"2018","assetId":"918676","subcategory":"Housing","detail":"https://classic.savi.org/SAVI/PopUps/AssetMoreInfo.aspx?AssetID=918676"}},{"type":"Feature","geometry":{"type":"Point","coordinates":[-86.20509429,39.77883893]},"properties":{"name":"HOLY FAMILY SHELTER","assetType":"Homeless Shelter","dataYear":"2018","assetId":"922600","subcategory":"Housing","detail":"https://classic.savi.org/SAVI/PopUps/AssetMoreInfo.aspx?AssetID=922600"}},{"type":"Feature","geometry":{"type":"Point","coordinates":[-86.12008198,39.78156019]},"properties":{"name":"QUEEN OF PEACE SHELTER","assetType":"Homeless Shelter","dataYear":"2018","assetId":"921650","subcategory":"Housing","detail":"https://classic.savi.org/SAVI/PopUps/AssetMoreInfo.aspx?AssetID=921650"}},{"type":"Feature","geometry":{"type":"Point","coordinates":[-86.15251416,39.7745831]},"properties":{"name":"SALVATION ARMY RUTH LILLY WOMEN AND CHILDREN S CENTER","assetType":"Homeless Shelter","dataYear":"2018","assetId":"917512","subcategory":"Housing","detail":"https://classic.savi.org/SAVI/PopUps/AssetMoreInfo.aspx?AssetID=917512"}},{"type":"Feature","geometry":{"type":"Point","coordinates":[-86.43119859,39.42818765]},"properties":{"name":"THE MAGDALENE HOUSE","assetType":"Homeless Shelter","dataYear":"2018","assetId":"919064","subcategory":"Housing","detail":"https://classic.savi.org/SAVI/PopUps/AssetMoreInfo.aspx?AssetID=919064"}},{"type":"Feature","geometry":{"type":"Point","coordinates":[-86.01120668,40.01809204]},"properties":{"name":"THIRD PHASE","assetType":"Homeless Shelter","dataYear":"2018","assetId":"917409","subcategory":"Housing","detail":"https://classic.savi.org/SAVI/PopUps/AssetMoreInfo.aspx?AssetID=917409"}},{"type":"Feature","geometry":{"type":"Point","coordinates":[-86.43202726,39.42941381]},"properties":{"name":"WELLSPRING CENTER","assetType":"Homeless Shelter","dataYear":"2018","assetId":"921405","subcategory":"Housing","detail":"https://classic.savi.org/SAVI/PopUps/AssetMoreInfo.aspx?AssetID=921405"}},{"type":"Feature","geometry":{"type":"Point","coordinates":[-86.11048493,39.77469885]},"properties":{"name":"WHEELER MISSION CENTER FOR WOMEN AND CHILDREN","assetType":"Homeless Shelter","dataYear":"2018","assetId":"922727","subcategory":"Housing","detail":"https://classic.savi.org/SAVI/PopUps/AssetMoreInfo.aspx?AssetID=922727"}},{"type":"Feature","geometry":{"type":"Point","coordinates":[-86.14818007,39.76861768]},"properties":{"name":"WHEELER MISSION SHELTER FOR MEN","assetType":"Homeless Shelter","dataYear":"2018","assetId":"922724","subcategory":"Housing","detail":"https://classic.savi.org/SAVI/PopUps/AssetMoreInfo.aspx?AssetID=922724"}},{"type":"Feature","geometry":{"type":"Point","coordinates":[-86.16825734,39.78825891]},"properties":{"name":"CHILDREN S BUREAU - GENE GLICK FAMILY SUPPORT CENTER","assetType":"Runaway/Youth Shelters","dataYear":"2018","assetId":"922285","subcategory":"Housing","detail":"https://classic.savi.org/SAVI/PopUps/AssetMoreInfo.aspx?AssetID=922285"}},{"type":"Feature","geometry":{"type":"Point","coordinates":[-86.06360667,39.49152303]},"properties":{"name":"YOUTH CONNECTIONS","assetType":"Runaway/Youth Shelters","dataYear":"2018","assetId":"922628","subcategory":"Housing","detail":"https://classic.savi.org/SAVI/PopUps/AssetMoreInfo.aspx?AssetID=922628"}},{"type":"Feature","geometry":{"type":"Point","coordinates":[-86.16740298,39.78772494]},"properties":{"name":"Project Safe Place - Crisis Shelter and Intervention","assetType":"Safe Houses","dataYear":"2007","assetId":"624829","subcategory":"Housing","detail":"https://classic.savi.org/SAVI/PopUps/AssetMoreInfo.aspx?AssetID=624829"}},{"type":"Feature","geometry":{"type":"Point","coordinates":[-86.01333319,40.04306717]},"properties":{"name":"Safe Place Hamilton Centers Youth Service","assetType":"Safe Houses","dataYear":"2007","assetId":"624160","subcategory":"Housing","detail":"https://classic.savi.org/SAVI/PopUps/AssetMoreInfo.aspx?AssetID=624160"}},{"type":"Feature","geometry":{"type":"Point","coordinates":[-86.04836213,39.48111415]},"properties":{"name":"Safe Place Host Homes of Johnson County Youth Connections","assetType":"Safe Houses","dataYear":"2007","assetId":"623765","subcategory":"Housing","detail":"https://classic.savi.org/SAVI/PopUps/AssetMoreInfo.aspx?AssetID=623765"}},{"type":"Feature","geometry":{"type":"Point","coordinates":[-86.04836213,39.48111415]},"properties":{"name":"Safe Place Host Homes of Morgan County Youth Connections","assetType":"Safe Houses","dataYear":"2007","assetId":"625355","subcategory":"Housing","detail":"https://classic.savi.org/SAVI/PopUps/AssetMoreInfo.aspx?AssetID=625355"}},{"type":"Feature","geometry":{"type":"Point","coordinates":[-86.14283152,39.75304185]},"properties":{"name":"First Home at St Pat s Church Midtown Mental Health Center HH","assetType":"Shelters For Mentally Ill","dataYear":"2007","assetId":"624809","subcategory":"Housing","detail":"https://classic.savi.org/SAVI/PopUps/AssetMoreInfo.aspx?AssetID=624809"}},{"type":"Feature","geometry":{"type":"Point","coordinates":[-86.19222669,39.78931675]},"properties":{"name":"Ada s Place Quest for Excellence","assetType":"Transitional Shelter","dataYear":"2007","assetId":"625987","subcategory":"Housing","detail":"https://classic.savi.org/SAVI/PopUps/AssetMoreInfo.aspx?AssetID=625987"}},{"type":"Feature","geometry":{"type":"Point","coordinates":[-86.14546724,39.79583705]},"properties":{"name":"Agnes Inn Between Quest for Excellence HH","assetType":"Transitional Shelter","dataYear":"2007","assetId":"625116","subcategory":"Housing","detail":"https://classic.savi.org/SAVI/PopUps/AssetMoreInfo.aspx?AssetID=625116"}},{"type":"Feature","geometry":{"type":"Point","coordinates":[-86.07109791,39.81608537]},"properties":{"name":"Beechwood Gardens Transitional Living Eastern Star Church","assetType":"Transitional Shelter","dataYear":"2007","assetId":"625550","subcategory":"Housing","detail":"https://classic.savi.org/SAVI/PopUps/AssetMoreInfo.aspx?AssetID=625550"}},{"type":"Feature","geometry":{"type":"Point","coordinates":[-86.13795858,39.76712643]},"properties":{"name":"Dove Recovery House for Women","assetType":"Transitional Shelter","dataYear":"2007","assetId":"625542","subcategory":"Housing","detail":"https://classic.savi.org/SAVI/PopUps/AssetMoreInfo.aspx?AssetID=625542"}},{"type":"Feature","geometry":{"type":"Point","coordinates":[-86.2051437,39.77194027]},"properties":{"name":"Freedom Center Hoosier Veterans Assistance Foundation","assetType":"Transitional Shelter","dataYear":"2007","assetId":"625888","subcategory":"Housing","detail":"https://classic.savi.org/SAVI/PopUps/AssetMoreInfo.aspx?AssetID=625888"}},{"type":"Feature","geometry":{"type":"Point","coordinates":[-86.11640209,39.76833682]},"properties":{"name":"Good News Ministries - Family Transitional Housing","assetType":"Transitional Shelter","dataYear":"2007","assetId":"624688","subcategory":"Housing","detail":"https://classic.savi.org/SAVI/PopUps/AssetMoreInfo.aspx?AssetID=624688"}},{"type":"Feature","geometry":{"type":"Point","coordinates":[-86.216122,39.80171]},"properties":{"name":"Harbor Light - Transitional Housing Program","assetType":"Transitional Shelter","dataYear":"2007","assetId":"624356","subcategory":"Housing","detail":"https://classic.savi.org/SAVI/PopUps/AssetMoreInfo.aspx?AssetID=624356"}},{"type":"Feature","geometry":{"type":"Point","coordinates":[-86.142752,39.752385]},"properties":{"name":"Holy Family Transitional Housing Catholic Charities Indianapoli","assetType":"Transitional Shelter","dataYear":"2007","assetId":"626032","subcategory":"Housing","detail":"https://classic.savi.org/SAVI/PopUps/AssetMoreInfo.aspx?AssetID=626032"}},{"type":"Feature","geometry":{"type":"Point","coordinates":[-86.15719148,39.79364539]},"properties":{"name":"Julian Center Shelter New Life Transitional","assetType":"Transitional Shelter","dataYear":"2007","assetId":"625608","subcategory":"Housing","detail":"https://classic.savi.org/SAVI/PopUps/AssetMoreInfo.aspx?AssetID=625608"}},{"type":"Feature","geometry":{"type":"Point","coordinates":[-86.15419444,39.77044611]},"properties":{"name":"Life With a Purpose-Addictions Recovery","assetType":"Transitional Shelter","dataYear":"2007","assetId":"624681","subcategory":"Housing","detail":"https://classic.savi.org/SAVI/PopUps/AssetMoreInfo.aspx?AssetID=624681"}},{"type":"Feature","geometry":{"type":"Point","coordinates":[-86.123322,39.78142]},"properties":{"name":"Something More Transitional House - JHB Comm Ctr","assetType":"Transitional Shelter","dataYear":"2007","assetId":"626469","subcategory":"Housing","detail":"https://classic.savi.org/SAVI/PopUps/AssetMoreInfo.aspx?AssetID=626469"}},{"type":"Feature","geometry":{"type":"Point","coordinates":[-86.153077,39.81057825]},"properties":{"name":"Spain s Residential Living","assetType":"Transitional Shelter","dataYear":"2007","assetId":"625523","subcategory":"Housing","detail":"https://classic.savi.org/SAVI/PopUps/AssetMoreInfo.aspx?AssetID=625523"}},{"type":"Feature","geometry":{"type":"Point","coordinates":[-86.29033954,39.77535341]},"properties":{"name":"Villages of Indiana - Transitional Living","assetType":"Transitional Shelter","dataYear":"2007","assetId":"624109","subcategory":"Housing","detail":"https://classic.savi.org/SAVI/PopUps/AssetMoreInfo.aspx?AssetID=624109"}},{"type":"Feature","geometry":{"type":"Point","coordinates":[-86.16133833,39.7759216]},"properties":{"name":"Volunteers of America - Homeless Vets Program","assetType":"Transitional Shelter","dataYear":"2007","assetId":"625642","subcategory":"Housing","detail":"https://classic.savi.org/SAVI/PopUps/AssetMoreInfo.aspx?AssetID=625642"}},{"type":"Feature","geometry":{"type":"Point","coordinates":[-86.15723243,39.82358215]},"properties":{"name":"Wellspring Center - Transitional Housing","assetType":"Transitional Shelter","dataYear":"2007","assetId":"624913","subcategory":"Housing","detail":"https://classic.savi.org/SAVI/PopUps/AssetMoreInfo.aspx?AssetID=624913"}},{"type":"Feature","geometry":{"type":"Point","coordinates":[-86.168256,39.78826]},"properties":{"name":"CHILDREN S BUREAU - GENE GLICK FAMILY SUPPORT CENTER","assetType":"Youth / Children's Shelters","dataYear":"2013","assetId":"796731","subcategory":"Housing","detail":"https://classic.savi.org/SAVI/PopUps/AssetMoreInfo.aspx?AssetID=796731"}},{"type":"Feature","geometry":{"type":"Point","coordinates":[-86.01333308,40.04306389]},"properties":{"name":"PROMISING FUTURES OF CENTRAL INDIANA","assetType":"Youth / Children's Shelters","dataYear":"2013","assetId":"798146","subcategory":"Housing","detail":"https://classic.savi.org/SAVI/PopUps/AssetMoreInfo.aspx?AssetID=798146"}},{"type":"Feature","geometry":{"type":"Point","coordinates":[-86.06984166,39.88484111]},"properties":{"name":"SAFE FAMILIES FOR CHILDREN","assetType":"Youth / Children's Shelters","dataYear":"2013","assetId":"798799","subcategory":"Housing","detail":"https://classic.savi.org/SAVI/PopUps/AssetMoreInfo.aspx?AssetID=798799"}},{"type":"Feature","geometry":{"type":"Point","coordinates":[-86.12171574,39.84170481]},"properties":{"name":"VISITING NURSE SERVICE VNS","assetType":"Youth / Children's Shelters","dataYear":"2013","assetId":"796379","subcategory":"Housing","detail":"https://classic.savi.org/SAVI/PopUps/AssetMoreInfo.aspx?AssetID=796379"}},{"type":"Feature","geometry":{"type":"Point","coordinates":[-86.06426201,39.48101727]},"properties":{"name":"YOUTH CONNECTIONS","assetType":"Youth / Children's Shelters","dataYear":"2013","assetId":"796342","subcategory":"Housing","detail":"https://classic.savi.org/SAVI/PopUps/AssetMoreInfo.aspx?AssetID=796342"}},{"type":"Feature","geometry":{"type":"Point","coordinates":[-86.42718994,39.42774235]},"properties":{"name":"YOUTH CONNECTIONS - MORGAN COUNTY","assetType":"Youth / Children's Shelters","dataYear":"2013","assetId":"799640","subcategory":"Housing","detail":"https://classic.savi.org/SAVI/PopUps/AssetMoreInfo.aspx?AssetID=799640"}},{"type":"Feature","geometry":{"type":"Point","coordinates":[-86.44978013,40.03052964]},"properties":{"name":"Mapleview Rest Home","assetType":"Group Homes for Adults with Disabilities","dataYear":"2007","assetId":"624368","subcategory":"Housing","detail":"https://classic.savi.org/SAVI/PopUps/AssetMoreInfo.aspx?AssetID=624368"}},{"type":"Feature","geometry":{"type":"Point","coordinates":[-86.47233056,40.05729667]},"properties":{"name":"Indiana United Methodist Children s Home - Residential Treatment","assetType":"Group Homes for Children with Disabilities","dataYear":"2007","assetId":"624077","subcategory":"Housing","detail":"https://classic.savi.org/SAVI/PopUps/AssetMoreInfo.aspx?AssetID=624077"}},{"type":"Feature","geometry":{"type":"Point","coordinates":[-86.45182802,40.03148152]},"properties":{"name":"Boone County Div of Family Resources - RBA","assetType":"Semi-Independent Living for Disabled Adults","dataYear":"2007","assetId":"623791","subcategory":"Housing","detail":"https://classic.savi.org/SAVI/PopUps/AssetMoreInfo.aspx?AssetID=623791"}},{"type":"Feature","geometry":{"type":"Point","coordinates":[-86.02443051,39.48116817]},"properties":{"name":"Johnson County Div of Family Resources - RBA","assetType":"Semi-Independent Living for Disabled Adults","dataYear":"2007","assetId":"624384","subcategory":"Housing","detail":"https://classic.savi.org/SAVI/PopUps/AssetMoreInfo.aspx?AssetID=624384"}},{"type":"Feature","geometry":{"type":"Point","coordinates":[-86.15715107,39.79100267]},"properties":{"name":"Marion County DFR - RBA - Room and Board Assistance","assetType":"Semi-Independent Living for Disabled Adults","dataYear":"2007","assetId":"624327","subcategory":"Housing","detail":"https://classic.savi.org/SAVI/PopUps/AssetMoreInfo.aspx?AssetID=624327"}},{"type":"Feature","geometry":{"type":"Point","coordinates":[-86.44336865,39.40677621]},"properties":{"name":"Morgan County Div of Family Resources - RBA","assetType":"Semi-Independent Living for Disabled Adults","dataYear":"2007","assetId":"624193","subcategory":"Housing","detail":"https://classic.savi.org/SAVI/PopUps/AssetMoreInfo.aspx?AssetID=624193"}},{"type":"Feature","geometry":{"type":"Point","coordinates":[-85.74140517,39.51688198]},"properties":{"name":"Shelby County Div of Family Resources - RBA","assetType":"Semi-Independent Living for Disabled Adults","dataYear":"2007","assetId":"624320","subcategory":"Housing","detail":"https://classic.savi.org/SAVI/PopUps/AssetMoreInfo.aspx?AssetID=624320"}},{"type":"Feature","geometry":{"type":"Point","coordinates":[-86.01185039,40.01746809]},"properties":{"name":"Third Phase Christian Center - Supervised Living","assetType":"Semi-Independent Living for Disabled Adults","dataYear":"2007","assetId":"624280","subcategory":"Housing","detail":"https://classic.savi.org/SAVI/PopUps/AssetMoreInfo.aspx?AssetID=624280"}},{"type":"Feature","geometry":{"type":"Point","coordinates":[-86.07825012,39.7705367]},"properties":{"name":"ACCESSABILITY CENTER FOR INDEPENDENT LIVING","assetType":"Supported Living for Disabled Adults","dataYear":"2014","assetId":"829659","subcategory":"Housing","detail":"https://classic.savi.org/SAVI/PopUps/AssetMoreInfo.aspx?AssetID=829659"}},{"type":"Feature","geometry":{"type":"Point","coordinates":[-86.15217556,39.77558255]},"properties":{"name":"FAMILIES FIRST - CENTRAL OFFICE","assetType":"Supported Living for Disabled Adults","dataYear":"2014","assetId":"829330","subcategory":"Housing","detail":"https://classic.savi.org/SAVI/PopUps/AssetMoreInfo.aspx?AssetID=829330"}},{"type":"Feature","geometry":{"type":"Point","coordinates":[-86.50373562,39.76761051]},"properties":{"name":"SYCAMORE SERVICES - HENDRICKS COUNTY","assetType":"Supported Living for Disabled Adults","dataYear":"2014","assetId":"831064","subcategory":"Housing","detail":"https://classic.savi.org/SAVI/PopUps/AssetMoreInfo.aspx?AssetID=831064"}},{"type":"Feature","geometry":{"type":"Point","coordinates":[-85.67588328,40.106611]},"properties":{"name":"CENTRAL INDIANA COMMUNITY ACTION PROGRAM CICAP - MADISON COUNTY","assetType":"Energy Conservation Improvements","dataYear":"2018","assetId":"920294","subcategory":"Housing","detail":"https://classic.savi.org/SAVI/PopUps/AssetMoreInfo.aspx?AssetID=920294"}},{"type":"Feature","geometry":{"type":"Point","coordinates":[-86.45357329,40.03511899]},"properties":{"name":"COMMUNITY ACTION OF GREATER INDIANAPOLIS CAGI - BOONE AND HENDRICKS COUNTIES","assetType":"Energy Conservation Improvements","dataYear":"2018","assetId":"917812","subcategory":"Housing","detail":"https://classic.savi.org/SAVI/PopUps/AssetMoreInfo.aspx?AssetID=917812"}},{"type":"Feature","geometry":{"type":"Point","coordinates":[-86.01158953,40.05439647]},"properties":{"name":"COMMUNITY ACTION OF GREATER INDIANAPOLIS CAGI - HAMILTON COUNTY","assetType":"Energy Conservation Improvements","dataYear":"2018","assetId":"917811","subcategory":"Housing","detail":"https://classic.savi.org/SAVI/PopUps/AssetMoreInfo.aspx?AssetID=917811"}},{"type":"Feature","geometry":{"type":"Point","coordinates":[-86.15692077,39.81503262]},"properties":{"name":"COMMUNITY ACTION OF GREATER INDIANAPOLIS CAGI - MERIDIAN STREET","assetType":"Energy Conservation Improvements","dataYear":"2018","assetId":"917813","subcategory":"Housing","detail":"https://classic.savi.org/SAVI/PopUps/AssetMoreInfo.aspx?AssetID=917813"}},{"type":"Feature","geometry":{"type":"Point","coordinates":[-86.20835923,39.88210479]},"properties":{"name":"CROOKED CREEK COMMUNITY DEVELOPMENT CORPORATION","assetType":"Energy Conservation Improvements","dataYear":"2018","assetId":"920328","subcategory":"Housing","detail":"https://classic.savi.org/SAVI/PopUps/AssetMoreInfo.aspx?AssetID=920328"}},{"type":"Feature","geometry":{"type":"Point","coordinates":[-85.77208263,39.80334342]},"properties":{"name":"INTERLOCAL COMMUNITY ACTION PROGRAM ICAP HANCOCK COUNTY","assetType":"Energy Conservation Improvements","dataYear":"2018","assetId":"918501","subcategory":"Housing","detail":"https://classic.savi.org/SAVI/PopUps/AssetMoreInfo.aspx?AssetID=918501"}},{"type":"Feature","geometry":{"type":"Point","coordinates":[-86.15690773,39.81359723]},"properties":{"name":"MAPLETON-FALL CREEK DEVELOPMENT CORPORATION MFCDC","assetType":"Energy Conservation Improvements","dataYear":"2018","assetId":"921795","subcategory":"Housing","detail":"https://classic.savi.org/SAVI/PopUps/AssetMoreInfo.aspx?AssetID=921795"}},{"type":"Feature","geometry":{"type":"Point","coordinates":[-86.11976288,39.80829122]},"properties":{"name":"MARTINDALE-BRIGHTWOOD COMMUNITY DEVELOPMENT CORPORATION","assetType":"Energy Conservation Improvements","dataYear":"2018","assetId":"919919","subcategory":"Housing","detail":"https://classic.savi.org/SAVI/PopUps/AssetMoreInfo.aspx?AssetID=919919"}},{"type":"Feature","geometry":{"type":"Point","coordinates":[-85.99922966,40.04747864]},"properties":{"name":"NOBLESVILLE HOUSING AUTHORITY","assetType":"Energy Conservation Improvements","dataYear":"2018","assetId":"918244","subcategory":"Housing","detail":"https://classic.savi.org/SAVI/PopUps/AssetMoreInfo.aspx?AssetID=918244"}},{"type":"Feature","geometry":{"type":"Point","coordinates":[-86.01497348,40.04265126]},"properties":{"name":"SHEPHERD S CENTER OF HAMILTON COUNTY","assetType":"Energy Conservation Improvements","dataYear":"2018","assetId":"917654","subcategory":"Housing","detail":"https://classic.savi.org/SAVI/PopUps/AssetMoreInfo.aspx?AssetID=917654"}},{"type":"Feature","geometry":{"type":"Point","coordinates":[-86.14108716,39.75049448]},"properties":{"name":"SOUTHEAST NEIGHBORHOOD DEVELOPMENT SEND","assetType":"Energy Conservation Improvements","dataYear":"2018","assetId":"917407","subcategory":"Housing","detail":"https://classic.savi.org/SAVI/PopUps/AssetMoreInfo.aspx?AssetID=917407"}},{"type":"Feature","geometry":{"type":"Point","coordinates":[-86.19877893,39.77480981]},"properties":{"name":"WESTSIDE COMMUNITY DEVELOPMENT CORPORATION","assetType":"Energy Conservation Improvements","dataYear":"2018","assetId":"922732","subcategory":"Housing","detail":"https://classic.savi.org/SAVI/PopUps/AssetMoreInfo.aspx?AssetID=922732"}},{"type":"Feature","geometry":{"type":"Point","coordinates":[-86.1566988,39.80186804]},"properties":{"name":"CAGI - Emergency Home Repair Program","assetType":"Home Rehabilitation/Repair","dataYear":"2007","assetId":"625274","subcategory":"Housing","detail":"https://classic.savi.org/SAVI/PopUps/AssetMoreInfo.aspx?AssetID=625274"}},{"type":"Feature","geometry":{"type":"Point","coordinates":[-86.15972012,39.75007371]},"properties":{"name":"Concord Community Development Corp - Home Repair","assetType":"Home Rehabilitation/Repair","dataYear":"2007","assetId":"626010","subcategory":"Housing","detail":"https://classic.savi.org/SAVI/PopUps/AssetMoreInfo.aspx?AssetID=626010"}},{"type":"Feature","geometry":{"type":"Point","coordinates":[-86.15316016,39.80171492]},"properties":{"name":"King Park Area Development Corporation - Home Repair Program","assetType":"Home Rehabilitation/Repair","dataYear":"2007","assetId":"626078","subcategory":"Housing","detail":"https://classic.savi.org/SAVI/PopUps/AssetMoreInfo.aspx?AssetID=626078"}},{"type":"Feature","geometry":{"type":"Point","coordinates":[-86.11392334,39.76398762]},"properties":{"name":"Rehab Resources - Building Materials Re-use Warehouse","assetType":"Home Rehabilitation/Repair","dataYear":"2007","assetId":"623774","subcategory":"Housing","detail":"https://classic.savi.org/SAVI/PopUps/AssetMoreInfo.aspx?AssetID=623774"}},{"type":"Feature","geometry":{"type":"Point","coordinates":[-86.1412848,39.74923297]},"properties":{"name":"Southeast Neighborhood Development - SEND - Home Repair","assetType":"Home Rehabilitation/Repair","dataYear":"2007","assetId":"626012","subcategory":"Housing","detail":"https://classic.savi.org/SAVI/PopUps/AssetMoreInfo.aspx?AssetID=626012"}},{"type":"Feature","geometry":{"type":"Point","coordinates":[-86.18932181,39.80854787]},"properties":{"name":"United North West Area Development Corp - UNWADC - Home Repair","assetType":"Home Rehabilitation/Repair","dataYear":"2007","assetId":"626035","subcategory":"Housing","detail":"https://classic.savi.org/SAVI/PopUps/AssetMoreInfo.aspx?AssetID=626035"}},{"type":"Feature","geometry":{"type":"Point","coordinates":[-86.22049764,40.13705359]},"properties":{"name":"ADAMS TOWNSHIP TRUSTEE HAMILTON COUNTY","assetType":"Mortgage Payment Assistance","dataYear":"2013","assetId":"798187","subcategory":"Housing","detail":"https://classic.savi.org/SAVI/PopUps/AssetMoreInfo.aspx?AssetID=798187"}},{"type":"Feature","geometry":{"type":"Point","coordinates":[-85.77469211,39.51967517]},"properties":{"name":"ADDISON TOWNSHIP TRUSTEE SHELBY COUNTY","assetType":"Mortgage Payment Assistance","dataYear":"2013","assetId":"797405","subcategory":"Housing","detail":"https://classic.savi.org/SAVI/PopUps/AssetMoreInfo.aspx?AssetID=797405"}},{"type":"Feature","geometry":{"type":"Point","coordinates":[-86.564163,39.45447949]},"properties":{"name":"ASHLAND TOWNSHIP TRUSTEE MORGAN COUNTY","assetType":"Mortgage Payment Assistance","dataYear":"2013","assetId":"798484","subcategory":"Housing","detail":"https://classic.savi.org/SAVI/PopUps/AssetMoreInfo.aspx?AssetID=798484"}},{"type":"Feature","geometry":{"type":"Point","coordinates":[-86.50933402,39.37325021]},"properties":{"name":"BAKER TOWNSHIP TRUSTEE MORGAN COUNTY","assetType":"Mortgage Payment Assistance","dataYear":"2013","assetId":"798504","subcategory":"Housing","detail":"https://classic.savi.org/SAVI/PopUps/AssetMoreInfo.aspx?AssetID=798504"}},{"type":"Feature","geometry":{"type":"Point","coordinates":[-85.96555407,39.35414058]},"properties":{"name":"BLUE RIVER TOWNSHIP TRUSTEE JOHNSON COUNTY","assetType":"Mortgage Payment Assistance","dataYear":"2013","assetId":"796569","subcategory":"Housing","detail":"https://classic.savi.org/SAVI/PopUps/AssetMoreInfo.aspx?AssetID=796569"}},{"type":"Feature","geometry":{"type":"Point","coordinates":[-85.72797528,39.73572682]},"properties":{"name":"BRANDYWINE TOWNSHIP TRUSTEE HANCOCK COUNTY","assetType":"Mortgage Payment Assistance","dataYear":"2013","assetId":"797983","subcategory":"Housing","detail":"https://classic.savi.org/SAVI/PopUps/AssetMoreInfo.aspx?AssetID=797983"}},{"type":"Feature","geometry":{"type":"Point","coordinates":[-86.39254886,39.90908062]},"properties":{"name":"BROWN TOWNSHIP TRUSTEE HENDRICKS COUNTY","assetType":"Mortgage Payment Assistance","dataYear":"2013","assetId":"798568","subcategory":"Housing","detail":"https://classic.savi.org/SAVI/PopUps/AssetMoreInfo.aspx?AssetID=798568"}},{"type":"Feature","geometry":{"type":"Point","coordinates":[-86.36145469,39.62047257]},"properties":{"name":"BROWN TOWNSHIP TRUSTEE MORGAN COUNTY","assetType":"Mortgage Payment Assistance","dataYear":"2013","assetId":"798515","subcategory":"Housing","detail":"https://classic.savi.org/SAVI/PopUps/AssetMoreInfo.aspx?AssetID=798515"}},{"type":"Feature","geometry":{"type":"Point","coordinates":[-85.89945047,39.84711382]},"properties":{"name":"BUCK CREEK TOWNSHIP TRUSTEE HANCOCK COUNTY","assetType":"Mortgage Payment Assistance","dataYear":"2013","assetId":"798611","subcategory":"Housing","detail":"https://classic.savi.org/SAVI/PopUps/AssetMoreInfo.aspx?AssetID=798611"}},{"type":"Feature","geometry":{"type":"Point","coordinates":[-86.47006508,40.05351325]},"properties":{"name":"CENTER TOWNSHIP TRUSTEE BOONE COUNTY","assetType":"Mortgage Payment Assistance","dataYear":"2013","assetId":"796531","subcategory":"Housing","detail":"https://classic.savi.org/SAVI/PopUps/AssetMoreInfo.aspx?AssetID=796531"}},{"type":"Feature","geometry":{"type":"Point","coordinates":[-85.77119143,39.80427276]},"properties":{"name":"CENTER TOWNSHIP TRUSTEE HANCOCK COUNTY","assetType":"Mortgage Payment Assistance","dataYear":"2013","assetId":"796553","subcategory":"Housing","detail":"https://classic.savi.org/SAVI/PopUps/AssetMoreInfo.aspx?AssetID=796553"}},{"type":"Feature","geometry":{"type":"Point","coordinates":[-86.52401429,39.75949192]},"properties":{"name":"CENTER TOWNSHIP TRUSTEE HENDRICKS COUNTY","assetType":"Mortgage Payment Assistance","dataYear":"2013","assetId":"796583","subcategory":"Housing","detail":"https://classic.savi.org/SAVI/PopUps/AssetMoreInfo.aspx?AssetID=796583"}},{"type":"Feature","geometry":{"type":"Point","coordinates":[-86.14293475,39.77902733]},"properties":{"name":"CENTER TOWNSHIP TRUSTEE MARION COUNTY","assetType":"Mortgage Payment Assistance","dataYear":"2013","assetId":"796589","subcategory":"Housing","detail":"https://classic.savi.org/SAVI/PopUps/AssetMoreInfo.aspx?AssetID=796589"}},{"type":"Feature","geometry":{"type":"Point","coordinates":[-86.20116114,39.77472935]},"properties":{"name":"CHRISTAMORE HOUSE FAMILY AND COMMUNITY CENTER","assetType":"Mortgage Payment Assistance","dataYear":"2013","assetId":"796887","subcategory":"Housing","detail":"https://classic.savi.org/SAVI/PopUps/AssetMoreInfo.aspx?AssetID=796887"}},{"type":"Feature","geometry":{"type":"Point","coordinates":[-86.37474051,39.61246128]},"properties":{"name":"CHURCHES IN MISSION","assetType":"Mortgage Payment Assistance","dataYear":"2013","assetId":"797017","subcategory":"Housing","detail":"https://classic.savi.org/SAVI/PopUps/AssetMoreInfo.aspx?AssetID=797017"}},{"type":"Feature","geometry":{"type":"Point","coordinates":[-85.98118728,39.60996796]},"properties":{"name":"CLARK TOWNSHIP TRUSTEE JOHNSON COUNTY","assetType":"Mortgage Payment Assistance","dataYear":"2013","assetId":"797071","subcategory":"Housing","detail":"https://classic.savi.org/SAVI/PopUps/AssetMoreInfo.aspx?AssetID=797071"}},{"type":"Feature","geometry":{"type":"Point","coordinates":[-86.35786889,39.51289195]},"properties":{"name":"CLAY TOWNSHIP TRUSTEE MORGAN COUNTY","assetType":"Mortgage Payment Assistance","dataYear":"2013","assetId":"797090","subcategory":"Housing","detail":"https://classic.savi.org/SAVI/PopUps/AssetMoreInfo.aspx?AssetID=797090"}},{"type":"Feature","geometry":{"type":"Point","coordinates":[-86.422171,40.120875]},"properties":{"name":"CLINTON TOWNSHIP TRUSTEE BOONE COUNTY","assetType":"Mortgage Payment Assistance","dataYear":"2013","assetId":"797102","subcategory":"Housing","detail":"https://classic.savi.org/SAVI/PopUps/AssetMoreInfo.aspx?AssetID=797102"}},{"type":"Feature","geometry":{"type":"Point","coordinates":[-86.012019,39.826185]},"properties":{"name":"COMMUNITY ALLIANCE OF THE FAR EASTSIDE CAFE","assetType":"Mortgage Payment Assistance","dataYear":"2013","assetId":"798085","subcategory":"Housing","detail":"https://classic.savi.org/SAVI/PopUps/AssetMoreInfo.aspx?AssetID=798085"}},{"type":"Feature","geometry":{"type":"Point","coordinates":[-86.15972012,39.75007371]},"properties":{"name":"CONCORD NEIGHBORHOOD CENTER","assetType":"Mortgage Payment Assistance","dataYear":"2013","assetId":"797319","subcategory":"Housing","detail":"https://classic.savi.org/SAVI/PopUps/AssetMoreInfo.aspx?AssetID=797319"}},{"type":"Feature","geometry":{"type":"Point","coordinates":[-86.26946745,39.68577841]},"properties":{"name":"DECATUR TOWNSHIP TRUSTEE MARION COUNTY","assetType":"Mortgage Payment Assistance","dataYear":"2013","assetId":"797600","subcategory":"Housing","detail":"https://classic.savi.org/SAVI/PopUps/AssetMoreInfo.aspx?AssetID=797600"}},{"type":"Feature","geometry":{"type":"Point","coordinates":[-86.00867721,39.97892835]},"properties":{"name":"DELAWARE TOWNSHIP TRUSTEE HAMILTON COUNTY","assetType":"Mortgage Payment Assistance","dataYear":"2013","assetId":"797616","subcategory":"Housing","detail":"https://classic.savi.org/SAVI/PopUps/AssetMoreInfo.aspx?AssetID=797616"}},{"type":"Feature","geometry":{"type":"Point","coordinates":[-86.64382177,39.85990309]},"properties":{"name":"EEL RIVER TOWNSHIP TRUSTEE HENDRICKS COUNTY","assetType":"Mortgage Payment Assistance","dataYear":"2013","assetId":"797664","subcategory":"Housing","detail":"https://classic.savi.org/SAVI/PopUps/AssetMoreInfo.aspx?AssetID=797664"}},{"type":"Feature","geometry":{"type":"Point","coordinates":[-85.9424025,39.9573986]},"properties":{"name":"FALL CREEK TOWNSHIP TRUSTEE HAMILTON COUNTY","assetType":"Mortgage Payment Assistance","dataYear":"2013","assetId":"797696","subcategory":"Housing","detail":"https://classic.savi.org/SAVI/PopUps/AssetMoreInfo.aspx?AssetID=797696"}},{"type":"Feature","geometry":{"type":"Point","coordinates":[-86.17025519,39.80154437]},"properties":{"name":"FLANNER HOUSE OF INDIANAPOLIS","assetType":"Mortgage Payment Assistance","dataYear":"2013","assetId":"797819","subcategory":"Housing","detail":"https://classic.savi.org/SAVI/PopUps/AssetMoreInfo.aspx?AssetID=797819"}},{"type":"Feature","geometry":{"type":"Point","coordinates":[-86.07238647,39.82533163]},"properties":{"name":"FOREST MANOR MULTI-SERVICE CENTER","assetType":"Mortgage Payment Assistance","dataYear":"2013","assetId":"797838","subcategory":"Housing","detail":"https://classic.savi.org/SAVI/PopUps/AssetMoreInfo.aspx?AssetID=797838"}},{"type":"Feature","geometry":{"type":"Point","coordinates":[-86.59352029,39.62977926]},"properties":{"name":"FRANKLIN TOWNSHIP TRUSTEE HENDRICKS COUNTY","assetType":"Mortgage Payment Assistance","dataYear":"2013","assetId":"797884","subcategory":"Housing","detail":"https://classic.savi.org/SAVI/PopUps/AssetMoreInfo.aspx?AssetID=797884"}},{"type":"Feature","geometry":{"type":"Point","coordinates":[-86.05752986,39.48056412]},"properties":{"name":"FRANKLIN TOWNSHIP TRUSTEE JOHNSON COUNTY","assetType":"Mortgage Payment Assistance","dataYear":"2013","assetId":"797893","subcategory":"Housing","detail":"https://classic.savi.org/SAVI/PopUps/AssetMoreInfo.aspx?AssetID=797893"}},{"type":"Feature","geometry":{"type":"Point","coordinates":[-86.06336488,39.67762028]},"properties":{"name":"FRANKLIN TOWNSHIP TRUSTEE MARION COUNTY","assetType":"Mortgage Payment Assistance","dataYear":"2013","assetId":"797902","subcategory":"Housing","detail":"https://classic.savi.org/SAVI/PopUps/AssetMoreInfo.aspx?AssetID=797902"}},{"type":"Feature","geometry":{"type":"Point","coordinates":[-85.7271411,39.90147378]},"properties":{"name":"GREEN TOWNSHIP TRUSTEE HANCOCK COUNTY","assetType":"Mortgage Payment Assistance","dataYear":"2013","assetId":"798028","subcategory":"Housing","detail":"https://classic.savi.org/SAVI/PopUps/AssetMoreInfo.aspx?AssetID=798028"}},{"type":"Feature","geometry":{"type":"Point","coordinates":[-86.33847559,39.45185527]},"properties":{"name":"GREEN TOWNSHIP TRUSTEE MORGAN COUNTY","assetType":"Mortgage Payment Assistance","dataYear":"2013","assetId":"798051","subcategory":"Housing","detail":"https://classic.savi.org/SAVI/PopUps/AssetMoreInfo.aspx?AssetID=798051"}},{"type":"Feature","geometry":{"type":"Point","coordinates":[-86.535997,39.545187]},"properties":{"name":"GREGG TOWNSHIP TRUSTEE MORGAN COUNTY","assetType":"Mortgage Payment Assistance","dataYear":"2013","assetId":"798124","subcategory":"Housing","detail":"https://classic.savi.org/SAVI/PopUps/AssetMoreInfo.aspx?AssetID=798124"}},{"type":"Feature","geometry":{"type":"Point","coordinates":[-86.38976002,39.683279]},"properties":{"name":"GUILFORD TOWNSHIP TRUSTEE HENDRICKS COUNTY","assetType":"Mortgage Payment Assistance","dataYear":"2013","assetId":"798130","subcategory":"Housing","detail":"https://classic.savi.org/SAVI/PopUps/AssetMoreInfo.aspx?AssetID=798130"}},{"type":"Feature","geometry":{"type":"Point","coordinates":[-85.719536,39.650565]},"properties":{"name":"HANOVER TOWNSHIP TRUSTEE SHELBY COUNTY","assetType":"Mortgage Payment Assistance","dataYear":"2013","assetId":"798229","subcategory":"Housing","detail":"https://classic.savi.org/SAVI/PopUps/AssetMoreInfo.aspx?AssetID=798229"}},{"type":"Feature","geometry":{"type":"Point","coordinates":[-86.51195108,39.96128264]},"properties":{"name":"HARRISON TOWNSHIP TRUSTEE BOONE COUNTY","assetType":"Mortgage Payment Assistance","dataYear":"2013","assetId":"798250","subcategory":"Housing","detail":"https://classic.savi.org/SAVI/PopUps/AssetMoreInfo.aspx?AssetID=798250"}},{"type":"Feature","geometry":{"type":"Point","coordinates":[-86.25833259,39.55554754]},"properties":{"name":"HARRISON TOWNSHIP TRUSTEE MORGAN COUNTY","assetType":"Mortgage Payment Assistance","dataYear":"2013","assetId":"798258","subcategory":"Housing","detail":"https://classic.savi.org/SAVI/PopUps/AssetMoreInfo.aspx?AssetID=798258"}},{"type":"Feature","geometry":{"type":"Point","coordinates":[-86.20159956,39.76658832]},"properties":{"name":"HAWTHORNE COMMUNITY CENTER - CENTER FOR WORKING FAMILIES","assetType":"Mortgage Payment Assistance","dataYear":"2013","assetId":"798267","subcategory":"Housing","detail":"https://classic.savi.org/SAVI/PopUps/AssetMoreInfo.aspx?AssetID=798267"}},{"type":"Feature","geometry":{"type":"Point","coordinates":[-85.93888158,39.4364929]},"properties":{"name":"HENDRICKS TOWNSHIP TRUSTEE SHELBY COUNTY","assetType":"Mortgage Payment Assistance","dataYear":"2013","assetId":"798341","subcategory":"Housing","detail":"https://classic.savi.org/SAVI/PopUps/AssetMoreInfo.aspx?AssetID=798341"}},{"type":"Feature","geometry":{"type":"Point","coordinates":[-86.21848462,39.39530567]},"properties":{"name":"HENSLEY TOWNSHIP TRUSTEE JOHNSON COUNTY","assetType":"Mortgage Payment Assistance","dataYear":"2013","assetId":"798351","subcategory":"Housing","detail":"https://classic.savi.org/SAVI/PopUps/AssetMoreInfo.aspx?AssetID=798351"}},{"type":"Feature","geometry":{"type":"Point","coordinates":[-86.58397634,39.99569136]},"properties":{"name":"JACKSON TOWNSHIP TRUSTEE BOONE COUNTY","assetType":"Mortgage Payment Assistance","dataYear":"2013","assetId":"798544","subcategory":"Housing","detail":"https://classic.savi.org/SAVI/PopUps/AssetMoreInfo.aspx?AssetID=798544"}},{"type":"Feature","geometry":{"type":"Point","coordinates":[-86.02772211,40.17588898]},"properties":{"name":"JACKSON TOWNSHIP TRUSTEE HAMILTON COUNTY","assetType":"Mortgage Payment Assistance","dataYear":"2013","assetId":"798584","subcategory":"Housing","detail":"https://classic.savi.org/SAVI/PopUps/AssetMoreInfo.aspx?AssetID=798584"}},{"type":"Feature","geometry":{"type":"Point","coordinates":[-85.60146571,39.81553224]},"properties":{"name":"JACKSON TOWNSHIP TRUSTEE HANCOCK COUNTY","assetType":"Mortgage Payment Assistance","dataYear":"2013","assetId":"798601","subcategory":"Housing","detail":"https://classic.savi.org/SAVI/PopUps/AssetMoreInfo.aspx?AssetID=798601"}},{"type":"Feature","geometry":{"type":"Point","coordinates":[-86.39250344,39.37427782]},"properties":{"name":"JACKSON TOWNSHIP TRUSTEE MORGAN COUNTY","assetType":"Mortgage Payment Assistance","dataYear":"2013","assetId":"798645","subcategory":"Housing","detail":"https://classic.savi.org/SAVI/PopUps/AssetMoreInfo.aspx?AssetID=798645"}},{"type":"Feature","geometry":{"type":"Point","coordinates":[-85.89331497,39.42675853]},"properties":{"name":"JACKSON TOWNSHIP TRUSTEE SHELBY COUNTY","assetType":"Mortgage Payment Assistance","dataYear":"2013","assetId":"798692","subcategory":"Housing","detail":"https://classic.savi.org/SAVI/PopUps/AssetMoreInfo.aspx?AssetID=798692"}},{"type":"Feature","geometry":{"type":"Point","coordinates":[-86.58433319,40.0320336]},"properties":{"name":"JEFFERSON TOWNSHIP TRUSTEE BOONE COUNTY","assetType":"Mortgage Payment Assistance","dataYear":"2013","assetId":"798750","subcategory":"Housing","detail":"https://classic.savi.org/SAVI/PopUps/AssetMoreInfo.aspx?AssetID=798750"}},{"type":"Feature","geometry":{"type":"Point","coordinates":[-86.47213832,39.42546588]},"properties":{"name":"JEFFERSON TOWNSHIP TRUSTEE MORGAN COUNTY","assetType":"Mortgage Payment Assistance","dataYear":"2013","assetId":"798774","subcategory":"Housing","detail":"https://classic.savi.org/SAVI/PopUps/AssetMoreInfo.aspx?AssetID=798774"}},{"type":"Feature","geometry":{"type":"Point","coordinates":[-86.1471,39.790153]},"properties":{"name":"KENNEDY KING PARK CENTER","assetType":"Mortgage Payment Assistance","dataYear":"2013","assetId":"799345","subcategory":"Housing","detail":"https://classic.savi.org/SAVI/PopUps/AssetMoreInfo.aspx?AssetID=799345"}},{"type":"Feature","geometry":{"type":"Point","coordinates":[-86.02486637,39.83863629]},"properties":{"name":"LAWRENCE TOWNSHIP TRUSTEE MARION COUNTY","assetType":"Mortgage Payment Assistance","dataYear":"2013","assetId":"796625","subcategory":"Housing","detail":"https://classic.savi.org/SAVI/PopUps/AssetMoreInfo.aspx?AssetID=796625"}},{"type":"Feature","geometry":{"type":"Point","coordinates":[-86.52418579,39.61551112]},"properties":{"name":"LIBERTY TOWNSHIP TRUSTEE HENDRICKS COUNTY","assetType":"Mortgage Payment Assistance","dataYear":"2013","assetId":"796855","subcategory":"Housing","detail":"https://classic.savi.org/SAVI/PopUps/AssetMoreInfo.aspx?AssetID=796855"}},{"type":"Feature","geometry":{"type":"Point","coordinates":[-85.63551833,39.48273099]},"properties":{"name":"LIBERTY TOWNSHIP TRUSTEE SHELBY COUNTY","assetType":"Mortgage Payment Assistance","dataYear":"2013","assetId":"796867","subcategory":"Housing","detail":"https://classic.savi.org/SAVI/PopUps/AssetMoreInfo.aspx?AssetID=796867"}},{"type":"Feature","geometry":{"type":"Point","coordinates":[-86.39715243,39.84297932]},"properties":{"name":"LINCOLN TOWNSHIP TRUSTEE HENDRICKS COUNTY","assetType":"Mortgage Payment Assistance","dataYear":"2013","assetId":"796918","subcategory":"Housing","detail":"https://classic.savi.org/SAVI/PopUps/AssetMoreInfo.aspx?AssetID=796918"}},{"type":"Feature","geometry":{"type":"Point","coordinates":[-86.29015037,39.61819579]},"properties":{"name":"MADISON TOWNSHIP TRUSTEE MORGAN COUNTY","assetType":"Mortgage Payment Assistance","dataYear":"2013","assetId":"797055","subcategory":"Housing","detail":"https://classic.savi.org/SAVI/PopUps/AssetMoreInfo.aspx?AssetID=797055"}},{"type":"Feature","geometry":{"type":"Point","coordinates":[-86.242014,40.129251]},"properties":{"name":"MARION TOWNSHIP TRUSTEE BOONE COUNTY","assetType":"Mortgage Payment Assistance","dataYear":"2013","assetId":"797432","subcategory":"Housing","detail":"https://classic.savi.org/SAVI/PopUps/AssetMoreInfo.aspx?AssetID=797432"}},{"type":"Feature","geometry":{"type":"Point","coordinates":[-86.65083933,39.75981302]},"properties":{"name":"MARION TOWNSHIP TRUSTEE HENDRICKS COUNTY","assetType":"Mortgage Payment Assistance","dataYear":"2013","assetId":"797443","subcategory":"Housing","detail":"https://classic.savi.org/SAVI/PopUps/AssetMoreInfo.aspx?AssetID=797443"}},{"type":"Feature","geometry":{"type":"Point","coordinates":[-85.77240893,39.60226271]},"properties":{"name":"MARION TOWNSHIP TRUSTEE SHELBY COUNTY","assetType":"Mortgage Payment Assistance","dataYear":"2013","assetId":"797450","subcategory":"Housing","detail":"https://classic.savi.org/SAVI/PopUps/AssetMoreInfo.aspx?AssetID=797450"}},{"type":"Feature","geometry":{"type":"Point","coordinates":[-86.15783743,39.82855386]},"properties":{"name":"MARTIN LUTHER KING COMMUNITY CENTER","assetType":"Mortgage Payment Assistance","dataYear":"2013","assetId":"797516","subcategory":"Housing","detail":"https://classic.savi.org/SAVI/PopUps/AssetMoreInfo.aspx?AssetID=797516"}},{"type":"Feature","geometry":{"type":"Point","coordinates":[-86.14463267,40.00023183]},"properties":{"name":"MERCIFUL HELP CENTER","assetType":"Mortgage Payment Assistance","dataYear":"2013","assetId":"796658","subcategory":"Housing","detail":"https://classic.savi.org/SAVI/PopUps/AssetMoreInfo.aspx?AssetID=796658"}},{"type":"Feature","geometry":{"type":"Point","coordinates":[-86.4588092,39.86087511]},"properties":{"name":"MIDDLE TOWNSHIP TRUSTEE HENDRICKS COUNTY","assetType":"Mortgage Payment Assistance","dataYear":"2013","assetId":"797850","subcategory":"Housing","detail":"https://classic.savi.org/SAVI/PopUps/AssetMoreInfo.aspx?AssetID=797850"}},{"type":"Feature","geometry":{"type":"Point","coordinates":[-86.54282663,39.57184994]},"properties":{"name":"MONROE TOWNSHIP TRUSTEE MORGAN COUNTY","assetType":"Mortgage Payment Assistance","dataYear":"2013","assetId":"797883","subcategory":"Housing","detail":"https://classic.savi.org/SAVI/PopUps/AssetMoreInfo.aspx?AssetID=797883"}},{"type":"Feature","geometry":{"type":"Point","coordinates":[-85.92421093,39.6141867]},"properties":{"name":"MORAL TOWNSHIP TRUSTEE SHELBY COUNTY","assetType":"Mortgage Payment Assistance","dataYear":"2013","assetId":"797927","subcategory":"Housing","detail":"https://classic.savi.org/SAVI/PopUps/AssetMoreInfo.aspx?AssetID=797927"}},{"type":"Feature","geometry":{"type":"Point","coordinates":[-86.03842408,39.48217952]},"properties":{"name":"NEEDHAM TOWNSHIP TRUSTEE JOHNSON COUNTY","assetType":"Mortgage Payment Assistance","dataYear":"2013","assetId":"798308","subcategory":"Housing","detail":"https://classic.savi.org/SAVI/PopUps/AssetMoreInfo.aspx?AssetID=798308"}},{"type":"Feature","geometry":{"type":"Point","coordinates":[-86.10775671,39.351489]},"properties":{"name":"NINEVEH TOWNSHIP TRUSTEE JOHNSON COUNTY","assetType":"Mortgage Payment Assistance","dataYear":"2013","assetId":"798369","subcategory":"Housing","detail":"https://classic.savi.org/SAVI/PopUps/AssetMoreInfo.aspx?AssetID=798369"}},{"type":"Feature","geometry":{"type":"Point","coordinates":[-86.0141877,40.04241304]},"properties":{"name":"NOBLESVILLE TOWNSHIP TRUSTEE HAMILTON COUNTY","assetType":"Mortgage Payment Assistance","dataYear":"2013","assetId":"798465","subcategory":"Housing","detail":"https://classic.savi.org/SAVI/PopUps/AssetMoreInfo.aspx?AssetID=798465"}},{"type":"Feature","geometry":{"type":"Point","coordinates":[-86.42252811,39.96704785]},"properties":{"name":"PERRY TOWNSHIP TRUSTEE BOONE COUNTY","assetType":"Mortgage Payment Assistance","dataYear":"2013","assetId":"798558","subcategory":"Housing","detail":"https://classic.savi.org/SAVI/PopUps/AssetMoreInfo.aspx?AssetID=798558"}},{"type":"Feature","geometry":{"type":"Point","coordinates":[-86.13914969,39.69439952]},"properties":{"name":"PERRY TOWNSHIP TRUSTEE MARION COUNTY","assetType":"Mortgage Payment Assistance","dataYear":"2013","assetId":"798574","subcategory":"Housing","detail":"https://classic.savi.org/SAVI/PopUps/AssetMoreInfo.aspx?AssetID=798574"}},{"type":"Feature","geometry":{"type":"Point","coordinates":[-86.26474027,39.8546241]},"properties":{"name":"PIKE TOWNSHIP TRUSTEE MARION COUNTY","assetType":"Mortgage Payment Assistance","dataYear":"2013","assetId":"798598","subcategory":"Housing","detail":"https://classic.savi.org/SAVI/PopUps/AssetMoreInfo.aspx?AssetID=798598"}},{"type":"Feature","geometry":{"type":"Point","coordinates":[-86.07893138,39.55153431]},"properties":{"name":"PLEASANT TOWNSHIP TRUSTEE JOHNSON COUNTY","assetType":"Mortgage Payment Assistance","dataYear":"2013","assetId":"798621","subcategory":"Housing","detail":"https://classic.savi.org/SAVI/PopUps/AssetMoreInfo.aspx?AssetID=798621"}},{"type":"Feature","geometry":{"type":"Point","coordinates":[-86.13964682,39.74928895]},"properties":{"name":"SALVATION ARMY FOUNTAIN SQUARE CORPS","assetType":"Mortgage Payment Assistance","dataYear":"2013","assetId":"797146","subcategory":"Housing","detail":"https://classic.savi.org/SAVI/PopUps/AssetMoreInfo.aspx?AssetID=797146"}},{"type":"Feature","geometry":{"type":"Point","coordinates":[-86.11042214,39.61216202]},"properties":{"name":"SALVATION ARMY JOHNSON COUNTY CORPS","assetType":"Mortgage Payment Assistance","dataYear":"2013","assetId":"798106","subcategory":"Housing","detail":"https://classic.savi.org/SAVI/PopUps/AssetMoreInfo.aspx?AssetID=798106"}},{"type":"Feature","geometry":{"type":"Point","coordinates":[-85.73170437,39.45834988]},"properties":{"name":"SHELBY TOWNSHIP TRUSTEE SHELBY COUNTY","assetType":"Mortgage Payment Assistance","dataYear":"2013","assetId":"798853","subcategory":"Housing","detail":"https://classic.savi.org/SAVI/PopUps/AssetMoreInfo.aspx?AssetID=798853"}},{"type":"Feature","geometry":{"type":"Point","coordinates":[-86.13967331,39.75479745]},"properties":{"name":"SOUTHEAST COMMUNITY SERVICES","assetType":"Mortgage Payment Assistance","dataYear":"2013","assetId":"798878","subcategory":"Housing","detail":"https://classic.savi.org/SAVI/PopUps/AssetMoreInfo.aspx?AssetID=798878"}},{"type":"Feature","geometry":{"type":"Point","coordinates":[-86.60974926,40.12930842]},"properties":{"name":"SUGAR CREEK TOWNSHIP TRUSTEE BOONE COUNTY","assetType":"Mortgage Payment Assistance","dataYear":"2013","assetId":"799063","subcategory":"Housing","detail":"https://classic.savi.org/SAVI/PopUps/AssetMoreInfo.aspx?AssetID=799063"}},{"type":"Feature","geometry":{"type":"Point","coordinates":[-85.91373605,39.73217216]},"properties":{"name":"SUGAR CREEK TOWNSHIP TRUSTEE HANCOCK COUNTY","assetType":"Mortgage Payment Assistance","dataYear":"2013","assetId":"799071","subcategory":"Housing","detail":"https://classic.savi.org/SAVI/PopUps/AssetMoreInfo.aspx?AssetID=799071"}},{"type":"Feature","geometry":{"type":"Point","coordinates":[-85.92929828,39.55402998]},"properties":{"name":"SUGAR CREEK TOWNSHIP TRUSTEE SHELBY COUNTY","assetType":"Mortgage Payment Assistance","dataYear":"2013","assetId":"799080","subcategory":"Housing","detail":"https://classic.savi.org/SAVI/PopUps/AssetMoreInfo.aspx?AssetID=799080"}},{"type":"Feature","geometry":{"type":"Point","coordinates":[-86.54339485,39.88375791]},"properties":{"name":"UNION TOWNSHIP TRUSTEE HENDRICKS COUNTY","assetType":"Mortgage Payment Assistance","dataYear":"2013","assetId":"799168","subcategory":"Housing","detail":"https://classic.savi.org/SAVI/PopUps/AssetMoreInfo.aspx?AssetID=799168"}},{"type":"Feature","geometry":{"type":"Point","coordinates":[-86.21101385,39.50305695]},"properties":{"name":"UNION TOWNSHIP TRUSTEE JOHNSON COUNTY","assetType":"Mortgage Payment Assistance","dataYear":"2013","assetId":"799176","subcategory":"Housing","detail":"https://classic.savi.org/SAVI/PopUps/AssetMoreInfo.aspx?AssetID=799176"}},{"type":"Feature","geometry":{"type":"Point","coordinates":[-85.65318151,39.59887629]},"properties":{"name":"UNION TOWNSHIP TRUSTEE SHELBY COUNTY","assetType":"Mortgage Payment Assistance","dataYear":"2013","assetId":"799186","subcategory":"Housing","detail":"https://classic.savi.org/SAVI/PopUps/AssetMoreInfo.aspx?AssetID=799186"}},{"type":"Feature","geometry":{"type":"Point","coordinates":[-85.79307908,39.62908856]},"properties":{"name":"VAN BUREN TOWNSHIP TRUSTEE SHELBY COUNTY","assetType":"Mortgage Payment Assistance","dataYear":"2013","assetId":"796352","subcategory":"Housing","detail":"https://classic.savi.org/SAVI/PopUps/AssetMoreInfo.aspx?AssetID=796352"}},{"type":"Feature","geometry":{"type":"Point","coordinates":[-85.84993862,39.93404183]},"properties":{"name":"VERNON TOWNSHIP TRUSTEE HANCOCK COUNTY","assetType":"Mortgage Payment Assistance","dataYear":"2013","assetId":"796362","subcategory":"Housing","detail":"https://classic.savi.org/SAVI/PopUps/AssetMoreInfo.aspx?AssetID=796362"}},{"type":"Feature","geometry":{"type":"Point","coordinates":[-86.00914518,39.77838009]},"properties":{"name":"WARREN TOWNSHIP TRUSTEE MARION COUNTY","assetType":"Mortgage Payment Assistance","dataYear":"2013","assetId":"796396","subcategory":"Housing","detail":"https://classic.savi.org/SAVI/PopUps/AssetMoreInfo.aspx?AssetID=796396"}},{"type":"Feature","geometry":{"type":"Point","coordinates":[-86.56380306,40.13394966]},"properties":{"name":"WASHINGTON TOWNSHIP TRUSTEE BOONE COUNTY","assetType":"Mortgage Payment Assistance","dataYear":"2013","assetId":"796420","subcategory":"Housing","detail":"https://classic.savi.org/SAVI/PopUps/AssetMoreInfo.aspx?AssetID=796420"}},{"type":"Feature","geometry":{"type":"Point","coordinates":[-86.13021346,40.00577899]},"properties":{"name":"WASHINGTON TOWNSHIP TRUSTEE HAMILTON COUNTY","assetType":"Mortgage Payment Assistance","dataYear":"2013","assetId":"796421","subcategory":"Housing","detail":"https://classic.savi.org/SAVI/PopUps/AssetMoreInfo.aspx?AssetID=796421"}},{"type":"Feature","geometry":{"type":"Point","coordinates":[-86.38738301,39.75881776]},"properties":{"name":"WASHINGTON TOWNSHIP TRUSTEE HENDRICKS COUNTY","assetType":"Mortgage Payment Assistance","dataYear":"2013","assetId":"796430","subcategory":"Housing","detail":"https://classic.savi.org/SAVI/PopUps/AssetMoreInfo.aspx?AssetID=796430"}},{"type":"Feature","geometry":{"type":"Point","coordinates":[-86.12227605,39.84976962]},"properties":{"name":"WASHINGTON TOWNSHIP TRUSTEE MARION COUNTY","assetType":"Mortgage Payment Assistance","dataYear":"2013","assetId":"796442","subcategory":"Housing","detail":"https://classic.savi.org/SAVI/PopUps/AssetMoreInfo.aspx?AssetID=796442"}},{"type":"Feature","geometry":{"type":"Point","coordinates":[-86.43052614,39.42775131]},"properties":{"name":"WASHINGTON TOWNSHIP TRUSTEE MORGAN COUNTY","assetType":"Mortgage Payment Assistance","dataYear":"2013","assetId":"796448","subcategory":"Housing","detail":"https://classic.savi.org/SAVI/PopUps/AssetMoreInfo.aspx?AssetID=796448"}},{"type":"Feature","geometry":{"type":"Point","coordinates":[-85.826928,39.40596547]},"properties":{"name":"WASHINGTON TOWNSHIP TRUSTEE SHELBY COUNTY","assetType":"Mortgage Payment Assistance","dataYear":"2013","assetId":"796457","subcategory":"Housing","detail":"https://classic.savi.org/SAVI/PopUps/AssetMoreInfo.aspx?AssetID=796457"}},{"type":"Feature","geometry":{"type":"Point","coordinates":[-85.90093607,40.07102618]},"properties":{"name":"WAYNE TOWNSHIP TRUSTEE HAMILTON COUNTY","assetType":"Mortgage Payment Assistance","dataYear":"2013","assetId":"796473","subcategory":"Housing","detail":"https://classic.savi.org/SAVI/PopUps/AssetMoreInfo.aspx?AssetID=796473"}},{"type":"Feature","geometry":{"type":"Point","coordinates":[-86.2525202,39.75202199]},"properties":{"name":"WAYNE TOWNSHIP TRUSTEE MARION COUNTY","assetType":"Mortgage Payment Assistance","dataYear":"2013","assetId":"796476","subcategory":"Housing","detail":"https://classic.savi.org/SAVI/PopUps/AssetMoreInfo.aspx?AssetID=796476"}},{"type":"Feature","geometry":{"type":"Point","coordinates":[-85.94212941,40.16174586]},"properties":{"name":"WHITE RIVER TOWNSHIP TRUSTEE HAMILTON COUNTY","assetType":"Mortgage Payment Assistance","dataYear":"2013","assetId":"796496","subcategory":"Housing","detail":"https://classic.savi.org/SAVI/PopUps/AssetMoreInfo.aspx?AssetID=796496"}},{"type":"Feature","geometry":{"type":"Point","coordinates":[-86.19676078,39.57233429]},"properties":{"name":"WHITE RIVER TOWNSHIP TRUSTEE JOHNSON COUNTY","assetType":"Mortgage Payment Assistance","dataYear":"2013","assetId":"796503","subcategory":"Housing","detail":"https://classic.savi.org/SAVI/PopUps/AssetMoreInfo.aspx?AssetID=796503"}},{"type":"Feature","geometry":{"type":"Point","coordinates":[-86.34606054,39.99702057]},"properties":{"name":"WORTH TOWNSHIP TRUSTEE BOONE COUNTY","assetType":"Mortgage Payment Assistance","dataYear":"2013","assetId":"796544","subcategory":"Housing","detail":"https://classic.savi.org/SAVI/PopUps/AssetMoreInfo.aspx?AssetID=796544"}},{"type":"Feature","geometry":{"type":"Point","coordinates":[-86.27429831,39.95004803]},"properties":{"name":"ZIONSVILLE PUBLIC ASSISTANCE OFFICE","assetType":"Mortgage Payment Assistance","dataYear":"2013","assetId":"799298","subcategory":"Housing","detail":"https://classic.savi.org/SAVI/PopUps/AssetMoreInfo.aspx?AssetID=799298"}},{"type":"Feature","geometry":{"type":"Point","coordinates":[-86.22043078,40.1369393]},"properties":{"name":"ADAMS TOWNSHIP TRUSTEE HAMILTON COUNTY","assetType":"Rent Payment Assistance","dataYear":"2018","assetId":"918478","subcategory":"Housing","detail":"https://classic.savi.org/SAVI/PopUps/AssetMoreInfo.aspx?AssetID=918478"}},{"type":"Feature","geometry":{"type":"Point","coordinates":[-85.65404433,39.99248624]},"properties":{"name":"ADAMS TOWNSHIP TRUSTEE MADISON COUNTY","assetType":"Rent Payment Assistance","dataYear":"2018","assetId":"920684","subcategory":"Housing","detail":"https://classic.savi.org/SAVI/PopUps/AssetMoreInfo.aspx?AssetID=920684"}},{"type":"Feature","geometry":{"type":"Point","coordinates":[-86.58560197,39.52107037]},"properties":{"name":"ADAMS TOWNSHIP TRUSTEE MORGAN COUNTY","assetType":"Rent Payment Assistance","dataYear":"2018","assetId":"918255","subcategory":"Housing","detail":"https://classic.savi.org/SAVI/PopUps/AssetMoreInfo.aspx?AssetID=918255"}},{"type":"Feature","geometry":{"type":"Point","coordinates":[-85.774411,39.51964958]},"properties":{"name":"ADDISON TOWNSHIP TRUSTEE SHELBY COUNTY","assetType":"Rent Payment Assistance","dataYear":"2018","assetId":"920486","subcategory":"Housing","detail":"https://classic.savi.org/SAVI/PopUps/AssetMoreInfo.aspx?AssetID=920486"}},{"type":"Feature","geometry":{"type":"Point","coordinates":[-85.69186383,40.0876172]},"properties":{"name":"ANDERSON TOWNSHIP TRUSTEE MADISON COUNTY","assetType":"Rent Payment Assistance","dataYear":"2018","assetId":"920674","subcategory":"Housing","detail":"https://classic.savi.org/SAVI/PopUps/AssetMoreInfo.aspx?AssetID=920674"}},{"type":"Feature","geometry":{"type":"Point","coordinates":[-86.59015368,39.46594941]},"properties":{"name":"ASHLAND TOWNSHIP TRUSTEE MORGAN COUNTY","assetType":"Rent Payment Assistance","dataYear":"2018","assetId":"918257","subcategory":"Housing","detail":"https://classic.savi.org/SAVI/PopUps/AssetMoreInfo.aspx?AssetID=918257"}},{"type":"Feature","geometry":{"type":"Point","coordinates":[-86.53976457,39.36099715]},"properties":{"name":"BAKER TOWNSHIP TRUSTEE MORGAN COUNTY","assetType":"Rent Payment Assistance","dataYear":"2018","assetId":"917867","subcategory":"Housing","detail":"https://classic.savi.org/SAVI/PopUps/AssetMoreInfo.aspx?AssetID=917867"}},{"type":"Feature","geometry":{"type":"Point","coordinates":[-85.67692841,39.77189764]},"properties":{"name":"BLUE RIVER TOWNSHIP TRUSTEE HANCOCK COUNTY","assetType":"Rent Payment Assistance","dataYear":"2018","assetId":"922530","subcategory":"Housing","detail":"https://classic.savi.org/SAVI/PopUps/AssetMoreInfo.aspx?AssetID=922530"}},{"type":"Feature","geometry":{"type":"Point","coordinates":[-85.96678325,39.35439477]},"properties":{"name":"BLUE RIVER TOWNSHIP TRUSTEE JOHNSON COUNTY","assetType":"Rent Payment Assistance","dataYear":"2018","assetId":"922439","subcategory":"Housing","detail":"https://classic.savi.org/SAVI/PopUps/AssetMoreInfo.aspx?AssetID=922439"}},{"type":"Feature","geometry":{"type":"Point","coordinates":[-85.74290931,40.37568005]},"properties":{"name":"BOONE TOWNSHIP TRUSTEE MADISON COUNTY","assetType":"Rent Payment Assistance","dataYear":"2018","assetId":"920383","subcategory":"Housing","detail":"https://classic.savi.org/SAVI/PopUps/AssetMoreInfo.aspx?AssetID=920383"}},{"type":"Feature","geometry":{"type":"Point","coordinates":[-86.39294095,39.90907004]},"properties":{"name":"BROWN TOWNSHIP TRUSTEE HENDRICKS COUNTY","assetType":"Rent Payment Assistance","dataYear":"2018","assetId":"917942","subcategory":"Housing","detail":"https://classic.savi.org/SAVI/PopUps/AssetMoreInfo.aspx?AssetID=917942"}},{"type":"Feature","geometry":{"type":"Point","coordinates":[-86.36192889,39.6195823]},"properties":{"name":"BROWN TOWNSHIP TRUSTEE MORGAN COUNTY","assetType":"Rent Payment Assistance","dataYear":"2018","assetId":"918020","subcategory":"Housing","detail":"https://classic.savi.org/SAVI/PopUps/AssetMoreInfo.aspx?AssetID=918020"}},{"type":"Feature","geometry":{"type":"Point","coordinates":[-86.39744444,39.84408263]},"properties":{"name":"BROWNSBURG POLICE DEPARTMENT","assetType":"Rent Payment Assistance","dataYear":"2018","assetId":"922212","subcategory":"Housing","detail":"https://classic.savi.org/SAVI/PopUps/AssetMoreInfo.aspx?AssetID=922212"}},{"type":"Feature","geometry":{"type":"Point","coordinates":[-85.90476499,39.84593559]},"properties":{"name":"BUCK CREEK TOWNSHIP TRUSTEE HANCOCK COUNTY","assetType":"Rent Payment Assistance","dataYear":"2018","assetId":"917714","subcategory":"Housing","detail":"https://classic.savi.org/SAVI/PopUps/AssetMoreInfo.aspx?AssetID=917714"}},{"type":"Feature","geometry":{"type":"Point","coordinates":[-86.15913237,39.78656668]},"properties":{"name":"CATHOLIC CHARITIES CRISIS OFFICE","assetType":"Rent Payment Assistance","dataYear":"2018","assetId":"922602","subcategory":"Housing","detail":"https://classic.savi.org/SAVI/PopUps/AssetMoreInfo.aspx?AssetID=922602"}},{"type":"Feature","geometry":{"type":"Point","coordinates":[-86.47085009,40.05665059]},"properties":{"name":"CENTER TOWNSHIP TRUSTEE BOONE COUNTY","assetType":"Rent Payment Assistance","dataYear":"2018","assetId":"922494","subcategory":"Housing","detail":"https://classic.savi.org/SAVI/PopUps/AssetMoreInfo.aspx?AssetID=922494"}},{"type":"Feature","geometry":{"type":"Point","coordinates":[-85.77210611,39.80356082]},"properties":{"name":"CENTER TOWNSHIP TRUSTEE HANCOCK COUNTY","assetType":"Rent Payment Assistance","dataYear":"2018","assetId":"922476","subcategory":"Housing","detail":"https://classic.savi.org/SAVI/PopUps/AssetMoreInfo.aspx?AssetID=922476"}},{"type":"Feature","geometry":{"type":"Point","coordinates":[-86.52411116,39.75972715]},"properties":{"name":"CENTER TOWNSHIP TRUSTEE HENDRICKS COUNTY","assetType":"Rent Payment Assistance","dataYear":"2018","assetId":"922426","subcategory":"Housing","detail":"https://classic.savi.org/SAVI/PopUps/AssetMoreInfo.aspx?AssetID=922426"}},{"type":"Feature","geometry":{"type":"Point","coordinates":[-86.14313087,39.7788428]},"properties":{"name":"CENTER TOWNSHIP TRUSTEE MARION COUNTY","assetType":"Rent Payment Assistance","dataYear":"2018","assetId":"922356","subcategory":"Housing","detail":"https://classic.savi.org/SAVI/PopUps/AssetMoreInfo.aspx?AssetID=922356"}},{"type":"Feature","geometry":{"type":"Point","coordinates":[-86.15725157,39.7687778]},"properties":{"name":"CHRIST CHURCH CATHEDRAL","assetType":"Rent Payment Assistance","dataYear":"2018","assetId":"922225","subcategory":"Housing","detail":"https://classic.savi.org/SAVI/PopUps/AssetMoreInfo.aspx?AssetID=922225"}},{"type":"Feature","geometry":{"type":"Point","coordinates":[-86.37452847,39.61209216]},"properties":{"name":"CHURCHES IN MISSION","assetType":"Rent Payment Assistance","dataYear":"2018","assetId":"921976","subcategory":"Housing","detail":"https://classic.savi.org/SAVI/PopUps/AssetMoreInfo.aspx?AssetID=921976"}},{"type":"Feature","geometry":{"type":"Point","coordinates":[-86.42953447,39.42907823]},"properties":{"name":"CHURCHES IN MISSION - MARTINSVILLE","assetType":"Rent Payment Assistance","dataYear":"2018","assetId":"921674","subcategory":"Housing","detail":"https://classic.savi.org/SAVI/PopUps/AssetMoreInfo.aspx?AssetID=921674"}},{"type":"Feature","geometry":{"type":"Point","coordinates":[-85.98146777,39.61091717]},"properties":{"name":"CLARK TOWNSHIP TRUSTEE JOHNSON COUNTY","assetType":"Rent Payment Assistance","dataYear":"2018","assetId":"921803","subcategory":"Housing","detail":"https://classic.savi.org/SAVI/PopUps/AssetMoreInfo.aspx?AssetID=921803"}},{"type":"Feature","geometry":{"type":"Point","coordinates":[-86.14561577,39.94343504]},"properties":{"name":"CLAY TOWNSHIP TRUSTEE HAMILTON COUNTY","assetType":"Rent Payment Assistance","dataYear":"2018","assetId":"921791","subcategory":"Housing","detail":"https://classic.savi.org/SAVI/PopUps/AssetMoreInfo.aspx?AssetID=921791"}},{"type":"Feature","geometry":{"type":"Point","coordinates":[-86.3590723,39.51288294]},"properties":{"name":"CLAY TOWNSHIP TRUSTEE MORGAN COUNTY","assetType":"Rent Payment Assistance","dataYear":"2018","assetId":"921635","subcategory":"Housing","detail":"https://classic.savi.org/SAVI/PopUps/AssetMoreInfo.aspx?AssetID=921635"}},{"type":"Feature","geometry":{"type":"Point","coordinates":[-86.42274444,40.12257272]},"properties":{"name":"CLINTON TOWNSHIP TRUSTEE BOONE COUNTY","assetType":"Rent Payment Assistance","dataYear":"2018","assetId":"921724","subcategory":"Housing","detail":"https://classic.savi.org/SAVI/PopUps/AssetMoreInfo.aspx?AssetID=921724"}},{"type":"Feature","geometry":{"type":"Point","coordinates":[-86.95747213,39.73385877]},"properties":{"name":"CLINTON TOWNSHIP TRUSTEE PUTNAM COUNTY","assetType":"Rent Payment Assistance","dataYear":"2018","assetId":"921104","subcategory":"Housing","detail":"https://classic.savi.org/SAVI/PopUps/AssetMoreInfo.aspx?AssetID=921104"}},{"type":"Feature","geometry":{"type":"Point","coordinates":[-86.79275698,39.51380749]},"properties":{"name":"CLOVERDALE TOWNSHIP TRUSTEE PUTNAM COUNTY","assetType":"Rent Payment Assistance","dataYear":"2018","assetId":"920927","subcategory":"Housing","detail":"https://classic.savi.org/SAVI/PopUps/AssetMoreInfo.aspx?AssetID=920927"}},{"type":"Feature","geometry":{"type":"Point","coordinates":[-86.01170847,39.82746745]},"properties":{"name":"COMMUNITY ALLIANCE OF THE FAR EASTSIDE CAF","assetType":"Rent Payment Assistance","dataYear":"2018","assetId":"918720","subcategory":"Housing","detail":"https://classic.savi.org/SAVI/PopUps/AssetMoreInfo.aspx?AssetID=918720"}},{"type":"Feature","geometry":{"type":"Point","coordinates":[-86.15969846,39.75008158]},"properties":{"name":"CONCORD NEIGHBORHOOD CENTER","assetType":"Rent Payment Assistance","dataYear":"2018","assetId":"921199","subcategory":"Housing","detail":"https://classic.savi.org/SAVI/PopUps/AssetMoreInfo.aspx?AssetID=921199"}},{"type":"Feature","geometry":{"type":"Point","coordinates":[-86.27005454,39.68567771]},"properties":{"name":"DECATUR TOWNSHIP TRUSTEE MARION COUNTY","assetType":"Rent Payment Assistance","dataYear":"2018","assetId":"919772","subcategory":"Housing","detail":"https://classic.savi.org/SAVI/PopUps/AssetMoreInfo.aspx?AssetID=919772"}},{"type":"Feature","geometry":{"type":"Point","coordinates":[-86.00936241,39.97911534]},"properties":{"name":"DELAWARE TOWNSHIP TRUSTEE HAMILTON COUNTY","assetType":"Rent Payment Assistance","dataYear":"2018","assetId":"919666","subcategory":"Housing","detail":"https://classic.savi.org/SAVI/PopUps/AssetMoreInfo.aspx?AssetID=919666"}},{"type":"Feature","geometry":{"type":"Point","coordinates":[-85.81359755,40.30680295]},"properties":{"name":"DUCK CREEK TOWNSHIP TRUSTEE MADISON COUNTY","assetType":"Rent Payment Assistance","dataYear":"2018","assetId":"920457","subcategory":"Housing","detail":"https://classic.savi.org/SAVI/PopUps/AssetMoreInfo.aspx?AssetID=920457"}},{"type":"Feature","geometry":{"type":"Point","coordinates":[-86.60917955,39.85579118]},"properties":{"name":"EEL RIVER TOWNSHIP TRUSTEE HENDRICKS COUNTY","assetType":"Rent Payment Assistance","dataYear":"2018","assetId":"919644","subcategory":"Housing","detail":"https://classic.savi.org/SAVI/PopUps/AssetMoreInfo.aspx?AssetID=919644"}},{"type":"Feature","geometry":{"type":"Point","coordinates":[-85.84206768,40.27559682]},"properties":{"name":"ELWOOD MINISTERIAL ASSOCIATION","assetType":"Rent Payment Assistance","dataYear":"2018","assetId":"920698","subcategory":"Housing","detail":"https://classic.savi.org/SAVI/PopUps/AssetMoreInfo.aspx?AssetID=920698"}},{"type":"Feature","geometry":{"type":"Point","coordinates":[-85.9427756,39.95733092]},"properties":{"name":"FALL CREEK TOWNSHIP TRUSTEE HAMILTON COUNTY","assetType":"Rent Payment Assistance","dataYear":"2018","assetId":"919576","subcategory":"Housing","detail":"https://classic.savi.org/SAVI/PopUps/AssetMoreInfo.aspx?AssetID=919576"}},{"type":"Feature","geometry":{"type":"Point","coordinates":[-85.74535234,40.002336]},"properties":{"name":"FALL CREEK TOWNSHIP TRUSTEE MADISON COUNTY","assetType":"Rent Payment Assistance","dataYear":"2018","assetId":"920667","subcategory":"Housing","detail":"https://classic.savi.org/SAVI/PopUps/AssetMoreInfo.aspx?AssetID=920667"}},{"type":"Feature","geometry":{"type":"Point","coordinates":[-86.17027103,39.80159246]},"properties":{"name":"FLANNER HOUSE OF INDIANAPOLIS","assetType":"Rent Payment Assistance","dataYear":"2018","assetId":"919474","subcategory":"Housing","detail":"https://classic.savi.org/SAVI/PopUps/AssetMoreInfo.aspx?AssetID=919474"}},{"type":"Feature","geometry":{"type":"Point","coordinates":[-86.74851429,39.76137225]},"properties":{"name":"FLOYD TOWNSHIP TRUSTEE PUTNAM COUNTY","assetType":"Rent Payment Assistance","dataYear":"2018","assetId":"920920","subcategory":"Housing","detail":"https://classic.savi.org/SAVI/PopUps/AssetMoreInfo.aspx?AssetID=920920"}},{"type":"Feature","geometry":{"type":"Point","coordinates":[-86.59336074,39.63094378]},"properties":{"name":"FRANKLIN TOWNSHIP TRUSTEE HENDRICKS COUNTY","assetType":"Rent Payment Assistance","dataYear":"2018","assetId":"919121","subcategory":"Housing","detail":"https://classic.savi.org/SAVI/PopUps/AssetMoreInfo.aspx?AssetID=919121"}},{"type":"Feature","geometry":{"type":"Point","coordinates":[-86.06344638,39.49333622]},"properties":{"name":"FRANKLIN TOWNSHIP TRUSTEE JOHNSON COUNTY","assetType":"Rent Payment Assistance","dataYear":"2018","assetId":"919116","subcategory":"Housing","detail":"https://classic.savi.org/SAVI/PopUps/AssetMoreInfo.aspx?AssetID=919116"}},{"type":"Feature","geometry":{"type":"Point","coordinates":[-86.06339326,39.67761024]},"properties":{"name":"FRANKLIN TOWNSHIP TRUSTEE MARION COUNTY","assetType":"Rent Payment Assistance","dataYear":"2018","assetId":"919360","subcategory":"Housing","detail":"https://classic.savi.org/SAVI/PopUps/AssetMoreInfo.aspx?AssetID=919360"}},{"type":"Feature","geometry":{"type":"Point","coordinates":[-86.85209404,39.78100438]},"properties":{"name":"FRANKLIN TOWNSHIP TRUSTEE PUTNAM COUNTY","assetType":"Rent Payment Assistance","dataYear":"2018","assetId":"921089","subcategory":"Housing","detail":"https://classic.savi.org/SAVI/PopUps/AssetMoreInfo.aspx?AssetID=921089"}},{"type":"Feature","geometry":{"type":"Point","coordinates":[-85.99935857,39.97635807]},"properties":{"name":"GOOD SAMARITAN NETWORK GSN","assetType":"Rent Payment Assistance","dataYear":"2018","assetId":"919530","subcategory":"Housing","detail":"https://classic.savi.org/SAVI/PopUps/AssetMoreInfo.aspx?AssetID=919530"}},{"type":"Feature","geometry":{"type":"Point","coordinates":[-85.7056509,39.87256909]},"properties":{"name":"GREEN TOWNSHIP TRUSTEE HANCOCK COUNTY","assetType":"Rent Payment Assistance","dataYear":"2018","assetId":"918747","subcategory":"Housing","detail":"https://classic.savi.org/SAVI/PopUps/AssetMoreInfo.aspx?AssetID=918747"}},{"type":"Feature","geometry":{"type":"Point","coordinates":[-85.80616994,39.95697613]},"properties":{"name":"GREEN TOWNSHIP TRUSTEE MADISON COUNTY","assetType":"Rent Payment Assistance","dataYear":"2018","assetId":"920660","subcategory":"Housing","detail":"https://classic.savi.org/SAVI/PopUps/AssetMoreInfo.aspx?AssetID=920660"}},{"type":"Feature","geometry":{"type":"Point","coordinates":[-86.33770312,39.45087194]},"properties":{"name":"GREEN TOWNSHIP TRUSTEE MORGAN COUNTY","assetType":"Rent Payment Assistance","dataYear":"2018","assetId":"918776","subcategory":"Housing","detail":"https://classic.savi.org/SAVI/PopUps/AssetMoreInfo.aspx?AssetID=918776"}},{"type":"Feature","geometry":{"type":"Point","coordinates":[-86.85343139,39.63713965]},"properties":{"name":"GREENCASTLE TOWNSHIP TRUSTEE PUTNAM COUNTY","assetType":"Rent Payment Assistance","dataYear":"2018","assetId":"921083","subcategory":"Housing","detail":"https://classic.savi.org/SAVI/PopUps/AssetMoreInfo.aspx?AssetID=921083"}},{"type":"Feature","geometry":{"type":"Point","coordinates":[-86.39099182,39.68236612]},"properties":{"name":"GUILFORD TOWNSHIP TRUSTEE HENDRICKS COUNTY","assetType":"Rent Payment Assistance","dataYear":"2018","assetId":"918827","subcategory":"Housing","detail":"https://classic.savi.org/SAVI/PopUps/AssetMoreInfo.aspx?AssetID=918827"}},{"type":"Feature","geometry":{"type":"Point","coordinates":[-86.11341411,39.31461451]},"properties":{"name":"HAMBLEN TOWNSHIP TRUSTEE BROWN COUNTY","assetType":"Rent Payment Assistance","dataYear":"2018","assetId":"916909","subcategory":"Housing","detail":"https://classic.savi.org/SAVI/PopUps/AssetMoreInfo.aspx?AssetID=916909"}},{"type":"Feature","geometry":{"type":"Point","coordinates":[-85.72113402,39.65080359]},"properties":{"name":"HANOVER TOWNSHIP TRUSTEE SHELBY COUNTY","assetType":"Rent Payment Assistance","dataYear":"2018","assetId":"918522","subcategory":"Housing","detail":"https://classic.savi.org/SAVI/PopUps/AssetMoreInfo.aspx?AssetID=918522"}},{"type":"Feature","geometry":{"type":"Point","coordinates":[-86.50821683,39.96447177]},"properties":{"name":"HARRISON TOWNSHIP TRUSTEE BOONE COUNTY","assetType":"Rent Payment Assistance","dataYear":"2018","assetId":"918607","subcategory":"Housing","detail":"https://classic.savi.org/SAVI/PopUps/AssetMoreInfo.aspx?AssetID=918607"}},{"type":"Feature","geometry":{"type":"Point","coordinates":[-86.27492948,39.52680434]},"properties":{"name":"HARRISON TOWNSHIP TRUSTEE MORGAN COUNTY","assetType":"Rent Payment Assistance","dataYear":"2018","assetId":"918385","subcategory":"Housing","detail":"https://classic.savi.org/SAVI/PopUps/AssetMoreInfo.aspx?AssetID=918385"}},{"type":"Feature","geometry":{"type":"Point","coordinates":[-86.20166779,39.76743222]},"properties":{"name":"HAWTHORNE COMMUNITY CENTER","assetType":"Rent Payment Assistance","dataYear":"2018","assetId":"918378","subcategory":"Housing","detail":"https://classic.savi.org/SAVI/PopUps/AssetMoreInfo.aspx?AssetID=918378"}},{"type":"Feature","geometry":{"type":"Point","coordinates":[-85.93951506,39.43988051]},"properties":{"name":"HENDRICKS TOWNSHIP TRUSTEE SHELBY COUNTY","assetType":"Rent Payment Assistance","dataYear":"2018","assetId":"918565","subcategory":"Housing","detail":"https://classic.savi.org/SAVI/PopUps/AssetMoreInfo.aspx?AssetID=918565"}},{"type":"Feature","geometry":{"type":"Point","coordinates":[-86.18230398,39.38131195]},"properties":{"name":"HENSLEY TOWNSHIP TRUSTEE JOHNSON COUNTY","assetType":"Rent Payment Assistance","dataYear":"2018","assetId":"918558","subcategory":"Housing","detail":"https://classic.savi.org/SAVI/PopUps/AssetMoreInfo.aspx?AssetID=918558"}},{"type":"Feature","geometry":{"type":"Point","coordinates":[-86.06279488,39.47374713]},"properties":{"name":"HUMAN SERVICES OF JOHNSON COUNTY","assetType":"Rent Payment Assistance","dataYear":"2018","assetId":"916960","subcategory":"Housing","detail":"https://classic.savi.org/SAVI/PopUps/AssetMoreInfo.aspx?AssetID=916960"}},{"type":"Feature","geometry":{"type":"Point","coordinates":[-86.58306293,39.9950641]},"properties":{"name":"JACKSON TOWNSHIP TRUSTEE BOONE COUNTY","assetType":"Rent Payment Assistance","dataYear":"2018","assetId":"917950","subcategory":"Housing","detail":"https://classic.savi.org/SAVI/PopUps/AssetMoreInfo.aspx?AssetID=917950"}},{"type":"Feature","geometry":{"type":"Point","coordinates":[-86.28781116,39.2495565]},"properties":{"name":"JACKSON TOWNSHIP TRUSTEE BROWN COUNTY","assetType":"Rent Payment Assistance","dataYear":"2018","assetId":"916906","subcategory":"Housing","detail":"https://classic.savi.org/SAVI/PopUps/AssetMoreInfo.aspx?AssetID=916906"}},{"type":"Feature","geometry":{"type":"Point","coordinates":[-86.02828584,40.17626673]},"properties":{"name":"JACKSON TOWNSHIP TRUSTEE HAMILTON COUNTY","assetType":"Rent Payment Assistance","dataYear":"2018","assetId":"917924","subcategory":"Housing","detail":"https://classic.savi.org/SAVI/PopUps/AssetMoreInfo.aspx?AssetID=917924"}},{"type":"Feature","geometry":{"type":"Point","coordinates":[-85.60301518,39.81597274]},"properties":{"name":"JACKSON TOWNSHIP TRUSTEE HANCOCK COUNTY","assetType":"Rent Payment Assistance","dataYear":"2018","assetId":"917847","subcategory":"Housing","detail":"https://classic.savi.org/SAVI/PopUps/AssetMoreInfo.aspx?AssetID=917847"}},{"type":"Feature","geometry":{"type":"Point","coordinates":[-85.8346258,40.13784922]},"properties":{"name":"JACKSON TOWNSHIP TRUSTEE MADISON COUNTY","assetType":"Rent Payment Assistance","dataYear":"2018","assetId":"920447","subcategory":"Housing","detail":"https://classic.savi.org/SAVI/PopUps/AssetMoreInfo.aspx?AssetID=920447"}},{"type":"Feature","geometry":{"type":"Point","coordinates":[-86.31296642,39.35202934]},"properties":{"name":"JACKSON TOWNSHIP TRUSTEE MORGAN COUNTY","assetType":"Rent Payment Assistance","dataYear":"2018","assetId":"917892","subcategory":"Housing","detail":"https://classic.savi.org/SAVI/PopUps/AssetMoreInfo.aspx?AssetID=917892"}},{"type":"Feature","geometry":{"type":"Point","coordinates":[-86.70608396,39.81985034]},"properties":{"name":"JACKSON TOWNSHIP TRUSTEE PUTNAM COUNTY","assetType":"Rent Payment Assistance","dataYear":"2018","assetId":"920850","subcategory":"Housing","detail":"https://classic.savi.org/SAVI/PopUps/AssetMoreInfo.aspx?AssetID=920850"}},{"type":"Feature","geometry":{"type":"Point","coordinates":[-86.62433374,40.02434205]},"properties":{"name":"JEFFERSON TOWNSHIP TRUSTEE BOONE COUNTY","assetType":"Rent Payment Assistance","dataYear":"2018","assetId":"917630","subcategory":"Housing","detail":"https://classic.savi.org/SAVI/PopUps/AssetMoreInfo.aspx?AssetID=917630"}},{"type":"Feature","geometry":{"type":"Point","coordinates":[-86.49324278,39.41198592]},"properties":{"name":"JEFFERSON TOWNSHIP TRUSTEE MORGAN COUNTY","assetType":"Rent Payment Assistance","dataYear":"2018","assetId":"917821","subcategory":"Housing","detail":"https://classic.savi.org/SAVI/PopUps/AssetMoreInfo.aspx?AssetID=917821"}},{"type":"Feature","geometry":{"type":"Point","coordinates":[-86.70185497,39.57054813]},"properties":{"name":"JEFFERSON TOWNSHIP TRUSTEE PUTNAM COUNTY","assetType":"Rent Payment Assistance","dataYear":"2018","assetId":"921077","subcategory":"Housing","detail":"https://classic.savi.org/SAVI/PopUps/AssetMoreInfo.aspx?AssetID=921077"}},{"type":"Feature","geometry":{"type":"Point","coordinates":[-86.12315795,39.78155671]},"properties":{"name":"JOHN BONER NEIGHBORHOOD CENTERS","assetType":"Rent Payment Assistance","dataYear":"2018","assetId":"917584","subcategory":"Housing","detail":"https://classic.savi.org/SAVI/PopUps/AssetMoreInfo.aspx?AssetID=917584"}},{"type":"Feature","geometry":{"type":"Point","coordinates":[-86.01170847,39.82746745]},"properties":{"name":"LA PLAZA","assetType":"Rent Payment Assistance","dataYear":"2018","assetId":"920710","subcategory":"Housing","detail":"https://classic.savi.org/SAVI/PopUps/AssetMoreInfo.aspx?AssetID=920710"}},{"type":"Feature","geometry":{"type":"Point","coordinates":[-86.525004,39.61456226]},"properties":{"name":"LIBERTY TOWNSHIP TRUSTEE HENDRICKS COUNTY","assetType":"Rent Payment Assistance","dataYear":"2018","assetId":"922041","subcategory":"Housing","detail":"https://classic.savi.org/SAVI/PopUps/AssetMoreInfo.aspx?AssetID=922041"}},{"type":"Feature","geometry":{"type":"Point","coordinates":[-85.63663898,39.48364154]},"properties":{"name":"LIBERTY TOWNSHIP TRUSTEE SHELBY COUNTY","assetType":"Rent Payment Assistance","dataYear":"2018","assetId":"922183","subcategory":"Housing","detail":"https://classic.savi.org/SAVI/PopUps/AssetMoreInfo.aspx?AssetID=922183"}},{"type":"Feature","geometry":{"type":"Point","coordinates":[-86.39673959,39.84266459]},"properties":{"name":"LINCOLN TOWNSHIP TRUSTEE HENDRICKS COUNTY","assetType":"Rent Payment Assistance","dataYear":"2018","assetId":"922020","subcategory":"Housing","detail":"https://classic.savi.org/SAVI/PopUps/AssetMoreInfo.aspx?AssetID=922020"}},{"type":"Feature","geometry":{"type":"Point","coordinates":[-85.77875949,39.80392218]},"properties":{"name":"LOVE IN THE NAME OF CHRIST LOVE INC OF GREATER HANCOCK COUNTY","assetType":"Rent Payment Assistance","dataYear":"2018","assetId":"921002","subcategory":"Housing","detail":"https://classic.savi.org/SAVI/PopUps/AssetMoreInfo.aspx?AssetID=921002"}},{"type":"Feature","geometry":{"type":"Point","coordinates":[-86.29689292,39.61795335]},"properties":{"name":"MADISON TOWNSHIP TRUSTEE MORGAN COUNTY","assetType":"Rent Payment Assistance","dataYear":"2018","assetId":"921873","subcategory":"Housing","detail":"https://classic.savi.org/SAVI/PopUps/AssetMoreInfo.aspx?AssetID=921873"}},{"type":"Feature","geometry":{"type":"Point","coordinates":[-86.99653205,39.67905323]},"properties":{"name":"MADISON TOWNSHIP TRUSTEE PUTNAM COUNTY","assetType":"Rent Payment Assistance","dataYear":"2018","assetId":"920987","subcategory":"Housing","detail":"https://classic.savi.org/SAVI/PopUps/AssetMoreInfo.aspx?AssetID=920987"}},{"type":"Feature","geometry":{"type":"Point","coordinates":[-86.66406574,39.77589127]},"properties":{"name":"MARION TOWNSHIP TRUSTEE HENDRICKS COUNTY","assetType":"Rent Payment Assistance","dataYear":"2018","assetId":"920324","subcategory":"Housing","detail":"https://classic.savi.org/SAVI/PopUps/AssetMoreInfo.aspx?AssetID=920324"}},{"type":"Feature","geometry":{"type":"Point","coordinates":[-86.79046198,39.65241794]},"properties":{"name":"MARION TOWNSHIP TRUSTEE PUTNAM COUNTY","assetType":"Rent Payment Assistance","dataYear":"2018","assetId":"920837","subcategory":"Housing","detail":"https://classic.savi.org/SAVI/PopUps/AssetMoreInfo.aspx?AssetID=920837"}},{"type":"Feature","geometry":{"type":"Point","coordinates":[-85.77666802,39.56499556]},"properties":{"name":"MARION TOWNSHIP TRUSTEE SHELBY COUNTY","assetType":"Rent Payment Assistance","dataYear":"2018","assetId":"920404","subcategory":"Housing","detail":"https://classic.savi.org/SAVI/PopUps/AssetMoreInfo.aspx?AssetID=920404"}},{"type":"Feature","geometry":{"type":"Point","coordinates":[-86.45852281,39.86146427]},"properties":{"name":"MIDDLE TOWNSHIP TRUSTEE HENDRICKS COUNTY","assetType":"Rent Payment Assistance","dataYear":"2018","assetId":"919223","subcategory":"Housing","detail":"https://classic.savi.org/SAVI/PopUps/AssetMoreInfo.aspx?AssetID=919223"}},{"type":"Feature","geometry":{"type":"Point","coordinates":[-85.67605191,40.26192931]},"properties":{"name":"MONROE TOWNSHIP TRUSTEE MADISON COUNTY","assetType":"Rent Payment Assistance","dataYear":"2018","assetId":"920578","subcategory":"Housing","detail":"https://classic.savi.org/SAVI/PopUps/AssetMoreInfo.aspx?AssetID=920578"}},{"type":"Feature","geometry":{"type":"Point","coordinates":[-86.54167184,39.57131861]},"properties":{"name":"MONROE TOWNSHIP TRUSTEE MORGAN COUNTY","assetType":"Rent Payment Assistance","dataYear":"2018","assetId":"919339","subcategory":"Housing","detail":"https://classic.savi.org/SAVI/PopUps/AssetMoreInfo.aspx?AssetID=919339"}},{"type":"Feature","geometry":{"type":"Point","coordinates":[-85.63126795,39.43076653]},"properties":{"name":"NOBLE TOWNSHIP TRUSTEE SHELBY COUNTY","assetType":"Rent Payment Assistance","dataYear":"2018","assetId":"918096","subcategory":"Housing","detail":"https://classic.savi.org/SAVI/PopUps/AssetMoreInfo.aspx?AssetID=918096"}},{"type":"Feature","geometry":{"type":"Point","coordinates":[-86.00985432,40.03351339]},"properties":{"name":"NOBLESVILLE SOCIETY OF SAINT VINCENT DE PAUL","assetType":"Rent Payment Assistance","dataYear":"2018","assetId":"922177","subcategory":"Housing","detail":"https://classic.savi.org/SAVI/PopUps/AssetMoreInfo.aspx?AssetID=922177"}},{"type":"Feature","geometry":{"type":"Point","coordinates":[-86.0142319,40.04246142]},"properties":{"name":"NOBLESVILLE TOWNSHIP TRUSTEE HAMILTON COUNTY","assetType":"Rent Payment Assistance","dataYear":"2018","assetId":"918199","subcategory":"Housing","detail":"https://classic.savi.org/SAVI/PopUps/AssetMoreInfo.aspx?AssetID=918199"}},{"type":"Feature","geometry":{"type":"Point","coordinates":[-86.13853386,39.69444995]},"properties":{"name":"PERRY TOWNSHIP TRUSTEE MARION COUNTY","assetType":"Rent Payment Assistance","dataYear":"2018","assetId":"917971","subcategory":"Housing","detail":"https://classic.savi.org/SAVI/PopUps/AssetMoreInfo.aspx?AssetID=917971"}},{"type":"Feature","geometry":{"type":"Point","coordinates":[-86.26238428,39.85453838]},"properties":{"name":"PIKE TOWNSHIP TRUSTEE MARION COUNTY","assetType":"Rent Payment Assistance","dataYear":"2018","assetId":"917695","subcategory":"Housing","detail":"https://classic.savi.org/SAVI/PopUps/AssetMoreInfo.aspx?AssetID=917695"}},{"type":"Feature","geometry":{"type":"Point","coordinates":[-85.84206768,40.27559682]},"properties":{"name":"PIPE CREEK TOWNSHIP TRUSTEE MADISON COUNTY","assetType":"Rent Payment Assistance","dataYear":"2018","assetId":"920567","subcategory":"Housing","detail":"https://classic.savi.org/SAVI/PopUps/AssetMoreInfo.aspx?AssetID=920567"}},{"type":"Feature","geometry":{"type":"Point","coordinates":[-86.39172024,39.7038734]},"properties":{"name":"PLAINFIELD FEDERATION OF CHURCHES - CHRISTIAN SUPPORT CENTER","assetType":"Rent Payment Assistance","dataYear":"2018","assetId":"917640","subcategory":"Housing","detail":"https://classic.savi.org/SAVI/PopUps/AssetMoreInfo.aspx?AssetID=917640"}},{"type":"Feature","geometry":{"type":"Point","coordinates":[-85.60831539,40.18993185]},"properties":{"name":"RICHLAND TOWNSHIP TRUSTEE MADISON COUNTY","assetType":"Rent Payment Assistance","dataYear":"2018","assetId":"920435","subcategory":"Housing","detail":"https://classic.savi.org/SAVI/PopUps/AssetMoreInfo.aspx?AssetID=920435"}},{"type":"Feature","geometry":{"type":"Point","coordinates":[-86.98121607,39.86149884]},"properties":{"name":"RUSSELL TOWNSHIP TRUSTEE PUTNAM COUNTY","assetType":"Rent Payment Assistance","dataYear":"2018","assetId":"920979","subcategory":"Housing","detail":"https://classic.savi.org/SAVI/PopUps/AssetMoreInfo.aspx?AssetID=920979"}},{"type":"Feature","geometry":{"type":"Point","coordinates":[-85.70694591,40.0905247]},"properties":{"name":"SAINT VINCENT DE PAUL OF ANDERSON","assetType":"Rent Payment Assistance","dataYear":"2018","assetId":"920240","subcategory":"Housing","detail":"https://classic.savi.org/SAVI/PopUps/AssetMoreInfo.aspx?AssetID=920240"}},{"type":"Feature","geometry":{"type":"Point","coordinates":[-86.10558351,39.60948257]},"properties":{"name":"SAINT VINCENT DE PAUL SOCIETY JOHNSON COUNTY","assetType":"Rent Payment Assistance","dataYear":"2018","assetId":"917532","subcategory":"Housing","detail":"https://classic.savi.org/SAVI/PopUps/AssetMoreInfo.aspx?AssetID=917532"}},{"type":"Feature","geometry":{"type":"Point","coordinates":[-86.27109654,39.83356218]},"properties":{"name":"SALVATION ARMY EAGLE CREEK CORPS","assetType":"Rent Payment Assistance","dataYear":"2018","assetId":"921699","subcategory":"Housing","detail":"https://classic.savi.org/SAVI/PopUps/AssetMoreInfo.aspx?AssetID=921699"}},{"type":"Feature","geometry":{"type":"Point","coordinates":[-85.77109564,39.78436652]},"properties":{"name":"SALVATION ARMY HANCOCK COUNTY","assetType":"Rent Payment Assistance","dataYear":"2018","assetId":"919559","subcategory":"Housing","detail":"https://classic.savi.org/SAVI/PopUps/AssetMoreInfo.aspx?AssetID=919559"}},{"type":"Feature","geometry":{"type":"Point","coordinates":[-86.1104956,39.61209097]},"properties":{"name":"SALVATION ARMY JOHNSON COUNTY","assetType":"Rent Payment Assistance","dataYear":"2018","assetId":"918716","subcategory":"Housing","detail":"https://classic.savi.org/SAVI/PopUps/AssetMoreInfo.aspx?AssetID=918716"}},{"type":"Feature","geometry":{"type":"Point","coordinates":[-85.77352899,39.52464758]},"properties":{"name":"SALVATION ARMY SHELBYVILLE","assetType":"Rent Payment Assistance","dataYear":"2018","assetId":"917625","subcategory":"Housing","detail":"https://classic.savi.org/SAVI/PopUps/AssetMoreInfo.aspx?AssetID=917625"}},{"type":"Feature","geometry":{"type":"Point","coordinates":[-85.73148601,39.45707656]},"properties":{"name":"SHELBY TOWNSHIP TRUSTEE SHELBY COUNTY","assetType":"Rent Payment Assistance","dataYear":"2018","assetId":"917657","subcategory":"Housing","detail":"https://classic.savi.org/SAVI/PopUps/AssetMoreInfo.aspx?AssetID=917657"}},{"type":"Feature","geometry":{"type":"Point","coordinates":[-85.84831659,40.06845181]},"properties":{"name":"STONY CREEK TOWNSHIP TRUSTEE MADISON COUNTY","assetType":"Rent Payment Assistance","dataYear":"2018","assetId":"920629","subcategory":"Housing","detail":"https://classic.savi.org/SAVI/PopUps/AssetMoreInfo.aspx?AssetID=920629"}},{"type":"Feature","geometry":{"type":"Point","coordinates":[-86.60970462,40.12974715]},"properties":{"name":"SUGAR CREEK TOWNSHIP TRUSTEE BOONE COUNTY","assetType":"Rent Payment Assistance","dataYear":"2018","assetId":"917375","subcategory":"Housing","detail":"https://classic.savi.org/SAVI/PopUps/AssetMoreInfo.aspx?AssetID=917375"}},{"type":"Feature","geometry":{"type":"Point","coordinates":[-85.91319152,39.73389397]},"properties":{"name":"SUGAR CREEK TOWNSHIP TRUSTEE HANCOCK COUNTY","assetType":"Rent Payment Assistance","dataYear":"2018","assetId":"917494","subcategory":"Housing","detail":"https://classic.savi.org/SAVI/PopUps/AssetMoreInfo.aspx?AssetID=917494"}},{"type":"Feature","geometry":{"type":"Point","coordinates":[-85.93068407,39.55049257]},"properties":{"name":"SUGAR CREEK TOWNSHIP TRUSTEE SHELBY COUNTY","assetType":"Rent Payment Assistance","dataYear":"2018","assetId":"917186","subcategory":"Housing","detail":"https://classic.savi.org/SAVI/PopUps/AssetMoreInfo.aspx?AssetID=917186"}},{"type":"Feature","geometry":{"type":"Point","coordinates":[-86.54314085,39.88469476]},"properties":{"name":"UNION TOWNSHIP TRUSTEE HENDRICKS COUNTY","assetType":"Rent Payment Assistance","dataYear":"2018","assetId":"916997","subcategory":"Housing","detail":"https://classic.savi.org/SAVI/PopUps/AssetMoreInfo.aspx?AssetID=916997"}},{"type":"Feature","geometry":{"type":"Point","coordinates":[-86.16447633,39.46193135]},"properties":{"name":"UNION TOWNSHIP TRUSTEE JOHNSON COUNTY","assetType":"Rent Payment Assistance","dataYear":"2018","assetId":"917135","subcategory":"Housing","detail":"https://classic.savi.org/SAVI/PopUps/AssetMoreInfo.aspx?AssetID=917135"}},{"type":"Feature","geometry":{"type":"Point","coordinates":[-85.62176391,40.1209244]},"properties":{"name":"UNION TOWNSHIP TRUSTEE MADISON COUNTY","assetType":"Rent Payment Assistance","dataYear":"2018","assetId":"920019","subcategory":"Housing","detail":"https://classic.savi.org/SAVI/PopUps/AssetMoreInfo.aspx?AssetID=920019"}},{"type":"Feature","geometry":{"type":"Point","coordinates":[-85.63724599,39.57183058]},"properties":{"name":"UNION TOWNSHIP TRUSTEE SHELBY COUNTY","assetType":"Rent Payment Assistance","dataYear":"2018","assetId":"917094","subcategory":"Housing","detail":"https://classic.savi.org/SAVI/PopUps/AssetMoreInfo.aspx?AssetID=917094"}},{"type":"Feature","geometry":{"type":"Point","coordinates":[-86.14347708,39.12668447]},"properties":{"name":"VAN BUREN TOWNSHIP TRUSTEE BROWN COUNTY","assetType":"Rent Payment Assistance","dataYear":"2018","assetId":"917034","subcategory":"Housing","detail":"https://classic.savi.org/SAVI/PopUps/AssetMoreInfo.aspx?AssetID=917034"}},{"type":"Feature","geometry":{"type":"Point","coordinates":[-85.74404601,39.66913659]},"properties":{"name":"VAN BUREN TOWNSHIP TRUSTEE SHELBY COUNTY","assetType":"Rent Payment Assistance","dataYear":"2018","assetId":"922519","subcategory":"Housing","detail":"https://classic.savi.org/SAVI/PopUps/AssetMoreInfo.aspx?AssetID=922519"}},{"type":"Feature","geometry":{"type":"Point","coordinates":[-85.85646521,39.92796225]},"properties":{"name":"VERNON TOWNSHIP TRUSTEE HANCOCK COUNTY","assetType":"Rent Payment Assistance","dataYear":"2018","assetId":"922518","subcategory":"Housing","detail":"https://classic.savi.org/SAVI/PopUps/AssetMoreInfo.aspx?AssetID=922518"}},{"type":"Feature","geometry":{"type":"Point","coordinates":[-86.81952471,39.59939565]},"properties":{"name":"WARREN TOWNSHIP TRUSTEE PUTNAM COUNTY","assetType":"Rent Payment Assistance","dataYear":"2018","assetId":"920970","subcategory":"Housing","detail":"https://classic.savi.org/SAVI/PopUps/AssetMoreInfo.aspx?AssetID=920970"}},{"type":"Feature","geometry":{"type":"Point","coordinates":[-86.56342846,40.13318676]},"properties":{"name":"WASHINGTON TOWNSHIP TRUSTEE BOONE COUNTY","assetType":"Rent Payment Assistance","dataYear":"2018","assetId":"922550","subcategory":"Housing","detail":"https://classic.savi.org/SAVI/PopUps/AssetMoreInfo.aspx?AssetID=922550"}},{"type":"Feature","geometry":{"type":"Point","coordinates":[-86.2437373,39.2064405]},"properties":{"name":"WASHINGTON TOWNSHIP TRUSTEE BROWN COUNTY","assetType":"Rent Payment Assistance","dataYear":"2018","assetId":"917031","subcategory":"Housing","detail":"https://classic.savi.org/SAVI/PopUps/AssetMoreInfo.aspx?AssetID=917031"}},{"type":"Feature","geometry":{"type":"Point","coordinates":[-86.13001059,40.00532333]},"properties":{"name":"WASHINGTON TOWNSHIP TRUSTEE HAMILTON COUNTY","assetType":"Rent Payment Assistance","dataYear":"2018","assetId":"922814","subcategory":"Housing","detail":"https://classic.savi.org/SAVI/PopUps/AssetMoreInfo.aspx?AssetID=922814"}},{"type":"Feature","geometry":{"type":"Point","coordinates":[-86.3866421,39.76133098]},"properties":{"name":"WASHINGTON TOWNSHIP TRUSTEE HENDRICKS COUNTY","assetType":"Rent Payment Assistance","dataYear":"2018","assetId":"922805","subcategory":"Housing","detail":"https://classic.savi.org/SAVI/PopUps/AssetMoreInfo.aspx?AssetID=922805"}},{"type":"Feature","geometry":{"type":"Point","coordinates":[-86.43058849,39.42760589]},"properties":{"name":"WASHINGTON TOWNSHIP TRUSTEE MORGAN COUNTY","assetType":"Rent Payment Assistance","dataYear":"2018","assetId":"922776","subcategory":"Housing","detail":"https://classic.savi.org/SAVI/PopUps/AssetMoreInfo.aspx?AssetID=922776"}},{"type":"Feature","geometry":{"type":"Point","coordinates":[-86.99324931,39.5106066]},"properties":{"name":"WASHINGTON TOWNSHIP TRUSTEE PUTNAM COUNTY","assetType":"Rent Payment Assistance","dataYear":"2018","assetId":"920772","subcategory":"Housing","detail":"https://classic.savi.org/SAVI/PopUps/AssetMoreInfo.aspx?AssetID=920772"}},{"type":"Feature","geometry":{"type":"Point","coordinates":[-85.827034,39.40805555]},"properties":{"name":"WASHINGTON TOWNSHIP TRUSTEE SHELBY COUNTY","assetType":"Rent Payment Assistance","dataYear":"2018","assetId":"922772","subcategory":"Housing","detail":"https://classic.savi.org/SAVI/PopUps/AssetMoreInfo.aspx?AssetID=922772"}},{"type":"Feature","geometry":{"type":"Point","coordinates":[-85.93821887,40.05050669]},"properties":{"name":"WAYNE TOWNSHIP TRUSTEE HAMILTON COUNTY","assetType":"Rent Payment Assistance","dataYear":"2018","assetId":"922741","subcategory":"Housing","detail":"https://classic.savi.org/SAVI/PopUps/AssetMoreInfo.aspx?AssetID=922741"}},{"type":"Feature","geometry":{"type":"Point","coordinates":[-85.94058855,40.16133247]},"properties":{"name":"WHITE RIVER TOWNSHIP TRUSTEE HAMILTON COUNTY","assetType":"Rent Payment Assistance","dataYear":"2018","assetId":"922720","subcategory":"Housing","detail":"https://classic.savi.org/SAVI/PopUps/AssetMoreInfo.aspx?AssetID=922720"}},{"type":"Feature","geometry":{"type":"Point","coordinates":[-86.19677766,39.57247862]},"properties":{"name":"WHITE RIVER TOWNSHIP TRUSTEE JOHNSON COUNTY","assetType":"Rent Payment Assistance","dataYear":"2018","assetId":"922694","subcategory":"Housing","detail":"https://classic.savi.org/SAVI/PopUps/AssetMoreInfo.aspx?AssetID=922694"}},{"type":"Feature","geometry":{"type":"Point","coordinates":[-86.2406724,39.95521267]},"properties":{"name":"ZIONSVILLE PRESBYTERIAN CHURCH","assetType":"Rent Payment Assistance","dataYear":"2018","assetId":"921465","subcategory":"Housing","detail":"https://classic.savi.org/SAVI/PopUps/AssetMoreInfo.aspx?AssetID=921465"}},{"type":"Feature","geometry":{"type":"Point","coordinates":[-86.27492318,39.95141992]},"properties":{"name":"ZIONSVILLE PUBLIC ASSISTANCE OFFICE","assetType":"Rent Payment Assistance","dataYear":"2018","assetId":"921365","subcategory":"Housing","detail":"https://classic.savi.org/SAVI/PopUps/AssetMoreInfo.aspx?AssetID=921365"}},{"type":"Feature","geometry":{"type":"Point","coordinates":[-86.45357329,40.03511899]},"properties":{"name":"COMMUNITY ACTION OF GREATER INDIANAPOLIS CAGI - SECTION 8","assetType":"Section 8 Housing Choice Vouchers","dataYear":"2018","assetId":"917810","subcategory":"Housing","detail":"https://classic.savi.org/SAVI/PopUps/AssetMoreInfo.aspx?AssetID=917810"}},{"type":"Feature","geometry":{"type":"Point","coordinates":[-85.83914629,40.27582251]},"properties":{"name":"ELWOOD HOUSING AUTHORITY","assetType":"Section 8 Housing Choice Vouchers","dataYear":"2018","assetId":"920221","subcategory":"Housing","detail":"https://classic.savi.org/SAVI/PopUps/AssetMoreInfo.aspx?AssetID=920221"}},{"type":"Feature","geometry":{"type":"Point","coordinates":[-86.06279488,39.47374713]},"properties":{"name":"HUMAN SERVICES OF JOHNSON COUNTY","assetType":"Section 8 Housing Choice Vouchers","dataYear":"2018","assetId":"916957","subcategory":"Housing","detail":"https://classic.savi.org/SAVI/PopUps/AssetMoreInfo.aspx?AssetID=916957"}},{"type":"Feature","geometry":{"type":"Point","coordinates":[-85.77880601,39.51706954]},"properties":{"name":"HUMAN SERVICES OF SHELBY COUNTY","assetType":"Section 8 Housing Choice Vouchers","dataYear":"2018","assetId":"916956","subcategory":"Housing","detail":"https://classic.savi.org/SAVI/PopUps/AssetMoreInfo.aspx?AssetID=916956"}},{"type":"Feature","geometry":{"type":"Point","coordinates":[-86.15827418,39.76632704]},"properties":{"name":"INDIANA HOUSING AND COMMUNITY DEVELOPMENT AUTHORITY IHCDA","assetType":"Section 8 Housing Choice Vouchers","dataYear":"2018","assetId":"919144","subcategory":"Housing","detail":"https://classic.savi.org/SAVI/PopUps/AssetMoreInfo.aspx?AssetID=919144"}},{"type":"Feature","geometry":{"type":"Point","coordinates":[-86.15719169,39.79248047]},"properties":{"name":"INDIANAPOLIS HOUSING AGENCY - PUBLIC HOUSING COMMUNITIES","assetType":"Section 8 Housing Choice Vouchers","dataYear":"2018","assetId":"918117","subcategory":"Housing","detail":"https://classic.savi.org/SAVI/PopUps/AssetMoreInfo.aspx?AssetID=918117"}},{"type":"Feature","geometry":{"type":"Point","coordinates":[-85.77208263,39.80334342]},"properties":{"name":"INTERLOCAL COMMUNITY ACTION PROGRAM ICAP HANCOCK COUNTY","assetType":"Section 8 Housing Choice Vouchers","dataYear":"2018","assetId":"918502","subcategory":"Housing","detail":"https://classic.savi.org/SAVI/PopUps/AssetMoreInfo.aspx?AssetID=918502"}},{"type":"Feature","geometry":{"type":"Point","coordinates":[-85.99922966,40.04747864]},"properties":{"name":"NOBLESVILLE HOUSING AUTHORITY","assetType":"Section 8 Housing Choice Vouchers","dataYear":"2018","assetId":"918245","subcategory":"Housing","detail":"https://classic.savi.org/SAVI/PopUps/AssetMoreInfo.aspx?AssetID=918245"}},{"type":"Feature","geometry":{"type":"Point","coordinates":[-86.8615327,39.64486074]},"properties":{"name":"PUTNAM COUNTY HOUSING AUTHORITY","assetType":"Section 8 Housing Choice Vouchers","dataYear":"2018","assetId":"919969","subcategory":"Housing","detail":"https://classic.savi.org/SAVI/PopUps/AssetMoreInfo.aspx?AssetID=919969"}},{"type":"Feature","geometry":{"type":"Point","coordinates":[-86.23935212,39.20629845]},"properties":{"name":"SOUTH CENTRAL COMMUNITY ACTION PROGRAM SCCAP - BROWN COUNTY","assetType":"Section 8 Housing Choice Vouchers","dataYear":"2018","assetId":"917604","subcategory":"Housing","detail":"https://classic.savi.org/SAVI/PopUps/AssetMoreInfo.aspx?AssetID=917604"}},{"type":"Feature","geometry":{"type":"Point","coordinates":[-86.43058849,39.42760589]},"properties":{"name":"SOUTH CENTRAL COMMUNITY ACTION PROGRAM SCCAP - MORGAN COUNTY","assetType":"Section 8 Housing Choice Vouchers","dataYear":"2018","assetId":"917605","subcategory":"Housing","detail":"https://classic.savi.org/SAVI/PopUps/AssetMoreInfo.aspx?AssetID=917605"}},{"type":"Feature","geometry":{"type":"Point","coordinates":[-86.23940501,39.20592101]},"properties":{"name":"BROWN COUNTY HABITAT FOR HUMANITY","assetType":"Subsidized Home Purchase","dataYear":"2017","assetId":"863736","subcategory":"Housing","detail":"https://classic.savi.org/SAVI/PopUps/AssetMoreInfo.aspx?AssetID=863736"}},{"type":"Feature","geometry":{"type":"Point","coordinates":[-86.28194046,39.94946234]},"properties":{"name":"HABITAT FOR HUMANITY OF BOONE COUNTY","assetType":"Subsidized Home Purchase","dataYear":"2017","assetId":"866580","subcategory":"Housing","detail":"https://classic.savi.org/SAVI/PopUps/AssetMoreInfo.aspx?AssetID=866580"}},{"type":"Feature","geometry":{"type":"Point","coordinates":[-86.47556877,40.045767]},"properties":{"name":"HABITAT FOR HUMANITY OF BOONE COUNTY","assetType":"Subsidized Home Purchase","dataYear":"2017","assetId":"866221","subcategory":"Housing","detail":"https://classic.savi.org/SAVI/PopUps/AssetMoreInfo.aspx?AssetID=866221"}},{"type":"Feature","geometry":{"type":"Point","coordinates":[-86.15619533,39.81283132]},"properties":{"name":"HABITAT FOR HUMANITY OF GREATER INDIANAPOLIS","assetType":"Subsidized Home Purchase","dataYear":"2017","assetId":"863354","subcategory":"Housing","detail":"https://classic.savi.org/SAVI/PopUps/AssetMoreInfo.aspx?AssetID=863354"}},{"type":"Feature","geometry":{"type":"Point","coordinates":[-86.02714841,39.93779823]},"properties":{"name":"HABITAT FOR HUMANITY OF HAMILTON COUNTY","assetType":"Subsidized Home Purchase","dataYear":"2017","assetId":"867771","subcategory":"Housing","detail":"https://classic.savi.org/SAVI/PopUps/AssetMoreInfo.aspx?AssetID=867771"}},{"type":"Feature","geometry":{"type":"Point","coordinates":[-86.06883672,39.52023629]},"properties":{"name":"HABITAT FOR HUMANITY OF JOHNSON COUNTY","assetType":"Subsidized Home Purchase","dataYear":"2017","assetId":"866582","subcategory":"Housing","detail":"https://classic.savi.org/SAVI/PopUps/AssetMoreInfo.aspx?AssetID=866582"}},{"type":"Feature","geometry":{"type":"Point","coordinates":[-86.42908182,39.42853441]},"properties":{"name":"HABITAT FOR HUMANITY OF MORGAN COUNTY","assetType":"Subsidized Home Purchase","dataYear":"2017","assetId":"864931","subcategory":"Housing","detail":"https://classic.savi.org/SAVI/PopUps/AssetMoreInfo.aspx?AssetID=864931"}},{"type":"Feature","geometry":{"type":"Point","coordinates":[-86.85343558,39.63719438]},"properties":{"name":"HABITAT FOR HUMANITY OF PUTNAM COUNTY","assetType":"Subsidized Home Purchase","dataYear":"2017","assetId":"865429","subcategory":"Housing","detail":"https://classic.savi.org/SAVI/PopUps/AssetMoreInfo.aspx?AssetID=865429"}},{"type":"Feature","geometry":{"type":"Point","coordinates":[-86.15261663,39.82050947]},"properties":{"name":"INDIANAPOLIS NEIGHBORHOOD HOUSING PARTNERSHIP INHP","assetType":"Subsidized Home Purchase","dataYear":"2017","assetId":"864309","subcategory":"Housing","detail":"https://classic.savi.org/SAVI/PopUps/AssetMoreInfo.aspx?AssetID=864309"}},{"type":"Feature","geometry":{"type":"Point","coordinates":[-86.12315284,39.78154916]},"properties":{"name":"INDIANAPOLIS NEIGHBORHOOD HOUSING PARTNERSHIP INHP AT BONER CENTER","assetType":"Subsidized Home Purchase","dataYear":"2017","assetId":"864307","subcategory":"Housing","detail":"https://classic.savi.org/SAVI/PopUps/AssetMoreInfo.aspx?AssetID=864307"}},{"type":"Feature","geometry":{"type":"Point","coordinates":[-86.1424314,39.79042158]},"properties":{"name":"KING PARK AREA DEVELOPMENT CORPORATION","assetType":"Subsidized Home Purchase","dataYear":"2017","assetId":"868077","subcategory":"Housing","detail":"https://classic.savi.org/SAVI/PopUps/AssetMoreInfo.aspx?AssetID=868077"}},{"type":"Feature","geometry":{"type":"Point","coordinates":[-86.1539897,39.81041114]},"properties":{"name":"MAPLETON-FALL CREEK DEVELOPMENT CORPORATION MFCDC","assetType":"Subsidized Home Purchase","dataYear":"2017","assetId":"867220","subcategory":"Housing","detail":"https://classic.savi.org/SAVI/PopUps/AssetMoreInfo.aspx?AssetID=867220"}},{"type":"Feature","geometry":{"type":"Point","coordinates":[-86.14108808,39.7505493]},"properties":{"name":"SOUTHEAST NEIGHBORHOOD DEVELOPMENT SEND","assetType":"Subsidized Home Purchase","dataYear":"2017","assetId":"864037","subcategory":"Housing","detail":"https://classic.savi.org/SAVI/PopUps/AssetMoreInfo.aspx?AssetID=864037"}},{"type":"Feature","geometry":{"type":"Point","coordinates":[-86.10291195,39.66461823]},"properties":{"name":"APPRISEN","assetType":"Housing Counseling","dataYear":"2018","assetId":"920954","subcategory":"Housing","detail":"https://classic.savi.org/SAVI/PopUps/AssetMoreInfo.aspx?AssetID=920954"}},{"type":"Feature","geometry":{"type":"Point","coordinates":[-86.15223393,39.82008711]},"properties":{"name":"INDIANAPOLIS NEIGHBORHOOD HOUSING PARTNERSHIP INHP","assetType":"Housing Counseling","dataYear":"2018","assetId":"918037","subcategory":"Housing","detail":"https://classic.savi.org/SAVI/PopUps/AssetMoreInfo.aspx?AssetID=918037"}},{"type":"Feature","geometry":{"type":"Point","coordinates":[-86.12315795,39.78155671]},"properties":{"name":"INDIANAPOLIS NEIGHBORHOOD HOUSING PARTNERSHIP INHP AT BONER CENTER","assetType":"Housing Counseling","dataYear":"2018","assetId":"918035","subcategory":"Housing","detail":"https://classic.savi.org/SAVI/PopUps/AssetMoreInfo.aspx?AssetID=918035"}},{"type":"Feature","geometry":{"type":"Point","coordinates":[-86.11935686,39.86246524]},"properties":{"name":"INDIANAPOLIS NEIGHBORHOOD HOUSING PARTNERSHIP INHP AT GLENDALE","assetType":"Housing Counseling","dataYear":"2018","assetId":"918036","subcategory":"Housing","detail":"https://classic.savi.org/SAVI/PopUps/AssetMoreInfo.aspx?AssetID=918036"}},{"type":"Feature","geometry":{"type":"Point","coordinates":[-86.14250275,39.79042144]},"properties":{"name":"KING PARK AREA DEVELOPMENT CORPORATION","assetType":"Housing Counseling","dataYear":"2018","assetId":"922372","subcategory":"Housing","detail":"https://classic.savi.org/SAVI/PopUps/AssetMoreInfo.aspx?AssetID=922372"}},{"type":"Feature","geometry":{"type":"Point","coordinates":[-86.13346355,39.76768901]},"properties":{"name":"Housing Assistance Program Damien Center","assetType":"Government Subsidized Rental Housing","dataYear":"2007","assetId":"624812","subcategory":"Housing","detail":"https://classic.savi.org/SAVI/PopUps/AssetMoreInfo.aspx?AssetID=624812"}},{"type":"Feature","geometry":{"type":"Point","coordinates":[-86.160204,39.767024]},"properties":{"name":"Indiana Chamber of Commerce","assetType":"Government Subsidized Rental Housing","dataYear":"2007","assetId":"626043","subcategory":"Housing","detail":"https://classic.savi.org/SAVI/PopUps/AssetMoreInfo.aspx?AssetID=626043"}},{"type":"Feature","geometry":{"type":"Point","coordinates":[-85.83914629,40.27582251]},"properties":{"name":"ELWOOD HOUSING AUTHORITY","assetType":"Housing Authorities","dataYear":"2018","assetId":"920170","subcategory":"Housing","detail":"https://classic.savi.org/SAVI/PopUps/AssetMoreInfo.aspx?AssetID=920170"}},{"type":"Feature","geometry":{"type":"Point","coordinates":[-86.15827418,39.76632704]},"properties":{"name":"INDIANA HOUSING AND COMMUNITY DEVELOPMENT AUTHORITY IHCDA","assetType":"Housing Authorities","dataYear":"2018","assetId":"919143","subcategory":"Housing","detail":"https://classic.savi.org/SAVI/PopUps/AssetMoreInfo.aspx?AssetID=919143"}},{"type":"Feature","geometry":{"type":"Point","coordinates":[-86.15719169,39.79248047]},"properties":{"name":"INDIANAPOLIS HOUSING AGENCY - PUBLIC HOUSING COMMUNITIES","assetType":"Housing Authorities","dataYear":"2018","assetId":"918118","subcategory":"Housing","detail":"https://classic.savi.org/SAVI/PopUps/AssetMoreInfo.aspx?AssetID=918118"}},{"type":"Feature","geometry":{"type":"Point","coordinates":[-85.99922966,40.04747864]},"properties":{"name":"NOBLESVILLE HOUSING AUTHORITY","assetType":"Housing Authorities","dataYear":"2018","assetId":"918246","subcategory":"Housing","detail":"https://classic.savi.org/SAVI/PopUps/AssetMoreInfo.aspx?AssetID=918246"}},{"type":"Feature","geometry":{"type":"Point","coordinates":[-86.8615327,39.64486074]},"properties":{"name":"PUTNAM COUNTY HOUSING AUTHORITY","assetType":"Housing Authorities","dataYear":"2018","assetId":"919970","subcategory":"Housing","detail":"https://classic.savi.org/SAVI/PopUps/AssetMoreInfo.aspx?AssetID=919970"}},{"type":"Feature","geometry":{"type":"Point","coordinates":[-85.68674436,40.10532414]},"properties":{"name":"ANDERSON HOUSING AUTHORITY","assetType":"Indianapolis Housing Agency","dataYear":"2018","assetId":"920394","subcategory":"Housing","detail":"https://classic.savi.org/SAVI/PopUps/AssetMoreInfo.aspx?AssetID=920394"}},{"type":"Feature","geometry":{"type":"Point","coordinates":[-86.8615327,39.64486074]},"properties":{"name":"PUTNAM COUNTY HOUSING AUTHORITY","assetType":"Indianapolis Housing Agency","dataYear":"2018","assetId":"919968","subcategory":"Housing","detail":"https://classic.savi.org/SAVI/PopUps/AssetMoreInfo.aspx?AssetID=919968"}},{"type":"Feature","geometry":{"type":"Point","coordinates":[-86.14546724,39.79583705]},"properties":{"name":"Billy s Manor Quest for Excellence HH","assetType":"Low-Cost Rental Housing","dataYear":"2007","assetId":"624424","subcategory":"Housing","detail":"https://classic.savi.org/SAVI/PopUps/AssetMoreInfo.aspx?AssetID=624424"}},{"type":"Feature","geometry":{"type":"Point","coordinates":[-86.15573753,39.77739485]},"properties":{"name":"Blue Triangle Residence Hall Partners In Housing Dev HH","assetType":"Low-Cost Rental Housing","dataYear":"2007","assetId":"624909","subcategory":"Housing","detail":"https://classic.savi.org/SAVI/PopUps/AssetMoreInfo.aspx?AssetID=624909"}},{"type":"Feature","geometry":{"type":"Point","coordinates":[-86.093195,39.769563]},"properties":{"name":"Colonial Park Partners In Housing Development","assetType":"Low-Cost Rental Housing","dataYear":"2007","assetId":"626153","subcategory":"Housing","detail":"https://classic.savi.org/SAVI/PopUps/AssetMoreInfo.aspx?AssetID=626153"}},{"type":"Feature","geometry":{"type":"Point","coordinates":[-86.17399816,39.80134801]},"properties":{"name":"Emma O Johnson Homes CAGI","assetType":"Low-Cost Rental Housing","dataYear":"2007","assetId":"625555","subcategory":"Housing","detail":"https://classic.savi.org/SAVI/PopUps/AssetMoreInfo.aspx?AssetID=625555"}},{"type":"Feature","geometry":{"type":"Point","coordinates":[-86.14546724,39.79583705]},"properties":{"name":"John s Delaware Lodge Quest for Excellence HH","assetType":"Low-Cost Rental Housing","dataYear":"2007","assetId":"624347","subcategory":"Housing","detail":"https://classic.savi.org/SAVI/PopUps/AssetMoreInfo.aspx?AssetID=624347"}},{"type":"Feature","geometry":{"type":"Point","coordinates":[-86.11615678,39.78131566]},"properties":{"name":"Mozingo Place Partners In Housing Dev","assetType":"Low-Cost Rental Housing","dataYear":"2007","assetId":"625571","subcategory":"Housing","detail":"https://classic.savi.org/SAVI/PopUps/AssetMoreInfo.aspx?AssetID=625571"}},{"type":"Feature","geometry":{"type":"Point","coordinates":[-86.475567,40.045714]},"properties":{"name":"HABITAT FOR HUMANITY OF BOONE COUNTY","assetType":"Other Subsidized Home Purchase","dataYear":"2014","assetId":"828607","subcategory":"Housing","detail":"https://classic.savi.org/SAVI/PopUps/AssetMoreInfo.aspx?AssetID=828607"}},{"type":"Feature","geometry":{"type":"Point","coordinates":[-86.156596,39.813068]},"properties":{"name":"HABITAT FOR HUMANITY OF GREATER INDIANAPOLIS","assetType":"Other Subsidized Home Purchase","dataYear":"2014","assetId":"829953","subcategory":"Housing","detail":"https://classic.savi.org/SAVI/PopUps/AssetMoreInfo.aspx?AssetID=829953"}},{"type":"Feature","geometry":{"type":"Point","coordinates":[-86.1353987,40.04816908]},"properties":{"name":"HABITAT FOR HUMANITY OF HAMILTON COUNTY","assetType":"Other Subsidized Home Purchase","dataYear":"2014","assetId":"827602","subcategory":"Housing","detail":"https://classic.savi.org/SAVI/PopUps/AssetMoreInfo.aspx?AssetID=827602"}},{"type":"Feature","geometry":{"type":"Point","coordinates":[-86.068521,39.520131]},"properties":{"name":"HABITAT FOR HUMANITY OF JOHNSON COUNTY","assetType":"Other Subsidized Home Purchase","dataYear":"2014","assetId":"828605","subcategory":"Housing","detail":"https://classic.savi.org/SAVI/PopUps/AssetMoreInfo.aspx?AssetID=828605"}},{"type":"Feature","geometry":{"type":"Point","coordinates":[-86.42908344,39.42868197]},"properties":{"name":"HABITAT FOR HUMANITY OF MORGAN COUNTY","assetType":"Other Subsidized Home Purchase","dataYear":"2014","assetId":"829891","subcategory":"Housing","detail":"https://classic.savi.org/SAVI/PopUps/AssetMoreInfo.aspx?AssetID=829891"}},{"type":"Feature","geometry":{"type":"Point","coordinates":[-86.852494,39.637132]},"properties":{"name":"HABITAT FOR HUMANITY OF PUTNAM COUNTY","assetType":"Other Subsidized Home Purchase","dataYear":"2014","assetId":"829236","subcategory":"Housing","detail":"https://classic.savi.org/SAVI/PopUps/AssetMoreInfo.aspx?AssetID=829236"}},{"type":"Feature","geometry":{"type":"Point","coordinates":[-85.778503,39.517321]},"properties":{"name":"HABITAT FOR HUMANITY OF SHELBY COUNTY","assetType":"Other Subsidized Home Purchase","dataYear":"2014","assetId":"829959","subcategory":"Housing","detail":"https://classic.savi.org/SAVI/PopUps/AssetMoreInfo.aspx?AssetID=829959"}},{"type":"Feature","geometry":{"type":"Point","coordinates":[-86.15220827,39.82007957]},"properties":{"name":"INDIANAPOLIS NEIGHBORHOOD HOUSING PARTNERSHIP INHP","assetType":"Other Subsidized Home Purchase","dataYear":"2014","assetId":"830413","subcategory":"Housing","detail":"https://classic.savi.org/SAVI/PopUps/AssetMoreInfo.aspx?AssetID=830413"}},{"type":"Feature","geometry":{"type":"Point","coordinates":[-86.12334164,39.78141895]},"properties":{"name":"INDIANAPOLIS NEIGHBORHOOD HOUSING PARTNERSHIP INHP AT BONER CEN","assetType":"Other Subsidized Home Purchase","dataYear":"2014","assetId":"830423","subcategory":"Housing","detail":"https://classic.savi.org/SAVI/PopUps/AssetMoreInfo.aspx?AssetID=830423"}},{"type":"Feature","geometry":{"type":"Point","coordinates":[-86.12042,39.868554]},"properties":{"name":"INDIANAPOLIS NEIGHBORHOOD HOUSING PARTNERSHIP INHP AT GLENDALE","assetType":"Other Subsidized Home Purchase","dataYear":"2014","assetId":"830418","subcategory":"Housing","detail":"https://classic.savi.org/SAVI/PopUps/AssetMoreInfo.aspx?AssetID=830418"}},{"type":"Feature","geometry":{"type":"Point","coordinates":[-86.20824,39.881907]},"properties":{"name":"INDIANAPOLIS NEIGHBORHOOD HOUSING PARTNERSHIP AT CROOKED CREEK","assetType":"Other Subsidized Home Purchase","dataYear":"2014","assetId":"830428","subcategory":"Housing","detail":"https://classic.savi.org/SAVI/PopUps/AssetMoreInfo.aspx?AssetID=830428"}},{"type":"Feature","geometry":{"type":"Point","coordinates":[-86.153257,39.801737]},"properties":{"name":"KING PARK AREA DEVELOPMENT CORPORATION","assetType":"Other Subsidized Home Purchase","dataYear":"2014","assetId":"827363","subcategory":"Housing","detail":"https://classic.savi.org/SAVI/PopUps/AssetMoreInfo.aspx?AssetID=827363"}},{"type":"Feature","geometry":{"type":"Point","coordinates":[-86.154007,39.81024286]},"properties":{"name":"MAPLETON-FALL CREEK DEVELOPMENT CORPORATION MFCDC","assetType":"Other Subsidized Home Purchase","dataYear":"2014","assetId":"827917","subcategory":"Housing","detail":"https://classic.savi.org/SAVI/PopUps/AssetMoreInfo.aspx?AssetID=827917"}},{"type":"Feature","geometry":{"type":"Point","coordinates":[-86.14073,39.750503]},"properties":{"name":"SOUTHEAST NEIGHBORHOOD DEVELOPMENT SEND","assetType":"Other Subsidized Home Purchase","dataYear":"2014","assetId":"830822","subcategory":"Housing","detail":"https://classic.savi.org/SAVI/PopUps/AssetMoreInfo.aspx?AssetID=830822"}},{"type":"Feature","geometry":{"type":"Point","coordinates":[-86.16122864,39.80659862]},"properties":{"name":"Franklin School Apts CAGI","assetType":"Other Subsidized Rental Housing","dataYear":"2007","assetId":"626312","subcategory":"Housing","detail":"https://classic.savi.org/SAVI/PopUps/AssetMoreInfo.aspx?AssetID=626312"}},{"type":"Feature","geometry":{"type":"Point","coordinates":[-85.99890066,40.0474487]},"properties":{"name":"Noblesville Housing Authority - Section 8 Housing","assetType":"Other Subsidized Rental Housing","dataYear":"2007","assetId":"623544","subcategory":"Housing","detail":"https://classic.savi.org/SAVI/PopUps/AssetMoreInfo.aspx?AssetID=623544"}},{"type":"Feature","geometry":{"type":"Point","coordinates":[-86.05629591,39.48169183]},"properties":{"name":"Section 8 Housing Human Services Johnson County","assetType":"Other Subsidized Rental Housing","dataYear":"2007","assetId":"624464","subcategory":"Housing","detail":"https://classic.savi.org/SAVI/PopUps/AssetMoreInfo.aspx?AssetID=624464"}},{"type":"Feature","geometry":{"type":"Point","coordinates":[-85.7733851,39.79917484]},"properties":{"name":"Section 8 Housing ICAP Hancock County","assetType":"Other Subsidized Rental Housing","dataYear":"2007","assetId":"623601","subcategory":"Housing","detail":"https://classic.savi.org/SAVI/PopUps/AssetMoreInfo.aspx?AssetID=623601"}},{"type":"Feature","geometry":{"type":"Point","coordinates":[-85.78615658,39.50944136]},"properties":{"name":"Section 8 Housing Choice Voucher Program Human Svc Shelby Co","assetType":"Other Subsidized Rental Housing","dataYear":"2007","assetId":"623975","subcategory":"Housing","detail":"https://classic.savi.org/SAVI/PopUps/AssetMoreInfo.aspx?AssetID=623975"}},{"type":"Feature","geometry":{"type":"Point","coordinates":[-86.15434537,39.76932095]},"properties":{"name":"US Dept of HUD - Subsidized Housing","assetType":"Other Subsidized Rental Housing","dataYear":"2007","assetId":"623520","subcategory":"Housing","detail":"https://classic.savi.org/SAVI/PopUps/AssetMoreInfo.aspx?AssetID=623520"}},{"type":"Feature","geometry":{"type":"Point","coordinates":[-86.46796339,40.03981665]},"properties":{"name":"CAGI - Boone County Programs","assetType":"Section 8 Rental Certificates","dataYear":"2007","assetId":"625275","subcategory":"Housing","detail":"https://classic.savi.org/SAVI/PopUps/AssetMoreInfo.aspx?AssetID=625275"}},{"type":"Feature","geometry":{"type":"Point","coordinates":[-86.01418453,40.04241306]},"properties":{"name":"CAGI - Hamilton County Programs","assetType":"Section 8 Rental Certificates","dataYear":"2007","assetId":"625288","subcategory":"Housing","detail":"https://classic.savi.org/SAVI/PopUps/AssetMoreInfo.aspx?AssetID=625288"}},{"type":"Feature","geometry":{"type":"Point","coordinates":[-86.52489473,39.75984605]},"properties":{"name":"CAGI - Hendricks County Programs","assetType":"Section 8 Rental Certificates","dataYear":"2007","assetId":"625281","subcategory":"Housing","detail":"https://classic.savi.org/SAVI/PopUps/AssetMoreInfo.aspx?AssetID=625281"}},{"type":"Feature","geometry":{"type":"Point","coordinates":[-86.14936278,39.79608833]},"properties":{"name":"Children s Bureau - Secure Residential Care Retreat","assetType":"Adult Residential Care Homes","dataYear":"2011","assetId":"691442","subcategory":"Housing","detail":"https://classic.savi.org/SAVI/PopUps/AssetMoreInfo.aspx?AssetID=691442"}},{"type":"Feature","geometry":{"type":"Point","coordinates":[-86.15546101,39.78040889]},"properties":{"name":"Lucille Raines Residence","assetType":"Adult Residential Care Homes","dataYear":"2011","assetId":"691881","subcategory":"Housing","detail":"https://classic.savi.org/SAVI/PopUps/AssetMoreInfo.aspx?AssetID=691881"}},{"type":"Feature","geometry":{"type":"Point","coordinates":[-86.08867976,39.72182424]},"properties":{"name":"ELTON H GESHWILER SENIOR CENTER","assetType":"Senior Housing Information and Referral","dataYear":"2018","assetId":"917729","subcategory":"Housing","detail":"https://classic.savi.org/SAVI/PopUps/AssetMoreInfo.aspx?AssetID=917729"}},{"type":"Feature","geometry":{"type":"Point","coordinates":[-85.77416748,39.81222621]},"properties":{"name":"HANCOCK COUNTY SENIOR SERVICES","assetType":"Senior Housing Information and Referral","dataYear":"2018","assetId":"918619","subcategory":"Housing","detail":"https://classic.savi.org/SAVI/PopUps/AssetMoreInfo.aspx?AssetID=918619"}},{"type":"Feature","geometry":{"type":"Point","coordinates":[-86.5019261,39.76763039]},"properties":{"name":"HENDRICKS COUNTY SENIOR SERVICES","assetType":"Senior Housing Information and Referral","dataYear":"2018","assetId":"918572","subcategory":"Housing","detail":"https://classic.savi.org/SAVI/PopUps/AssetMoreInfo.aspx?AssetID=918572"}},{"type":"Feature","geometry":{"type":"Point","coordinates":[-85.77349801,39.51119057]},"properties":{"name":"SHELBY SENIOR SERVICES","assetType":"Senior Housing Information and Referral","dataYear":"2018","assetId":"917804","subcategory":"Housing","detail":"https://classic.savi.org/SAVI/PopUps/AssetMoreInfo.aspx?AssetID=917804"}},{"type":"Feature","geometry":{"type":"Point","coordinates":[-86.09783995,39.60783575]},"properties":{"name":"THE SOCIAL OF GREENWOOD","assetType":"Senior Housing Information and Referral","dataYear":"2018","assetId":"918804","subcategory":"Housing","detail":"https://classic.savi.org/SAVI/PopUps/AssetMoreInfo.aspx?AssetID=918804"}},{"type":"Feature","geometry":{"type":"Point","coordinates":[-85.67649779,40.26284926]},"properties":{"name":"BOUNTIFUL HARVEST MINISTRIES","assetType":"Transitional Housing/Shelter","dataYear":"2018","assetId":"920295","subcategory":"Housing","detail":"https://classic.savi.org/SAVI/PopUps/AssetMoreInfo.aspx?AssetID=920295"}},{"type":"Feature","geometry":{"type":"Point","coordinates":[-86.21613954,39.80167269]},"properties":{"name":"HARBOR LIGHT CENTER THE SALVATION ARMY","assetType":"Transitional Housing/Shelter","dataYear":"2018","assetId":"918668","subcategory":"Housing","detail":"https://classic.savi.org/SAVI/PopUps/AssetMoreInfo.aspx?AssetID=918668"}},{"type":"Feature","geometry":{"type":"Point","coordinates":[-86.15620964,39.78103129]},"properties":{"name":"HOOSIER VETERANS ASSISTANCE FOUNDATION HVAF","assetType":"Transitional Housing/Shelter","dataYear":"2018","assetId":"920497","subcategory":"Housing","detail":"https://classic.savi.org/SAVI/PopUps/AssetMoreInfo.aspx?AssetID=920497"}},{"type":"Feature","geometry":{"type":"Point","coordinates":[-86.14544389,39.7667668]},"properties":{"name":"SALVATION ARMY ADULT REHABILITATION CENTER - INDIANAPOLIS","assetType":"Transitional Housing/Shelter","dataYear":"2018","assetId":"917762","subcategory":"Housing","detail":"https://classic.savi.org/SAVI/PopUps/AssetMoreInfo.aspx?AssetID=917762"}},{"type":"Feature","geometry":{"type":"Point","coordinates":[-85.68419595,40.10530378]},"properties":{"name":"STEPPING STONES FOR VETERANS","assetType":"Transitional Housing/Shelter","dataYear":"2018","assetId":"920223","subcategory":"Housing","detail":"https://classic.savi.org/SAVI/PopUps/AssetMoreInfo.aspx?AssetID=920223"}},{"type":"Feature","geometry":{"type":"Point","coordinates":[-86.12315795,39.78155671]},"properties":{"name":"STOPOVER","assetType":"Transitional Housing/Shelter","dataYear":"2018","assetId":"921717","subcategory":"Housing","detail":"https://classic.savi.org/SAVI/PopUps/AssetMoreInfo.aspx?AssetID=921717"}},{"type":"Feature","geometry":{"type":"Point","coordinates":[-86.4823112,40.04298153]},"properties":{"name":"THE CARING CENTER","assetType":"Transitional Housing/Shelter","dataYear":"2018","assetId":"922255","subcategory":"Housing","detail":"https://classic.savi.org/SAVI/PopUps/AssetMoreInfo.aspx?AssetID=922255"}},{"type":"Feature","geometry":{"type":"Point","coordinates":[-86.23012528,39.2037102]},"properties":{"name":"WOMENS RESOURCE CENTER OF BROWN COUNTY","assetType":"Transitional Housing/Shelter","dataYear":"2018","assetId":"916883","subcategory":"Housing","detail":"https://classic.savi.org/SAVI/PopUps/AssetMoreInfo.aspx?AssetID=916883"}}]}